date,jobcountry,indeed_job_postings_index_SA,indeed_job_postings_index_NSA,variable
2020-02-01,DE,100,100,total postings
2020-02-02,DE,99.92,100,total postings
2020-02-03,DE,99.87,100.04,total postings
2020-02-04,DE,99.69,100.06,total postings
2020-02-05,DE,99.72,100.17,total postings
2020-02-06,DE,99.77,100.21,total postings
2020-02-07,DE,99.82,100.32,total postings
2020-02-08,DE,99.86,100.55,total postings
2020-02-09,DE,99.91,100.8,total postings
2020-02-10,DE,99.94,100.99,total postings
2020-02-11,DE,99.94,101.09,total postings
2020-02-12,DE,99.87,101.16,total postings
2020-02-13,DE,99.81,101.24,total postings
2020-02-14,DE,99.8,101.28,total postings
2020-02-15,DE,99.87,101.27,total postings
2020-02-16,DE,99.87,101.25,total postings
2020-02-17,DE,99.96,101.23,total postings
2020-02-18,DE,100.04,101.29,total postings
2020-02-19,DE,100.19,101.33,total postings
2020-02-20,DE,100.35,101.41,total postings
2020-02-21,DE,100.49,101.51,total postings
2020-02-22,DE,100.45,101.59,total postings
2020-02-23,DE,100.54,101.7,total postings
2020-02-24,DE,100.72,101.83,total postings
2020-02-25,DE,100.98,101.97,total postings
2020-02-26,DE,101.41,102.15,total postings
2020-02-27,DE,101.81,102.32,total postings
2020-02-28,DE,102.17,102.43,total postings
2020-02-29,DE,102.65,102.53,total postings
2020-03-01,DE,103.06,102.55,total postings
2020-03-02,DE,103.3,102.53,total postings
2020-03-03,DE,103.57,102.47,total postings
2020-03-04,DE,103.46,102.33,total postings
2020-03-05,DE,103.38,102.13,total postings
2020-03-06,DE,103.37,101.93,total postings
2020-03-07,DE,103.34,101.78,total postings
2020-03-08,DE,103.19,101.64,total postings
2020-03-09,DE,103.05,101.61,total postings
2020-03-10,DE,103,101.76,total postings
2020-03-11,DE,103.04,101.88,total postings
2020-03-12,DE,103.11,102.03,total postings
2020-03-13,DE,102.9,102.05,total postings
2020-03-14,DE,102.54,101.99,total postings
2020-03-15,DE,102.3,101.95,total postings
2020-03-16,DE,101.99,101.8,total postings
2020-03-17,DE,101.35,101.32,total postings
2020-03-18,DE,100.69,100.85,total postings
2020-03-19,DE,99.76,100.15,total postings
2020-03-20,DE,98.9,99.39,total postings
2020-03-21,DE,98.12,98.54,total postings
2020-03-22,DE,97.3,97.71,total postings
2020-03-23,DE,96.49,96.87,total postings
2020-03-24,DE,95.79,96.02,total postings
2020-03-25,DE,95.19,95.14,total postings
2020-03-26,DE,94.69,94.33,total postings
2020-03-27,DE,94.3,93.6,total postings
2020-03-28,DE,93.86,92.88,total postings
2020-03-29,DE,93.48,92.14,total postings
2020-03-30,DE,93.16,91.41,total postings
2020-03-31,DE,92.88,90.72,total postings
2020-04-01,DE,92.54,89.92,total postings
2020-04-02,DE,92.25,89.2,total postings
2020-04-03,DE,91.88,88.46,total postings
2020-04-04,DE,91.55,87.77,total postings
2020-04-05,DE,91.21,87.09,total postings
2020-04-06,DE,90.84,86.39,total postings
2020-04-07,DE,90.48,85.75,total postings
2020-04-08,DE,90.21,85.31,total postings
2020-04-09,DE,89.89,84.86,total postings
2020-04-10,DE,89.64,84.57,total postings
2020-04-11,DE,89.38,84.28,total postings
2020-04-12,DE,89.07,84,total postings
2020-04-13,DE,88.93,83.83,total postings
2020-04-14,DE,88.91,83.75,total postings
2020-04-15,DE,88.89,83.61,total postings
2020-04-16,DE,88.89,83.55,total postings
2020-04-17,DE,88.88,83.49,total postings
2020-04-18,DE,88.93,83.45,total postings
2020-04-19,DE,88.98,83.28,total postings
2020-04-20,DE,88.99,83.16,total postings
2020-04-21,DE,88.86,83.01,total postings
2020-04-22,DE,88.66,82.84,total postings
2020-04-23,DE,88.53,82.7,total postings
2020-04-24,DE,88.48,82.53,total postings
2020-04-25,DE,88.44,82.38,total postings
2020-04-26,DE,88.46,82.39,total postings
2020-04-27,DE,88.44,82.3,total postings
2020-04-28,DE,88.4,82.19,total postings
2020-04-29,DE,88.38,82.11,total postings
2020-04-30,DE,88.28,81.96,total postings
2020-05-01,DE,88.2,81.75,total postings
2020-05-02,DE,88.09,81.48,total postings
2020-05-03,DE,87.98,81.18,total postings
2020-05-04,DE,87.81,80.92,total postings
2020-05-05,DE,87.65,80.67,total postings
2020-05-06,DE,87.53,80.48,total postings
2020-05-07,DE,87.42,80.31,total postings
2020-05-08,DE,87.27,80.22,total postings
2020-05-09,DE,87.03,80.14,total postings
2020-05-10,DE,86.64,80.09,total postings
2020-05-11,DE,86.39,80.02,total postings
2020-05-12,DE,86.27,80,total postings
2020-05-13,DE,86.09,79.89,total postings
2020-05-14,DE,85.97,79.8,total postings
2020-05-15,DE,85.85,79.71,total postings
2020-05-16,DE,85.75,79.62,total postings
2020-05-17,DE,85.7,79.51,total postings
2020-05-18,DE,85.47,79.41,total postings
2020-05-19,DE,85.1,79.21,total postings
2020-05-20,DE,84.9,79.08,total postings
2020-05-21,DE,84.92,79.15,total postings
2020-05-22,DE,85.1,79.36,total postings
2020-05-23,DE,85.29,79.58,total postings
2020-05-24,DE,85.59,79.8,total postings
2020-05-25,DE,85.94,80.03,total postings
2020-05-26,DE,86.4,80.35,total postings
2020-05-27,DE,86.73,80.66,total postings
2020-05-28,DE,86.9,80.81,total postings
2020-05-29,DE,86.94,80.85,total postings
2020-05-30,DE,87.03,80.91,total postings
2020-05-31,DE,87.08,80.94,total postings
2020-06-01,DE,87.2,80.92,total postings
2020-06-02,DE,87.17,80.82,total postings
2020-06-03,DE,87.16,80.76,total postings
2020-06-04,DE,87.03,80.65,total postings
2020-06-05,DE,86.95,80.59,total postings
2020-06-06,DE,86.71,80.4,total postings
2020-06-07,DE,86.47,80.26,total postings
2020-06-08,DE,86.29,80.28,total postings
2020-06-09,DE,86.26,80.4,total postings
2020-06-10,DE,86.21,80.47,total postings
2020-06-11,DE,86.27,80.67,total postings
2020-06-12,DE,86.28,80.79,total postings
2020-06-13,DE,86.38,81.06,total postings
2020-06-14,DE,86.57,81.34,total postings
2020-06-15,DE,86.62,81.46,total postings
2020-06-16,DE,86.65,81.54,total postings
2020-06-17,DE,86.66,81.65,total postings
2020-06-18,DE,86.61,81.69,total postings
2020-06-19,DE,86.56,81.75,total postings
2020-06-20,DE,86.61,81.85,total postings
2020-06-21,DE,86.53,81.91,total postings
2020-06-22,DE,86.49,81.98,total postings
2020-06-23,DE,86.25,82.01,total postings
2020-06-24,DE,86.13,82.03,total postings
2020-06-25,DE,86.02,82.01,total postings
2020-06-26,DE,85.82,81.94,total postings
2020-06-27,DE,85.7,81.9,total postings
2020-06-28,DE,85.51,81.86,total postings
2020-06-29,DE,85.36,81.87,total postings
2020-06-30,DE,84.84,81.88,total postings
2020-07-01,DE,84.04,81.79,total postings
2020-07-02,DE,83.28,81.71,total postings
2020-07-03,DE,82.55,81.67,total postings
2020-07-04,DE,81.83,81.66,total postings
2020-07-05,DE,81.21,81.67,total postings
2020-07-06,DE,80.53,81.72,total postings
2020-07-07,DE,80.45,81.89,total postings
2020-07-08,DE,80.64,82.22,total postings
2020-07-09,DE,80.83,82.57,total postings
2020-07-10,DE,81.09,82.97,total postings
2020-07-11,DE,81.25,83.28,total postings
2020-07-12,DE,81.42,83.57,total postings
2020-07-13,DE,81.59,83.83,total postings
2020-07-14,DE,81.77,84.07,total postings
2020-07-15,DE,81.78,84.16,total postings
2020-07-16,DE,81.8,84.28,total postings
2020-07-17,DE,81.74,84.33,total postings
2020-07-18,DE,81.71,84.36,total postings
2020-07-19,DE,81.66,84.41,total postings
2020-07-20,DE,81.56,84.42,total postings
2020-07-21,DE,81.39,84.37,total postings
2020-07-22,DE,81.44,84.46,total postings
2020-07-23,DE,81.48,84.52,total postings
2020-07-24,DE,81.5,84.61,total postings
2020-07-25,DE,81.78,84.87,total postings
2020-07-26,DE,82.25,85.1,total postings
2020-07-27,DE,82.63,85.31,total postings
2020-07-28,DE,83.05,85.5,total postings
2020-07-29,DE,83.18,85.68,total postings
2020-07-30,DE,83.24,85.84,total postings
2020-07-31,DE,83.47,86.02,total postings
2020-08-01,DE,83.37,85.94,total postings
2020-08-02,DE,83.12,85.91,total postings
2020-08-03,DE,82.97,85.84,total postings
2020-08-04,DE,82.76,85.79,total postings
2020-08-05,DE,82.64,85.68,total postings
2020-08-06,DE,82.8,85.67,total postings
2020-08-07,DE,82.84,85.59,total postings
2020-08-08,DE,83.04,85.73,total postings
2020-08-09,DE,83.26,85.88,total postings
2020-08-10,DE,83.48,86.05,total postings
2020-08-11,DE,83.68,86.17,total postings
2020-08-12,DE,83.9,86.33,total postings
2020-08-13,DE,84.06,86.47,total postings
2020-08-14,DE,84.09,86.58,total postings
2020-08-15,DE,84.01,86.6,total postings
2020-08-16,DE,84.08,86.67,total postings
2020-08-17,DE,84.11,86.68,total postings
2020-08-18,DE,84.21,86.81,total postings
2020-08-19,DE,84.31,86.91,total postings
2020-08-20,DE,84.33,86.97,total postings
2020-08-21,DE,84.45,87.07,total postings
2020-08-22,DE,84.58,87.17,total postings
2020-08-23,DE,84.64,87.25,total postings
2020-08-24,DE,84.74,87.36,total postings
2020-08-25,DE,84.87,87.43,total postings
2020-08-26,DE,85.05,87.54,total postings
2020-08-27,DE,85.19,87.6,total postings
2020-08-28,DE,85.34,87.69,total postings
2020-08-29,DE,85.57,87.8,total postings
2020-08-30,DE,85.7,87.86,total postings
2020-08-31,DE,85.9,87.96,total postings
2020-09-01,DE,86.04,87.92,total postings
2020-09-02,DE,86.18,87.85,total postings
2020-09-03,DE,86.27,87.81,total postings
2020-09-04,DE,86.35,87.74,total postings
2020-09-05,DE,86.45,87.78,total postings
2020-09-06,DE,86.59,87.83,total postings
2020-09-07,DE,86.64,87.86,total postings
2020-09-08,DE,86.69,88.03,total postings
2020-09-09,DE,86.73,88.21,total postings
2020-09-10,DE,86.84,88.41,total postings
2020-09-11,DE,87.03,88.66,total postings
2020-09-12,DE,87.07,88.79,total postings
2020-09-13,DE,86.92,88.83,total postings
2020-09-14,DE,86.91,88.97,total postings
2020-09-15,DE,86.89,89.05,total postings
2020-09-16,DE,86.91,89.18,total postings
2020-09-17,DE,86.89,89.29,total postings
2020-09-18,DE,86.91,89.41,total postings
2020-09-19,DE,86.98,89.54,total postings
2020-09-20,DE,87.21,89.74,total postings
2020-09-21,DE,87.27,89.83,total postings
2020-09-22,DE,87.39,90.03,total postings
2020-09-23,DE,87.46,90.17,total postings
2020-09-24,DE,87.52,90.3,total postings
2020-09-25,DE,87.56,90.42,total postings
2020-09-26,DE,87.62,90.53,total postings
2020-09-27,DE,87.71,90.66,total postings
2020-09-28,DE,87.94,90.86,total postings
2020-09-29,DE,88.08,90.95,total postings
2020-09-30,DE,88.25,91.03,total postings
2020-10-01,DE,88.59,91.13,total postings
2020-10-02,DE,88.89,91.19,total postings
2020-10-03,DE,89.22,91.29,total postings
2020-10-04,DE,89.56,91.38,total postings
2020-10-05,DE,89.9,91.44,total postings
2020-10-06,DE,90.31,91.55,total postings
2020-10-07,DE,90.72,91.73,total postings
2020-10-08,DE,90.93,91.88,total postings
2020-10-09,DE,91.14,92.09,total postings
2020-10-10,DE,91.36,92.33,total postings
2020-10-11,DE,91.56,92.61,total postings
2020-10-12,DE,91.63,92.86,total postings
2020-10-13,DE,91.66,93.12,total postings
2020-10-14,DE,91.73,93.37,total postings
2020-10-15,DE,91.85,93.65,total postings
2020-10-16,DE,91.86,93.78,total postings
2020-10-17,DE,91.85,93.87,total postings
2020-10-18,DE,91.85,93.96,total postings
2020-10-19,DE,91.92,94.05,total postings
2020-10-20,DE,91.99,94.17,total postings
2020-10-21,DE,92.12,94.34,total postings
2020-10-22,DE,92.18,94.45,total postings
2020-10-23,DE,92.28,94.59,total postings
2020-10-24,DE,92.35,94.67,total postings
2020-10-25,DE,92.4,94.73,total postings
2020-10-26,DE,92.47,94.85,total postings
2020-10-27,DE,92.49,94.93,total postings
2020-10-28,DE,92.4,94.87,total postings
2020-10-29,DE,92.45,94.9,total postings
2020-10-30,DE,92.46,94.94,total postings
2020-10-31,DE,92.43,94.91,total postings
2020-11-01,DE,92.46,94.78,total postings
2020-11-02,DE,92.47,94.58,total postings
2020-11-03,DE,92.48,94.36,total postings
2020-11-04,DE,92.46,94.18,total postings
2020-11-05,DE,92.32,93.97,total postings
2020-11-06,DE,92.27,93.78,total postings
2020-11-07,DE,92.32,93.76,total postings
2020-11-08,DE,92.3,93.83,total postings
2020-11-09,DE,92.3,93.89,total postings
2020-11-10,DE,92.32,93.97,total postings
2020-11-11,DE,92.45,94.02,total postings
2020-11-12,DE,92.55,94.08,total postings
2020-11-13,DE,92.61,94.13,total postings
2020-11-14,DE,92.53,94.08,total postings
2020-11-15,DE,92.5,94.06,total postings
2020-11-16,DE,92.43,94.04,total postings
2020-11-17,DE,92.29,94.03,total postings
2020-11-18,DE,92.13,94.1,total postings
2020-11-19,DE,91.99,94.13,total postings
2020-11-20,DE,91.84,94.14,total postings
2020-11-21,DE,91.75,94.2,total postings
2020-11-22,DE,91.66,94.2,total postings
2020-11-23,DE,91.58,94.25,total postings
2020-11-24,DE,91.41,94.09,total postings
2020-11-25,DE,91.4,94.08,total postings
2020-11-26,DE,91.48,94.14,total postings
2020-11-27,DE,91.53,94.14,total postings
2020-11-28,DE,91.64,94.18,total postings
2020-11-29,DE,91.76,94.19,total postings
2020-11-30,DE,91.88,94.24,total postings
2020-12-01,DE,92.2,94.38,total postings
2020-12-02,DE,92.33,94.3,total postings
2020-12-03,DE,92.38,94.19,total postings
2020-12-04,DE,92.59,94.24,total postings
2020-12-05,DE,92.73,94.25,total postings
2020-12-06,DE,92.79,94.27,total postings
2020-12-07,DE,92.86,94.25,total postings
2020-12-08,DE,92.88,94.37,total postings
2020-12-09,DE,92.9,94.51,total postings
2020-12-10,DE,92.91,94.6,total postings
2020-12-11,DE,92.8,94.61,total postings
2020-12-12,DE,92.67,94.54,total postings
2020-12-13,DE,92.66,94.58,total postings
2020-12-14,DE,92.7,94.61,total postings
2020-12-15,DE,92.83,94.66,total postings
2020-12-16,DE,92.93,94.62,total postings
2020-12-17,DE,93.02,94.6,total postings
2020-12-18,DE,93.07,94.6,total postings
2020-12-19,DE,93.21,94.71,total postings
2020-12-20,DE,93.3,94.75,total postings
2020-12-21,DE,93.37,94.8,total postings
2020-12-22,DE,93.38,94.83,total postings
2020-12-23,DE,93.42,94.98,total postings
2020-12-24,DE,93.54,95.19,total postings
2020-12-25,DE,93.7,95.36,total postings
2020-12-26,DE,93.74,95.38,total postings
2020-12-27,DE,93.78,95.38,total postings
2020-12-28,DE,93.92,95.44,total postings
2020-12-29,DE,94,95.4,total postings
2020-12-30,DE,94.09,95.31,total postings
2020-12-31,DE,94.18,95.13,total postings
2021-01-01,DE,94.27,94.75,total postings
2021-01-02,DE,94.35,94.33,total postings
2021-01-03,DE,94.4,93.92,total postings
2021-01-04,DE,94.33,93.45,total postings
2021-01-05,DE,94.25,93.05,total postings
2021-01-06,DE,94.32,92.74,total postings
2021-01-07,DE,94.32,92.5,total postings
2021-01-08,DE,94.34,92.51,total postings
2021-01-09,DE,94.39,92.64,total postings
2021-01-10,DE,94.42,92.71,total postings
2021-01-11,DE,94.51,92.8,total postings
2021-01-12,DE,94.64,92.96,total postings
2021-01-13,DE,94.65,93.04,total postings
2021-01-14,DE,94.77,93.22,total postings
2021-01-15,DE,94.82,93.34,total postings
2021-01-16,DE,94.96,93.48,total postings
2021-01-17,DE,95.16,93.73,total postings
2021-01-18,DE,95.26,93.92,total postings
2021-01-19,DE,95.34,94.07,total postings
2021-01-20,DE,95.35,94.16,total postings
2021-01-21,DE,95.29,94.16,total postings
2021-01-22,DE,95.32,94.24,total postings
2021-01-23,DE,95.32,94.34,total postings
2021-01-24,DE,95.33,94.47,total postings
2021-01-25,DE,95.4,94.63,total postings
2021-01-26,DE,95.45,94.76,total postings
2021-01-27,DE,95.59,94.97,total postings
2021-01-28,DE,95.81,95.22,total postings
2021-01-29,DE,95.85,95.44,total postings
2021-01-30,DE,95.87,95.68,total postings
2021-01-31,DE,95.87,95.84,total postings
2021-02-01,DE,95.87,95.89,total postings
2021-02-02,DE,95.88,95.98,total postings
2021-02-03,DE,95.88,96.06,total postings
2021-02-04,DE,95.67,96.05,total postings
2021-02-05,DE,95.64,96.09,total postings
2021-02-06,DE,95.6,96.06,total postings
2021-02-07,DE,95.53,96.06,total postings
2021-02-08,DE,95.43,96.19,total postings
2021-02-09,DE,95.33,96.31,total postings
2021-02-10,DE,95.19,96.39,total postings
2021-02-11,DE,95.21,96.53,total postings
2021-02-12,DE,95.14,96.61,total postings
2021-02-13,DE,95.11,96.74,total postings
2021-02-14,DE,95.21,96.91,total postings
2021-02-15,DE,95.36,97.01,total postings
2021-02-16,DE,95.43,97.06,total postings
2021-02-17,DE,95.53,97.06,total postings
2021-02-18,DE,95.6,97.1,total postings
2021-02-19,DE,95.76,97.18,total postings
2021-02-20,DE,95.9,97.24,total postings
2021-02-21,DE,95.94,97.26,total postings
2021-02-22,DE,95.85,97.3,total postings
2021-02-23,DE,95.97,97.45,total postings
2021-02-24,DE,96.25,97.68,total postings
2021-02-25,DE,96.57,97.86,total postings
2021-02-26,DE,97,98.04,total postings
2021-02-27,DE,97.45,98.24,total postings
2021-02-28,DE,97.9,98.44,total postings
2021-03-01,DE,98.44,98.5,total postings
2021-03-02,DE,98.92,98.54,total postings
2021-03-03,DE,99.25,98.49,total postings
2021-03-04,DE,99.4,98.45,total postings
2021-03-05,DE,99.45,98.39,total postings
2021-03-06,DE,99.59,98.33,total postings
2021-03-07,DE,99.79,98.32,total postings
2021-03-08,DE,99.87,98.43,total postings
2021-03-09,DE,99.75,98.42,total postings
2021-03-10,DE,99.7,98.61,total postings
2021-03-11,DE,99.79,98.8,total postings
2021-03-12,DE,99.92,99.03,total postings
2021-03-13,DE,99.93,99.3,total postings
2021-03-14,DE,99.83,99.53,total postings
2021-03-15,DE,99.85,99.78,total postings
2021-03-16,DE,100.01,100.1,total postings
2021-03-17,DE,100.03,100.29,total postings
2021-03-18,DE,100.06,100.52,total postings
2021-03-19,DE,100.05,100.74,total postings
2021-03-20,DE,100.2,100.99,total postings
2021-03-21,DE,100.52,101.24,total postings
2021-03-22,DE,100.76,101.46,total postings
2021-03-23,DE,101.05,101.71,total postings
2021-03-24,DE,101.45,101.95,total postings
2021-03-25,DE,101.94,102.15,total postings
2021-03-26,DE,102.45,102.32,total postings
2021-03-27,DE,102.91,102.43,total postings
2021-03-28,DE,103.28,102.51,total postings
2021-03-29,DE,103.71,102.58,total postings
2021-03-30,DE,104.12,102.57,total postings
2021-03-31,DE,104.57,102.59,total postings
2021-04-01,DE,104.91,102.45,total postings
2021-04-02,DE,105.27,102.44,total postings
2021-04-03,DE,105.52,102.31,total postings
2021-04-04,DE,105.8,102.23,total postings
2021-04-05,DE,106.1,102.22,total postings
2021-04-06,DE,106.44,102.18,total postings
2021-04-07,DE,106.61,102,total postings
2021-04-08,DE,106.74,101.97,total postings
2021-04-09,DE,106.8,101.8,total postings
2021-04-10,DE,106.9,101.74,total postings
2021-04-11,DE,106.85,101.59,total postings
2021-04-12,DE,106.76,101.45,total postings
2021-04-13,DE,106.75,101.39,total postings
2021-04-14,DE,106.8,101.48,total postings
2021-04-15,DE,106.92,101.55,total postings
2021-04-16,DE,106.99,101.57,total postings
2021-04-17,DE,107.02,101.65,total postings
2021-04-18,DE,107.19,101.78,total postings
2021-04-19,DE,107.47,101.91,total postings
2021-04-20,DE,107.62,101.99,total postings
2021-04-21,DE,107.77,102.09,total postings
2021-04-22,DE,107.92,102.2,total postings
2021-04-23,DE,108.16,102.46,total postings
2021-04-24,DE,108.48,102.66,total postings
2021-04-25,DE,108.73,102.8,total postings
2021-04-26,DE,108.92,102.96,total postings
2021-04-27,DE,109.09,103.06,total postings
2021-04-28,DE,109.23,103.13,total postings
2021-04-29,DE,109.35,103.19,total postings
2021-04-30,DE,109.37,103.15,total postings
2021-05-01,DE,109.45,103.07,total postings
2021-05-02,DE,109.62,103.05,total postings
2021-05-03,DE,109.77,102.99,total postings
2021-05-04,DE,109.97,103.06,total postings
2021-05-05,DE,110.21,103.15,total postings
2021-05-06,DE,110.44,103.29,total postings
2021-05-07,DE,110.72,103.47,total postings
2021-05-08,DE,111.02,103.81,total postings
2021-05-09,DE,111.2,104.14,total postings
2021-05-10,DE,111.17,104.45,total postings
2021-05-11,DE,111.29,104.75,total postings
2021-05-12,DE,111.58,105.17,total postings
2021-05-13,DE,111.93,105.62,total postings
2021-05-14,DE,112.18,105.92,total postings
2021-05-15,DE,112.29,106.11,total postings
2021-05-16,DE,112.43,106.28,total postings
2021-05-17,DE,112.55,106.37,total postings
2021-05-18,DE,112.55,106.51,total postings
2021-05-19,DE,112.43,106.55,total postings
2021-05-20,DE,112.46,106.66,total postings
2021-05-21,DE,112.66,106.92,total postings
2021-05-22,DE,112.9,107.21,total postings
2021-05-23,DE,113.18,107.53,total postings
2021-05-24,DE,113.67,107.97,total postings
2021-05-25,DE,114.08,108.27,total postings
2021-05-26,DE,114.43,108.51,total postings
2021-05-27,DE,114.58,108.65,total postings
2021-05-28,DE,114.74,108.81,total postings
2021-05-29,DE,114.89,108.98,total postings
2021-05-30,DE,115.11,109.17,total postings
2021-05-31,DE,115.27,109.32,total postings
2021-06-01,DE,115.53,109.43,total postings
2021-06-02,DE,115.82,109.64,total postings
2021-06-03,DE,116.18,109.94,total postings
2021-06-04,DE,116.41,110.16,total postings
2021-06-05,DE,116.67,110.41,total postings
2021-06-06,DE,116.82,110.61,total postings
2021-06-07,DE,116.93,110.81,total postings
2021-06-08,DE,117.08,111.18,total postings
2021-06-09,DE,117.28,111.54,total postings
2021-06-10,DE,117.33,111.73,total postings
2021-06-11,DE,117.53,112.11,total postings
2021-06-12,DE,117.79,112.5,total postings
2021-06-13,DE,118.05,112.95,total postings
2021-06-14,DE,118.4,113.43,total postings
2021-06-15,DE,118.75,113.87,total postings
2021-06-16,DE,119.02,114.2,total postings
2021-06-17,DE,119.37,114.65,total postings
2021-06-18,DE,119.66,115.03,total postings
2021-06-19,DE,119.88,115.39,total postings
2021-06-20,DE,120.16,115.71,total postings
2021-06-21,DE,120.3,116,total postings
2021-06-22,DE,120.42,116.23,total postings
2021-06-23,DE,120.53,116.61,total postings
2021-06-24,DE,120.56,116.89,total postings
2021-06-25,DE,120.53,117.07,total postings
2021-06-26,DE,120.36,117.21,total postings
2021-06-27,DE,120.14,117.37,total postings
2021-06-28,DE,119.99,117.68,total postings
2021-06-29,DE,119.78,118.04,total postings
2021-06-30,DE,119.52,118.24,total postings
2021-07-01,DE,119.25,118.45,total postings
2021-07-02,DE,118.98,118.61,total postings
2021-07-03,DE,119.02,118.99,total postings
2021-07-04,DE,119.08,119.31,total postings
2021-07-05,DE,119.05,119.48,total postings
2021-07-06,DE,119.12,119.73,total postings
2021-07-07,DE,119.23,120.02,total postings
2021-07-08,DE,119.52,120.45,total postings
2021-07-09,DE,119.8,120.91,total postings
2021-07-10,DE,119.93,121.21,total postings
2021-07-11,DE,120.12,121.57,total postings
2021-07-12,DE,120.38,121.96,total postings
2021-07-13,DE,120.59,122.27,total postings
2021-07-14,DE,120.86,122.63,total postings
2021-07-15,DE,120.99,122.87,total postings
2021-07-16,DE,121.25,123.23,total postings
2021-07-17,DE,121.53,123.63,total postings
2021-07-18,DE,121.85,124.01,total postings
2021-07-19,DE,122.15,124.42,total postings
2021-07-20,DE,122.45,124.83,total postings
2021-07-21,DE,122.69,125.19,total postings
2021-07-22,DE,123.07,125.6,total postings
2021-07-23,DE,123.3,125.86,total postings
2021-07-24,DE,123.48,126.11,total postings
2021-07-25,DE,123.73,126.36,total postings
2021-07-26,DE,124.12,126.53,total postings
2021-07-27,DE,124.52,126.77,total postings
2021-07-28,DE,124.94,127.02,total postings
2021-07-29,DE,125.02,127.15,total postings
2021-07-30,DE,125.21,127.44,total postings
2021-07-31,DE,125.46,127.63,total postings
2021-08-01,DE,125.49,127.66,total postings
2021-08-02,DE,125.41,127.75,total postings
2021-08-03,DE,125.33,127.69,total postings
2021-08-04,DE,125.32,127.79,total postings
2021-08-05,DE,125.55,127.99,total postings
2021-08-06,DE,125.91,128.19,total postings
2021-08-07,DE,126.29,128.45,total postings
2021-08-08,DE,126.73,128.83,total postings
2021-08-09,DE,127.11,129.17,total postings
2021-08-10,DE,127.56,129.62,total postings
2021-08-11,DE,127.98,129.98,total postings
2021-08-12,DE,128.34,130.3,total postings
2021-08-13,DE,128.59,130.55,total postings
2021-08-14,DE,128.72,130.8,total postings
2021-08-15,DE,128.84,131.03,total postings
2021-08-16,DE,129.11,131.31,total postings
2021-08-17,DE,129.29,131.48,total postings
2021-08-18,DE,129.59,131.82,total postings
2021-08-19,DE,129.94,132.18,total postings
2021-08-20,DE,130.24,132.52,total postings
2021-08-21,DE,130.62,132.87,total postings
2021-08-22,DE,131.02,133.25,total postings
2021-08-23,DE,131.33,133.58,total postings
2021-08-24,DE,131.7,133.96,total postings
2021-08-25,DE,131.92,134.1,total postings
2021-08-26,DE,132.13,134.24,total postings
2021-08-27,DE,132.34,134.37,total postings
2021-08-28,DE,132.57,134.55,total postings
2021-08-29,DE,132.85,134.7,total postings
2021-08-30,DE,133.1,134.9,total postings
2021-08-31,DE,133.28,134.97,total postings
2021-09-01,DE,133.38,134.88,total postings
2021-09-02,DE,133.57,134.83,total postings
2021-09-03,DE,133.67,134.76,total postings
2021-09-04,DE,133.77,134.69,total postings
2021-09-05,DE,133.85,134.67,total postings
2021-09-06,DE,133.92,134.64,total postings
2021-09-07,DE,134.06,134.77,total postings
2021-09-08,DE,134.21,135.04,total postings
2021-09-09,DE,134.27,135.25,total postings
2021-09-10,DE,134.42,135.52,total postings
2021-09-11,DE,134.61,135.79,total postings
2021-09-12,DE,134.8,136.09,total postings
2021-09-13,DE,135.17,136.64,total postings
2021-09-14,DE,135.45,137.09,total postings
2021-09-15,DE,135.81,137.59,total postings
2021-09-16,DE,136.2,138.09,total postings
2021-09-17,DE,136.55,138.57,total postings
2021-09-18,DE,136.85,138.97,total postings
2021-09-19,DE,137.13,139.33,total postings
2021-09-20,DE,137.29,139.45,total postings
2021-09-21,DE,137.45,139.64,total postings
2021-09-22,DE,137.62,139.88,total postings
2021-09-23,DE,137.81,140.15,total postings
2021-09-24,DE,137.94,140.35,total postings
2021-09-25,DE,138.06,140.54,total postings
2021-09-26,DE,138.26,140.79,total postings
2021-09-27,DE,138.42,141.01,total postings
2021-09-28,DE,138.64,141.22,total postings
2021-09-29,DE,138.89,141.42,total postings
2021-09-30,DE,139.06,141.5,total postings
2021-10-01,DE,139.26,141.44,total postings
2021-10-02,DE,139.53,141.46,total postings
2021-10-03,DE,139.68,141.35,total postings
2021-10-04,DE,139.83,141.22,total postings
2021-10-05,DE,140.08,141.16,total postings
2021-10-06,DE,140.38,141.14,total postings
2021-10-07,DE,140.7,141.21,total postings
2021-10-08,DE,141.15,141.6,total postings
2021-10-09,DE,141.55,142.01,total postings
2021-10-10,DE,141.99,142.5,total postings
2021-10-11,DE,142.37,142.97,total postings
2021-10-12,DE,142.6,143.4,total postings
2021-10-13,DE,142.71,143.75,total postings
2021-10-14,DE,142.87,144.11,total postings
2021-10-15,DE,142.98,144.41,total postings
2021-10-16,DE,143.03,144.59,total postings
2021-10-17,DE,143.11,144.77,total postings
2021-10-18,DE,143.17,144.94,total postings
2021-10-19,DE,143.39,145.19,total postings
2021-10-20,DE,143.56,145.41,total postings
2021-10-21,DE,143.74,145.63,total postings
2021-10-22,DE,143.86,145.78,total postings
2021-10-23,DE,144.08,146.04,total postings
2021-10-24,DE,144.22,146.19,total postings
2021-10-25,DE,144.44,146.42,total postings
2021-10-26,DE,144.5,146.53,total postings
2021-10-27,DE,144.56,146.65,total postings
2021-10-28,DE,144.65,146.8,total postings
2021-10-29,DE,144.77,146.91,total postings
2021-10-30,DE,144.89,147.07,total postings
2021-10-31,DE,145.05,147.21,total postings
2021-11-01,DE,144.92,146.9,total postings
2021-11-02,DE,144.77,146.52,total postings
2021-11-03,DE,144.58,146.07,total postings
2021-11-04,DE,144.73,146.01,total postings
2021-11-05,DE,144.88,146.07,total postings
2021-11-06,DE,145,146.04,total postings
2021-11-07,DE,145.12,146.07,total postings
2021-11-08,DE,145.44,146.48,total postings
2021-11-09,DE,145.84,146.97,total postings
2021-11-10,DE,146.27,147.52,total postings
2021-11-11,DE,146.42,147.65,total postings
2021-11-12,DE,146.49,147.73,total postings
2021-11-13,DE,146.51,147.79,total postings
2021-11-14,DE,146.56,147.92,total postings
2021-11-15,DE,146.65,148.06,total postings
2021-11-16,DE,146.78,148.25,total postings
2021-11-17,DE,146.91,148.49,total postings
2021-11-18,DE,146.9,148.68,total postings
2021-11-19,DE,146.96,148.87,total postings
2021-11-20,DE,146.92,148.97,total postings
2021-11-21,DE,146.92,149.08,total postings
2021-11-22,DE,147,149.24,total postings
2021-11-23,DE,147.05,149.42,total postings
2021-11-24,DE,147.11,149.5,total postings
2021-11-25,DE,147.2,149.58,total postings
2021-11-26,DE,147.26,149.62,total postings
2021-11-27,DE,147.17,149.48,total postings
2021-11-28,DE,147.08,149.35,total postings
2021-11-29,DE,146.97,149.15,total postings
2021-11-30,DE,146.71,148.82,total postings
2021-12-01,DE,146.42,148.34,total postings
2021-12-02,DE,146.22,147.91,total postings
2021-12-03,DE,146,147.51,total postings
2021-12-04,DE,146.13,147.44,total postings
2021-12-05,DE,146.21,147.36,total postings
2021-12-06,DE,146.21,147.3,total postings
2021-12-07,DE,146.46,147.45,total postings
2021-12-08,DE,146.65,147.72,total postings
2021-12-09,DE,146.72,147.92,total postings
2021-12-10,DE,146.8,148.11,total postings
2021-12-11,DE,146.83,148.28,total postings
2021-12-12,DE,146.93,148.45,total postings
2021-12-13,DE,147.14,148.72,total postings
2021-12-14,DE,147.19,148.81,total postings
2021-12-15,DE,147.19,148.75,total postings
2021-12-16,DE,147.24,148.68,total postings
2021-12-17,DE,147.33,148.68,total postings
2021-12-18,DE,147.35,148.64,total postings
2021-12-19,DE,147.31,148.58,total postings
2021-12-20,DE,147.23,148.43,total postings
2021-12-21,DE,147.22,148.4,total postings
2021-12-22,DE,147.42,148.61,total postings
2021-12-23,DE,147.6,148.89,total postings
2021-12-24,DE,147.83,149.22,total postings
2021-12-25,DE,148.05,149.45,total postings
2021-12-26,DE,148.3,149.68,total postings
2021-12-27,DE,148.64,149.99,total postings
2021-12-28,DE,148.84,150.14,total postings
2021-12-29,DE,148.82,149.99,total postings
2021-12-30,DE,148.97,149.98,total postings
2021-12-31,DE,148.99,149.72,total postings
2022-01-01,DE,148.95,149.21,total postings
2022-01-02,DE,148.86,148.59,total postings
2022-01-03,DE,148.63,147.86,total postings
2022-01-04,DE,148.56,147.35,total postings
2022-01-05,DE,148.66,147.09,total postings
2022-01-06,DE,148.51,146.54,total postings
2022-01-07,DE,148.47,146.23,total postings
2022-01-08,DE,148.53,146.27,total postings
2022-01-09,DE,148.53,146.34,total postings
2022-01-10,DE,148.36,146.23,total postings
2022-01-11,DE,148.01,145.91,total postings
2022-01-12,DE,147.73,145.66,total postings
2022-01-13,DE,147.54,145.54,total postings
2022-01-14,DE,147.2,145.29,total postings
2022-01-15,DE,147.01,145.19,total postings
2022-01-16,DE,146.93,145.14,total postings
2022-01-17,DE,147.07,145.32,total postings
2022-01-18,DE,147.26,145.6,total postings
2022-01-19,DE,147.5,145.93,total postings
2022-01-20,DE,147.75,146.24,total postings
2022-01-21,DE,148.1,146.64,total postings
2022-01-22,DE,148.27,146.85,total postings
2022-01-23,DE,148.37,147.06,total postings
2022-01-24,DE,148.48,147.29,total postings
2022-01-25,DE,148.65,147.56,total postings
2022-01-26,DE,148.77,147.77,total postings
2022-01-27,DE,148.98,148.08,total postings
2022-01-28,DE,149.33,148.54,total postings
2022-01-29,DE,149.75,149.15,total postings
2022-01-30,DE,150.2,149.84,total postings
2022-01-31,DE,150.61,150.41,total postings
2022-02-01,DE,150.97,150.82,total postings
2022-02-02,DE,151.38,151.29,total postings
2022-02-03,DE,151.66,151.61,total postings
2022-02-04,DE,151.8,151.88,total postings
2022-02-05,DE,151.88,152.01,total postings
2022-02-06,DE,151.99,152.12,total postings
2022-02-07,DE,152.04,152.22,total postings
2022-02-08,DE,152.17,152.56,total postings
2022-02-09,DE,152.37,152.97,total postings
2022-02-10,DE,152.64,153.48,total postings
2022-02-11,DE,152.87,153.84,total postings
2022-02-12,DE,153.25,154.37,total postings
2022-02-13,DE,153.45,154.72,total postings
2022-02-14,DE,153.68,155.04,total postings
2022-02-15,DE,154.09,155.41,total postings
2022-02-16,DE,154.27,155.58,total postings
2022-02-17,DE,154.66,155.89,total postings
2022-02-18,DE,155.07,156.28,total postings
2022-02-19,DE,155.42,156.55,total postings
2022-02-20,DE,155.97,157.01,total postings
2022-02-21,DE,156.46,157.48,total postings
2022-02-22,DE,156.7,157.85,total postings
2022-02-23,DE,157.17,158.34,total postings
2022-02-24,DE,157.42,158.57,total postings
2022-02-25,DE,157.81,158.84,total postings
2022-02-26,DE,158.27,159.08,total postings
2022-02-27,DE,158.53,159.14,total postings
2022-02-28,DE,158.83,159.24,total postings
2022-03-01,DE,159.14,159.1,total postings
2022-03-02,DE,159.22,158.77,total postings
2022-03-03,DE,159.48,158.64,total postings
2022-03-04,DE,159.5,158.47,total postings
2022-03-05,DE,159.52,158.34,total postings
2022-03-06,DE,159.71,158.32,total postings
2022-03-07,DE,159.98,158.35,total postings
2022-03-08,DE,160.22,158.58,total postings
2022-03-09,DE,160.49,158.95,total postings
2022-03-10,DE,160.4,159.09,total postings
2022-03-11,DE,160.45,159.24,total postings
2022-03-12,DE,160.55,159.46,total postings
2022-03-13,DE,160.47,159.63,total postings
2022-03-14,DE,160.22,159.71,total postings
2022-03-15,DE,160.08,159.8,total postings
2022-03-16,DE,159.97,159.84,total postings
2022-03-17,DE,159.91,159.93,total postings
2022-03-18,DE,159.93,160.13,total postings
2022-03-19,DE,159.74,160.14,total postings
2022-03-20,DE,159.72,160.2,total postings
2022-03-21,DE,160.01,160.42,total postings
2022-03-22,DE,160.35,160.74,total postings
2022-03-23,DE,160.65,161,total postings
2022-03-24,DE,161.09,161.3,total postings
2022-03-25,DE,161.54,161.49,total postings
2022-03-26,DE,162.14,161.8,total postings
2022-03-27,DE,162.66,162.02,total postings
2022-03-28,DE,163.04,162.17,total postings
2022-03-29,DE,163.4,162.21,total postings
2022-03-30,DE,163.8,162.25,total postings
2022-03-31,DE,164.26,162.31,total postings
2022-04-01,DE,164.61,162.19,total postings
2022-04-02,DE,164.93,162.05,total postings
2022-04-03,DE,165.21,161.9,total postings
2022-04-04,DE,165.51,161.78,total postings
2022-04-05,DE,165.77,161.67,total postings
2022-04-06,DE,166.17,161.72,total postings
2022-04-07,DE,166.33,161.59,total postings
2022-04-08,DE,166.48,161.59,total postings
2022-04-09,DE,166.58,161.57,total postings
2022-04-10,DE,166.78,161.69,total postings
2022-04-11,DE,166.83,161.71,total postings
2022-04-12,DE,166.8,161.68,total postings
2022-04-13,DE,166.89,161.72,total postings
2022-04-14,DE,167.04,161.89,total postings
2022-04-15,DE,167.23,162.15,total postings
2022-04-16,DE,167.33,162.29,total postings
2022-04-17,DE,167.34,162.39,total postings
2022-04-18,DE,167.5,162.57,total postings
2022-04-19,DE,167.67,162.58,total postings
2022-04-20,DE,167.67,162.46,total postings
2022-04-21,DE,167.57,162.31,total postings
2022-04-22,DE,167.47,162.11,total postings
2022-04-23,DE,167.55,162.15,total postings
2022-04-24,DE,167.75,162.23,total postings
2022-04-25,DE,167.92,162.25,total postings
2022-04-26,DE,168.02,162.37,total postings
2022-04-27,DE,168.07,162.43,total postings
2022-04-28,DE,168.33,162.63,total postings
2022-04-29,DE,168.65,162.89,total postings
2022-04-30,DE,168.89,163.07,total postings
2022-05-01,DE,169.05,163.06,total postings
2022-05-02,DE,169.22,163.04,total postings
2022-05-03,DE,169.49,163.06,total postings
2022-05-04,DE,169.76,163.17,total postings
2022-05-05,DE,169.98,163.19,total postings
2022-05-06,DE,170.04,163.12,total postings
2022-05-07,DE,170.15,163.1,total postings
2022-05-08,DE,170.3,163.25,total postings
2022-05-09,DE,170.47,163.54,total postings
2022-05-10,DE,170.5,163.88,total postings
2022-05-11,DE,170.71,164.24,total postings
2022-05-12,DE,170.9,164.56,total postings
2022-05-13,DE,171.08,164.84,total postings
2022-05-14,DE,171.32,165.16,total postings
2022-05-15,DE,171.61,165.54,total postings
2022-05-16,DE,171.88,165.95,total postings
2022-05-17,DE,172.24,166.28,total postings
2022-05-18,DE,172.43,166.51,total postings
2022-05-19,DE,172.57,166.67,total postings
2022-05-20,DE,172.75,166.8,total postings
2022-05-21,DE,172.69,166.73,total postings
2022-05-22,DE,172.56,166.6,total postings
2022-05-23,DE,172.44,166.47,total postings
2022-05-24,DE,172.31,166.34,total postings
2022-05-25,DE,172.18,166.21,total postings
2022-05-26,DE,172.06,166.08,total postings
2022-05-27,DE,171.93,165.95,total postings
2022-05-28,DE,171.81,165.82,total postings
2022-05-29,DE,171.68,165.69,total postings
2022-05-30,DE,171.56,165.56,total postings
2022-05-31,DE,171.4,165.42,total postings
2022-06-01,DE,171.32,165.25,total postings
2022-06-02,DE,171.07,164.97,total postings
2022-06-03,DE,170.76,164.73,total postings
2022-06-04,DE,170.58,164.61,total postings
2022-06-05,DE,170.44,164.55,total postings
2022-06-06,DE,170.24,164.35,total postings
2022-06-07,DE,169.95,164.1,total postings
2022-06-08,DE,169.64,163.99,total postings
2022-06-09,DE,169.56,164.06,total postings
2022-06-10,DE,169.75,164.39,total postings
2022-06-11,DE,169.74,164.53,total postings
2022-06-12,DE,169.64,164.56,total postings
2022-06-13,DE,169.55,164.66,total postings
2022-06-14,DE,169.76,165.01,total postings
2022-06-15,DE,169.93,165.3,total postings
2022-06-16,DE,170.34,165.78,total postings
2022-06-17,DE,169.99,165.53,total postings
2022-06-18,DE,170.12,165.78,total postings
2022-06-19,DE,170.28,166.06,total postings
2022-06-20,DE,170.39,166.21,total postings
2022-06-21,DE,170.19,166.14,total postings
2022-06-22,DE,169.97,166,total postings
2022-06-23,DE,169.45,165.72,total postings
2022-06-24,DE,169.64,166.04,total postings
2022-06-25,DE,169.5,165.97,total postings
2022-06-26,DE,169.4,166,total postings
2022-06-27,DE,169.39,166.08,total postings
2022-06-28,DE,169.44,166.3,total postings
2022-06-29,DE,169.59,166.61,total postings
2022-06-30,DE,169.38,166.76,total postings
2022-07-01,DE,168.89,166.69,total postings
2022-07-02,DE,168.49,166.7,total postings
2022-07-03,DE,167.99,166.56,total postings
2022-07-04,DE,167.53,166.49,total postings
2022-07-05,DE,167.09,166.38,total postings
2022-07-06,DE,166.57,166.3,total postings
2022-07-07,DE,166.43,166.3,total postings
2022-07-08,DE,166.44,166.44,total postings
2022-07-09,DE,166.5,166.68,total postings
2022-07-10,DE,166.62,166.97,total postings
2022-07-11,DE,166.63,167.17,total postings
2022-07-12,DE,166.69,167.36,total postings
2022-07-13,DE,166.68,167.46,total postings
2022-07-14,DE,166.72,167.61,total postings
2022-07-15,DE,166.72,167.74,total postings
2022-07-16,DE,166.56,167.71,total postings
2022-07-17,DE,166.48,167.75,total postings
2022-07-18,DE,166.36,167.69,total postings
2022-07-19,DE,166.27,167.71,total postings
2022-07-20,DE,166.24,167.77,total postings
2022-07-21,DE,166.27,167.9,total postings
2022-07-22,DE,166.37,168.04,total postings
2022-07-23,DE,166.39,168.09,total postings
2022-07-24,DE,166.39,168.18,total postings
2022-07-25,DE,166.53,168.34,total postings
2022-07-26,DE,166.85,168.5,total postings
2022-07-27,DE,167.04,168.61,total postings
2022-07-28,DE,167.04,168.5,total postings
2022-07-29,DE,166.98,168.51,total postings
2022-07-30,DE,167.05,168.67,total postings
2022-07-31,DE,167.1,168.69,total postings
2022-08-01,DE,166.93,168.5,total postings
2022-08-02,DE,166.66,168.34,total postings
2022-08-03,DE,166.51,168.16,total postings
2022-08-04,DE,166.51,168.2,total postings
2022-08-05,DE,166.42,168.06,total postings
2022-08-06,DE,166.41,167.91,total postings
2022-08-07,DE,166.29,167.65,total postings
2022-08-08,DE,166.32,167.65,total postings
2022-08-09,DE,166.38,167.68,total postings
2022-08-10,DE,166.4,167.73,total postings
2022-08-11,DE,166.28,167.59,total postings
2022-08-12,DE,166.41,167.7,total postings
2022-08-13,DE,166.29,167.58,total postings
2022-08-14,DE,166.58,168,total postings
2022-08-15,DE,166.77,168.32,total postings
2022-08-16,DE,166.93,168.51,total postings
2022-08-17,DE,167.14,168.7,total postings
2022-08-18,DE,167.39,169,total postings
2022-08-19,DE,167.47,169.09,total postings
2022-08-20,DE,167.65,169.3,total postings
2022-08-21,DE,167.61,169.24,total postings
2022-08-22,DE,167.66,169.28,total postings
2022-08-23,DE,167.59,169.23,total postings
2022-08-24,DE,167.54,169.2,total postings
2022-08-25,DE,167.6,169.19,total postings
2022-08-26,DE,167.68,169.22,total postings
2022-08-27,DE,167.84,169.34,total postings
2022-08-28,DE,167.91,169.39,total postings
2022-08-29,DE,167.8,169.18,total postings
2022-08-30,DE,167.91,169.26,total postings
2022-08-31,DE,168.04,169.29,total postings
2022-09-01,DE,168.07,169.14,total postings
2022-09-02,DE,167.96,168.79,total postings
2022-09-03,DE,167.95,168.59,total postings
2022-09-04,DE,167.96,168.4,total postings
2022-09-05,DE,168.15,168.48,total postings
2022-09-06,DE,168.08,168.31,total postings
2022-09-07,DE,167.89,168.08,total postings
2022-09-08,DE,167.79,168.1,total postings
2022-09-09,DE,167.84,168.29,total postings
2022-09-10,DE,167.81,168.39,total postings
2022-09-11,DE,167.69,168.37,total postings
2022-09-12,DE,167.51,168.3,total postings
2022-09-13,DE,167.46,168.43,total postings
2022-09-14,DE,167.56,168.7,total postings
2022-09-15,DE,167.49,168.77,total postings
2022-09-16,DE,167.42,168.83,total postings
2022-09-17,DE,167.24,168.79,total postings
2022-09-18,DE,167.07,168.71,total postings
2022-09-19,DE,166.99,168.7,total postings
2022-09-20,DE,166.75,168.43,total postings
2022-09-21,DE,166.51,168.21,total postings
2022-09-22,DE,166.48,168.25,total postings
2022-09-23,DE,166.52,168.36,total postings
2022-09-24,DE,166.71,168.61,total postings
2022-09-25,DE,166.96,168.94,total postings
2022-09-26,DE,167.16,169.21,total postings
2022-09-27,DE,167.47,169.6,total postings
2022-09-28,DE,167.73,169.89,total postings
2022-09-29,DE,167.86,169.99,total postings
2022-09-30,DE,167.89,169.96,total postings
2022-10-01,DE,167.85,169.67,total postings
2022-10-02,DE,167.82,169.39,total postings
2022-10-03,DE,167.9,169.2,total postings
2022-10-04,DE,167.8,168.81,total postings
2022-10-05,DE,167.58,168.26,total postings
2022-10-06,DE,167.4,167.76,total postings
2022-10-07,DE,167.22,167.33,total postings
2022-10-08,DE,167.08,167.13,total postings
2022-10-09,DE,166.93,166.99,total postings
2022-10-10,DE,166.68,166.8,total postings
2022-10-11,DE,166.51,166.73,total postings
2022-10-12,DE,166.57,166.98,total postings
2022-10-13,DE,166.67,167.29,total postings
2022-10-14,DE,166.79,167.62,total postings
2022-10-15,DE,166.93,167.95,total postings
2022-10-16,DE,167.12,168.28,total postings
2022-10-17,DE,167.22,168.48,total postings
2022-10-18,DE,167.45,168.8,total postings
2022-10-19,DE,167.51,168.9,total postings
2022-10-20,DE,167.54,168.97,total postings
2022-10-21,DE,167.56,169.03,total postings
2022-10-22,DE,167.48,168.98,total postings
2022-10-23,DE,167.5,169.03,total postings
2022-10-24,DE,167.63,169.17,total postings
2022-10-25,DE,167.61,169.17,total postings
2022-10-26,DE,167.61,169.23,total postings
2022-10-27,DE,167.85,169.56,total postings
2022-10-28,DE,168.03,169.84,total postings
2022-10-29,DE,168.14,169.96,total postings
2022-10-30,DE,168.36,170.24,total postings
2022-10-31,DE,168.64,170.5,total postings
2022-11-01,DE,169,170.69,total postings
2022-11-02,DE,169.34,170.79,total postings
2022-11-03,DE,169.46,170.62,total postings
2022-11-04,DE,169.68,170.6,total postings
2022-11-05,DE,169.99,170.8,total postings
2022-11-06,DE,170.16,170.82,total postings
2022-11-07,DE,170.24,170.8,total postings
2022-11-08,DE,170.3,170.95,total postings
2022-11-09,DE,170.44,171.17,total postings
2022-11-10,DE,170.52,171.41,total postings
2022-11-11,DE,170.31,171.25,total postings
2022-11-12,DE,170.42,171.42,total postings
2022-11-13,DE,170.4,171.48,total postings
2022-11-14,DE,170.32,171.53,total postings
2022-11-15,DE,170.29,171.59,total postings
2022-11-16,DE,170.29,171.68,total postings
2022-11-17,DE,170.24,171.73,total postings
2022-11-18,DE,170.38,172.06,total postings
2022-11-19,DE,170.31,172.1,total postings
2022-11-20,DE,170.25,172.17,total postings
2022-11-21,DE,170.27,172.29,total postings
2022-11-22,DE,170.16,172.25,total postings
2022-11-23,DE,170.03,172.22,total postings
2022-11-24,DE,169.97,172.2,total postings
2022-11-25,DE,169.86,172.1,total postings
2022-11-26,DE,169.73,171.98,total postings
2022-11-27,DE,169.63,171.85,total postings
2022-11-28,DE,169.57,171.77,total postings
2022-11-29,DE,169.68,171.8,total postings
2022-11-30,DE,169.71,171.78,total postings
2022-12-01,DE,169.75,171.62,total postings
2022-12-02,DE,169.83,171.48,total postings
2022-12-03,DE,169.87,171.33,total postings
2022-12-04,DE,169.99,171.24,total postings
2022-12-05,DE,170.05,171.11,total postings
2022-12-06,DE,170.04,171.02,total postings
2022-12-07,DE,169.97,170.83,total postings
2022-12-08,DE,169.99,170.9,total postings
2022-12-09,DE,170.06,171.07,total postings
2022-12-10,DE,170.04,171.15,total postings
2022-12-11,DE,169.96,171.2,total postings
2022-12-12,DE,169.95,171.26,total postings
2022-12-13,DE,169.86,171.23,total postings
2022-12-14,DE,169.85,171.27,total postings
2022-12-15,DE,169.66,171.05,total postings
2022-12-16,DE,169.4,170.71,total postings
2022-12-17,DE,169.19,170.41,total postings
2022-12-18,DE,168.92,170.09,total postings
2022-12-19,DE,168.63,169.78,total postings
2022-12-20,DE,168.37,169.46,total postings
2022-12-21,DE,168.09,169.15,total postings
2022-12-22,DE,167.9,168.98,total postings
2022-12-23,DE,167.74,168.91,total postings
2022-12-24,DE,167.65,168.9,total postings
2022-12-25,DE,167.61,168.86,total postings
2022-12-26,DE,167.66,168.91,total postings
2022-12-27,DE,167.7,168.94,total postings
2022-12-28,DE,167.78,169.02,total postings
2022-12-29,DE,167.86,168.98,total postings
2022-12-30,DE,167.89,168.87,total postings
2022-12-31,DE,167.83,168.55,total postings
2023-01-01,DE,167.7,167.95,total postings
2023-01-02,DE,167.48,167.2,total postings
2023-01-03,DE,167.37,166.58,total postings
2023-01-04,DE,167.25,165.99,total postings
2023-01-05,DE,167.11,165.47,total postings
2023-01-06,DE,167.07,165.02,total postings
2023-01-07,DE,167.11,164.75,total postings
2023-01-08,DE,167.19,164.8,total postings
2023-01-09,DE,167.19,164.85,total postings
2023-01-10,DE,167.2,164.92,total postings
2023-01-11,DE,167.26,165,total postings
2023-01-12,DE,167.29,165.06,total postings
2023-01-13,DE,167.31,165.13,total postings
2023-01-14,DE,167.28,165.19,total postings
2023-01-15,DE,167.32,165.31,total postings
2023-01-16,DE,167.4,165.43,total postings
2023-01-17,DE,167.35,165.42,total postings
2023-01-18,DE,167.29,165.44,total postings
2023-01-19,DE,167.28,165.49,total postings
2023-01-20,DE,167.19,165.47,total postings
2023-01-21,DE,167.12,165.44,total postings
2023-01-22,DE,167.01,165.37,total postings
2023-01-23,DE,166.86,165.31,total postings
2023-01-24,DE,166.81,165.39,total postings
2023-01-25,DE,166.75,165.46,total postings
2023-01-26,DE,166.68,165.51,total postings
2023-01-27,DE,166.61,165.59,total postings
2023-01-28,DE,166.65,165.78,total postings
2023-01-29,DE,166.66,166.02,total postings
2023-01-30,DE,166.62,166.24,total postings
2023-01-31,DE,166.59,166.4,total postings
2023-02-01,DE,166.58,166.47,total postings
2023-02-02,DE,166.53,166.48,total postings
2023-02-03,DE,166.59,166.58,total postings
2023-02-04,DE,166.72,166.85,total postings
2023-02-05,DE,166.87,167.03,total postings
2023-02-06,DE,167.09,167.24,total postings
2023-02-07,DE,167.25,167.43,total postings
2023-02-08,DE,167.22,167.61,total postings
2023-02-09,DE,167.35,167.93,total postings
2023-02-10,DE,167.39,168.19,total postings
2023-02-11,DE,167.25,168.19,total postings
2023-02-12,DE,167.08,168.15,total postings
2023-02-13,DE,166.91,168.11,total postings
2023-02-14,DE,166.73,168.01,total postings
2023-02-15,DE,166.59,167.83,total postings
2023-02-16,DE,166.26,167.5,total postings
2023-02-17,DE,165.98,167.14,total postings
2023-02-18,DE,165.58,166.7,total postings
2023-02-19,DE,165.34,166.38,total postings
2023-02-20,DE,165.12,166.09,total postings
2023-02-21,DE,164.98,165.91,total postings
2023-02-22,DE,164.99,166.05,total postings
2023-02-23,DE,165.16,166.24,total postings
2023-02-24,DE,165.15,166.23,total postings
2023-02-25,DE,165.39,166.38,total postings
2023-02-26,DE,165.45,166.28,total postings
2023-02-27,DE,165.49,166.18,total postings
2023-02-28,DE,165.4,165.95,total postings
2023-03-01,DE,165.28,165.45,total postings
2023-03-02,DE,165.18,164.99,total postings
2023-03-03,DE,165.24,164.71,total postings
2023-03-04,DE,165.15,164.42,total postings
2023-03-05,DE,165.23,164.34,total postings
2023-03-06,DE,165.34,164.21,total postings
2023-03-07,DE,165.52,164.13,total postings
2023-03-08,DE,165.6,164.18,total postings
2023-03-09,DE,165.53,164.17,total postings
2023-03-10,DE,165.7,164.55,total postings
2023-03-11,DE,165.99,164.92,total postings
2023-03-12,DE,166.19,165.23,total postings
2023-03-13,DE,166.32,165.58,total postings
2023-03-14,DE,166.39,165.94,total postings
2023-03-15,DE,166.53,166.29,total postings
2023-03-16,DE,166.74,166.64,total postings
2023-03-17,DE,166.67,166.7,total postings
2023-03-18,DE,166.55,166.72,total postings
2023-03-19,DE,166.37,166.69,total postings
2023-03-20,DE,166.35,166.74,total postings
2023-03-21,DE,166.5,166.81,total postings
2023-03-22,DE,166.56,166.84,total postings
2023-03-23,DE,166.64,166.89,total postings
2023-03-24,DE,166.72,166.84,total postings
2023-03-25,DE,166.86,166.76,total postings
2023-03-26,DE,167.06,166.74,total postings
2023-03-27,DE,167.19,166.62,total postings
2023-03-28,DE,167.26,166.54,total postings
2023-03-29,DE,167.41,166.43,total postings
2023-03-30,DE,167.53,166.26,total postings
2023-03-31,DE,167.66,166.05,total postings
2023-04-01,DE,167.74,165.69,total postings
2023-04-02,DE,167.8,165.31,total postings
2023-04-03,DE,167.82,164.92,total postings
2023-04-04,DE,167.85,164.53,total postings
2023-04-05,DE,167.96,164.29,total postings
2023-04-06,DE,168.07,164.07,total postings
2023-04-07,DE,168.48,164.27,total postings
2023-04-08,DE,168.75,164.44,total postings
2023-04-09,DE,168.9,164.51,total postings
2023-04-10,DE,169.18,164.77,total postings
2023-04-11,DE,169.29,164.81,total postings
2023-04-12,DE,169.26,164.71,total postings
2023-04-13,DE,169.16,164.55,total postings
2023-04-14,DE,168.8,164.1,total postings
2023-04-15,DE,168.47,163.71,total postings
2023-04-16,DE,168.35,163.55,total postings
2023-04-17,DE,167.98,163.15,total postings
2023-04-18,DE,167.75,162.91,total postings
2023-04-19,DE,167.59,162.69,total postings
2023-04-20,DE,167.54,162.57,total postings
2023-04-21,DE,167.51,162.5,total postings
2023-04-22,DE,167.64,162.63,total postings
2023-04-23,DE,167.61,162.61,total postings
2023-04-24,DE,167.74,162.67,total postings
2023-04-25,DE,167.97,162.84,total postings
2023-04-26,DE,168.01,162.9,total postings
2023-04-27,DE,168.03,162.91,total postings
2023-04-28,DE,168.07,162.95,total postings
2023-04-29,DE,167.95,162.82,total postings
2023-04-30,DE,167.77,162.61,total postings
2023-05-01,DE,167.69,162.39,total postings
2023-05-02,DE,167.36,161.89,total postings
2023-05-03,DE,167.1,161.42,total postings
2023-05-04,DE,166.74,160.89,total postings
2023-05-05,DE,166.25,160.2,total postings
2023-05-06,DE,165.85,159.65,total postings
2023-05-07,DE,165.53,159.17,total postings
2023-05-08,DE,165.05,158.65,total postings
2023-05-09,DE,164.79,158.46,total postings
2023-05-10,DE,164.58,158.48,total postings
2023-05-11,DE,164.53,158.56,total postings
2023-05-12,DE,164.62,158.75,total postings
2023-05-13,DE,164.73,158.93,total postings
2023-05-14,DE,164.87,159.15,total postings
2023-05-15,DE,165.01,159.38,total postings
2023-05-16,DE,165.02,159.46,total postings
2023-05-17,DE,165.12,159.54,total postings
2023-05-18,DE,165.24,159.76,total postings
2023-05-19,DE,165.18,159.78,total postings
2023-05-20,DE,165.08,159.74,total postings
2023-05-21,DE,164.98,159.71,total postings
2023-05-22,DE,164.88,159.68,total postings
2023-05-23,DE,164.81,159.69,total postings
2023-05-24,DE,164.71,159.65,total postings
2023-05-25,DE,164.46,159.44,total postings
2023-05-26,DE,164.4,159.42,total postings
2023-05-27,DE,164.34,159.48,total postings
2023-05-28,DE,164.19,159.44,total postings
2023-05-29,DE,164.24,159.57,total postings
2023-05-30,DE,164.2,159.57,total postings
2023-05-31,DE,164.14,159.54,total postings
2023-06-01,DE,164.09,159.36,total postings
2023-06-02,DE,163.97,159.14,total postings
2023-06-03,DE,163.9,158.97,total postings
2023-06-04,DE,163.77,158.76,total postings
2023-06-05,DE,163.58,158.5,total postings
2023-06-06,DE,163.51,158.41,total postings
2023-06-07,DE,163.4,158.3,total postings
2023-06-08,DE,163.43,158.49,total postings
2023-06-09,DE,163.43,158.62,total postings
2023-06-10,DE,163.38,158.67,total postings
2023-06-11,DE,163.38,158.84,total postings
2023-06-12,DE,163.32,158.91,total postings
2023-06-13,DE,163.24,158.99,total postings
2023-06-14,DE,163.26,159.13,total postings
2023-06-15,DE,163.22,159.19,total postings
2023-06-16,DE,163.2,159.25,total postings
2023-06-17,DE,163.21,159.34,total postings
2023-06-18,DE,163.27,159.46,total postings
2023-06-19,DE,163.33,159.6,total postings
2023-06-20,DE,163.39,159.69,total postings
2023-06-21,DE,163.34,159.74,total postings
2023-06-22,DE,163.31,159.77,total postings
2023-06-23,DE,163.25,159.89,total postings
2023-06-24,DE,163.22,159.97,total postings
2023-06-25,DE,163.18,160.02,total postings
2023-06-26,DE,163.12,160.09,total postings
2023-06-27,DE,163.1,160.2,total postings
2023-06-28,DE,163.11,160.39,total postings
2023-06-29,DE,163.1,160.56,total postings
2023-06-30,DE,162.97,160.71,total postings
2023-07-01,DE,162.77,160.83,total postings
2023-07-02,DE,162.63,160.96,total postings
2023-07-03,DE,162.42,160.99,total postings
2023-07-04,DE,162.11,160.91,total postings
2023-07-05,DE,161.91,160.93,total postings
2023-07-06,DE,161.68,160.97,total postings
2023-07-07,DE,161.69,161.08,total postings
2023-07-08,DE,161.69,161.19,total postings
2023-07-09,DE,161.67,161.31,total postings
2023-07-10,DE,161.72,161.51,total postings
2023-07-11,DE,161.8,161.77,total postings
2023-07-12,DE,161.83,161.91,total postings
2023-07-13,DE,161.87,162.04,total postings
2023-07-14,DE,161.77,162.04,total postings
2023-07-15,DE,161.67,162.07,total postings
2023-07-16,DE,161.6,162.12,total postings
2023-07-17,DE,161.5,162.13,total postings
2023-07-18,DE,161.42,162.09,total postings
2023-07-19,DE,161.32,162.08,total postings
2023-07-20,DE,161.24,162.08,total postings
2023-07-21,DE,161.2,162.1,total postings
2023-07-22,DE,161.22,162.16,total postings
2023-07-23,DE,161.31,162.3,total postings
2023-07-24,DE,161.41,162.47,total postings
2023-07-25,DE,161.52,162.65,total postings
2023-07-26,DE,161.68,162.74,total postings
2023-07-27,DE,161.9,162.94,total postings
2023-07-28,DE,162.08,163.11,total postings
2023-07-29,DE,162.22,163.34,total postings
2023-07-30,DE,162.26,163.5,total postings
2023-07-31,DE,162.34,163.57,total postings
2023-08-01,DE,162.38,163.6,total postings
2023-08-02,DE,162.4,163.7,total postings
2023-08-03,DE,162.27,163.54,total postings
2023-08-04,DE,162.19,163.46,total postings
2023-08-05,DE,162.12,163.32,total postings
2023-08-06,DE,162.07,163.15,total postings
2023-08-07,DE,162.11,163.07,total postings
2023-08-08,DE,162.17,163.1,total postings
2023-08-09,DE,162.22,163.11,total postings
2023-08-10,DE,162.28,163.2,total postings
2023-08-11,DE,162.36,163.26,total postings
2023-08-12,DE,162.35,163.25,total postings
2023-08-13,DE,162.35,163.24,total postings
2023-08-14,DE,162.23,163.21,total postings
2023-08-15,DE,162.32,163.4,total postings
2023-08-16,DE,162.16,163.28,total postings
2023-08-17,DE,162.04,163.14,total postings
2023-08-18,DE,161.87,162.99,total postings
2023-08-19,DE,161.74,162.86,total postings
2023-08-20,DE,161.61,162.78,total postings
2023-08-21,DE,161.52,162.66,total postings
2023-08-22,DE,161.22,162.35,total postings
2023-08-23,DE,161.12,162.28,total postings
2023-08-24,DE,160.86,162.04,total postings
2023-08-25,DE,160.6,161.74,total postings
2023-08-26,DE,160.37,161.49,total postings
2023-08-27,DE,160,161.12,total postings
2023-08-28,DE,159.71,160.86,total postings
2023-08-29,DE,159.48,160.57,total postings
2023-08-30,DE,159.22,160.3,total postings
2023-08-31,DE,159.11,160.13,total postings
2023-09-01,DE,158.99,159.85,total postings
2023-09-02,DE,158.93,159.59,total postings
2023-09-03,DE,158.94,159.43,total postings
2023-09-04,DE,158.86,159.15,total postings
2023-09-05,DE,158.68,158.87,total postings
2023-09-06,DE,158.64,158.74,total postings
2023-09-07,DE,158.67,158.73,total postings
2023-09-08,DE,158.77,158.94,total postings
2023-09-09,DE,158.88,159.15,total postings
2023-09-10,DE,158.95,159.33,total postings
2023-09-11,DE,159.08,159.55,total postings
2023-09-12,DE,159.3,159.87,total postings
2023-09-13,DE,159.33,160.04,total postings
2023-09-14,DE,159.28,160.13,total postings
2023-09-15,DE,159.31,160.28,total postings
2023-09-16,DE,159.25,160.34,total postings
2023-09-17,DE,159.23,160.43,total postings
2023-09-18,DE,159.22,160.51,total postings
2023-09-19,DE,159.16,160.48,total postings
2023-09-20,DE,159.25,160.55,total postings
2023-09-21,DE,159.37,160.69,total postings
2023-09-22,DE,159.35,160.72,total postings
2023-09-23,DE,159.34,160.78,total postings
2023-09-24,DE,159.21,160.71,total postings
2023-09-25,DE,159.12,160.71,total postings
2023-09-26,DE,159.07,160.77,total postings
2023-09-27,DE,158.98,160.78,total postings
2023-09-28,DE,158.9,160.77,total postings
2023-09-29,DE,158.8,160.68,total postings
2023-09-30,DE,158.69,160.54,total postings
2023-10-01,DE,158.65,160.3,total postings
2023-10-02,DE,158.63,160.04,total postings
2023-10-03,DE,158.7,159.88,total postings
2023-10-04,DE,158.68,159.59,total postings
2023-10-05,DE,158.47,159.05,total postings
2023-10-06,DE,158.36,158.64,total postings
2023-10-07,DE,158.25,158.3,total postings
2023-10-08,DE,158.19,158.16,total postings
2023-10-09,DE,158.03,157.98,total postings
2023-10-10,DE,157.85,157.85,total postings
2023-10-11,DE,157.75,157.83,total postings
2023-10-12,DE,157.72,157.97,total postings
2023-10-13,DE,157.6,158.02,total postings
2023-10-14,DE,157.49,158.08,total postings
2023-10-15,DE,157.46,158.21,total postings
2023-10-16,DE,157.34,158.22,total postings
2023-10-17,DE,157.06,158.04,total postings
2023-10-18,DE,156.71,157.76,total postings
2023-10-19,DE,156.58,157.66,total postings
2023-10-20,DE,156.45,157.58,total postings
2023-10-21,DE,156.24,157.39,total postings
2023-10-22,DE,156.04,157.22,total postings
2023-10-23,DE,155.86,157.06,total postings
2023-10-24,DE,155.75,156.97,total postings
2023-10-25,DE,155.78,157.04,total postings
2023-10-26,DE,155.81,157.16,total postings
2023-10-27,DE,155.77,157.23,total postings
2023-10-28,DE,155.87,157.46,total postings
2023-10-29,DE,155.75,157.37,total postings
2023-10-30,DE,155.69,157.4,total postings
2023-10-31,DE,155.69,157.4,total postings
2023-11-01,DE,155.66,157.21,total postings
2023-11-02,DE,155.5,156.84,total postings
2023-11-03,DE,155.45,156.54,total postings
2023-11-04,DE,155.34,156.19,total postings
2023-11-05,DE,155.34,156.08,total postings
2023-11-06,DE,155.36,155.96,total postings
2023-11-07,DE,155.26,155.76,total postings
2023-11-08,DE,155.15,155.74,total postings
2023-11-09,DE,155.05,155.72,total postings
2023-11-10,DE,154.92,155.75,total postings
2023-11-11,DE,154.86,155.78,total postings
2023-11-12,DE,154.7,155.72,total postings
2023-11-13,DE,154.62,155.72,total postings
2023-11-14,DE,154.6,155.85,total postings
2023-11-15,DE,154.55,155.89,total postings
2023-11-16,DE,154.54,155.99,total postings
2023-11-17,DE,154.51,156.05,total postings
2023-11-18,DE,154.4,156.09,total postings
2023-11-19,DE,154.42,156.21,total postings
2023-11-20,DE,154.35,156.27,total postings
2023-11-21,DE,154.22,156.22,total postings
2023-11-22,DE,154.11,156.18,total postings
2023-11-23,DE,154.03,156.19,total postings
2023-11-24,DE,154,156.21,total postings
2023-11-25,DE,153.95,156.19,total postings
2023-11-26,DE,153.9,156.16,total postings
2023-11-27,DE,153.88,156.12,total postings
2023-11-28,DE,153.89,156.14,total postings
2023-11-29,DE,153.86,156.04,total postings
2023-11-30,DE,153.83,155.97,total postings
2023-12-01,DE,153.82,155.8,total postings
2023-12-02,DE,153.81,155.6,total postings
2023-12-03,DE,153.79,155.41,total postings
2023-12-04,DE,153.65,155.08,total postings
2023-12-05,DE,153.51,154.76,total postings
2023-12-06,DE,153.43,154.6,total postings
2023-12-07,DE,153.43,154.48,total postings
2023-12-08,DE,153.34,154.43,total postings
2023-12-09,DE,153.34,154.47,total postings
2023-12-10,DE,153.33,154.51,total postings
2023-12-11,DE,153.42,154.71,total postings
2023-12-12,DE,153.47,154.82,total postings
2023-12-13,DE,153.55,154.94,total postings
2023-12-14,DE,153.58,154.99,total postings
2023-12-15,DE,153.6,154.97,total postings
2023-12-16,DE,153.59,154.88,total postings
2023-12-17,DE,153.57,154.8,total postings
2023-12-18,DE,153.55,154.72,total postings
2023-12-19,DE,153.49,154.62,total postings
2023-12-20,DE,153.44,154.53,total postings
2023-12-21,DE,153.35,154.39,total postings
2023-12-22,DE,153.34,154.41,total postings
2023-12-23,DE,153.22,154.37,total postings
2023-12-24,DE,153.19,154.4,total postings
2023-12-25,DE,153.32,154.55,total postings
2023-12-26,DE,153.44,154.68,total postings
2023-12-27,DE,153.45,154.7,total postings
2023-12-28,DE,153.48,154.75,total postings
2023-12-29,DE,153.46,154.63,total postings
2023-12-30,DE,153.44,154.47,total postings
2023-12-31,DE,153.36,154.16,total postings
2024-01-01,DE,153.09,153.46,total postings
2024-01-02,DE,152.86,152.73,total postings
2024-01-03,DE,152.7,152.12,total postings
2024-01-04,DE,152.5,151.48,total postings
2024-01-05,DE,152.37,150.96,total postings
2024-01-06,DE,152.36,150.57,total postings
2024-01-07,DE,152.29,150.2,total postings
2024-01-08,DE,152.16,150.02,total postings
2024-01-09,DE,152.11,150,total postings
2024-01-10,DE,152,149.89,total postings
2024-01-11,DE,151.94,149.83,total postings
2024-01-12,DE,151.86,149.76,total postings
2024-01-13,DE,151.68,149.61,total postings
2024-01-14,DE,151.62,149.6,total postings
2024-01-15,DE,151.44,149.48,total postings
2024-01-16,DE,151.25,149.31,total postings
2024-01-17,DE,151.09,149.18,total postings
2024-01-18,DE,150.84,148.98,total postings
2024-01-19,DE,150.58,148.78,total postings
2024-01-20,DE,150.38,148.65,total postings
2024-01-21,DE,150.07,148.37,total postings
2024-01-22,DE,150.02,148.36,total postings
2024-01-23,DE,150.01,148.44,total postings
2024-01-24,DE,150.03,148.6,total postings
2024-01-25,DE,150.08,148.79,total postings
2024-01-26,DE,150.04,148.9,total postings
2024-01-27,DE,150.09,149.12,total postings
2024-01-28,DE,150.24,149.44,total postings
2024-01-29,DE,150.23,149.69,total postings
2024-01-30,DE,150.14,149.88,total postings
2024-01-31,DE,149.96,149.9,total postings
2024-02-01,DE,149.75,149.79,total postings
2024-02-02,DE,149.69,149.83,total postings
2024-02-03,DE,149.53,149.73,total postings
2024-02-04,DE,149.26,149.63,total postings
2024-02-05,DE,149.05,149.45,total postings
2024-02-06,DE,148.87,149.27,total postings
2024-02-07,DE,148.77,149.22,total postings
2024-02-08,DE,148.7,149.34,total postings
2024-02-09,DE,148.5,149.29,total postings
2024-02-10,DE,148.31,149.28,total postings
2024-02-11,DE,148.16,149.24,total postings
2024-02-12,DE,148.07,149.27,total postings
2024-02-13,DE,147.98,149.28,total postings
2024-02-14,DE,147.95,149.28,total postings
2024-02-15,DE,147.94,149.2,total postings
2024-02-16,DE,148.16,149.41,total postings
2024-02-17,DE,148.31,149.48,total postings
2024-02-18,DE,148.58,149.68,total postings
2024-02-19,DE,148.65,149.66,total postings
2024-02-20,DE,148.74,149.68,total postings
2024-02-21,DE,148.71,149.61,total postings
2024-02-22,DE,148.61,149.64,total postings
2024-02-23,DE,148.42,149.47,total postings
2024-02-24,DE,148.42,149.47,total postings
2024-02-25,DE,148.35,149.34,total postings
2024-02-26,DE,148.56,149.43,total postings
2024-02-27,DE,148.68,149.43,total postings
2024-02-28,DE,148.9,149.56,total postings
2024-02-29,DE,149.21,149.59,total postings
2024-03-01,DE,149.4,149.49,total postings
2024-03-02,DE,149.34,149.21,total postings
2024-03-03,DE,149.35,148.94,total postings
2024-03-04,DE,149.18,148.69,total postings
2024-03-05,DE,149.19,148.52,total postings
2024-03-06,DE,148.94,148.03,total postings
2024-03-07,DE,148.57,147.5,total postings
2024-03-08,DE,148.45,147.34,total postings
2024-03-09,DE,148.46,147.37,total postings
2024-03-10,DE,148.32,147.38,total postings
2024-03-11,DE,148.2,147.33,total postings
2024-03-12,DE,148.02,147.25,total postings
2024-03-13,DE,148.01,147.43,total postings
2024-03-14,DE,148.08,147.74,total postings
2024-03-15,DE,147.93,147.76,total postings
2024-03-16,DE,147.7,147.67,total postings
2024-03-17,DE,147.55,147.63,total postings
2024-03-18,DE,147.47,147.66,total postings
2024-03-19,DE,147.33,147.65,total postings
2024-03-20,DE,147.29,147.67,total postings
2024-03-21,DE,147.25,147.55,total postings
2024-03-22,DE,147.4,147.67,total postings
2024-03-23,DE,147.5,147.74,total postings
2024-03-24,DE,147.7,147.83,total postings
2024-03-25,DE,147.93,147.87,total postings
2024-03-26,DE,148.18,147.93,total postings
2024-03-27,DE,148.33,147.87,total postings
2024-03-28,DE,148.5,147.92,total postings
2024-03-29,DE,148.58,147.86,total postings
2024-03-30,DE,148.66,147.73,total postings
2024-03-31,DE,148.67,147.47,total postings
2024-04-01,DE,148.68,147.12,total postings
2024-04-02,DE,148.56,146.59,total postings
2024-04-03,DE,148.53,146.13,total postings
2024-04-04,DE,148.49,145.72,total postings
2024-04-05,DE,148.3,145.08,total postings
2024-04-06,DE,148.22,144.63,total postings
2024-04-07,DE,148.14,144.24,total postings
2024-04-08,DE,148.08,143.97,total postings
2024-04-09,DE,148.1,143.87,total postings
2024-04-10,DE,148.16,143.88,total postings
2024-04-11,DE,148.21,143.86,total postings
2024-04-12,DE,148.36,143.99,total postings
2024-04-13,DE,148.48,144.03,total postings
2024-04-14,DE,148.5,144.02,total postings
2024-04-15,DE,148.59,144.07,total postings
2024-04-16,DE,148.66,144.13,total postings
2024-04-17,DE,148.65,144.15,total postings
2024-04-18,DE,148.69,144.12,total postings
2024-04-19,DE,148.81,144.13,total postings
2024-04-20,DE,148.78,144.04,total postings
2024-04-21,DE,148.86,144.09,total postings
2024-04-22,DE,148.89,144.12,total postings
2024-04-23,DE,149.02,144.25,total postings
2024-04-24,DE,149.11,144.3,total postings
2024-04-25,DE,149.18,144.34,total postings
2024-04-26,DE,149.17,144.36,total postings
2024-04-27,DE,149.34,144.54,total postings
2024-04-28,DE,149.46,144.68,total postings
2024-04-29,DE,149.42,144.63,total postings
2024-04-30,DE,149.39,144.58,total postings
2024-05-01,DE,149.53,144.6,total postings
2024-05-02,DE,149.4,144.34,total postings
2024-05-03,DE,149.36,144.12,total postings
2024-05-04,DE,149.29,143.89,total postings
2024-05-05,DE,149.19,143.59,total postings
2024-05-06,DE,149.19,143.44,total postings
2024-05-07,DE,149.07,143.18,total postings
2024-05-08,DE,148.78,142.84,total postings
2024-05-09,DE,148.77,142.87,total postings
2024-05-10,DE,148.47,142.73,total postings
2024-05-11,DE,148.31,142.67,total postings
2024-05-12,DE,148.19,142.64,total postings
2024-05-13,DE,147.96,142.46,total postings
2024-05-14,DE,147.71,142.24,total postings
2024-05-15,DE,147.59,142.19,total postings
2024-05-16,DE,147.25,141.91,total postings
2024-05-17,DE,147.05,141.7,total postings
2024-05-18,DE,146.58,141.3,total postings
2024-05-19,DE,146.08,140.88,total postings
2024-05-20,DE,145.75,140.61,total postings
2024-05-21,DE,145.4,140.32,total postings
2024-05-22,DE,145.13,140.14,total postings
2024-05-23,DE,145,140.08,total postings
2024-05-24,DE,144.89,140.05,total postings
2024-05-25,DE,144.99,140.21,total postings
2024-05-26,DE,145.06,140.36,total postings
2024-05-27,DE,145.09,140.52,total postings
2024-05-28,DE,145.14,140.71,total postings
2024-05-29,DE,145.07,140.73,total postings
2024-05-30,DE,145.07,140.77,total postings
2024-05-31,DE,145.07,140.79,total postings
2024-06-01,DE,144.95,140.56,total postings
2024-06-02,DE,144.85,140.39,total postings
2024-06-03,DE,144.67,140.15,total postings
2024-06-04,DE,144.57,139.99,total postings
2024-06-05,DE,144.44,139.78,total postings
2024-06-06,DE,144.26,139.58,total postings
2024-06-07,DE,144.07,139.4,total postings
2024-06-08,DE,144,139.48,total postings
2024-06-09,DE,143.78,139.36,total postings
2024-06-10,DE,143.85,139.5,total postings
2024-06-11,DE,143.9,139.69,total postings
2024-06-12,DE,143.88,139.78,total postings
2024-06-13,DE,143.81,139.86,total postings
2024-06-14,DE,143.73,139.86,total postings
2024-06-15,DE,143.55,139.75,total postings
2024-06-16,DE,143.56,139.83,total postings
2024-06-17,DE,143.36,139.71,total postings
2024-06-18,DE,143.04,139.43,total postings
2024-06-19,DE,142.79,139.24,total postings
2024-06-20,DE,142.64,139.12,total postings
2024-06-21,DE,142.52,139.09,total postings
2024-06-22,DE,142.39,139.02,total postings
2024-06-23,DE,142.17,138.98,total postings
2024-06-24,DE,141.97,138.89,total postings
2024-06-25,DE,141.88,138.9,total postings
2024-06-26,DE,141.82,138.98,total postings
2024-06-27,DE,141.71,139,total postings
2024-06-28,DE,141.55,139.02,total postings
2024-06-29,DE,141.51,139.16,total postings
2024-06-30,DE,141.33,139.24,total postings
2024-07-01,DE,140.97,139.18,total postings
2024-07-02,DE,140.62,139.09,total postings
2024-07-03,DE,140.23,138.95,total postings
2024-07-04,DE,139.85,138.79,total postings
2024-07-05,DE,139.55,138.68,total postings
2024-07-06,DE,139.11,138.5,total postings
2024-07-07,DE,138.89,138.39,total postings
2024-07-08,DE,138.74,138.35,total postings
2024-07-09,DE,138.6,138.32,total postings
2024-07-10,DE,138.47,138.29,total postings
2024-07-11,DE,138.36,138.34,total postings
2024-07-12,DE,138.17,138.26,total postings
2024-07-13,DE,138.06,138.23,total postings
2024-07-14,DE,137.99,138.22,total postings
2024-07-15,DE,137.99,138.33,total postings
2024-07-16,DE,137.92,138.36,total postings
2024-07-17,DE,137.91,138.47,total postings
2024-07-18,DE,137.71,138.28,total postings
2024-07-19,DE,137.62,138.27,total postings
2024-07-20,DE,137.49,138.22,total postings
2024-07-21,DE,137.28,138.08,total postings
2024-07-22,DE,137.14,137.98,total postings
2024-07-23,DE,137.08,137.96,total postings
2024-07-24,DE,136.91,137.88,total postings
2024-07-25,DE,136.91,137.96,total postings
2024-07-26,DE,136.89,137.91,total postings
2024-07-27,DE,136.84,137.86,total postings
2024-07-28,DE,136.85,137.88,total postings
2024-07-29,DE,136.7,137.82,total postings
2024-07-30,DE,136.42,137.65,total postings
2024-07-31,DE,136.22,137.45,total postings
2024-08-01,DE,135.96,137.18,total postings
2024-08-02,DE,135.82,137.14,total postings
2024-08-03,DE,135.81,137.12,total postings
2024-08-04,DE,135.75,137.08,total postings
2024-08-05,DE,135.72,137,total postings
2024-08-06,DE,135.87,137.04,total postings
2024-08-07,DE,135.96,137.05,total postings
2024-08-08,DE,136.11,137.16,total postings
2024-08-09,DE,136.07,137.07,total postings
2024-08-10,DE,136,136.99,total postings
2024-08-11,DE,135.93,136.89,total postings
2024-08-12,DE,135.88,136.85,total postings
2024-08-13,DE,135.81,136.75,total postings
2024-08-14,DE,135.67,136.67,total postings
2024-08-15,DE,135.48,136.55,total postings
2024-08-16,DE,135.38,136.48,total postings
2024-08-17,DE,135.28,136.36,total postings
2024-08-18,DE,135.17,136.26,total postings
2024-08-19,DE,135.09,136.17,total postings
2024-08-20,DE,134.95,136.08,total postings
2024-08-21,DE,134.86,135.96,total postings
2024-08-22,DE,134.85,135.95,total postings
2024-08-23,DE,134.78,135.91,total postings
2024-08-24,DE,134.7,135.86,total postings
2024-08-25,DE,134.63,135.76,total postings
2024-08-26,DE,134.6,135.72,total postings
2024-08-27,DE,134.67,135.79,total postings
2024-08-28,DE,134.72,135.87,total postings
2024-08-29,DE,134.79,135.89,total postings
2024-08-30,DE,134.82,135.89,total postings
2024-08-31,DE,134.84,135.84,total postings
2024-09-01,DE,134.83,135.69,total postings
2024-09-02,DE,134.84,135.52,total postings
2024-09-03,DE,134.76,135.32,total postings
2024-09-04,DE,134.74,135.15,total postings
2024-09-05,DE,134.69,134.99,total postings
2024-09-06,DE,134.66,134.88,total postings
2024-09-07,DE,134.66,134.87,total postings
2024-09-08,DE,134.58,134.91,total postings
2024-09-09,DE,134.33,134.75,total postings
2024-09-10,DE,134.1,134.57,total postings
2024-09-11,DE,133.8,134.34,total postings
2024-09-12,DE,133.51,134.16,total postings
2024-09-13,DE,133.17,133.94,total postings
2024-09-14,DE,132.85,133.73,total postings
2024-09-15,DE,132.64,133.62,total postings
2024-09-16,DE,132.55,133.64,total postings
2024-09-17,DE,132.46,133.67,total postings
2024-09-18,DE,132.44,133.72,total postings
2024-09-19,DE,132.41,133.72,total postings
2024-09-20,DE,132.46,133.75,total postings
2024-09-21,DE,132.42,133.72,total postings
2024-09-22,DE,132.3,133.67,total postings
2024-09-23,DE,132.08,133.52,total postings
2024-09-24,DE,131.96,133.46,total postings
2024-09-25,DE,131.81,133.41,total postings
2024-09-26,DE,131.68,133.4,total postings
2024-09-27,DE,131.54,133.36,total postings
2024-09-28,DE,131.41,133.31,total postings
2024-09-29,DE,131.44,133.34,total postings
2024-09-30,DE,131.55,133.41,total postings
2024-10-01,DE,131.53,133.2,total postings
2024-10-02,DE,131.07,132.53,total postings
2024-10-03,DE,131.04,132.3,total postings
2024-10-04,DE,130.98,131.99,total postings
2024-10-05,DE,131,131.7,total postings
2024-10-06,DE,130.9,131.32,total postings
2024-10-07,DE,130.9,131.11,total postings
2024-10-08,DE,130.83,130.96,total postings
2024-10-09,DE,131.34,131.43,total postings
2024-10-10,DE,131.37,131.46,total postings
2024-10-11,DE,131.43,131.58,total postings
2024-10-12,DE,131.43,131.75,total postings
2024-10-13,DE,131.4,131.88,total postings
2024-10-14,DE,131.33,131.95,total postings
2024-10-15,DE,131.31,132.08,total postings
2024-10-16,DE,131.21,132.1,total postings
2024-10-17,DE,131.32,132.3,total postings
2024-10-18,DE,131.21,132.26,total postings
2024-10-19,DE,131.2,132.26,total postings
2024-10-20,DE,131.24,132.35,total postings
2024-10-21,DE,131.21,132.34,total postings
2024-10-22,DE,131.29,132.46,total postings
2024-10-23,DE,131.27,132.45,total postings
2024-10-24,DE,131.04,132.24,total postings
2024-10-25,DE,131.05,132.31,total postings
2024-10-26,DE,130.92,132.28,total postings
2024-10-27,DE,130.77,132.23,total postings
2024-10-28,DE,130.68,132.27,total postings
2024-10-29,DE,130.59,132.21,total postings
2024-10-30,DE,130.53,132.21,total postings
2024-10-31,DE,130.48,132.15,total postings
2024-11-01,DE,130.4,131.93,total postings
2024-11-02,DE,130.29,131.63,total postings
2024-11-03,DE,130.22,131.33,total postings
2024-11-04,DE,130.09,131.01,total postings
2024-11-05,DE,129.95,130.76,total postings
2024-11-06,DE,129.8,130.5,total postings
2024-11-07,DE,129.62,130.25,total postings
2024-11-08,DE,129.46,130.16,total postings
2024-11-09,DE,129.35,130.12,total postings
2024-11-10,DE,129.19,130.1,total postings
2024-11-11,DE,129.16,130.16,total postings
2024-11-12,DE,129.05,130.16,total postings
2024-11-13,DE,128.97,130.19,total postings
2024-11-14,DE,128.93,130.27,total postings
2024-11-15,DE,128.93,130.36,total postings
2024-11-16,DE,129.02,130.55,total postings
2024-11-17,DE,129.06,130.7,total postings
2024-11-18,DE,129.03,130.81,total postings
2024-11-19,DE,129.12,130.99,total postings
2024-11-20,DE,129.2,131.2,total postings
2024-11-21,DE,129.25,131.34,total postings
2024-11-22,DE,129.29,131.46,total postings
2024-11-23,DE,129.27,131.52,total postings
2024-11-24,DE,129.3,131.6,total postings
2024-11-25,DE,129.33,131.67,total postings
2024-11-26,DE,129.33,131.71,total postings
2024-11-27,DE,129.34,131.7,total postings
2024-11-28,DE,129.25,131.59,total postings
2024-11-29,DE,128.98,131.24,total postings
2024-11-30,DE,128.99,131.19,total postings
2024-12-01,DE,129,131.06,total postings
2024-12-02,DE,129.02,130.92,total postings
2024-12-03,DE,128.99,130.74,total postings
2024-12-04,DE,128.99,130.57,total postings
2024-12-05,DE,129.11,130.52,total postings
2024-12-06,DE,129.44,130.78,total postings
2024-12-07,DE,129.47,130.72,total postings
2024-12-08,DE,129.51,130.78,total postings
2024-12-09,DE,129.56,130.86,total postings
2024-12-10,DE,129.62,130.94,total postings
2024-12-11,DE,129.65,131.05,total postings
2024-12-12,DE,129.66,131.13,total postings
2024-12-13,DE,129.63,131.13,total postings
2024-12-14,DE,129.64,131.15,total postings
2024-12-15,DE,129.7,131.17,total postings
2024-12-16,DE,129.8,131.19,total postings
2024-12-17,DE,129.76,131.09,total postings
2024-12-18,DE,129.72,130.99,total postings
2024-12-19,DE,129.69,130.92,total postings
2024-12-20,DE,129.68,130.86,total postings
2024-12-21,DE,129.72,130.86,total postings
2024-12-22,DE,129.67,130.85,total postings
2024-12-23,DE,129.65,130.9,total postings
2024-12-24,DE,129.73,131.05,total postings
2024-12-25,DE,129.82,131.17,total postings
2024-12-26,DE,129.95,131.3,total postings
2024-12-27,DE,129.95,131.32,total postings
2024-12-28,DE,129.83,131.2,total postings
2024-12-29,DE,129.83,131.08,total postings
2024-12-30,DE,129.82,130.91,total postings
2024-12-31,DE,129.82,130.65,total postings
2025-01-01,DE,129.84,130.25,total postings
2025-01-02,DE,129.71,129.66,total postings
2025-01-03,DE,129.69,129.21,total postings
2025-01-04,DE,129.7,128.81,total postings
2025-01-05,DE,129.61,128.34,total postings
2025-01-06,DE,129.47,127.83,total postings
2025-01-07,DE,129.2,127.29,total postings
2025-01-08,DE,129.04,127.06,total postings
2025-01-09,DE,129.01,127.05,total postings
2025-01-10,DE,128.96,126.97,total postings
2025-01-11,DE,128.94,126.93,total postings
2025-01-12,DE,128.9,126.91,total postings
2025-01-13,DE,128.9,126.94,total postings
2025-01-14,DE,129.06,127.13,total postings
2025-01-15,DE,129.08,127.2,total postings
2025-01-16,DE,129.09,127.21,total postings
2025-01-17,DE,129.03,127.19,total postings
2025-01-18,DE,129.04,127.25,total postings
2025-01-19,DE,129.07,127.32,total postings
2025-01-20,DE,129.03,127.35,total postings
2025-01-21,DE,128.96,127.3,total postings
2025-01-22,DE,128.92,127.32,total postings
2025-01-23,DE,128.9,127.39,total postings
2025-01-24,DE,128.89,127.51,total postings
2025-01-25,DE,128.86,127.64,total postings
2025-01-26,DE,128.86,127.8,total postings
2025-01-27,DE,128.9,128.01,total postings
2025-01-28,DE,128.83,128.1,total postings
2025-01-29,DE,128.56,128.07,total postings
2025-01-30,DE,128.45,128.21,total postings
2025-01-31,DE,128.33,128.28,total postings
2025-02-01,DE,128.17,128.22,total postings
2025-02-02,DE,127.95,128.13,total postings
2025-02-03,DE,127.72,127.99,total postings
2025-02-04,DE,127.53,128,total postings
2025-02-05,DE,127.54,128.04,total postings
2025-02-06,DE,127.35,127.88,total postings
2025-02-07,DE,127.2,127.8,total postings
2025-02-08,DE,127.05,127.83,total postings
2025-02-09,DE,126.89,127.8,total postings
2025-02-10,DE,126.74,127.8,total postings
2025-02-11,DE,126.67,127.83,total postings
2025-02-12,DE,126.54,127.83,total postings
2025-02-13,DE,125.91,127.29,total postings
2025-02-14,DE,125.79,127.19,total postings
2025-02-15,DE,125.61,126.93,total postings
2025-02-16,DE,125.47,126.78,total postings
2025-02-17,DE,125.35,126.58,total postings
2025-02-18,DE,125.17,126.33,total postings
2025-02-19,DE,125.03,126.09,total postings
2025-02-20,DE,125.43,126.41,total postings
2025-02-21,DE,125.3,126.26,total postings
2025-02-22,DE,125.21,126.29,total postings
2025-02-23,DE,125.14,126.24,total postings
2025-02-24,DE,125.12,126.24,total postings
2025-02-25,DE,125.1,126.18,total postings
2025-02-26,DE,125.21,126.18,total postings
2025-02-27,DE,125.25,126.11,total postings
2025-02-28,DE,125.35,126.11,total postings
2025-03-01,DE,125.44,125.89,total postings
2025-03-02,DE,125.53,125.7,total postings
2025-03-03,DE,125.54,125.44,total postings
2025-03-04,DE,125.6,125.33,total postings
2025-03-05,DE,125.35,124.92,total postings
2025-03-06,DE,125.3,124.65,total postings
2025-03-07,DE,125.23,124.37,total postings
2025-03-08,DE,125.12,124.2,total postings
2025-03-09,DE,124.95,124.04,total postings
2025-03-10,DE,124.7,123.92,total postings
2025-03-11,DE,124.45,123.72,total postings
2025-03-12,DE,124.42,123.79,total postings
2025-03-13,DE,124.15,123.72,total postings
2025-03-14,DE,123.81,123.6,total postings
2025-03-15,DE,123.59,123.55,total postings
2025-03-16,DE,123.31,123.39,total postings
2025-03-17,DE,123.15,123.33,total postings
2025-03-18,DE,122.94,123.22,total postings
2025-03-19,DE,122.7,123.1,total postings
2025-03-20,DE,122.62,123.07,total postings
2025-03-21,DE,122.59,122.96,total postings
2025-03-22,DE,122.43,122.78,total postings
2025-03-23,DE,122.41,122.73,total postings
2025-03-24,DE,122.39,122.61,total postings
2025-03-25,DE,122.46,122.51,total postings
2025-03-26,DE,122.59,122.47,total postings
2025-03-27,DE,122.65,122.33,total postings
2025-03-28,DE,122.74,122.28,total postings
2025-03-29,DE,122.94,122.24,total postings
2025-03-30,DE,123.13,122.15,total postings
2025-03-31,DE,123.23,121.93,total postings
2025-04-01,DE,123.28,121.6,total postings
2025-04-02,DE,123.35,121.31,total postings
2025-04-03,DE,123.43,121.05,total postings
2025-04-04,DE,123.5,120.79,total postings
2025-04-05,DE,123.62,120.57,total postings
2025-04-06,DE,123.64,120.3,total postings
2025-04-07,DE,123.74,120.16,total postings
2025-04-08,DE,123.78,120.05,total postings
2025-04-09,DE,123.79,119.91,total postings
2025-04-10,DE,123.71,119.71,total postings
2025-04-11,DE,123.6,119.55,total postings
2025-04-12,DE,123.45,119.39,total postings
2025-04-13,DE,123.44,119.32,total postings
2025-04-14,DE,123.4,119.24,total postings
2025-04-15,DE,123.4,119.2,total postings
2025-04-16,DE,123.39,119.17,total postings
2025-04-17,DE,123.39,119.21,total postings
2025-04-18,DE,123.46,119.32,total postings
2025-04-19,DE,123.45,119.25,total postings
2025-04-20,DE,123.38,119.16,total postings
2025-04-21,DE,123.39,119.2,total postings
2025-04-22,DE,123.34,119.13,total postings
2025-04-23,DE,123.23,118.96,total postings
2025-04-24,DE,123.13,118.83,total postings
2025-04-25,DE,122.95,118.55,total postings
2025-04-26,DE,122.87,118.45,total postings
2025-04-27,DE,122.77,118.32,total postings
2025-04-28,DE,122.65,118.13,total postings
2025-04-29,DE,122.63,118.13,total postings
2025-04-30,DE,122.61,118.11,total postings
2025-05-01,DE,122.71,118.09,total postings
2025-05-02,DE,122.82,118.07,total postings
2025-05-03,DE,122.92,118.01,total postings
2025-05-04,DE,123.03,117.97,total postings
2025-05-05,DE,123.11,117.86,total postings
2025-05-06,DE,123.15,117.76,total postings
2025-05-07,DE,123.2,117.69,total postings
2025-05-08,DE,123.18,117.6,total postings
2025-05-09,DE,123.12,117.57,total postings
2025-05-10,DE,122.98,117.56,total postings
2025-05-11,DE,122.73,117.39,total postings
2025-05-12,DE,122.44,117.2,total postings
2025-05-13,DE,122.18,117,total postings
2025-05-14,DE,121.99,116.83,total postings
2025-05-15,DE,121.75,116.66,total postings
2025-05-16,DE,121.69,116.66,total postings
2025-05-17,DE,121.59,116.55,total postings
2025-05-18,DE,121.62,116.65,total postings
2025-05-19,DE,121.67,116.75,total postings
2025-05-20,DE,121.73,116.87,total postings
2025-05-21,DE,121.83,117.03,total postings
2025-05-22,DE,121.92,117.2,total postings
2025-05-23,DE,121.96,117.33,total postings
2025-05-24,DE,122.1,117.57,total postings
2025-05-25,DE,122.2,117.75,total postings
2025-05-26,DE,122.3,117.94,total postings
2025-05-27,DE,122.34,118.11,total postings
2025-05-28,DE,122.36,118.25,total postings
2025-05-29,DE,122.44,118.39,total postings
2025-05-30,DE,122.4,118.37,total postings
2025-05-31,DE,122.34,118.31,total postings
2025-06-01,DE,122.3,118.17,total postings
2025-06-02,DE,122.23,118.02,total postings
2025-06-03,DE,122.19,117.94,total postings
2025-06-04,DE,122.14,117.84,total postings
2025-06-05,DE,121.99,117.63,total postings
2025-06-06,DE,121.79,117.42,total postings
2025-06-07,DE,121.69,117.33,total postings
2025-06-08,DE,121.55,117.32,total postings
2025-06-09,DE,121.55,117.41,total postings
2025-06-10,DE,121.38,117.29,total postings
2025-06-11,DE,121.12,117.17,total postings
2025-06-12,DE,120.97,117.15,total postings
2025-06-13,DE,120.86,117.2,total postings
2025-06-14,DE,120.67,117.09,total postings
2025-06-15,DE,120.57,117.07,total postings
2025-06-16,DE,120.34,116.91,total postings
2025-06-17,DE,120.23,116.86,total postings
2025-06-18,DE,120.16,116.83,total postings
2025-06-19,DE,120.12,116.85,total postings
2025-06-20,DE,120.03,116.78,total postings
2025-06-21,DE,119.92,116.76,total postings
2025-06-22,DE,119.76,116.66,total postings
2025-06-23,DE,119.56,116.62,total postings
2025-06-24,DE,119.42,116.58,total postings
2025-06-25,DE,119.28,116.55,total postings
2025-06-26,DE,119.11,116.51,total postings
2025-06-27,DE,119.09,116.61,total postings
2025-06-28,DE,119.03,116.7,total postings
2025-06-29,DE,118.97,116.78,total postings
2025-06-30,DE,118.79,116.82,total postings
2025-07-01,DE,118.4,116.7,total postings
2025-07-02,DE,118.05,116.58,total postings
2025-07-03,DE,117.72,116.47,total postings
2025-07-04,DE,117.39,116.32,total postings
2025-07-05,DE,117.08,116.19,total postings
2025-07-06,DE,116.75,116.09,total postings
2025-07-07,DE,116.56,116.04,total postings
2025-07-08,DE,116.55,116.1,total postings
2025-07-09,DE,116.51,116.17,total postings
2025-07-10,DE,116.35,116.12,total postings
2025-07-11,DE,116.19,116.11,total postings
2025-07-12,DE,116.1,116.14,total postings
2025-07-13,DE,115.98,116.12,total postings
2025-07-14,DE,115.87,116.08,total postings
2025-07-15,DE,115.87,116.19,total postings
2025-07-16,DE,115.83,116.25,total postings
2025-07-17,DE,115.81,116.35,total postings
2025-07-18,DE,115.74,116.29,total postings
2025-07-19,DE,115.49,116.11,total postings
2025-07-20,DE,115.31,116,total postings
2025-07-21,DE,115.18,115.93,total postings
2025-07-22,DE,115.03,115.84,total postings
2025-07-23,DE,114.91,115.76,total postings
2025-07-24,DE,114.88,115.82,total postings
2025-07-25,DE,114.92,115.95,total postings
2025-07-26,DE,115.17,116.17,total postings
2025-07-27,DE,115.28,116.29,total postings
2025-07-28,DE,115.37,116.38,total postings
2025-07-29,DE,115.3,116.38,total postings
2025-07-30,DE,115.24,116.39,total postings
2025-07-31,DE,115.07,116.2,total postings
2025-08-01,DE,114.66,115.78,total postings
2025-08-02,DE,114.39,115.61,total postings
2025-08-03,DE,114.25,115.46,total postings
2025-08-04,DE,114.05,115.3,total postings
2025-08-05,DE,113.93,115.13,total postings
2025-08-06,DE,113.9,115.02,total postings
2025-08-07,DE,113.97,115.03,total postings
2025-08-08,DE,114.27,115.29,total postings
2025-08-09,DE,114.3,115.27,total postings
2025-08-10,DE,114.33,115.3,total postings
2025-08-11,DE,114.44,115.39,total postings
2025-08-12,DE,114.56,115.52,total postings
2025-08-13,DE,114.64,115.59,total postings
2025-08-14,DE,114.6,115.61,total postings
2025-08-15,DE,114.56,115.65,total postings
2025-08-16,DE,114.59,115.69,total postings
2025-08-17,DE,114.59,115.69,total postings
2025-08-18,DE,114.51,115.62,total postings
2025-08-19,DE,114.51,115.6,total postings
2025-08-20,DE,114.5,115.63,total postings
2025-08-21,DE,114.58,115.7,total postings
2025-08-22,DE,114.7,115.82,total postings
2025-08-23,DE,114.81,115.96,total postings
2025-08-24,DE,114.96,116.13,total postings
2025-08-25,DE,115.18,116.33,total postings
2025-08-26,DE,115.23,116.38,total postings
2025-08-27,DE,115.36,116.49,total postings
2025-08-28,DE,115.51,116.65,total postings
2025-08-29,DE,115.54,116.6,total postings
2025-08-30,DE,115.53,116.53,total postings
2025-08-31,DE,115.48,116.39,total postings
2025-09-01,DE,115.42,116.19,total postings
2025-09-02,DE,115.57,116.19,total postings
2025-09-03,DE,115.64,116.14,total postings
2025-09-04,DE,115.66,116.03,total postings
2025-09-05,DE,115.77,116.04,total postings
2025-09-06,DE,115.91,116.13,total postings
2025-09-07,DE,116.05,116.28,total postings
2025-09-08,DE,116.2,116.53,total postings
2025-09-09,DE,116.26,116.67,total postings
2025-09-10,DE,116.26,116.73,total postings
2025-09-11,DE,116.32,116.87,total postings
2025-09-12,DE,116.36,117.02,total postings
2025-09-13,DE,116.38,117.17,total postings
2025-09-14,DE,116.43,117.33,total postings
2025-09-15,DE,116.44,117.43,total postings
2025-09-16,DE,116.4,117.49,total postings
2025-09-17,DE,116.47,117.69,total postings
2025-09-18,DE,116.52,117.81,total postings
2025-09-19,DE,116.5,117.81,total postings
2025-09-20,DE,116.49,117.79,total postings
2025-09-21,DE,116.38,117.7,total postings
2025-09-22,DE,116.33,117.71,total postings
2025-09-23,DE,116.29,117.74,total postings
2025-09-24,DE,116.17,117.68,total postings
2025-09-25,DE,116.09,117.71,total postings
2025-09-26,DE,116.02,117.76,total postings
2025-09-27,DE,115.93,117.75,total postings
2025-09-28,DE,115.93,117.8,total postings
2025-09-29,DE,115.88,117.73,total postings
2025-09-30,DE,115.89,117.68,total postings
2025-10-01,DE,115.88,117.49,total postings
2025-10-02,DE,115.87,117.27,total postings
2025-10-03,DE,115.94,117.14,total postings
2025-10-04,DE,116.02,116.98,total postings
2025-10-05,DE,116.17,116.83,total postings
2025-10-06,DE,116.38,116.77,total postings
2025-10-07,DE,116.48,116.68,total postings
2025-10-08,DE,116.69,116.8,total postings
2025-10-09,DE,116.73,116.81,total postings
2025-10-10,DE,116.72,116.8,total postings
2025-10-11,DE,116.69,116.83,total postings
2025-10-12,DE,116.54,116.86,total postings
2025-10-13,DE,116.37,116.85,total postings
2025-10-14,DE,116.27,116.89,total postings
2025-10-15,DE,116.06,116.83,total postings
2025-10-16,DE,115.97,116.86,total postings
2025-10-17,DE,115.88,116.87,total postings
2025-10-18,DE,115.85,116.9,total postings
2025-10-19,DE,115.9,116.97,total postings
2025-10-20,DE,115.91,117.02,total postings
2025-10-21,DE,115.79,116.92,total postings
2025-10-22,DE,115.84,117,total postings
2025-10-23,DE,115.82,117.01,total postings
2025-10-24,DE,115.82,117.03,total postings
2025-10-25,DE,115.85,117.11,total postings
2025-10-26,DE,115.81,117.17,total postings
2025-10-27,DE,115.8,117.25,total postings
2025-10-28,DE,115.87,117.43,total postings
2025-10-29,DE,115.9,117.47,total postings
2025-10-30,DE,115.95,117.55,total postings
2025-10-31,DE,115.98,117.55,total postings
2025-11-01,DE,115.8,117.23,total postings
2025-11-02,DE,115.71,116.95,total postings
2025-11-03,DE,115.62,116.65,total postings
2025-11-04,DE,115.55,116.4,total postings
2025-11-05,DE,115.42,116.17,total postings
2025-11-06,DE,115.36,116.02,total postings
2025-11-07,DE,115.28,115.88,total postings
2025-11-08,DE,115.37,116.04,total postings
2025-11-09,DE,115.42,116.17,total postings
2025-11-10,DE,115.53,116.43,total postings
2025-11-11,DE,115.67,116.66,total postings
2025-11-12,DE,115.78,116.9,total postings
2025-11-13,DE,115.8,117.04,total postings
2025-11-14,DE,115.84,117.22,total postings
2025-11-15,DE,115.86,117.34,total postings
2025-11-16,DE,115.78,117.37,total postings
2025-11-17,DE,115.69,117.39,total postings
2025-11-18,DE,115.68,117.53,total postings
2025-11-19,DE,115.56,117.5,total postings
2025-11-20,DE,115.54,117.61,total postings
2025-11-21,DE,115.59,117.75,total postings
2025-11-22,DE,115.62,117.86,total postings
2025-11-23,DE,115.66,117.99,total postings
2025-11-24,DE,115.71,118.1,total postings
2025-11-25,DE,115.65,118.08,total postings
2025-11-26,DE,115.7,118.15,total postings
2025-11-27,DE,115.68,118.11,total postings
2025-11-28,DE,115.63,118.02,total postings
2025-11-29,DE,115.6,117.88,total postings
2025-11-30,DE,115.56,117.76,total postings
2025-12-01,DE,115.5,117.55,total postings
2025-12-02,DE,115.51,117.41,total postings
2025-12-03,DE,115.51,117.27,total postings
2025-12-04,DE,115.37,116.96,total postings
2025-12-05,DE,115.22,116.65,total postings
2025-12-06,DE,114.96,116.33,total postings
2025-12-07,DE,114.76,116.06,total postings
2025-12-08,DE,114.56,115.86,total postings
2025-12-09,DE,114.27,115.61,total postings
2025-12-10,DE,114.06,115.41,total postings
2025-12-11,DE,113.97,115.41,total postings
2025-12-12,DE,113.89,115.41,total postings
2025-12-13,DE,113.88,115.45,total postings
2025-12-14,DE,113.9,115.48,total postings
2025-12-15,DE,114,115.54,total postings
2025-12-16,DE,114.09,115.57,total postings
2025-12-17,DE,114.23,115.65,total postings
2025-12-18,DE,114.34,115.7,total postings
2025-12-19,DE,114.49,115.81,total postings
2025-12-20,DE,114.68,115.95,total postings
2025-12-21,DE,114.83,116.07,total postings
2025-12-22,DE,114.97,116.24,total postings
2025-12-23,DE,115.1,116.45,total postings
2025-12-24,DE,115.12,116.53,total postings
2025-12-25,DE,115.13,116.57,total postings
2025-12-26,DE,115.04,116.49,total postings
2025-12-27,DE,114.93,116.39,total postings
2025-12-28,DE,114.84,116.27,total postings
2025-12-29,DE,114.84,116.13,total postings
2025-12-30,DE,114.84,115.96,total postings
2025-12-31,DE,114.89,115.73,total postings
2026-01-01,DE,114.94,115.34,total postings
2026-01-02,DE,114.94,114.85,total postings
2026-01-03,DE,114.87,114.34,total postings
2026-01-04,DE,114.7,113.78,total postings
2026-01-05,DE,114.47,113.3,total postings
2026-01-06,DE,114.33,112.9,total postings
2026-01-07,DE,114.23,112.61,total postings
2026-01-08,DE,114.19,112.52,total postings
2026-01-09,DE,114.19,112.55,total postings
2026-01-10,DE,114.15,112.51,total postings
2026-01-11,DE,114.18,112.55,total postings
2026-01-12,DE,114.35,112.72,total postings
2026-01-13,DE,114.55,112.94,total postings
2026-01-14,DE,114.5,112.94,total postings
2026-01-15,DE,114.34,112.83,total postings
2026-01-16,DE,114.39,112.9,total postings
2026-01-17,DE,114.45,112.99,total postings
2026-01-18,DE,114.51,113.09,total postings
2026-01-19,DE,114.3,112.92,total postings
2026-01-20,DE,114.02,112.7,total postings
2026-01-21,DE,113.97,112.67,total postings
2026-01-22,DE,114.07,112.8,total postings
2026-01-23,DE,114.09,112.89,total postings
2026-01-24,DE,114.19,113.1,total postings
2026-01-25,DE,114.21,113.23,total postings
2026-01-26,DE,114.26,113.39,total postings
2026-01-27,DE,114.24,113.5,total postings
2026-01-28,DE,114.22,113.6,total postings
2026-01-29,DE,114.11,113.68,total postings
2026-01-30,DE,113.95,113.73,total postings
2026-01-31,DE,113.82,113.75,total postings
2026-02-01,DE,113.72,113.72,total postings
2026-02-02,DE,113.62,113.7,total postings
2026-02-03,DE,113.57,113.71,total postings
2026-02-04,DE,113.49,113.71,total postings
2026-02-05,DE,113.43,113.66,total postings
2026-02-06,DE,113.37,113.58,total postings
2026-02-07,DE,113.28,113.48,total postings
2026-02-08,DE,113.29,113.53,total postings
2026-02-09,DE,113.31,113.57,total postings
2026-02-10,DE,113.33,113.6,total postings
2026-02-11,DE,113.35,113.64,total postings
2026-02-12,DE,113.38,113.68,total postings
2026-02-13,DE,113.4,113.72,total postings
2026-02-14,DE,113.42,113.76,total postings
2026-02-15,DE,113.45,113.8,total postings
2026-02-16,DE,113.47,113.83,total postings
2026-02-17,DE,113.49,113.87,total postings
2026-02-18,DE,113.51,113.91,total postings
2026-02-19,DE,113.54,113.95,total postings
2026-02-20,DE,113.56,113.99,total postings
2026-02-21,DE,113.58,114.02,total postings
2026-02-22,DE,113.61,114.06,total postings
2026-02-23,DE,113.63,114.1,total postings
2026-02-24,DE,113.65,114.14,total postings
2026-02-25,DE,113.67,114.18,total postings
2026-02-26,DE,113.75,114.17,total postings
2026-02-27,DE,113.85,114.19,total postings
2026-02-28,DE,113.9,114.19,total postings
2026-03-01,DE,113.9,114.04,total postings
2026-03-02,DE,113.86,113.85,total postings
2026-03-03,DE,113.94,113.72,total postings
2026-03-04,DE,113.95,113.56,total postings
2026-03-05,DE,113.95,113.44,total postings
2026-03-06,DE,113.89,113.21,total postings
2026-03-07,DE,113.89,113.03,total postings
2026-03-08,DE,113.83,112.95,total postings
2026-03-09,DE,113.77,112.9,total postings
2026-03-10,DE,113.48,112.74,total postings
2026-03-11,DE,113.12,112.43,total postings
2026-03-12,DE,112.68,112.08,total postings
2026-03-13,DE,112.32,111.87,total postings
2026-03-14,DE,111.88,111.63,total postings
2026-03-15,DE,111.48,111.37,total postings
2026-03-16,DE,111.09,111.09,total postings
2026-03-17,DE,110.67,110.75,total postings
2026-03-18,DE,110.47,110.64,total postings
2026-03-19,DE,110.28,110.55,total postings
2026-03-20,DE,110.06,110.37,total postings
2026-03-21,DE,109.88,110.14,total postings
2026-03-22,DE,109.7,109.93,total postings
2026-03-23,DE,109.49,109.7,total postings
2026-03-24,DE,109.48,109.6,total postings
2026-03-25,DE,109.36,109.34,total postings
2026-03-26,DE,109.32,109.16,total postings
2026-03-27,DE,109.34,109.01,total postings
2026-03-28,DE,109.39,108.95,total postings
2026-03-29,DE,109.5,108.9,total postings
2026-03-30,DE,109.68,108.89,total postings
2026-03-31,DE,109.78,108.75,total postings
2026-04-01,DE,109.88,108.55,total postings
2026-04-02,DE,109.88,108.25,total postings
2026-04-03,DE,109.84,107.91,total postings
2026-04-04,DE,109.75,107.54,total postings
2026-04-05,DE,109.63,107.14,total postings
2026-04-06,DE,109.41,106.67,total postings
2026-04-07,DE,109.23,106.31,total postings
2026-04-08,DE,109.15,106.12,total postings
2026-04-09,DE,109.11,105.98,total postings
2026-04-10,DE,109.03,105.86,total postings
2026-04-11,DE,108.98,105.76,total postings
2026-04-12,DE,108.92,105.68,total postings
2026-04-13,DE,108.94,105.65,total postings
2026-04-14,DE,108.88,105.54,total postings
2026-04-15,DE,108.75,105.38,total postings
2026-04-16,DE,108.59,105.21,total postings
2026-04-17,DE,108.32,104.97,total postings
2026-04-18,DE,108.07,104.72,total postings
2026-04-19,DE,107.93,104.52,total postings
2026-04-20,DE,107.81,104.37,total postings
2026-04-21,DE,107.84,104.39,total postings
2026-04-22,DE,108.03,104.57,total postings
2026-04-23,DE,108.27,104.79,total postings
2026-04-24,DE,108.6,105.07,total postings
2026-04-25,DE,108.95,105.36,total postings
2026-04-26,DE,109.19,105.6,total postings
2026-04-27,DE,109.39,105.79,total postings
2026-04-28,DE,109.54,105.91,total postings
2026-04-29,DE,109.56,105.94,total postings
2026-04-30,DE,109.55,105.91,total postings
2026-05-01,DE,109.48,105.75,total postings
2026-05-02,DE,109.36,105.52,total postings
2026-05-03,DE,109.28,105.31,total postings
2026-05-04,DE,109.22,105.12,total postings
2026-05-05,DE,109.19,104.95,total postings
2026-05-06,DE,109.13,104.78,total postings
2026-05-07,DE,109.13,104.66,total postings
2026-05-08,DE,109.23,104.72,total postings
2026-05-09,DE,109.36,104.87,total postings
2026-05-10,DE,109.35,104.99,total postings
2026-05-11,DE,109.37,105.08,total postings
2026-05-12,DE,109.36,105.14,total postings
2026-05-13,DE,109.37,105.18,total postings
2026-05-14,DE,109.36,105.2,total postings
2026-05-15,DE,109.27,105.17,total postings
2026-05-16,DE,109.1,105.05,total postings
2026-05-17,DE,109.05,104.99,total postings
2026-05-18,DE,108.98,104.98,total postings
2026-05-19,DE,108.88,104.94,total postings
2026-05-20,DE,108.82,104.92,total postings
2026-05-21,DE,108.71,104.86,total postings
2026-05-22,DE,108.63,104.84,total postings
2026-05-23,DE,108.58,104.85,total postings
2026-05-24,DE,108.51,104.85,total postings
2026-05-25,DE,108.32,104.71,total postings
2026-05-26,DE,108.01,104.47,total postings
2026-05-27,DE,107.53,104.1,total postings
2026-05-28,DE,107.18,103.85,total postings
2026-05-29,DE,106.82,103.56,total postings
2026-05-30,DE,106.71,103.48,total postings
2026-05-31,DE,106.43,103.22,total postings
2026-06-01,DE,106.37,103.07,total postings
2026-06-02,DE,106.52,103.16,total postings
2026-06-03,DE,106.77,103.35,total postings
2026-06-04,DE,107.05,103.57,total postings
2026-06-05,DE,107.3,103.75,total postings
2026-06-06,DE,107.42,103.86,total postings
2026-06-07,DE,107.66,104.09,total postings
2026-06-08,DE,107.68,104.22,total postings
2026-06-09,DE,107.64,104.26,total postings
2026-06-10,DE,107.57,104.25,total postings
2026-06-11,DE,107.45,104.23,total postings
2026-06-12,DE,107.45,104.33,total postings
2026-06-13,DE,107.52,104.52,total postings
2026-06-14,DE,107.59,104.66,total postings
2026-06-15,DE,107.64,104.77,total postings
2026-06-16,DE,107.68,104.86,total postings
2026-06-17,DE,107.79,105.02,total postings
2026-06-18,DE,107.72,104.98,total postings
2026-06-19,DE,107.73,105.04,total postings
2026-06-20,DE,107.65,104.98,total postings
2026-06-21,DE,107.57,104.98,total postings
2026-06-22,DE,107.49,104.94,total postings
2026-06-23,DE,107.29,104.87,total postings
2026-06-24,DE,107.09,104.75,total postings
2026-06-25,DE,107.01,104.75,total postings
2026-06-26,DE,106.7,104.55,total postings
2026-06-27,DE,106.54,104.49,total postings
2026-06-28,DE,106.33,104.41,total postings
2026-06-29,DE,106.1,104.31,total postings
2026-06-30,DE,105.59,103.99,total postings
2026-07-01,DE,105.16,103.78,total postings
2026-07-02,DE,104.76,103.58,total postings
2026-07-03,DE,104.52,103.52,total postings
2026-07-04,DE,104.23,103.4,total postings
2026-07-05,DE,103.99,103.3,total postings
2026-07-06,DE,103.72,103.22,total postings
2026-07-07,DE,103.9,103.49,total postings
2026-07-08,DE,104.01,103.67,total postings
2026-07-09,DE,104.13,103.88,total postings
2026-07-10,DE,104.27,104.11,total postings
2026-07-11,DE,104.39,104.36,total postings
2026-07-12,DE,104.53,104.58,total postings
2026-07-13,DE,104.66,104.79,total postings
2026-07-14,DE,104.72,104.9,total postings
2026-07-15,DE,104.73,104.99,total postings
2026-07-16,DE,104.67,105.01,total postings
2026-07-17,DE,104.49,104.93,total postings
2026-07-18,DE,104.33,104.78,total postings
2026-07-19,DE,104.14,104.65,total postings
2026-07-20,DE,104.05,104.63,total postings
2026-07-21,DE,104.02,104.64,total postings
2026-07-22,DE,104.07,104.73,total postings
2026-07-23,DE,104.06,104.75,total postings
2026-07-24,DE,104.11,104.86,total postings
2026-07-25,DE,104.21,105.03,total postings
2026-07-26,DE,104.39,105.18,total postings
2026-07-27,DE,104.45,105.24,total postings
2026-07-28,DE,104.46,105.25,total postings
2026-07-29,DE,104.35,105.2,total postings
2026-07-30,DE,104.26,105.18,total postings
2026-07-31,DE,103.98,104.89,total postings
2026-08-01,DE,103.75,104.66,total postings
2026-08-02,DE,103.47,104.45,total postings
2026-08-03,DE,103.27,104.23,total postings
2026-08-04,DE,103.26,104.25,total postings
2026-08-05,DE,103.28,104.23,total postings
2026-08-06,DE,103.38,104.24,total postings
2026-08-07,DE,103.68,104.48,total postings
2026-08-08,DE,103.86,104.63,total postings
2026-08-09,DE,104.07,104.81,total postings
2026-08-10,DE,104.25,104.99,total postings
2026-08-11,DE,104.27,105,total postings
2026-08-12,DE,104.28,105.01,total postings
2026-08-13,DE,104.29,105,total postings
2026-08-14,DE,104.28,105.05,total postings
2026-08-15,DE,104.24,105.08,total postings
2026-08-16,DE,104.22,105.08,total postings
2026-08-17,DE,104.21,105.05,total postings
2026-08-18,DE,104.22,105.08,total postings
2026-08-19,DE,104.31,105.16,total postings
2026-08-20,DE,104.4,105.28,total postings
2026-08-21,DE,104.45,105.32,total postings
2026-08-22,DE,104.5,105.37,total postings
2026-08-23,DE,104.54,105.43,total postings
2026-08-24,DE,104.56,105.47,total postings
2026-08-25,DE,104.57,105.46,total postings
2026-08-26,DE,104.57,105.45,total postings
2026-08-27,DE,104.53,105.41,total postings
2026-08-28,DE,104.48,105.37,total postings
2026-08-29,DE,104.51,105.35,total postings
2026-08-30,DE,104.52,105.33,total postings
2026-08-31,DE,104.41,105.16,total postings
2026-09-01,DE,104.46,105.1,total postings
2026-09-02,DE,104.63,105.14,total postings
2026-09-03,DE,104.78,105.19,total postings
2026-09-04,DE,105.03,105.31,total postings
2026-09-05,DE,105.23,105.43,total postings
2026-09-06,DE,105.38,105.52,total postings
2026-09-07,DE,105.67,105.81,total postings
2026-09-08,DE,105.79,106.01,total postings
2026-09-09,DE,105.76,106.05,total postings
2026-09-10,DE,105.74,106.1,total postings
2026-09-11,DE,105.69,106.1,total postings
2020-02-01,DE,100,100,new postings
2020-02-02,DE,100.38,101.15,new postings
2020-02-03,DE,100.64,102.42,new postings
2020-02-04,DE,101.79,104.89,new postings
2020-02-05,DE,104.21,107.49,new postings
2020-02-06,DE,105.3,108.82,new postings
2020-02-07,DE,106.75,110.2,new postings
2020-02-08,DE,107.83,111.59,new postings
2020-02-09,DE,109.44,112.81,new postings
2020-02-10,DE,111.35,113.82,new postings
2020-02-11,DE,112.25,113.54,new postings
2020-02-12,DE,112,112.45,new postings
2020-02-13,DE,112.16,111.95,new postings
2020-02-14,DE,110.87,110.23,new postings
2020-02-15,DE,110.26,108.58,new postings
2020-02-16,DE,108.88,106.87,new postings
2020-02-17,DE,107.49,105.29,new postings
2020-02-18,DE,106.58,104.37,new postings
2020-02-19,DE,106.73,104.45,new postings
2020-02-20,DE,106.67,104.56,new postings
2020-02-21,DE,107.51,105.55,new postings
2020-02-22,DE,108.03,106.39,new postings
2020-02-23,DE,108.74,107.1,new postings
2020-02-24,DE,109.48,107.85,new postings
2020-02-25,DE,109.27,107.71,new postings
2020-02-26,DE,108.64,106.75,new postings
2020-02-27,DE,107.78,105.26,new postings
2020-02-28,DE,106.6,103.52,new postings
2020-02-29,DE,105.36,101.74,new postings
2020-03-01,DE,104.63,100.41,new postings
2020-03-02,DE,103.91,99.04,new postings
2020-03-03,DE,103.97,98.51,new postings
2020-03-04,DE,104.5,98.76,new postings
2020-03-05,DE,104.84,99,new postings
2020-03-06,DE,106.02,99.98,new postings
2020-03-07,DE,107.55,101.32,new postings
2020-03-08,DE,108.75,102.31,new postings
2020-03-09,DE,110.09,103.28,new postings
2020-03-10,DE,112.25,104.99,new postings
2020-03-11,DE,113.32,105.76,new postings
2020-03-12,DE,115.18,107.24,new postings
2020-03-13,DE,116.38,107.84,new postings
2020-03-14,DE,116.43,107.27,new postings
2020-03-15,DE,116.68,106.68,new postings
2020-03-16,DE,116,106.02,new postings
2020-03-17,DE,112.56,102.81,new postings
2020-03-18,DE,109.14,99.62,new postings
2020-03-19,DE,103.73,94.62,new postings
2020-03-20,DE,96.67,88.63,new postings
2020-03-21,DE,90.14,83.11,new postings
2020-03-22,DE,83.54,77.7,new postings
2020-03-23,DE,78.02,72.38,new postings
2020-03-24,DE,73.95,68.15,new postings
2020-03-25,DE,70.77,64.61,new postings
2020-03-26,DE,68.6,62.25,new postings
2020-03-27,DE,68.33,61.13,new postings
2020-03-28,DE,68.48,60.08,new postings
2020-03-29,DE,68.83,59.07,new postings
2020-03-30,DE,68.37,57.73,new postings
2020-03-31,DE,68.5,57.11,new postings
2020-04-01,DE,68.26,56.14,new postings
2020-04-02,DE,69.22,55.45,new postings
2020-04-03,DE,70.25,54.72,new postings
2020-04-04,DE,72.34,54.65,new postings
2020-04-05,DE,74.07,54.32,new postings
2020-04-06,DE,75.65,54.37,new postings
2020-04-07,DE,77.66,54.68,new postings
2020-04-08,DE,80.52,55.54,new postings
2020-04-09,DE,80.57,56,new postings
2020-04-10,DE,80.75,57.32,new postings
2020-04-11,DE,79.73,57.08,new postings
2020-04-12,DE,76.88,56.92,new postings
2020-04-13,DE,73.94,57.1,new postings
2020-04-14,DE,71.29,56.01,new postings
2020-04-15,DE,69.06,55.22,new postings
2020-04-16,DE,69.31,55,new postings
2020-04-17,DE,69.64,53.77,new postings
2020-04-18,DE,70.17,54.55,new postings
2020-04-19,DE,72.24,55.32,new postings
2020-04-20,DE,73.49,55.46,new postings
2020-04-21,DE,74.78,56.95,new postings
2020-04-22,DE,76.12,58.1,new postings
2020-04-23,DE,77.42,59.23,new postings
2020-04-24,DE,78.01,60.48,new postings
2020-04-25,DE,78.84,60.98,new postings
2020-04-26,DE,79.64,61.76,new postings
2020-04-27,DE,81.33,62.68,new postings
2020-04-28,DE,82.52,63.34,new postings
2020-04-29,DE,81.6,63.13,new postings
2020-04-30,DE,80.33,62.63,new postings
2020-05-01,DE,79.46,62.47,new postings
2020-05-02,DE,79.2,61.35,new postings
2020-05-03,DE,78.95,59.76,new postings
2020-05-04,DE,78.66,58.44,new postings
2020-05-05,DE,78.15,56.96,new postings
2020-05-06,DE,78.9,56.44,new postings
2020-05-07,DE,79.52,55.98,new postings
2020-05-08,DE,79.74,55.51,new postings
2020-05-09,DE,77.82,56.81,new postings
2020-05-10,DE,76.22,58.72,new postings
2020-05-11,DE,75.92,60.29,new postings
2020-05-12,DE,75.31,61.9,new postings
2020-05-13,DE,74.84,63.5,new postings
2020-05-14,DE,75.48,65.15,new postings
2020-05-15,DE,77.09,66.88,new postings
2020-05-16,DE,79.75,68.01,new postings
2020-05-17,DE,81.26,68.66,new postings
2020-05-18,DE,82.5,69.61,new postings
2020-05-19,DE,84.6,70.55,new postings
2020-05-20,DE,86.57,71.31,new postings
2020-05-21,DE,87.59,72.31,new postings
2020-05-22,DE,85.84,71.64,new postings
2020-05-23,DE,83.41,69.82,new postings
2020-05-24,DE,81.93,68.1,new postings
2020-05-25,DE,80.91,66.13,new postings
2020-05-26,DE,77.64,63.9,new postings
2020-05-27,DE,73.93,61.95,new postings
2020-05-28,DE,69.64,59.54,new postings
2020-05-29,DE,69.35,60.35,new postings
2020-05-30,DE,71.77,60.88,new postings
2020-05-31,DE,76.25,63.77,new postings
2020-06-01,DE,79.69,66.88,new postings
2020-06-02,DE,83.82,68.87,new postings
2020-06-03,DE,87.43,70.61,new postings
2020-06-04,DE,91.11,72.18,new postings
2020-06-05,DE,93.56,72.4,new postings
2020-06-06,DE,93.27,73.35,new postings
2020-06-07,DE,91.16,72.09,new postings
2020-06-08,DE,88.31,70.49,new postings
2020-06-09,DE,88.38,71.83,new postings
2020-06-10,DE,89.35,72.93,new postings
2020-06-11,DE,91.42,75.06,new postings
2020-06-12,DE,92.01,75.91,new postings
2020-06-13,DE,93.15,76.7,new postings
2020-06-14,DE,93.53,77.41,new postings
2020-06-15,DE,94.5,78.29,new postings
2020-06-16,DE,92.56,77.31,new postings
2020-06-17,DE,90.99,76.65,new postings
2020-06-18,DE,88.04,74.94,new postings
2020-06-19,DE,87.02,75.17,new postings
2020-06-20,DE,86.81,76.37,new postings
2020-06-21,DE,87.74,77.62,new postings
2020-06-22,DE,88.76,78.76,new postings
2020-06-23,DE,90.82,79.77,new postings
2020-06-24,DE,91.66,80.56,new postings
2020-06-25,DE,92.97,81.57,new postings
2020-06-26,DE,92.66,81.33,new postings
2020-06-27,DE,91.91,80.82,new postings
2020-06-28,DE,90.38,79.89,new postings
2020-06-29,DE,88.58,79.42,new postings
2020-06-30,DE,86.79,79.28,new postings
2020-07-01,DE,85.6,79.45,new postings
2020-07-02,DE,85.05,80.03,new postings
2020-07-03,DE,85.09,81.01,new postings
2020-07-04,DE,85.03,82,new postings
2020-07-05,DE,85.09,83.41,new postings
2020-07-06,DE,86.39,85.1,new postings
2020-07-07,DE,87.72,86.77,new postings
2020-07-08,DE,89.65,88.58,new postings
2020-07-09,DE,90.3,89.3,new postings
2020-07-10,DE,91.65,90.53,new postings
2020-07-11,DE,92.76,91.33,new postings
2020-07-12,DE,94.07,91.92,new postings
2020-07-13,DE,94.61,92,new postings
2020-07-14,DE,95.82,92.79,new postings
2020-07-15,DE,95.87,92.61,new postings
2020-07-16,DE,97.25,93.51,new postings
2020-07-17,DE,97.57,93.24,new postings
2020-07-18,DE,97.93,93.03,new postings
2020-07-19,DE,98.55,93.13,new postings
2020-07-20,DE,98.72,92.85,new postings
2020-07-21,DE,97.55,91.32,new postings
2020-07-22,DE,97.54,90.94,new postings
2020-07-23,DE,96.93,89.95,new postings
2020-07-24,DE,96.79,89.45,new postings
2020-07-25,DE,98.08,90.58,new postings
2020-07-26,DE,99.21,91.28,new postings
2020-07-27,DE,100.44,92.04,new postings
2020-07-28,DE,102.89,93.65,new postings
2020-07-29,DE,104.13,94.47,new postings
2020-07-30,DE,105.45,95.6,new postings
2020-07-31,DE,106.64,97.37,new postings
2020-08-01,DE,105.01,96.87,new postings
2020-08-02,DE,103.2,96.94,new postings
2020-08-03,DE,101.2,96.88,new postings
2020-08-04,DE,98.22,96.26,new postings
2020-08-05,DE,95.34,95.65,new postings
2020-08-06,DE,93.06,95.25,new postings
2020-08-07,DE,90.54,93.7,new postings
2020-08-08,DE,90.07,93.36,new postings
2020-08-09,DE,90.49,92.48,new postings
2020-08-10,DE,91.25,91.69,new postings
2020-08-11,DE,92.66,91.19,new postings
2020-08-12,DE,94.82,90.97,new postings
2020-08-13,DE,96.79,90.5,new postings
2020-08-14,DE,98.89,90.29,new postings
2020-08-15,DE,101.21,90.21,new postings
2020-08-16,DE,103.52,90.42,new postings
2020-08-17,DE,105.8,90.76,new postings
2020-08-18,DE,108.24,91.27,new postings
2020-08-19,DE,109.9,91.42,new postings
2020-08-20,DE,111.17,91.62,new postings
2020-08-21,DE,111.53,91.41,new postings
2020-08-22,DE,111.38,90.83,new postings
2020-08-23,DE,110.09,90.23,new postings
2020-08-24,DE,108.38,89.46,new postings
2020-08-25,DE,106.08,88.24,new postings
2020-08-26,DE,104.02,87.26,new postings
2020-08-27,DE,101.98,86.18,new postings
2020-08-28,DE,100.99,85.72,new postings
2020-08-29,DE,99.91,85.23,new postings
2020-08-30,DE,98.89,84.56,new postings
2020-08-31,DE,98.13,84.06,new postings
2020-09-01,DE,97.66,84.4,new postings
2020-09-02,DE,96.97,84.9,new postings
2020-09-03,DE,96.17,85.56,new postings
2020-09-04,DE,95.22,86.27,new postings
2020-09-05,DE,94.72,87.38,new postings
2020-09-06,DE,94.64,88.71,new postings
2020-09-07,DE,94.7,89.93,new postings
2020-09-08,DE,94.38,90.38,new postings
2020-09-09,DE,94.76,90.62,new postings
2020-09-10,DE,95.72,90.85,new postings
2020-09-11,DE,96.82,91.21,new postings
2020-09-12,DE,97.85,91.35,new postings
2020-09-13,DE,98.41,91.21,new postings
2020-09-14,DE,99.28,91.2,new postings
2020-09-15,DE,100.41,91.29,new postings
2020-09-16,DE,102.01,91.89,new postings
2020-09-17,DE,103.08,92.31,new postings
2020-09-18,DE,104.19,92.71,new postings
2020-09-19,DE,104.78,92.72,new postings
2020-09-20,DE,105.99,93.17,new postings
2020-09-21,DE,106.45,93.37,new postings
2020-09-22,DE,107.56,94.15,new postings
2020-09-23,DE,107.73,94.24,new postings
2020-09-24,DE,107.51,94.13,new postings
2020-09-25,DE,107,93.75,new postings
2020-09-26,DE,106.91,93.44,new postings
2020-09-27,DE,106.34,92.85,new postings
2020-09-28,DE,106.39,92.56,new postings
2020-09-29,DE,105.51,91.67,new postings
2020-09-30,DE,104.93,91.24,new postings
2020-10-01,DE,105.19,91.69,new postings
2020-10-02,DE,105.69,92.38,new postings
2020-10-03,DE,106.16,93.3,new postings
2020-10-04,DE,108.03,94.38,new postings
2020-10-05,DE,110.37,95.29,new postings
2020-10-06,DE,113.5,96.74,new postings
2020-10-07,DE,116.91,98.25,new postings
2020-10-08,DE,120.01,98.91,new postings
2020-10-09,DE,123.46,99.62,new postings
2020-10-10,DE,126.34,100.48,new postings
2020-10-11,DE,125.77,101.32,new postings
2020-10-12,DE,124.13,102.36,new postings
2020-10-13,DE,121.49,102.69,new postings
2020-10-14,DE,118.63,102.9,new postings
2020-10-15,DE,116.32,103.36,new postings
2020-10-16,DE,112.53,102.88,new postings
2020-10-17,DE,109.25,102.42,new postings
2020-10-18,DE,108.42,102.03,new postings
2020-10-19,DE,107.81,101.28,new postings
2020-10-20,DE,107.64,100.83,new postings
2020-10-21,DE,107.77,100.53,new postings
2020-10-22,DE,107.43,99.95,new postings
2020-10-23,DE,107.88,99.85,new postings
2020-10-24,DE,107.78,99.05,new postings
2020-10-25,DE,107.5,98.15,new postings
2020-10-26,DE,108.05,97.85,new postings
2020-10-27,DE,108.5,97.19,new postings
2020-10-28,DE,108.16,95.9,new postings
2020-10-29,DE,107.9,95.05,new postings
2020-10-30,DE,107.69,94.41,new postings
2020-10-31,DE,107.78,94.08,new postings
2020-11-01,DE,108.75,93.78,new postings
2020-11-02,DE,110.15,93.27,new postings
2020-11-03,DE,111.6,93.11,new postings
2020-11-04,DE,113.37,93.47,new postings
2020-11-05,DE,114.89,93.64,new postings
2020-11-06,DE,116.58,94,new postings
2020-11-07,DE,118.9,94.95,new postings
2020-11-08,DE,119.54,95.74,new postings
2020-11-09,DE,117.79,96.36,new postings
2020-11-10,DE,115.84,96.88,new postings
2020-11-11,DE,113.48,97.03,new postings
2020-11-12,DE,111.56,97.45,new postings
2020-11-13,DE,109.69,97.69,new postings
2020-11-14,DE,107.12,97.2,new postings
2020-11-15,DE,105.42,96.89,new postings
2020-11-16,DE,104.82,96.66,new postings
2020-11-17,DE,104.58,96.61,new postings
2020-11-18,DE,105.51,97.38,new postings
2020-11-19,DE,106.05,97.61,new postings
2020-11-20,DE,106.59,97.95,new postings
2020-11-21,DE,107.44,98.51,new postings
2020-11-22,DE,108.46,99.09,new postings
2020-11-23,DE,109.52,99.29,new postings
2020-11-24,DE,110.65,99.34,new postings
2020-11-25,DE,111.21,98.67,new postings
2020-11-26,DE,111.99,98.43,new postings
2020-11-27,DE,112.48,97.87,new postings
2020-11-28,DE,112.85,97.42,new postings
2020-11-29,DE,113.13,96.82,new postings
2020-11-30,DE,113.69,96.81,new postings
2020-12-01,DE,114.02,97.13,new postings
2020-12-02,DE,114.41,97.69,new postings
2020-12-03,DE,114.64,98.55,new postings
2020-12-04,DE,114.74,99.62,new postings
2020-12-05,DE,114.84,100.9,new postings
2020-12-06,DE,114.84,102.13,new postings
2020-12-07,DE,115.02,103.03,new postings
2020-12-08,DE,115.36,103.48,new postings
2020-12-09,DE,115.04,103.42,new postings
2020-12-10,DE,114.69,102.91,new postings
2020-12-11,DE,114.41,102.33,new postings
2020-12-12,DE,113.86,101,new postings
2020-12-13,DE,113.68,99.83,new postings
2020-12-14,DE,112.94,98.79,new postings
2020-12-15,DE,112.36,98.14,new postings
2020-12-16,DE,111.94,97.74,new postings
2020-12-17,DE,111.25,97.66,new postings
2020-12-18,DE,110.93,97.8,new postings
2020-12-19,DE,111.34,98.77,new postings
2020-12-20,DE,110.97,99.93,new postings
2020-12-21,DE,110.78,101.02,new postings
2020-12-22,DE,109.91,101.46,new postings
2020-12-23,DE,109.76,102.33,new postings
2020-12-24,DE,110.46,102.33,new postings
2020-12-25,DE,110.41,99.82,new postings
2020-12-26,DE,108.8,93.99,new postings
2020-12-27,DE,109.42,87.47,new postings
2020-12-28,DE,112.39,81.37,new postings
2020-12-29,DE,115.77,74.26,new postings
2020-12-30,DE,118.67,65.31,new postings
2020-12-31,DE,122.03,56.25,new postings
2021-01-01,DE,125.52,49.69,new postings
2021-01-02,DE,129.58,45.94,new postings
2021-01-03,DE,130.39,42.85,new postings
2021-01-04,DE,126.84,39.55,new postings
2021-01-05,DE,123.1,38.87,new postings
2021-01-06,DE,119.95,41.15,new postings
2021-01-07,DE,115.09,45,new postings
2021-01-08,DE,111.37,50.62,new postings
2021-01-09,DE,108.98,58.26,new postings
2021-01-10,DE,107.3,65.62,new postings
2021-01-11,DE,107.15,73.24,new postings
2021-01-12,DE,107.46,80.16,new postings
2021-01-13,DE,107.11,85.54,new postings
2021-01-14,DE,107.7,91.03,new postings
2021-01-15,DE,107.19,94.49,new postings
2021-01-16,DE,106.67,96.62,new postings
2021-01-17,DE,107.34,99.01,new postings
2021-01-18,DE,107.11,100.62,new postings
2021-01-19,DE,106.84,101.85,new postings
2021-01-20,DE,106.74,103.4,new postings
2021-01-21,DE,106.27,103.91,new postings
2021-01-22,DE,106.48,104.69,new postings
2021-01-23,DE,106.31,105.03,new postings
2021-01-24,DE,105.76,105.2,new postings
2021-01-25,DE,107.08,105.78,new postings
2021-01-26,DE,108.12,106.01,new postings
2021-01-27,DE,108.91,105.84,new postings
2021-01-28,DE,110.25,106,new postings
2021-01-29,DE,110.26,105.96,new postings
2021-01-30,DE,110.03,105.86,new postings
2021-01-31,DE,109.62,105.8,new postings
2021-02-01,DE,108.6,105.73,new postings
2021-02-02,DE,107.17,105.65,new postings
2021-02-03,DE,105.9,106.06,new postings
2021-02-04,DE,103.43,105.94,new postings
2021-02-05,DE,102.37,105.77,new postings
2021-02-06,DE,101.07,105.44,new postings
2021-02-07,DE,99.94,104.99,new postings
2021-02-08,DE,98.8,104.6,new postings
2021-02-09,DE,98.8,104.42,new postings
2021-02-10,DE,99.09,103.89,new postings
2021-02-11,DE,100.95,104.21,new postings
2021-02-12,DE,102.76,104.83,new postings
2021-02-13,DE,104.9,105.63,new postings
2021-02-14,DE,107.69,107.19,new postings
2021-02-15,DE,110.63,108.5,new postings
2021-02-16,DE,112.49,109.54,new postings
2021-02-17,DE,114.35,110.8,new postings
2021-02-18,DE,115.48,111.65,new postings
2021-02-19,DE,116.4,112.35,new postings
2021-02-20,DE,116.85,112.87,new postings
2021-02-21,DE,116.31,112.64,new postings
2021-02-22,DE,116.07,112.82,new postings
2021-02-23,DE,116.59,113.35,new postings
2021-02-24,DE,117.63,114.19,new postings
2021-02-25,DE,118.38,114.81,new postings
2021-02-26,DE,119.39,115.19,new postings
2021-02-27,DE,121.3,116,new postings
2021-02-28,DE,123.32,116.94,new postings
2021-03-01,DE,125.2,117.88,new postings
2021-03-02,DE,127.19,118.99,new postings
2021-03-03,DE,127.62,119.13,new postings
2021-03-04,DE,128.65,119.74,new postings
2021-03-05,DE,129.59,120.74,new postings
2021-03-06,DE,129.48,121.24,new postings
2021-03-07,DE,129.57,121.92,new postings
2021-03-08,DE,129.58,122.05,new postings
2021-03-09,DE,128.7,121.12,new postings
2021-03-10,DE,128.74,120.98,new postings
2021-03-11,DE,128.34,120.41,new postings
2021-03-12,DE,127.54,119.57,new postings
2021-03-13,DE,127.84,119.13,new postings
2021-03-14,DE,128.14,118.52,new postings
2021-03-15,DE,128.74,118.23,new postings
2021-03-16,DE,129.65,118.87,new postings
2021-03-17,DE,130.32,119.23,new postings
2021-03-18,DE,131.15,119.65,new postings
2021-03-19,DE,132.04,119.98,new postings
2021-03-20,DE,132.1,120.05,new postings
2021-03-21,DE,132.69,120.63,new postings
2021-03-22,DE,132.42,120.57,new postings
2021-03-23,DE,132.89,120.4,new postings
2021-03-24,DE,133.35,119.87,new postings
2021-03-25,DE,133.72,119.24,new postings
2021-03-26,DE,133.72,118.66,new postings
2021-03-27,DE,134.51,118.35,new postings
2021-03-28,DE,134.99,117.44,new postings
2021-03-29,DE,135.91,116.93,new postings
2021-03-30,DE,136.26,116.35,new postings
2021-03-31,DE,136.97,116.31,new postings
2021-04-01,DE,136.7,116.3,new postings
2021-04-02,DE,137.47,116.98,new postings
2021-04-03,DE,136.23,114.5,new postings
2021-04-04,DE,134.44,112.13,new postings
2021-04-05,DE,132.33,109.74,new postings
2021-04-06,DE,128.94,105.38,new postings
2021-04-07,DE,123.69,99.83,new postings
2021-04-08,DE,119.36,94.1,new postings
2021-04-09,DE,113.29,87.23,new postings
2021-04-10,DE,111.82,85.75,new postings
2021-04-11,DE,110.32,84.07,new postings
2021-04-12,DE,108.33,82.86,new postings
2021-04-13,DE,110.23,86.48,new postings
2021-04-14,DE,114.54,91.47,new postings
2021-04-15,DE,119.67,96.64,new postings
2021-04-16,DE,126.87,102.58,new postings
2021-04-17,DE,131.55,106.33,new postings
2021-04-18,DE,135.59,110.25,new postings
2021-04-19,DE,140.45,114.13,new postings
2021-04-20,DE,141.53,114.95,new postings
2021-04-21,DE,142.35,115.62,new postings
2021-04-22,DE,143.7,116.82,new postings
2021-04-23,DE,144.3,117.81,new postings
2021-04-24,DE,144.29,118.41,new postings
2021-04-25,DE,145.2,118.82,new postings
2021-04-26,DE,145.89,119.31,new postings
2021-04-27,DE,147.2,119.88,new postings
2021-04-28,DE,147.6,119.87,new postings
2021-04-29,DE,146.24,119.23,new postings
2021-04-30,DE,145.11,119.02,new postings
2021-05-01,DE,144.49,119.44,new postings
2021-05-02,DE,146.01,120.12,new postings
2021-05-03,DE,147.48,120.33,new postings
2021-05-04,DE,149.36,121.23,new postings
2021-05-05,DE,151.56,122.3,new postings
2021-05-06,DE,154.72,124.14,new postings
2021-05-07,DE,157.53,125.7,new postings
2021-05-08,DE,160.28,127.23,new postings
2021-05-09,DE,158.34,128.5,new postings
2021-05-10,DE,156.5,129.91,new postings
2021-05-11,DE,155.83,130.99,new postings
2021-05-12,DE,155.24,132.65,new postings
2021-05-13,DE,154.91,134.14,new postings
2021-05-14,DE,151.94,132.41,new postings
2021-05-15,DE,146.83,128.36,new postings
2021-05-16,DE,143.85,124.39,new postings
2021-05-17,DE,140.23,120.52,new postings
2021-05-18,DE,135.96,116.64,new postings
2021-05-19,DE,132.22,112.34,new postings
2021-05-20,DE,128.37,107.89,new postings
2021-05-21,DE,129.97,109.28,new postings
2021-05-22,DE,134.69,113.99,new postings
2021-05-23,DE,140.19,118.85,new postings
2021-05-24,DE,146.31,123.45,new postings
2021-05-25,DE,149.81,125.14,new postings
2021-05-26,DE,151.13,126.55,new postings
2021-05-27,DE,151.2,127.55,new postings
2021-05-28,DE,148.49,126.29,new postings
2021-05-29,DE,144.41,123.6,new postings
2021-05-30,DE,143.05,120.97,new postings
2021-05-31,DE,141.24,118.51,new postings
2021-06-01,DE,144.47,121.6,new postings
2021-06-02,DE,150.34,125.47,new postings
2021-06-03,DE,157.34,130.56,new postings
2021-06-04,DE,161.01,132.53,new postings
2021-06-05,DE,164.19,133.7,new postings
2021-06-06,DE,163.23,134.36,new postings
2021-06-07,DE,163.1,135.3,new postings
2021-06-08,DE,159.75,133.38,new postings
2021-06-09,DE,155.74,131.2,new postings
2021-06-10,DE,150.65,126.95,new postings
2021-06-11,DE,151.29,127.66,new postings
2021-06-12,DE,154.03,130.3,new postings
2021-06-13,DE,158.1,133.3,new postings
2021-06-14,DE,161.29,136.08,new postings
2021-06-15,DE,164.29,138.69,new postings
2021-06-16,DE,166.7,141.39,new postings
2021-06-17,DE,170.81,145.64,new postings
2021-06-18,DE,172.91,148.3,new postings
2021-06-19,DE,173.02,149.43,new postings
2021-06-20,DE,172.9,150.56,new postings
2021-06-21,DE,173.66,151.59,new postings
2021-06-22,DE,175.17,153.03,new postings
2021-06-23,DE,177.5,154.21,new postings
2021-06-24,DE,178.38,154.72,new postings
2021-06-25,DE,178.64,154.49,new postings
2021-06-26,DE,177.89,154.34,new postings
2021-06-27,DE,176.7,154.03,new postings
2021-06-28,DE,175.88,153.91,new postings
2021-06-29,DE,174.59,153.63,new postings
2021-06-30,DE,172.32,153.22,new postings
2021-07-01,DE,170.04,152.81,new postings
2021-07-02,DE,168.34,152.81,new postings
2021-07-03,DE,168.4,153.55,new postings
2021-07-04,DE,168.42,154.32,new postings
2021-07-05,DE,167.75,155.03,new postings
2021-07-06,DE,167.54,156.02,new postings
2021-07-07,DE,167.56,156.84,new postings
2021-07-08,DE,168.41,157.85,new postings
2021-07-09,DE,168.3,158.05,new postings
2021-07-10,DE,166.92,156.99,new postings
2021-07-11,DE,166.37,156.22,new postings
2021-07-12,DE,166.24,155.59,new postings
2021-07-13,DE,165.5,154.38,new postings
2021-07-14,DE,165.34,153.72,new postings
2021-07-15,DE,164.75,153.03,new postings
2021-07-16,DE,164.99,152.72,new postings
2021-07-17,DE,166.58,153.41,new postings
2021-07-18,DE,167.47,153.65,new postings
2021-07-19,DE,167.73,153.3,new postings
2021-07-20,DE,168.54,153.45,new postings
2021-07-21,DE,168.63,152.98,new postings
2021-07-22,DE,168.58,152.38,new postings
2021-07-23,DE,168.63,151.9,new postings
2021-07-24,DE,168.11,150.92,new postings
2021-07-25,DE,167.42,150.09,new postings
2021-07-26,DE,167.38,149.67,new postings
2021-07-27,DE,167.19,149.14,new postings
2021-07-28,DE,167.58,148.97,new postings
2021-07-29,DE,167.55,148.7,new postings
2021-07-30,DE,167.72,149.01,new postings
2021-07-31,DE,167.44,149.61,new postings
2021-08-01,DE,166.96,150.53,new postings
2021-08-02,DE,165.47,151.26,new postings
2021-08-03,DE,164.38,152.41,new postings
2021-08-04,DE,163.22,153.86,new postings
2021-08-05,DE,162.7,155.78,new postings
2021-08-06,DE,161.76,156.99,new postings
2021-08-07,DE,162.37,158.73,new postings
2021-08-08,DE,163.3,159.66,new postings
2021-08-09,DE,166.06,160.82,new postings
2021-08-10,DE,168.09,161.06,new postings
2021-08-11,DE,170.02,160.71,new postings
2021-08-12,DE,171.59,159.71,new postings
2021-08-13,DE,173.04,158.38,new postings
2021-08-14,DE,173.13,155.88,new postings
2021-08-15,DE,173.45,154.01,new postings
2021-08-16,DE,173.26,151.94,new postings
2021-08-17,DE,173.37,150.23,new postings
2021-08-18,DE,173.83,149,new postings
2021-08-19,DE,174.17,147.86,new postings
2021-08-20,DE,174.23,146.91,new postings
2021-08-21,DE,175.01,146.99,new postings
2021-08-22,DE,175.82,147.07,new postings
2021-08-23,DE,175.57,147.32,new postings
2021-08-24,DE,175.1,147.51,new postings
2021-08-25,DE,174.3,147.49,new postings
2021-08-26,DE,173.42,147.48,new postings
2021-08-27,DE,172.87,147.64,new postings
2021-08-28,DE,172.52,147.73,new postings
2021-08-29,DE,172.06,147.79,new postings
2021-08-30,DE,171.92,147.98,new postings
2021-08-31,DE,171.94,148.28,new postings
2021-09-01,DE,171.14,148.62,new postings
2021-09-02,DE,171.4,150.27,new postings
2021-09-03,DE,171.46,151.95,new postings
2021-09-04,DE,171.18,153.68,new postings
2021-09-05,DE,170.64,155,new postings
2021-09-06,DE,169.59,155.68,new postings
2021-09-07,DE,169.01,156.71,new postings
2021-09-08,DE,168.61,157.14,new postings
2021-09-09,DE,167.13,155.77,new postings
2021-09-10,DE,165.93,154.13,new postings
2021-09-11,DE,164.8,152.32,new postings
2021-09-12,DE,164.44,151.22,new postings
2021-09-13,DE,165.35,151.23,new postings
2021-09-14,DE,165.76,150.59,new postings
2021-09-15,DE,166.48,150.35,new postings
2021-09-16,DE,167.26,150.14,new postings
2021-09-17,DE,167.78,150.01,new postings
2021-09-18,DE,168.17,149.8,new postings
2021-09-19,DE,168.54,149.43,new postings
2021-09-20,DE,168.33,148.5,new postings
2021-09-21,DE,168.38,148.25,new postings
2021-09-22,DE,168.96,148.4,new postings
2021-09-23,DE,170.27,149.39,new postings
2021-09-24,DE,171.54,150.34,new postings
2021-09-25,DE,173.24,151.62,new postings
2021-09-26,DE,174.9,152.68,new postings
2021-09-27,DE,176.24,153.66,new postings
2021-09-28,DE,177.39,154.25,new postings
2021-09-29,DE,178.88,155.31,new postings
2021-09-30,DE,179.6,156.02,new postings
2021-10-01,DE,180.24,156.99,new postings
2021-10-02,DE,180.22,157.49,new postings
2021-10-03,DE,180.14,158.11,new postings
2021-10-04,DE,180.88,158.38,new postings
2021-10-05,DE,183.19,159.34,new postings
2021-10-06,DE,184.63,159.43,new postings
2021-10-07,DE,186.66,159.82,new postings
2021-10-08,DE,189.87,160.43,new postings
2021-10-09,DE,194.26,161.71,new postings
2021-10-10,DE,197.35,162.7,new postings
2021-10-11,DE,197.61,164.01,new postings
2021-10-12,DE,195.36,164.57,new postings
2021-10-13,DE,192.96,165.03,new postings
2021-10-14,DE,190.55,165.49,new postings
2021-10-15,DE,187.03,165.05,new postings
2021-10-16,DE,182.04,163.67,new postings
2021-10-17,DE,177.83,162.42,new postings
2021-10-18,DE,175.86,161.1,new postings
2021-10-19,DE,175.45,160.43,new postings
2021-10-20,DE,175.21,159.92,new postings
2021-10-21,DE,174.9,159.29,new postings
2021-10-22,DE,173.96,158.02,new postings
2021-10-23,DE,173.58,157.1,new postings
2021-10-24,DE,173.38,156.04,new postings
2021-10-25,DE,173.13,155.01,new postings
2021-10-26,DE,172.41,153.42,new postings
2021-10-27,DE,171.88,151.77,new postings
2021-10-28,DE,171.69,150.49,new postings
2021-10-29,DE,173.07,151.05,new postings
2021-10-30,DE,174.77,152.1,new postings
2021-10-31,DE,176.55,153.27,new postings
2021-11-01,DE,180.16,155.45,new postings
2021-11-02,DE,181.67,155.31,new postings
2021-11-03,DE,182.4,154.69,new postings
2021-11-04,DE,182.69,154.01,new postings
2021-11-05,DE,182.45,152.86,new postings
2021-11-06,DE,181.8,151.45,new postings
2021-11-07,DE,180.99,149.87,new postings
2021-11-08,DE,177.63,147.18,new postings
2021-11-09,DE,176.59,148.42,new postings
2021-11-10,DE,176.49,150.58,new postings
2021-11-11,DE,176.42,152.53,new postings
2021-11-12,DE,177.1,155.12,new postings
2021-11-13,DE,177.66,157.27,new postings
2021-11-14,DE,178.68,159.82,new postings
2021-11-15,DE,180.4,162.55,new postings
2021-11-16,DE,181.71,163.89,new postings
2021-11-17,DE,182.96,165.09,new postings
2021-11-18,DE,183.75,165.83,new postings
2021-11-19,DE,182.63,164.55,new postings
2021-11-20,DE,181.68,163.58,new postings
2021-11-21,DE,180.93,162.71,new postings
2021-11-22,DE,180.41,161.83,new postings
2021-11-23,DE,180.01,160.72,new postings
2021-11-24,DE,179.49,159.2,new postings
2021-11-25,DE,179.52,157.93,new postings
2021-11-26,DE,180.35,157.57,new postings
2021-11-27,DE,181.55,157.49,new postings
2021-11-28,DE,181.99,157.03,new postings
2021-11-29,DE,181.77,155.98,new postings
2021-11-30,DE,180.94,154.82,new postings
2021-12-01,DE,180.1,154.25,new postings
2021-12-02,DE,180.07,154.68,new postings
2021-12-03,DE,179.9,155.39,new postings
2021-12-04,DE,179.47,156.24,new postings
2021-12-05,DE,179.81,157.84,new postings
2021-12-06,DE,180.46,159.72,new postings
2021-12-07,DE,182.58,162.48,new postings
2021-12-08,DE,184.3,164.17,new postings
2021-12-09,DE,184.08,164.2,new postings
2021-12-10,DE,184.3,164.22,new postings
2021-12-11,DE,184.19,163.56,new postings
2021-12-12,DE,183.42,162.06,new postings
2021-12-13,DE,183.46,161.07,new postings
2021-12-14,DE,181.67,158.93,new postings
2021-12-15,DE,180.31,157.58,new postings
2021-12-16,DE,180.06,157.16,new postings
2021-12-17,DE,179.73,157.17,new postings
2021-12-18,DE,179.48,157.45,new postings
2021-12-19,DE,179.4,157.82,new postings
2021-12-20,DE,178.37,158.09,new postings
2021-12-21,DE,178.69,159.52,new postings
2021-12-22,DE,179.27,161.1,new postings
2021-12-23,DE,180.47,163.11,new postings
2021-12-24,DE,182.97,164.69,new postings
2021-12-25,DE,183.82,162.78,new postings
2021-12-26,DE,186.75,160.74,new postings
2021-12-27,DE,191.76,158.13,new postings
2021-12-28,DE,194.82,152.2,new postings
2021-12-29,DE,197.17,143.77,new postings
2021-12-30,DE,197,131.85,new postings
2021-12-31,DE,194.64,117.8,new postings
2022-01-01,DE,193.69,107.29,new postings
2022-01-02,DE,190.5,97.11,new postings
2022-01-03,DE,182.47,87.53,new postings
2022-01-04,DE,177.14,82.62,new postings
2022-01-05,DE,172.84,81.54,new postings
2022-01-06,DE,171.03,85.34,new postings
2022-01-07,DE,170.19,92.66,new postings
2022-01-08,DE,171.48,102.64,new postings
2022-01-09,DE,171.13,112.46,new postings
2022-01-10,DE,173.07,122.01,new postings
2022-01-11,DE,172.98,129.65,new postings
2022-01-12,DE,172.28,136.08,new postings
2022-01-13,DE,171.49,141.11,new postings
2022-01-14,DE,171.52,146.1,new postings
2022-01-15,DE,170.84,149.75,new postings
2022-01-16,DE,172.85,153.94,new postings
2022-01-17,DE,175.84,158.13,new postings
2022-01-18,DE,178.82,162.37,new postings
2022-01-19,DE,182.38,166.61,new postings
2022-01-20,DE,185.54,170.63,new postings
2022-01-21,DE,187.98,173.43,new postings
2022-01-22,DE,188.7,174.42,new postings
2022-01-23,DE,188.21,174.3,new postings
2022-01-24,DE,187.76,174.29,new postings
2022-01-25,DE,187.64,173.6,new postings
2022-01-26,DE,186.77,172.1,new postings
2022-01-27,DE,186.56,171.2,new postings
2022-01-28,DE,187.18,171.1,new postings
2022-01-29,DE,188.16,172.01,new postings
2022-01-30,DE,189.82,173.72,new postings
2022-01-31,DE,190.94,175.12,new postings
2022-02-01,DE,192.53,177.56,new postings
2022-02-02,DE,195.49,181.67,new postings
2022-02-03,DE,197.5,185.17,new postings
2022-02-04,DE,197.89,187.58,new postings
2022-02-05,DE,197.31,188.06,new postings
2022-02-06,DE,196.69,188.47,new postings
2022-02-07,DE,196.38,188.96,new postings
2022-02-08,DE,196.64,189.79,new postings
2022-02-09,DE,195.56,188.58,new postings
2022-02-10,DE,195.1,187.42,new postings
2022-02-11,DE,195.3,186.06,new postings
2022-02-12,DE,197.14,186.59,new postings
2022-02-13,DE,198.71,186.73,new postings
2022-02-14,DE,200.59,187.25,new postings
2022-02-15,DE,202.33,187.45,new postings
2022-02-16,DE,204.43,188.61,new postings
2022-02-17,DE,206.54,189.91,new postings
2022-02-18,DE,209.2,192.1,new postings
2022-02-19,DE,211.2,193.57,new postings
2022-02-20,DE,212.94,195.15,new postings
2022-02-21,DE,213.68,196.08,new postings
2022-02-22,DE,213.86,196.71,new postings
2022-02-23,DE,214.17,197.18,new postings
2022-02-24,DE,213.6,196.64,new postings
2022-02-25,DE,212.52,195.68,new postings
2022-02-26,DE,212.18,194.87,new postings
2022-02-27,DE,211.52,193.52,new postings
2022-02-28,DE,210.93,192.26,new postings
2022-03-01,DE,209.62,190.46,new postings
2022-03-02,DE,208.11,188.62,new postings
2022-03-03,DE,206.93,187.53,new postings
2022-03-04,DE,205.21,186,new postings
2022-03-05,DE,203.39,184.85,new postings
2022-03-06,DE,202.4,184.86,new postings
2022-03-07,DE,201.57,185.02,new postings
2022-03-08,DE,201.77,185.38,new postings
2022-03-09,DE,201.7,185.16,new postings
2022-03-10,DE,200.64,184.06,new postings
2022-03-11,DE,199.57,182.73,new postings
2022-03-12,DE,198.42,181.64,new postings
2022-03-13,DE,196.91,179.59,new postings
2022-03-14,DE,195.54,177.46,new postings
2022-03-15,DE,194.03,175.42,new postings
2022-03-16,DE,193.17,174.46,new postings
2022-03-17,DE,193.11,174.08,new postings
2022-03-18,DE,195.87,176.32,new postings
2022-03-19,DE,197.65,177.21,new postings
2022-03-20,DE,199.41,178.55,new postings
2022-03-21,DE,202.02,180.69,new postings
2022-03-22,DE,204.45,182.8,new postings
2022-03-23,DE,205.04,182.67,new postings
2022-03-24,DE,206.13,182.66,new postings
2022-03-25,DE,204.67,180.33,new postings
2022-03-26,DE,204.17,179.22,new postings
2022-03-27,DE,203.57,177.78,new postings
2022-03-28,DE,202.49,175.69,new postings
2022-03-29,DE,201.64,173.68,new postings
2022-03-30,DE,202.73,173.75,new postings
2022-03-31,DE,203.87,174,new postings
2022-04-01,DE,205.4,174.83,new postings
2022-04-02,DE,207.44,175.51,new postings
2022-04-03,DE,210.51,176.78,new postings
2022-04-04,DE,213.67,178.2,new postings
2022-04-05,DE,217.09,179.72,new postings
2022-04-06,DE,219.92,181.28,new postings
2022-04-07,DE,221.4,181.75,new postings
2022-04-08,DE,223.92,182.3,new postings
2022-04-09,DE,224.41,182.42,new postings
2022-04-10,DE,224.52,182.48,new postings
2022-04-11,DE,224.19,182.38,new postings
2022-04-12,DE,222.71,182.7,new postings
2022-04-13,DE,220.85,182.65,new postings
2022-04-14,DE,219.06,183.17,new postings
2022-04-15,DE,215.96,183.02,new postings
2022-04-16,DE,211.51,178.84,new postings
2022-04-17,DE,205.78,174.15,new postings
2022-04-18,DE,198.71,169.48,new postings
2022-04-19,DE,188.89,159.94,new postings
2022-04-20,DE,178.09,150.08,new postings
2022-04-21,DE,167.41,140.04,new postings
2022-04-22,DE,157.45,129.96,new postings
2022-04-23,DE,154.59,127.65,new postings
2022-04-24,DE,152.94,125.98,new postings
2022-04-25,DE,152.99,124.53,new postings
2022-04-26,DE,160.05,130.87,new postings
2022-04-27,DE,169.02,138.24,new postings
2022-04-28,DE,178.84,146.16,new postings
2022-04-29,DE,188.12,154.85,new postings
2022-04-30,DE,193.31,160.42,new postings
2022-05-01,DE,198.61,166.22,new postings
2022-05-02,DE,205.54,171.96,new postings
2022-05-03,DE,208.8,174.07,new postings
2022-05-04,DE,211.21,175.64,new postings
2022-05-05,DE,214.14,177.6,new postings
2022-05-06,DE,216.99,179.34,new postings
2022-05-07,DE,220.04,181.14,new postings
2022-05-08,DE,222.2,182.09,new postings
2022-05-09,DE,220.25,183.09,new postings
2022-05-10,DE,219.22,184.98,new postings
2022-05-11,DE,218.56,185.88,new postings
2022-05-12,DE,217.45,186.9,new postings
2022-05-13,DE,216.25,187.41,new postings
2022-05-14,DE,215.68,187.66,new postings
2022-05-15,DE,215.91,188.36,new postings
2022-05-16,DE,218.97,188.78,new postings
2022-05-17,DE,221.03,187.96,new postings
2022-05-18,DE,222.46,187.6,new postings
2022-05-19,DE,223.3,186.2,new postings
2022-05-20,DE,223.77,184.75,new postings
2022-05-21,DE,221.34,182.26,new postings
2022-05-22,DE,218.05,179.25,new postings
2022-05-23,DE,214.76,176.24,new postings
2022-05-24,DE,211.46,173.23,new postings
2022-05-25,DE,208.17,170.23,new postings
2022-05-26,DE,204.87,167.22,new postings
2022-05-27,DE,201.58,164.21,new postings
2022-05-28,DE,198.29,161.2,new postings
2022-05-29,DE,194.99,158.19,new postings
2022-05-30,DE,191.7,155.18,new postings
2022-05-31,DE,187.93,152.34,new postings
2022-06-01,DE,185.15,150.43,new postings
2022-06-02,DE,182.68,148.63,new postings
2022-06-03,DE,184.56,151.27,new postings
2022-06-04,DE,190.97,157.23,new postings
2022-06-05,DE,198.38,163.82,new postings
2022-06-06,DE,204.26,170.49,new postings
2022-06-07,DE,206.04,173.51,new postings
2022-06-08,DE,206.79,175.35,new postings
2022-06-09,DE,207.07,176.86,new postings
2022-06-10,DE,203.9,174.23,new postings
2022-06-11,DE,196.66,168.56,new postings
2022-06-12,DE,188.86,162.56,new postings
2022-06-13,DE,183.06,156.78,new postings
2022-06-14,DE,185.24,158.26,new postings
2022-06-15,DE,187.89,160.34,new postings
2022-06-16,DE,192.79,164.97,new postings
2022-06-17,DE,193.22,165.96,new postings
2022-06-18,DE,194.65,167.46,new postings
2022-06-19,DE,195.91,168.76,new postings
2022-06-20,DE,195.76,169.62,new postings
2022-06-21,DE,192.48,167.08,new postings
2022-06-22,DE,190.02,164.99,new postings
2022-06-23,DE,184.71,159.59,new postings
2022-06-24,DE,186.2,160.69,new postings
2022-06-25,DE,188.15,162.03,new postings
2022-06-26,DE,190.42,163.95,new postings
2022-06-27,DE,192.87,166.42,new postings
2022-06-28,DE,195.11,168.88,new postings
2022-06-29,DE,195.98,170.7,new postings
2022-06-30,DE,197.26,173.31,new postings
2022-07-01,DE,196.29,174,new postings
2022-07-02,DE,195.17,174.63,new postings
2022-07-03,DE,194,175.1,new postings
2022-07-04,DE,193.24,175.84,new postings
2022-07-05,DE,193.05,177.34,new postings
2022-07-06,DE,194.28,179.59,new postings
2022-07-07,DE,196.29,182.48,new postings
2022-07-08,DE,197.56,183.98,new postings
2022-07-09,DE,198.93,185.42,new postings
2022-07-10,DE,200.91,187.26,new postings
2022-07-11,DE,202.38,188.13,new postings
2022-07-12,DE,202.99,187.98,new postings
2022-07-13,DE,202.76,186.95,new postings
2022-07-14,DE,202.62,185.97,new postings
2022-07-15,DE,202.08,185.08,new postings
2022-07-16,DE,201.62,183.95,new postings
2022-07-17,DE,200.46,182.1,new postings
2022-07-18,DE,198.87,180.26,new postings
2022-07-19,DE,197.48,178.4,new postings
2022-07-20,DE,195.91,176.45,new postings
2022-07-21,DE,194.31,174.53,new postings
2022-07-22,DE,193.36,173.23,new postings
2022-07-23,DE,192.28,171.85,new postings
2022-07-24,DE,191.48,170.83,new postings
2022-07-25,DE,190.98,170.2,new postings
2022-07-26,DE,191.64,170.41,new postings
2022-07-27,DE,192.68,171.1,new postings
2022-07-28,DE,193.08,171.09,new postings
2022-07-29,DE,194.22,171.92,new postings
2022-07-30,DE,196.05,173.73,new postings
2022-07-31,DE,197.15,175.42,new postings
2022-08-01,DE,197.73,177.32,new postings
2022-08-02,DE,198.05,179.98,new postings
2022-08-03,DE,198.7,182.9,new postings
2022-08-04,DE,200.63,187.41,new postings
2022-08-05,DE,201.59,190.89,new postings
2022-08-06,DE,201.46,193.26,new postings
2022-08-07,DE,201.9,195.35,new postings
2022-08-08,DE,203.55,197.16,new postings
2022-08-09,DE,204.81,196.87,new postings
2022-08-10,DE,204.88,195.23,new postings
2022-08-11,DE,202.85,190.97,new postings
2022-08-12,DE,200.96,186.71,new postings
2022-08-13,DE,198.95,181.81,new postings
2022-08-14,DE,197.53,177.5,new postings
2022-08-15,DE,195.22,173.12,new postings
2022-08-16,DE,192.35,168.55,new postings
2022-08-17,DE,190.8,165.2,new postings
2022-08-18,DE,189.88,162.79,new postings
2022-08-19,DE,189.49,160.89,new postings
2022-08-20,DE,190.39,160.57,new postings
2022-08-21,DE,190.41,159.94,new postings
2022-08-22,DE,190.73,159.67,new postings
2022-08-23,DE,191.57,160.97,new postings
2022-08-24,DE,192.11,162.18,new postings
2022-08-25,DE,193.53,164.17,new postings
2022-08-26,DE,193.94,165.36,new postings
2022-08-27,DE,193.74,166.03,new postings
2022-08-28,DE,193.68,166.54,new postings
2022-08-29,DE,192.96,166.44,new postings
2022-08-30,DE,193.48,167.26,new postings
2022-08-31,DE,193.74,167.8,new postings
2022-09-01,DE,193.1,168.36,new postings
2022-09-02,DE,192.48,169.43,new postings
2022-09-03,DE,192.83,171.56,new postings
2022-09-04,DE,193.2,173.96,new postings
2022-09-05,DE,194.28,176.81,new postings
2022-09-06,DE,193.06,177.51,new postings
2022-09-07,DE,192.18,178.47,new postings
2022-09-08,DE,191.99,179.21,new postings
2022-09-09,DE,193,179.96,new postings
2022-09-10,DE,192.33,178.74,new postings
2022-09-11,DE,191.47,176.98,new postings
2022-09-12,DE,190.36,175.09,new postings
2022-09-13,DE,190.69,174.37,new postings
2022-09-14,DE,191.1,173.48,new postings
2022-09-15,DE,190.97,172.32,new postings
2022-09-16,DE,189.4,170.01,new postings
2022-09-17,DE,187.94,168.01,new postings
2022-09-18,DE,186.95,166.64,new postings
2022-09-19,DE,186.5,165.46,new postings
2022-09-20,DE,184.47,162.87,new postings
2022-09-21,DE,182.33,160.61,new postings
2022-09-22,DE,181.33,159.33,new postings
2022-09-23,DE,181.46,159.29,new postings
2022-09-24,DE,182.66,160.14,new postings
2022-09-25,DE,183.94,160.98,new postings
2022-09-26,DE,184.83,161.45,new postings
2022-09-27,DE,187.02,163.24,new postings
2022-09-28,DE,189.52,165.07,new postings
2022-09-29,DE,191.27,166.35,new postings
2022-09-30,DE,192.48,167.42,new postings
2022-10-01,DE,194.07,169.17,new postings
2022-10-02,DE,195.32,170.85,new postings
2022-10-03,DE,196.85,172.88,new postings
2022-10-04,DE,195.57,171.39,new postings
2022-10-05,DE,193.89,169,new postings
2022-10-06,DE,191.79,166.2,new postings
2022-10-07,DE,189.82,163.4,new postings
2022-10-08,DE,187.33,159.18,new postings
2022-10-09,DE,185.16,154.75,new postings
2022-10-10,DE,182.08,150.42,new postings
2022-10-11,DE,183.05,152.16,new postings
2022-10-12,DE,186.1,156.98,new postings
2022-10-13,DE,190.47,162.94,new postings
2022-10-14,DE,195.18,169.19,new postings
2022-10-15,DE,199.81,175.67,new postings
2022-10-16,DE,204.31,182.35,new postings
2022-10-17,DE,208.77,188.48,new postings
2022-10-18,DE,211.77,191.61,new postings
2022-10-19,DE,212.32,191.85,new postings
2022-10-20,DE,212.29,191.6,new postings
2022-10-21,DE,210.73,189.96,new postings
2022-10-22,DE,209.15,188.18,new postings
2022-10-23,DE,207.75,186.47,new postings
2022-10-24,DE,206.77,184.84,new postings
2022-10-25,DE,205.5,182.95,new postings
2022-10-26,DE,204.64,181.25,new postings
2022-10-27,DE,203.72,179.38,new postings
2022-10-28,DE,203.73,178.34,new postings
2022-10-29,DE,203.28,177.26,new postings
2022-10-30,DE,202.79,176.32,new postings
2022-10-31,DE,203.06,175.99,new postings
2022-11-01,DE,203.36,175.15,new postings
2022-11-02,DE,201.88,172.51,new postings
2022-11-03,DE,200.32,169.9,new postings
2022-11-04,DE,200.31,168.99,new postings
2022-11-05,DE,200.09,168.03,new postings
2022-11-06,DE,200.17,167.45,new postings
2022-11-07,DE,199.49,166.45,new postings
2022-11-08,DE,199.84,167.3,new postings
2022-11-09,DE,203.57,172.65,new postings
2022-11-10,DE,207.54,178.45,new postings
2022-11-11,DE,208.99,181.68,new postings
2022-11-12,DE,211.04,185.42,new postings
2022-11-13,DE,212.05,187.86,new postings
2022-11-14,DE,213.14,190.22,new postings
2022-11-15,DE,214.31,192.31,new postings
2022-11-16,DE,212.88,191.3,new postings
2022-11-17,DE,210.66,189.45,new postings
2022-11-18,DE,210.22,189.29,new postings
2022-11-19,DE,210.24,189.06,new postings
2022-11-20,DE,210.65,189.37,new postings
2022-11-21,DE,211.46,189.93,new postings
2022-11-22,DE,210.38,188.62,new postings
2022-11-23,DE,210.21,187.75,new postings
2022-11-24,DE,210.07,186.71,new postings
2022-11-25,DE,208.07,183.74,new postings
2022-11-26,DE,205.49,180.39,new postings
2022-11-27,DE,202.66,176.84,new postings
2022-11-28,DE,199.92,173.7,new postings
2022-11-29,DE,198.42,171.57,new postings
2022-11-30,DE,196.77,169.7,new postings
2022-12-01,DE,195.3,168.52,new postings
2022-12-02,DE,195.06,168.79,new postings
2022-12-03,DE,194.93,169.59,new postings
2022-12-04,DE,195.03,170.79,new postings
2022-12-05,DE,194.31,171.37,new postings
2022-12-06,DE,193.64,172.14,new postings
2022-12-07,DE,192.86,172.52,new postings
2022-12-08,DE,192.49,172.56,new postings
2022-12-09,DE,192.47,172.65,new postings
2022-12-10,DE,192.74,172.65,new postings
2022-12-11,DE,192.95,172.16,new postings
2022-12-12,DE,194.07,172.21,new postings
2022-12-13,DE,195.11,171.96,new postings
2022-12-14,DE,196.31,172.15,new postings
2022-12-15,DE,196.75,172.1,new postings
2022-12-16,DE,196.88,171.95,new postings
2022-12-17,DE,196.38,171.82,new postings
2022-12-18,DE,195.69,171.82,new postings
2022-12-19,DE,194.75,171.46,new postings
2022-12-20,DE,193.03,171.17,new postings
2022-12-21,DE,191.66,171.16,new postings
2022-12-22,DE,191.36,172.01,new postings
2022-12-23,DE,191.41,173.04,new postings
2022-12-24,DE,192.16,173.02,new postings
2022-12-25,DE,195.47,173.1,new postings
2022-12-26,DE,200.59,172.91,new postings
2022-12-27,DE,204.32,169.2,new postings
2022-12-28,DE,206.94,162.86,new postings
2022-12-29,DE,207.22,152.89,new postings
2022-12-30,DE,205.63,139.96,new postings
2022-12-31,DE,203.87,126.2,new postings
2023-01-01,DE,199.47,112.85,new postings
2023-01-02,DE,191.81,100.14,new postings
2023-01-03,DE,188.69,94.57,new postings
2023-01-04,DE,187.16,93.08,new postings
2023-01-05,DE,187.96,96.42,new postings
2023-01-06,DE,191.36,104.69,new postings
2023-01-07,DE,195.75,116.64,new postings
2023-01-08,DE,198.94,128.13,new postings
2023-01-09,DE,200.93,138.65,new postings
2023-01-10,DE,201.4,147.06,new postings
2023-01-11,DE,201.39,154.53,new postings
2023-01-12,DE,201.18,160.91,new postings
2023-01-13,DE,200.29,165.51,new postings
2023-01-14,DE,198.47,168.89,new postings
2023-01-15,DE,198.2,172.66,new postings
2023-01-16,DE,200.54,176.93,new postings
2023-01-17,DE,201.96,179.65,new postings
2023-01-18,DE,202.82,181.87,new postings
2023-01-19,DE,203.34,183.22,new postings
2023-01-20,DE,202.83,183.75,new postings
2023-01-21,DE,201.82,183.33,new postings
2023-01-22,DE,200.48,182.38,new postings
2023-01-23,DE,199.62,181.82,new postings
2023-01-24,DE,198.77,181.38,new postings
2023-01-25,DE,198.26,180.5,new postings
2023-01-26,DE,197.83,179.61,new postings
2023-01-27,DE,198.13,179.43,new postings
2023-01-28,DE,199.43,180.06,new postings
2023-01-29,DE,200.53,181.25,new postings
2023-01-30,DE,200.97,181.97,new postings
2023-01-31,DE,201.58,182.98,new postings
2023-02-01,DE,202.22,184.62,new postings
2023-02-02,DE,202.65,186.58,new postings
2023-02-03,DE,203.29,188.8,new postings
2023-02-04,DE,203.36,191.11,new postings
2023-02-05,DE,203.61,192.46,new postings
2023-02-06,DE,203.86,193.67,new postings
2023-02-07,DE,203.48,194.25,new postings
2023-02-08,DE,202.83,194.22,new postings
2023-02-09,DE,202.62,193.79,new postings
2023-02-10,DE,201.5,192.1,new postings
2023-02-11,DE,199.3,188.55,new postings
2023-02-12,DE,197.85,185.97,new postings
2023-02-13,DE,196.65,183.54,new postings
2023-02-14,DE,195.78,181.44,new postings
2023-02-15,DE,194.95,179.32,new postings
2023-02-16,DE,193.99,177.77,new postings
2023-02-17,DE,193,176.38,new postings
2023-02-18,DE,193,176.29,new postings
2023-02-19,DE,192.44,175.55,new postings
2023-02-20,DE,191.71,175.05,new postings
2023-02-21,DE,191.89,175.52,new postings
2023-02-22,DE,193.3,177.41,new postings
2023-02-23,DE,194.64,178.87,new postings
2023-02-24,DE,195.52,179.76,new postings
2023-02-25,DE,197.8,181.92,new postings
2023-02-26,DE,198.91,182.6,new postings
2023-02-27,DE,200.09,183.07,new postings
2023-02-28,DE,200.81,183.13,new postings
2023-03-01,DE,200.1,181.87,new postings
2023-03-02,DE,199.58,180.93,new postings
2023-03-03,DE,200.53,181.62,new postings
2023-03-04,DE,200.24,181.17,new postings
2023-03-05,DE,200.94,182.22,new postings
2023-03-06,DE,201.07,183.12,new postings
2023-03-07,DE,200.97,184,new postings
2023-03-08,DE,202.31,185.54,new postings
2023-03-09,DE,203.33,186.18,new postings
2023-03-10,DE,204.41,186.89,new postings
2023-03-11,DE,205.86,187.75,new postings
2023-03-12,DE,207.8,189.25,new postings
2023-03-13,DE,210.3,190.72,new postings
2023-03-14,DE,212.22,191.42,new postings
2023-03-15,DE,212.24,190.58,new postings
2023-03-16,DE,212.34,190.55,new postings
2023-03-17,DE,212.31,190.4,new postings
2023-03-18,DE,211.22,189.4,new postings
2023-03-19,DE,210.6,188.29,new postings
2023-03-20,DE,209.83,187.41,new postings
2023-03-21,DE,209.22,186.66,new postings
2023-03-22,DE,209.38,186.79,new postings
2023-03-23,DE,209.74,186.5,new postings
2023-03-24,DE,209.36,185.27,new postings
2023-03-25,DE,209.06,184.01,new postings
2023-03-26,DE,207.78,182.35,new postings
2023-03-27,DE,206.76,180.77,new postings
2023-03-28,DE,206.24,179.34,new postings
2023-03-29,DE,205.91,177.9,new postings
2023-03-30,DE,205.94,176.98,new postings
2023-03-31,DE,206.53,176.63,new postings
2023-04-01,DE,208.05,177.22,new postings
2023-04-02,DE,210.2,177.96,new postings
2023-04-03,DE,213,178.96,new postings
2023-04-04,DE,215.89,179.99,new postings
2023-04-05,DE,218.89,181.25,new postings
2023-04-06,DE,219.24,181.62,new postings
2023-04-07,DE,220,182.9,new postings
2023-04-08,DE,217.68,179.53,new postings
2023-04-09,DE,212.62,175.61,new postings
2023-04-10,DE,206.9,171.66,new postings
2023-04-11,DE,198.01,163.85,new postings
2023-04-12,DE,186.48,155.37,new postings
2023-04-13,DE,176.54,147.74,new postings
2023-04-14,DE,166.25,138.66,new postings
2023-04-15,DE,163.84,137.48,new postings
2023-04-16,DE,164.93,137.12,new postings
2023-04-17,DE,165.75,136.35,new postings
2023-04-18,DE,173.76,143.91,new postings
2023-04-19,DE,184.23,152.17,new postings
2023-04-20,DE,194.58,159.97,new postings
2023-04-21,DE,205.34,168.72,new postings
2023-04-22,DE,211.27,173.78,new postings
2023-04-23,DE,216.49,178.6,new postings
2023-04-24,DE,221.18,183.27,new postings
2023-04-25,DE,221.2,183.1,new postings
2023-04-26,DE,221.16,183.13,new postings
2023-04-27,DE,221.59,183.48,new postings
2023-04-28,DE,221.51,183.48,new postings
2023-04-29,DE,221.1,183.92,new postings
2023-04-30,DE,220.45,184.56,new postings
2023-05-01,DE,220.41,185.61,new postings
2023-05-02,DE,217.5,182.83,new postings
2023-05-03,DE,214.58,179.53,new postings
2023-05-04,DE,212.25,176.85,new postings
2023-05-05,DE,209.25,173.72,new postings
2023-05-06,DE,205.84,169.94,new postings
2023-05-07,DE,202.11,165.86,new postings
2023-05-08,DE,198.09,161.53,new postings
2023-05-09,DE,200.34,165.8,new postings
2023-05-10,DE,202.85,170.43,new postings
2023-05-11,DE,205.55,174.21,new postings
2023-05-12,DE,208.31,178.29,new postings
2023-05-13,DE,211.52,182.48,new postings
2023-05-14,DE,216.12,187.13,new postings
2023-05-15,DE,220.81,191.66,new postings
2023-05-16,DE,222.31,191.94,new postings
2023-05-17,DE,222.6,191.72,new postings
2023-05-18,DE,222.89,192.17,new postings
2023-05-19,DE,219.93,188.9,new postings
2023-05-20,DE,215.44,184.22,new postings
2023-05-21,DE,209.81,179.3,new postings
2023-05-22,DE,203.52,174.26,new postings
2023-05-23,DE,197.22,168.87,new postings
2023-05-24,DE,191.97,163.8,new postings
2023-05-25,DE,185.85,157.17,new postings
2023-05-26,DE,186.76,157.94,new postings
2023-05-27,DE,190.35,161.7,new postings
2023-05-28,DE,193.16,165.12,new postings
2023-05-29,DE,197.46,169.39,new postings
2023-05-30,DE,199.93,170.2,new postings
2023-05-31,DE,201.54,170.53,new postings
2023-06-01,DE,203.48,172.1,new postings
2023-06-02,DE,202.38,170.15,new postings
2023-06-03,DE,199.23,166.55,new postings
2023-06-04,DE,196.55,163.04,new postings
2023-06-05,DE,193.63,159.4,new postings
2023-06-06,DE,196.66,163.56,new postings
2023-06-07,DE,200.11,168.21,new postings
2023-06-08,DE,203.91,173.02,new postings
2023-06-09,DE,204.9,175.04,new postings
2023-06-10,DE,206.37,176.41,new postings
2023-06-11,DE,207.86,177.7,new postings
2023-06-12,DE,209.18,178.83,new postings
2023-06-13,DE,205.99,175.14,new postings
2023-06-14,DE,202.52,171.43,new postings
2023-06-15,DE,198.94,167.71,new postings
2023-06-16,DE,199.81,168.79,new postings
2023-06-17,DE,201.63,171.14,new postings
2023-06-18,DE,203.16,173.51,new postings
2023-06-19,DE,204.73,175.77,new postings
2023-06-20,DE,207.34,179.01,new postings
2023-06-21,DE,210.44,182.05,new postings
2023-06-22,DE,212.46,183.99,new postings
2023-06-23,DE,213.25,184.09,new postings
2023-06-24,DE,213.36,184.07,new postings
2023-06-25,DE,213.23,183.73,new postings
2023-06-26,DE,213.25,183.88,new postings
2023-06-27,DE,212.46,183.76,new postings
2023-06-28,DE,211.36,183.5,new postings
2023-06-29,DE,211.42,184.59,new postings
2023-06-30,DE,210.72,185.3,new postings
2023-07-01,DE,210.48,186.51,new postings
2023-07-02,DE,210.98,188.45,new postings
2023-07-03,DE,210.6,189.35,new postings
2023-07-04,DE,209.87,189.78,new postings
2023-07-05,DE,210.1,191.48,new postings
2023-07-06,DE,210.37,192.86,new postings
2023-07-07,DE,210.92,194.63,new postings
2023-07-08,DE,210.55,194.94,new postings
2023-07-09,DE,210.56,195.07,new postings
2023-07-10,DE,210.61,195.11,new postings
2023-07-11,DE,211.74,195.65,new postings
2023-07-12,DE,211.48,194.51,new postings
2023-07-13,DE,210.24,192.46,new postings
2023-07-14,DE,207.94,189.36,new postings
2023-07-15,DE,206.06,187.01,new postings
2023-07-16,DE,204.25,184.79,new postings
2023-07-17,DE,202.87,182.94,new postings
2023-07-18,DE,200.82,180.91,new postings
2023-07-19,DE,199.71,179.56,new postings
2023-07-20,DE,199.77,179.25,new postings
2023-07-21,DE,201.17,180.11,new postings
2023-07-22,DE,203.11,181.47,new postings
2023-07-23,DE,205.15,183.01,new postings
2023-07-24,DE,207.12,184.7,new postings
2023-07-25,DE,209.01,186.25,new postings
2023-07-26,DE,211.92,188.62,new postings
2023-07-27,DE,213.85,190.25,new postings
2023-07-28,DE,214.51,190.69,new postings
2023-07-29,DE,214.12,190.24,new postings
2023-07-30,DE,212.86,189.34,new postings
2023-07-31,DE,211.43,188.62,new postings
2023-08-01,DE,211.02,189.48,new postings
2023-08-02,DE,209.59,190.64,new postings
2023-08-03,DE,208.43,191.9,new postings
2023-08-04,DE,208.23,194.21,new postings
2023-08-05,DE,208.11,197.02,new postings
2023-08-06,DE,208.79,200.22,new postings
2023-08-07,DE,209.43,202.64,new postings
2023-08-08,DE,209.23,203.22,new postings
2023-08-09,DE,208.14,200.57,new postings
2023-08-10,DE,207.54,198.16,new postings
2023-08-11,DE,206.54,194.86,new postings
2023-08-12,DE,205.65,190.93,new postings
2023-08-13,DE,204.6,186.58,new postings
2023-08-14,DE,203.62,182.47,new postings
2023-08-15,DE,205.87,181.62,new postings
2023-08-16,DE,205.1,178.97,new postings
2023-08-17,DE,203.79,175.94,new postings
2023-08-18,DE,202.17,173.04,new postings
2023-08-19,DE,201.14,170.71,new postings
2023-08-20,DE,199.8,168.65,new postings
2023-08-21,DE,198.14,166.67,new postings
2023-08-22,DE,192.68,161.57,new postings
2023-08-23,DE,191.15,160.96,new postings
2023-08-24,DE,190.1,161,new postings
2023-08-25,DE,189.41,161.34,new postings
2023-08-26,DE,188.78,161.9,new postings
2023-08-27,DE,188.39,162.57,new postings
2023-08-28,DE,188.66,163.56,new postings
2023-08-29,DE,189.71,165.04,new postings
2023-08-30,DE,189.91,165.56,new postings
2023-08-31,DE,189.72,165.72,new postings
2023-09-01,DE,190.16,167.03,new postings
2023-09-02,DE,190.81,169.22,new postings
2023-09-03,DE,191.26,171.29,new postings
2023-09-04,DE,191.11,172.86,new postings
2023-09-05,DE,190.89,174.47,new postings
2023-09-06,DE,192.37,177.44,new postings
2023-09-07,DE,194.35,180.81,new postings
2023-09-08,DE,195.99,183.27,new postings
2023-09-09,DE,196.83,183.58,new postings
2023-09-10,DE,198.14,183.95,new postings
2023-09-11,DE,199.93,184.58,new postings
2023-09-12,DE,202.51,185.75,new postings
2023-09-13,DE,203.39,185.43,new postings
2023-09-14,DE,203.77,184.45,new postings
2023-09-15,DE,204.78,184.07,new postings
2023-09-16,DE,205.69,184.05,new postings
2023-09-17,DE,206.58,184.32,new postings
2023-09-18,DE,208.14,185.32,new postings
2023-09-19,DE,208,184.59,new postings
2023-09-20,DE,208.55,184.37,new postings
2023-09-21,DE,208.8,184.22,new postings
2023-09-22,DE,207.98,183.23,new postings
2023-09-23,DE,207.41,182.66,new postings
2023-09-24,DE,206.13,181.42,new postings
2023-09-25,DE,205.31,180.51,new postings
2023-09-26,DE,205.26,180.3,new postings
2023-09-27,DE,204.43,179.56,new postings
2023-09-28,DE,203.92,178.87,new postings
2023-09-29,DE,202.97,177.77,new postings
2023-09-30,DE,202.07,176.84,new postings
2023-10-01,DE,200.89,175.98,new postings
2023-10-02,DE,199,174.74,new postings
2023-10-03,DE,197.85,174.11,new postings
2023-10-04,DE,195.45,171.29,new postings
2023-10-05,DE,189.88,165.35,new postings
2023-10-06,DE,185.32,160.24,new postings
2023-10-07,DE,180.79,155.1,new postings
2023-10-08,DE,177.28,150.15,new postings
2023-10-09,DE,173.45,144.33,new postings
2023-10-10,DE,171.96,141.26,new postings
2023-10-11,DE,174.61,144.42,new postings
2023-10-12,DE,179.58,150.58,new postings
2023-10-13,DE,184.39,156.74,new postings
2023-10-14,DE,189.44,163.23,new postings
2023-10-15,DE,194.07,169.47,new postings
2023-10-16,DE,198.41,175.87,new postings
2023-10-17,DE,198.93,178.82,new postings
2023-10-18,DE,197.75,178.45,new postings
2023-10-19,DE,199.49,180.11,new postings
2023-10-20,DE,200.9,181.38,new postings
2023-10-21,DE,201.67,182,new postings
2023-10-22,DE,203.23,183.17,new postings
2023-10-23,DE,204.8,184.26,new postings
2023-10-24,DE,208.08,186.45,new postings
2023-10-25,DE,210.72,188.18,new postings
2023-10-26,DE,210.27,186.95,new postings
2023-10-27,DE,210.1,185.84,new postings
2023-10-28,DE,211.18,185.71,new postings
2023-10-29,DE,211.06,184.91,new postings
2023-10-30,DE,211.17,184.37,new postings
2023-10-31,DE,210.06,182.63,new postings
2023-11-01,DE,208.31,179.69,new postings
2023-11-02,DE,206.34,176.46,new postings
2023-11-03,DE,204.25,173.19,new postings
2023-11-04,DE,199.16,167.5,new postings
2023-11-05,DE,194.52,162.58,new postings
2023-11-06,DE,189.45,157.5,new postings
2023-11-07,DE,185.51,153.67,new postings
2023-11-08,DE,182.96,152.25,new postings
2023-11-09,DE,182.96,154.12,new postings
2023-11-10,DE,182.11,155.6,new postings
2023-11-11,DE,183.89,159.34,new postings
2023-11-12,DE,185.17,162.35,new postings
2023-11-13,DE,187.58,165.95,new postings
2023-11-14,DE,189.26,168.94,new postings
2023-11-15,DE,190.57,171.01,new postings
2023-11-16,DE,190.11,171.13,new postings
2023-11-17,DE,190.29,171.72,new postings
2023-11-18,DE,189.94,171.89,new postings
2023-11-19,DE,190.05,172.17,new postings
2023-11-20,DE,189.57,172.01,new postings
2023-11-21,DE,188.51,171.1,new postings
2023-11-22,DE,187.41,170.01,new postings
2023-11-23,DE,187.69,169.66,new postings
2023-11-24,DE,188.18,169.31,new postings
2023-11-25,DE,188.97,168.86,new postings
2023-11-26,DE,189.84,168.62,new postings
2023-11-27,DE,190.68,168.4,new postings
2023-11-28,DE,191.74,168.62,new postings
2023-11-29,DE,192.43,168.42,new postings
2023-11-30,DE,192,167.55,new postings
2023-12-01,DE,190.6,166.24,new postings
2023-12-02,DE,189.06,165.23,new postings
2023-12-03,DE,187.21,164.22,new postings
2023-12-04,DE,184.76,162.7,new postings
2023-12-05,DE,183.04,162.08,new postings
2023-12-06,DE,181.93,162.1,new postings
2023-12-07,DE,181.31,162.46,new postings
2023-12-08,DE,181.5,163.05,new postings
2023-12-09,DE,181.8,163.13,new postings
2023-12-10,DE,182.53,163.3,new postings
2023-12-11,DE,183.78,163.79,new postings
2023-12-12,DE,184.56,163.41,new postings
2023-12-13,DE,185.42,163.12,new postings
2023-12-14,DE,185.75,162.55,new postings
2023-12-15,DE,186.52,162.58,new postings
2023-12-16,DE,186.53,162.5,new postings
2023-12-17,DE,185.52,162.15,new postings
2023-12-18,DE,184.82,162.32,new postings
2023-12-19,DE,183.76,162.2,new postings
2023-12-20,DE,182.84,162.78,new postings
2023-12-21,DE,182.8,164.03,new postings
2023-12-22,DE,182.75,165.3,new postings
2023-12-23,DE,183.28,166.92,new postings
2023-12-24,DE,185.87,168.57,new postings
2023-12-25,DE,190.8,170.14,new postings
2023-12-26,DE,194.57,168.73,new postings
2023-12-27,DE,194.81,162.04,new postings
2023-12-28,DE,193.17,152.23,new postings
2023-12-29,DE,189.51,138.98,new postings
2023-12-30,DE,185.36,123.22,new postings
2023-12-31,DE,181.13,107.56,new postings
2024-01-01,DE,173.41,91.64,new postings
2024-01-02,DE,165.39,79.34,new postings
2024-01-03,DE,163.84,75.19,new postings
2024-01-04,DE,164.77,75.48,new postings
2024-01-05,DE,168.61,81.1,new postings
2024-01-06,DE,174.38,91.23,new postings
2024-01-07,DE,177.72,101.77,new postings
2024-01-08,DE,180.12,112.33,new postings
2024-01-09,DE,187.33,126.25,new postings
2024-01-10,DE,190.38,136.42,new postings
2024-01-11,DE,192.07,145.27,new postings
2024-01-12,DE,192.84,152.34,new postings
2024-01-13,DE,192.71,157.97,new postings
2024-01-14,DE,193.1,163.27,new postings
2024-01-15,DE,195.01,168.48,new postings
2024-01-16,DE,194.2,170.23,new postings
2024-01-17,DE,194.52,172.27,new postings
2024-01-18,DE,193.77,173.17,new postings
2024-01-19,DE,192.08,172.84,new postings
2024-01-20,DE,189.61,171.86,new postings
2024-01-21,DE,187.91,170.9,new postings
2024-01-22,DE,186.45,169.98,new postings
2024-01-23,DE,185.01,169.02,new postings
2024-01-24,DE,183.13,167.76,new postings
2024-01-25,DE,182.83,167.26,new postings
2024-01-26,DE,183,167.08,new postings
2024-01-27,DE,183.77,167.5,new postings
2024-01-28,DE,183.99,167.42,new postings
2024-01-29,DE,184.04,167.74,new postings
2024-01-30,DE,183.48,167.55,new postings
2024-01-31,DE,182.68,167.26,new postings
2024-02-01,DE,181.57,167.15,new postings
2024-02-02,DE,181.03,168.06,new postings
2024-02-03,DE,179.99,168.66,new postings
2024-02-04,DE,179.62,170.13,new postings
2024-02-05,DE,179.75,171.07,new postings
2024-02-06,DE,181.14,172.98,new postings
2024-02-07,DE,182.52,174.9,new postings
2024-02-08,DE,183.35,176.45,new postings
2024-02-09,DE,183.41,175.96,new postings
2024-02-10,DE,184.03,175.49,new postings
2024-02-11,DE,184.38,174.26,new postings
2024-02-12,DE,184.97,173.43,new postings
2024-02-13,DE,184.25,171.52,new postings
2024-02-14,DE,183.51,169.55,new postings
2024-02-15,DE,183.42,167.68,new postings
2024-02-16,DE,185,168.59,new postings
2024-02-17,DE,186.11,169.22,new postings
2024-02-18,DE,186.85,169.91,new postings
2024-02-19,DE,186.71,169.82,new postings
2024-02-20,DE,187.79,171.06,new postings
2024-02-21,DE,188.83,172.45,new postings
2024-02-22,DE,189.69,174.08,new postings
2024-02-23,DE,188.96,173.91,new postings
2024-02-24,DE,188.36,173.78,new postings
2024-02-25,DE,187.78,173.68,new postings
2024-02-26,DE,188.74,174.46,new postings
2024-02-27,DE,188.12,173.57,new postings
2024-02-28,DE,187.94,172.97,new postings
2024-02-29,DE,187.17,171.57,new postings
2024-03-01,DE,187.1,170.83,new postings
2024-03-02,DE,187.06,170.34,new postings
2024-03-03,DE,186.98,169.78,new postings
2024-03-04,DE,186.3,169.13,new postings
2024-03-05,DE,187.21,170.12,new postings
2024-03-06,DE,187.71,170.78,new postings
2024-03-07,DE,189.95,173.38,new postings
2024-03-08,DE,194.82,178.02,new postings
2024-03-09,DE,200.63,182.57,new postings
2024-03-10,DE,206.7,187.4,new postings
2024-03-11,DE,212.23,191.97,new postings
2024-03-12,DE,216.31,195.31,new postings
2024-03-13,DE,221,198.79,new postings
2024-03-14,DE,222.66,199.37,new postings
2024-03-15,DE,218.32,194.65,new postings
2024-03-16,DE,212.57,189.77,new postings
2024-03-17,DE,207.05,185.12,new postings
2024-03-18,DE,201.62,180.49,new postings
2024-03-19,DE,196.89,176.17,new postings
2024-03-20,DE,191.49,171.4,new postings
2024-03-21,DE,187.89,168.15,new postings
2024-03-22,DE,187.71,168.14,new postings
2024-03-23,DE,188.27,168.16,new postings
2024-03-24,DE,188.68,167.72,new postings
2024-03-25,DE,189.36,167.56,new postings
2024-03-26,DE,189.35,167.16,new postings
2024-03-27,DE,189.54,166.81,new postings
2024-03-28,DE,189.03,166.38,new postings
2024-03-29,DE,189.02,166.63,new postings
2024-03-30,DE,185.77,162.9,new postings
2024-03-31,DE,181.41,158.86,new postings
2024-04-01,DE,176.7,154.95,new postings
2024-04-02,DE,170.56,147.99,new postings
2024-04-03,DE,164.82,141.49,new postings
2024-04-04,DE,160.13,135.22,new postings
2024-04-05,DE,153.57,126.6,new postings
2024-04-06,DE,152.96,124.86,new postings
2024-04-07,DE,153.67,123.79,new postings
2024-04-08,DE,154.5,122,new postings
2024-04-09,DE,160.87,127.32,new postings
2024-04-10,DE,167.61,132.75,new postings
2024-04-11,DE,174,138.14,new postings
2024-04-12,DE,180.61,145.23,new postings
2024-04-13,DE,183.9,149.68,new postings
2024-04-14,DE,187.38,154.04,new postings
2024-04-15,DE,191.86,158.8,new postings
2024-04-16,DE,193.78,160.22,new postings
2024-04-17,DE,195.69,161.71,new postings
2024-04-18,DE,196.6,162.89,new postings
2024-04-19,DE,197.86,163.48,new postings
2024-04-20,DE,198.96,163.72,new postings
2024-04-21,DE,199.61,163.69,new postings
2024-04-22,DE,199.65,163.82,new postings
2024-04-23,DE,198.67,163.32,new postings
2024-04-24,DE,196.42,162.11,new postings
2024-04-25,DE,195.76,161.52,new postings
2024-04-26,DE,195.07,161.15,new postings
2024-04-27,DE,194.71,161.03,new postings
2024-04-28,DE,194.75,161.33,new postings
2024-04-29,DE,192.91,160.57,new postings
2024-04-30,DE,190.72,159.81,new postings
2024-05-01,DE,189.99,160.12,new postings
2024-05-02,DE,186.18,156.32,new postings
2024-05-03,DE,182.92,152.46,new postings
2024-05-04,DE,179.63,148.5,new postings
2024-05-05,DE,176.12,144.52,new postings
2024-05-06,DE,174.12,141.63,new postings
2024-05-07,DE,172.69,139.36,new postings
2024-05-08,DE,170.26,136.36,new postings
2024-05-09,DE,172.7,140.58,new postings
2024-05-10,DE,171.6,141.79,new postings
2024-05-11,DE,169.88,141.93,new postings
2024-05-12,DE,167.69,141.76,new postings
2024-05-13,DE,164.89,140.78,new postings
2024-05-14,DE,162.58,139.5,new postings
2024-05-15,DE,160.19,137.85,new postings
2024-05-16,DE,153.33,131.17,new postings
2024-05-17,DE,153.1,130.83,new postings
2024-05-18,DE,154.47,132.42,new postings
2024-05-19,DE,157.1,134.37,new postings
2024-05-20,DE,161,137.23,new postings
2024-05-21,DE,160.11,136.55,new postings
2024-05-22,DE,159.17,136.3,new postings
2024-05-23,DE,160.57,137.69,new postings
2024-05-24,DE,158.95,135.87,new postings
2024-05-25,DE,156.48,132.54,new postings
2024-05-26,DE,152.22,128.95,new postings
2024-05-27,DE,147.11,125.22,new postings
2024-05-28,DE,149.2,128.06,new postings
2024-05-29,DE,152.27,131.27,new postings
2024-05-30,DE,158.17,134.98,new postings
2024-05-31,DE,161.3,136.5,new postings
2024-06-01,DE,162.97,137.55,new postings
2024-06-02,DE,165.97,138.77,new postings
2024-06-03,DE,168.57,139.95,new postings
2024-06-04,DE,167.76,137.72,new postings
2024-06-05,DE,166.49,135.21,new postings
2024-06-06,DE,161.09,131.74,new postings
2024-06-07,DE,160.03,132.29,new postings
2024-06-08,DE,160.69,134.48,new postings
2024-06-09,DE,161.61,136.32,new postings
2024-06-10,DE,163.98,138.27,new postings
2024-06-11,DE,166.54,140.62,new postings
2024-06-12,DE,168.51,142.34,new postings
2024-06-13,DE,171.48,144.16,new postings
2024-06-14,DE,171.92,143.91,new postings
2024-06-15,DE,171.38,142.7,new postings
2024-06-16,DE,169.71,141.85,new postings
2024-06-17,DE,167.9,141.31,new postings
2024-06-18,DE,166.21,140.96,new postings
2024-06-19,DE,164.33,140.5,new postings
2024-06-20,DE,162.73,140.21,new postings
2024-06-21,DE,162.68,140.64,new postings
2024-06-22,DE,162.9,141.22,new postings
2024-06-23,DE,164.02,141.69,new postings
2024-06-24,DE,163.92,141.6,new postings
2024-06-25,DE,163.31,141.04,new postings
2024-06-26,DE,163.79,141.77,new postings
2024-06-27,DE,164.03,142.76,new postings
2024-06-28,DE,163.06,142.77,new postings
2024-06-29,DE,162.08,143.08,new postings
2024-06-30,DE,160.93,143.44,new postings
2024-07-01,DE,160.42,144.18,new postings
2024-07-02,DE,160.83,145.71,new postings
2024-07-03,DE,160.2,146.07,new postings
2024-07-04,DE,159.65,146.26,new postings
2024-07-05,DE,159.46,147.17,new postings
2024-07-06,DE,158.98,147.58,new postings
2024-07-07,DE,158.21,148.02,new postings
2024-07-08,DE,157.46,147.92,new postings
2024-07-09,DE,156.18,146.66,new postings
2024-07-10,DE,155.51,145.87,new postings
2024-07-11,DE,154.95,145.05,new postings
2024-07-12,DE,154.58,143.8,new postings
2024-07-13,DE,154.74,143.08,new postings
2024-07-14,DE,155.07,142.33,new postings
2024-07-15,DE,155.54,141.97,new postings
2024-07-16,DE,155.85,141.84,new postings
2024-07-17,DE,156.1,141.71,new postings
2024-07-18,DE,156.6,141.98,new postings
2024-07-19,DE,158.26,143.36,new postings
2024-07-20,DE,159.53,144.26,new postings
2024-07-21,DE,160.76,145.11,new postings
2024-07-22,DE,161.71,145.84,new postings
2024-07-23,DE,163.03,146.9,new postings
2024-07-24,DE,163.89,147.78,new postings
2024-07-25,DE,163.31,147.41,new postings
2024-07-26,DE,160.5,144.95,new postings
2024-07-27,DE,157.91,142.82,new postings
2024-07-28,DE,155.59,140.8,new postings
2024-07-29,DE,153.28,138.76,new postings
2024-07-30,DE,150.51,136.47,new postings
2024-07-31,DE,149.07,135.61,new postings
2024-08-01,DE,149.16,136.69,new postings
2024-08-02,DE,152.32,141.54,new postings
2024-08-03,DE,155.24,146.26,new postings
2024-08-04,DE,157.82,150.82,new postings
2024-08-05,DE,160.28,155.48,new postings
2024-08-06,DE,163.5,160.54,new postings
2024-08-07,DE,164.12,162.73,new postings
2024-08-08,DE,163.88,163.26,new postings
2024-08-09,DE,160.52,158.41,new postings
2024-08-10,DE,157.7,153.74,new postings
2024-08-11,DE,155.43,149.22,new postings
2024-08-12,DE,153.66,144.63,new postings
2024-08-13,DE,151.33,139.4,new postings
2024-08-14,DE,150.93,135.93,new postings
2024-08-15,DE,150.89,132.98,new postings
2024-08-16,DE,151.88,132.08,new postings
2024-08-17,DE,152.14,130.57,new postings
2024-08-18,DE,152,128.92,new postings
2024-08-19,DE,151.65,127.49,new postings
2024-08-20,DE,151.62,126.73,new postings
2024-08-21,DE,151.96,126.6,new postings
2024-08-22,DE,152.46,126.83,new postings
2024-08-23,DE,153.61,128.64,new postings
2024-08-24,DE,154.93,130.94,new postings
2024-08-25,DE,156.66,133.69,new postings
2024-08-26,DE,159.09,137.03,new postings
2024-08-27,DE,162.2,140.85,new postings
2024-08-28,DE,163.29,142.74,new postings
2024-08-29,DE,165.19,145.07,new postings
2024-08-30,DE,165.93,146.06,new postings
2024-08-31,DE,168.13,148.25,new postings
2024-09-01,DE,169.79,150.53,new postings
2024-09-02,DE,169.99,151.96,new postings
2024-09-03,DE,169.14,152.58,new postings
2024-09-04,DE,170.01,154.7,new postings
2024-09-05,DE,169.9,156.12,new postings
2024-09-06,DE,170.08,157.63,new postings
2024-09-07,DE,168.03,157.3,new postings
2024-09-08,DE,166.68,157.1,new postings
2024-09-09,DE,166.86,156.68,new postings
2024-09-10,DE,167.03,155.94,new postings
2024-09-11,DE,166.53,154.71,new postings
2024-09-12,DE,165.99,153.26,new postings
2024-09-13,DE,165.98,152.4,new postings
2024-09-14,DE,167.13,152.21,new postings
2024-09-15,DE,166.86,150.63,new postings
2024-09-16,DE,165.63,148.97,new postings
2024-09-17,DE,164.82,148.03,new postings
2024-09-18,DE,164.81,147.74,new postings
2024-09-19,DE,164.66,147.19,new postings
2024-09-20,DE,164.18,146.15,new postings
2024-09-21,DE,163.75,145.49,new postings
2024-09-22,DE,164.15,145.67,new postings
2024-09-23,DE,164.51,145.98,new postings
2024-09-24,DE,164.08,145.54,new postings
2024-09-25,DE,162.27,143.94,new postings
2024-09-26,DE,161.22,143.03,new postings
2024-09-27,DE,159.79,141.9,new postings
2024-09-28,DE,157.69,139.91,new postings
2024-09-29,DE,155.4,137.66,new postings
2024-09-30,DE,153.33,135.65,new postings
2024-10-01,DE,151.73,134.27,new postings
2024-10-02,DE,151.04,133.78,new postings
2024-10-03,DE,151.33,134.04,new postings
2024-10-04,DE,150.01,131.78,new postings
2024-10-05,DE,148.82,129.09,new postings
2024-10-06,DE,147.74,126.46,new postings
2024-10-07,DE,146.43,123.81,new postings
2024-10-08,DE,145.17,120.77,new postings
2024-10-09,DE,144.1,117.19,new postings
2024-10-10,DE,140.54,112.17,new postings
2024-10-11,DE,139.55,112.28,new postings
2024-10-12,DE,138.81,113.72,new postings
2024-10-13,DE,137.93,115.36,new postings
2024-10-14,DE,137.28,117.04,new postings
2024-10-15,DE,137.2,119.15,new postings
2024-10-16,DE,136.83,121.72,new postings
2024-10-17,DE,140.6,127.79,new postings
2024-10-18,DE,141.15,129.09,new postings
2024-10-19,DE,141.74,130.02,new postings
2024-10-20,DE,142.55,130.89,new postings
2024-10-21,DE,143.4,131.77,new postings
2024-10-22,DE,144.07,132.28,new postings
2024-10-23,DE,144.66,132.6,new postings
2024-10-24,DE,142.4,130.03,new postings
2024-10-25,DE,142.91,130.01,new postings
2024-10-26,DE,143.23,129.57,new postings
2024-10-27,DE,143.7,129.1,new postings
2024-10-28,DE,144.29,128.63,new postings
2024-10-29,DE,144.68,128.33,new postings
2024-10-30,DE,145.05,127.99,new postings
2024-10-31,DE,144.96,126.99,new postings
2024-11-01,DE,144.9,125.3,new postings
2024-11-02,DE,143.73,122.33,new postings
2024-11-03,DE,142.23,119.22,new postings
2024-11-04,DE,140.33,116,new postings
2024-11-05,DE,138.31,113.06,new postings
2024-11-06,DE,136.2,110.21,new postings
2024-11-07,DE,134.27,107.86,new postings
2024-11-08,DE,132.46,106.96,new postings
2024-11-09,DE,133.07,109.36,new postings
2024-11-10,DE,133.39,111.95,new postings
2024-11-11,DE,134,114.75,new postings
2024-11-12,DE,134.6,117.28,new postings
2024-11-13,DE,135.38,119.82,new postings
2024-11-14,DE,136.12,122.35,new postings
2024-11-15,DE,137.26,124.44,new postings
2024-11-16,DE,138.22,126.08,new postings
2024-11-17,DE,139.18,127.64,new postings
2024-11-18,DE,140.46,129.29,new postings
2024-11-19,DE,142.22,131.23,new postings
2024-11-20,DE,143.89,133.05,new postings
2024-11-21,DE,145.78,134.79,new postings
2024-11-22,DE,147.2,135.97,new postings
2024-11-23,DE,146.22,134.53,new postings
2024-11-24,DE,145.34,133,new postings
2024-11-25,DE,144.29,131.13,new postings
2024-11-26,DE,143.7,129.79,new postings
2024-11-27,DE,143.1,128.41,new postings
2024-11-28,DE,141.87,126.68,new postings
2024-11-29,DE,141.84,125.89,new postings
2024-11-30,DE,143.09,126.46,new postings
2024-12-01,DE,144.13,127.15,new postings
2024-12-02,DE,145.19,128.11,new postings
2024-12-03,DE,144.87,128.05,new postings
2024-12-04,DE,144.79,128.26,new postings
2024-12-05,DE,145.22,129.1,new postings
2024-12-06,DE,143.88,128.49,new postings
2024-12-07,DE,142.78,128.06,new postings
2024-12-08,DE,142.01,127.61,new postings
2024-12-09,DE,141.48,126.89,new postings
2024-12-10,DE,141.25,126.18,new postings
2024-12-11,DE,140.97,125.47,new postings
2024-12-12,DE,140.76,124.45,new postings
2024-12-13,DE,141.2,124.14,new postings
2024-12-14,DE,141.39,123.73,new postings
2024-12-15,DE,141.6,123.41,new postings
2024-12-16,DE,141.47,123.4,new postings
2024-12-17,DE,141,123.7,new postings
2024-12-18,DE,140.45,124.04,new postings
2024-12-19,DE,140.54,125.1,new postings
2024-12-20,DE,140.65,126.62,new postings
2024-12-21,DE,141.19,128.53,new postings
2024-12-22,DE,141.65,130.38,new postings
2024-12-23,DE,142.28,132.07,new postings
2024-12-24,DE,143.34,132.44,new postings
2024-12-25,DE,143.02,129.54,new postings
2024-12-26,DE,140.16,122.46,new postings
2024-12-27,DE,135.5,111.61,new postings
2024-12-28,DE,128.62,97.47,new postings
2024-12-29,DE,124.76,83.68,new postings
2024-12-30,DE,122.47,70.18,new postings
2024-12-31,DE,121.58,57.62,new postings
2025-01-01,DE,124.33,50.16,new postings
2025-01-02,DE,127.94,46.55,new postings
2025-01-03,DE,134.34,48.74,new postings
2025-01-04,DE,143.28,54.71,new postings
2025-01-05,DE,147.39,59.91,new postings
2025-01-06,DE,148.12,65.01,new postings
2025-01-07,DE,146.08,70.54,new postings
2025-01-08,DE,143.54,77.02,new postings
2025-01-09,DE,144.2,86.26,new postings
2025-01-10,DE,144.22,94.1,new postings
2025-01-11,DE,143.75,101.92,new postings
2025-01-12,DE,144.87,110.08,new postings
2025-01-13,DE,147.4,118,new postings
2025-01-14,DE,151.67,126.64,new postings
2025-01-15,DE,153.63,132.16,new postings
2025-01-16,DE,153.49,134.66,new postings
2025-01-17,DE,152.61,135.85,new postings
2025-01-18,DE,151.23,136.26,new postings
2025-01-19,DE,150.35,136.8,new postings
2025-01-20,DE,149.71,137.27,new postings
2025-01-21,DE,149.03,137.13,new postings
2025-01-22,DE,149.72,138.06,new postings
2025-01-23,DE,150.43,138.94,new postings
2025-01-24,DE,151.08,139.86,new postings
2025-01-25,DE,152.21,140.74,new postings
2025-01-26,DE,153.25,141.48,new postings
2025-01-27,DE,154.29,142.35,new postings
2025-01-28,DE,154.76,142.64,new postings
2025-01-29,DE,153.49,141.78,new postings
2025-01-30,DE,154.02,142.59,new postings
2025-01-31,DE,154.69,143.55,new postings
2025-02-01,DE,154.69,144.35,new postings
2025-02-02,DE,154.57,145.38,new postings
2025-02-03,DE,154.25,146.3,new postings
2025-02-04,DE,154.12,147.64,new postings
2025-02-05,DE,155.15,149.18,new postings
2025-02-06,DE,152.8,147.48,new postings
2025-02-07,DE,150.94,146.25,new postings
2025-02-08,DE,148.87,145,new postings
2025-02-09,DE,147.75,143.43,new postings
2025-02-10,DE,147.06,141.85,new postings
2025-02-11,DE,146.71,140.2,new postings
2025-02-12,DE,145.63,138.1,new postings
2025-02-13,DE,145.69,137.16,new postings
2025-02-14,DE,145.18,135.73,new postings
2025-02-15,DE,145.12,134,new postings
2025-02-16,DE,143.95,132.61,new postings
2025-02-17,DE,142.75,131.37,new postings
2025-02-18,DE,141.03,129.88,new postings
2025-02-19,DE,139.81,128.99,new postings
2025-02-20,DE,139.17,128.72,new postings
2025-02-21,DE,138.91,129.04,new postings
2025-02-22,DE,138.28,129.48,new postings
2025-02-23,DE,138.03,129.78,new postings
2025-02-24,DE,137.85,130.06,new postings
2025-02-25,DE,137.74,130.54,new postings
2025-02-26,DE,138,130.86,new postings
2025-02-27,DE,138.02,130.67,new postings
2025-02-28,DE,137.45,129.83,new postings
2025-03-01,DE,137.67,129.22,new postings
2025-03-02,DE,137.99,128.7,new postings
2025-03-03,DE,137.85,128.03,new postings
2025-03-04,DE,138.1,127.36,new postings
2025-03-05,DE,136.96,125.91,new postings
2025-03-06,DE,135.75,124.77,new postings
2025-03-07,DE,134.75,124.13,new postings
2025-03-08,DE,133.63,123.34,new postings
2025-03-09,DE,133,122.29,new postings
2025-03-10,DE,132.42,121.37,new postings
2025-03-11,DE,132.01,120.89,new postings
2025-03-12,DE,132.83,121.62,new postings
2025-03-13,DE,134.61,122.93,new postings
2025-03-14,DE,136.59,124.11,new postings
2025-03-15,DE,138.98,125.46,new postings
2025-03-16,DE,140.4,126.96,new postings
2025-03-17,DE,141.9,128.6,new postings
2025-03-18,DE,143.22,129.86,new postings
2025-03-19,DE,144.43,130.82,new postings
2025-03-20,DE,144.58,130.87,new postings
2025-03-21,DE,144.12,130.37,new postings
2025-03-22,DE,142.84,129.4,new postings
2025-03-23,DE,142.07,128.27,new postings
2025-03-24,DE,141.4,126.92,new postings
2025-03-25,DE,148.39,132.38,new postings
2025-03-26,DE,154.78,137.67,new postings
2025-03-27,DE,161.78,143.35,new postings
2025-03-28,DE,169.75,149.56,new postings
2025-03-29,DE,178.47,156.05,new postings
2025-03-30,DE,187.36,162.71,new postings
2025-03-31,DE,195.98,169.08,new postings
2025-04-01,DE,189.3,162.14,new postings
2025-04-02,DE,183.88,155.76,new postings
2025-04-03,DE,179.13,149.75,new postings
2025-04-04,DE,175.56,144.58,new postings
2025-04-05,DE,172.06,139.58,new postings
2025-04-06,DE,167.81,134.55,new postings
2025-04-07,DE,163.8,129.92,new postings
2025-04-08,DE,167.7,131.67,new postings
2025-04-09,DE,169.69,132.92,new postings
2025-04-10,DE,169.95,132.9,new postings
2025-04-11,DE,168.13,131.79,new postings
2025-04-12,DE,164.81,130.63,new postings
2025-04-13,DE,161.27,129.46,new postings
2025-04-14,DE,157.86,128.15,new postings
2025-04-15,DE,154.78,126.63,new postings
2025-04-16,DE,152.98,124.89,new postings
2025-04-17,DE,151.55,124.36,new postings
2025-04-18,DE,149.32,124.04,new postings
2025-04-19,DE,145.91,120.71,new postings
2025-04-20,DE,141.92,117.22,new postings
2025-04-21,DE,137.48,113.85,new postings
2025-04-22,DE,130.81,107.83,new postings
2025-04-23,DE,123.39,101.79,new postings
2025-04-24,DE,115.15,95.01,new postings
2025-04-25,DE,108.27,87.86,new postings
2025-04-26,DE,106.13,86.21,new postings
2025-04-27,DE,105.02,84.78,new postings
2025-04-28,DE,104.49,83.53,new postings
2025-04-29,DE,108.3,88.04,new postings
2025-04-30,DE,113.15,93.37,new postings
2025-05-01,DE,120.07,99.84,new postings
2025-05-02,DE,126.2,104.41,new postings
2025-05-03,DE,129.22,105.67,new postings
2025-05-04,DE,132.12,106.9,new postings
2025-05-05,DE,134.72,107.95,new postings
2025-05-06,DE,134.5,106.3,new postings
2025-05-07,DE,133.51,104.02,new postings
2025-05-08,DE,130.88,100.56,new postings
2025-05-09,DE,129.48,101.47,new postings
2025-05-10,DE,129.66,104,new postings
2025-05-11,DE,130.37,106.41,new postings
2025-05-12,DE,130.9,108.79,new postings
2025-05-13,DE,131.4,111,new postings
2025-05-14,DE,132.59,113.15,new postings
2025-05-15,DE,134.9,115.95,new postings
2025-05-16,DE,137.1,117.34,new postings
2025-05-17,DE,137.83,117.99,new postings
2025-05-18,DE,138.3,118.81,new postings
2025-05-19,DE,139.46,119.62,new postings
2025-05-20,DE,141.34,120.79,new postings
2025-05-21,DE,142.83,122.19,new postings
2025-05-22,DE,143.53,123.3,new postings
2025-05-23,DE,143.97,123.82,new postings
2025-05-24,DE,144.59,123.93,new postings
2025-05-25,DE,145.9,123.96,new postings
2025-05-26,DE,145.79,124.02,new postings
2025-05-27,DE,144.48,123.59,new postings
2025-05-28,DE,142.67,123.03,new postings
2025-05-29,DE,141.53,122.59,new postings
2025-05-30,DE,139.24,119.24,new postings
2025-05-31,DE,137.22,116.13,new postings
2025-06-01,DE,134.37,113.07,new postings
2025-06-02,DE,132.81,110.09,new postings
2025-06-03,DE,131.81,107.94,new postings
2025-06-04,DE,131.09,105.6,new postings
2025-06-05,DE,129.68,102.71,new postings
2025-06-06,DE,130.07,103.99,new postings
2025-06-07,DE,132.1,107.08,new postings
2025-06-08,DE,133.99,110.17,new postings
2025-06-09,DE,135.99,112.97,new postings
2025-06-10,DE,135.7,112.72,new postings
2025-06-11,DE,134.75,112.16,new postings
2025-06-12,DE,134.42,112.13,new postings
2025-06-13,DE,133.2,110.58,new postings
2025-06-14,DE,129.35,106.89,new postings
2025-06-15,DE,125.58,103.15,new postings
2025-06-16,DE,120.92,99.71,new postings
2025-06-17,DE,121.53,101.34,new postings
2025-06-18,DE,123.07,103.75,new postings
2025-06-19,DE,124.56,106.24,new postings
2025-06-20,DE,124.48,107.22,new postings
2025-06-21,DE,124.57,107.81,new postings
2025-06-22,DE,124.84,108.4,new postings
2025-06-23,DE,126.04,108.99,new postings
2025-06-24,DE,123.47,106.73,new postings
2025-06-25,DE,120.45,104.17,new postings
2025-06-26,DE,117.06,101.6,new postings
2025-06-27,DE,117.32,102.68,new postings
2025-06-28,DE,118.8,104.93,new postings
2025-06-29,DE,120.26,107.37,new postings
2025-06-30,DE,121.2,109.45,new postings
2025-07-01,DE,122.86,112,new postings
2025-07-02,DE,125.3,115.1,new postings
2025-07-03,DE,128.16,118.28,new postings
2025-07-04,DE,129.05,119.57,new postings
2025-07-05,DE,129.2,120.54,new postings
2025-07-06,DE,129.18,121.14,new postings
2025-07-07,DE,129.36,122.06,new postings
2025-07-08,DE,129.49,122.52,new postings
2025-07-09,DE,129.02,122.08,new postings
2025-07-10,DE,128.31,121.35,new postings
2025-07-11,DE,127.3,120.21,new postings
2025-07-12,DE,126.85,119.11,new postings
2025-07-13,DE,126.37,118.08,new postings
2025-07-14,DE,125.85,116.93,new postings
2025-07-15,DE,126.05,116.63,new postings
2025-07-16,DE,126.53,116.67,new postings
2025-07-17,DE,127.22,116.93,new postings
2025-07-18,DE,128.08,117.49,new postings
2025-07-19,DE,128.1,117.47,new postings
2025-07-20,DE,128.48,117.59,new postings
2025-07-21,DE,128.96,117.85,new postings
2025-07-22,DE,128.47,117.29,new postings
2025-07-23,DE,127.78,116.59,new postings
2025-07-24,DE,128.01,116.94,new postings
2025-07-25,DE,128.24,117.3,new postings
2025-07-26,DE,129.17,118.17,new postings
2025-07-27,DE,129.97,119.03,new postings
2025-07-28,DE,130.69,119.64,new postings
2025-07-29,DE,131.26,120.09,new postings
2025-07-30,DE,132.07,120.94,new postings
2025-07-31,DE,131.12,120.4,new postings
2025-08-01,DE,130.19,120.54,new postings
2025-08-02,DE,131.93,124.08,new postings
2025-08-03,DE,133.61,127.62,new postings
2025-08-04,DE,135.23,131.2,new postings
2025-08-05,DE,137.36,135.42,new postings
2025-08-06,DE,139.72,139.61,new postings
2025-08-07,DE,142.94,143.96,new postings
2025-08-08,DE,145.51,146.73,new postings
2025-08-09,DE,143.27,142.85,new postings
2025-08-10,DE,141.4,139.05,new postings
2025-08-11,DE,139.66,135.13,new postings
2025-08-12,DE,138.43,131.21,new postings
2025-08-13,DE,136.85,126.79,new postings
2025-08-14,DE,134.87,122.14,new postings
2025-08-15,DE,133.29,118.07,new postings
2025-08-16,DE,134.02,116.83,new postings
2025-08-17,DE,134.48,115.46,new postings
2025-08-18,DE,134.68,114.12,new postings
2025-08-19,DE,134.65,112.95,new postings
2025-08-20,DE,134.43,111.99,new postings
2025-08-21,DE,134.33,111.45,new postings
2025-08-22,DE,135.32,112.08,new postings
2025-08-23,DE,136.31,113.8,new postings
2025-08-24,DE,137.08,115.63,new postings
2025-08-25,DE,137.91,117.63,new postings
2025-08-26,DE,137.23,118.35,new postings
2025-08-27,DE,136.88,119.21,new postings
2025-08-28,DE,137.27,120.48,new postings
2025-08-29,DE,136.27,120.28,new postings
2025-08-30,DE,135.56,120.06,new postings
2025-08-31,DE,135.02,119.84,new postings
2025-09-01,DE,134.56,120.16,new postings
2025-09-02,DE,136.9,123.27,new postings
2025-09-03,DE,139.14,126.47,new postings
2025-09-04,DE,140.24,128.73,new postings
2025-09-05,DE,141.88,131.49,new postings
2025-09-06,DE,142.82,133.58,new postings
2025-09-07,DE,143.55,135.44,new postings
2025-09-08,DE,143.81,136.43,new postings
2025-09-09,DE,140.91,133.42,new postings
2025-09-10,DE,138.44,130.46,new postings
2025-09-11,DE,136.76,128.29,new postings
2025-09-12,DE,135.15,126.13,new postings
2025-09-13,DE,133.73,124.22,new postings
2025-09-14,DE,132.73,122.47,new postings
2025-09-15,DE,132.13,120.9,new postings
2025-09-16,DE,133.33,121.42,new postings
2025-09-17,DE,134.05,121.84,new postings
2025-09-18,DE,133.8,121.28,new postings
2025-09-19,DE,133.55,120.64,new postings
2025-09-20,DE,133.05,119.52,new postings
2025-09-21,DE,132.09,118.38,new postings
2025-09-22,DE,131.14,117.35,new postings
2025-09-23,DE,130.05,116.36,new postings
2025-09-24,DE,128.43,114.82,new postings
2025-09-25,DE,127.53,114.04,new postings
2025-09-26,DE,126.81,113.44,new postings
2025-09-27,DE,126.53,113.32,new postings
2025-09-28,DE,126.73,113.28,new postings
2025-09-29,DE,127.06,113.28,new postings
2025-09-30,DE,127.68,113.6,new postings
2025-10-01,DE,129.27,114.94,new postings
2025-10-02,DE,131.52,116.85,new postings
2025-10-03,DE,134.37,119.15,new postings
2025-10-04,DE,136.06,119.33,new postings
2025-10-05,DE,138.32,119.45,new postings
2025-10-06,DE,140.47,119.52,new postings
2025-10-07,DE,141.54,118.73,new postings
2025-10-08,DE,142.33,117.27,new postings
2025-10-09,DE,142.09,114.51,new postings
2025-10-10,DE,140.21,111.04,new postings
2025-10-11,DE,139.47,111.5,new postings
2025-10-12,DE,137.56,112.1,new postings
2025-10-13,DE,135.42,112.7,new postings
2025-10-14,DE,133.95,113.92,new postings
2025-10-15,DE,132.48,115.11,new postings
2025-10-16,DE,131.43,117.11,new postings
2025-10-17,DE,130.99,119.57,new postings
2025-10-18,DE,129.76,119.39,new postings
2025-10-19,DE,128.8,119.04,new postings
2025-10-20,DE,128.05,118.57,new postings
2025-10-21,DE,127.06,117.71,new postings
2025-10-22,DE,126.33,116.99,new postings
2025-10-23,DE,125.63,116.18,new postings
2025-10-24,DE,124.83,114.86,new postings
2025-10-25,DE,124.72,114.32,new postings
2025-10-26,DE,125.01,113.85,new postings
2025-10-27,DE,125.67,113.58,new postings
2025-10-28,DE,126.35,113.35,new postings
2025-10-29,DE,126.89,113.14,new postings
2025-10-30,DE,127.17,112.67,new postings
2025-10-31,DE,127.71,112.12,new postings
2025-11-01,DE,127.16,109.79,new postings
2025-11-02,DE,128.7,109,new postings
2025-11-03,DE,129.75,108.06,new postings
2025-11-04,DE,131.19,107.68,new postings
2025-11-05,DE,132.31,107.31,new postings
2025-11-06,DE,133.37,107.1,new postings
2025-11-07,DE,134.32,107.13,new postings
2025-11-08,DE,135.89,109.11,new postings
2025-11-09,DE,133.96,109.4,new postings
2025-11-10,DE,131.99,109.89,new postings
2025-11-11,DE,129.86,110.34,new postings
2025-11-12,DE,127.63,110.52,new postings
2025-11-13,DE,125.59,110.73,new postings
2025-11-14,DE,123.72,111.14,new postings
2025-11-15,DE,122.18,111.24,new postings
2025-11-16,DE,121.32,111.35,new postings
2025-11-17,DE,120.84,111.6,new postings
2025-11-18,DE,120.01,111.35,new postings
2025-11-19,DE,119.23,111.05,new postings
2025-11-20,DE,118.95,111.13,new postings
2025-11-21,DE,119.14,111.42,new postings
2025-11-22,DE,118.88,111.1,new postings
2025-11-23,DE,119.34,110.89,new postings
2025-11-24,DE,119.68,110.5,new postings
2025-11-25,DE,120.43,110.36,new postings
2025-11-26,DE,121.48,110.54,new postings
2025-11-27,DE,121.79,110.04,new postings
2025-11-28,DE,121.2,108.89,new postings
2025-11-29,DE,121.22,108.12,new postings
2025-11-30,DE,121.01,107.43,new postings
2025-12-01,DE,120.74,106.96,new postings
2025-12-02,DE,120.67,106.82,new postings
2025-12-03,DE,120.57,106.82,new postings
2025-12-04,DE,121.14,107.49,new postings
2025-12-05,DE,121.93,108.43,new postings
2025-12-06,DE,122.74,109.57,new postings
2025-12-07,DE,123.44,110.49,new postings
2025-12-08,DE,124.06,111.11,new postings
2025-12-09,DE,124.62,111.41,new postings
2025-12-10,DE,125.31,111.62,new postings
2025-12-11,DE,125.38,111.31,new postings
2025-12-12,DE,125.69,110.96,new postings
2025-12-13,DE,125.92,110.63,new postings
2025-12-14,DE,126.13,110.47,new postings
2025-12-15,DE,126.47,110.53,new postings
2025-12-16,DE,126.49,110.63,new postings
2025-12-17,DE,126.61,111.37,new postings
2025-12-18,DE,127.24,112.63,new postings
2025-12-19,DE,128.62,114.71,new postings
2025-12-20,DE,129.92,117.33,new postings
2025-12-21,DE,130.98,119.69,new postings
2025-12-22,DE,132.31,122.1,new postings
2025-12-23,DE,133.26,123.98,new postings
2025-12-24,DE,133.04,123.3,new postings
2025-12-25,DE,131.33,119.32,new postings
2025-12-26,DE,127.17,111.27,new postings
2025-12-27,DE,121.43,99.31,new postings
2025-12-28,DE,117.65,87.51,new postings
2025-12-29,DE,114.44,75.63,new postings
2025-12-30,DE,111.7,62.96,new postings
2025-12-31,DE,110.05,51.27,new postings
2026-01-01,DE,105.22,42.8,new postings
2026-01-02,DE,101.63,37.99,new postings
2026-01-03,DE,98.81,37.51,new postings
2026-01-04,DE,93.83,37.26,new postings
2026-01-05,DE,88.3,37.19,new postings
2026-01-06,DE,85.1,40.35,new postings
2026-01-07,DE,82.39,45.35,new postings
2026-01-08,DE,85.97,52.38,new postings
2026-01-09,DE,92.3,61.92,new postings
2026-01-10,DE,99.51,71.71,new postings
2026-01-11,DE,106.66,81.17,new postings
2026-01-12,DE,114.2,90.58,new postings
2026-01-13,DE,119.07,97.72,new postings
2026-01-14,DE,124,104.8,new postings
2026-01-15,DE,126.54,109.49,new postings
2026-01-16,DE,126.59,111.25,new postings
2026-01-17,DE,125.62,111.66,new postings
2026-01-18,DE,124.99,112.19,new postings
2026-01-19,DE,124.38,112.44,new postings
2026-01-20,DE,124.19,113.01,new postings
2026-01-21,DE,123.31,112.57,new postings
2026-01-22,DE,123.04,112.54,new postings
2026-01-23,DE,123.44,113.1,new postings
2026-01-24,DE,123.93,113.81,new postings
2026-01-25,DE,124.94,114.56,new postings
2026-01-26,DE,126.11,115.39,new postings
2026-01-27,DE,127.04,116.06,new postings
2026-01-28,DE,127.97,116.69,new postings
2026-01-29,DE,127.91,116.83,new postings
2026-01-30,DE,126.8,116.02,new postings
2026-01-31,DE,126.17,115.72,new postings
2026-02-01,DE,125.23,115.5,new postings
2026-02-02,DE,124.29,115.6,new postings
2026-02-03,DE,123.56,115.78,new postings
2026-02-04,DE,122.64,116.03,new postings
2026-02-05,DE,122.57,116.37,new postings
2026-02-06,DE,123.17,117.18,new postings
2026-02-07,DE,123,117.24,new postings
2026-02-08,DE,122.76,117.16,new postings
2026-02-09,DE,122.55,116.78,new postings
2026-02-10,DE,122.34,116.41,new postings
2026-02-11,DE,122.12,116.03,new postings
2026-02-12,DE,121.91,115.65,new postings
2026-02-13,DE,121.69,115.28,new postings
2026-02-14,DE,121.48,114.9,new postings
2026-02-15,DE,121.26,114.52,new postings
2026-02-16,DE,121.05,114.15,new postings
2026-02-17,DE,120.83,113.77,new postings
2026-02-18,DE,120.62,113.39,new postings
2026-02-19,DE,120.4,113.02,new postings
2026-02-20,DE,120.19,112.64,new postings
2026-02-21,DE,119.97,112.26,new postings
2026-02-22,DE,119.76,111.88,new postings
2026-02-23,DE,119.54,111.51,new postings
2026-02-24,DE,119.33,111.13,new postings
2026-02-25,DE,119.11,110.75,new postings
2026-02-26,DE,119.12,110.38,new postings
2026-02-27,DE,119.25,110.2,new postings
2026-02-28,DE,119.65,110.38,new postings
2026-03-01,DE,120.49,110.82,new postings
2026-03-02,DE,121.65,111.35,new postings
2026-03-03,DE,123.07,112.48,new postings
2026-03-04,DE,124.71,113.72,new postings
2026-03-05,DE,126.83,115.6,new postings
2026-03-06,DE,128.48,117.34,new postings
2026-03-07,DE,129.55,118.81,new postings
2026-03-08,DE,130.46,119.8,new postings
2026-03-09,DE,131.67,120.54,new postings
2026-03-10,DE,132.13,120.67,new postings
2026-03-11,DE,131.55,119.93,new postings
2026-03-12,DE,129.41,117.87,new postings
2026-03-13,DE,127.51,115.7,new postings
2026-03-14,DE,125.57,113.29,new postings
2026-03-15,DE,123.84,111.18,new postings
2026-03-16,DE,121.64,109.3,new postings
2026-03-17,DE,119.46,107.43,new postings
2026-03-18,DE,118.06,106.23,new postings
2026-03-19,DE,117.46,105.54,new postings
2026-03-20,DE,116.84,104.93,new postings
2026-03-21,DE,116.44,104.51,new postings
2026-03-22,DE,115.78,103.99,new postings
2026-03-23,DE,115.48,103.39,new postings
2026-03-24,DE,115.37,102.77,new postings
2026-03-25,DE,115.3,102.16,new postings
2026-03-26,DE,115.39,101.94,new postings
2026-03-27,DE,115.73,101.87,new postings
2026-03-28,DE,116.54,102.2,new postings
2026-03-29,DE,117.63,102.77,new postings
2026-03-30,DE,119.27,103.56,new postings
2026-03-31,DE,120.59,104.2,new postings
2026-04-01,DE,121.6,104.72,new postings
2026-04-02,DE,124.57,106.15,new postings
2026-04-03,DE,127.89,107.76,new postings
2026-04-04,DE,128.17,106.69,new postings
2026-04-05,DE,128.09,105.15,new postings
2026-04-06,DE,126.22,103,new postings
2026-04-07,DE,121.68,98.72,new postings
2026-04-08,DE,118.48,94.96,new postings
2026-04-09,DE,112.25,89.85,new postings
2026-04-10,DE,104.52,83.67,new postings
2026-04-11,DE,102.28,81.85,new postings
2026-04-12,DE,99.32,80.38,new postings
2026-04-13,DE,96.88,79.3,new postings
2026-04-14,DE,99.69,82.24,new postings
2026-04-15,DE,102.15,84.76,new postings
2026-04-16,DE,105.82,87.4,new postings
2026-04-17,DE,109.96,90.63,new postings
2026-04-18,DE,110.5,91.73,new postings
2026-04-19,DE,112.32,92.88,new postings
2026-04-20,DE,114.27,94.12,new postings
2026-04-21,DE,114.35,94.11,new postings
2026-04-22,DE,115.32,94.75,new postings
2026-04-23,DE,116.38,95.73,new postings
2026-04-24,DE,117.68,97.09,new postings
2026-04-25,DE,120.01,98.53,new postings
2026-04-26,DE,121.51,99.83,new postings
2026-04-27,DE,123.14,101.03,new postings
2026-04-28,DE,124.25,101.75,new postings
2026-04-29,DE,123.18,101.65,new postings
2026-04-30,DE,122.55,102.06,new postings
2026-05-01,DE,122.72,102.83,new postings
2026-05-02,DE,121.58,101.58,new postings
2026-05-03,DE,120.94,100.3,new postings
2026-05-04,DE,120.49,99.18,new postings
2026-05-05,DE,120.6,98.55,new postings
2026-05-06,DE,121.58,98.44,new postings
2026-05-07,DE,121.59,97.54,new postings
2026-05-08,DE,120.26,95.64,new postings
2026-05-09,DE,121.63,98.43,new postings
2026-05-10,DE,122.93,101.27,new postings
2026-05-11,DE,124.82,104.05,new postings
2026-05-12,DE,125.87,106.29,new postings
2026-05-13,DE,126.38,107.95,new postings
2026-05-14,DE,127.64,109.72,new postings
2026-05-15,DE,126.96,109.59,new postings
2026-05-16,DE,122.64,105.3,new postings
2026-05-17,DE,117.88,101.03,new postings
2026-05-18,DE,112.5,96.69,new postings
2026-05-19,DE,107.68,92.29,new postings
2026-05-20,DE,103.39,88.23,new postings
2026-05-21,DE,98.13,83.8,new postings
2026-05-22,DE,97.83,83.88,new postings
2026-05-23,DE,100.57,86.34,new postings
2026-05-24,DE,103.74,88.8,new postings
2026-05-25,DE,107.54,91.17,new postings
2026-05-26,DE,107.83,91.44,new postings
2026-05-27,DE,107.27,91.38,new postings
2026-05-28,DE,107.16,91.89,new postings
2026-05-29,DE,104.9,90.24,new postings
2026-05-30,DE,103.04,87.76,new postings
2026-05-31,DE,101.08,85.28,new postings
2026-06-01,DE,98.92,83.26,new postings
2026-06-02,DE,103.8,86.34,new postings
2026-06-03,DE,109.28,90.17,new postings
2026-06-04,DE,114.84,93.82,new postings
2026-06-05,DE,118.45,95.95,new postings
2026-06-06,DE,120.02,98.05,new postings
2026-06-07,DE,121.26,100.08,new postings
2026-06-08,DE,121.48,101.29,new postings
2026-06-09,DE,118.28,99.5,new postings
2026-06-10,DE,115.69,97.39,new postings
2026-06-11,DE,113.26,95.53,new postings
2026-06-12,DE,114.59,96.74,new postings
2026-06-13,DE,117.23,98.43,new postings
2026-06-14,DE,119.82,100.17,new postings
2026-06-15,DE,123,102.37,new postings
2026-06-16,DE,125.03,104.47,new postings
2026-06-17,DE,126.44,106.39,new postings
2026-06-18,DE,126.63,107.34,new postings
2026-06-19,DE,124.81,106.63,new postings
2026-06-20,DE,121.92,104.99,new postings
2026-06-21,DE,119.48,103.28,new postings
2026-06-22,DE,116.88,101.37,new postings
2026-06-23,DE,115.33,99.66,new postings
2026-06-24,DE,113.45,98.02,new postings
2026-06-25,DE,112.59,97.25,new postings
2026-06-26,DE,111.56,96.58,new postings
2026-06-27,DE,110.9,96.53,new postings
2026-06-28,DE,110.54,96.83,new postings
2026-06-29,DE,110.18,97.31,new postings
2026-06-30,DE,109.82,97.91,new postings
2026-07-01,DE,110.62,99.47,new postings
2026-07-02,DE,111.88,101.42,new postings
2026-07-03,DE,113.46,103.48,new postings
2026-07-04,DE,115.54,105.92,new postings
2026-07-05,DE,116.67,107.74,new postings
2026-07-06,DE,117.88,109.43,new postings
2026-07-07,DE,119.49,111.66,new postings
2026-07-08,DE,119.48,112.01,new postings
2026-07-09,DE,119.04,111.61,new postings
2026-07-10,DE,118.64,111.18,new postings
2026-07-11,DE,117.93,110.28,new postings
2026-07-12,DE,117.95,109.69,new postings
2026-07-13,DE,117.82,109,new postings
2026-07-14,DE,117.34,107.9,new postings
2026-07-15,DE,117.7,107.76,new postings
2026-07-16,DE,117.81,107.51,new postings
2026-07-17,DE,117.39,106.81,new postings
2026-07-18,DE,116.71,106.03,new postings
2026-07-19,DE,116.07,105.34,new postings
2026-07-20,DE,115.75,104.86,new postings
2026-07-21,DE,114.63,103.66,new postings
2026-07-22,DE,113.34,102.36,new postings
2026-07-23,DE,112.07,101.13,new postings
2026-07-24,DE,110.9,100.11,new postings
2026-07-25,DE,109.97,99.3,new postings
2026-07-26,DE,108.87,98.3,new postings
2026-07-27,DE,107.48,97.13,new postings
2026-07-28,DE,106.57,96.27,new postings
2026-07-29,DE,105.84,95.59,new postings
2026-07-30,DE,105.28,95.21,new postings
2026-07-31,DE,105.57,95.77,new postings
2026-08-01,DE,106.58,97.49,new postings
2026-08-02,DE,107.31,99.52,new postings
2026-08-03,DE,108.07,101.59,new postings
2026-08-04,DE,111.01,105.87,new postings
2026-08-05,DE,113.46,109.87,new postings
2026-08-06,DE,115.79,113.52,new postings
2026-08-07,DE,117.25,115.98,new postings
2026-08-08,DE,117.4,116.52,new postings
2026-08-09,DE,118.97,116.81,new postings
2026-08-10,DE,120.75,117.04,new postings
2026-08-11,DE,118.39,113.17,new postings
2026-08-12,DE,116.84,109.67,new postings
2026-08-13,DE,115.49,106.25,new postings
2026-08-14,DE,114.76,103.43,new postings
2026-08-15,DE,113.82,100.63,new postings
2026-08-16,DE,112.09,97.72,new postings
2026-08-17,DE,110.41,94.96,new postings
2026-08-18,DE,111.7,94.98,new postings
2026-08-19,DE,112.45,94.75,new postings
2026-08-20,DE,113.03,94.66,new postings
2026-08-21,DE,113,94.3,new postings
2026-08-22,DE,113.32,94.41,new postings
2026-08-23,DE,112.98,94.68,new postings
2026-08-24,DE,112.41,94.98,new postings
2026-08-25,DE,110.65,94.32,new postings
2026-08-26,DE,108.96,93.73,new postings
2026-08-27,DE,107.73,93.45,new postings
2026-08-28,DE,106.47,92.96,new postings
2026-08-29,DE,105.96,92.96,new postings
2026-08-30,DE,105.83,93.08,new postings
2026-08-31,DE,105.51,92.99,new postings
2026-09-01,DE,106.71,94.61,new postings
2026-09-02,DE,108.45,97.02,new postings
2026-09-03,DE,110.06,99.41,new postings
2026-09-04,DE,112.18,102.3,new postings
2026-09-05,DE,114.04,105.07,new postings
2026-09-06,DE,115.78,107.63,new postings
2026-09-07,DE,117.74,110.34,new postings
2026-09-08,DE,117.5,110.72,new postings
2026-09-09,DE,116.33,109.36,new postings
2026-09-10,DE,114.79,107.42,new postings
2026-09-11,DE,113.03,105.24,new postings
