date,region,indeed_job_postings_index
2020-02-01,bb,100
2020-02-02,bb,100.04
2020-02-03,bb,99.98
2020-02-04,bb,99.86
2020-02-05,bb,100
2020-02-06,bb,100.23
2020-02-07,bb,100.51
2020-02-08,bb,100.69
2020-02-09,bb,100.91
2020-02-10,bb,101.12
2020-02-11,bb,101.28
2020-02-12,bb,101.34
2020-02-13,bb,101.31
2020-02-14,bb,101.26
2020-02-15,bb,101.35
2020-02-16,bb,101.38
2020-02-17,bb,101.54
2020-02-18,bb,101.59
2020-02-19,bb,101.78
2020-02-20,bb,101.95
2020-02-21,bb,102.11
2020-02-22,bb,102.17
2020-02-23,bb,102.21
2020-02-24,bb,102.28
2020-02-25,bb,102.47
2020-02-26,bb,102.61
2020-02-27,bb,103.01
2020-02-28,bb,103.19
2020-02-29,bb,103.74
2020-03-01,bb,104.34
2020-03-02,bb,104.82
2020-03-03,bb,105.31
2020-03-04,bb,105.62
2020-03-05,bb,105.6
2020-03-06,bb,105.63
2020-03-07,bb,105.44
2020-03-08,bb,105.26
2020-03-09,bb,105.08
2020-03-10,bb,105.03
2020-03-11,bb,105.07
2020-03-12,bb,105.31
2020-03-13,bb,105.69
2020-03-14,bb,105.85
2020-03-15,bb,106.08
2020-03-16,bb,106.28
2020-03-17,bb,106.1
2020-03-18,bb,105.95
2020-03-19,bb,105.35
2020-03-20,bb,104.65
2020-03-21,bb,104.05
2020-03-22,bb,103.53
2020-03-23,bb,103
2020-03-24,bb,102.58
2020-03-25,bb,102.2
2020-03-26,bb,102.05
2020-03-27,bb,101.96
2020-03-28,bb,101.89
2020-03-29,bb,101.69
2020-03-30,bb,101.53
2020-03-31,bb,101.53
2020-04-01,bb,101.54
2020-04-02,bb,101.65
2020-04-03,bb,101.69
2020-04-04,bb,101.76
2020-04-05,bb,101.7
2020-04-06,bb,101.63
2020-04-07,bb,101.49
2020-04-08,bb,101.35
2020-04-09,bb,101.08
2020-04-10,bb,100.98
2020-04-11,bb,100.93
2020-04-12,bb,100.89
2020-04-13,bb,100.99
2020-04-14,bb,101.13
2020-04-15,bb,101.31
2020-04-16,bb,101.64
2020-04-17,bb,101.98
2020-04-18,bb,102.2
2020-04-19,bb,102.53
2020-04-20,bb,102.8
2020-04-21,bb,102.92
2020-04-22,bb,101.88
2020-04-23,bb,100.68
2020-04-24,bb,99.48
2020-04-25,bb,98.46
2020-04-26,bb,97.55
2020-04-27,bb,96.56
2020-04-28,bb,95.51
2020-04-29,bb,95.22
2020-04-30,bb,94.75
2020-05-01,bb,94.6
2020-05-02,bb,94.37
2020-05-03,bb,93.72
2020-05-04,bb,93.02
2020-05-05,bb,92.33
2020-05-06,bb,92.07
2020-05-07,bb,91.74
2020-05-08,bb,91.55
2020-05-09,bb,91.36
2020-05-10,bb,91.38
2020-05-11,bb,91.44
2020-05-12,bb,91.81
2020-05-13,bb,92.17
2020-05-14,bb,93.03
2020-05-15,bb,93.17
2020-05-16,bb,93.22
2020-05-17,bb,93.37
2020-05-18,bb,93.51
2020-05-19,bb,93.56
2020-05-20,bb,93.49
2020-05-21,bb,93.39
2020-05-22,bb,93.63
2020-05-23,bb,93.88
2020-05-24,bb,94.16
2020-05-25,bb,94.53
2020-05-26,bb,94.87
2020-05-27,bb,95.21
2020-05-28,bb,95.43
2020-05-29,bb,95.59
2020-05-30,bb,95.69
2020-05-31,bb,95.76
2020-06-01,bb,95.85
2020-06-02,bb,95.77
2020-06-03,bb,95.8
2020-06-04,bb,95.5
2020-06-05,bb,95.36
2020-06-06,bb,95.46
2020-06-07,bb,95.54
2020-06-08,bb,95.64
2020-06-09,bb,95.95
2020-06-10,bb,95.73
2020-06-11,bb,95.85
2020-06-12,bb,95.94
2020-06-13,bb,95.92
2020-06-14,bb,96
2020-06-15,bb,95.89
2020-06-16,bb,95.67
2020-06-17,bb,96.16
2020-06-18,bb,96.62
2020-06-19,bb,96.86
2020-06-20,bb,97.06
2020-06-21,bb,97.2
2020-06-22,bb,97.24
2020-06-23,bb,97.36
2020-06-24,bb,97.29
2020-06-25,bb,97.33
2020-06-26,bb,97.39
2020-06-27,bb,97.32
2020-06-28,bb,97.15
2020-06-29,bb,97.33
2020-06-30,bb,97.49
2020-07-01,bb,97.36
2020-07-02,bb,97.22
2020-07-03,bb,97.02
2020-07-04,bb,97.05
2020-07-05,bb,97.17
2020-07-06,bb,97.22
2020-07-07,bb,97.33
2020-07-08,bb,97.59
2020-07-09,bb,97.88
2020-07-10,bb,98.29
2020-07-11,bb,98.59
2020-07-12,bb,98.82
2020-07-13,bb,98.91
2020-07-14,bb,99.02
2020-07-15,bb,99.17
2020-07-16,bb,99.3
2020-07-17,bb,99.28
2020-07-18,bb,99.24
2020-07-19,bb,99.26
2020-07-20,bb,99.16
2020-07-21,bb,99.07
2020-07-22,bb,98.98
2020-07-23,bb,98.85
2020-07-24,bb,98.75
2020-07-25,bb,98.85
2020-07-26,bb,99
2020-07-27,bb,99.3
2020-07-28,bb,99.55
2020-07-29,bb,99.66
2020-07-30,bb,99.78
2020-07-31,bb,100.1
2020-08-01,bb,100.06
2020-08-02,bb,100.05
2020-08-03,bb,100.11
2020-08-04,bb,100.09
2020-08-05,bb,100.16
2020-08-06,bb,100.37
2020-08-07,bb,100.34
2020-08-08,bb,100.51
2020-08-09,bb,100.71
2020-08-10,bb,100.62
2020-08-11,bb,100.35
2020-08-12,bb,100.17
2020-08-13,bb,99.82
2020-08-14,bb,99.47
2020-08-15,bb,99.13
2020-08-16,bb,98.78
2020-08-17,bb,98.64
2020-08-18,bb,98.71
2020-08-19,bb,98.73
2020-08-20,bb,98.85
2020-08-21,bb,98.97
2020-08-22,bb,99.03
2020-08-23,bb,99.17
2020-08-24,bb,99.35
2020-08-25,bb,99.51
2020-08-26,bb,99.72
2020-08-27,bb,99.74
2020-08-28,bb,99.91
2020-08-29,bb,100.17
2020-08-30,bb,100.26
2020-08-31,bb,100.38
2020-09-01,bb,100.56
2020-09-02,bb,100.8
2020-09-03,bb,100.96
2020-09-04,bb,101.16
2020-09-05,bb,101.33
2020-09-06,bb,101.56
2020-09-07,bb,101.65
2020-09-08,bb,101.68
2020-09-09,bb,101.61
2020-09-10,bb,101.82
2020-09-11,bb,102.07
2020-09-12,bb,102.17
2020-09-13,bb,102.14
2020-09-14,bb,102.24
2020-09-15,bb,102.39
2020-09-16,bb,102.59
2020-09-17,bb,102.64
2020-09-18,bb,102.64
2020-09-19,bb,102.64
2020-09-20,bb,102.71
2020-09-21,bb,102.53
2020-09-22,bb,102.41
2020-09-23,bb,102.23
2020-09-24,bb,102.05
2020-09-25,bb,101.95
2020-09-26,bb,101.92
2020-09-27,bb,101.83
2020-09-28,bb,101.93
2020-09-29,bb,101.96
2020-09-30,bb,102.2
2020-10-01,bb,102.58
2020-10-02,bb,102.91
2020-10-03,bb,103.49
2020-10-04,bb,104.21
2020-10-05,bb,105.05
2020-10-06,bb,105.86
2020-10-07,bb,106.59
2020-10-08,bb,107.11
2020-10-09,bb,107.72
2020-10-10,bb,108.18
2020-10-11,bb,108.65
2020-10-12,bb,108.96
2020-10-13,bb,109.26
2020-10-14,bb,109.45
2020-10-15,bb,109.85
2020-10-16,bb,109.49
2020-10-17,bb,109.1
2020-10-18,bb,108.64
2020-10-19,bb,108.24
2020-10-20,bb,107.84
2020-10-21,bb,107.57
2020-10-22,bb,107.06
2020-10-23,bb,107.09
2020-10-24,bb,107.07
2020-10-25,bb,106.98
2020-10-26,bb,106.98
2020-10-27,bb,107.05
2020-10-28,bb,107.02
2020-10-29,bb,107.28
2020-10-30,bb,107.5
2020-10-31,bb,107.81
2020-11-01,bb,108.34
2020-11-02,bb,108.85
2020-11-03,bb,109.24
2020-11-04,bb,109.57
2020-11-05,bb,109.86
2020-11-06,bb,110.11
2020-11-07,bb,110.35
2020-11-08,bb,110.42
2020-11-09,bb,110.45
2020-11-10,bb,110.57
2020-11-11,bb,110.65
2020-11-12,bb,110.68
2020-11-13,bb,110.67
2020-11-14,bb,110.6
2020-11-15,bb,110.62
2020-11-16,bb,110.6
2020-11-17,bb,110.37
2020-11-18,bb,110.19
2020-11-19,bb,109.89
2020-11-20,bb,109.62
2020-11-21,bb,109.36
2020-11-22,bb,109.1
2020-11-23,bb,108.96
2020-11-24,bb,108.8
2020-11-25,bb,109
2020-11-26,bb,109.33
2020-11-27,bb,109.67
2020-11-28,bb,109.59
2020-11-29,bb,109.62
2020-11-30,bb,109.52
2020-12-01,bb,109.36
2020-12-02,bb,108.88
2020-12-03,bb,108.35
2020-12-04,bb,108.03
2020-12-05,bb,108.01
2020-12-06,bb,107.85
2020-12-07,bb,107.85
2020-12-08,bb,107.98
2020-12-09,bb,108.22
2020-12-10,bb,108.35
2020-12-11,bb,108.28
2020-12-12,bb,108.27
2020-12-13,bb,108.32
2020-12-14,bb,108.29
2020-12-15,bb,108.42
2020-12-16,bb,108.36
2020-12-17,bb,108.33
2020-12-18,bb,108.29
2020-12-19,bb,108.24
2020-12-20,bb,108.27
2020-12-21,bb,108.19
2020-12-22,bb,108.08
2020-12-23,bb,108.13
2020-12-24,bb,108.29
2020-12-25,bb,108.54
2020-12-26,bb,108.69
2020-12-27,bb,108.74
2020-12-28,bb,108.91
2020-12-29,bb,109.05
2020-12-30,bb,109.11
2020-12-31,bb,109.13
2021-01-01,bb,109.21
2021-01-02,bb,109.25
2021-01-03,bb,109.22
2021-01-04,bb,109.19
2021-01-05,bb,109.1
2021-01-06,bb,109.19
2021-01-07,bb,109.24
2021-01-08,bb,109.23
2021-01-09,bb,109.45
2021-01-10,bb,109.46
2021-01-11,bb,109.62
2021-01-12,bb,109.89
2021-01-13,bb,110.04
2021-01-14,bb,110.32
2021-01-15,bb,110.52
2021-01-16,bb,110.67
2021-01-17,bb,111.09
2021-01-18,bb,111.34
2021-01-19,bb,111.53
2021-01-20,bb,111.62
2021-01-21,bb,111.7
2021-01-22,bb,111.82
2021-01-23,bb,111.98
2021-01-24,bb,112.1
2021-01-25,bb,112.14
2021-01-26,bb,112.26
2021-01-27,bb,112.5
2021-01-28,bb,112.66
2021-01-29,bb,112.72
2021-01-30,bb,112.76
2021-01-31,bb,112.84
2021-02-01,bb,113.01
2021-02-02,bb,113.13
2021-02-03,bb,113.19
2021-02-04,bb,112.94
2021-02-05,bb,112.77
2021-02-06,bb,112.56
2021-02-07,bb,112.27
2021-02-08,bb,111.92
2021-02-09,bb,111.59
2021-02-10,bb,111.22
2021-02-11,bb,111.14
2021-02-12,bb,111.06
2021-02-13,bb,111.04
2021-02-14,bb,111.06
2021-02-15,bb,111.17
2021-02-16,bb,111.25
2021-02-17,bb,111.38
2021-02-18,bb,111.55
2021-02-19,bb,111.81
2021-02-20,bb,112.04
2021-02-21,bb,112.23
2021-02-22,bb,112.31
2021-02-23,bb,112.41
2021-02-24,bb,112.49
2021-02-25,bb,112.59
2021-02-26,bb,112.75
2021-02-27,bb,113.03
2021-02-28,bb,113.35
2021-03-01,bb,113.77
2021-03-02,bb,114.24
2021-03-03,bb,114.6
2021-03-04,bb,114.74
2021-03-05,bb,114.41
2021-03-06,bb,114.14
2021-03-07,bb,113.93
2021-03-08,bb,113.52
2021-03-09,bb,112.75
2021-03-10,bb,112.38
2021-03-11,bb,112.1
2021-03-12,bb,112.21
2021-03-13,bb,112.18
2021-03-14,bb,112.08
2021-03-15,bb,112.12
2021-03-16,bb,112.54
2021-03-17,bb,112.8
2021-03-18,bb,113.1
2021-03-19,bb,113.43
2021-03-20,bb,113.7
2021-03-21,bb,113.76
2021-03-22,bb,113.89
2021-03-23,bb,114.03
2021-03-24,bb,114.07
2021-03-25,bb,114.12
2021-03-26,bb,113.94
2021-03-27,bb,114
2021-03-28,bb,114.26
2021-03-29,bb,114.4
2021-03-30,bb,114.35
2021-03-31,bb,114.49
2021-04-01,bb,114.54
2021-04-02,bb,114.82
2021-04-03,bb,114.82
2021-04-04,bb,114.96
2021-04-05,bb,115.15
2021-04-06,bb,115.3
2021-04-07,bb,115.31
2021-04-08,bb,115.28
2021-04-09,bb,115.21
2021-04-10,bb,115.26
2021-04-11,bb,115.17
2021-04-12,bb,115.1
2021-04-13,bb,115.07
2021-04-14,bb,114.84
2021-04-15,bb,114.83
2021-04-16,bb,114.96
2021-04-17,bb,115.07
2021-04-18,bb,115.18
2021-04-19,bb,115.43
2021-04-20,bb,115.69
2021-04-21,bb,116
2021-04-22,bb,116.3
2021-04-23,bb,116.21
2021-04-24,bb,116.32
2021-04-25,bb,116.48
2021-04-26,bb,116.66
2021-04-27,bb,116.95
2021-04-28,bb,117.42
2021-04-29,bb,117.49
2021-04-30,bb,117.33
2021-05-01,bb,117.34
2021-05-02,bb,117.41
2021-05-03,bb,116.84
2021-05-04,bb,116.2
2021-05-05,bb,115.26
2021-05-06,bb,114.75
2021-05-07,bb,114.8
2021-05-08,bb,115.34
2021-05-09,bb,115.85
2021-05-10,bb,116.68
2021-05-11,bb,117.59
2021-05-12,bb,118.93
2021-05-13,bb,120.2
2021-05-14,bb,121.37
2021-05-15,bb,121.57
2021-05-16,bb,121.67
2021-05-17,bb,121.59
2021-05-18,bb,121.73
2021-05-19,bb,121.73
2021-05-20,bb,121.79
2021-05-21,bb,121.78
2021-05-22,bb,121.82
2021-05-23,bb,121.95
2021-05-24,bb,122.41
2021-05-25,bb,122.51
2021-05-26,bb,122.58
2021-05-27,bb,122.49
2021-05-28,bb,122.6
2021-05-29,bb,122.75
2021-05-30,bb,122.88
2021-05-31,bb,122.86
2021-06-01,bb,122.98
2021-06-02,bb,123.05
2021-06-03,bb,123.32
2021-06-04,bb,123.57
2021-06-05,bb,123.92
2021-06-06,bb,124.16
2021-06-07,bb,124.55
2021-06-08,bb,124.98
2021-06-09,bb,125.38
2021-06-10,bb,125.57
2021-06-11,bb,125.78
2021-06-12,bb,125.92
2021-06-13,bb,126.12
2021-06-14,bb,126.33
2021-06-15,bb,126.34
2021-06-16,bb,126.31
2021-06-17,bb,126.56
2021-06-18,bb,126.63
2021-06-19,bb,126.65
2021-06-20,bb,126.72
2021-06-21,bb,126.72
2021-06-22,bb,126.91
2021-06-23,bb,127.24
2021-06-24,bb,127.39
2021-06-25,bb,127.67
2021-06-26,bb,127.9
2021-06-27,bb,128.13
2021-06-28,bb,128.52
2021-06-29,bb,128.88
2021-06-30,bb,129.19
2021-07-01,bb,129.49
2021-07-02,bb,129.49
2021-07-03,bb,129.73
2021-07-04,bb,129.9
2021-07-05,bb,129.9
2021-07-06,bb,129.93
2021-07-07,bb,129.99
2021-07-08,bb,130.06
2021-07-09,bb,130.21
2021-07-10,bb,130.27
2021-07-11,bb,130.43
2021-07-12,bb,130.66
2021-07-13,bb,130.74
2021-07-14,bb,130.82
2021-07-15,bb,130.9
2021-07-16,bb,131.14
2021-07-17,bb,131.31
2021-07-18,bb,131.49
2021-07-19,bb,131.7
2021-07-20,bb,131.95
2021-07-21,bb,132.19
2021-07-22,bb,132.41
2021-07-23,bb,132.62
2021-07-24,bb,132.79
2021-07-25,bb,132.93
2021-07-26,bb,133.04
2021-07-27,bb,133.25
2021-07-28,bb,133.61
2021-07-29,bb,133.7
2021-07-30,bb,133.84
2021-07-31,bb,134.02
2021-08-01,bb,134.18
2021-08-02,bb,134.27
2021-08-03,bb,134.24
2021-08-04,bb,134.01
2021-08-05,bb,134.08
2021-08-06,bb,134.32
2021-08-07,bb,134.71
2021-08-08,bb,135.08
2021-08-09,bb,135.41
2021-08-10,bb,136.12
2021-08-11,bb,137.03
2021-08-12,bb,137.92
2021-08-13,bb,138.74
2021-08-14,bb,139.22
2021-08-15,bb,139.75
2021-08-16,bb,140.32
2021-08-17,bb,140.59
2021-08-18,bb,141.02
2021-08-19,bb,141.54
2021-08-20,bb,141.93
2021-08-21,bb,142.45
2021-08-22,bb,142.88
2021-08-23,bb,143.31
2021-08-24,bb,143.8
2021-08-25,bb,143.9
2021-08-26,bb,143.78
2021-08-27,bb,143.75
2021-08-28,bb,143.71
2021-08-29,bb,143.87
2021-08-30,bb,144.11
2021-08-31,bb,144.17
2021-09-01,bb,144.32
2021-09-02,bb,144.65
2021-09-03,bb,144.76
2021-09-04,bb,144.97
2021-09-05,bb,144.99
2021-09-06,bb,144.96
2021-09-07,bb,145.05
2021-09-08,bb,145.02
2021-09-09,bb,144.82
2021-09-10,bb,144.8
2021-09-11,bb,144.72
2021-09-12,bb,144.8
2021-09-13,bb,144.83
2021-09-14,bb,144.76
2021-09-15,bb,144.8
2021-09-16,bb,145.08
2021-09-17,bb,145.41
2021-09-18,bb,145.42
2021-09-19,bb,145.27
2021-09-20,bb,145.54
2021-09-21,bb,145.7
2021-09-22,bb,145.95
2021-09-23,bb,146.14
2021-09-24,bb,146.23
2021-09-25,bb,146.48
2021-09-26,bb,146.83
2021-09-27,bb,147.04
2021-09-28,bb,147.46
2021-09-29,bb,147.98
2021-09-30,bb,147.89
2021-10-01,bb,147.94
2021-10-02,bb,148.14
2021-10-03,bb,148.01
2021-10-04,bb,147.71
2021-10-05,bb,147.45
2021-10-06,bb,147.26
2021-10-07,bb,147.62
2021-10-08,bb,147.87
2021-10-09,bb,148.11
2021-10-10,bb,148.59
2021-10-11,bb,148.85
2021-10-12,bb,148.9
2021-10-13,bb,148.65
2021-10-14,bb,148.38
2021-10-15,bb,148.07
2021-10-16,bb,147.95
2021-10-17,bb,147.76
2021-10-18,bb,147.85
2021-10-19,bb,148.11
2021-10-20,bb,148.36
2021-10-21,bb,148.67
2021-10-22,bb,149.04
2021-10-23,bb,149.34
2021-10-24,bb,149.74
2021-10-25,bb,150.04
2021-10-26,bb,150.3
2021-10-27,bb,150.48
2021-10-28,bb,150.57
2021-10-29,bb,150.5
2021-10-30,bb,150.48
2021-10-31,bb,150.44
2021-11-01,bb,150.11
2021-11-02,bb,149.72
2021-11-03,bb,149.39
2021-11-04,bb,149.49
2021-11-05,bb,149.63
2021-11-06,bb,149.67
2021-11-07,bb,149.77
2021-11-08,bb,150.12
2021-11-09,bb,150.65
2021-11-10,bb,151.17
2021-11-11,bb,151.27
2021-11-12,bb,151.49
2021-11-13,bb,151.7
2021-11-14,bb,151.84
2021-11-15,bb,152.17
2021-11-16,bb,152.24
2021-11-17,bb,152.37
2021-11-18,bb,152.48
2021-11-19,bb,152.63
2021-11-20,bb,152.67
2021-11-21,bb,152.81
2021-11-22,bb,152.8
2021-11-23,bb,153.02
2021-11-24,bb,153.12
2021-11-25,bb,153.18
2021-11-26,bb,153.19
2021-11-27,bb,153.38
2021-11-28,bb,153.65
2021-11-29,bb,154.09
2021-11-30,bb,154.3
2021-12-01,bb,154.41
2021-12-02,bb,154.72
2021-12-03,bb,154.98
2021-12-04,bb,155.38
2021-12-05,bb,156.53
2021-12-06,bb,157.33
2021-12-07,bb,159.04
2021-12-08,bb,159.52
2021-12-09,bb,159.82
2021-12-10,bb,160.03
2021-12-11,bb,160.04
2021-12-12,bb,159.22
2021-12-13,bb,158.69
2021-12-14,bb,157.35
2021-12-15,bb,157.24
2021-12-16,bb,157.31
2021-12-17,bb,157.31
2021-12-18,bb,157.32
2021-12-19,bb,157.22
2021-12-20,bb,157.23
2021-12-21,bb,157.23
2021-12-22,bb,157.4
2021-12-23,bb,157.46
2021-12-24,bb,157.76
2021-12-25,bb,158.01
2021-12-26,bb,158.35
2021-12-27,bb,158.63
2021-12-28,bb,158.73
2021-12-29,bb,158.5
2021-12-30,bb,158.5
2021-12-31,bb,158.54
2022-01-01,bb,158.39
2022-01-02,bb,158.23
2022-01-03,bb,157.81
2022-01-04,bb,157.67
2022-01-05,bb,157.84
2022-01-06,bb,157.67
2022-01-07,bb,157.49
2022-01-08,bb,157.5
2022-01-09,bb,157.51
2022-01-10,bb,157.38
2022-01-11,bb,156.95
2022-01-12,bb,156.44
2022-01-13,bb,156.15
2022-01-14,bb,155.77
2022-01-15,bb,155.57
2022-01-16,bb,155.27
2022-01-17,bb,155.28
2022-01-18,bb,155.45
2022-01-19,bb,155.88
2022-01-20,bb,156.3
2022-01-21,bb,156.65
2022-01-22,bb,156.7
2022-01-23,bb,156.7
2022-01-24,bb,156.74
2022-01-25,bb,156.86
2022-01-26,bb,156.96
2022-01-27,bb,157.09
2022-01-28,bb,157.36
2022-01-29,bb,157.78
2022-01-30,bb,158.38
2022-01-31,bb,158.91
2022-02-01,bb,159.33
2022-02-02,bb,159.53
2022-02-03,bb,159.71
2022-02-04,bb,159.72
2022-02-05,bb,159.62
2022-02-06,bb,159.54
2022-02-07,bb,159.43
2022-02-08,bb,159.47
2022-02-09,bb,159.7
2022-02-10,bb,159.89
2022-02-11,bb,160.07
2022-02-12,bb,160.46
2022-02-13,bb,160.77
2022-02-14,bb,161
2022-02-15,bb,161.42
2022-02-16,bb,161.66
2022-02-17,bb,162.22
2022-02-18,bb,162.86
2022-02-19,bb,163.49
2022-02-20,bb,164.06
2022-02-21,bb,164.72
2022-02-22,bb,165.05
2022-02-23,bb,165.57
2022-02-24,bb,165.59
2022-02-25,bb,165.65
2022-02-26,bb,165.59
2022-02-27,bb,165.47
2022-02-28,bb,165.32
2022-03-01,bb,165.23
2022-03-02,bb,164.79
2022-03-03,bb,164.49
2022-03-04,bb,164.17
2022-03-05,bb,163.94
2022-03-06,bb,163.94
2022-03-07,bb,164.04
2022-03-08,bb,164.18
2022-03-09,bb,164.48
2022-03-10,bb,164.68
2022-03-11,bb,165.06
2022-03-12,bb,165.5
2022-03-13,bb,165.87
2022-03-14,bb,166.07
2022-03-15,bb,166.35
2022-03-16,bb,166.61
2022-03-17,bb,167.01
2022-03-18,bb,167.35
2022-03-19,bb,167.52
2022-03-20,bb,167.75
2022-03-21,bb,168.14
2022-03-22,bb,168.92
2022-03-23,bb,169.64
2022-03-24,bb,170.32
2022-03-25,bb,170.69
2022-03-26,bb,171.19
2022-03-27,bb,171.66
2022-03-28,bb,172.06
2022-03-29,bb,171.63
2022-03-30,bb,171.38
2022-03-31,bb,171.3
2022-04-01,bb,171.38
2022-04-02,bb,171.34
2022-04-03,bb,171.17
2022-04-04,bb,171.11
2022-04-05,bb,171.44
2022-04-06,bb,171.81
2022-04-07,bb,172.07
2022-04-08,bb,172.23
2022-04-09,bb,172.5
2022-04-10,bb,172.95
2022-04-11,bb,173.22
2022-04-12,bb,173.46
2022-04-13,bb,173.49
2022-04-14,bb,173.34
2022-04-15,bb,173.37
2022-04-16,bb,173.14
2022-04-17,bb,172.83
2022-04-18,bb,172.55
2022-04-19,bb,172.38
2022-04-20,bb,172.19
2022-04-21,bb,171.68
2022-04-22,bb,171.14
2022-04-23,bb,170.58
2022-04-24,bb,170.25
2022-04-25,bb,170.13
2022-04-26,bb,169.94
2022-04-27,bb,169.86
2022-04-28,bb,170.3
2022-04-29,bb,170.55
2022-04-30,bb,170.73
2022-05-01,bb,171.14
2022-05-02,bb,171.4
2022-05-03,bb,171.1
2022-05-04,bb,170.82
2022-05-05,bb,170.49
2022-05-06,bb,170.23
2022-05-07,bb,170.25
2022-05-08,bb,170.52
2022-05-09,bb,170.99
2022-05-10,bb,171.91
2022-05-11,bb,172.96
2022-05-12,bb,174.11
2022-05-13,bb,175.29
2022-05-14,bb,176.8
2022-05-15,bb,177.71
2022-05-16,bb,178.41
2022-05-17,bb,179.11
2022-05-18,bb,179.65
2022-05-19,bb,180
2022-05-20,bb,180.3
2022-05-21,bb,180.09
2022-05-22,bb,179.71
2022-05-23,bb,179.34
2022-05-24,bb,178.96
2022-05-25,bb,178.59
2022-05-26,bb,178.21
2022-05-27,bb,177.84
2022-05-28,bb,177.47
2022-05-29,bb,177.09
2022-05-30,bb,176.72
2022-05-31,bb,176.05
2022-06-01,bb,175.46
2022-06-02,bb,174.27
2022-06-03,bb,173.22
2022-06-04,bb,172.3
2022-06-05,bb,171.63
2022-06-06,bb,170.87
2022-06-07,bb,170.34
2022-06-08,bb,169.69
2022-06-09,bb,169.54
2022-06-10,bb,169.58
2022-06-11,bb,169.51
2022-06-12,bb,169.21
2022-06-13,bb,169.02
2022-06-14,bb,168.95
2022-06-15,bb,168.95
2022-06-16,bb,169.41
2022-06-17,bb,168.96
2022-06-18,bb,169.09
2022-06-19,bb,169.28
2022-06-20,bb,169.38
2022-06-21,bb,169.39
2022-06-22,bb,169.36
2022-06-23,bb,169.09
2022-06-24,bb,169.46
2022-06-25,bb,169.36
2022-06-26,bb,169.21
2022-06-27,bb,169.13
2022-06-28,bb,169.09
2022-06-29,bb,169.07
2022-06-30,bb,168.95
2022-07-01,bb,168.72
2022-07-02,bb,168.72
2022-07-03,bb,168.63
2022-07-04,bb,168.53
2022-07-05,bb,168.5
2022-07-06,bb,168.43
2022-07-07,bb,168.44
2022-07-08,bb,168.59
2022-07-09,bb,168.46
2022-07-10,bb,168.48
2022-07-11,bb,168.51
2022-07-12,bb,168.44
2022-07-13,bb,168.42
2022-07-14,bb,168.46
2022-07-15,bb,168.37
2022-07-16,bb,168.22
2022-07-17,bb,168.14
2022-07-18,bb,167.88
2022-07-19,bb,167.75
2022-07-20,bb,167.5
2022-07-21,bb,167.58
2022-07-22,bb,167.76
2022-07-23,bb,167.98
2022-07-24,bb,168.15
2022-07-25,bb,168.35
2022-07-26,bb,168.71
2022-07-27,bb,169.09
2022-07-28,bb,168.75
2022-07-29,bb,168.76
2022-07-30,bb,168.88
2022-07-31,bb,168.99
2022-08-01,bb,169.16
2022-08-02,bb,169.19
2022-08-03,bb,169.56
2022-08-04,bb,170.21
2022-08-05,bb,170.39
2022-08-06,bb,170.61
2022-08-07,bb,170.54
2022-08-08,bb,170.54
2022-08-09,bb,170.65
2022-08-10,bb,170.51
2022-08-11,bb,170.28
2022-08-12,bb,170.31
2022-08-13,bb,170.14
2022-08-14,bb,170.62
2022-08-15,bb,171.06
2022-08-16,bb,171.22
2022-08-17,bb,171.34
2022-08-18,bb,171.44
2022-08-19,bb,171.47
2022-08-20,bb,171.57
2022-08-21,bb,171.35
2022-08-22,bb,171.14
2022-08-23,bb,170.98
2022-08-24,bb,170.71
2022-08-25,bb,170.55
2022-08-26,bb,170.4
2022-08-27,bb,170.49
2022-08-28,bb,170.45
2022-08-29,bb,170.16
2022-08-30,bb,170.03
2022-08-31,bb,170.15
2022-09-01,bb,170.1
2022-09-02,bb,169.89
2022-09-03,bb,169.71
2022-09-04,bb,169.64
2022-09-05,bb,169.82
2022-09-06,bb,169.92
2022-09-07,bb,169.96
2022-09-08,bb,170.11
2022-09-09,bb,170.43
2022-09-10,bb,170.56
2022-09-11,bb,170.57
2022-09-12,bb,170.63
2022-09-13,bb,170.81
2022-09-14,bb,171.03
2022-09-15,bb,171.26
2022-09-16,bb,171.38
2022-09-17,bb,171.55
2022-09-18,bb,171.64
2022-09-19,bb,171.7
2022-09-20,bb,171.55
2022-09-21,bb,171.41
2022-09-22,bb,171.43
2022-09-23,bb,171.89
2022-09-24,bb,172.63
2022-09-25,bb,173.41
2022-09-26,bb,174.13
2022-09-27,bb,174.56
2022-09-28,bb,174.86
2022-09-29,bb,175.12
2022-09-30,bb,174.81
2022-10-01,bb,174.16
2022-10-02,bb,173.48
2022-10-03,bb,173.07
2022-10-04,bb,172.75
2022-10-05,bb,172.53
2022-10-06,bb,172.12
2022-10-07,bb,171.82
2022-10-08,bb,171.7
2022-10-09,bb,171.64
2022-10-10,bb,171.36
2022-10-11,bb,171.29
2022-10-12,bb,171.39
2022-10-13,bb,171.66
2022-10-14,bb,172.08
2022-10-15,bb,172.6
2022-10-16,bb,173.17
2022-10-17,bb,173.62
2022-10-18,bb,174.27
2022-10-19,bb,174.69
2022-10-20,bb,175.23
2022-10-21,bb,175.54
2022-10-22,bb,175.54
2022-10-23,bb,175.82
2022-10-24,bb,176.23
2022-10-25,bb,176.35
2022-10-26,bb,176.54
2022-10-27,bb,176.52
2022-10-28,bb,176.58
2022-10-29,bb,176.51
2022-10-30,bb,176.43
2022-10-31,bb,176.4
2022-11-01,bb,176.51
2022-11-02,bb,176.54
2022-11-03,bb,176.76
2022-11-04,bb,176.93
2022-11-05,bb,177.35
2022-11-06,bb,177.69
2022-11-07,bb,177.82
2022-11-08,bb,177.88
2022-11-09,bb,178.26
2022-11-10,bb,178.6
2022-11-11,bb,178.51
2022-11-12,bb,178.94
2022-11-13,bb,179.21
2022-11-14,bb,179.57
2022-11-15,bb,179.89
2022-11-16,bb,179.88
2022-11-17,bb,179.61
2022-11-18,bb,179.64
2022-11-19,bb,179.14
2022-11-20,bb,178.52
2022-11-21,bb,177.99
2022-11-22,bb,176.72
2022-11-23,bb,175.62
2022-11-24,bb,174.77
2022-11-25,bb,173.87
2022-11-26,bb,172.97
2022-11-27,bb,172.18
2022-11-28,bb,171.48
2022-11-29,bb,171.92
2022-11-30,bb,172.04
2022-12-01,bb,172.23
2022-12-02,bb,172.45
2022-12-03,bb,172.64
2022-12-04,bb,172.96
2022-12-05,bb,173.11
2022-12-06,bb,173.01
2022-12-07,bb,173.04
2022-12-08,bb,173.11
2022-12-09,bb,172.87
2022-12-10,bb,172.68
2022-12-11,bb,172.37
2022-12-12,bb,172.02
2022-12-13,bb,171.56
2022-12-14,bb,171.11
2022-12-15,bb,170.43
2022-12-16,bb,170.22
2022-12-17,bb,169.97
2022-12-18,bb,169.55
2022-12-19,bb,169.49
2022-12-20,bb,169.21
2022-12-21,bb,168.9
2022-12-22,bb,168.71
2022-12-23,bb,168.59
2022-12-24,bb,168.46
2022-12-25,bb,168.67
2022-12-26,bb,168.64
2022-12-27,bb,168.74
2022-12-28,bb,168.85
2022-12-29,bb,169
2022-12-30,bb,168.84
2022-12-31,bb,168.59
2023-01-01,bb,168.24
2023-01-02,bb,167.64
2023-01-03,bb,167.42
2023-01-04,bb,167.34
2023-01-05,bb,167.35
2023-01-06,bb,167.56
2023-01-07,bb,167.97
2023-01-08,bb,168.28
2023-01-09,bb,168.7
2023-01-10,bb,168.89
2023-01-11,bb,169.11
2023-01-12,bb,169.3
2023-01-13,bb,169.4
2023-01-14,bb,169.21
2023-01-15,bb,169.09
2023-01-16,bb,168.95
2023-01-17,bb,168.75
2023-01-18,bb,168.33
2023-01-19,bb,167.88
2023-01-20,bb,167.43
2023-01-21,bb,167.09
2023-01-22,bb,166.73
2023-01-23,bb,166.51
2023-01-24,bb,166.43
2023-01-25,bb,166.55
2023-01-26,bb,166.64
2023-01-27,bb,166.74
2023-01-28,bb,166.98
2023-01-29,bb,167.35
2023-01-30,bb,167.52
2023-01-31,bb,167.59
2023-02-01,bb,167.48
2023-02-02,bb,167.23
2023-02-03,bb,167.23
2023-02-04,bb,167.51
2023-02-05,bb,167.75
2023-02-06,bb,168.2
2023-02-07,bb,168.41
2023-02-08,bb,168.75
2023-02-09,bb,169.21
2023-02-10,bb,169.67
2023-02-11,bb,169.75
2023-02-12,bb,169.79
2023-02-13,bb,169.79
2023-02-14,bb,169.86
2023-02-15,bb,169.67
2023-02-16,bb,169.44
2023-02-17,bb,169.16
2023-02-18,bb,168.75
2023-02-19,bb,168.14
2023-02-20,bb,167.48
2023-02-21,bb,167.06
2023-02-22,bb,167.19
2023-02-23,bb,167.32
2023-02-24,bb,167.07
2023-02-25,bb,166.88
2023-02-26,bb,166.81
2023-02-27,bb,166.58
2023-02-28,bb,166.21
2023-03-01,bb,165.62
2023-03-02,bb,164.71
2023-03-03,bb,164.4
2023-03-04,bb,164.36
2023-03-05,bb,164.35
2023-03-06,bb,164.46
2023-03-07,bb,164.54
2023-03-08,bb,164.38
2023-03-09,bb,164.5
2023-03-10,bb,164.67
2023-03-11,bb,164.82
2023-03-12,bb,165.05
2023-03-13,bb,165.4
2023-03-14,bb,165.76
2023-03-15,bb,166.3
2023-03-16,bb,166.8
2023-03-17,bb,166.68
2023-03-18,bb,166.65
2023-03-19,bb,166.52
2023-03-20,bb,166.48
2023-03-21,bb,166.53
2023-03-22,bb,166.6
2023-03-23,bb,166.76
2023-03-24,bb,167.18
2023-03-25,bb,167.3
2023-03-26,bb,167.3
2023-03-27,bb,167.09
2023-03-28,bb,167.05
2023-03-29,bb,166.93
2023-03-30,bb,166.68
2023-03-31,bb,166.28
2023-04-01,bb,166.03
2023-04-02,bb,165.82
2023-04-03,bb,165.71
2023-04-04,bb,165.19
2023-04-05,bb,164.92
2023-04-06,bb,164.78
2023-04-07,bb,164.96
2023-04-08,bb,165.12
2023-04-09,bb,165.3
2023-04-10,bb,165.47
2023-04-11,bb,165.83
2023-04-12,bb,165.9
2023-04-13,bb,165.71
2023-04-14,bb,165.16
2023-04-15,bb,164.45
2023-04-16,bb,163.81
2023-04-17,bb,163.08
2023-04-18,bb,162.3
2023-04-19,bb,161.82
2023-04-20,bb,161.66
2023-04-21,bb,161.47
2023-04-22,bb,161.68
2023-04-23,bb,161.75
2023-04-24,bb,161.99
2023-04-25,bb,162.36
2023-04-26,bb,162.27
2023-04-27,bb,162.06
2023-04-28,bb,162.23
2023-04-29,bb,161.85
2023-04-30,bb,161.19
2023-05-01,bb,161.17
2023-05-02,bb,161.05
2023-05-03,bb,160.48
2023-05-04,bb,159.64
2023-05-05,bb,158.52
2023-05-06,bb,157.97
2023-05-07,bb,157.58
2023-05-08,bb,157.25
2023-05-09,bb,157.16
2023-05-10,bb,158.03
2023-05-11,bb,159.12
2023-05-12,bb,160.66
2023-05-13,bb,161.91
2023-05-14,bb,163.6
2023-05-15,bb,164.3
2023-05-16,bb,164.94
2023-05-17,bb,165.49
2023-05-18,bb,166.34
2023-05-19,bb,166.68
2023-05-20,bb,167.02
2023-05-21,bb,167.13
2023-05-22,bb,167.36
2023-05-23,bb,167.34
2023-05-24,bb,167.39
2023-05-25,bb,167.14
2023-05-26,bb,167.12
2023-05-27,bb,167.25
2023-05-28,bb,167.35
2023-05-29,bb,167.72
2023-05-30,bb,167.92
2023-05-31,bb,168
2023-06-01,bb,168.09
2023-06-02,bb,168.19
2023-06-03,bb,168.18
2023-06-04,bb,168.24
2023-06-05,bb,168.15
2023-06-06,bb,168.4
2023-06-07,bb,168.63
2023-06-08,bb,168.91
2023-06-09,bb,169.1
2023-06-10,bb,169.28
2023-06-11,bb,169.56
2023-06-12,bb,169.69
2023-06-13,bb,169.75
2023-06-14,bb,169.8
2023-06-15,bb,169.87
2023-06-16,bb,169.98
2023-06-17,bb,170.22
2023-06-18,bb,170.29
2023-06-19,bb,170.45
2023-06-20,bb,170.46
2023-06-21,bb,170.42
2023-06-22,bb,170.41
2023-06-23,bb,170.31
2023-06-24,bb,170.19
2023-06-25,bb,170.18
2023-06-26,bb,170.17
2023-06-27,bb,170.37
2023-06-28,bb,170.58
2023-06-29,bb,170.62
2023-06-30,bb,170.77
2023-07-01,bb,171.01
2023-07-02,bb,171.22
2023-07-03,bb,171.25
2023-07-04,bb,171.01
2023-07-05,bb,170.94
2023-07-06,bb,170.82
2023-07-07,bb,170.74
2023-07-08,bb,170.38
2023-07-09,bb,169.98
2023-07-10,bb,169.65
2023-07-11,bb,169.55
2023-07-12,bb,169.4
2023-07-13,bb,169.43
2023-07-14,bb,169.21
2023-07-15,bb,169.03
2023-07-16,bb,168.97
2023-07-17,bb,169.08
2023-07-18,bb,169.03
2023-07-19,bb,168.96
2023-07-20,bb,168.97
2023-07-21,bb,169.19
2023-07-22,bb,169.56
2023-07-23,bb,170.04
2023-07-24,bb,170.44
2023-07-25,bb,170.86
2023-07-26,bb,171.2
2023-07-27,bb,171.93
2023-07-28,bb,172.4
2023-07-29,bb,172.8
2023-07-30,bb,173.05
2023-07-31,bb,173.41
2023-08-01,bb,173.99
2023-08-02,bb,174.56
2023-08-03,bb,174.83
2023-08-04,bb,175.29
2023-08-05,bb,175.74
2023-08-06,bb,176.2
2023-08-07,bb,176.65
2023-08-08,bb,176.86
2023-08-09,bb,177.2
2023-08-10,bb,177.36
2023-08-11,bb,177.5
2023-08-12,bb,177.63
2023-08-13,bb,177.67
2023-08-14,bb,177.43
2023-08-15,bb,177.28
2023-08-16,bb,177.06
2023-08-17,bb,176.69
2023-08-18,bb,176.37
2023-08-19,bb,176.11
2023-08-20,bb,176
2023-08-21,bb,176.04
2023-08-22,bb,175.85
2023-08-23,bb,175.51
2023-08-24,bb,174.87
2023-08-25,bb,174.04
2023-08-26,bb,173.17
2023-08-27,bb,172.14
2023-08-28,bb,171.17
2023-08-29,bb,170.59
2023-08-30,bb,170.02
2023-08-31,bb,169.86
2023-09-01,bb,169.81
2023-09-02,bb,169.45
2023-09-03,bb,169.3
2023-09-04,bb,168.98
2023-09-05,bb,168.61
2023-09-06,bb,168.44
2023-09-07,bb,168.29
2023-09-08,bb,168.12
2023-09-09,bb,168.32
2023-09-10,bb,168.36
2023-09-11,bb,168.46
2023-09-12,bb,168.5
2023-09-13,bb,168.43
2023-09-14,bb,168.32
2023-09-15,bb,168.23
2023-09-16,bb,167.97
2023-09-17,bb,167.63
2023-09-18,bb,167.52
2023-09-19,bb,167.35
2023-09-20,bb,167.19
2023-09-21,bb,167.35
2023-09-22,bb,167.5
2023-09-23,bb,167.4
2023-09-24,bb,167.46
2023-09-25,bb,167.47
2023-09-26,bb,167.58
2023-09-27,bb,167.58
2023-09-28,bb,167.45
2023-09-29,bb,166.99
2023-09-30,bb,167.2
2023-10-01,bb,167.19
2023-10-02,bb,167
2023-10-03,bb,166.91
2023-10-04,bb,166.87
2023-10-05,bb,166.45
2023-10-06,bb,166.53
2023-10-07,bb,166.24
2023-10-08,bb,166.11
2023-10-09,bb,166
2023-10-10,bb,165.84
2023-10-11,bb,165.74
2023-10-12,bb,165.86
2023-10-13,bb,165.74
2023-10-14,bb,165.74
2023-10-15,bb,165.85
2023-10-16,bb,166.08
2023-10-17,bb,166.09
2023-10-18,bb,166.03
2023-10-19,bb,166.09
2023-10-20,bb,166.34
2023-10-21,bb,166.33
2023-10-22,bb,166.22
2023-10-23,bb,166.01
2023-10-24,bb,166.09
2023-10-25,bb,166.15
2023-10-26,bb,166.31
2023-10-27,bb,166.37
2023-10-28,bb,166.45
2023-10-29,bb,166.18
2023-10-30,bb,166.15
2023-10-31,bb,166.04
2023-11-01,bb,166.08
2023-11-02,bb,165.91
2023-11-03,bb,165.71
2023-11-04,bb,165.57
2023-11-05,bb,165.77
2023-11-06,bb,165.91
2023-11-07,bb,165.78
2023-11-08,bb,165.72
2023-11-09,bb,165.67
2023-11-10,bb,165.62
2023-11-11,bb,165.52
2023-11-12,bb,165.41
2023-11-13,bb,165.31
2023-11-14,bb,165.48
2023-11-15,bb,165.62
2023-11-16,bb,165.68
2023-11-17,bb,165.88
2023-11-18,bb,166.1
2023-11-19,bb,166.34
2023-11-20,bb,166.47
2023-11-21,bb,166.43
2023-11-22,bb,166.19
2023-11-23,bb,166
2023-11-24,bb,165.65
2023-11-25,bb,165.39
2023-11-26,bb,165.12
2023-11-27,bb,164.76
2023-11-28,bb,164.51
2023-11-29,bb,163.95
2023-11-30,bb,163.48
2023-12-01,bb,163.52
2023-12-02,bb,163.56
2023-12-03,bb,163.43
2023-12-04,bb,163.28
2023-12-05,bb,163.04
2023-12-06,bb,163.24
2023-12-07,bb,163.63
2023-12-08,bb,163.51
2023-12-09,bb,163.48
2023-12-10,bb,163.59
2023-12-11,bb,163.83
2023-12-12,bb,164.02
2023-12-13,bb,164.35
2023-12-14,bb,164.33
2023-12-15,bb,164.49
2023-12-16,bb,164.67
2023-12-17,bb,164.76
2023-12-18,bb,164.9
2023-12-19,bb,164.98
2023-12-20,bb,165.15
2023-12-21,bb,165.26
2023-12-22,bb,165.22
2023-12-23,bb,164.99
2023-12-24,bb,164.99
2023-12-25,bb,165.24
2023-12-26,bb,165.47
2023-12-27,bb,165.41
2023-12-28,bb,165.48
2023-12-29,bb,165.65
2023-12-30,bb,165.77
2023-12-31,bb,165.6
2024-01-01,bb,165.01
2024-01-02,bb,164.6
2024-01-03,bb,164.1
2024-01-04,bb,163.69
2024-01-05,bb,163.11
2024-01-06,bb,162.67
2024-01-07,bb,161.99
2024-01-08,bb,161.45
2024-01-09,bb,160.91
2024-01-10,bb,160.56
2024-01-11,bb,160.26
2024-01-12,bb,160.15
2024-01-13,bb,159.94
2024-01-14,bb,160.16
2024-01-15,bb,159.82
2024-01-16,bb,159.68
2024-01-17,bb,159.33
2024-01-18,bb,158.85
2024-01-19,bb,158.24
2024-01-20,bb,157.82
2024-01-21,bb,157.06
2024-01-22,bb,157.04
2024-01-23,bb,157.06
2024-01-24,bb,157.19
2024-01-25,bb,157.35
2024-01-26,bb,156.7
2024-01-27,bb,156.17
2024-01-28,bb,156
2024-01-29,bb,155.53
2024-01-30,bb,154.86
2024-01-31,bb,154.31
2024-02-01,bb,153.78
2024-02-02,bb,154.24
2024-02-03,bb,154.5
2024-02-04,bb,154.6
2024-02-05,bb,154.74
2024-02-06,bb,154.74
2024-02-07,bb,154.67
2024-02-08,bb,154.62
2024-02-09,bb,154.38
2024-02-10,bb,154.2
2024-02-11,bb,154.09
2024-02-12,bb,154.05
2024-02-13,bb,154.22
2024-02-14,bb,154.24
2024-02-15,bb,154.32
2024-02-16,bb,154.49
2024-02-17,bb,154.4
2024-02-18,bb,154.48
2024-02-19,bb,154.59
2024-02-20,bb,154.66
2024-02-21,bb,154.74
2024-02-22,bb,154.77
2024-02-23,bb,154.7
2024-02-24,bb,155.1
2024-02-25,bb,155.34
2024-02-26,bb,155.54
2024-02-27,bb,155.69
2024-02-28,bb,155.96
2024-02-29,bb,155.99
2024-03-01,bb,156.08
2024-03-02,bb,155.97
2024-03-03,bb,155.81
2024-03-04,bb,155.68
2024-03-05,bb,155.87
2024-03-06,bb,155.8
2024-03-07,bb,156.01
2024-03-08,bb,156.2
2024-03-09,bb,156.41
2024-03-10,bb,156.54
2024-03-11,bb,156.55
2024-03-12,bb,156.24
2024-03-13,bb,156.12
2024-03-14,bb,156
2024-03-15,bb,155.92
2024-03-16,bb,155.78
2024-03-17,bb,155.82
2024-03-18,bb,155.94
2024-03-19,bb,156.05
2024-03-20,bb,156.22
2024-03-21,bb,156.26
2024-03-22,bb,157.04
2024-03-23,bb,157.83
2024-03-24,bb,158.57
2024-03-25,bb,159.25
2024-03-26,bb,159.77
2024-03-27,bb,160.15
2024-03-28,bb,160.76
2024-03-29,bb,160.59
2024-03-30,bb,160.22
2024-03-31,bb,159.89
2024-04-01,bb,159.67
2024-04-02,bb,159.51
2024-04-03,bb,159.36
2024-04-04,bb,159.33
2024-04-05,bb,158.97
2024-04-06,bb,158.86
2024-04-07,bb,158.74
2024-04-08,bb,158.62
2024-04-09,bb,158.58
2024-04-10,bb,158.68
2024-04-11,bb,158.45
2024-04-12,bb,158.57
2024-04-13,bb,158.56
2024-04-14,bb,158.12
2024-04-15,bb,157.9
2024-04-16,bb,157.47
2024-04-17,bb,156.8
2024-04-18,bb,156.19
2024-04-19,bb,155.78
2024-04-20,bb,155.12
2024-04-21,bb,154.75
2024-04-22,bb,154.18
2024-04-23,bb,153.83
2024-04-24,bb,153.8
2024-04-25,bb,153.77
2024-04-26,bb,153.59
2024-04-27,bb,153.69
2024-04-28,bb,154.02
2024-04-29,bb,154.17
2024-04-30,bb,155.08
2024-05-01,bb,156.2
2024-05-02,bb,156.8
2024-05-03,bb,157.21
2024-05-04,bb,157.75
2024-05-05,bb,158.14
2024-05-06,bb,158.71
2024-05-07,bb,158.48
2024-05-08,bb,158.43
2024-05-09,bb,158.86
2024-05-10,bb,159.29
2024-05-11,bb,159.57
2024-05-12,bb,159.91
2024-05-13,bb,160.23
2024-05-14,bb,159.8
2024-05-15,bb,159.11
2024-05-16,bb,158.23
2024-05-17,bb,157.38
2024-05-18,bb,156.54
2024-05-19,bb,155.62
2024-05-20,bb,154.82
2024-05-21,bb,154.78
2024-05-22,bb,154.52
2024-05-23,bb,154.43
2024-05-24,bb,154.3
2024-05-25,bb,154.23
2024-05-26,bb,154.14
2024-05-27,bb,154
2024-05-28,bb,153.9
2024-05-29,bb,153.73
2024-05-30,bb,153.6
2024-05-31,bb,153.52
2024-06-01,bb,153.41
2024-06-02,bb,153.36
2024-06-03,bb,153.2
2024-06-04,bb,152.93
2024-06-05,bb,152.31
2024-06-06,bb,151.6
2024-06-07,bb,151.02
2024-06-08,bb,150.51
2024-06-09,bb,149.63
2024-06-10,bb,149.41
2024-06-11,bb,149.19
2024-06-12,bb,149.06
2024-06-13,bb,149.03
2024-06-14,bb,148.83
2024-06-15,bb,148.34
2024-06-16,bb,148.45
2024-06-17,bb,148.06
2024-06-18,bb,147.52
2024-06-19,bb,147.3
2024-06-20,bb,147.05
2024-06-21,bb,147.1
2024-06-22,bb,147.23
2024-06-23,bb,147.21
2024-06-24,bb,147.04
2024-06-25,bb,147.12
2024-06-26,bb,147.18
2024-06-27,bb,146.97
2024-06-28,bb,146.6
2024-06-29,bb,146.56
2024-06-30,bb,146.48
2024-07-01,bb,146.36
2024-07-02,bb,146.26
2024-07-03,bb,146.22
2024-07-04,bb,146.39
2024-07-05,bb,146.65
2024-07-06,bb,146.7
2024-07-07,bb,146.74
2024-07-08,bb,146.76
2024-07-09,bb,146.72
2024-07-10,bb,146.65
2024-07-11,bb,146.64
2024-07-12,bb,146.39
2024-07-13,bb,146.31
2024-07-14,bb,146.23
2024-07-15,bb,146.3
2024-07-16,bb,146.43
2024-07-17,bb,146.52
2024-07-18,bb,146.41
2024-07-19,bb,146.48
2024-07-20,bb,146.3
2024-07-21,bb,145.8
2024-07-22,bb,145.53
2024-07-23,bb,145.15
2024-07-24,bb,144.85
2024-07-25,bb,144.53
2024-07-26,bb,144.32
2024-07-27,bb,144.24
2024-07-28,bb,144.56
2024-07-29,bb,144.46
2024-07-30,bb,144.26
2024-07-31,bb,144.24
2024-08-01,bb,144.54
2024-08-02,bb,144.71
2024-08-03,bb,144.78
2024-08-04,bb,144.81
2024-08-05,bb,144.89
2024-08-06,bb,145.18
2024-08-07,bb,145.16
2024-08-08,bb,145.19
2024-08-09,bb,144.97
2024-08-10,bb,144.76
2024-08-11,bb,144.53
2024-08-12,bb,144.29
2024-08-13,bb,144.02
2024-08-14,bb,143.71
2024-08-15,bb,143.17
2024-08-16,bb,142.75
2024-08-17,bb,142.53
2024-08-18,bb,142.33
2024-08-19,bb,142.19
2024-08-20,bb,142.08
2024-08-21,bb,141.96
2024-08-22,bb,141.88
2024-08-23,bb,141.9
2024-08-24,bb,141.66
2024-08-25,bb,141.39
2024-08-26,bb,141.04
2024-08-27,bb,140.83
2024-08-28,bb,140.61
2024-08-29,bb,140.49
2024-08-30,bb,140.41
2024-08-31,bb,140.4
2024-09-01,bb,140.44
2024-09-02,bb,140.64
2024-09-03,bb,140.52
2024-09-04,bb,140.65
2024-09-05,bb,140.63
2024-09-06,bb,140.46
2024-09-07,bb,140.44
2024-09-08,bb,140.14
2024-09-09,bb,139.81
2024-09-10,bb,139.72
2024-09-11,bb,139.39
2024-09-12,bb,139.3
2024-09-13,bb,139.14
2024-09-14,bb,138.91
2024-09-15,bb,138.98
2024-09-16,bb,139.08
2024-09-17,bb,139.17
2024-09-18,bb,139.36
2024-09-19,bb,139.52
2024-09-20,bb,139.84
2024-09-21,bb,140.08
2024-09-22,bb,140.2
2024-09-23,bb,139.97
2024-09-24,bb,139.95
2024-09-25,bb,139.8
2024-09-26,bb,139.37
2024-09-27,bb,139.04
2024-09-28,bb,138.83
2024-09-29,bb,138.87
2024-09-30,bb,139.09
2024-10-01,bb,139
2024-10-02,bb,138.38
2024-10-03,bb,138.8
2024-10-04,bb,139.14
2024-10-05,bb,139.36
2024-10-06,bb,139.28
2024-10-07,bb,139.38
2024-10-08,bb,139.35
2024-10-09,bb,140.07
2024-10-10,bb,139.9
2024-10-11,bb,139.85
2024-10-12,bb,139.88
2024-10-13,bb,139.96
2024-10-14,bb,139.87
2024-10-15,bb,139.83
2024-10-16,bb,139.86
2024-10-17,bb,140.24
2024-10-18,bb,140.26
2024-10-19,bb,140.22
2024-10-20,bb,140.32
2024-10-21,bb,140.49
2024-10-22,bb,140.76
2024-10-23,bb,140.91
2024-10-24,bb,140.56
2024-10-25,bb,140.55
2024-10-26,bb,140.45
2024-10-27,bb,140.28
2024-10-28,bb,140.2
2024-10-29,bb,140.19
2024-10-30,bb,140.17
2024-10-31,bb,140.33
2024-11-01,bb,140.51
2024-11-02,bb,140.69
2024-11-03,bb,140.83
2024-11-04,bb,140.81
2024-11-05,bb,140.8
2024-11-06,bb,140.77
2024-11-07,bb,140.72
2024-11-08,bb,140.52
2024-11-09,bb,140.35
2024-11-10,bb,140.03
2024-11-11,bb,140.03
2024-11-12,bb,139.97
2024-11-13,bb,139.91
2024-11-14,bb,139.83
2024-11-15,bb,139.59
2024-11-16,bb,139.8
2024-11-17,bb,140.1
2024-11-18,bb,140.21
2024-11-19,bb,140.36
2024-11-20,bb,140.47
2024-11-21,bb,140.6
2024-11-22,bb,141.09
2024-11-23,bb,141.15
2024-11-24,bb,141.29
2024-11-25,bb,141.46
2024-11-26,bb,141.45
2024-11-27,bb,141.49
2024-11-28,bb,141.45
2024-11-29,bb,141.15
2024-11-30,bb,141.09
2024-12-01,bb,140.9
2024-12-02,bb,140.73
2024-12-03,bb,140.78
2024-12-04,bb,140.74
2024-12-05,bb,141.03
2024-12-06,bb,141.44
2024-12-07,bb,141.54
2024-12-08,bb,141.81
2024-12-09,bb,142.11
2024-12-10,bb,142.31
2024-12-11,bb,142.54
2024-12-12,bb,142.58
2024-12-13,bb,142.5
2024-12-14,bb,142.72
2024-12-15,bb,142.89
2024-12-16,bb,142.68
2024-12-17,bb,142.84
2024-12-18,bb,142.79
2024-12-19,bb,142.68
2024-12-20,bb,142.3
2024-12-21,bb,142.08
2024-12-22,bb,141.83
2024-12-23,bb,141.96
2024-12-24,bb,141.74
2024-12-25,bb,141.22
2024-12-26,bb,141.31
2024-12-27,bb,141.72
2024-12-28,bb,141.7
2024-12-29,bb,141.81
2024-12-30,bb,141.99
2024-12-31,bb,142.11
2025-01-01,bb,142.42
2025-01-02,bb,142.41
2025-01-03,bb,142.6
2025-01-04,bb,142.71
2025-01-05,bb,142.7
2025-01-06,bb,142.58
2025-01-07,bb,142.32
2025-01-08,bb,142.3
2025-01-09,bb,142.04
2025-01-10,bb,141.68
2025-01-11,bb,141.07
2025-01-12,bb,140.38
2025-01-13,bb,139.98
2025-01-14,bb,139.73
2025-01-15,bb,139.86
2025-01-16,bb,139.95
2025-01-17,bb,140.06
2025-01-18,bb,140.62
2025-01-19,bb,141.25
2025-01-20,bb,141.58
2025-01-21,bb,141.9
2025-01-22,bb,141.89
2025-01-23,bb,141.93
2025-01-24,bb,141.85
2025-01-25,bb,141.75
2025-01-26,bb,141.86
2025-01-27,bb,141.92
2025-01-28,bb,141.72
2025-01-29,bb,141.28
2025-01-30,bb,141.01
2025-01-31,bb,140.74
2025-02-01,bb,140.43
2025-02-02,bb,139.97
2025-02-03,bb,139.53
2025-02-04,bb,139.3
2025-02-05,bb,139.38
2025-02-06,bb,139.26
2025-02-07,bb,139.2
2025-02-08,bb,139.07
2025-02-09,bb,138.91
2025-02-10,bb,138.62
2025-02-11,bb,138.42
2025-02-12,bb,138.05
2025-02-13,bb,137.24
2025-02-14,bb,136.95
2025-02-15,bb,136.69
2025-02-16,bb,136.44
2025-02-17,bb,136.34
2025-02-18,bb,136.28
2025-02-19,bb,136.3
2025-02-20,bb,136.79
2025-02-21,bb,136.73
2025-02-22,bb,136.55
2025-02-23,bb,136.36
2025-02-24,bb,136.14
2025-02-25,bb,135.9
2025-02-26,bb,135.69
2025-02-27,bb,135.43
2025-02-28,bb,135.27
2025-03-01,bb,135.23
2025-03-02,bb,135.29
2025-03-03,bb,135.34
2025-03-04,bb,135.48
2025-03-05,bb,135.42
2025-03-06,bb,135.45
2025-03-07,bb,135.42
2025-03-08,bb,135.46
2025-03-09,bb,135.34
2025-03-10,bb,135.23
2025-03-11,bb,134.95
2025-03-12,bb,134.78
2025-03-13,bb,134.58
2025-03-14,bb,134.34
2025-03-15,bb,134.07
2025-03-16,bb,133.64
2025-03-17,bb,133.51
2025-03-18,bb,133.45
2025-03-19,bb,133.55
2025-03-20,bb,133.67
2025-03-21,bb,133.74
2025-03-22,bb,133.62
2025-03-23,bb,133.96
2025-03-24,bb,134.03
2025-03-25,bb,134.06
2025-03-26,bb,134.14
2025-03-27,bb,134.26
2025-03-28,bb,134.48
2025-03-29,bb,134.75
2025-03-30,bb,134.87
2025-03-31,bb,134.96
2025-04-01,bb,134.96
2025-04-02,bb,134.97
2025-04-03,bb,134.98
2025-04-04,bb,135.09
2025-04-05,bb,135.29
2025-04-06,bb,135.36
2025-04-07,bb,135.4
2025-04-08,bb,135.49
2025-04-09,bb,135.57
2025-04-10,bb,135.49
2025-04-11,bb,135.32
2025-04-12,bb,135.25
2025-04-13,bb,135.27
2025-04-14,bb,135.22
2025-04-15,bb,135.24
2025-04-16,bb,135.26
2025-04-17,bb,135.23
2025-04-18,bb,135.33
2025-04-19,bb,135.3
2025-04-20,bb,135.24
2025-04-21,bb,135.13
2025-04-22,bb,135.04
2025-04-23,bb,134.72
2025-04-24,bb,134.53
2025-04-25,bb,134.33
2025-04-26,bb,134.16
2025-04-27,bb,133.94
2025-04-28,bb,134.09
2025-04-29,bb,133.83
2025-04-30,bb,133.72
2025-05-01,bb,133.99
2025-05-02,bb,134.12
2025-05-03,bb,133.96
2025-05-04,bb,133.82
2025-05-05,bb,133.37
2025-05-06,bb,133.32
2025-05-07,bb,133.25
2025-05-08,bb,133.35
2025-05-09,bb,133.55
2025-05-10,bb,133.9
2025-05-11,bb,134.27
2025-05-12,bb,134.71
2025-05-13,bb,135.14
2025-05-14,bb,135.78
2025-05-15,bb,135.8
2025-05-16,bb,135.88
2025-05-17,bb,136
2025-05-18,bb,136.14
2025-05-19,bb,136.31
2025-05-20,bb,136.47
2025-05-21,bb,136.5
2025-05-22,bb,136.46
2025-05-23,bb,136.31
2025-05-24,bb,136.24
2025-05-25,bb,136.21
2025-05-26,bb,136.17
2025-05-27,bb,136.09
2025-05-28,bb,135.92
2025-05-29,bb,135.93
2025-05-30,bb,135.91
2025-05-31,bb,135.66
2025-06-01,bb,135.32
2025-06-02,bb,134.91
2025-06-03,bb,134.59
2025-06-04,bb,134.38
2025-06-05,bb,134.04
2025-06-06,bb,133.6
2025-06-07,bb,133.57
2025-06-08,bb,133.38
2025-06-09,bb,133.51
2025-06-10,bb,133.46
2025-06-11,bb,133.31
2025-06-12,bb,133.22
2025-06-13,bb,133.21
2025-06-14,bb,132.92
2025-06-15,bb,132.82
2025-06-16,bb,132.39
2025-06-17,bb,132.17
2025-06-18,bb,131.79
2025-06-19,bb,131.5
2025-06-20,bb,131.28
2025-06-21,bb,131.12
2025-06-22,bb,130.99
2025-06-23,bb,130.95
2025-06-24,bb,130.81
2025-06-25,bb,130.79
2025-06-26,bb,130.75
2025-06-27,bb,130.75
2025-06-28,bb,130.69
2025-06-29,bb,130.71
2025-06-30,bb,130.73
2025-07-01,bb,130.66
2025-07-02,bb,130.67
2025-07-03,bb,130.58
2025-07-04,bb,130.48
2025-07-05,bb,130.47
2025-07-06,bb,130.39
2025-07-07,bb,130.29
2025-07-08,bb,130.39
2025-07-09,bb,130.44
2025-07-10,bb,130.43
2025-07-11,bb,130.39
2025-07-12,bb,130.4
2025-07-13,bb,130.25
2025-07-14,bb,130.2
2025-07-15,bb,130.14
2025-07-16,bb,130.04
2025-07-17,bb,130.01
2025-07-18,bb,130.01
2025-07-19,bb,129.91
2025-07-20,bb,129.83
2025-07-21,bb,129.67
2025-07-22,bb,129.56
2025-07-23,bb,129.46
2025-07-24,bb,129.36
2025-07-25,bb,129.1
2025-07-26,bb,128.94
2025-07-27,bb,128.94
2025-07-28,bb,129.02
2025-07-29,bb,128.74
2025-07-30,bb,128.5
2025-07-31,bb,128.32
2025-08-01,bb,127.97
2025-08-02,bb,127.96
2025-08-03,bb,127.91
2025-08-04,bb,127.75
2025-08-05,bb,127.73
2025-08-06,bb,127.71
2025-08-07,bb,127.73
2025-08-08,bb,127.93
2025-08-09,bb,127.79
2025-08-10,bb,127.64
2025-08-11,bb,127.55
2025-08-12,bb,127.46
2025-08-13,bb,127.46
2025-08-14,bb,127.3
2025-08-15,bb,127.32
2025-08-16,bb,127.33
2025-08-17,bb,127.35
2025-08-18,bb,127.29
2025-08-19,bb,127.43
2025-08-20,bb,127.46
2025-08-21,bb,127.7
2025-08-22,bb,127.9
2025-08-23,bb,128.11
2025-08-24,bb,128.29
2025-08-25,bb,128.53
2025-08-26,bb,128.75
2025-08-27,bb,129.02
2025-08-28,bb,129.18
2025-08-29,bb,129.34
2025-08-30,bb,129.37
2025-08-31,bb,129.29
2025-09-01,bb,129.42
2025-09-02,bb,129.57
2025-09-03,bb,129.74
2025-09-04,bb,129.98
2025-09-05,bb,130.08
2025-09-06,bb,130.29
2025-09-07,bb,130.6
2025-09-08,bb,130.69
2025-09-09,bb,130.68
2025-09-10,bb,130.53
2025-09-11,bb,130.37
2025-09-12,bb,130.42
2025-09-13,bb,130.44
2025-09-14,bb,130.57
2025-09-15,bb,130.61
2025-09-16,bb,130.59
2025-09-17,bb,130.76
2025-09-18,bb,131.01
2025-09-19,bb,130.84
2025-09-20,bb,130.81
2025-09-21,bb,130.65
2025-09-22,bb,130.53
2025-09-23,bb,130.58
2025-09-24,bb,130.41
2025-09-25,bb,130.14
2025-09-26,bb,130.08
2025-09-27,bb,129.89
2025-09-28,bb,129.86
2025-09-29,bb,129.88
2025-09-30,bb,129.76
2025-10-01,bb,129.76
2025-10-02,bb,129.76
2025-10-03,bb,129.96
2025-10-04,bb,130.16
2025-10-05,bb,130.3
2025-10-06,bb,130.41
2025-10-07,bb,130.34
2025-10-08,bb,130.45
2025-10-09,bb,130.47
2025-10-10,bb,130.31
2025-10-11,bb,130.14
2025-10-12,bb,129.95
2025-10-13,bb,129.8
2025-10-14,bb,129.9
2025-10-15,bb,129.79
2025-10-16,bb,129.65
2025-10-17,bb,129.33
2025-10-18,bb,129.11
2025-10-19,bb,128.95
2025-10-20,bb,128.76
2025-10-21,bb,128.34
2025-10-22,bb,128.19
2025-10-23,bb,128.11
2025-10-24,bb,128.28
2025-10-25,bb,128.2
2025-10-26,bb,128.31
2025-10-27,bb,128.45
2025-10-28,bb,128.76
2025-10-29,bb,128.97
2025-10-30,bb,129.14
2025-10-31,bb,129.19
2025-11-01,bb,129.15
2025-11-02,bb,128.86
2025-11-03,bb,128.73
2025-11-04,bb,128.6
2025-11-05,bb,128.39
2025-11-06,bb,128.12
2025-11-07,bb,127.97
2025-11-08,bb,128.18
2025-11-09,bb,128.4
2025-11-10,bb,128.51
2025-11-11,bb,128.51
2025-11-12,bb,128.65
2025-11-13,bb,128.9
2025-11-14,bb,129.2
2025-11-15,bb,129.34
2025-11-16,bb,129.29
2025-11-17,bb,129.22
2025-11-18,bb,129.28
2025-11-19,bb,129.08
2025-11-20,bb,129.04
2025-11-21,bb,129
2025-11-22,bb,128.86
2025-11-23,bb,128.94
2025-11-24,bb,129.11
2025-11-25,bb,129.2
2025-11-26,bb,129.35
2025-11-27,bb,129.36
2025-11-28,bb,129.45
2025-11-29,bb,129.73
2025-11-30,bb,129.91
2025-12-01,bb,129.89
2025-12-02,bb,129.93
2025-12-03,bb,129.92
2025-12-04,bb,129.76
2025-12-05,bb,129.41
2025-12-06,bb,128.76
2025-12-07,bb,128.3
2025-12-08,bb,127.81
2025-12-09,bb,127.35
2025-12-10,bb,127.07
2025-12-11,bb,126.98
2025-12-12,bb,126.97
2025-12-13,bb,127.25
2025-12-14,bb,127.38
2025-12-15,bb,127.74
2025-12-16,bb,128.05
2025-12-17,bb,128.36
2025-12-18,bb,128.74
2025-12-19,bb,129.08
2025-12-20,bb,129.51
2025-12-21,bb,129.86
2025-12-22,bb,130.2
2025-12-23,bb,130.5
2025-12-24,bb,130.74
2025-12-25,bb,130.97
2025-12-26,bb,130.99
2025-12-27,bb,130.84
2025-12-28,bb,130.83
2025-12-29,bb,130.92
2025-12-30,bb,131.08
2025-12-31,bb,131.19
2026-01-01,bb,131.26
2026-01-02,bb,131.46
2026-01-03,bb,131.47
2026-01-04,bb,131.27
2026-01-05,bb,131.01
2026-01-06,bb,130.75
2026-01-07,bb,130.5
2026-01-08,bb,130.14
2026-01-09,bb,129.89
2026-01-10,bb,129.61
2026-01-11,bb,129.48
2026-01-12,bb,129.52
2026-01-13,bb,129.83
2026-01-14,bb,130.06
2026-01-15,bb,130.21
2026-01-16,bb,130.45
2026-01-17,bb,130.81
2026-01-18,bb,131.2
2026-01-19,bb,131.2
2026-01-20,bb,130.96
2026-01-21,bb,130.76
2026-01-22,bb,130.52
2026-01-23,bb,130.21
2026-01-24,bb,129.92
2026-01-25,bb,129.4
2026-01-26,bb,129.12
2026-01-27,bb,128.82
2026-01-28,bb,128.58
2026-01-29,bb,128.54
2026-01-30,bb,128.61
2026-01-31,bb,128.71
2026-02-01,bb,128.98
2026-02-02,bb,129.1
2026-02-03,bb,129.23
2026-02-04,bb,129.35
2026-02-05,bb,129.38
2026-02-06,bb,129.33
2026-02-07,bb,129.26
2026-02-08,bb,129.26
2026-02-09,bb,129.31
2026-02-10,bb,129.35
2026-02-11,bb,129.4
2026-02-12,bb,129.45
2026-02-13,bb,129.5
2026-02-14,bb,129.55
2026-02-15,bb,129.6
2026-02-16,bb,129.65
2026-02-17,bb,129.7
2026-02-18,bb,129.75
2026-02-19,bb,129.8
2026-02-20,bb,129.85
2026-02-21,bb,129.9
2026-02-22,bb,129.95
2026-02-23,bb,130
2026-02-24,bb,130.05
2026-02-25,bb,130.1
2026-02-26,bb,130.11
2026-02-27,bb,130.16
2026-02-28,bb,130.23
2026-03-01,bb,130.3
2026-03-02,bb,130.33
2026-03-03,bb,130.49
2026-03-04,bb,130.56
2026-03-05,bb,130.55
2026-03-06,bb,130.59
2026-03-07,bb,130.54
2026-03-08,bb,130.37
2026-03-09,bb,130.1
2026-03-10,bb,129.61
2026-03-11,bb,129.08
2026-03-12,bb,128.66
2026-03-13,bb,128.1
2026-03-14,bb,127.55
2026-03-15,bb,127.06
2026-03-16,bb,126.67
2026-03-17,bb,126.22
2026-03-18,bb,125.97
2026-03-19,bb,125.74
2026-03-20,bb,125.51
2026-03-21,bb,125.29
2026-03-22,bb,125.14
2026-03-23,bb,124.92
2026-03-24,bb,124.9
2026-03-25,bb,124.76
2026-03-26,bb,124.59
2026-03-27,bb,124.69
2026-03-28,bb,124.83
2026-03-29,bb,124.85
2026-03-30,bb,125.01
2026-03-31,bb,125.1
2026-04-01,bb,125.18
2026-04-02,bb,125.32
2026-04-03,bb,125.11
2026-04-04,bb,124.97
2026-04-05,bb,124.79
2026-04-06,bb,124.39
2026-04-07,bb,123.99
2026-04-08,bb,123.7
2026-04-09,bb,123.35
2026-04-10,bb,123.16
2026-04-11,bb,122.95
2026-04-12,bb,122.8
2026-04-13,bb,122.79
2026-04-14,bb,122.62
2026-04-15,bb,122.45
2026-04-16,bb,122.24
2026-04-17,bb,121.99
2026-04-18,bb,121.61
2026-04-19,bb,121.43
2026-04-20,bb,121.25
2026-04-21,bb,121.18
2026-04-22,bb,121.11
2026-04-23,bb,121.06
2026-04-24,bb,120.96
2026-04-25,bb,120.99
2026-04-26,bb,120.88
2026-04-27,bb,120.7
2026-04-28,bb,120.69
2026-04-29,bb,120.55
2026-04-30,bb,120.16
2026-05-01,bb,120.02
2026-05-02,bb,119.85
2026-05-03,bb,119.31
2026-05-04,bb,118.77
2026-05-05,bb,118.19
2026-05-06,bb,117.83
2026-05-07,bb,117.87
2026-05-08,bb,118.11
2026-05-09,bb,118.36
2026-05-10,bb,118.82
2026-05-11,bb,119.3
2026-05-12,bb,119.81
2026-05-13,bb,120.2
2026-05-14,bb,120.6
2026-05-15,bb,120.64
2026-05-16,bb,120.47
2026-05-17,bb,120.46
2026-05-18,bb,120.5
2026-05-19,bb,120.5
2026-05-20,bb,120.56
2026-05-21,bb,120.38
2026-05-22,bb,120.16
2026-05-23,bb,120.13
2026-05-24,bb,120.02
2026-05-25,bb,119.83
2026-05-26,bb,119.43
2026-05-27,bb,118.85
2026-05-28,bb,118.55
2026-05-29,bb,118.18
2026-05-30,bb,117.98
2026-05-31,bb,117.6
2026-06-01,bb,117.36
2026-06-02,bb,117.49
2026-06-03,bb,117.74
2026-06-04,bb,117.92
2026-06-05,bb,118.25
2026-06-06,bb,118.58
2026-06-07,bb,119.14
2026-06-08,bb,119.48
2026-06-09,bb,119.73
2026-06-10,bb,119.72
2026-06-11,bb,119.77
2026-06-12,bb,119.82
2026-06-13,bb,119.91
2026-06-14,bb,119.89
2026-06-15,bb,119.88
2026-06-16,bb,119.82
2026-06-17,bb,120.16
2026-06-18,bb,120.14
2026-06-19,bb,120.28
2026-06-20,bb,120.36
2026-06-21,bb,120.44
2026-06-22,bb,120.59
2026-06-23,bb,120.72
2026-06-24,bb,120.61
2026-06-25,bb,120.76
2026-06-26,bb,120.55
2026-06-27,bb,120.39
2026-06-28,bb,120.35
2026-06-29,bb,120.13
2026-06-30,bb,119.85
2026-07-01,bb,119.79
2026-07-02,bb,119.64
2026-07-03,bb,119.5
2026-07-04,bb,119.41
2026-07-05,bb,118.96
2026-07-06,bb,118.78
2026-07-07,bb,118.83
2026-07-08,bb,118.75
2026-07-09,bb,118.8
2026-07-10,bb,119.07
2026-07-11,bb,119.23
2026-07-12,bb,119.78
2026-07-13,bb,120.15
2026-07-14,bb,120.26
2026-07-15,bb,120.3
2026-07-16,bb,120.28
2026-07-17,bb,120.1
2026-07-18,bb,119.8
2026-07-19,bb,119.57
2026-07-20,bb,119.08
2026-07-21,bb,119.03
2026-07-22,bb,118.99
2026-07-23,bb,118.94
2026-07-24,bb,118.98
2026-07-25,bb,119.13
2026-07-26,bb,118.74
2026-07-27,bb,119.06
2026-07-28,bb,118.75
2026-07-29,bb,118.54
2026-07-30,bb,118.29
2026-07-31,bb,117.88
2026-08-01,bb,117.68
2026-08-02,bb,117.84
2026-08-03,bb,117.21
2026-08-04,bb,117.5
2026-08-05,bb,117.67
2026-08-06,bb,117.98
2026-08-07,bb,118.35
2026-08-08,bb,118.01
2026-08-09,bb,118.12
2026-08-10,bb,118.67
2026-08-11,bb,118.21
2026-08-12,bb,118.1
2026-08-13,bb,117.83
2026-08-14,bb,117.7
2026-08-15,bb,117.75
2026-08-16,bb,117.4
2026-08-17,bb,117.22
2026-08-18,bb,117.47
2026-08-19,bb,117.42
2026-08-20,bb,117.68
2026-08-21,bb,117.87
2026-08-22,bb,118.32
2026-08-23,bb,118.63
2026-08-24,bb,118.73
2026-08-25,bb,118.76
2026-08-26,bb,118.82
2026-08-27,bb,118.67
2026-08-28,bb,118.47
2026-08-29,bb,118.46
2026-08-30,bb,118.52
2026-08-31,bb,118.27
2026-09-01,bb,118.25
2026-09-02,bb,118.57
2026-09-03,bb,118.8
2026-09-04,bb,119.14
2026-09-05,bb,119.37
2026-09-06,bb,119.53
2026-09-07,bb,120.05
2026-09-08,bb,120.36
2026-09-09,bb,120.3
2026-09-10,bb,120.25
2026-09-11,bb,120.09
2026-09-12,bb,120.02
2026-09-13,bb,120.01
2026-09-14,bb,119.91
2026-09-15,bb,119.81
2026-09-16,bb,119.75
2026-09-17,bb,119.78
2026-09-18,bb,119.84
2020-02-01,be,100
2020-02-02,be,99.94
2020-02-03,be,99.94
2020-02-04,be,99.9
2020-02-05,be,99.96
2020-02-06,be,100.09
2020-02-07,be,100.16
2020-02-08,be,100.24
2020-02-09,be,100.38
2020-02-10,be,100.54
2020-02-11,be,100.67
2020-02-12,be,100.78
2020-02-13,be,100.8
2020-02-14,be,100.75
2020-02-15,be,100.73
2020-02-16,be,100.73
2020-02-17,be,100.78
2020-02-18,be,100.9
2020-02-19,be,100.95
2020-02-20,be,101.07
2020-02-21,be,101.25
2020-02-22,be,101.38
2020-02-23,be,101.44
2020-02-24,be,101.5
2020-02-25,be,101.57
2020-02-26,be,101.73
2020-02-27,be,101.92
2020-02-28,be,102.06
2020-02-29,be,102.23
2020-03-01,be,102.43
2020-03-02,be,102.53
2020-03-03,be,102.67
2020-03-04,be,102.58
2020-03-05,be,102.41
2020-03-06,be,102.3
2020-03-07,be,102.18
2020-03-08,be,102.03
2020-03-09,be,101.9
2020-03-10,be,101.86
2020-03-11,be,101.8
2020-03-12,be,101.84
2020-03-13,be,101.68
2020-03-14,be,101.37
2020-03-15,be,101.08
2020-03-16,be,100.74
2020-03-17,be,100.18
2020-03-18,be,99.63
2020-03-19,be,98.86
2020-03-20,be,98.08
2020-03-21,be,97.28
2020-03-22,be,96.41
2020-03-23,be,95.51
2020-03-24,be,94.42
2020-03-25,be,93.4
2020-03-26,be,92.34
2020-03-27,be,91.29
2020-03-28,be,90.21
2020-03-29,be,89.18
2020-03-30,be,88.2
2020-03-31,be,87.39
2020-04-01,be,86.54
2020-04-02,be,85.83
2020-04-03,be,85.16
2020-04-04,be,84.53
2020-04-05,be,83.88
2020-04-06,be,83.22
2020-04-07,be,82.59
2020-04-08,be,82.07
2020-04-09,be,81.49
2020-04-10,be,81.04
2020-04-11,be,80.72
2020-04-12,be,80.3
2020-04-13,be,80.12
2020-04-14,be,80.05
2020-04-15,be,79.96
2020-04-16,be,79.87
2020-04-17,be,79.84
2020-04-18,be,79.78
2020-04-19,be,79.78
2020-04-20,be,79.7
2020-04-21,be,79.5
2020-04-22,be,78.78
2020-04-23,be,78.26
2020-04-24,be,77.87
2020-04-25,be,77.54
2020-04-26,be,77.42
2020-04-27,be,77.14
2020-04-28,be,76.78
2020-04-29,be,76.93
2020-04-30,be,76.97
2020-05-01,be,76.77
2020-05-02,be,76.65
2020-05-03,be,76.37
2020-05-04,be,76.09
2020-05-05,be,75.97
2020-05-06,be,75.78
2020-05-07,be,75.58
2020-05-08,be,75.42
2020-05-09,be,75.2
2020-05-10,be,74.95
2020-05-11,be,74.83
2020-05-12,be,74.71
2020-05-13,be,74.63
2020-05-14,be,74.65
2020-05-15,be,74.68
2020-05-16,be,74.64
2020-05-17,be,74.69
2020-05-18,be,74.74
2020-05-19,be,74.75
2020-05-20,be,74.72
2020-05-21,be,74.81
2020-05-22,be,75.02
2020-05-23,be,75.17
2020-05-24,be,75.29
2020-05-25,be,75.35
2020-05-26,be,75.36
2020-05-27,be,75.54
2020-05-28,be,75.5
2020-05-29,be,75.51
2020-05-30,be,75.53
2020-05-31,be,75.49
2020-06-01,be,75.5
2020-06-02,be,75.39
2020-06-03,be,75.35
2020-06-04,be,75.13
2020-06-05,be,74.87
2020-06-06,be,74.53
2020-06-07,be,74.26
2020-06-08,be,74.01
2020-06-09,be,73.97
2020-06-10,be,73.74
2020-06-11,be,73.77
2020-06-12,be,73.69
2020-06-13,be,73.81
2020-06-14,be,73.94
2020-06-15,be,73.98
2020-06-16,be,73.97
2020-06-17,be,74.05
2020-06-18,be,74.09
2020-06-19,be,74.15
2020-06-20,be,74.24
2020-06-21,be,74.29
2020-06-22,be,74.32
2020-06-23,be,74.35
2020-06-24,be,74.35
2020-06-25,be,74.39
2020-06-26,be,74.44
2020-06-27,be,74.43
2020-06-28,be,74.41
2020-06-29,be,74.47
2020-06-30,be,74.56
2020-07-01,be,74.6
2020-07-02,be,74.6
2020-07-03,be,74.62
2020-07-04,be,74.68
2020-07-05,be,74.72
2020-07-06,be,74.78
2020-07-07,be,74.96
2020-07-08,be,75.26
2020-07-09,be,75.57
2020-07-10,be,75.8
2020-07-11,be,76.01
2020-07-12,be,76.22
2020-07-13,be,76.3
2020-07-14,be,76.33
2020-07-15,be,76.25
2020-07-16,be,76.22
2020-07-17,be,76.23
2020-07-18,be,76.27
2020-07-19,be,76.34
2020-07-20,be,76.39
2020-07-21,be,76.44
2020-07-22,be,76.6
2020-07-23,be,76.68
2020-07-24,be,76.77
2020-07-25,be,76.95
2020-07-26,be,77.21
2020-07-27,be,77.38
2020-07-28,be,77.61
2020-07-29,be,77.72
2020-07-30,be,77.79
2020-07-31,be,77.95
2020-08-01,be,77.92
2020-08-02,be,77.84
2020-08-03,be,77.93
2020-08-04,be,77.87
2020-08-05,be,77.73
2020-08-06,be,77.85
2020-08-07,be,77.89
2020-08-08,be,78.11
2020-08-09,be,78.23
2020-08-10,be,78.33
2020-08-11,be,78.39
2020-08-12,be,78.5
2020-08-13,be,78.49
2020-08-14,be,78.35
2020-08-15,be,78.17
2020-08-16,be,78.11
2020-08-17,be,77.98
2020-08-18,be,78.01
2020-08-19,be,78.12
2020-08-20,be,78.15
2020-08-21,be,78.22
2020-08-22,be,78.31
2020-08-23,be,78.43
2020-08-24,be,78.62
2020-08-25,be,78.79
2020-08-26,be,78.94
2020-08-27,be,79.07
2020-08-28,be,79.34
2020-08-29,be,79.5
2020-08-30,be,79.6
2020-08-31,be,79.77
2020-09-01,be,79.9
2020-09-02,be,80.1
2020-09-03,be,80.12
2020-09-04,be,80.17
2020-09-05,be,80.27
2020-09-06,be,80.42
2020-09-07,be,80.49
2020-09-08,be,80.56
2020-09-09,be,80.42
2020-09-10,be,80.55
2020-09-11,be,80.59
2020-09-12,be,80.6
2020-09-13,be,80.29
2020-09-14,be,80.19
2020-09-15,be,80.06
2020-09-16,be,80.09
2020-09-17,be,80.21
2020-09-18,be,80.39
2020-09-19,be,80.67
2020-09-20,be,81.14
2020-09-21,be,81.21
2020-09-22,be,81.38
2020-09-23,be,81.6
2020-09-24,be,81.67
2020-09-25,be,81.58
2020-09-26,be,81.52
2020-09-27,be,81.5
2020-09-28,be,81.74
2020-09-29,be,82.01
2020-09-30,be,82.25
2020-10-01,be,82.49
2020-10-02,be,82.96
2020-10-03,be,83.27
2020-10-04,be,83.72
2020-10-05,be,84.18
2020-10-06,be,84.59
2020-10-07,be,85.06
2020-10-08,be,85.5
2020-10-09,be,85.82
2020-10-10,be,86.3
2020-10-11,be,86.78
2020-10-12,be,87.15
2020-10-13,be,87.31
2020-10-14,be,87.49
2020-10-15,be,87.73
2020-10-16,be,87.66
2020-10-17,be,87.56
2020-10-18,be,87.37
2020-10-19,be,87.24
2020-10-20,be,87.24
2020-10-21,be,87.27
2020-10-22,be,87.2
2020-10-23,be,87.43
2020-10-24,be,87.57
2020-10-25,be,87.66
2020-10-26,be,87.77
2020-10-27,be,87.83
2020-10-28,be,87.7
2020-10-29,be,87.77
2020-10-30,be,87.83
2020-10-31,be,87.9
2020-11-01,be,88.02
2020-11-02,be,87.94
2020-11-03,be,87.97
2020-11-04,be,88.06
2020-11-05,be,87.91
2020-11-06,be,87.78
2020-11-07,be,87.69
2020-11-08,be,87.56
2020-11-09,be,87.52
2020-11-10,be,87.49
2020-11-11,be,87.52
2020-11-12,be,87.57
2020-11-13,be,87.55
2020-11-14,be,87.5
2020-11-15,be,87.53
2020-11-16,be,87.61
2020-11-17,be,87.58
2020-11-18,be,87.7
2020-11-19,be,87.83
2020-11-20,be,87.92
2020-11-21,be,88.05
2020-11-22,be,88.18
2020-11-23,be,88.29
2020-11-24,be,88.38
2020-11-25,be,88.43
2020-11-26,be,88.54
2020-11-27,be,88.6
2020-11-28,be,88.48
2020-11-29,be,88.42
2020-11-30,be,88.34
2020-12-01,be,88.28
2020-12-02,be,88.12
2020-12-03,be,88
2020-12-04,be,88.07
2020-12-05,be,88.29
2020-12-06,be,88.38
2020-12-07,be,88.52
2020-12-08,be,88.72
2020-12-09,be,88.92
2020-12-10,be,89.09
2020-12-11,be,89.17
2020-12-12,be,89.21
2020-12-13,be,89.38
2020-12-14,be,89.58
2020-12-15,be,89.87
2020-12-16,be,90.08
2020-12-17,be,90.28
2020-12-18,be,90.5
2020-12-19,be,90.78
2020-12-20,be,90.99
2020-12-21,be,91.18
2020-12-22,be,91.27
2020-12-23,be,91.41
2020-12-24,be,91.57
2020-12-25,be,91.69
2020-12-26,be,91.73
2020-12-27,be,91.77
2020-12-28,be,91.85
2020-12-29,be,91.93
2020-12-30,be,92.04
2020-12-31,be,92.12
2021-01-01,be,92.21
2021-01-02,be,92.31
2021-01-03,be,92.34
2021-01-04,be,92.3
2021-01-05,be,92.17
2021-01-06,be,92.18
2021-01-07,be,92.22
2021-01-08,be,92.34
2021-01-09,be,92.51
2021-01-10,be,92.57
2021-01-11,be,92.7
2021-01-12,be,92.94
2021-01-13,be,93.05
2021-01-14,be,93.15
2021-01-15,be,93.21
2021-01-16,be,93.2
2021-01-17,be,93.38
2021-01-18,be,93.56
2021-01-19,be,93.74
2021-01-20,be,93.82
2021-01-21,be,93.88
2021-01-22,be,93.89
2021-01-23,be,94.01
2021-01-24,be,94.15
2021-01-25,be,94.19
2021-01-26,be,94.17
2021-01-27,be,94.23
2021-01-28,be,94.37
2021-01-29,be,94.57
2021-01-30,be,94.67
2021-01-31,be,94.74
2021-02-01,be,94.84
2021-02-02,be,95.06
2021-02-03,be,95.2
2021-02-04,be,95.18
2021-02-05,be,95.18
2021-02-06,be,95.23
2021-02-07,be,95.28
2021-02-08,be,95.31
2021-02-09,be,95.32
2021-02-10,be,95.41
2021-02-11,be,95.55
2021-02-12,be,95.7
2021-02-13,be,95.87
2021-02-14,be,96.32
2021-02-15,be,96.85
2021-02-16,be,96.95
2021-02-17,be,97.1
2021-02-18,be,97.17
2021-02-19,be,97.24
2021-02-20,be,97.31
2021-02-21,be,97.09
2021-02-22,be,96.79
2021-02-23,be,96.89
2021-02-24,be,96.9
2021-02-25,be,96.98
2021-02-26,be,97.09
2021-02-27,be,97.14
2021-02-28,be,97.16
2021-03-01,be,97.28
2021-03-02,be,97.4
2021-03-03,be,97.51
2021-03-04,be,97.53
2021-03-05,be,97.64
2021-03-06,be,97.83
2021-03-07,be,98.07
2021-03-08,be,98.27
2021-03-09,be,98.27
2021-03-10,be,98.38
2021-03-11,be,98.6
2021-03-12,be,98.73
2021-03-13,be,98.87
2021-03-14,be,98.95
2021-03-15,be,99.02
2021-03-16,be,99.29
2021-03-17,be,99.63
2021-03-18,be,100.06
2021-03-19,be,100.5
2021-03-20,be,101.02
2021-03-21,be,102.08
2021-03-22,be,102.7
2021-03-23,be,103.31
2021-03-24,be,103.79
2021-03-25,be,104.2
2021-03-26,be,104.56
2021-03-27,be,104.78
2021-03-28,be,104.47
2021-03-29,be,104.66
2021-03-30,be,104.76
2021-03-31,be,104.94
2021-04-01,be,105.06
2021-04-02,be,105.23
2021-04-03,be,105.32
2021-04-04,be,105.44
2021-04-05,be,105.53
2021-04-06,be,105.62
2021-04-07,be,105.54
2021-04-08,be,105.48
2021-04-09,be,105.35
2021-04-10,be,105.31
2021-04-11,be,105.21
2021-04-12,be,105.02
2021-04-13,be,104.97
2021-04-14,be,105
2021-04-15,be,105.1
2021-04-16,be,105
2021-04-17,be,104.96
2021-04-18,be,104.95
2021-04-19,be,105.09
2021-04-20,be,105.07
2021-04-21,be,105.01
2021-04-22,be,104.7
2021-04-23,be,104.86
2021-04-24,be,105.04
2021-04-25,be,105.1
2021-04-26,be,105.36
2021-04-27,be,105.65
2021-04-28,be,105.93
2021-04-29,be,106.44
2021-04-30,be,106.68
2021-05-01,be,106.91
2021-05-02,be,107.43
2021-05-03,be,107.62
2021-05-04,be,107.85
2021-05-05,be,108.2
2021-05-06,be,108.48
2021-05-07,be,108.79
2021-05-08,be,109.15
2021-05-09,be,109.46
2021-05-10,be,109.73
2021-05-11,be,110.11
2021-05-12,be,110.57
2021-05-13,be,111.2
2021-05-14,be,111.71
2021-05-15,be,112.05
2021-05-16,be,112.24
2021-05-17,be,112.5
2021-05-18,be,112.69
2021-05-19,be,112.74
2021-05-20,be,112.78
2021-05-21,be,112.94
2021-05-22,be,113.15
2021-05-23,be,113.34
2021-05-24,be,113.61
2021-05-25,be,113.76
2021-05-26,be,113.93
2021-05-27,be,114.01
2021-05-28,be,114.08
2021-05-29,be,114.21
2021-05-30,be,114.4
2021-05-31,be,114.5
2021-06-01,be,114.6
2021-06-02,be,114.7
2021-06-03,be,114.9
2021-06-04,be,115.09
2021-06-05,be,115.27
2021-06-06,be,115.43
2021-06-07,be,115.65
2021-06-08,be,115.9
2021-06-09,be,116.2
2021-06-10,be,116.28
2021-06-11,be,116.5
2021-06-12,be,116.72
2021-06-13,be,117.03
2021-06-14,be,117.35
2021-06-15,be,117.65
2021-06-16,be,117.92
2021-06-17,be,118.4
2021-06-18,be,118.72
2021-06-19,be,119.05
2021-06-20,be,119.29
2021-06-21,be,119.49
2021-06-22,be,119.79
2021-06-23,be,120.11
2021-06-24,be,120.36
2021-06-25,be,120.64
2021-06-26,be,120.84
2021-06-27,be,121.03
2021-06-28,be,121.31
2021-06-29,be,121.56
2021-06-30,be,121.74
2021-07-01,be,121.93
2021-07-02,be,122.16
2021-07-03,be,122.6
2021-07-04,be,122.97
2021-07-05,be,123.16
2021-07-06,be,123.42
2021-07-07,be,123.63
2021-07-08,be,123.91
2021-07-09,be,124.19
2021-07-10,be,124.37
2021-07-11,be,124.6
2021-07-12,be,124.93
2021-07-13,be,125.11
2021-07-14,be,125.46
2021-07-15,be,125.72
2021-07-16,be,125.99
2021-07-17,be,126.21
2021-07-18,be,126.49
2021-07-19,be,126.81
2021-07-20,be,127.24
2021-07-21,be,127.53
2021-07-22,be,127.92
2021-07-23,be,128.21
2021-07-24,be,128.43
2021-07-25,be,128.67
2021-07-26,be,128.9
2021-07-27,be,129.17
2021-07-28,be,129.44
2021-07-29,be,129.54
2021-07-30,be,129.66
2021-07-31,be,129.88
2021-08-01,be,129.91
2021-08-02,be,130.01
2021-08-03,be,130.03
2021-08-04,be,130.11
2021-08-05,be,130.29
2021-08-06,be,130.62
2021-08-07,be,130.95
2021-08-08,be,131.36
2021-08-09,be,131.59
2021-08-10,be,131.94
2021-08-11,be,132.17
2021-08-12,be,132.32
2021-08-13,be,132.39
2021-08-14,be,132.32
2021-08-15,be,132.34
2021-08-16,be,132.48
2021-08-17,be,132.5
2021-08-18,be,132.72
2021-08-19,be,133.08
2021-08-20,be,133.37
2021-08-21,be,133.72
2021-08-22,be,134.14
2021-08-23,be,134.54
2021-08-24,be,134.99
2021-08-25,be,135.39
2021-08-26,be,135.63
2021-08-27,be,135.95
2021-08-28,be,136.38
2021-08-29,be,136.61
2021-08-30,be,136.87
2021-08-31,be,137
2021-09-01,be,137.01
2021-09-02,be,137.14
2021-09-03,be,137.17
2021-09-04,be,137.09
2021-09-05,be,137.1
2021-09-06,be,137.14
2021-09-07,be,137.21
2021-09-08,be,137.37
2021-09-09,be,137.29
2021-09-10,be,137.44
2021-09-11,be,137.69
2021-09-12,be,137.92
2021-09-13,be,138.09
2021-09-14,be,138.16
2021-09-15,be,138.25
2021-09-16,be,138.56
2021-09-17,be,138.72
2021-09-18,be,138.87
2021-09-19,be,139.02
2021-09-20,be,139.16
2021-09-21,be,139.28
2021-09-22,be,139.26
2021-09-23,be,139.3
2021-09-24,be,139.28
2021-09-25,be,139.1
2021-09-26,be,138.94
2021-09-27,be,138.78
2021-09-28,be,138.84
2021-09-29,be,139.02
2021-09-30,be,139.1
2021-10-01,be,138.97
2021-10-02,be,139.31
2021-10-03,be,139.51
2021-10-04,be,139.81
2021-10-05,be,140.19
2021-10-06,be,140.57
2021-10-07,be,140.85
2021-10-08,be,141.56
2021-10-09,be,141.91
2021-10-10,be,142.42
2021-10-11,be,142.86
2021-10-12,be,143.23
2021-10-13,be,143.52
2021-10-14,be,143.95
2021-10-15,be,144.32
2021-10-16,be,144.62
2021-10-17,be,144.94
2021-10-18,be,145.06
2021-10-19,be,145.18
2021-10-20,be,145.31
2021-10-21,be,145.46
2021-10-22,be,145.44
2021-10-23,be,145.54
2021-10-24,be,145.57
2021-10-25,be,145.76
2021-10-26,be,145.84
2021-10-27,be,145.76
2021-10-28,be,145.68
2021-10-29,be,145.67
2021-10-30,be,145.66
2021-10-31,be,145.68
2021-11-01,be,145.74
2021-11-02,be,145.68
2021-11-03,be,145.69
2021-11-04,be,145.97
2021-11-05,be,146.17
2021-11-06,be,146.26
2021-11-07,be,146.37
2021-11-08,be,146.4
2021-11-09,be,146.54
2021-11-10,be,146.77
2021-11-11,be,146.67
2021-11-12,be,146.64
2021-11-13,be,146.51
2021-11-14,be,146.5
2021-11-15,be,146.47
2021-11-16,be,146.56
2021-11-17,be,146.65
2021-11-18,be,146.71
2021-11-19,be,146.76
2021-11-20,be,146.81
2021-11-21,be,146.75
2021-11-22,be,146.8
2021-11-23,be,146.81
2021-11-24,be,146.8
2021-11-25,be,146.8
2021-11-26,be,146.77
2021-11-27,be,146.88
2021-11-28,be,146.99
2021-11-29,be,147.1
2021-11-30,be,147.17
2021-12-01,be,147.2
2021-12-02,be,147.37
2021-12-03,be,147.61
2021-12-04,be,147.9
2021-12-05,be,148.03
2021-12-06,be,148.15
2021-12-07,be,148.26
2021-12-08,be,148.48
2021-12-09,be,148.55
2021-12-10,be,148.48
2021-12-11,be,148.38
2021-12-12,be,148.5
2021-12-13,be,148.72
2021-12-14,be,148.81
2021-12-15,be,148.75
2021-12-16,be,148.63
2021-12-17,be,148.7
2021-12-18,be,148.69
2021-12-19,be,148.58
2021-12-20,be,148.37
2021-12-21,be,148.24
2021-12-22,be,148.32
2021-12-23,be,148.41
2021-12-24,be,148.55
2021-12-25,be,148.61
2021-12-26,be,148.72
2021-12-27,be,148.92
2021-12-28,be,149.09
2021-12-29,be,149.09
2021-12-30,be,149.23
2021-12-31,be,149.21
2022-01-01,be,149.22
2022-01-02,be,149.2
2022-01-03,be,149.02
2022-01-04,be,148.91
2022-01-05,be,148.83
2022-01-06,be,148.44
2022-01-07,be,148.3
2022-01-08,be,148.3
2022-01-09,be,148.22
2022-01-10,be,148.02
2022-01-11,be,147.58
2022-01-12,be,147.31
2022-01-13,be,147.36
2022-01-14,be,146.95
2022-01-15,be,146.67
2022-01-16,be,146.39
2022-01-17,be,146.29
2022-01-18,be,146.48
2022-01-19,be,146.71
2022-01-20,be,146.81
2022-01-21,be,147.19
2022-01-22,be,147.14
2022-01-23,be,147.15
2022-01-24,be,147.13
2022-01-25,be,147.2
2022-01-26,be,147.03
2022-01-27,be,147.08
2022-01-28,be,147.33
2022-01-29,be,147.92
2022-01-30,be,148.47
2022-01-31,be,149.08
2022-02-01,be,149.55
2022-02-02,be,150.25
2022-02-03,be,150.71
2022-02-04,be,151.03
2022-02-05,be,151.26
2022-02-06,be,151.63
2022-02-07,be,151.93
2022-02-08,be,152.15
2022-02-09,be,152.33
2022-02-10,be,152.65
2022-02-11,be,152.87
2022-02-12,be,153.2
2022-02-13,be,153.23
2022-02-14,be,153.07
2022-02-15,be,153.14
2022-02-16,be,153.27
2022-02-17,be,153.48
2022-02-18,be,153.81
2022-02-19,be,154.06
2022-02-20,be,154.55
2022-02-21,be,155.17
2022-02-22,be,155.67
2022-02-23,be,156.21
2022-02-24,be,156.57
2022-02-25,be,156.94
2022-02-26,be,157.19
2022-02-27,be,157.29
2022-02-28,be,157.39
2022-03-01,be,157.49
2022-03-02,be,157.31
2022-03-03,be,157.31
2022-03-04,be,157.18
2022-03-05,be,157.06
2022-03-06,be,157.04
2022-03-07,be,157.11
2022-03-08,be,157.2
2022-03-09,be,157.31
2022-03-10,be,157.1
2022-03-11,be,156.93
2022-03-12,be,156.96
2022-03-13,be,156.92
2022-03-14,be,156.75
2022-03-15,be,156.68
2022-03-16,be,156.78
2022-03-17,be,157.09
2022-03-18,be,157.77
2022-03-19,be,158.38
2022-03-20,be,159.17
2022-03-21,be,160.08
2022-03-22,be,160.82
2022-03-23,be,161.23
2022-03-24,be,161.55
2022-03-25,be,161.53
2022-03-26,be,161.38
2022-03-27,be,161.13
2022-03-28,be,160.87
2022-03-29,be,160.8
2022-03-30,be,160.93
2022-03-31,be,161.26
2022-04-01,be,161.63
2022-04-02,be,161.98
2022-04-03,be,162.19
2022-04-04,be,162.46
2022-04-05,be,162.57
2022-04-06,be,162.69
2022-04-07,be,162.51
2022-04-08,be,162.29
2022-04-09,be,162.01
2022-04-10,be,161.9
2022-04-11,be,161.74
2022-04-12,be,161.4
2022-04-13,be,161.42
2022-04-14,be,161.57
2022-04-15,be,161.79
2022-04-16,be,161.95
2022-04-17,be,162.13
2022-04-18,be,162.26
2022-04-19,be,162.52
2022-04-20,be,162.42
2022-04-21,be,162.2
2022-04-22,be,161.75
2022-04-23,be,161.72
2022-04-24,be,161.68
2022-04-25,be,161.68
2022-04-26,be,161.86
2022-04-27,be,160.54
2022-04-28,be,160.58
2022-04-29,be,160.9
2022-04-30,be,160.96
2022-05-01,be,160.92
2022-05-02,be,160.94
2022-05-03,be,160.79
2022-05-04,be,162.08
2022-05-05,be,162.23
2022-05-06,be,162.1
2022-05-07,be,162.13
2022-05-08,be,162.12
2022-05-09,be,162.29
2022-05-10,be,162.54
2022-05-11,be,162.89
2022-05-12,be,163.21
2022-05-13,be,163.53
2022-05-14,be,163.72
2022-05-15,be,164.12
2022-05-16,be,164.3
2022-05-17,be,164.44
2022-05-18,be,164.51
2022-05-19,be,164.45
2022-05-20,be,164.52
2022-05-21,be,164.46
2022-05-22,be,164.25
2022-05-23,be,164.05
2022-05-24,be,163.84
2022-05-25,be,163.64
2022-05-26,be,163.43
2022-05-27,be,163.23
2022-05-28,be,163.02
2022-05-29,be,162.82
2022-05-30,be,162.61
2022-05-31,be,162.39
2022-06-01,be,162.19
2022-06-02,be,161.73
2022-06-03,be,161.4
2022-06-04,be,161.07
2022-06-05,be,160.76
2022-06-06,be,160.43
2022-06-07,be,159.97
2022-06-08,be,159.52
2022-06-09,be,159.3
2022-06-10,be,159.26
2022-06-11,be,159.15
2022-06-12,be,158.96
2022-06-13,be,158.74
2022-06-14,be,158.75
2022-06-15,be,158.72
2022-06-16,be,158.83
2022-06-17,be,158.48
2022-06-18,be,158.44
2022-06-19,be,158.48
2022-06-20,be,158.51
2022-06-21,be,158.38
2022-06-22,be,158.28
2022-06-23,be,158.12
2022-06-24,be,158.22
2022-06-25,be,158.17
2022-06-26,be,158.1
2022-06-27,be,158.06
2022-06-28,be,158.14
2022-06-29,be,158.17
2022-06-30,be,158.05
2022-07-01,be,157.85
2022-07-02,be,157.68
2022-07-03,be,157.48
2022-07-04,be,157.28
2022-07-05,be,156.96
2022-07-06,be,156.71
2022-07-07,be,156.58
2022-07-08,be,156.5
2022-07-09,be,156.38
2022-07-10,be,156.26
2022-07-11,be,156.15
2022-07-12,be,156.11
2022-07-13,be,156.1
2022-07-14,be,155.92
2022-07-15,be,155.75
2022-07-16,be,155.56
2022-07-17,be,155.44
2022-07-18,be,155.3
2022-07-19,be,155.12
2022-07-20,be,154.95
2022-07-21,be,154.99
2022-07-22,be,155.02
2022-07-23,be,154.97
2022-07-24,be,154.93
2022-07-25,be,154.86
2022-07-26,be,154.95
2022-07-27,be,155.04
2022-07-28,be,155
2022-07-29,be,155
2022-07-30,be,155.07
2022-07-31,be,155.06
2022-08-01,be,155
2022-08-02,be,154.94
2022-08-03,be,154.79
2022-08-04,be,154.74
2022-08-05,be,154.64
2022-08-06,be,154.53
2022-08-07,be,154.46
2022-08-08,be,154.47
2022-08-09,be,154.44
2022-08-10,be,154.49
2022-08-11,be,154.4
2022-08-12,be,154.5
2022-08-13,be,154.55
2022-08-14,be,154.8
2022-08-15,be,154.92
2022-08-16,be,155.06
2022-08-17,be,155.21
2022-08-18,be,155.47
2022-08-19,be,155.47
2022-08-20,be,155.53
2022-08-21,be,155.47
2022-08-22,be,155.58
2022-08-23,be,155.55
2022-08-24,be,155.46
2022-08-25,be,155.38
2022-08-26,be,155.43
2022-08-27,be,155.52
2022-08-28,be,155.58
2022-08-29,be,155.46
2022-08-30,be,155.55
2022-08-31,be,155.66
2022-09-01,be,155.76
2022-09-02,be,155.67
2022-09-03,be,155.66
2022-09-04,be,155.56
2022-09-05,be,155.56
2022-09-06,be,155.38
2022-09-07,be,155.11
2022-09-08,be,154.93
2022-09-09,be,154.79
2022-09-10,be,154.49
2022-09-11,be,154.27
2022-09-12,be,154.05
2022-09-13,be,153.95
2022-09-14,be,153.92
2022-09-15,be,153.74
2022-09-16,be,153.68
2022-09-17,be,153.66
2022-09-18,be,153.51
2022-09-19,be,153.47
2022-09-20,be,153.21
2022-09-21,be,152.97
2022-09-22,be,152.69
2022-09-23,be,152.38
2022-09-24,be,152.17
2022-09-25,be,151.93
2022-09-26,be,151.69
2022-09-27,be,151.63
2022-09-28,be,151.59
2022-09-29,be,151.63
2022-09-30,be,151.63
2022-10-01,be,151.58
2022-10-02,be,151.79
2022-10-03,be,151.92
2022-10-04,be,151.94
2022-10-05,be,151.68
2022-10-06,be,151.4
2022-10-07,be,151.14
2022-10-08,be,150.95
2022-10-09,be,150.61
2022-10-10,be,150.24
2022-10-11,be,149.87
2022-10-12,be,149.86
2022-10-13,be,149.85
2022-10-14,be,149.87
2022-10-15,be,149.91
2022-10-16,be,149.96
2022-10-17,be,150.01
2022-10-18,be,150.19
2022-10-19,be,150.28
2022-10-20,be,150.37
2022-10-21,be,150.39
2022-10-22,be,150.22
2022-10-23,be,150.19
2022-10-24,be,150.22
2022-10-25,be,150.09
2022-10-26,be,149.92
2022-10-27,be,150.08
2022-10-28,be,150.28
2022-10-29,be,150.56
2022-10-30,be,150.85
2022-10-31,be,151.23
2022-11-01,be,151.67
2022-11-02,be,152.04
2022-11-03,be,152.09
2022-11-04,be,152.28
2022-11-05,be,152.38
2022-11-06,be,152.39
2022-11-07,be,152.26
2022-11-08,be,152.12
2022-11-09,be,152.05
2022-11-10,be,151.88
2022-11-11,be,151.34
2022-11-12,be,151.07
2022-11-13,be,150.66
2022-11-14,be,150.21
2022-11-15,be,149.82
2022-11-16,be,149.45
2022-11-17,be,149.17
2022-11-18,be,149.08
2022-11-19,be,148.83
2022-11-20,be,148.66
2022-11-21,be,148.5
2022-11-22,be,148.28
2022-11-23,be,148.05
2022-11-24,be,147.79
2022-11-25,be,147.49
2022-11-26,be,147.21
2022-11-27,be,146.93
2022-11-28,be,146.77
2022-11-29,be,146.59
2022-11-30,be,146.41
2022-12-01,be,146.27
2022-12-02,be,146.14
2022-12-03,be,145.98
2022-12-04,be,145.85
2022-12-05,be,145.78
2022-12-06,be,145.7
2022-12-07,be,145.68
2022-12-08,be,145.6
2022-12-09,be,145.69
2022-12-10,be,145.64
2022-12-11,be,145.71
2022-12-12,be,145.64
2022-12-13,be,145.53
2022-12-14,be,145.25
2022-12-15,be,145.03
2022-12-16,be,144.66
2022-12-17,be,144.42
2022-12-18,be,144.04
2022-12-19,be,143.6
2022-12-20,be,143.24
2022-12-21,be,142.95
2022-12-22,be,142.67
2022-12-23,be,142.44
2022-12-24,be,142.28
2022-12-25,be,142.17
2022-12-26,be,142.21
2022-12-27,be,142.22
2022-12-28,be,142.31
2022-12-29,be,142.35
2022-12-30,be,142.31
2022-12-31,be,142.18
2023-01-01,be,141.95
2023-01-02,be,141.72
2023-01-03,be,141.61
2023-01-04,be,141.48
2023-01-05,be,141.45
2023-01-06,be,141.47
2023-01-07,be,141.51
2023-01-08,be,141.49
2023-01-09,be,141.34
2023-01-10,be,141.26
2023-01-11,be,141.14
2023-01-12,be,141
2023-01-13,be,140.96
2023-01-14,be,140.83
2023-01-15,be,140.96
2023-01-16,be,141.07
2023-01-17,be,140.96
2023-01-18,be,140.87
2023-01-19,be,140.8
2023-01-20,be,140.63
2023-01-21,be,140.48
2023-01-22,be,140.27
2023-01-23,be,140.04
2023-01-24,be,139.97
2023-01-25,be,139.85
2023-01-26,be,139.79
2023-01-27,be,139.63
2023-01-28,be,139.57
2023-01-29,be,139.47
2023-01-30,be,139.41
2023-01-31,be,139.23
2023-02-01,be,139.31
2023-02-02,be,139.22
2023-02-03,be,139.25
2023-02-04,be,139.33
2023-02-05,be,139.39
2023-02-06,be,139.42
2023-02-07,be,139.52
2023-02-08,be,139.42
2023-02-09,be,139.46
2023-02-10,be,139.45
2023-02-11,be,139.37
2023-02-12,be,139.24
2023-02-13,be,139.19
2023-02-14,be,138.83
2023-02-15,be,138.43
2023-02-16,be,138
2023-02-17,be,137.69
2023-02-18,be,137.32
2023-02-19,be,137.07
2023-02-20,be,136.66
2023-02-21,be,136.69
2023-02-22,be,136.93
2023-02-23,be,137.15
2023-02-24,be,137.08
2023-02-25,be,137.15
2023-02-26,be,137.02
2023-02-27,be,136.93
2023-02-28,be,136.61
2023-03-01,be,136.21
2023-03-02,be,135.92
2023-03-03,be,135.74
2023-03-04,be,135.53
2023-03-05,be,135.48
2023-03-06,be,135.48
2023-03-07,be,135.57
2023-03-08,be,135.58
2023-03-09,be,135.36
2023-03-10,be,135.35
2023-03-11,be,135.38
2023-03-12,be,135.43
2023-03-13,be,135.47
2023-03-14,be,135.44
2023-03-15,be,135.41
2023-03-16,be,135.51
2023-03-17,be,135.52
2023-03-18,be,135.47
2023-03-19,be,135.37
2023-03-20,be,135.36
2023-03-21,be,135.48
2023-03-22,be,135.59
2023-03-23,be,135.69
2023-03-24,be,135.67
2023-03-25,be,135.59
2023-03-26,be,135.49
2023-03-27,be,135.33
2023-03-28,be,135.06
2023-03-29,be,134.88
2023-03-30,be,134.66
2023-03-31,be,134.43
2023-04-01,be,134.25
2023-04-02,be,134.14
2023-04-03,be,134.02
2023-04-04,be,134.01
2023-04-05,be,134.01
2023-04-06,be,134.01
2023-04-07,be,134.27
2023-04-08,be,134.41
2023-04-09,be,134.41
2023-04-10,be,134.51
2023-04-11,be,134.47
2023-04-12,be,134.3
2023-04-13,be,134.16
2023-04-14,be,133.87
2023-04-15,be,133.62
2023-04-16,be,133.53
2023-04-17,be,133.25
2023-04-18,be,133.06
2023-04-19,be,133.01
2023-04-20,be,132.92
2023-04-21,be,132.82
2023-04-22,be,132.74
2023-04-23,be,132.65
2023-04-24,be,132.68
2023-04-25,be,132.75
2023-04-26,be,132.71
2023-04-27,be,132.64
2023-04-28,be,132.63
2023-04-29,be,132.58
2023-04-30,be,132.34
2023-05-01,be,132.11
2023-05-02,be,131.8
2023-05-03,be,131.56
2023-05-04,be,131.26
2023-05-05,be,130.82
2023-05-06,be,130.4
2023-05-07,be,130.15
2023-05-08,be,129.82
2023-05-09,be,129.64
2023-05-10,be,129.48
2023-05-11,be,129.51
2023-05-12,be,129.63
2023-05-13,be,129.83
2023-05-14,be,130.01
2023-05-15,be,130.2
2023-05-16,be,130.23
2023-05-17,be,130.36
2023-05-18,be,130.48
2023-05-19,be,130.47
2023-05-20,be,130.4
2023-05-21,be,130.34
2023-05-22,be,130.26
2023-05-23,be,130.18
2023-05-24,be,130.04
2023-05-25,be,129.79
2023-05-26,be,129.69
2023-05-27,be,129.67
2023-05-28,be,129.54
2023-05-29,be,129.6
2023-05-30,be,129.46
2023-05-31,be,129.22
2023-06-01,be,128.96
2023-06-02,be,128.62
2023-06-03,be,128.29
2023-06-04,be,127.95
2023-06-05,be,127.52
2023-06-06,be,127.35
2023-06-07,be,127.27
2023-06-08,be,127.31
2023-06-09,be,127.41
2023-06-10,be,127.48
2023-06-11,be,127.59
2023-06-12,be,127.65
2023-06-13,be,127.73
2023-06-14,be,127.82
2023-06-15,be,127.74
2023-06-16,be,127.67
2023-06-17,be,127.7
2023-06-18,be,127.75
2023-06-19,be,127.77
2023-06-20,be,127.73
2023-06-21,be,127.68
2023-06-22,be,127.79
2023-06-23,be,127.85
2023-06-24,be,127.79
2023-06-25,be,127.79
2023-06-26,be,127.82
2023-06-27,be,127.83
2023-06-28,be,127.81
2023-06-29,be,127.72
2023-06-30,be,127.74
2023-07-01,be,127.84
2023-07-02,be,127.9
2023-07-03,be,127.85
2023-07-04,be,127.85
2023-07-05,be,128.03
2023-07-06,be,128.16
2023-07-07,be,128.24
2023-07-08,be,128.25
2023-07-09,be,128.27
2023-07-10,be,128.36
2023-07-11,be,128.42
2023-07-12,be,128.32
2023-07-13,be,128.23
2023-07-14,be,128.14
2023-07-15,be,128.06
2023-07-16,be,128
2023-07-17,be,128
2023-07-18,be,127.91
2023-07-19,be,127.94
2023-07-20,be,127.94
2023-07-21,be,127.88
2023-07-22,be,127.85
2023-07-23,be,127.88
2023-07-24,be,127.94
2023-07-25,be,128.03
2023-07-26,be,128.04
2023-07-27,be,128.18
2023-07-28,be,128.29
2023-07-29,be,128.38
2023-07-30,be,128.37
2023-07-31,be,128.36
2023-08-01,be,128.3
2023-08-02,be,128.26
2023-08-03,be,128.13
2023-08-04,be,128.09
2023-08-05,be,128.04
2023-08-06,be,128.08
2023-08-07,be,128.07
2023-08-08,be,128.15
2023-08-09,be,128.16
2023-08-10,be,128.24
2023-08-11,be,128.26
2023-08-12,be,128.23
2023-08-13,be,128.18
2023-08-14,be,128.03
2023-08-15,be,127.96
2023-08-16,be,127.88
2023-08-17,be,127.77
2023-08-18,be,127.66
2023-08-19,be,127.64
2023-08-20,be,127.64
2023-08-21,be,127.69
2023-08-22,be,127.7
2023-08-23,be,127.66
2023-08-24,be,127.59
2023-08-25,be,127.52
2023-08-26,be,127.37
2023-08-27,be,127.12
2023-08-28,be,126.93
2023-08-29,be,126.71
2023-08-30,be,126.49
2023-08-31,be,126.31
2023-09-01,be,126.05
2023-09-02,be,125.9
2023-09-03,be,125.76
2023-09-04,be,125.6
2023-09-05,be,125.46
2023-09-06,be,125.42
2023-09-07,be,125.36
2023-09-08,be,125.45
2023-09-09,be,125.44
2023-09-10,be,125.52
2023-09-11,be,125.65
2023-09-12,be,125.75
2023-09-13,be,125.76
2023-09-14,be,125.71
2023-09-15,be,125.71
2023-09-16,be,125.65
2023-09-17,be,126.28
2023-09-18,be,126.63
2023-09-19,be,126.63
2023-09-20,be,127.22
2023-09-21,be,127.34
2023-09-22,be,127.33
2023-09-23,be,127.39
2023-09-24,be,126.6
2023-09-25,be,126.27
2023-09-26,be,126.18
2023-09-27,be,125.5
2023-09-28,be,125.4
2023-09-29,be,125.33
2023-09-30,be,125.27
2023-10-01,be,125.15
2023-10-02,be,124.98
2023-10-03,be,125.06
2023-10-04,be,125.14
2023-10-05,be,125.13
2023-10-06,be,125.13
2023-10-07,be,125.16
2023-10-08,be,125.37
2023-10-09,be,125.39
2023-10-10,be,125.37
2023-10-11,be,125.35
2023-10-12,be,125.24
2023-10-13,be,125.24
2023-10-14,be,125.2
2023-10-15,be,125.17
2023-10-16,be,125.03
2023-10-17,be,124.9
2023-10-18,be,124.6
2023-10-19,be,124.48
2023-10-20,be,124.29
2023-10-21,be,124.08
2023-10-22,be,123.88
2023-10-23,be,123.72
2023-10-24,be,123.58
2023-10-25,be,123.83
2023-10-26,be,124.06
2023-10-27,be,124.08
2023-10-28,be,124.2
2023-10-29,be,124.21
2023-10-30,be,124.35
2023-10-31,be,124.38
2023-11-01,be,124.2
2023-11-02,be,123.94
2023-11-03,be,123.92
2023-11-04,be,123.85
2023-11-05,be,123.82
2023-11-06,be,123.75
2023-11-07,be,123.68
2023-11-08,be,123.66
2023-11-09,be,123.65
2023-11-10,be,123.59
2023-11-11,be,123.44
2023-11-12,be,123.28
2023-11-13,be,123.16
2023-11-14,be,122.95
2023-11-15,be,122.77
2023-11-16,be,122.6
2023-11-17,be,122.41
2023-11-18,be,122.26
2023-11-19,be,122.2
2023-11-20,be,122.11
2023-11-21,be,122.08
2023-11-22,be,122.01
2023-11-23,be,122.03
2023-11-24,be,122.07
2023-11-25,be,122.11
2023-11-26,be,122.02
2023-11-27,be,121.92
2023-11-28,be,121.86
2023-11-29,be,121.67
2023-11-30,be,121.57
2023-12-01,be,121.46
2023-12-02,be,121.35
2023-12-03,be,121.31
2023-12-04,be,121.18
2023-12-05,be,121.03
2023-12-06,be,121.05
2023-12-07,be,120.96
2023-12-08,be,120.85
2023-12-09,be,120.71
2023-12-10,be,120.6
2023-12-11,be,120.58
2023-12-12,be,120.48
2023-12-13,be,120.46
2023-12-14,be,120.38
2023-12-15,be,120.28
2023-12-16,be,120.18
2023-12-17,be,120.07
2023-12-18,be,119.92
2023-12-19,be,119.87
2023-12-20,be,119.83
2023-12-21,be,119.72
2023-12-22,be,119.7
2023-12-23,be,119.64
2023-12-24,be,119.58
2023-12-25,be,119.7
2023-12-26,be,119.75
2023-12-27,be,119.7
2023-12-28,be,119.71
2023-12-29,be,119.67
2023-12-30,be,119.61
2023-12-31,be,119.6
2024-01-01,be,119.39
2024-01-02,be,119.22
2024-01-03,be,119.06
2024-01-04,be,118.91
2024-01-05,be,118.8
2024-01-06,be,118.79
2024-01-07,be,118.68
2024-01-08,be,118.59
2024-01-09,be,118.56
2024-01-10,be,118.4
2024-01-11,be,118.22
2024-01-12,be,118
2024-01-13,be,117.74
2024-01-14,be,117.48
2024-01-15,be,117.06
2024-01-16,be,116.66
2024-01-17,be,116.35
2024-01-18,be,116.02
2024-01-19,be,115.7
2024-01-20,be,115.43
2024-01-21,be,115.16
2024-01-22,be,115.03
2024-01-23,be,114.87
2024-01-24,be,114.73
2024-01-25,be,114.65
2024-01-26,be,114.38
2024-01-27,be,114.19
2024-01-28,be,114.03
2024-01-29,be,113.9
2024-01-30,be,113.79
2024-01-31,be,113.58
2024-02-01,be,113.3
2024-02-02,be,113.29
2024-02-03,be,113.17
2024-02-04,be,113.04
2024-02-05,be,112.89
2024-02-06,be,112.76
2024-02-07,be,112.68
2024-02-08,be,112.63
2024-02-09,be,112.54
2024-02-10,be,112.49
2024-02-11,be,112.42
2024-02-12,be,112.42
2024-02-13,be,112.36
2024-02-14,be,112.31
2024-02-15,be,112.24
2024-02-16,be,112.34
2024-02-17,be,112.41
2024-02-18,be,112.6
2024-02-19,be,112.73
2024-02-20,be,112.93
2024-02-21,be,113.07
2024-02-22,be,113.19
2024-02-23,be,113.09
2024-02-24,be,113.11
2024-02-25,be,113.02
2024-02-26,be,113.02
2024-02-27,be,112.98
2024-02-28,be,112.97
2024-02-29,be,113.08
2024-03-01,be,113.24
2024-03-02,be,113.22
2024-03-03,be,113.27
2024-03-04,be,113.2
2024-03-05,be,113.19
2024-03-06,be,113.06
2024-03-07,be,112.87
2024-03-08,be,112.76
2024-03-09,be,112.67
2024-03-10,be,112.45
2024-03-11,be,112.24
2024-03-12,be,112.03
2024-03-13,be,111.92
2024-03-14,be,111.84
2024-03-15,be,111.55
2024-03-16,be,111.44
2024-03-17,be,111.46
2024-03-18,be,111.6
2024-03-19,be,111.71
2024-03-20,be,111.87
2024-03-21,be,111.93
2024-03-22,be,112.22
2024-03-23,be,112.32
2024-03-24,be,112.37
2024-03-25,be,112.37
2024-03-26,be,112.24
2024-03-27,be,112.14
2024-03-28,be,112.11
2024-03-29,be,111.97
2024-03-30,be,111.89
2024-03-31,be,111.78
2024-04-01,be,111.72
2024-04-02,be,111.71
2024-04-03,be,111.68
2024-04-04,be,111.63
2024-04-05,be,111.48
2024-04-06,be,111.39
2024-04-07,be,111.3
2024-04-08,be,111.18
2024-04-09,be,111.14
2024-04-10,be,111.15
2024-04-11,be,111.17
2024-04-12,be,111.3
2024-04-13,be,111.43
2024-04-14,be,111.53
2024-04-15,be,111.62
2024-04-16,be,111.56
2024-04-17,be,111.53
2024-04-18,be,111.47
2024-04-19,be,111.37
2024-04-20,be,111.25
2024-04-21,be,111.12
2024-04-22,be,111
2024-04-23,be,111.02
2024-04-24,be,111
2024-04-25,be,111
2024-04-26,be,111.16
2024-04-27,be,111.23
2024-04-28,be,111.32
2024-04-29,be,111.33
2024-04-30,be,111.38
2024-05-01,be,111.47
2024-05-02,be,111.47
2024-05-03,be,111.33
2024-05-04,be,111.24
2024-05-05,be,111.21
2024-05-06,be,111.22
2024-05-07,be,111.12
2024-05-08,be,110.86
2024-05-09,be,110.83
2024-05-10,be,110.66
2024-05-11,be,110.63
2024-05-12,be,110.53
2024-05-13,be,110.42
2024-05-14,be,110.25
2024-05-15,be,110.26
2024-05-16,be,110.1
2024-05-17,be,110.04
2024-05-18,be,109.78
2024-05-19,be,109.62
2024-05-20,be,109.5
2024-05-21,be,109.32
2024-05-22,be,109.21
2024-05-23,be,109.17
2024-05-24,be,109.15
2024-05-25,be,109.22
2024-05-26,be,109.21
2024-05-27,be,109.15
2024-05-28,be,109.21
2024-05-29,be,109.2
2024-05-30,be,109.06
2024-05-31,be,108.96
2024-06-01,be,108.83
2024-06-02,be,108.73
2024-06-03,be,108.57
2024-06-04,be,108.4
2024-06-05,be,108.24
2024-06-06,be,108.24
2024-06-07,be,108.18
2024-06-08,be,108.05
2024-06-09,be,107.91
2024-06-10,be,107.88
2024-06-11,be,107.89
2024-06-12,be,107.79
2024-06-13,be,107.64
2024-06-14,be,107.48
2024-06-15,be,107.3
2024-06-16,be,107.16
2024-06-17,be,107.06
2024-06-18,be,106.87
2024-06-19,be,106.65
2024-06-20,be,106.5
2024-06-21,be,106.37
2024-06-22,be,106.3
2024-06-23,be,106.22
2024-06-24,be,106.05
2024-06-25,be,105.97
2024-06-26,be,105.9
2024-06-27,be,105.82
2024-06-28,be,105.67
2024-06-29,be,105.56
2024-06-30,be,105.56
2024-07-01,be,105.48
2024-07-02,be,105.39
2024-07-03,be,105.35
2024-07-04,be,105.28
2024-07-05,be,105.29
2024-07-06,be,105.3
2024-07-07,be,105.25
2024-07-08,be,105.23
2024-07-09,be,105.24
2024-07-10,be,105.19
2024-07-11,be,105.12
2024-07-12,be,104.97
2024-07-13,be,104.85
2024-07-14,be,104.75
2024-07-15,be,104.67
2024-07-16,be,104.58
2024-07-17,be,104.51
2024-07-18,be,104.36
2024-07-19,be,104.35
2024-07-20,be,104.3
2024-07-21,be,104.19
2024-07-22,be,104.15
2024-07-23,be,104.14
2024-07-24,be,104.07
2024-07-25,be,104.13
2024-07-26,be,104.03
2024-07-27,be,103.92
2024-07-28,be,103.84
2024-07-29,be,103.67
2024-07-30,be,103.43
2024-07-31,be,103.22
2024-08-01,be,102.94
2024-08-02,be,102.81
2024-08-03,be,102.72
2024-08-04,be,102.61
2024-08-05,be,102.48
2024-08-06,be,102.45
2024-08-07,be,102.46
2024-08-08,be,102.49
2024-08-09,be,102.33
2024-08-10,be,102.18
2024-08-11,be,101.99
2024-08-12,be,101.88
2024-08-13,be,101.73
2024-08-14,be,101.47
2024-08-15,be,101.25
2024-08-16,be,101.19
2024-08-17,be,101.09
2024-08-18,be,101.06
2024-08-19,be,101.04
2024-08-20,be,101.02
2024-08-21,be,100.97
2024-08-22,be,100.98
2024-08-23,be,100.95
2024-08-24,be,100.94
2024-08-25,be,100.9
2024-08-26,be,100.82
2024-08-27,be,100.85
2024-08-28,be,100.96
2024-08-29,be,101.03
2024-08-30,be,101.07
2024-08-31,be,101.1
2024-09-01,be,101.09
2024-09-02,be,101.15
2024-09-03,be,101.06
2024-09-04,be,100.97
2024-09-05,be,100.88
2024-09-06,be,100.8
2024-09-07,be,100.75
2024-09-08,be,100.63
2024-09-09,be,100.34
2024-09-10,be,100.06
2024-09-11,be,99.79
2024-09-12,be,99.6
2024-09-13,be,99.35
2024-09-14,be,99.13
2024-09-15,be,98.98
2024-09-16,be,98.93
2024-09-17,be,98.96
2024-09-18,be,99.08
2024-09-19,be,99.13
2024-09-20,be,99.21
2024-09-21,be,99.14
2024-09-22,be,99.03
2024-09-23,be,98.89
2024-09-24,be,98.72
2024-09-25,be,98.4
2024-09-26,be,98.14
2024-09-27,be,97.84
2024-09-28,be,97.69
2024-09-29,be,97.72
2024-09-30,be,97.73
2024-10-01,be,97.64
2024-10-02,be,97.43
2024-10-03,be,97.4
2024-10-04,be,97.45
2024-10-05,be,97.6
2024-10-06,be,97.61
2024-10-07,be,97.73
2024-10-08,be,97.84
2024-10-09,be,98.31
2024-10-10,be,98.55
2024-10-11,be,98.79
2024-10-12,be,98.91
2024-10-13,be,98.99
2024-10-14,be,99.03
2024-10-15,be,99.11
2024-10-16,be,99.02
2024-10-17,be,98.99
2024-10-18,be,98.83
2024-10-19,be,98.72
2024-10-20,be,98.69
2024-10-21,be,98.69
2024-10-22,be,98.74
2024-10-23,be,98.78
2024-10-24,be,98.67
2024-10-25,be,98.62
2024-10-26,be,98.5
2024-10-27,be,98.31
2024-10-28,be,98.11
2024-10-29,be,97.96
2024-10-30,be,97.85
2024-10-31,be,97.81
2024-11-01,be,97.79
2024-11-02,be,97.77
2024-11-03,be,97.79
2024-11-04,be,97.82
2024-11-05,be,97.8
2024-11-06,be,97.73
2024-11-07,be,97.65
2024-11-08,be,97.6
2024-11-09,be,97.54
2024-11-10,be,97.44
2024-11-11,be,97.38
2024-11-12,be,97.29
2024-11-13,be,97.23
2024-11-14,be,97.16
2024-11-15,be,97.16
2024-11-16,be,97.16
2024-11-17,be,97.18
2024-11-18,be,97.14
2024-11-19,be,97.15
2024-11-20,be,97.14
2024-11-21,be,97.09
2024-11-22,be,97.03
2024-11-23,be,96.95
2024-11-24,be,96.88
2024-11-25,be,96.76
2024-11-26,be,96.7
2024-11-27,be,96.62
2024-11-28,be,96.5
2024-11-29,be,96.32
2024-11-30,be,96.25
2024-12-01,be,96.18
2024-12-02,be,96.18
2024-12-03,be,96.15
2024-12-04,be,96.13
2024-12-05,be,96.18
2024-12-06,be,96.32
2024-12-07,be,96.34
2024-12-08,be,96.34
2024-12-09,be,96.3
2024-12-10,be,96.26
2024-12-11,be,96.18
2024-12-12,be,96.14
2024-12-13,be,96.07
2024-12-14,be,96.07
2024-12-15,be,96.14
2024-12-16,be,96.25
2024-12-17,be,96.33
2024-12-18,be,96.39
2024-12-19,be,96.44
2024-12-20,be,96.48
2024-12-21,be,96.52
2024-12-22,be,96.45
2024-12-23,be,96.43
2024-12-24,be,96.42
2024-12-25,be,96.49
2024-12-26,be,96.6
2024-12-27,be,96.61
2024-12-28,be,96.5
2024-12-29,be,96.45
2024-12-30,be,96.44
2024-12-31,be,96.43
2025-01-01,be,96.41
2025-01-02,be,96.41
2025-01-03,be,96.43
2025-01-04,be,96.52
2025-01-05,be,96.57
2025-01-06,be,96.51
2025-01-07,be,96.38
2025-01-08,be,96.3
2025-01-09,be,96.17
2025-01-10,be,96.04
2025-01-11,be,95.86
2025-01-12,be,95.75
2025-01-13,be,95.66
2025-01-14,be,95.55
2025-01-15,be,95.41
2025-01-16,be,95.26
2025-01-17,be,95.13
2025-01-18,be,95.1
2025-01-19,be,95.05
2025-01-20,be,94.99
2025-01-21,be,95.2
2025-01-22,be,95.29
2025-01-23,be,95.38
2025-01-24,be,95.26
2025-01-25,be,95.22
2025-01-26,be,95.01
2025-01-27,be,94.9
2025-01-28,be,94.56
2025-01-29,be,94.28
2025-01-30,be,94.04
2025-01-31,be,93.99
2025-02-01,be,93.87
2025-02-02,be,93.92
2025-02-03,be,93.88
2025-02-04,be,93.88
2025-02-05,be,93.94
2025-02-06,be,93.94
2025-02-07,be,93.9
2025-02-08,be,93.79
2025-02-09,be,93.67
2025-02-10,be,93.57
2025-02-11,be,93.41
2025-02-12,be,93.21
2025-02-13,be,92.83
2025-02-14,be,92.68
2025-02-15,be,92.5
2025-02-16,be,92.41
2025-02-17,be,92.34
2025-02-18,be,92.29
2025-02-19,be,92.19
2025-02-20,be,92.26
2025-02-21,be,92.18
2025-02-22,be,92.09
2025-02-23,be,91.89
2025-02-24,be,91.69
2025-02-25,be,91.46
2025-02-26,be,91.31
2025-02-27,be,91.21
2025-02-28,be,91.14
2025-03-01,be,91.06
2025-03-02,be,91.01
2025-03-03,be,90.95
2025-03-04,be,90.94
2025-03-05,be,90.85
2025-03-06,be,90.81
2025-03-07,be,90.74
2025-03-08,be,90.74
2025-03-09,be,90.71
2025-03-10,be,90.65
2025-03-11,be,90.52
2025-03-12,be,90.47
2025-03-13,be,90.35
2025-03-14,be,90.2
2025-03-15,be,90.11
2025-03-16,be,89.99
2025-03-17,be,89.97
2025-03-18,be,90
2025-03-19,be,90.09
2025-03-20,be,90.19
2025-03-21,be,90.31
2025-03-22,be,90.31
2025-03-23,be,90.36
2025-03-24,be,90.32
2025-03-25,be,90.32
2025-03-26,be,90.27
2025-03-27,be,90.19
2025-03-28,be,90.11
2025-03-29,be,90.09
2025-03-30,be,90.05
2025-03-31,be,90
2025-04-01,be,89.95
2025-04-02,be,89.88
2025-04-03,be,89.85
2025-04-04,be,89.85
2025-04-05,be,89.9
2025-04-06,be,89.91
2025-04-07,be,89.93
2025-04-08,be,89.92
2025-04-09,be,89.89
2025-04-10,be,89.81
2025-04-11,be,89.67
2025-04-12,be,89.45
2025-04-13,be,89.35
2025-04-14,be,89.25
2025-04-15,be,89.19
2025-04-16,be,89.18
2025-04-17,be,89.2
2025-04-18,be,89.29
2025-04-19,be,89.4
2025-04-20,be,89.44
2025-04-21,be,89.53
2025-04-22,be,89.45
2025-04-23,be,89.39
2025-04-24,be,89.31
2025-04-25,be,89.17
2025-04-26,be,89.11
2025-04-27,be,88.98
2025-04-28,be,88.85
2025-04-29,be,88.9
2025-04-30,be,88.9
2025-05-01,be,88.96
2025-05-02,be,89.03
2025-05-03,be,89.02
2025-05-04,be,89.04
2025-05-05,be,89.11
2025-05-06,be,89.04
2025-05-07,be,89.02
2025-05-08,be,89.03
2025-05-09,be,88.98
2025-05-10,be,88.95
2025-05-11,be,88.63
2025-05-12,be,88.28
2025-05-13,be,87.99
2025-05-14,be,87.7
2025-05-15,be,87.31
2025-05-16,be,87.06
2025-05-17,be,86.76
2025-05-18,be,86.85
2025-05-19,be,86.92
2025-05-20,be,87
2025-05-21,be,87.04
2025-05-22,be,87.08
2025-05-23,be,87.09
2025-05-24,be,87.17
2025-05-25,be,87.13
2025-05-26,be,87.07
2025-05-27,be,86.98
2025-05-28,be,86.87
2025-05-29,be,86.82
2025-05-30,be,86.65
2025-05-31,be,86.46
2025-06-01,be,86.29
2025-06-02,be,86.1
2025-06-03,be,85.99
2025-06-04,be,85.89
2025-06-05,be,85.73
2025-06-06,be,85.57
2025-06-07,be,85.6
2025-06-08,be,85.63
2025-06-09,be,85.8
2025-06-10,be,85.79
2025-06-11,be,85.71
2025-06-12,be,85.68
2025-06-13,be,85.68
2025-06-14,be,85.51
2025-06-15,be,85.35
2025-06-16,be,85.01
2025-06-17,be,84.83
2025-06-18,be,84.69
2025-06-19,be,84.6
2025-06-20,be,84.55
2025-06-21,be,84.54
2025-06-22,be,84.48
2025-06-23,be,84.53
2025-06-24,be,84.55
2025-06-25,be,84.58
2025-06-26,be,84.5
2025-06-27,be,84.43
2025-06-28,be,84.33
2025-06-29,be,84.29
2025-06-30,be,84.26
2025-07-01,be,84.11
2025-07-02,be,83.93
2025-07-03,be,83.8
2025-07-04,be,83.67
2025-07-05,be,83.57
2025-07-06,be,83.4
2025-07-07,be,83.2
2025-07-08,be,83.07
2025-07-09,be,82.96
2025-07-10,be,82.82
2025-07-11,be,82.7
2025-07-12,be,82.61
2025-07-13,be,82.52
2025-07-14,be,82.36
2025-07-15,be,82.32
2025-07-16,be,82.32
2025-07-17,be,82.35
2025-07-18,be,82.38
2025-07-19,be,82.26
2025-07-20,be,82.22
2025-07-21,be,82.25
2025-07-22,be,82.21
2025-07-23,be,82.06
2025-07-24,be,81.89
2025-07-25,be,81.7
2025-07-26,be,81.67
2025-07-27,be,81.51
2025-07-28,be,81.4
2025-07-29,be,81.18
2025-07-30,be,81.11
2025-07-31,be,81.08
2025-08-01,be,80.81
2025-08-02,be,80.61
2025-08-03,be,80.48
2025-08-04,be,80.31
2025-08-05,be,80.12
2025-08-06,be,79.96
2025-08-07,be,79.82
2025-08-08,be,79.99
2025-08-09,be,79.91
2025-08-10,be,79.86
2025-08-11,be,79.83
2025-08-12,be,79.9
2025-08-13,be,79.93
2025-08-14,be,79.85
2025-08-15,be,79.74
2025-08-16,be,79.71
2025-08-17,be,79.6
2025-08-18,be,79.5
2025-08-19,be,79.49
2025-08-20,be,79.43
2025-08-21,be,79.37
2025-08-22,be,79.42
2025-08-23,be,79.53
2025-08-24,be,79.7
2025-08-25,be,79.84
2025-08-26,be,79.81
2025-08-27,be,79.86
2025-08-28,be,80.03
2025-08-29,be,79.92
2025-08-30,be,79.77
2025-08-31,be,79.62
2025-09-01,be,79.53
2025-09-02,be,79.51
2025-09-03,be,79.41
2025-09-04,be,79.31
2025-09-05,be,79.29
2025-09-06,be,79.31
2025-09-07,be,79.27
2025-09-08,be,79.22
2025-09-09,be,79.17
2025-09-10,be,79.15
2025-09-11,be,79.13
2025-09-12,be,79.11
2025-09-13,be,79.07
2025-09-14,be,79.1
2025-09-15,be,79.03
2025-09-16,be,78.89
2025-09-17,be,78.85
2025-09-18,be,78.84
2025-09-19,be,78.85
2025-09-20,be,78.82
2025-09-21,be,78.66
2025-09-22,be,78.53
2025-09-23,be,78.49
2025-09-24,be,78.35
2025-09-25,be,78.14
2025-09-26,be,77.95
2025-09-27,be,77.78
2025-09-28,be,77.79
2025-09-29,be,77.84
2025-09-30,be,77.92
2025-10-01,be,78
2025-10-02,be,78.24
2025-10-03,be,78.47
2025-10-04,be,78.74
2025-10-05,be,79.09
2025-10-06,be,79.46
2025-10-07,be,79.77
2025-10-08,be,80.11
2025-10-09,be,80.21
2025-10-10,be,80.32
2025-10-11,be,80.39
2025-10-12,be,80.31
2025-10-13,be,80.15
2025-10-14,be,80.04
2025-10-15,be,79.89
2025-10-16,be,79.8
2025-10-17,be,79.65
2025-10-18,be,79.61
2025-10-19,be,79.64
2025-10-20,be,79.67
2025-10-21,be,79.62
2025-10-22,be,79.69
2025-10-23,be,79.75
2025-10-24,be,79.85
2025-10-25,be,79.82
2025-10-26,be,79.74
2025-10-27,be,79.69
2025-10-28,be,79.67
2025-10-29,be,79.54
2025-10-30,be,79.44
2025-10-31,be,79.33
2025-11-01,be,79.13
2025-11-02,be,78.96
2025-11-03,be,78.8
2025-11-04,be,78.74
2025-11-05,be,78.66
2025-11-06,be,78.6
2025-11-07,be,78.53
2025-11-08,be,78.61
2025-11-09,be,78.69
2025-11-10,be,78.82
2025-11-11,be,78.93
2025-11-12,be,79.06
2025-11-13,be,79.17
2025-11-14,be,79.3
2025-11-15,be,79.51
2025-11-16,be,79.68
2025-11-17,be,79.8
2025-11-18,be,80.03
2025-11-19,be,80.19
2025-11-20,be,80.41
2025-11-21,be,80.62
2025-11-22,be,80.75
2025-11-23,be,80.82
2025-11-24,be,80.92
2025-11-25,be,80.89
2025-11-26,be,80.95
2025-11-27,be,80.99
2025-11-28,be,81.03
2025-11-29,be,81.15
2025-11-30,be,81.25
2025-12-01,be,81.32
2025-12-02,be,81.39
2025-12-03,be,81.41
2025-12-04,be,81.35
2025-12-05,be,81.22
2025-12-06,be,80.97
2025-12-07,be,80.75
2025-12-08,be,80.59
2025-12-09,be,80.34
2025-12-10,be,80.23
2025-12-11,be,80.1
2025-12-12,be,80.06
2025-12-13,be,80.08
2025-12-14,be,80.18
2025-12-15,be,80.27
2025-12-16,be,80.38
2025-12-17,be,80.48
2025-12-18,be,80.63
2025-12-19,be,80.75
2025-12-20,be,80.82
2025-12-21,be,80.88
2025-12-22,be,80.96
2025-12-23,be,81.09
2025-12-24,be,81.12
2025-12-25,be,81.15
2025-12-26,be,81.16
2025-12-27,be,81.13
2025-12-28,be,81.14
2025-12-29,be,81.18
2025-12-30,be,81.22
2025-12-31,be,81.25
2026-01-01,be,81.29
2026-01-02,be,81.37
2026-01-03,be,81.4
2026-01-04,be,81.34
2026-01-05,be,81.18
2026-01-06,be,81.11
2026-01-07,be,81.14
2026-01-08,be,81.25
2026-01-09,be,81.41
2026-01-10,be,81.57
2026-01-11,be,81.69
2026-01-12,be,81.89
2026-01-13,be,82.05
2026-01-14,be,82.02
2026-01-15,be,82.01
2026-01-16,be,82.06
2026-01-17,be,82.11
2026-01-18,be,82.23
2026-01-19,be,82.25
2026-01-20,be,82.25
2026-01-21,be,82.33
2026-01-22,be,82.37
2026-01-23,be,82.24
2026-01-24,be,82.23
2026-01-25,be,82.28
2026-01-26,be,82.33
2026-01-27,be,82.31
2026-01-28,be,82.29
2026-01-29,be,82.28
2026-01-30,be,82.37
2026-01-31,be,82.39
2026-02-01,be,82.3
2026-02-02,be,82.24
2026-02-03,be,82.24
2026-02-04,be,82.28
2026-02-05,be,82.3
2026-02-06,be,82.27
2026-02-07,be,82.28
2026-02-08,be,82.38
2026-02-09,be,82.52
2026-02-10,be,82.66
2026-02-11,be,82.8
2026-02-12,be,82.93
2026-02-13,be,83.07
2026-02-14,be,83.21
2026-02-15,be,83.35
2026-02-16,be,83.49
2026-02-17,be,83.63
2026-02-18,be,83.77
2026-02-19,be,83.9
2026-02-20,be,84.04
2026-02-21,be,84.18
2026-02-22,be,84.32
2026-02-23,be,84.46
2026-02-24,be,84.6
2026-02-25,be,84.74
2026-02-26,be,84.85
2026-02-27,be,84.92
2026-02-28,be,84.97
2026-03-01,be,84.98
2026-03-02,be,84.82
2026-03-03,be,84.84
2026-03-04,be,84.8
2026-03-05,be,84.86
2026-03-06,be,84.9
2026-03-07,be,84.89
2026-03-08,be,84.82
2026-03-09,be,84.94
2026-03-10,be,84.82
2026-03-11,be,84.56
2026-03-12,be,84.2
2026-03-13,be,83.95
2026-03-14,be,83.71
2026-03-15,be,83.48
2026-03-16,be,83.32
2026-03-17,be,83.13
2026-03-18,be,83.08
2026-03-19,be,82.97
2026-03-20,be,82.72
2026-03-21,be,82.49
2026-03-22,be,82.29
2026-03-23,be,81.93
2026-03-24,be,81.5
2026-03-25,be,81.03
2026-03-26,be,80.64
2026-03-27,be,80.37
2026-03-28,be,80.19
2026-03-29,be,80.03
2026-03-30,be,79.95
2026-03-31,be,79.93
2026-04-01,be,79.86
2026-04-02,be,79.8
2026-04-03,be,79.73
2026-04-04,be,79.51
2026-04-05,be,79.23
2026-04-06,be,78.88
2026-04-07,be,78.57
2026-04-08,be,78.48
2026-04-09,be,78.4
2026-04-10,be,78.27
2026-04-11,be,78.26
2026-04-12,be,78.2
2026-04-13,be,78.21
2026-04-14,be,78.18
2026-04-15,be,78.09
2026-04-16,be,77.92
2026-04-17,be,77.7
2026-04-18,be,77.45
2026-04-19,be,77.33
2026-04-20,be,77.22
2026-04-21,be,77.26
2026-04-22,be,77.36
2026-04-23,be,77.36
2026-04-24,be,77.46
2026-04-25,be,77.56
2026-04-26,be,77.59
2026-04-27,be,77.61
2026-04-28,be,77.52
2026-04-29,be,77.33
2026-04-30,be,77.44
2026-05-01,be,77.48
2026-05-02,be,77.51
2026-05-03,be,77.54
2026-05-04,be,77.54
2026-05-05,be,77.64
2026-05-06,be,77.63
2026-05-07,be,77.51
2026-05-08,be,77.41
2026-05-09,be,77.42
2026-05-10,be,77.42
2026-05-11,be,77.42
2026-05-12,be,77.32
2026-05-13,be,77.33
2026-05-14,be,77.33
2026-05-15,be,77.28
2026-05-16,be,77.12
2026-05-17,be,77.06
2026-05-18,be,77.06
2026-05-19,be,77.05
2026-05-20,be,77.09
2026-05-21,be,77.1
2026-05-22,be,77.16
2026-05-23,be,77.14
2026-05-24,be,77.06
2026-05-25,be,76.85
2026-05-26,be,76.58
2026-05-27,be,76.22
2026-05-28,be,75.85
2026-05-29,be,75.54
2026-05-30,be,75.46
2026-05-31,be,75.31
2026-06-01,be,75.16
2026-06-02,be,75.08
2026-06-03,be,75.05
2026-06-04,be,75.16
2026-06-05,be,75.21
2026-06-06,be,75.28
2026-06-07,be,75.37
2026-06-08,be,75.38
2026-06-09,be,75.46
2026-06-10,be,75.49
2026-06-11,be,75.49
2026-06-12,be,75.59
2026-06-13,be,75.68
2026-06-14,be,75.83
2026-06-15,be,75.91
2026-06-16,be,75.96
2026-06-17,be,76.16
2026-06-18,be,76.3
2026-06-19,be,76.45
2026-06-20,be,76.51
2026-06-21,be,76.57
2026-06-22,be,76.66
2026-06-23,be,76.64
2026-06-24,be,76.55
2026-06-25,be,76.43
2026-06-26,be,76.18
2026-06-27,be,76.01
2026-06-28,be,75.77
2026-06-29,be,75.68
2026-06-30,be,75.61
2026-07-01,be,75.51
2026-07-02,be,75.43
2026-07-03,be,75.36
2026-07-04,be,75.33
2026-07-05,be,75.31
2026-07-06,be,75.16
2026-07-07,be,75.18
2026-07-08,be,75.14
2026-07-09,be,75.04
2026-07-10,be,75.05
2026-07-11,be,75.12
2026-07-12,be,75.18
2026-07-13,be,75.28
2026-07-14,be,75.25
2026-07-15,be,75.31
2026-07-16,be,75.47
2026-07-17,be,75.56
2026-07-18,be,75.6
2026-07-19,be,75.66
2026-07-20,be,75.74
2026-07-21,be,75.92
2026-07-22,be,76.05
2026-07-23,be,75.99
2026-07-24,be,76.03
2026-07-25,be,76.1
2026-07-26,be,76.2
2026-07-27,be,76.17
2026-07-28,be,76.12
2026-07-29,be,76.01
2026-07-30,be,76.01
2026-07-31,be,75.87
2026-08-01,be,75.63
2026-08-02,be,75.37
2026-08-03,be,75.19
2026-08-04,be,75.11
2026-08-05,be,75.01
2026-08-06,be,74.98
2026-08-07,be,75
2026-08-08,be,75.15
2026-08-09,be,75.17
2026-08-10,be,75.21
2026-08-11,be,75.15
2026-08-12,be,75.11
2026-08-13,be,75.02
2026-08-14,be,74.95
2026-08-15,be,74.8
2026-08-16,be,74.73
2026-08-17,be,74.59
2026-08-18,be,74.5
2026-08-19,be,74.5
2026-08-20,be,74.52
2026-08-21,be,74.5
2026-08-22,be,74.49
2026-08-23,be,74.51
2026-08-24,be,74.54
2026-08-25,be,74.59
2026-08-26,be,74.58
2026-08-27,be,74.55
2026-08-28,be,74.55
2026-08-29,be,74.57
2026-08-30,be,74.59
2026-08-31,be,74.62
2026-09-01,be,74.64
2026-09-02,be,74.81
2026-09-03,be,74.93
2026-09-04,be,75.03
2026-09-05,be,75.12
2026-09-06,be,75.19
2026-09-07,be,75.21
2026-09-08,be,75.22
2026-09-09,be,75.04
2026-09-10,be,74.99
2026-09-11,be,74.92
2026-09-12,be,74.84
2026-09-13,be,74.71
2026-09-14,be,74.64
2026-09-15,be,74.55
2026-09-16,be,74.47
2026-09-17,be,74.38
2026-09-18,be,74.35
2020-02-01,bw,100
2020-02-02,bw,99.95
2020-02-03,bw,99.97
2020-02-04,bw,99.88
2020-02-05,bw,99.95
2020-02-06,bw,99.93
2020-02-07,bw,99.98
2020-02-08,bw,100.02
2020-02-09,bw,100.04
2020-02-10,bw,99.97
2020-02-11,bw,99.86
2020-02-12,bw,99.71
2020-02-13,bw,99.65
2020-02-14,bw,99.57
2020-02-15,bw,99.61
2020-02-16,bw,99.64
2020-02-17,bw,99.86
2020-02-18,bw,100.07
2020-02-19,bw,100.24
2020-02-20,bw,100.36
2020-02-21,bw,100.45
2020-02-22,bw,100.33
2020-02-23,bw,100.26
2020-02-24,bw,100.21
2020-02-25,bw,100.26
2020-02-26,bw,100.61
2020-02-27,bw,100.91
2020-02-28,bw,101.26
2020-02-29,bw,101.66
2020-03-01,bw,101.94
2020-03-02,bw,102.06
2020-03-03,bw,102.28
2020-03-04,bw,102.11
2020-03-05,bw,101.83
2020-03-06,bw,101.58
2020-03-07,bw,101.46
2020-03-08,bw,101.28
2020-03-09,bw,101.08
2020-03-10,bw,100.8
2020-03-11,bw,100.61
2020-03-12,bw,100.6
2020-03-13,bw,100.41
2020-03-14,bw,100.03
2020-03-15,bw,99.79
2020-03-16,bw,99.53
2020-03-17,bw,99.14
2020-03-18,bw,98.78
2020-03-19,bw,98.26
2020-03-20,bw,97.69
2020-03-21,bw,97.2
2020-03-22,bw,96.69
2020-03-23,bw,96.16
2020-03-24,bw,95.69
2020-03-25,bw,95.23
2020-03-26,bw,94.76
2020-03-27,bw,94.36
2020-03-28,bw,93.9
2020-03-29,bw,93.42
2020-03-30,bw,92.97
2020-03-31,bw,92.45
2020-04-01,bw,91.78
2020-04-02,bw,91.17
2020-04-03,bw,90.32
2020-04-04,bw,89.54
2020-04-05,bw,88.92
2020-04-06,bw,88.19
2020-04-07,bw,87.67
2020-04-08,bw,87.22
2020-04-09,bw,86.72
2020-04-10,bw,86.29
2020-04-11,bw,85.86
2020-04-12,bw,85.28
2020-04-13,bw,85.06
2020-04-14,bw,84.9
2020-04-15,bw,84.81
2020-04-16,bw,84.72
2020-04-17,bw,84.73
2020-04-18,bw,84.75
2020-04-19,bw,84.79
2020-04-20,bw,84.75
2020-04-21,bw,84.44
2020-04-22,bw,84.1
2020-04-23,bw,83.79
2020-04-24,bw,83.76
2020-04-25,bw,83.71
2020-04-26,bw,83.65
2020-04-27,bw,83.45
2020-04-28,bw,83.14
2020-04-29,bw,82.98
2020-04-30,bw,82.7
2020-05-01,bw,82.49
2020-05-02,bw,82.47
2020-05-03,bw,82.38
2020-05-04,bw,82.26
2020-05-05,bw,82.28
2020-05-06,bw,82.12
2020-05-07,bw,82.22
2020-05-08,bw,82.18
2020-05-09,bw,81.85
2020-05-10,bw,81.48
2020-05-11,bw,81.28
2020-05-12,bw,81.2
2020-05-13,bw,81.21
2020-05-14,bw,81.1
2020-05-15,bw,80.91
2020-05-16,bw,80.83
2020-05-17,bw,80.81
2020-05-18,bw,80.71
2020-05-19,bw,80.53
2020-05-20,bw,80.38
2020-05-21,bw,80.43
2020-05-22,bw,80.74
2020-05-23,bw,81.02
2020-05-24,bw,81.35
2020-05-25,bw,81.61
2020-05-26,bw,81.97
2020-05-27,bw,82.27
2020-05-28,bw,82.53
2020-05-29,bw,82.64
2020-05-30,bw,82.75
2020-05-31,bw,82.84
2020-06-01,bw,83
2020-06-02,bw,83.06
2020-06-03,bw,83.19
2020-06-04,bw,83.16
2020-06-05,bw,83.16
2020-06-06,bw,82.87
2020-06-07,bw,82.49
2020-06-08,bw,82.32
2020-06-09,bw,82.3
2020-06-10,bw,82.13
2020-06-11,bw,82.12
2020-06-12,bw,82.07
2020-06-13,bw,82.24
2020-06-14,bw,82.56
2020-06-15,bw,82.6
2020-06-16,bw,82.56
2020-06-17,bw,82.57
2020-06-18,bw,82.48
2020-06-19,bw,82.35
2020-06-20,bw,82.32
2020-06-21,bw,82.09
2020-06-22,bw,81.89
2020-06-23,bw,81.64
2020-06-24,bw,81.49
2020-06-25,bw,81.28
2020-06-26,bw,80.97
2020-06-27,bw,80.79
2020-06-28,bw,80.72
2020-06-29,bw,80.6
2020-06-30,bw,80.5
2020-07-01,bw,80.32
2020-07-02,bw,80.18
2020-07-03,bw,80.08
2020-07-04,bw,79.96
2020-07-05,bw,79.8
2020-07-06,bw,79.7
2020-07-07,bw,79.69
2020-07-08,bw,79.74
2020-07-09,bw,79.78
2020-07-10,bw,79.88
2020-07-11,bw,79.88
2020-07-12,bw,79.97
2020-07-13,bw,79.99
2020-07-14,bw,80.05
2020-07-15,bw,80.07
2020-07-16,bw,80.09
2020-07-17,bw,80.15
2020-07-18,bw,80.19
2020-07-19,bw,80.27
2020-07-20,bw,80.25
2020-07-21,bw,80.08
2020-07-22,bw,80.07
2020-07-23,bw,80.1
2020-07-24,bw,80.05
2020-07-25,bw,80.2
2020-07-26,bw,80.41
2020-07-27,bw,80.66
2020-07-28,bw,80.97
2020-07-29,bw,81.02
2020-07-30,bw,80.98
2020-07-31,bw,81.07
2020-08-01,bw,81.02
2020-08-02,bw,80.87
2020-08-03,bw,80.78
2020-08-04,bw,80.67
2020-08-05,bw,80.65
2020-08-06,bw,80.93
2020-08-07,bw,81.08
2020-08-08,bw,81.27
2020-08-09,bw,81.52
2020-08-10,bw,81.72
2020-08-11,bw,81.88
2020-08-12,bw,82.07
2020-08-13,bw,82.25
2020-08-14,bw,82.34
2020-08-15,bw,82.32
2020-08-16,bw,82.33
2020-08-17,bw,82.32
2020-08-18,bw,82.37
2020-08-19,bw,82.42
2020-08-20,bw,82.32
2020-08-21,bw,82.33
2020-08-22,bw,82.35
2020-08-23,bw,82.3
2020-08-24,bw,82.36
2020-08-25,bw,82.48
2020-08-26,bw,82.63
2020-08-27,bw,82.78
2020-08-28,bw,82.93
2020-08-29,bw,83.23
2020-08-30,bw,83.51
2020-08-31,bw,83.85
2020-09-01,bw,84.13
2020-09-02,bw,84.35
2020-09-03,bw,84.54
2020-09-04,bw,84.71
2020-09-05,bw,84.88
2020-09-06,bw,85.04
2020-09-07,bw,85.08
2020-09-08,bw,85.11
2020-09-09,bw,85.17
2020-09-10,bw,85.17
2020-09-11,bw,85.25
2020-09-12,bw,85.18
2020-09-13,bw,84.98
2020-09-14,bw,84.94
2020-09-15,bw,84.87
2020-09-16,bw,84.88
2020-09-17,bw,84.87
2020-09-18,bw,84.9
2020-09-19,bw,84.97
2020-09-20,bw,85.17
2020-09-21,bw,85.22
2020-09-22,bw,85.31
2020-09-23,bw,85.41
2020-09-24,bw,85.45
2020-09-25,bw,85.48
2020-09-26,bw,85.51
2020-09-27,bw,85.63
2020-09-28,bw,85.85
2020-09-29,bw,85.87
2020-09-30,bw,85.72
2020-10-01,bw,85.9
2020-10-02,bw,86.15
2020-10-03,bw,86.4
2020-10-04,bw,86.66
2020-10-05,bw,86.87
2020-10-06,bw,87.34
2020-10-07,bw,87.87
2020-10-08,bw,88.18
2020-10-09,bw,88.38
2020-10-10,bw,88.61
2020-10-11,bw,88.79
2020-10-12,bw,88.89
2020-10-13,bw,88.92
2020-10-14,bw,89.03
2020-10-15,bw,89.18
2020-10-16,bw,89.18
2020-10-17,bw,89.21
2020-10-18,bw,89.23
2020-10-19,bw,89.31
2020-10-20,bw,89.4
2020-10-21,bw,89.54
2020-10-22,bw,89.6
2020-10-23,bw,89.77
2020-10-24,bw,89.87
2020-10-25,bw,90
2020-10-26,bw,90.15
2020-10-27,bw,90.24
2020-10-28,bw,90.25
2020-10-29,bw,90.43
2020-10-30,bw,90.48
2020-10-31,bw,90.46
2020-11-01,bw,90.45
2020-11-02,bw,90.43
2020-11-03,bw,90.41
2020-11-04,bw,90.35
2020-11-05,bw,90.13
2020-11-06,bw,90.05
2020-11-07,bw,90.07
2020-11-08,bw,90.1
2020-11-09,bw,90.11
2020-11-10,bw,90.15
2020-11-11,bw,90.25
2020-11-12,bw,90.33
2020-11-13,bw,90.45
2020-11-14,bw,90.45
2020-11-15,bw,90.47
2020-11-16,bw,90.47
2020-11-17,bw,90.43
2020-11-18,bw,90.42
2020-11-19,bw,90.42
2020-11-20,bw,90.37
2020-11-21,bw,90.34
2020-11-22,bw,90.24
2020-11-23,bw,90.16
2020-11-24,bw,89.93
2020-11-25,bw,89.9
2020-11-26,bw,89.95
2020-11-27,bw,89.96
2020-11-28,bw,90.06
2020-11-29,bw,90.18
2020-11-30,bw,90.3
2020-12-01,bw,90.67
2020-12-02,bw,90.78
2020-12-03,bw,90.82
2020-12-04,bw,91.05
2020-12-05,bw,91.16
2020-12-06,bw,91.24
2020-12-07,bw,91.32
2020-12-08,bw,91.32
2020-12-09,bw,91.34
2020-12-10,bw,91.37
2020-12-11,bw,91.3
2020-12-12,bw,91.26
2020-12-13,bw,91.32
2020-12-14,bw,91.39
2020-12-15,bw,91.5
2020-12-16,bw,91.6
2020-12-17,bw,91.67
2020-12-18,bw,91.67
2020-12-19,bw,91.73
2020-12-20,bw,91.72
2020-12-21,bw,91.71
2020-12-22,bw,91.7
2020-12-23,bw,91.71
2020-12-24,bw,91.82
2020-12-25,bw,91.97
2020-12-26,bw,92.04
2020-12-27,bw,92.12
2020-12-28,bw,92.29
2020-12-29,bw,92.37
2020-12-30,bw,92.47
2020-12-31,bw,92.57
2021-01-01,bw,92.66
2021-01-02,bw,92.75
2021-01-03,bw,92.85
2021-01-04,bw,92.82
2021-01-05,bw,92.82
2021-01-06,bw,92.9
2021-01-07,bw,92.89
2021-01-08,bw,92.89
2021-01-09,bw,92.89
2021-01-10,bw,92.78
2021-01-11,bw,92.78
2021-01-12,bw,92.85
2021-01-13,bw,92.84
2021-01-14,bw,92.94
2021-01-15,bw,92.95
2021-01-16,bw,93.04
2021-01-17,bw,93.26
2021-01-18,bw,93.3
2021-01-19,bw,93.31
2021-01-20,bw,93.26
2021-01-21,bw,93.13
2021-01-22,bw,93.09
2021-01-23,bw,93.05
2021-01-24,bw,93.01
2021-01-25,bw,93.02
2021-01-26,bw,93.01
2021-01-27,bw,93.1
2021-01-28,bw,93.28
2021-01-29,bw,93.28
2021-01-30,bw,93.25
2021-01-31,bw,93.21
2021-02-01,bw,93.22
2021-02-02,bw,93.22
2021-02-03,bw,93.26
2021-02-04,bw,93.11
2021-02-05,bw,93.16
2021-02-06,bw,93.19
2021-02-07,bw,93.2
2021-02-08,bw,93.15
2021-02-09,bw,93.1
2021-02-10,bw,92.93
2021-02-11,bw,92.88
2021-02-12,bw,92.84
2021-02-13,bw,92.87
2021-02-14,bw,92.88
2021-02-15,bw,92.99
2021-02-16,bw,93.1
2021-02-17,bw,93.42
2021-02-18,bw,93.67
2021-02-19,bw,93.81
2021-02-20,bw,93.94
2021-02-21,bw,94
2021-02-22,bw,93.92
2021-02-23,bw,93.91
2021-02-24,bw,93.97
2021-02-25,bw,94.08
2021-02-26,bw,94.46
2021-02-27,bw,94.86
2021-02-28,bw,95.33
2021-03-01,bw,95.77
2021-03-02,bw,96.2
2021-03-03,bw,96.44
2021-03-04,bw,96.52
2021-03-05,bw,96.26
2021-03-06,bw,96.09
2021-03-07,bw,96.04
2021-03-08,bw,95.96
2021-03-09,bw,95.77
2021-03-10,bw,95.47
2021-03-11,bw,95.32
2021-03-12,bw,95.41
2021-03-13,bw,95.57
2021-03-14,bw,95.59
2021-03-15,bw,95.8
2021-03-16,bw,96.12
2021-03-17,bw,96.59
2021-03-18,bw,97.07
2021-03-19,bw,97.57
2021-03-20,bw,97.93
2021-03-21,bw,98.45
2021-03-22,bw,98.91
2021-03-23,bw,99.38
2021-03-24,bw,99.88
2021-03-25,bw,100.44
2021-03-26,bw,100.93
2021-03-27,bw,101.33
2021-03-28,bw,101.61
2021-03-29,bw,101.88
2021-03-30,bw,102.08
2021-03-31,bw,102.2
2021-04-01,bw,102.12
2021-04-02,bw,102.08
2021-04-03,bw,101.86
2021-04-04,bw,101.67
2021-04-05,bw,101.67
2021-04-06,bw,101.73
2021-04-07,bw,101.77
2021-04-08,bw,101.71
2021-04-09,bw,101.66
2021-04-10,bw,101.68
2021-04-11,bw,101.59
2021-04-12,bw,101.35
2021-04-13,bw,101.26
2021-04-14,bw,101.22
2021-04-15,bw,101.35
2021-04-16,bw,101.36
2021-04-17,bw,101.37
2021-04-18,bw,101.5
2021-04-19,bw,101.78
2021-04-20,bw,101.96
2021-04-21,bw,101.98
2021-04-22,bw,102.01
2021-04-23,bw,102.02
2021-04-24,bw,102.33
2021-04-25,bw,102.56
2021-04-26,bw,102.63
2021-04-27,bw,102.54
2021-04-28,bw,102.4
2021-04-29,bw,102.35
2021-04-30,bw,102.22
2021-05-01,bw,102.19
2021-05-02,bw,102.44
2021-05-03,bw,102.67
2021-05-04,bw,102.92
2021-05-05,bw,103.3
2021-05-06,bw,103.54
2021-05-07,bw,104.03
2021-05-08,bw,104.44
2021-05-09,bw,104.56
2021-05-10,bw,104.52
2021-05-11,bw,104.71
2021-05-12,bw,105.1
2021-05-13,bw,105.66
2021-05-14,bw,105.98
2021-05-15,bw,106.12
2021-05-16,bw,106.34
2021-05-17,bw,106.61
2021-05-18,bw,106.82
2021-05-19,bw,106.97
2021-05-20,bw,107.1
2021-05-21,bw,107.38
2021-05-22,bw,107.58
2021-05-23,bw,107.71
2021-05-24,bw,107.99
2021-05-25,bw,108.12
2021-05-26,bw,108.14
2021-05-27,bw,108.06
2021-05-28,bw,107.99
2021-05-29,bw,108.07
2021-05-30,bw,108.19
2021-05-31,bw,108.27
2021-06-01,bw,108.41
2021-06-02,bw,108.67
2021-06-03,bw,109.06
2021-06-04,bw,109.32
2021-06-05,bw,109.56
2021-06-06,bw,109.75
2021-06-07,bw,109.84
2021-06-08,bw,109.96
2021-06-09,bw,110.11
2021-06-10,bw,110.06
2021-06-11,bw,110.21
2021-06-12,bw,110.49
2021-06-13,bw,110.74
2021-06-14,bw,111.2
2021-06-15,bw,111.64
2021-06-16,bw,111.94
2021-06-17,bw,112.28
2021-06-18,bw,112.67
2021-06-19,bw,112.91
2021-06-20,bw,113.2
2021-06-21,bw,113.27
2021-06-22,bw,113.31
2021-06-23,bw,113.52
2021-06-24,bw,113.8
2021-06-25,bw,113.96
2021-06-26,bw,114.08
2021-06-27,bw,114.21
2021-06-28,bw,114.53
2021-06-29,bw,114.85
2021-06-30,bw,115.01
2021-07-01,bw,115.18
2021-07-02,bw,115.29
2021-07-03,bw,115.62
2021-07-04,bw,115.93
2021-07-05,bw,116.09
2021-07-06,bw,116.32
2021-07-07,bw,116.57
2021-07-08,bw,116.85
2021-07-09,bw,117.15
2021-07-10,bw,117.22
2021-07-11,bw,117.33
2021-07-12,bw,117.5
2021-07-13,bw,117.56
2021-07-14,bw,117.67
2021-07-15,bw,117.73
2021-07-16,bw,117.92
2021-07-17,bw,118.26
2021-07-18,bw,118.64
2021-07-19,bw,119.01
2021-07-20,bw,119.35
2021-07-21,bw,119.56
2021-07-22,bw,119.84
2021-07-23,bw,119.98
2021-07-24,bw,120
2021-07-25,bw,120.04
2021-07-26,bw,120.18
2021-07-27,bw,120.46
2021-07-28,bw,120.79
2021-07-29,bw,120.85
2021-07-30,bw,121
2021-07-31,bw,121.21
2021-08-01,bw,121.36
2021-08-02,bw,121.41
2021-08-03,bw,121.34
2021-08-04,bw,121.31
2021-08-05,bw,121.54
2021-08-06,bw,121.9
2021-08-07,bw,122.22
2021-08-08,bw,122.44
2021-08-09,bw,122.61
2021-08-10,bw,122.95
2021-08-11,bw,123.27
2021-08-12,bw,123.52
2021-08-13,bw,123.76
2021-08-14,bw,123.93
2021-08-15,bw,124.14
2021-08-16,bw,124.45
2021-08-17,bw,124.61
2021-08-18,bw,124.88
2021-08-19,bw,125.12
2021-08-20,bw,125.29
2021-08-21,bw,125.61
2021-08-22,bw,125.89
2021-08-23,bw,126.18
2021-08-24,bw,126.56
2021-08-25,bw,126.74
2021-08-26,bw,126.97
2021-08-27,bw,127.21
2021-08-28,bw,127.35
2021-08-29,bw,127.61
2021-08-30,bw,127.84
2021-08-31,bw,127.97
2021-09-01,bw,128.07
2021-09-02,bw,128.26
2021-09-03,bw,128.29
2021-09-04,bw,128.38
2021-09-05,bw,128.45
2021-09-06,bw,128.49
2021-09-07,bw,128.62
2021-09-08,bw,128.71
2021-09-09,bw,128.73
2021-09-10,bw,128.82
2021-09-11,bw,128.94
2021-09-12,bw,129.07
2021-09-13,bw,129.2
2021-09-14,bw,129.24
2021-09-15,bw,129.4
2021-09-16,bw,129.53
2021-09-17,bw,129.66
2021-09-18,bw,129.71
2021-09-19,bw,129.72
2021-09-20,bw,129.81
2021-09-21,bw,129.97
2021-09-22,bw,130.11
2021-09-23,bw,130.34
2021-09-24,bw,130.44
2021-09-25,bw,130.64
2021-09-26,bw,130.87
2021-09-27,bw,131.1
2021-09-28,bw,131.38
2021-09-29,bw,131.65
2021-09-30,bw,131.83
2021-10-01,bw,132.19
2021-10-02,bw,132.56
2021-10-03,bw,132.85
2021-10-04,bw,133.16
2021-10-05,bw,133.48
2021-10-06,bw,133.94
2021-10-07,bw,134.36
2021-10-08,bw,134.82
2021-10-09,bw,135.19
2021-10-10,bw,135.62
2021-10-11,bw,135.91
2021-10-12,bw,136.14
2021-10-13,bw,136.2
2021-10-14,bw,136.42
2021-10-15,bw,136.58
2021-10-16,bw,136.56
2021-10-17,bw,136.73
2021-10-18,bw,136.83
2021-10-19,bw,137.08
2021-10-20,bw,137.32
2021-10-21,bw,137.46
2021-10-22,bw,137.58
2021-10-23,bw,137.93
2021-10-24,bw,138.08
2021-10-25,bw,138.33
2021-10-26,bw,138.39
2021-10-27,bw,138.51
2021-10-28,bw,138.68
2021-10-29,bw,138.84
2021-10-30,bw,138.93
2021-10-31,bw,139.07
2021-11-01,bw,139.04
2021-11-02,bw,139.09
2021-11-03,bw,139.03
2021-11-04,bw,139.17
2021-11-05,bw,139.26
2021-11-06,bw,139.37
2021-11-07,bw,139.44
2021-11-08,bw,139.65
2021-11-09,bw,139.83
2021-11-10,bw,140.1
2021-11-11,bw,140.24
2021-11-12,bw,140.33
2021-11-13,bw,140.38
2021-11-14,bw,140.55
2021-11-15,bw,140.73
2021-11-16,bw,141
2021-11-17,bw,141.18
2021-11-18,bw,141.23
2021-11-19,bw,141.41
2021-11-20,bw,141.49
2021-11-21,bw,141.55
2021-11-22,bw,141.6
2021-11-23,bw,141.6
2021-11-24,bw,141.66
2021-11-25,bw,141.74
2021-11-26,bw,141.72
2021-11-27,bw,141.84
2021-11-28,bw,141.94
2021-11-29,bw,142.1
2021-11-30,bw,142.04
2021-12-01,bw,142.02
2021-12-02,bw,142.12
2021-12-03,bw,142.2
2021-12-04,bw,142.4
2021-12-05,bw,142.56
2021-12-06,bw,142.61
2021-12-07,bw,143.2
2021-12-08,bw,143.64
2021-12-09,bw,143.91
2021-12-10,bw,144.22
2021-12-11,bw,144.43
2021-12-12,bw,144.71
2021-12-13,bw,145.2
2021-12-14,bw,145.37
2021-12-15,bw,145.45
2021-12-16,bw,145.6
2021-12-17,bw,145.69
2021-12-18,bw,145.71
2021-12-19,bw,145.65
2021-12-20,bw,145.48
2021-12-21,bw,145.4
2021-12-22,bw,145.42
2021-12-23,bw,145.45
2021-12-24,bw,145.6
2021-12-25,bw,145.74
2021-12-26,bw,145.93
2021-12-27,bw,146.24
2021-12-28,bw,146.35
2021-12-29,bw,146.37
2021-12-30,bw,146.52
2021-12-31,bw,146.53
2022-01-01,bw,146.54
2022-01-02,bw,146.5
2022-01-03,bw,146.31
2022-01-04,bw,146.26
2022-01-05,bw,146.3
2022-01-06,bw,146.14
2022-01-07,bw,146.04
2022-01-08,bw,145.97
2022-01-09,bw,145.81
2022-01-10,bw,145.48
2022-01-11,bw,145.01
2022-01-12,bw,144.67
2022-01-13,bw,144.43
2022-01-14,bw,144.05
2022-01-15,bw,143.93
2022-01-16,bw,143.89
2022-01-17,bw,144.03
2022-01-18,bw,144.21
2022-01-19,bw,144.49
2022-01-20,bw,144.75
2022-01-21,bw,145.2
2022-01-22,bw,145.36
2022-01-23,bw,145.5
2022-01-24,bw,145.64
2022-01-25,bw,145.85
2022-01-26,bw,145.88
2022-01-27,bw,145.98
2022-01-28,bw,146.12
2022-01-29,bw,146.39
2022-01-30,bw,146.76
2022-01-31,bw,147.11
2022-02-01,bw,147.44
2022-02-02,bw,147.86
2022-02-03,bw,148.09
2022-02-04,bw,148.29
2022-02-05,bw,148.47
2022-02-06,bw,148.63
2022-02-07,bw,148.68
2022-02-08,bw,148.82
2022-02-09,bw,148.96
2022-02-10,bw,149.4
2022-02-11,bw,149.89
2022-02-12,bw,150.42
2022-02-13,bw,150.83
2022-02-14,bw,151.24
2022-02-15,bw,151.85
2022-02-16,bw,152.33
2022-02-17,bw,153.02
2022-02-18,bw,153.55
2022-02-19,bw,153.89
2022-02-20,bw,154.3
2022-02-21,bw,154.61
2022-02-22,bw,154.72
2022-02-23,bw,154.98
2022-02-24,bw,154.89
2022-02-25,bw,154.99
2022-02-26,bw,155.3
2022-02-27,bw,155.55
2022-02-28,bw,155.93
2022-03-01,bw,156.19
2022-03-02,bw,156.28
2022-03-03,bw,156.57
2022-03-04,bw,156.64
2022-03-05,bw,156.57
2022-03-06,bw,156.64
2022-03-07,bw,156.84
2022-03-08,bw,156.96
2022-03-09,bw,157.19
2022-03-10,bw,156.83
2022-03-11,bw,156.69
2022-03-12,bw,156.64
2022-03-13,bw,156.68
2022-03-14,bw,156.49
2022-03-15,bw,156.46
2022-03-16,bw,156.44
2022-03-17,bw,156.74
2022-03-18,bw,156.99
2022-03-19,bw,157.21
2022-03-20,bw,157.19
2022-03-21,bw,157.46
2022-03-22,bw,157.88
2022-03-23,bw,158.26
2022-03-24,bw,158.84
2022-03-25,bw,159.43
2022-03-26,bw,159.96
2022-03-27,bw,160.46
2022-03-28,bw,160.74
2022-03-29,bw,160.94
2022-03-30,bw,161.04
2022-03-31,bw,161.06
2022-04-01,bw,160.99
2022-04-02,bw,161.16
2022-04-03,bw,161.01
2022-04-04,bw,161.02
2022-04-05,bw,161.15
2022-04-06,bw,161.4
2022-04-07,bw,161.62
2022-04-08,bw,161.54
2022-04-09,bw,161.36
2022-04-10,bw,161.36
2022-04-11,bw,161.26
2022-04-12,bw,160.92
2022-04-13,bw,160.83
2022-04-14,bw,160.76
2022-04-15,bw,160.97
2022-04-16,bw,161.02
2022-04-17,bw,161.06
2022-04-18,bw,161.21
2022-04-19,bw,161.42
2022-04-20,bw,161.45
2022-04-21,bw,161.35
2022-04-22,bw,161.12
2022-04-23,bw,160.99
2022-04-24,bw,161.13
2022-04-25,bw,161.32
2022-04-26,bw,161.26
2022-04-27,bw,161.31
2022-04-28,bw,161.19
2022-04-29,bw,161.38
2022-04-30,bw,161.47
2022-05-01,bw,161.49
2022-05-02,bw,161.68
2022-05-03,bw,162.08
2022-05-04,bw,162.2
2022-05-05,bw,162.61
2022-05-06,bw,162.61
2022-05-07,bw,163
2022-05-08,bw,163.36
2022-05-09,bw,163.51
2022-05-10,bw,163.53
2022-05-11,bw,163.75
2022-05-12,bw,163.97
2022-05-13,bw,164.51
2022-05-14,bw,164.9
2022-05-15,bw,165.3
2022-05-16,bw,165.66
2022-05-17,bw,166.14
2022-05-18,bw,166.47
2022-05-19,bw,166.73
2022-05-20,bw,166.87
2022-05-21,bw,166.78
2022-05-22,bw,166.67
2022-05-23,bw,166.56
2022-05-24,bw,166.45
2022-05-25,bw,166.34
2022-05-26,bw,166.23
2022-05-27,bw,166.12
2022-05-28,bw,166.01
2022-05-29,bw,165.9
2022-05-30,bw,165.79
2022-05-31,bw,165.61
2022-06-01,bw,165.55
2022-06-02,bw,165.56
2022-06-03,bw,165.52
2022-06-04,bw,165.71
2022-06-05,bw,165.94
2022-06-06,bw,166.14
2022-06-07,bw,166.17
2022-06-08,bw,166.28
2022-06-09,bw,166.37
2022-06-10,bw,166.6
2022-06-11,bw,166.56
2022-06-12,bw,166.46
2022-06-13,bw,166.36
2022-06-14,bw,166.74
2022-06-15,bw,166.92
2022-06-16,bw,167.22
2022-06-17,bw,166.94
2022-06-18,bw,167.11
2022-06-19,bw,167.2
2022-06-20,bw,167.19
2022-06-21,bw,166.7
2022-06-22,bw,166.17
2022-06-23,bw,165.57
2022-06-24,bw,165.5
2022-06-25,bw,165.06
2022-06-26,bw,164.82
2022-06-27,bw,164.55
2022-06-28,bw,164.56
2022-06-29,bw,164.69
2022-06-30,bw,164.68
2022-07-01,bw,164.6
2022-07-02,bw,164.49
2022-07-03,bw,164.23
2022-07-04,bw,164.24
2022-07-05,bw,164.1
2022-07-06,bw,163.96
2022-07-07,bw,163.77
2022-07-08,bw,163.74
2022-07-09,bw,163.81
2022-07-10,bw,163.89
2022-07-11,bw,163.82
2022-07-12,bw,163.92
2022-07-13,bw,163.91
2022-07-14,bw,163.95
2022-07-15,bw,164.01
2022-07-16,bw,163.93
2022-07-17,bw,164.01
2022-07-18,bw,164.02
2022-07-19,bw,163.95
2022-07-20,bw,163.91
2022-07-21,bw,163.93
2022-07-22,bw,163.92
2022-07-23,bw,163.95
2022-07-24,bw,163.89
2022-07-25,bw,163.98
2022-07-26,bw,164.14
2022-07-27,bw,164.16
2022-07-28,bw,164.08
2022-07-29,bw,164.12
2022-07-30,bw,164.26
2022-07-31,bw,164.36
2022-08-01,bw,164.29
2022-08-02,bw,164.21
2022-08-03,bw,164.32
2022-08-04,bw,164.67
2022-08-05,bw,164.79
2022-08-06,bw,164.9
2022-08-07,bw,164.87
2022-08-08,bw,165.02
2022-08-09,bw,165.21
2022-08-10,bw,165.27
2022-08-11,bw,165.09
2022-08-12,bw,165.11
2022-08-13,bw,164.87
2022-08-14,bw,165.17
2022-08-15,bw,165.32
2022-08-16,bw,165.38
2022-08-17,bw,165.6
2022-08-18,bw,165.91
2022-08-19,bw,166.1
2022-08-20,bw,166.41
2022-08-21,bw,166.46
2022-08-22,bw,166.56
2022-08-23,bw,166.53
2022-08-24,bw,166.48
2022-08-25,bw,166.54
2022-08-26,bw,166.55
2022-08-27,bw,166.64
2022-08-28,bw,166.6
2022-08-29,bw,166.36
2022-08-30,bw,166.42
2022-08-31,bw,166.43
2022-09-01,bw,166.34
2022-09-02,bw,166.2
2022-09-03,bw,166.11
2022-09-04,bw,166.01
2022-09-05,bw,166.16
2022-09-06,bw,166.06
2022-09-07,bw,166
2022-09-08,bw,165.99
2022-09-09,bw,166.06
2022-09-10,bw,166.11
2022-09-11,bw,166.11
2022-09-12,bw,166.03
2022-09-13,bw,166.12
2022-09-14,bw,166.3
2022-09-15,bw,166.27
2022-09-16,bw,166.24
2022-09-17,bw,166.14
2022-09-18,bw,166.04
2022-09-19,bw,166.06
2022-09-20,bw,165.91
2022-09-21,bw,165.7
2022-09-22,bw,165.76
2022-09-23,bw,165.9
2022-09-24,bw,166.18
2022-09-25,bw,166.4
2022-09-26,bw,166.58
2022-09-27,bw,166.86
2022-09-28,bw,167.19
2022-09-29,bw,167.23
2022-09-30,bw,167.2
2022-10-01,bw,167.08
2022-10-02,bw,167.16
2022-10-03,bw,167.32
2022-10-04,bw,167.29
2022-10-05,bw,167.01
2022-10-06,bw,166.92
2022-10-07,bw,166.77
2022-10-08,bw,166.65
2022-10-09,bw,166.42
2022-10-10,bw,166.13
2022-10-11,bw,165.94
2022-10-12,bw,165.93
2022-10-13,bw,165.97
2022-10-14,bw,166.06
2022-10-15,bw,166.22
2022-10-16,bw,166.37
2022-10-17,bw,166.38
2022-10-18,bw,166.51
2022-10-19,bw,166.6
2022-10-20,bw,166.6
2022-10-21,bw,166.65
2022-10-22,bw,166.51
2022-10-23,bw,166.51
2022-10-24,bw,166.67
2022-10-25,bw,166.7
2022-10-26,bw,166.77
2022-10-27,bw,167.07
2022-10-28,bw,167.27
2022-10-29,bw,167.4
2022-10-30,bw,167.75
2022-10-31,bw,168.02
2022-11-01,bw,168.43
2022-11-02,bw,168.71
2022-11-03,bw,168.92
2022-11-04,bw,169.16
2022-11-05,bw,169.6
2022-11-06,bw,169.79
2022-11-07,bw,170.05
2022-11-08,bw,170.16
2022-11-09,bw,170.28
2022-11-10,bw,170.42
2022-11-11,bw,170.26
2022-11-12,bw,170.39
2022-11-13,bw,170.44
2022-11-14,bw,170.4
2022-11-15,bw,170.45
2022-11-16,bw,170.72
2022-11-17,bw,170.84
2022-11-18,bw,171.26
2022-11-19,bw,171.44
2022-11-20,bw,171.61
2022-11-21,bw,171.88
2022-11-22,bw,172.05
2022-11-23,bw,172.1
2022-11-24,bw,172.17
2022-11-25,bw,172.12
2022-11-26,bw,172.05
2022-11-27,bw,172.04
2022-11-28,bw,171.94
2022-11-29,bw,171.98
2022-11-30,bw,171.94
2022-12-01,bw,171.97
2022-12-02,bw,172.07
2022-12-03,bw,172.16
2022-12-04,bw,172.23
2022-12-05,bw,172.27
2022-12-06,bw,172.22
2022-12-07,bw,172.03
2022-12-08,bw,171.96
2022-12-09,bw,171.9
2022-12-10,bw,171.72
2022-12-11,bw,171.56
2022-12-12,bw,171.46
2022-12-13,bw,171.3
2022-12-14,bw,171.37
2022-12-15,bw,171.13
2022-12-16,bw,170.96
2022-12-17,bw,170.84
2022-12-18,bw,170.65
2022-12-19,bw,170.5
2022-12-20,bw,170.5
2022-12-21,bw,170.34
2022-12-22,bw,170.29
2022-12-23,bw,170.18
2022-12-24,bw,170.19
2022-12-25,bw,170.13
2022-12-26,bw,170.2
2022-12-27,bw,170.17
2022-12-28,bw,170.23
2022-12-29,bw,170.28
2022-12-30,bw,170.32
2022-12-31,bw,170.22
2023-01-01,bw,170.24
2023-01-02,bw,170.02
2023-01-03,bw,169.9
2023-01-04,bw,169.84
2023-01-05,bw,169.81
2023-01-06,bw,169.84
2023-01-07,bw,169.96
2023-01-08,bw,169.98
2023-01-09,bw,170.08
2023-01-10,bw,170.14
2023-01-11,bw,170.19
2023-01-12,bw,170.19
2023-01-13,bw,170.22
2023-01-14,bw,170.15
2023-01-15,bw,170.23
2023-01-16,bw,170.29
2023-01-17,bw,170.28
2023-01-18,bw,170.29
2023-01-19,bw,170.32
2023-01-20,bw,170.25
2023-01-21,bw,170.2
2023-01-22,bw,170.11
2023-01-23,bw,169.88
2023-01-24,bw,169.84
2023-01-25,bw,169.76
2023-01-26,bw,169.68
2023-01-27,bw,169.57
2023-01-28,bw,169.54
2023-01-29,bw,169.53
2023-01-30,bw,169.55
2023-01-31,bw,169.51
2023-02-01,bw,169.53
2023-02-02,bw,169.48
2023-02-03,bw,169.55
2023-02-04,bw,169.66
2023-02-05,bw,169.72
2023-02-06,bw,169.81
2023-02-07,bw,169.88
2023-02-08,bw,169.74
2023-02-09,bw,169.84
2023-02-10,bw,169.84
2023-02-11,bw,169.75
2023-02-12,bw,169.65
2023-02-13,bw,169.6
2023-02-14,bw,169.36
2023-02-15,bw,169.24
2023-02-16,bw,168.96
2023-02-17,bw,168.81
2023-02-18,bw,168.49
2023-02-19,bw,168.28
2023-02-20,bw,168.08
2023-02-21,bw,168.14
2023-02-22,bw,168.3
2023-02-23,bw,168.5
2023-02-24,bw,168.45
2023-02-25,bw,168.65
2023-02-26,bw,168.59
2023-02-27,bw,168.56
2023-02-28,bw,168.36
2023-03-01,bw,168.07
2023-03-02,bw,167.8
2023-03-03,bw,167.77
2023-03-04,bw,167.52
2023-03-05,bw,167.6
2023-03-06,bw,167.74
2023-03-07,bw,167.89
2023-03-08,bw,168.03
2023-03-09,bw,168.02
2023-03-10,bw,168.19
2023-03-11,bw,168.54
2023-03-12,bw,168.79
2023-03-13,bw,168.97
2023-03-14,bw,169.21
2023-03-15,bw,169.54
2023-03-16,bw,170.04
2023-03-17,bw,170.32
2023-03-18,bw,170.56
2023-03-19,bw,170.78
2023-03-20,bw,171.08
2023-03-21,bw,171.37
2023-03-22,bw,171.63
2023-03-23,bw,171.93
2023-03-24,bw,172.15
2023-03-25,bw,172.42
2023-03-26,bw,172.66
2023-03-27,bw,172.72
2023-03-28,bw,172.86
2023-03-29,bw,172.96
2023-03-30,bw,173.02
2023-03-31,bw,173
2023-04-01,bw,172.97
2023-04-02,bw,172.96
2023-04-03,bw,172.94
2023-04-04,bw,172.76
2023-04-05,bw,172.81
2023-04-06,bw,172.73
2023-04-07,bw,173.11
2023-04-08,bw,173.18
2023-04-09,bw,173.14
2023-04-10,bw,173.19
2023-04-11,bw,173.09
2023-04-12,bw,172.73
2023-04-13,bw,172.39
2023-04-14,bw,171.81
2023-04-15,bw,171.39
2023-04-16,bw,171.2
2023-04-17,bw,170.77
2023-04-18,bw,170.56
2023-04-19,bw,170.5
2023-04-20,bw,170.55
2023-04-21,bw,170.54
2023-04-22,bw,170.66
2023-04-23,bw,170.53
2023-04-24,bw,170.66
2023-04-25,bw,170.9
2023-04-26,bw,170.95
2023-04-27,bw,170.97
2023-04-28,bw,170.96
2023-04-29,bw,170.87
2023-04-30,bw,170.73
2023-05-01,bw,170.78
2023-05-02,bw,170.68
2023-05-03,bw,170.59
2023-05-04,bw,170.3
2023-05-05,bw,170.03
2023-05-06,bw,169.73
2023-05-07,bw,169.69
2023-05-08,bw,169.38
2023-05-09,bw,169.26
2023-05-10,bw,169.16
2023-05-11,bw,169.23
2023-05-12,bw,169.4
2023-05-13,bw,169.74
2023-05-14,bw,169.98
2023-05-15,bw,170.2
2023-05-16,bw,170.22
2023-05-17,bw,170.5
2023-05-18,bw,170.86
2023-05-19,bw,171
2023-05-20,bw,171.05
2023-05-21,bw,171.08
2023-05-22,bw,171.06
2023-05-23,bw,171.03
2023-05-24,bw,170.86
2023-05-25,bw,170.49
2023-05-26,bw,170.3
2023-05-27,bw,170.14
2023-05-28,bw,169.98
2023-05-29,bw,170.06
2023-05-30,bw,170.05
2023-05-31,bw,169.99
2023-06-01,bw,169.98
2023-06-02,bw,169.93
2023-06-03,bw,169.92
2023-06-04,bw,169.73
2023-06-05,bw,169.52
2023-06-06,bw,169.52
2023-06-07,bw,169.45
2023-06-08,bw,169.52
2023-06-09,bw,169.52
2023-06-10,bw,169.41
2023-06-11,bw,169.49
2023-06-12,bw,169.48
2023-06-13,bw,169.33
2023-06-14,bw,169.37
2023-06-15,bw,169.28
2023-06-16,bw,169.2
2023-06-17,bw,169.18
2023-06-18,bw,169.23
2023-06-19,bw,169.23
2023-06-20,bw,169.28
2023-06-21,bw,169.07
2023-06-22,bw,168.95
2023-06-23,bw,168.92
2023-06-24,bw,168.92
2023-06-25,bw,168.79
2023-06-26,bw,168.7
2023-06-27,bw,168.61
2023-06-28,bw,168.64
2023-06-29,bw,168.65
2023-06-30,bw,168.56
2023-07-01,bw,168.57
2023-07-02,bw,168.66
2023-07-03,bw,168.66
2023-07-04,bw,168.53
2023-07-05,bw,168.63
2023-07-06,bw,168.74
2023-07-07,bw,169
2023-07-08,bw,169.09
2023-07-09,bw,169.12
2023-07-10,bw,169.26
2023-07-11,bw,169.51
2023-07-12,bw,169.6
2023-07-13,bw,169.67
2023-07-14,bw,169.58
2023-07-15,bw,169.55
2023-07-16,bw,169.6
2023-07-17,bw,169.65
2023-07-18,bw,169.66
2023-07-19,bw,169.61
2023-07-20,bw,169.59
2023-07-21,bw,169.53
2023-07-22,bw,169.5
2023-07-23,bw,169.57
2023-07-24,bw,169.55
2023-07-25,bw,169.59
2023-07-26,bw,169.63
2023-07-27,bw,169.75
2023-07-28,bw,169.97
2023-07-29,bw,170.07
2023-07-30,bw,170.02
2023-07-31,bw,170.03
2023-08-01,bw,170.13
2023-08-02,bw,170.16
2023-08-03,bw,170.01
2023-08-04,bw,169.81
2023-08-05,bw,169.67
2023-08-06,bw,169.58
2023-08-07,bw,169.55
2023-08-08,bw,169.43
2023-08-09,bw,169.46
2023-08-10,bw,169.42
2023-08-11,bw,169.48
2023-08-12,bw,169.5
2023-08-13,bw,169.54
2023-08-14,bw,169.52
2023-08-15,bw,169.5
2023-08-16,bw,169.35
2023-08-17,bw,169.3
2023-08-18,bw,169.14
2023-08-19,bw,169.05
2023-08-20,bw,168.92
2023-08-21,bw,168.89
2023-08-22,bw,168.76
2023-08-23,bw,168.64
2023-08-24,bw,168.22
2023-08-25,bw,167.82
2023-08-26,bw,167.42
2023-08-27,bw,166.87
2023-08-28,bw,166.34
2023-08-29,bw,165.96
2023-08-30,bw,165.57
2023-08-31,bw,165.47
2023-09-01,bw,165.38
2023-09-02,bw,165.33
2023-09-03,bw,165.4
2023-09-04,bw,165.36
2023-09-05,bw,165.23
2023-09-06,bw,165.24
2023-09-07,bw,165.26
2023-09-08,bw,165.39
2023-09-09,bw,165.54
2023-09-10,bw,165.63
2023-09-11,bw,165.77
2023-09-12,bw,165.97
2023-09-13,bw,166.07
2023-09-14,bw,166.04
2023-09-15,bw,166.17
2023-09-16,bw,166.31
2023-09-17,bw,166.42
2023-09-18,bw,166.52
2023-09-19,bw,166.64
2023-09-20,bw,166.77
2023-09-21,bw,167.15
2023-09-22,bw,167.25
2023-09-23,bw,167.22
2023-09-24,bw,167.08
2023-09-25,bw,166.98
2023-09-26,bw,166.89
2023-09-27,bw,166.89
2023-09-28,bw,166.82
2023-09-29,bw,166.54
2023-09-30,bw,166.3
2023-10-01,bw,166.23
2023-10-02,bw,166.34
2023-10-03,bw,166.46
2023-10-04,bw,166.5
2023-10-05,bw,166.25
2023-10-06,bw,166.32
2023-10-07,bw,166.39
2023-10-08,bw,166.41
2023-10-09,bw,166.21
2023-10-10,bw,166.07
2023-10-11,bw,165.91
2023-10-12,bw,165.8
2023-10-13,bw,165.56
2023-10-14,bw,165.32
2023-10-15,bw,165.24
2023-10-16,bw,165.07
2023-10-17,bw,164.67
2023-10-18,bw,164.25
2023-10-19,bw,164.09
2023-10-20,bw,163.98
2023-10-21,bw,163.83
2023-10-22,bw,163.63
2023-10-23,bw,163.46
2023-10-24,bw,163.4
2023-10-25,bw,163.46
2023-10-26,bw,163.57
2023-10-27,bw,163.57
2023-10-28,bw,163.64
2023-10-29,bw,163.45
2023-10-30,bw,163.28
2023-10-31,bw,163.16
2023-11-01,bw,163.04
2023-11-02,bw,162.73
2023-11-03,bw,162.45
2023-11-04,bw,162.14
2023-11-05,bw,162
2023-11-06,bw,161.95
2023-11-07,bw,161.77
2023-11-08,bw,161.6
2023-11-09,bw,161.48
2023-11-10,bw,161.32
2023-11-11,bw,161.27
2023-11-12,bw,161.17
2023-11-13,bw,161.06
2023-11-14,bw,160.94
2023-11-15,bw,160.78
2023-11-16,bw,160.65
2023-11-17,bw,160.63
2023-11-18,bw,160.46
2023-11-19,bw,160.41
2023-11-20,bw,160.31
2023-11-21,bw,160.19
2023-11-22,bw,160.03
2023-11-23,bw,159.86
2023-11-24,bw,159.72
2023-11-25,bw,159.56
2023-11-26,bw,159.35
2023-11-27,bw,159.18
2023-11-28,bw,159.1
2023-11-29,bw,159.08
2023-11-30,bw,159.02
2023-12-01,bw,158.93
2023-12-02,bw,158.85
2023-12-03,bw,158.8
2023-12-04,bw,158.63
2023-12-05,bw,158.45
2023-12-06,bw,158.23
2023-12-07,bw,158.14
2023-12-08,bw,157.98
2023-12-09,bw,157.91
2023-12-10,bw,157.83
2023-12-11,bw,157.85
2023-12-12,bw,157.87
2023-12-13,bw,157.94
2023-12-14,bw,157.98
2023-12-15,bw,158.01
2023-12-16,bw,158.04
2023-12-17,bw,158.11
2023-12-18,bw,158.17
2023-12-19,bw,158.12
2023-12-20,bw,158.1
2023-12-21,bw,157.99
2023-12-22,bw,157.94
2023-12-23,bw,157.82
2023-12-24,bw,157.69
2023-12-25,bw,157.73
2023-12-26,bw,157.78
2023-12-27,bw,157.72
2023-12-28,bw,157.73
2023-12-29,bw,157.75
2023-12-30,bw,157.74
2023-12-31,bw,157.74
2024-01-01,bw,157.59
2024-01-02,bw,157.46
2024-01-03,bw,157.37
2024-01-04,bw,157.27
2024-01-05,bw,157.2
2024-01-06,bw,157.25
2024-01-07,bw,157.21
2024-01-08,bw,157.11
2024-01-09,bw,157.05
2024-01-10,bw,157.03
2024-01-11,bw,156.98
2024-01-12,bw,156.92
2024-01-13,bw,156.74
2024-01-14,bw,156.7
2024-01-15,bw,156.51
2024-01-16,bw,156.28
2024-01-17,bw,156.02
2024-01-18,bw,155.75
2024-01-19,bw,155.5
2024-01-20,bw,155.31
2024-01-21,bw,154.97
2024-01-22,bw,154.9
2024-01-23,bw,154.93
2024-01-24,bw,154.94
2024-01-25,bw,154.98
2024-01-26,bw,154.99
2024-01-27,bw,155.11
2024-01-28,bw,155.27
2024-01-29,bw,155.3
2024-01-30,bw,155.22
2024-01-31,bw,155.1
2024-02-01,bw,154.94
2024-02-02,bw,154.8
2024-02-03,bw,154.56
2024-02-04,bw,154.31
2024-02-05,bw,154.09
2024-02-06,bw,153.96
2024-02-07,bw,153.9
2024-02-08,bw,153.85
2024-02-09,bw,153.59
2024-02-10,bw,153.42
2024-02-11,bw,153.24
2024-02-12,bw,153.18
2024-02-13,bw,153.16
2024-02-14,bw,153.1
2024-02-15,bw,153.11
2024-02-16,bw,153.17
2024-02-17,bw,153.19
2024-02-18,bw,153.3
2024-02-19,bw,153.3
2024-02-20,bw,153.2
2024-02-21,bw,152.97
2024-02-22,bw,152.69
2024-02-23,bw,152.52
2024-02-24,bw,152.47
2024-02-25,bw,152.33
2024-02-26,bw,152.4
2024-02-27,bw,152.41
2024-02-28,bw,152.62
2024-02-29,bw,152.84
2024-03-01,bw,152.99
2024-03-02,bw,152.9
2024-03-03,bw,152.9
2024-03-04,bw,152.7
2024-03-05,bw,152.55
2024-03-06,bw,152.05
2024-03-07,bw,151.44
2024-03-08,bw,151.15
2024-03-09,bw,151.02
2024-03-10,bw,150.63
2024-03-11,bw,150.26
2024-03-12,bw,149.92
2024-03-13,bw,150.05
2024-03-14,bw,150.28
2024-03-15,bw,150.1
2024-03-16,bw,149.86
2024-03-17,bw,149.85
2024-03-18,bw,149.94
2024-03-19,bw,149.98
2024-03-20,bw,149.91
2024-03-21,bw,149.87
2024-03-22,bw,150.19
2024-03-23,bw,150.43
2024-03-24,bw,150.73
2024-03-25,bw,151.01
2024-03-26,bw,151.29
2024-03-27,bw,151.45
2024-03-28,bw,151.63
2024-03-29,bw,151.62
2024-03-30,bw,151.6
2024-03-31,bw,151.45
2024-04-01,bw,151.23
2024-04-02,bw,150.93
2024-04-03,bw,150.58
2024-04-04,bw,150.25
2024-04-05,bw,149.87
2024-04-06,bw,149.58
2024-04-07,bw,149.37
2024-04-08,bw,149.12
2024-04-09,bw,148.97
2024-04-10,bw,148.9
2024-04-11,bw,148.77
2024-04-12,bw,148.7
2024-04-13,bw,148.72
2024-04-14,bw,148.64
2024-04-15,bw,148.73
2024-04-16,bw,148.71
2024-04-17,bw,148.67
2024-04-18,bw,148.7
2024-04-19,bw,148.81
2024-04-20,bw,148.63
2024-04-21,bw,148.54
2024-04-22,bw,148.36
2024-04-23,bw,148.32
2024-04-24,bw,148.37
2024-04-25,bw,148.43
2024-04-26,bw,148.31
2024-04-27,bw,148.42
2024-04-28,bw,148.4
2024-04-29,bw,148.34
2024-04-30,bw,148.21
2024-05-01,bw,148.19
2024-05-02,bw,148.08
2024-05-03,bw,148.11
2024-05-04,bw,148.04
2024-05-05,bw,148.02
2024-05-06,bw,147.95
2024-05-07,bw,147.96
2024-05-08,bw,147.87
2024-05-09,bw,147.87
2024-05-10,bw,147.6
2024-05-11,bw,147.53
2024-05-12,bw,147.51
2024-05-13,bw,147.47
2024-05-14,bw,147.36
2024-05-15,bw,147.27
2024-05-16,bw,146.92
2024-05-17,bw,146.8
2024-05-18,bw,146.4
2024-05-19,bw,145.93
2024-05-20,bw,145.59
2024-05-21,bw,145.15
2024-05-22,bw,144.91
2024-05-23,bw,144.77
2024-05-24,bw,144.64
2024-05-25,bw,144.69
2024-05-26,bw,144.74
2024-05-27,bw,144.83
2024-05-28,bw,144.95
2024-05-29,bw,144.81
2024-05-30,bw,144.84
2024-05-31,bw,144.77
2024-06-01,bw,144.59
2024-06-02,bw,144.46
2024-06-03,bw,144.26
2024-06-04,bw,144.2
2024-06-05,bw,144.1
2024-06-06,bw,143.92
2024-06-07,bw,143.76
2024-06-08,bw,143.74
2024-06-09,bw,143.55
2024-06-10,bw,143.63
2024-06-11,bw,143.59
2024-06-12,bw,143.58
2024-06-13,bw,143.54
2024-06-14,bw,143.55
2024-06-15,bw,143.39
2024-06-16,bw,143.43
2024-06-17,bw,143.21
2024-06-18,bw,142.98
2024-06-19,bw,142.75
2024-06-20,bw,142.65
2024-06-21,bw,142.48
2024-06-22,bw,142.33
2024-06-23,bw,142.18
2024-06-24,bw,142.04
2024-06-25,bw,141.89
2024-06-26,bw,141.82
2024-06-27,bw,141.66
2024-06-28,bw,141.49
2024-06-29,bw,141.41
2024-06-30,bw,141.31
2024-07-01,bw,141.11
2024-07-02,bw,140.93
2024-07-03,bw,140.66
2024-07-04,bw,140.42
2024-07-05,bw,140.25
2024-07-06,bw,140
2024-07-07,bw,139.77
2024-07-08,bw,139.52
2024-07-09,bw,139.28
2024-07-10,bw,139.06
2024-07-11,bw,138.83
2024-07-12,bw,138.58
2024-07-13,bw,138.41
2024-07-14,bw,138.25
2024-07-15,bw,138.23
2024-07-16,bw,138.1
2024-07-17,bw,138.13
2024-07-18,bw,138.01
2024-07-19,bw,138.07
2024-07-20,bw,137.98
2024-07-21,bw,137.83
2024-07-22,bw,137.76
2024-07-23,bw,137.85
2024-07-24,bw,137.7
2024-07-25,bw,137.7
2024-07-26,bw,137.57
2024-07-27,bw,137.6
2024-07-28,bw,137.73
2024-07-29,bw,137.65
2024-07-30,bw,137.32
2024-07-31,bw,137.23
2024-08-01,bw,137.15
2024-08-02,bw,137.2
2024-08-03,bw,137.26
2024-08-04,bw,137.23
2024-08-05,bw,137.27
2024-08-06,bw,137.6
2024-08-07,bw,137.66
2024-08-08,bw,137.76
2024-08-09,bw,137.76
2024-08-10,bw,137.71
2024-08-11,bw,137.66
2024-08-12,bw,137.61
2024-08-13,bw,137.47
2024-08-14,bw,137.47
2024-08-15,bw,137.31
2024-08-16,bw,137.1
2024-08-17,bw,136.91
2024-08-18,bw,136.69
2024-08-19,bw,136.52
2024-08-20,bw,136.28
2024-08-21,bw,136.06
2024-08-22,bw,135.93
2024-08-23,bw,135.84
2024-08-24,bw,135.78
2024-08-25,bw,135.74
2024-08-26,bw,135.73
2024-08-27,bw,135.93
2024-08-28,bw,136.04
2024-08-29,bw,136.12
2024-08-30,bw,136.2
2024-08-31,bw,136.19
2024-09-01,bw,136.17
2024-09-02,bw,136.17
2024-09-03,bw,136.12
2024-09-04,bw,136.07
2024-09-05,bw,136.14
2024-09-06,bw,136.21
2024-09-07,bw,136.33
2024-09-08,bw,136.37
2024-09-09,bw,136.24
2024-09-10,bw,136.04
2024-09-11,bw,135.9
2024-09-12,bw,135.68
2024-09-13,bw,135.34
2024-09-14,bw,135.05
2024-09-15,bw,134.91
2024-09-16,bw,134.88
2024-09-17,bw,134.87
2024-09-18,bw,134.88
2024-09-19,bw,134.88
2024-09-20,bw,135.03
2024-09-21,bw,135.1
2024-09-22,bw,135.04
2024-09-23,bw,134.92
2024-09-24,bw,134.84
2024-09-25,bw,134.74
2024-09-26,bw,134.69
2024-09-27,bw,134.5
2024-09-28,bw,134.35
2024-09-29,bw,134.33
2024-09-30,bw,134.37
2024-10-01,bw,134.35
2024-10-02,bw,133.97
2024-10-03,bw,133.99
2024-10-04,bw,134.01
2024-10-05,bw,134.06
2024-10-06,bw,134.09
2024-10-07,bw,134.13
2024-10-08,bw,134.07
2024-10-09,bw,134.46
2024-10-10,bw,134.4
2024-10-11,bw,134.41
2024-10-12,bw,134.4
2024-10-13,bw,134.3
2024-10-14,bw,134.24
2024-10-15,bw,134.24
2024-10-16,bw,134.15
2024-10-17,bw,134.26
2024-10-18,bw,134.13
2024-10-19,bw,134.05
2024-10-20,bw,134.02
2024-10-21,bw,133.89
2024-10-22,bw,133.86
2024-10-23,bw,133.75
2024-10-24,bw,133.42
2024-10-25,bw,133.38
2024-10-26,bw,133.19
2024-10-27,bw,133
2024-10-28,bw,132.91
2024-10-29,bw,132.81
2024-10-30,bw,132.76
2024-10-31,bw,132.62
2024-11-01,bw,132.5
2024-11-02,bw,132.36
2024-11-03,bw,132.27
2024-11-04,bw,132.1
2024-11-05,bw,132.01
2024-11-06,bw,131.91
2024-11-07,bw,131.85
2024-11-08,bw,131.82
2024-11-09,bw,131.84
2024-11-10,bw,131.8
2024-11-11,bw,131.88
2024-11-12,bw,131.83
2024-11-13,bw,131.81
2024-11-14,bw,131.84
2024-11-15,bw,131.82
2024-11-16,bw,131.86
2024-11-17,bw,131.88
2024-11-18,bw,131.77
2024-11-19,bw,131.85
2024-11-20,bw,131.93
2024-11-21,bw,131.95
2024-11-22,bw,131.94
2024-11-23,bw,131.91
2024-11-24,bw,131.95
2024-11-25,bw,131.97
2024-11-26,bw,131.93
2024-11-27,bw,131.86
2024-11-28,bw,131.72
2024-11-29,bw,131.44
2024-11-30,bw,131.46
2024-12-01,bw,131.45
2024-12-02,bw,131.48
2024-12-03,bw,131.44
2024-12-04,bw,131.44
2024-12-05,bw,131.48
2024-12-06,bw,131.71
2024-12-07,bw,131.6
2024-12-08,bw,131.5
2024-12-09,bw,131.43
2024-12-10,bw,131.3
2024-12-11,bw,131.17
2024-12-12,bw,131.06
2024-12-13,bw,130.96
2024-12-14,bw,130.85
2024-12-15,bw,130.85
2024-12-16,bw,130.89
2024-12-17,bw,130.84
2024-12-18,bw,130.85
2024-12-19,bw,130.81
2024-12-20,bw,130.75
2024-12-21,bw,130.87
2024-12-22,bw,130.82
2024-12-23,bw,130.79
2024-12-24,bw,130.89
2024-12-25,bw,130.97
2024-12-26,bw,131.15
2024-12-27,bw,131.2
2024-12-28,bw,131.07
2024-12-29,bw,131.04
2024-12-30,bw,131
2024-12-31,bw,130.93
2025-01-01,bw,130.88
2025-01-02,bw,130.73
2025-01-03,bw,130.7
2025-01-04,bw,130.71
2025-01-05,bw,130.68
2025-01-06,bw,130.65
2025-01-07,bw,130.5
2025-01-08,bw,130.42
2025-01-09,bw,130.48
2025-01-10,bw,130.56
2025-01-11,bw,130.59
2025-01-12,bw,130.65
2025-01-13,bw,130.65
2025-01-14,bw,130.89
2025-01-15,bw,130.97
2025-01-16,bw,131.01
2025-01-17,bw,130.97
2025-01-18,bw,130.98
2025-01-19,bw,131.01
2025-01-20,bw,130.99
2025-01-21,bw,130.88
2025-01-22,bw,130.83
2025-01-23,bw,130.83
2025-01-24,bw,130.82
2025-01-25,bw,130.82
2025-01-26,bw,130.79
2025-01-27,bw,130.82
2025-01-28,bw,130.7
2025-01-29,bw,130.39
2025-01-30,bw,130.23
2025-01-31,bw,130.02
2025-02-01,bw,129.8
2025-02-02,bw,129.52
2025-02-03,bw,129.25
2025-02-04,bw,129.1
2025-02-05,bw,129.08
2025-02-06,bw,128.84
2025-02-07,bw,128.66
2025-02-08,bw,128.49
2025-02-09,bw,128.3
2025-02-10,bw,128.07
2025-02-11,bw,127.95
2025-02-12,bw,127.77
2025-02-13,bw,127.28
2025-02-14,bw,127.11
2025-02-15,bw,126.82
2025-02-16,bw,126.67
2025-02-17,bw,126.68
2025-02-18,bw,126.57
2025-02-19,bw,126.4
2025-02-20,bw,126.61
2025-02-21,bw,126.44
2025-02-22,bw,126.36
2025-02-23,bw,126.19
2025-02-24,bw,125.98
2025-02-25,bw,125.79
2025-02-26,bw,125.85
2025-02-27,bw,125.82
2025-02-28,bw,125.94
2025-03-01,bw,125.98
2025-03-02,bw,126.03
2025-03-03,bw,126.04
2025-03-04,bw,126.14
2025-03-05,bw,125.76
2025-03-06,bw,125.65
2025-03-07,bw,125.48
2025-03-08,bw,125.33
2025-03-09,bw,125.17
2025-03-10,bw,124.79
2025-03-11,bw,124.36
2025-03-12,bw,124.25
2025-03-13,bw,124
2025-03-14,bw,123.72
2025-03-15,bw,123.56
2025-03-16,bw,123.31
2025-03-17,bw,123.33
2025-03-18,bw,123.34
2025-03-19,bw,123.39
2025-03-20,bw,123.39
2025-03-21,bw,123.44
2025-03-22,bw,123.4
2025-03-23,bw,123.51
2025-03-24,bw,123.55
2025-03-25,bw,123.6
2025-03-26,bw,123.63
2025-03-27,bw,123.62
2025-03-28,bw,123.57
2025-03-29,bw,123.62
2025-03-30,bw,123.63
2025-03-31,bw,123.52
2025-04-01,bw,123.38
2025-04-02,bw,123.26
2025-04-03,bw,123.06
2025-04-04,bw,122.91
2025-04-05,bw,122.87
2025-04-06,bw,122.77
2025-04-07,bw,122.81
2025-04-08,bw,122.73
2025-04-09,bw,122.68
2025-04-10,bw,122.56
2025-04-11,bw,122.43
2025-04-12,bw,122.2
2025-04-13,bw,122.14
2025-04-14,bw,122.04
2025-04-15,bw,122.01
2025-04-16,bw,121.93
2025-04-17,bw,121.93
2025-04-18,bw,121.91
2025-04-19,bw,121.81
2025-04-20,bw,121.73
2025-04-21,bw,121.62
2025-04-22,bw,121.43
2025-04-23,bw,121.14
2025-04-24,bw,120.97
2025-04-25,bw,120.78
2025-04-26,bw,120.63
2025-04-27,bw,120.33
2025-04-28,bw,120.01
2025-04-29,bw,119.96
2025-04-30,bw,119.81
2025-05-01,bw,119.76
2025-05-02,bw,119.8
2025-05-03,bw,119.87
2025-05-04,bw,119.97
2025-05-05,bw,120.11
2025-05-06,bw,120.12
2025-05-07,bw,120.32
2025-05-08,bw,120.45
2025-05-09,bw,120.43
2025-05-10,bw,120.3
2025-05-11,bw,120.05
2025-05-12,bw,119.78
2025-05-13,bw,119.59
2025-05-14,bw,119.39
2025-05-15,bw,119.06
2025-05-16,bw,119.12
2025-05-17,bw,119.13
2025-05-18,bw,119.34
2025-05-19,bw,119.61
2025-05-20,bw,119.83
2025-05-21,bw,120.13
2025-05-22,bw,120.4
2025-05-23,bw,120.49
2025-05-24,bw,120.68
2025-05-25,bw,120.75
2025-05-26,bw,120.79
2025-05-27,bw,120.7
2025-05-28,bw,120.64
2025-05-29,bw,120.73
2025-05-30,bw,120.64
2025-05-31,bw,120.62
2025-06-01,bw,120.6
2025-06-02,bw,120.63
2025-06-03,bw,120.75
2025-06-04,bw,120.88
2025-06-05,bw,120.88
2025-06-06,bw,120.79
2025-06-07,bw,120.73
2025-06-08,bw,120.65
2025-06-09,bw,120.68
2025-06-10,bw,120.48
2025-06-11,bw,120.2
2025-06-12,bw,120.01
2025-06-13,bw,119.95
2025-06-14,bw,119.77
2025-06-15,bw,119.71
2025-06-16,bw,119.5
2025-06-17,bw,119.39
2025-06-18,bw,119.35
2025-06-19,bw,119.26
2025-06-20,bw,119.08
2025-06-21,bw,118.87
2025-06-22,bw,118.57
2025-06-23,bw,118.27
2025-06-24,bw,118.11
2025-06-25,bw,117.86
2025-06-26,bw,117.66
2025-06-27,bw,117.63
2025-06-28,bw,117.66
2025-06-29,bw,117.7
2025-06-30,bw,117.74
2025-07-01,bw,117.63
2025-07-02,bw,117.6
2025-07-03,bw,117.56
2025-07-04,bw,117.49
2025-07-05,bw,117.36
2025-07-06,bw,117.21
2025-07-07,bw,117.02
2025-07-08,bw,116.9
2025-07-09,bw,116.75
2025-07-10,bw,116.49
2025-07-11,bw,116.24
2025-07-12,bw,116.09
2025-07-13,bw,115.9
2025-07-14,bw,115.75
2025-07-15,bw,115.75
2025-07-16,bw,115.72
2025-07-17,bw,115.81
2025-07-18,bw,115.78
2025-07-19,bw,115.6
2025-07-20,bw,115.5
2025-07-21,bw,115.36
2025-07-22,bw,115.21
2025-07-23,bw,115.06
2025-07-24,bw,114.98
2025-07-25,bw,114.9
2025-07-26,bw,114.99
2025-07-27,bw,115.03
2025-07-28,bw,115.08
2025-07-29,bw,114.97
2025-07-30,bw,114.84
2025-07-31,bw,114.46
2025-08-01,bw,114.09
2025-08-02,bw,113.77
2025-08-03,bw,113.46
2025-08-04,bw,113.05
2025-08-05,bw,112.78
2025-08-06,bw,112.62
2025-08-07,bw,112.66
2025-08-08,bw,112.8
2025-08-09,bw,112.83
2025-08-10,bw,112.91
2025-08-11,bw,113.14
2025-08-12,bw,113.29
2025-08-13,bw,113.42
2025-08-14,bw,113.44
2025-08-15,bw,113.48
2025-08-16,bw,113.44
2025-08-17,bw,113.36
2025-08-18,bw,113.15
2025-08-19,bw,113.11
2025-08-20,bw,113
2025-08-21,bw,113.01
2025-08-22,bw,113.01
2025-08-23,bw,113.1
2025-08-24,bw,113.23
2025-08-25,bw,113.48
2025-08-26,bw,113.52
2025-08-27,bw,113.64
2025-08-28,bw,113.74
2025-08-29,bw,113.77
2025-08-30,bw,113.79
2025-08-31,bw,113.74
2025-09-01,bw,113.72
2025-09-02,bw,113.94
2025-09-03,bw,114.03
2025-09-04,bw,114.08
2025-09-05,bw,114.09
2025-09-06,bw,114.21
2025-09-07,bw,114.34
2025-09-08,bw,114.41
2025-09-09,bw,114.35
2025-09-10,bw,114.33
2025-09-11,bw,114.33
2025-09-12,bw,114.43
2025-09-13,bw,114.49
2025-09-14,bw,114.59
2025-09-15,bw,114.66
2025-09-16,bw,114.67
2025-09-17,bw,114.79
2025-09-18,bw,114.89
2025-09-19,bw,114.9
2025-09-20,bw,114.86
2025-09-21,bw,114.74
2025-09-22,bw,114.63
2025-09-23,bw,114.58
2025-09-24,bw,114.37
2025-09-25,bw,114.25
2025-09-26,bw,114.12
2025-09-27,bw,114.03
2025-09-28,bw,113.98
2025-09-29,bw,113.92
2025-09-30,bw,113.9
2025-10-01,bw,113.91
2025-10-02,bw,113.98
2025-10-03,bw,114.08
2025-10-04,bw,114.2
2025-10-05,bw,114.38
2025-10-06,bw,114.65
2025-10-07,bw,114.67
2025-10-08,bw,114.87
2025-10-09,bw,114.85
2025-10-10,bw,114.87
2025-10-11,bw,114.8
2025-10-12,bw,114.65
2025-10-13,bw,114.46
2025-10-14,bw,114.43
2025-10-15,bw,114.22
2025-10-16,bw,114.1
2025-10-17,bw,113.94
2025-10-18,bw,113.82
2025-10-19,bw,113.81
2025-10-20,bw,113.77
2025-10-21,bw,113.63
2025-10-22,bw,113.66
2025-10-23,bw,113.65
2025-10-24,bw,113.64
2025-10-25,bw,113.69
2025-10-26,bw,113.69
2025-10-27,bw,113.68
2025-10-28,bw,113.76
2025-10-29,bw,113.79
2025-10-30,bw,113.82
2025-10-31,bw,113.87
2025-11-01,bw,113.72
2025-11-02,bw,113.68
2025-11-03,bw,113.59
2025-11-04,bw,113.39
2025-11-05,bw,113.13
2025-11-06,bw,112.98
2025-11-07,bw,112.83
2025-11-08,bw,112.83
2025-11-09,bw,112.76
2025-11-10,bw,112.81
2025-11-11,bw,113.01
2025-11-12,bw,113.15
2025-11-13,bw,113.25
2025-11-14,bw,113.31
2025-11-15,bw,113.39
2025-11-16,bw,113.32
2025-11-17,bw,113.24
2025-11-18,bw,113.26
2025-11-19,bw,113.16
2025-11-20,bw,113.12
2025-11-21,bw,113.12
2025-11-22,bw,113.08
2025-11-23,bw,113.11
2025-11-24,bw,113.15
2025-11-25,bw,113.05
2025-11-26,bw,113.06
2025-11-27,bw,113
2025-11-28,bw,112.91
2025-11-29,bw,112.83
2025-11-30,bw,112.75
2025-12-01,bw,112.62
2025-12-02,bw,112.55
2025-12-03,bw,112.46
2025-12-04,bw,112.28
2025-12-05,bw,112.11
2025-12-06,bw,111.88
2025-12-07,bw,111.67
2025-12-08,bw,111.45
2025-12-09,bw,111.21
2025-12-10,bw,111.04
2025-12-11,bw,110.99
2025-12-12,bw,110.93
2025-12-13,bw,110.9
2025-12-14,bw,110.92
2025-12-15,bw,110.99
2025-12-16,bw,111
2025-12-17,bw,111.16
2025-12-18,bw,111.22
2025-12-19,bw,111.33
2025-12-20,bw,111.43
2025-12-21,bw,111.48
2025-12-22,bw,111.62
2025-12-23,bw,111.78
2025-12-24,bw,111.72
2025-12-25,bw,111.74
2025-12-26,bw,111.66
2025-12-27,bw,111.61
2025-12-28,bw,111.56
2025-12-29,bw,111.52
2025-12-30,bw,111.49
2025-12-31,bw,111.48
2026-01-01,bw,111.44
2026-01-02,bw,111.38
2026-01-03,bw,111.25
2026-01-04,bw,111.04
2026-01-05,bw,110.84
2026-01-06,bw,110.77
2026-01-07,bw,110.78
2026-01-08,bw,110.84
2026-01-09,bw,110.92
2026-01-10,bw,110.87
2026-01-11,bw,110.88
2026-01-12,bw,111.13
2026-01-13,bw,111.36
2026-01-14,bw,111.17
2026-01-15,bw,110.88
2026-01-16,bw,110.79
2026-01-17,bw,110.74
2026-01-18,bw,110.7
2026-01-19,bw,110.28
2026-01-20,bw,109.78
2026-01-21,bw,109.64
2026-01-22,bw,109.67
2026-01-23,bw,109.67
2026-01-24,bw,109.77
2026-01-25,bw,109.76
2026-01-26,bw,109.77
2026-01-27,bw,109.78
2026-01-28,bw,109.79
2026-01-29,bw,109.68
2026-01-30,bw,109.42
2026-01-31,bw,109.19
2026-02-01,bw,109.03
2026-02-02,bw,108.89
2026-02-03,bw,108.74
2026-02-04,bw,108.6
2026-02-05,bw,108.5
2026-02-06,bw,108.47
2026-02-07,bw,108.43
2026-02-08,bw,108.46
2026-02-09,bw,108.52
2026-02-10,bw,108.59
2026-02-11,bw,108.65
2026-02-12,bw,108.71
2026-02-13,bw,108.77
2026-02-14,bw,108.83
2026-02-15,bw,108.89
2026-02-16,bw,108.95
2026-02-17,bw,109.01
2026-02-18,bw,109.07
2026-02-19,bw,109.13
2026-02-20,bw,109.19
2026-02-21,bw,109.25
2026-02-22,bw,109.31
2026-02-23,bw,109.37
2026-02-24,bw,109.43
2026-02-25,bw,109.49
2026-02-26,bw,109.6
2026-02-27,bw,109.74
2026-02-28,bw,109.79
2026-03-01,bw,109.71
2026-03-02,bw,109.61
2026-03-03,bw,109.65
2026-03-04,bw,109.61
2026-03-05,bw,109.42
2026-03-06,bw,109.19
2026-03-07,bw,109.08
2026-03-08,bw,108.96
2026-03-09,bw,108.94
2026-03-10,bw,108.59
2026-03-11,bw,108.11
2026-03-12,bw,107.76
2026-03-13,bw,107.55
2026-03-14,bw,107.21
2026-03-15,bw,106.99
2026-03-16,bw,106.71
2026-03-17,bw,106.46
2026-03-18,bw,106.53
2026-03-19,bw,106.61
2026-03-20,bw,106.54
2026-03-21,bw,106.53
2026-03-22,bw,106.47
2026-03-23,bw,106.35
2026-03-24,bw,106.35
2026-03-25,bw,106.14
2026-03-26,bw,105.97
2026-03-27,bw,105.79
2026-03-28,bw,105.62
2026-03-29,bw,105.51
2026-03-30,bw,105.47
2026-03-31,bw,105.32
2026-04-01,bw,105.17
2026-04-02,bw,104.94
2026-04-03,bw,104.54
2026-04-04,bw,104.13
2026-04-05,bw,103.8
2026-04-06,bw,103.36
2026-04-07,bw,103.03
2026-04-08,bw,102.8
2026-04-09,bw,102.62
2026-04-10,bw,102.53
2026-04-11,bw,102.44
2026-04-12,bw,102.27
2026-04-13,bw,102.2
2026-04-14,bw,102.14
2026-04-15,bw,102.06
2026-04-16,bw,101.91
2026-04-17,bw,101.66
2026-04-18,bw,101.4
2026-04-19,bw,101.29
2026-04-20,bw,101.2
2026-04-21,bw,101.16
2026-04-22,bw,101.25
2026-04-23,bw,101.38
2026-04-24,bw,101.73
2026-04-25,bw,102.09
2026-04-26,bw,102.27
2026-04-27,bw,102.37
2026-04-28,bw,102.39
2026-04-29,bw,102.39
2026-04-30,bw,102.26
2026-05-01,bw,102.08
2026-05-02,bw,102
2026-05-03,bw,101.94
2026-05-04,bw,101.93
2026-05-05,bw,101.99
2026-05-06,bw,101.95
2026-05-07,bw,102.13
2026-05-08,bw,102.36
2026-05-09,bw,102.53
2026-05-10,bw,102.62
2026-05-11,bw,102.74
2026-05-12,bw,102.83
2026-05-13,bw,102.99
2026-05-14,bw,103.11
2026-05-15,bw,103.13
2026-05-16,bw,103.1
2026-05-17,bw,103.19
2026-05-18,bw,103.29
2026-05-19,bw,103.39
2026-05-20,bw,103.46
2026-05-21,bw,103.41
2026-05-22,bw,103.32
2026-05-23,bw,103.2
2026-05-24,bw,103.05
2026-05-25,bw,102.72
2026-05-26,bw,102.25
2026-05-27,bw,101.64
2026-05-28,bw,101.25
2026-05-29,bw,100.94
2026-05-30,bw,100.83
2026-05-31,bw,100.57
2026-06-01,bw,100.56
2026-06-02,bw,100.71
2026-06-03,bw,101.05
2026-06-04,bw,101.31
2026-06-05,bw,101.52
2026-06-06,bw,101.6
2026-06-07,bw,101.81
2026-06-08,bw,101.78
2026-06-09,bw,101.8
2026-06-10,bw,101.69
2026-06-11,bw,101.57
2026-06-12,bw,101.62
2026-06-13,bw,101.79
2026-06-14,bw,101.95
2026-06-15,bw,102.07
2026-06-16,bw,102.06
2026-06-17,bw,102.18
2026-06-18,bw,102.15
2026-06-19,bw,102.19
2026-06-20,bw,102.16
2026-06-21,bw,102.1
2026-06-22,bw,101.98
2026-06-23,bw,101.83
2026-06-24,bw,101.69
2026-06-25,bw,101.61
2026-06-26,bw,101.28
2026-06-27,bw,101.05
2026-06-28,bw,100.77
2026-06-29,bw,100.56
2026-06-30,bw,100.16
2026-07-01,bw,99.88
2026-07-02,bw,99.65
2026-07-03,bw,99.53
2026-07-04,bw,99.44
2026-07-05,bw,99.38
2026-07-06,bw,99.27
2026-07-07,bw,99.48
2026-07-08,bw,99.54
2026-07-09,bw,99.66
2026-07-10,bw,99.7
2026-07-11,bw,99.7
2026-07-12,bw,99.7
2026-07-13,bw,99.74
2026-07-14,bw,99.71
2026-07-15,bw,99.68
2026-07-16,bw,99.53
2026-07-17,bw,99.35
2026-07-18,bw,99.17
2026-07-19,bw,99.02
2026-07-20,bw,99.01
2026-07-21,bw,98.96
2026-07-22,bw,98.99
2026-07-23,bw,98.94
2026-07-24,bw,99.04
2026-07-25,bw,99.14
2026-07-26,bw,99.29
2026-07-27,bw,99.34
2026-07-28,bw,99.43
2026-07-29,bw,99.3
2026-07-30,bw,99.27
2026-07-31,bw,99.02
2026-08-01,bw,98.91
2026-08-02,bw,98.73
2026-08-03,bw,98.56
2026-08-04,bw,98.44
2026-08-05,bw,98.4
2026-08-06,bw,98.46
2026-08-07,bw,98.71
2026-08-08,bw,98.77
2026-08-09,bw,98.87
2026-08-10,bw,98.94
2026-08-11,bw,99.01
2026-08-12,bw,99.11
2026-08-13,bw,99.19
2026-08-14,bw,99.23
2026-08-15,bw,99.29
2026-08-16,bw,99.32
2026-08-17,bw,99.37
2026-08-18,bw,99.36
2026-08-19,bw,99.39
2026-08-20,bw,99.39
2026-08-21,bw,99.35
2026-08-22,bw,99.26
2026-08-23,bw,99.22
2026-08-24,bw,99.16
2026-08-25,bw,99.1
2026-08-26,bw,99.01
2026-08-27,bw,98.89
2026-08-28,bw,98.74
2026-08-29,bw,98.69
2026-08-30,bw,98.63
2026-08-31,bw,98.51
2026-09-01,bw,98.52
2026-09-02,bw,98.71
2026-09-03,bw,98.93
2026-09-04,bw,99.27
2026-09-05,bw,99.56
2026-09-06,bw,99.73
2026-09-07,bw,99.99
2026-09-08,bw,100.18
2026-09-09,bw,100.09
2026-09-10,bw,100.04
2026-09-11,bw,99.97
2026-09-12,bw,99.87
2026-09-13,bw,99.85
2026-09-14,bw,99.75
2026-09-15,bw,99.69
2026-09-16,bw,99.6
2026-09-17,bw,99.61
2026-09-18,bw,99.52
2020-02-01,by,100
2020-02-02,by,99.94
2020-02-03,by,99.92
2020-02-04,by,99.79
2020-02-05,by,99.81
2020-02-06,by,99.84
2020-02-07,by,99.87
2020-02-08,by,99.91
2020-02-09,by,99.97
2020-02-10,by,99.99
2020-02-11,by,100.05
2020-02-12,by,100.05
2020-02-13,by,100.1
2020-02-14,by,100.1
2020-02-15,by,100.16
2020-02-16,by,100.18
2020-02-17,by,100.45
2020-02-18,by,100.63
2020-02-19,by,100.79
2020-02-20,by,100.99
2020-02-21,by,101.18
2020-02-22,by,101.18
2020-02-23,by,101.33
2020-02-24,by,101.37
2020-02-25,by,101.5
2020-02-26,by,101.85
2020-02-27,by,102.11
2020-02-28,by,102.41
2020-02-29,by,102.77
2020-03-01,by,102.98
2020-03-02,by,103.03
2020-03-03,by,103.14
2020-03-04,by,102.87
2020-03-05,by,102.53
2020-03-06,by,102.24
2020-03-07,by,102
2020-03-08,by,101.73
2020-03-09,by,101.37
2020-03-10,by,101.17
2020-03-11,by,101.07
2020-03-12,by,101.18
2020-03-13,by,101
2020-03-14,by,100.75
2020-03-15,by,100.54
2020-03-16,by,100.42
2020-03-17,by,100.02
2020-03-18,by,99.64
2020-03-19,by,98.97
2020-03-20,by,98.33
2020-03-21,by,97.79
2020-03-22,by,97.29
2020-03-23,by,96.76
2020-03-24,by,96.23
2020-03-25,by,95.67
2020-03-26,by,95.14
2020-03-27,by,94.61
2020-03-28,by,93.83
2020-03-29,by,93.03
2020-03-30,by,92.34
2020-03-31,by,91.61
2020-04-01,by,90.81
2020-04-02,by,90
2020-04-03,by,89.17
2020-04-04,by,88.46
2020-04-05,by,87.71
2020-04-06,by,86.93
2020-04-07,by,86.03
2020-04-08,by,85.25
2020-04-09,by,84.58
2020-04-10,by,84.08
2020-04-11,by,83.67
2020-04-12,by,83.37
2020-04-13,by,83.03
2020-04-14,by,83.08
2020-04-15,by,83.1
2020-04-16,by,83.04
2020-04-17,by,83
2020-04-18,by,82.91
2020-04-19,by,82.71
2020-04-20,by,82.61
2020-04-21,by,82.34
2020-04-22,by,82.14
2020-04-23,by,82.03
2020-04-24,by,81.93
2020-04-25,by,81.94
2020-04-26,by,82.1
2020-04-27,by,82.14
2020-04-28,by,82.2
2020-04-29,by,82.11
2020-04-30,by,81.94
2020-05-01,by,81.75
2020-05-02,by,81.53
2020-05-03,by,81.28
2020-05-04,by,81.02
2020-05-05,by,80.74
2020-05-06,by,80.55
2020-05-07,by,80.41
2020-05-08,by,80.27
2020-05-09,by,79.96
2020-05-10,by,79.55
2020-05-11,by,79.24
2020-05-12,by,78.92
2020-05-13,by,78.56
2020-05-14,by,78.25
2020-05-15,by,77.93
2020-05-16,by,77.72
2020-05-17,by,77.5
2020-05-18,by,77.27
2020-05-19,by,77.02
2020-05-20,by,76.91
2020-05-21,by,77
2020-05-22,by,77.17
2020-05-23,by,77.29
2020-05-24,by,77.46
2020-05-25,by,77.76
2020-05-26,by,78.03
2020-05-27,by,78.23
2020-05-28,by,78.24
2020-05-29,by,78.21
2020-05-30,by,78.3
2020-05-31,by,78.34
2020-06-01,by,78.33
2020-06-02,by,78.48
2020-06-03,by,78.7
2020-06-04,by,78.75
2020-06-05,by,78.89
2020-06-06,by,78.72
2020-06-07,by,78.56
2020-06-08,by,78.41
2020-06-09,by,78.4
2020-06-10,by,78.22
2020-06-11,by,78.41
2020-06-12,by,78.59
2020-06-13,by,78.9
2020-06-14,by,79.29
2020-06-15,by,79.45
2020-06-16,by,79.43
2020-06-17,by,79.42
2020-06-18,by,79.34
2020-06-19,by,79.11
2020-06-20,by,78.94
2020-06-21,by,78.62
2020-06-22,by,78.41
2020-06-23,by,78.17
2020-06-24,by,78.08
2020-06-25,by,77.79
2020-06-26,by,77.5
2020-06-27,by,77.39
2020-06-28,by,77.33
2020-06-29,by,77.21
2020-06-30,by,77.06
2020-07-01,by,76.95
2020-07-02,by,76.99
2020-07-03,by,77.12
2020-07-04,by,77.2
2020-07-05,by,77.26
2020-07-06,by,77.43
2020-07-07,by,77.67
2020-07-08,by,77.9
2020-07-09,by,78.02
2020-07-10,by,78.1
2020-07-11,by,78.1
2020-07-12,by,78.21
2020-07-13,by,78.24
2020-07-14,by,78.29
2020-07-15,by,78.29
2020-07-16,by,78.33
2020-07-17,by,78.36
2020-07-18,by,78.43
2020-07-19,by,78.44
2020-07-20,by,78.44
2020-07-21,by,78.36
2020-07-22,by,78.34
2020-07-23,by,78.3
2020-07-24,by,78.26
2020-07-25,by,78.31
2020-07-26,by,78.49
2020-07-27,by,78.63
2020-07-28,by,78.77
2020-07-29,by,78.78
2020-07-30,by,78.77
2020-07-31,by,78.9
2020-08-01,by,78.98
2020-08-02,by,78.94
2020-08-03,by,78.93
2020-08-04,by,78.95
2020-08-05,by,78.99
2020-08-06,by,79.15
2020-08-07,by,79.19
2020-08-08,by,79.24
2020-08-09,by,79.35
2020-08-10,by,79.51
2020-08-11,by,79.64
2020-08-12,by,79.8
2020-08-13,by,79.98
2020-08-14,by,80.05
2020-08-15,by,80.05
2020-08-16,by,80.15
2020-08-17,by,80.21
2020-08-18,by,80.32
2020-08-19,by,80.42
2020-08-20,by,80.48
2020-08-21,by,80.61
2020-08-22,by,80.75
2020-08-23,by,80.85
2020-08-24,by,80.96
2020-08-25,by,81.09
2020-08-26,by,81.24
2020-08-27,by,81.4
2020-08-28,by,81.52
2020-08-29,by,81.69
2020-08-30,by,81.75
2020-08-31,by,81.88
2020-09-01,by,81.93
2020-09-02,by,81.95
2020-09-03,by,81.92
2020-09-04,by,81.93
2020-09-05,by,81.91
2020-09-06,by,81.97
2020-09-07,by,81.97
2020-09-08,by,81.99
2020-09-09,by,82.02
2020-09-10,by,82.12
2020-09-11,by,82.31
2020-09-12,by,82.39
2020-09-13,by,82.36
2020-09-14,by,82.45
2020-09-15,by,82.51
2020-09-16,by,82.61
2020-09-17,by,82.65
2020-09-18,by,82.72
2020-09-19,by,82.84
2020-09-20,by,83.06
2020-09-21,by,83.17
2020-09-22,by,83.28
2020-09-23,by,83.36
2020-09-24,by,83.45
2020-09-25,by,83.52
2020-09-26,by,83.63
2020-09-27,by,83.76
2020-09-28,by,83.97
2020-09-29,by,84.19
2020-09-30,by,84.39
2020-10-01,by,84.87
2020-10-02,by,85.24
2020-10-03,by,85.63
2020-10-04,by,86.09
2020-10-05,by,86.5
2020-10-06,by,87.01
2020-10-07,by,87.5
2020-10-08,by,87.68
2020-10-09,by,87.93
2020-10-10,by,88.18
2020-10-11,by,88.38
2020-10-12,by,88.46
2020-10-13,by,88.5
2020-10-14,by,88.63
2020-10-15,by,88.79
2020-10-16,by,88.96
2020-10-17,by,89.09
2020-10-18,by,89.21
2020-10-19,by,89.4
2020-10-20,by,89.59
2020-10-21,by,89.83
2020-10-22,by,89.97
2020-10-23,by,90.02
2020-10-24,by,90.04
2020-10-25,by,90.03
2020-10-26,by,90.01
2020-10-27,by,89.99
2020-10-28,by,89.84
2020-10-29,by,89.88
2020-10-30,by,89.89
2020-10-31,by,89.87
2020-11-01,by,89.91
2020-11-02,by,90.02
2020-11-03,by,90.07
2020-11-04,by,90.08
2020-11-05,by,89.98
2020-11-06,by,89.93
2020-11-07,by,90
2020-11-08,by,90
2020-11-09,by,89.95
2020-11-10,by,89.93
2020-11-11,by,89.96
2020-11-12,by,90.02
2020-11-13,by,90.08
2020-11-14,by,89.99
2020-11-15,by,89.99
2020-11-16,by,89.97
2020-11-17,by,89.97
2020-11-18,by,89.99
2020-11-19,by,89.98
2020-11-20,by,89.96
2020-11-21,by,90
2020-11-22,by,89.94
2020-11-23,by,89.91
2020-11-24,by,89.81
2020-11-25,by,89.81
2020-11-26,by,89.88
2020-11-27,by,89.88
2020-11-28,by,89.98
2020-11-29,by,90.13
2020-11-30,by,90.28
2020-12-01,by,90.54
2020-12-02,by,90.74
2020-12-03,by,90.88
2020-12-04,by,91.2
2020-12-05,by,91.44
2020-12-06,by,91.6
2020-12-07,by,91.71
2020-12-08,by,91.8
2020-12-09,by,91.81
2020-12-10,by,91.79
2020-12-11,by,91.68
2020-12-12,by,91.54
2020-12-13,by,91.5
2020-12-14,by,91.48
2020-12-15,by,91.55
2020-12-16,by,91.59
2020-12-17,by,91.66
2020-12-18,by,91.68
2020-12-19,by,91.78
2020-12-20,by,91.86
2020-12-21,by,91.93
2020-12-22,by,91.94
2020-12-23,by,91.98
2020-12-24,by,92.11
2020-12-25,by,92.24
2020-12-26,by,92.27
2020-12-27,by,92.32
2020-12-28,by,92.47
2020-12-29,by,92.51
2020-12-30,by,92.57
2020-12-31,by,92.58
2021-01-01,by,92.68
2021-01-02,by,92.76
2021-01-03,by,92.79
2021-01-04,by,92.73
2021-01-05,by,92.73
2021-01-06,by,92.81
2021-01-07,by,92.8
2021-01-08,by,92.75
2021-01-09,by,92.74
2021-01-10,by,92.68
2021-01-11,by,92.63
2021-01-12,by,92.63
2021-01-13,by,92.5
2021-01-14,by,92.51
2021-01-15,by,92.41
2021-01-16,by,92.4
2021-01-17,by,92.42
2021-01-18,by,92.36
2021-01-19,by,92.31
2021-01-20,by,92.21
2021-01-21,by,92.07
2021-01-22,by,92.07
2021-01-23,by,92.01
2021-01-24,by,92.01
2021-01-25,by,92.08
2021-01-26,by,92.04
2021-01-27,by,92.1
2021-01-28,by,92.2
2021-01-29,by,92.21
2021-01-30,by,92.2
2021-01-31,by,92.17
2021-02-01,by,92.15
2021-02-02,by,92.16
2021-02-03,by,92.22
2021-02-04,by,92.1
2021-02-05,by,92.09
2021-02-06,by,92.08
2021-02-07,by,92.03
2021-02-08,by,91.96
2021-02-09,by,91.96
2021-02-10,by,91.91
2021-02-11,by,92.02
2021-02-12,by,92.06
2021-02-13,by,92.21
2021-02-14,by,92.39
2021-02-15,by,92.61
2021-02-16,by,92.85
2021-02-17,by,93.23
2021-02-18,by,93.55
2021-02-19,by,93.86
2021-02-20,by,94.11
2021-02-21,by,94.34
2021-02-22,by,94.45
2021-02-23,by,94.62
2021-02-24,by,94.78
2021-02-25,by,94.95
2021-02-26,by,95.28
2021-02-27,by,95.61
2021-02-28,by,95.98
2021-03-01,by,96.36
2021-03-02,by,96.69
2021-03-03,by,96.85
2021-03-04,by,96.9
2021-03-05,by,96.8
2021-03-06,by,96.78
2021-03-07,by,96.8
2021-03-08,by,96.85
2021-03-09,by,96.66
2021-03-10,by,96.46
2021-03-11,by,96.42
2021-03-12,by,96.46
2021-03-13,by,96.41
2021-03-14,by,96.3
2021-03-15,by,96.23
2021-03-16,by,96.36
2021-03-17,by,96.57
2021-03-18,by,96.81
2021-03-19,by,97.11
2021-03-20,by,97.53
2021-03-21,by,98.11
2021-03-22,by,98.68
2021-03-23,by,99.25
2021-03-24,by,99.85
2021-03-25,by,100.51
2021-03-26,by,100.96
2021-03-27,by,101.29
2021-03-28,by,101.37
2021-03-29,by,101.43
2021-03-30,by,101.52
2021-03-31,by,101.52
2021-04-01,by,101.35
2021-04-02,by,101.15
2021-04-03,by,100.9
2021-04-04,by,100.7
2021-04-05,by,100.48
2021-04-06,by,100.34
2021-04-07,by,99.93
2021-04-08,by,99.51
2021-04-09,by,99.21
2021-04-10,by,98.93
2021-04-11,by,98.66
2021-04-12,by,98.46
2021-04-13,by,98.21
2021-04-14,by,98.25
2021-04-15,by,98.34
2021-04-16,by,98.32
2021-04-17,by,98.43
2021-04-18,by,98.52
2021-04-19,by,98.73
2021-04-20,by,98.8
2021-04-21,by,98.87
2021-04-22,by,98.93
2021-04-23,by,99.09
2021-04-24,by,99.19
2021-04-25,by,99.36
2021-04-26,by,99.56
2021-04-27,by,99.48
2021-04-28,by,99.51
2021-04-29,by,99.53
2021-04-30,by,99.51
2021-05-01,by,99.57
2021-05-02,by,99.72
2021-05-03,by,99.78
2021-05-04,by,100.14
2021-05-05,by,100.42
2021-05-06,by,100.7
2021-05-07,by,101.03
2021-05-08,by,101.35
2021-05-09,by,101.46
2021-05-10,by,101.41
2021-05-11,by,101.44
2021-05-12,by,101.58
2021-05-13,by,101.74
2021-05-14,by,101.87
2021-05-15,by,101.86
2021-05-16,by,101.98
2021-05-17,by,102.03
2021-05-18,by,102.11
2021-05-19,by,102.17
2021-05-20,by,102.37
2021-05-21,by,102.55
2021-05-22,by,102.77
2021-05-23,by,102.97
2021-05-24,by,103.35
2021-05-25,by,103.77
2021-05-26,by,103.91
2021-05-27,by,103.99
2021-05-28,by,104.23
2021-05-29,by,104.47
2021-05-30,by,104.81
2021-05-31,by,105.14
2021-06-01,by,105.41
2021-06-02,by,106.09
2021-06-03,by,106.82
2021-06-04,by,107.22
2021-06-05,by,107.69
2021-06-06,by,107.96
2021-06-07,by,108.14
2021-06-08,by,108.31
2021-06-09,by,108.57
2021-06-10,by,108.56
2021-06-11,by,108.94
2021-06-12,by,109.43
2021-06-13,by,109.94
2021-06-14,by,110.54
2021-06-15,by,111.02
2021-06-16,by,111.26
2021-06-17,by,111.63
2021-06-18,by,111.99
2021-06-19,by,112.17
2021-06-20,by,112.35
2021-06-21,by,112.41
2021-06-22,by,112.47
2021-06-23,by,112.62
2021-06-24,by,112.8
2021-06-25,by,112.78
2021-06-26,by,112.71
2021-06-27,by,112.71
2021-06-28,by,112.86
2021-06-29,by,113.09
2021-06-30,by,113.18
2021-07-01,by,113.26
2021-07-02,by,113.39
2021-07-03,by,113.79
2021-07-04,by,114.19
2021-07-05,by,114.43
2021-07-06,by,114.77
2021-07-07,by,115.11
2021-07-08,by,115.6
2021-07-09,by,115.96
2021-07-10,by,116.05
2021-07-11,by,116.15
2021-07-12,by,116.52
2021-07-13,by,116.77
2021-07-14,by,117.08
2021-07-15,by,117.3
2021-07-16,by,117.75
2021-07-17,by,118.32
2021-07-18,by,118.92
2021-07-19,by,119.32
2021-07-20,by,119.73
2021-07-21,by,120.11
2021-07-22,by,120.48
2021-07-23,by,120.64
2021-07-24,by,120.71
2021-07-25,by,120.83
2021-07-26,by,121.02
2021-07-27,by,121.36
2021-07-28,by,121.67
2021-07-29,by,121.81
2021-07-30,by,122.14
2021-07-31,by,122.53
2021-08-01,by,122.83
2021-08-02,by,123.05
2021-08-03,by,123.13
2021-08-04,by,123.33
2021-08-05,by,123.74
2021-08-06,by,124.2
2021-08-07,by,124.61
2021-08-08,by,125.06
2021-08-09,by,125.51
2021-08-10,by,126.07
2021-08-11,by,126.55
2021-08-12,by,126.81
2021-08-13,by,126.94
2021-08-14,by,127.09
2021-08-15,by,127.27
2021-08-16,by,127.52
2021-08-17,by,127.66
2021-08-18,by,127.96
2021-08-19,by,128.41
2021-08-20,by,128.82
2021-08-21,by,129.19
2021-08-22,by,129.5
2021-08-23,by,129.78
2021-08-24,by,130.09
2021-08-25,by,130.19
2021-08-26,by,130.33
2021-08-27,by,130.5
2021-08-28,by,130.67
2021-08-29,by,130.89
2021-08-30,by,131.04
2021-08-31,by,131.17
2021-09-01,by,131.24
2021-09-02,by,131.37
2021-09-03,by,131.41
2021-09-04,by,131.47
2021-09-05,by,131.5
2021-09-06,by,131.57
2021-09-07,by,131.76
2021-09-08,by,131.93
2021-09-09,by,131.96
2021-09-10,by,132.1
2021-09-11,by,132.3
2021-09-12,by,132.5
2021-09-13,by,132.66
2021-09-14,by,132.67
2021-09-15,by,132.76
2021-09-16,by,132.87
2021-09-17,by,132.95
2021-09-18,by,132.97
2021-09-19,by,132.99
2021-09-20,by,133.09
2021-09-21,by,133.26
2021-09-22,by,133.34
2021-09-23,by,133.52
2021-09-24,by,133.6
2021-09-25,by,133.78
2021-09-26,by,133.95
2021-09-27,by,134.07
2021-09-28,by,134.23
2021-09-29,by,134.46
2021-09-30,by,134.61
2021-10-01,by,134.86
2021-10-02,by,135.04
2021-10-03,by,135.23
2021-10-04,by,135.48
2021-10-05,by,135.77
2021-10-06,by,136.14
2021-10-07,by,136.45
2021-10-08,by,136.99
2021-10-09,by,137.56
2021-10-10,by,138.11
2021-10-11,by,138.59
2021-10-12,by,138.97
2021-10-13,by,139.19
2021-10-14,by,139.52
2021-10-15,by,139.64
2021-10-16,by,139.67
2021-10-17,by,139.72
2021-10-18,by,139.72
2021-10-19,by,139.87
2021-10-20,by,140.02
2021-10-21,by,140.19
2021-10-22,by,140.28
2021-10-23,by,140.45
2021-10-24,by,140.56
2021-10-25,by,140.74
2021-10-26,by,140.75
2021-10-27,by,140.79
2021-10-28,by,140.85
2021-10-29,by,140.88
2021-10-30,by,140.97
2021-10-31,by,141.09
2021-11-01,by,140.99
2021-11-02,by,140.9
2021-11-03,by,140.79
2021-11-04,by,140.9
2021-11-05,by,141.11
2021-11-06,by,141.3
2021-11-07,by,141.46
2021-11-08,by,141.66
2021-11-09,by,141.91
2021-11-10,by,142.17
2021-11-11,by,142.14
2021-11-12,by,142.05
2021-11-13,by,141.91
2021-11-14,by,141.77
2021-11-15,by,141.83
2021-11-16,by,141.89
2021-11-17,by,141.99
2021-11-18,by,142.07
2021-11-19,by,142.2
2021-11-20,by,142.25
2021-11-21,by,142.38
2021-11-22,by,142.51
2021-11-23,by,142.6
2021-11-24,by,142.73
2021-11-25,by,142.81
2021-11-26,by,142.86
2021-11-27,by,143.01
2021-11-28,by,143.07
2021-11-29,by,143.13
2021-11-30,by,143.11
2021-12-01,by,143.08
2021-12-02,by,143.16
2021-12-03,by,143.22
2021-12-04,by,143.38
2021-12-05,by,143.52
2021-12-06,by,143.59
2021-12-07,by,143.91
2021-12-08,by,144.11
2021-12-09,by,144.2
2021-12-10,by,144.34
2021-12-11,by,144.41
2021-12-12,by,144.56
2021-12-13,by,144.85
2021-12-14,by,144.98
2021-12-15,by,145.07
2021-12-16,by,145.22
2021-12-17,by,145.41
2021-12-18,by,145.5
2021-12-19,by,145.55
2021-12-20,by,145.54
2021-12-21,by,145.56
2021-12-22,by,145.72
2021-12-23,by,145.92
2021-12-24,by,146.14
2021-12-25,by,146.41
2021-12-26,by,146.73
2021-12-27,by,147.09
2021-12-28,by,147.39
2021-12-29,by,147.43
2021-12-30,by,147.62
2021-12-31,by,147.67
2022-01-01,by,147.71
2022-01-02,by,147.64
2022-01-03,by,147.52
2022-01-04,by,147.48
2022-01-05,by,147.67
2022-01-06,by,147.67
2022-01-07,by,147.75
2022-01-08,by,147.78
2022-01-09,by,147.76
2022-01-10,by,147.48
2022-01-11,by,147.11
2022-01-12,by,146.77
2022-01-13,by,146.49
2022-01-14,by,146.1
2022-01-15,by,146
2022-01-16,by,146.07
2022-01-17,by,146.39
2022-01-18,by,146.75
2022-01-19,by,147.11
2022-01-20,by,147.44
2022-01-21,by,147.86
2022-01-22,by,148.05
2022-01-23,by,148.12
2022-01-24,by,148.19
2022-01-25,by,148.36
2022-01-26,by,148.47
2022-01-27,by,148.66
2022-01-28,by,148.92
2022-01-29,by,149.23
2022-01-30,by,149.52
2022-01-31,by,149.75
2022-02-01,by,149.81
2022-02-02,by,149.94
2022-02-03,by,149.98
2022-02-04,by,150
2022-02-05,by,149.97
2022-02-06,by,149.99
2022-02-07,by,150.02
2022-02-08,by,150.18
2022-02-09,by,150.43
2022-02-10,by,150.73
2022-02-11,by,150.98
2022-02-12,by,151.33
2022-02-13,by,151.76
2022-02-14,by,152.06
2022-02-15,by,152.53
2022-02-16,by,152.82
2022-02-17,by,153.49
2022-02-18,by,154.04
2022-02-19,by,154.54
2022-02-20,by,155.09
2022-02-21,by,155.66
2022-02-22,by,156.01
2022-02-23,by,156.49
2022-02-24,by,156.6
2022-02-25,by,156.86
2022-02-26,by,157.22
2022-02-27,by,157.36
2022-02-28,by,157.61
2022-03-01,by,157.8
2022-03-02,by,157.92
2022-03-03,by,158.19
2022-03-04,by,158.28
2022-03-05,by,158.19
2022-03-06,by,158.28
2022-03-07,by,158.41
2022-03-08,by,158.55
2022-03-09,by,158.51
2022-03-10,by,158.1
2022-03-11,by,157.89
2022-03-12,by,157.93
2022-03-13,by,157.76
2022-03-14,by,157.52
2022-03-15,by,157.2
2022-03-16,by,157.06
2022-03-17,by,157.17
2022-03-18,by,157.33
2022-03-19,by,157.31
2022-03-20,by,157.5
2022-03-21,by,157.97
2022-03-22,by,158.71
2022-03-23,by,159.37
2022-03-24,by,160.07
2022-03-25,by,160.79
2022-03-26,by,161.51
2022-03-27,by,162.12
2022-03-28,by,162.39
2022-03-29,by,162.57
2022-03-30,by,162.73
2022-03-31,by,162.76
2022-04-01,by,162.68
2022-04-02,by,162.5
2022-04-03,by,162.25
2022-04-04,by,162.06
2022-04-05,by,161.77
2022-04-06,by,161.7
2022-04-07,by,161.12
2022-04-08,by,160.63
2022-04-09,by,160.25
2022-04-10,by,160
2022-04-11,by,159.65
2022-04-12,by,159.42
2022-04-13,by,159.31
2022-04-14,by,159.68
2022-04-15,by,159.84
2022-04-16,by,159.95
2022-04-17,by,160.07
2022-04-18,by,160.27
2022-04-19,by,160.44
2022-04-20,by,160.4
2022-04-21,by,160.26
2022-04-22,by,160.23
2022-04-23,by,160.34
2022-04-24,by,160.5
2022-04-25,by,160.71
2022-04-26,by,160.91
2022-04-27,by,160.93
2022-04-28,by,161.25
2022-04-29,by,161.64
2022-04-30,by,161.89
2022-05-01,by,162.05
2022-05-02,by,162.23
2022-05-03,by,162.44
2022-05-04,by,162.81
2022-05-05,by,163.05
2022-05-06,by,163.12
2022-05-07,by,163.29
2022-05-08,by,163.52
2022-05-09,by,163.69
2022-05-10,by,163.78
2022-05-11,by,163.95
2022-05-12,by,164.13
2022-05-13,by,164.25
2022-05-14,by,164.43
2022-05-15,by,164.63
2022-05-16,by,164.88
2022-05-17,by,165.19
2022-05-18,by,165.42
2022-05-19,by,165.57
2022-05-20,by,165.82
2022-05-21,by,165.87
2022-05-22,by,165.86
2022-05-23,by,165.84
2022-05-24,by,165.83
2022-05-25,by,165.81
2022-05-26,by,165.8
2022-05-27,by,165.78
2022-05-28,by,165.77
2022-05-29,by,165.75
2022-05-30,by,165.74
2022-05-31,by,165.68
2022-06-01,by,165.73
2022-06-02,by,165.77
2022-06-03,by,165.77
2022-06-04,by,165.74
2022-06-05,by,165.85
2022-06-06,by,165.8
2022-06-07,by,165.65
2022-06-08,by,165.48
2022-06-09,by,165.52
2022-06-10,by,165.69
2022-06-11,by,165.84
2022-06-12,by,165.83
2022-06-13,by,165.93
2022-06-14,by,166.36
2022-06-15,by,166.69
2022-06-16,by,167.01
2022-06-17,by,166.62
2022-06-18,by,166.77
2022-06-19,by,166.92
2022-06-20,by,166.93
2022-06-21,by,166.55
2022-06-22,by,166.17
2022-06-23,by,165.72
2022-06-24,by,166.13
2022-06-25,by,166.01
2022-06-26,by,165.98
2022-06-27,by,166.18
2022-06-28,by,166.41
2022-06-29,by,166.67
2022-06-30,by,166.65
2022-07-01,by,166.51
2022-07-02,by,166.61
2022-07-03,by,166.6
2022-07-04,by,166.57
2022-07-05,by,166.56
2022-07-06,by,166.62
2022-07-07,by,166.77
2022-07-08,by,166.89
2022-07-09,by,166.94
2022-07-10,by,166.89
2022-07-11,by,166.76
2022-07-12,by,166.78
2022-07-13,by,166.68
2022-07-14,by,166.7
2022-07-15,by,166.77
2022-07-16,by,166.69
2022-07-17,by,166.85
2022-07-18,by,166.84
2022-07-19,by,166.79
2022-07-20,by,166.8
2022-07-21,by,166.71
2022-07-22,by,166.51
2022-07-23,by,166.26
2022-07-24,by,165.96
2022-07-25,by,165.85
2022-07-26,by,165.92
2022-07-27,by,165.89
2022-07-28,by,165.71
2022-07-29,by,165.62
2022-07-30,by,165.7
2022-07-31,by,165.71
2022-08-01,by,165.6
2022-08-02,by,165.44
2022-08-03,by,165.15
2022-08-04,by,165.09
2022-08-05,by,164.86
2022-08-06,by,164.65
2022-08-07,by,164.39
2022-08-08,by,164.2
2022-08-09,by,164.01
2022-08-10,by,163.93
2022-08-11,by,163.7
2022-08-12,by,163.73
2022-08-13,by,163.55
2022-08-14,by,163.72
2022-08-15,by,163.89
2022-08-16,by,164.01
2022-08-17,by,164.18
2022-08-18,by,164.43
2022-08-19,by,164.51
2022-08-20,by,164.7
2022-08-21,by,164.66
2022-08-22,by,164.63
2022-08-23,by,164.51
2022-08-24,by,164.51
2022-08-25,by,164.6
2022-08-26,by,164.75
2022-08-27,by,164.9
2022-08-28,by,164.99
2022-08-29,by,164.93
2022-08-30,by,165.04
2022-08-31,by,165.16
2022-09-01,by,165.19
2022-09-02,by,165.05
2022-09-03,by,165.09
2022-09-04,by,165.22
2022-09-05,by,165.55
2022-09-06,by,165.63
2022-09-07,by,165.55
2022-09-08,by,165.49
2022-09-09,by,165.59
2022-09-10,by,165.59
2022-09-11,by,165.41
2022-09-12,by,165.18
2022-09-13,by,165.17
2022-09-14,by,165.29
2022-09-15,by,165.31
2022-09-16,by,165.3
2022-09-17,by,165.23
2022-09-18,by,165.15
2022-09-19,by,165.16
2022-09-20,by,165.02
2022-09-21,by,164.86
2022-09-22,by,164.94
2022-09-23,by,165.07
2022-09-24,by,165.31
2022-09-25,by,165.65
2022-09-26,by,165.92
2022-09-27,by,166.23
2022-09-28,by,166.49
2022-09-29,by,166.55
2022-09-30,by,166.55
2022-10-01,by,166.54
2022-10-02,by,166.51
2022-10-03,by,166.59
2022-10-04,by,166.6
2022-10-05,by,166.51
2022-10-06,by,166.48
2022-10-07,by,166.45
2022-10-08,by,166.38
2022-10-09,by,166.33
2022-10-10,by,166.12
2022-10-11,by,165.97
2022-10-12,by,166.08
2022-10-13,by,166.2
2022-10-14,by,166.29
2022-10-15,by,166.39
2022-10-16,by,166.51
2022-10-17,by,166.57
2022-10-18,by,166.75
2022-10-19,by,166.82
2022-10-20,by,166.89
2022-10-21,by,167
2022-10-22,by,167.05
2022-10-23,by,167.17
2022-10-24,by,167.41
2022-10-25,by,167.45
2022-10-26,by,167.44
2022-10-27,by,167.66
2022-10-28,by,167.9
2022-10-29,by,167.97
2022-10-30,by,168.17
2022-10-31,by,168.4
2022-11-01,by,168.81
2022-11-02,by,169.18
2022-11-03,by,169.26
2022-11-04,by,169.34
2022-11-05,by,169.64
2022-11-06,by,169.81
2022-11-07,by,169.9
2022-11-08,by,169.9
2022-11-09,by,169.98
2022-11-10,by,170.05
2022-11-11,by,169.68
2022-11-12,by,169.74
2022-11-13,by,169.68
2022-11-14,by,169.5
2022-11-15,by,169.44
2022-11-16,by,169.39
2022-11-17,by,169.29
2022-11-18,by,169.53
2022-11-19,by,169.39
2022-11-20,by,169.28
2022-11-21,by,169.26
2022-11-22,by,169.01
2022-11-23,by,168.78
2022-11-24,by,168.64
2022-11-25,by,168.51
2022-11-26,by,168.36
2022-11-27,by,168.21
2022-11-28,by,168.11
2022-11-29,by,168.27
2022-11-30,by,168.33
2022-12-01,by,168.36
2022-12-02,by,168.39
2022-12-03,by,168.4
2022-12-04,by,168.51
2022-12-05,by,168.53
2022-12-06,by,168.49
2022-12-07,by,168.41
2022-12-08,by,168.41
2022-12-09,by,168.44
2022-12-10,by,168.39
2022-12-11,by,168.28
2022-12-12,by,168.26
2022-12-13,by,168.12
2022-12-14,by,168.06
2022-12-15,by,167.83
2022-12-16,by,167.56
2022-12-17,by,167.42
2022-12-18,by,167.24
2022-12-19,by,167.03
2022-12-20,by,166.87
2022-12-21,by,166.66
2022-12-22,by,166.6
2022-12-23,by,166.58
2022-12-24,by,166.53
2022-12-25,by,166.53
2022-12-26,by,166.59
2022-12-27,by,166.63
2022-12-28,by,166.76
2022-12-29,by,166.81
2022-12-30,by,166.82
2022-12-31,by,166.75
2023-01-01,by,166.58
2023-01-02,by,166.38
2023-01-03,by,166.28
2023-01-04,by,166.14
2023-01-05,by,166.03
2023-01-06,by,165.97
2023-01-07,by,165.93
2023-01-08,by,165.96
2023-01-09,by,165.86
2023-01-10,by,165.76
2023-01-11,by,165.72
2023-01-12,by,165.65
2023-01-13,by,165.54
2023-01-14,by,165.46
2023-01-15,by,165.41
2023-01-16,by,165.38
2023-01-17,by,165.28
2023-01-18,by,165.2
2023-01-19,by,165.14
2023-01-20,by,165.1
2023-01-21,by,165.06
2023-01-22,by,165
2023-01-23,by,164.9
2023-01-24,by,164.84
2023-01-25,by,164.7
2023-01-26,by,164.53
2023-01-27,by,164.34
2023-01-28,by,164.23
2023-01-29,by,164.15
2023-01-30,by,164.07
2023-01-31,by,163.99
2023-02-01,by,164.03
2023-02-02,by,164.05
2023-02-03,by,164.14
2023-02-04,by,164.27
2023-02-05,by,164.38
2023-02-06,by,164.55
2023-02-07,by,164.67
2023-02-08,by,164.54
2023-02-09,by,164.58
2023-02-10,by,164.57
2023-02-11,by,164.38
2023-02-12,by,164.22
2023-02-13,by,164.09
2023-02-14,by,163.87
2023-02-15,by,163.77
2023-02-16,by,163.57
2023-02-17,by,163.53
2023-02-18,by,163.43
2023-02-19,by,163.38
2023-02-20,by,163.3
2023-02-21,by,163.38
2023-02-22,by,163.54
2023-02-23,by,163.74
2023-02-24,by,163.64
2023-02-25,by,163.71
2023-02-26,by,163.72
2023-02-27,by,163.69
2023-02-28,by,163.57
2023-03-01,by,163.38
2023-03-02,by,163.25
2023-03-03,by,163.23
2023-03-04,by,163.11
2023-03-05,by,163.03
2023-03-06,by,162.97
2023-03-07,by,162.92
2023-03-08,by,162.88
2023-03-09,by,162.66
2023-03-10,by,162.69
2023-03-11,by,162.8
2023-03-12,by,162.93
2023-03-13,by,163.06
2023-03-14,by,163.23
2023-03-15,by,163.39
2023-03-16,by,163.68
2023-03-17,by,163.77
2023-03-18,by,163.84
2023-03-19,by,163.96
2023-03-20,by,164.22
2023-03-21,by,164.62
2023-03-22,by,164.99
2023-03-23,by,165.32
2023-03-24,by,165.63
2023-03-25,by,165.96
2023-03-26,by,166.23
2023-03-27,by,166.28
2023-03-28,by,166.17
2023-03-29,by,166.08
2023-03-30,by,166.01
2023-03-31,by,165.86
2023-04-01,by,165.58
2023-04-02,by,165.26
2023-04-03,by,164.83
2023-04-04,by,164.56
2023-04-05,by,164.31
2023-04-06,by,163.98
2023-04-07,by,163.91
2023-04-08,by,163.82
2023-04-09,by,163.68
2023-04-10,by,163.77
2023-04-11,by,163.67
2023-04-12,by,163.56
2023-04-13,by,163.47
2023-04-14,by,163.23
2023-04-15,by,163.04
2023-04-16,by,163.02
2023-04-17,by,162.89
2023-04-18,by,162.75
2023-04-19,by,162.6
2023-04-20,by,162.54
2023-04-21,by,162.4
2023-04-22,by,162.42
2023-04-23,by,162.33
2023-04-24,by,162.3
2023-04-25,by,162.48
2023-04-26,by,162.59
2023-04-27,by,162.58
2023-04-28,by,162.7
2023-04-29,by,162.64
2023-04-30,by,162.54
2023-05-01,by,162.5
2023-05-02,by,162.3
2023-05-03,by,162.16
2023-05-04,by,161.99
2023-05-05,by,161.68
2023-05-06,by,161.4
2023-05-07,by,161.18
2023-05-08,by,160.87
2023-05-09,by,160.64
2023-05-10,by,160.46
2023-05-11,by,160.32
2023-05-12,by,160.24
2023-05-13,by,160.24
2023-05-14,by,160.3
2023-05-15,by,160.31
2023-05-16,by,160.26
2023-05-17,by,160.31
2023-05-18,by,160.52
2023-05-19,by,160.62
2023-05-20,by,160.66
2023-05-21,by,160.66
2023-05-22,by,160.58
2023-05-23,by,160.58
2023-05-24,by,160.47
2023-05-25,by,160.18
2023-05-26,by,160.05
2023-05-27,by,159.94
2023-05-28,by,159.76
2023-05-29,by,159.83
2023-05-30,by,159.81
2023-05-31,by,159.74
2023-06-01,by,159.74
2023-06-02,by,159.75
2023-06-03,by,159.82
2023-06-04,by,159.8
2023-06-05,by,159.71
2023-06-06,by,159.68
2023-06-07,by,159.57
2023-06-08,by,159.61
2023-06-09,by,159.59
2023-06-10,by,159.44
2023-06-11,by,159.46
2023-06-12,by,159.48
2023-06-13,by,159.44
2023-06-14,by,159.59
2023-06-15,by,159.53
2023-06-16,by,159.46
2023-06-17,by,159.42
2023-06-18,by,159.48
2023-06-19,by,159.45
2023-06-20,by,159.43
2023-06-21,by,159.22
2023-06-22,by,159.09
2023-06-23,by,159.03
2023-06-24,by,159.07
2023-06-25,by,158.96
2023-06-26,by,158.84
2023-06-27,by,158.75
2023-06-28,by,158.8
2023-06-29,by,158.81
2023-06-30,by,158.78
2023-07-01,by,158.86
2023-07-02,by,159.04
2023-07-03,by,159.12
2023-07-04,by,159.19
2023-07-05,by,159.34
2023-07-06,by,159.48
2023-07-07,by,159.67
2023-07-08,by,159.71
2023-07-09,by,159.71
2023-07-10,by,159.79
2023-07-11,by,159.81
2023-07-12,by,159.78
2023-07-13,by,159.8
2023-07-14,by,159.63
2023-07-15,by,159.47
2023-07-16,by,159.31
2023-07-17,by,159.2
2023-07-18,by,159.14
2023-07-19,by,159.05
2023-07-20,by,158.92
2023-07-21,by,158.86
2023-07-22,by,158.85
2023-07-23,by,158.89
2023-07-24,by,158.9
2023-07-25,by,158.94
2023-07-26,by,159.06
2023-07-27,by,159.22
2023-07-28,by,159.36
2023-07-29,by,159.43
2023-07-30,by,159.44
2023-07-31,by,159.45
2023-08-01,by,159.45
2023-08-02,by,159.37
2023-08-03,by,159.32
2023-08-04,by,159.28
2023-08-05,by,159.29
2023-08-06,by,159.31
2023-08-07,by,159.42
2023-08-08,by,159.52
2023-08-09,by,159.64
2023-08-10,by,159.68
2023-08-11,by,159.74
2023-08-12,by,159.71
2023-08-13,by,159.72
2023-08-14,by,159.66
2023-08-15,by,159.64
2023-08-16,by,159.51
2023-08-17,by,159.41
2023-08-18,by,159.26
2023-08-19,by,159.13
2023-08-20,by,158.99
2023-08-21,by,158.86
2023-08-22,by,158.7
2023-08-23,by,158.67
2023-08-24,by,158.43
2023-08-25,by,158.22
2023-08-26,by,158
2023-08-27,by,157.71
2023-08-28,by,157.51
2023-08-29,by,157.34
2023-08-30,by,157.14
2023-08-31,by,157.11
2023-09-01,by,157.11
2023-09-02,by,157.17
2023-09-03,by,157.23
2023-09-04,by,157.18
2023-09-05,by,157.05
2023-09-06,by,157.03
2023-09-07,by,157.06
2023-09-08,by,157.14
2023-09-09,by,157.23
2023-09-10,by,157.28
2023-09-11,by,157.41
2023-09-12,by,157.63
2023-09-13,by,157.64
2023-09-14,by,157.57
2023-09-15,by,157.6
2023-09-16,by,157.62
2023-09-17,by,157.64
2023-09-18,by,157.66
2023-09-19,by,157.66
2023-09-20,by,157.79
2023-09-21,by,157.95
2023-09-22,by,157.9
2023-09-23,by,157.8
2023-09-24,by,157.66
2023-09-25,by,157.52
2023-09-26,by,157.44
2023-09-27,by,157.33
2023-09-28,by,157.22
2023-09-29,by,157.13
2023-09-30,by,157.09
2023-10-01,by,157.11
2023-10-02,by,157.15
2023-10-03,by,157.26
2023-10-04,by,157.33
2023-10-05,by,157.17
2023-10-06,by,157.1
2023-10-07,by,157
2023-10-08,by,156.88
2023-10-09,by,156.71
2023-10-10,by,156.48
2023-10-11,by,156.24
2023-10-12,by,156.07
2023-10-13,by,155.87
2023-10-14,by,155.68
2023-10-15,by,155.59
2023-10-16,by,155.38
2023-10-17,by,155.03
2023-10-18,by,154.68
2023-10-19,by,154.51
2023-10-20,by,154.3
2023-10-21,by,154
2023-10-22,by,153.7
2023-10-23,by,153.47
2023-10-24,by,153.29
2023-10-25,by,153.15
2023-10-26,by,153.14
2023-10-27,by,153.1
2023-10-28,by,153.15
2023-10-29,by,152.99
2023-10-30,by,152.84
2023-10-31,by,152.73
2023-11-01,by,152.72
2023-11-02,by,152.52
2023-11-03,by,152.4
2023-11-04,by,152.24
2023-11-05,by,152.25
2023-11-06,by,152.28
2023-11-07,by,152.3
2023-11-08,by,152.17
2023-11-09,by,152.1
2023-11-10,by,152.04
2023-11-11,by,152.01
2023-11-12,by,151.88
2023-11-13,by,151.83
2023-11-14,by,151.81
2023-11-15,by,151.8
2023-11-16,by,151.8
2023-11-17,by,151.78
2023-11-18,by,151.7
2023-11-19,by,151.72
2023-11-20,by,151.72
2023-11-21,by,151.6
2023-11-22,by,151.5
2023-11-23,by,151.43
2023-11-24,by,151.35
2023-11-25,by,151.27
2023-11-26,by,151.19
2023-11-27,by,151.09
2023-11-28,by,150.99
2023-11-29,by,150.85
2023-11-30,by,150.69
2023-12-01,by,150.57
2023-12-02,by,150.44
2023-12-03,by,150.3
2023-12-04,by,150.05
2023-12-05,by,149.84
2023-12-06,by,149.74
2023-12-07,by,149.73
2023-12-08,by,149.69
2023-12-09,by,149.74
2023-12-10,by,149.76
2023-12-11,by,149.92
2023-12-12,by,150.08
2023-12-13,by,150.2
2023-12-14,by,150.23
2023-12-15,by,150.23
2023-12-16,by,150.2
2023-12-17,by,150.19
2023-12-18,by,150.18
2023-12-19,by,150.07
2023-12-20,by,150
2023-12-21,by,149.94
2023-12-22,by,149.94
2023-12-23,by,149.81
2023-12-24,by,149.77
2023-12-25,by,149.87
2023-12-26,by,150
2023-12-27,by,150
2023-12-28,by,150.01
2023-12-29,by,150.04
2023-12-30,by,150.05
2023-12-31,by,149.95
2024-01-01,by,149.75
2024-01-02,by,149.59
2024-01-03,by,149.52
2024-01-04,by,149.44
2024-01-05,by,149.36
2024-01-06,by,149.42
2024-01-07,by,149.45
2024-01-08,by,149.31
2024-01-09,by,149.27
2024-01-10,by,149.21
2024-01-11,by,149.13
2024-01-12,by,149.02
2024-01-13,by,148.88
2024-01-14,by,148.81
2024-01-15,by,148.64
2024-01-16,by,148.42
2024-01-17,by,148.18
2024-01-18,by,147.89
2024-01-19,by,147.61
2024-01-20,by,147.36
2024-01-21,by,146.99
2024-01-22,by,146.9
2024-01-23,by,146.88
2024-01-24,by,146.82
2024-01-25,by,146.83
2024-01-26,by,146.72
2024-01-27,by,146.76
2024-01-28,by,146.9
2024-01-29,by,146.88
2024-01-30,by,146.85
2024-01-31,by,146.74
2024-02-01,by,146.62
2024-02-02,by,146.62
2024-02-03,by,146.47
2024-02-04,by,146.23
2024-02-05,by,146.03
2024-02-06,by,145.82
2024-02-07,by,145.65
2024-02-08,by,145.5
2024-02-09,by,145.18
2024-02-10,by,144.97
2024-02-11,by,144.81
2024-02-12,by,144.69
2024-02-13,by,144.67
2024-02-14,by,144.66
2024-02-15,by,144.67
2024-02-16,by,144.79
2024-02-17,by,144.84
2024-02-18,by,144.94
2024-02-19,by,144.98
2024-02-20,by,144.97
2024-02-21,by,144.91
2024-02-22,by,144.78
2024-02-23,by,144.7
2024-02-24,by,144.75
2024-02-25,by,144.75
2024-02-26,by,144.91
2024-02-27,by,144.97
2024-02-28,by,145.17
2024-02-29,by,145.35
2024-03-01,by,145.43
2024-03-02,by,145.34
2024-03-03,by,145.3
2024-03-04,by,145.07
2024-03-05,by,144.88
2024-03-06,by,144.47
2024-03-07,by,144.02
2024-03-08,by,143.85
2024-03-09,by,143.72
2024-03-10,by,143.37
2024-03-11,by,143.13
2024-03-12,by,142.92
2024-03-13,by,142.86
2024-03-14,by,142.95
2024-03-15,by,142.82
2024-03-16,by,142.68
2024-03-17,by,142.75
2024-03-18,by,142.9
2024-03-19,by,143.05
2024-03-20,by,143.31
2024-03-21,by,143.52
2024-03-22,by,143.84
2024-03-23,by,144.11
2024-03-24,by,144.44
2024-03-25,by,144.71
2024-03-26,by,144.96
2024-03-27,by,145.07
2024-03-28,by,145.09
2024-03-29,by,145.04
2024-03-30,by,144.99
2024-03-31,by,144.8
2024-04-01,by,144.6
2024-04-02,by,144.25
2024-04-03,by,143.96
2024-04-04,by,143.71
2024-04-05,by,143.32
2024-04-06,by,143.1
2024-04-07,by,142.76
2024-04-08,by,142.43
2024-04-09,by,142.24
2024-04-10,by,142.11
2024-04-11,by,142.04
2024-04-12,by,142.11
2024-04-13,by,142.06
2024-04-14,by,142.15
2024-04-15,by,142.23
2024-04-16,by,142.25
2024-04-17,by,142.17
2024-04-18,by,142.18
2024-04-19,by,142.27
2024-04-20,by,142.18
2024-04-21,by,142.13
2024-04-22,by,142.08
2024-04-23,by,142.13
2024-04-24,by,142.21
2024-04-25,by,142.17
2024-04-26,by,142.04
2024-04-27,by,142.03
2024-04-28,by,142.07
2024-04-29,by,141.99
2024-04-30,by,141.91
2024-05-01,by,141.98
2024-05-02,by,141.86
2024-05-03,by,141.81
2024-05-04,by,141.76
2024-05-05,by,141.65
2024-05-06,by,141.62
2024-05-07,by,141.5
2024-05-08,by,141.26
2024-05-09,by,141.25
2024-05-10,by,141.03
2024-05-11,by,140.93
2024-05-12,by,140.84
2024-05-13,by,140.69
2024-05-14,by,140.56
2024-05-15,by,140.45
2024-05-16,by,140.21
2024-05-17,by,140.05
2024-05-18,by,139.74
2024-05-19,by,139.41
2024-05-20,by,139.19
2024-05-21,by,138.9
2024-05-22,by,138.73
2024-05-23,by,138.61
2024-05-24,by,138.53
2024-05-25,by,138.63
2024-05-26,by,138.65
2024-05-27,by,138.63
2024-05-28,by,138.61
2024-05-29,by,138.46
2024-05-30,by,138.43
2024-05-31,by,138.41
2024-06-01,by,138.2
2024-06-02,by,138.18
2024-06-03,by,138.11
2024-06-04,by,138.13
2024-06-05,by,138.17
2024-06-06,by,138.07
2024-06-07,by,137.95
2024-06-08,by,137.91
2024-06-09,by,137.79
2024-06-10,by,137.89
2024-06-11,by,138.05
2024-06-12,by,138.21
2024-06-13,by,138.34
2024-06-14,by,138.48
2024-06-15,by,138.5
2024-06-16,by,138.58
2024-06-17,by,138.44
2024-06-18,by,138.21
2024-06-19,by,137.98
2024-06-20,by,137.84
2024-06-21,by,137.69
2024-06-22,by,137.53
2024-06-23,by,137.37
2024-06-24,by,137.27
2024-06-25,by,137.11
2024-06-26,by,136.94
2024-06-27,by,136.79
2024-06-28,by,136.64
2024-06-29,by,136.54
2024-06-30,by,136.32
2024-07-01,by,136.12
2024-07-02,by,136
2024-07-03,by,135.91
2024-07-04,by,135.72
2024-07-05,by,135.6
2024-07-06,by,135.47
2024-07-07,by,135.4
2024-07-08,by,135.26
2024-07-09,by,135.13
2024-07-10,by,134.93
2024-07-11,by,134.8
2024-07-12,by,134.61
2024-07-13,by,134.46
2024-07-14,by,134.38
2024-07-15,by,134.37
2024-07-16,by,134.28
2024-07-17,by,134.26
2024-07-18,by,134.05
2024-07-19,by,133.96
2024-07-20,by,133.83
2024-07-21,by,133.62
2024-07-22,by,133.41
2024-07-23,by,133.27
2024-07-24,by,133.03
2024-07-25,by,132.95
2024-07-26,by,132.8
2024-07-27,by,132.63
2024-07-28,by,132.5
2024-07-29,by,132.27
2024-07-30,by,131.95
2024-07-31,by,131.69
2024-08-01,by,131.36
2024-08-02,by,131.17
2024-08-03,by,131.05
2024-08-04,by,130.89
2024-08-05,by,130.79
2024-08-06,by,130.77
2024-08-07,by,130.75
2024-08-08,by,130.75
2024-08-09,by,130.62
2024-08-10,by,130.48
2024-08-11,by,130.38
2024-08-12,by,130.31
2024-08-13,by,130.29
2024-08-14,by,130.17
2024-08-15,by,130.1
2024-08-16,by,130.03
2024-08-17,by,129.96
2024-08-18,by,129.85
2024-08-19,by,129.76
2024-08-20,by,129.61
2024-08-21,by,129.47
2024-08-22,by,129.33
2024-08-23,by,129.19
2024-08-24,by,129.05
2024-08-25,by,128.85
2024-08-26,by,128.69
2024-08-27,by,128.63
2024-08-28,by,128.57
2024-08-29,by,128.6
2024-08-30,by,128.62
2024-08-31,by,128.56
2024-09-01,by,128.55
2024-09-02,by,128.55
2024-09-03,by,128.5
2024-09-04,by,128.52
2024-09-05,by,128.5
2024-09-06,by,128.49
2024-09-07,by,128.58
2024-09-08,by,128.59
2024-09-09,by,128.37
2024-09-10,by,128.15
2024-09-11,by,127.84
2024-09-12,by,127.49
2024-09-13,by,127.08
2024-09-14,by,126.75
2024-09-15,by,126.49
2024-09-16,by,126.38
2024-09-17,by,126.28
2024-09-18,by,126.19
2024-09-19,by,126.12
2024-09-20,by,126.11
2024-09-21,by,126
2024-09-22,by,125.82
2024-09-23,by,125.51
2024-09-24,by,125.31
2024-09-25,by,125.19
2024-09-26,by,125.14
2024-09-27,by,125.05
2024-09-28,by,124.99
2024-09-29,by,125.08
2024-09-30,by,125.24
2024-10-01,by,125.32
2024-10-02,by,124.98
2024-10-03,by,125.02
2024-10-04,by,125.04
2024-10-05,by,125.11
2024-10-06,by,125.11
2024-10-07,by,125.22
2024-10-08,by,125.15
2024-10-09,by,125.65
2024-10-10,by,125.69
2024-10-11,by,125.77
2024-10-12,by,125.75
2024-10-13,by,125.69
2024-10-14,by,125.61
2024-10-15,by,125.61
2024-10-16,by,125.48
2024-10-17,by,125.63
2024-10-18,by,125.45
2024-10-19,by,125.44
2024-10-20,by,125.47
2024-10-21,by,125.43
2024-10-22,by,125.45
2024-10-23,by,125.4
2024-10-24,by,125.07
2024-10-25,by,125.08
2024-10-26,by,124.92
2024-10-27,by,124.78
2024-10-28,by,124.69
2024-10-29,by,124.58
2024-10-30,by,124.53
2024-10-31,by,124.49
2024-11-01,by,124.49
2024-11-02,by,124.42
2024-11-03,by,124.35
2024-11-04,by,124.25
2024-11-05,by,124.14
2024-11-06,by,123.96
2024-11-07,by,123.75
2024-11-08,by,123.55
2024-11-09,by,123.42
2024-11-10,by,123.25
2024-11-11,by,123.12
2024-11-12,by,123.02
2024-11-13,by,122.95
2024-11-14,by,122.88
2024-11-15,by,122.84
2024-11-16,by,122.9
2024-11-17,by,122.92
2024-11-18,by,122.94
2024-11-19,by,123.05
2024-11-20,by,123.15
2024-11-21,by,123.22
2024-11-22,by,123.28
2024-11-23,by,123.26
2024-11-24,by,123.27
2024-11-25,by,123.28
2024-11-26,by,123.24
2024-11-27,by,123.18
2024-11-28,by,123.1
2024-11-29,by,122.84
2024-11-30,by,122.82
2024-12-01,by,122.82
2024-12-02,by,122.85
2024-12-03,by,122.82
2024-12-04,by,122.85
2024-12-05,by,122.96
2024-12-06,by,123.23
2024-12-07,by,123.19
2024-12-08,by,123.18
2024-12-09,by,123.16
2024-12-10,by,123.13
2024-12-11,by,123.07
2024-12-12,by,123.04
2024-12-13,by,122.97
2024-12-14,by,122.95
2024-12-15,by,122.95
2024-12-16,by,123
2024-12-17,by,122.94
2024-12-18,by,122.91
2024-12-19,by,122.81
2024-12-20,by,122.77
2024-12-21,by,122.79
2024-12-22,by,122.77
2024-12-23,by,122.74
2024-12-24,by,122.8
2024-12-25,by,122.88
2024-12-26,by,123.02
2024-12-27,by,123.04
2024-12-28,by,122.95
2024-12-29,by,122.97
2024-12-30,by,122.96
2024-12-31,by,122.99
2025-01-01,by,123.01
2025-01-02,by,122.91
2025-01-03,by,122.86
2025-01-04,by,122.82
2025-01-05,by,122.7
2025-01-06,by,122.58
2025-01-07,by,122.35
2025-01-08,by,122.26
2025-01-09,by,122.29
2025-01-10,by,122.37
2025-01-11,by,122.51
2025-01-12,by,122.6
2025-01-13,by,122.69
2025-01-14,by,122.94
2025-01-15,by,122.96
2025-01-16,by,122.96
2025-01-17,by,122.89
2025-01-18,by,122.85
2025-01-19,by,122.84
2025-01-20,by,122.76
2025-01-21,by,122.67
2025-01-22,by,122.61
2025-01-23,by,122.58
2025-01-24,by,122.54
2025-01-25,by,122.5
2025-01-26,by,122.5
2025-01-27,by,122.53
2025-01-28,by,122.48
2025-01-29,by,122.26
2025-01-30,by,122.15
2025-01-31,by,122.05
2025-02-01,by,121.87
2025-02-02,by,121.63
2025-02-03,by,121.38
2025-02-04,by,121.15
2025-02-05,by,121.11
2025-02-06,by,120.87
2025-02-07,by,120.67
2025-02-08,by,120.55
2025-02-09,by,120.45
2025-02-10,by,120.34
2025-02-11,by,120.31
2025-02-12,by,120.23
2025-02-13,by,119.9
2025-02-14,by,119.84
2025-02-15,by,119.66
2025-02-16,by,119.55
2025-02-17,by,119.58
2025-02-18,by,119.47
2025-02-19,by,119.36
2025-02-20,by,119.59
2025-02-21,by,119.5
2025-02-22,by,119.42
2025-02-23,by,119.32
2025-02-24,by,119.17
2025-02-25,by,119.07
2025-02-26,by,119.13
2025-02-27,by,119.11
2025-02-28,by,119.16
2025-03-01,by,119.23
2025-03-02,by,119.31
2025-03-03,by,119.28
2025-03-04,by,119.36
2025-03-05,by,119.15
2025-03-06,by,119.15
2025-03-07,by,119.11
2025-03-08,by,119.03
2025-03-09,by,118.84
2025-03-10,by,118.52
2025-03-11,by,118.2
2025-03-12,by,118.05
2025-03-13,by,117.65
2025-03-14,by,117.22
2025-03-15,by,116.9
2025-03-16,by,116.6
2025-03-17,by,116.52
2025-03-18,by,116.37
2025-03-19,by,116.29
2025-03-20,by,116.38
2025-03-21,by,116.47
2025-03-22,by,116.52
2025-03-23,by,116.7
2025-03-24,by,116.81
2025-03-25,by,117
2025-03-26,by,117.11
2025-03-27,by,117.15
2025-03-28,by,117.2
2025-03-29,by,117.22
2025-03-30,by,117.25
2025-03-31,by,117.18
2025-04-01,by,117.03
2025-04-02,by,116.85
2025-04-03,by,116.67
2025-04-04,by,116.49
2025-04-05,by,116.33
2025-04-06,by,116.11
2025-04-07,by,115.85
2025-04-08,by,115.54
2025-04-09,by,115.27
2025-04-10,by,114.91
2025-04-11,by,114.53
2025-04-12,by,114.16
2025-04-13,by,113.86
2025-04-14,by,113.72
2025-04-15,by,113.59
2025-04-16,by,113.49
2025-04-17,by,113.46
2025-04-18,by,113.44
2025-04-19,by,113.39
2025-04-20,by,113.29
2025-04-21,by,113.23
2025-04-22,by,113.13
2025-04-23,by,112.95
2025-04-24,by,112.74
2025-04-25,by,112.52
2025-04-26,by,112.42
2025-04-27,by,112.26
2025-04-28,by,112.17
2025-04-29,by,112.27
2025-04-30,by,112.39
2025-05-01,by,112.63
2025-05-02,by,112.92
2025-05-03,by,113.14
2025-05-04,by,113.4
2025-05-05,by,113.57
2025-05-06,by,113.58
2025-05-07,by,113.64
2025-05-08,by,113.65
2025-05-09,by,113.51
2025-05-10,by,113.32
2025-05-11,by,113.07
2025-05-12,by,112.79
2025-05-13,by,112.6
2025-05-14,by,112.41
2025-05-15,by,112.18
2025-05-16,by,112.24
2025-05-17,by,112.27
2025-05-18,by,112.43
2025-05-19,by,112.59
2025-05-20,by,112.78
2025-05-21,by,112.97
2025-05-22,by,113.16
2025-05-23,by,113.23
2025-05-24,by,113.39
2025-05-25,by,113.52
2025-05-26,by,113.61
2025-05-27,by,113.62
2025-05-28,by,113.67
2025-05-29,by,113.73
2025-05-30,by,113.79
2025-05-31,by,113.8
2025-06-01,by,113.81
2025-06-02,by,113.89
2025-06-03,by,114.04
2025-06-04,by,114.08
2025-06-05,by,114.1
2025-06-06,by,113.99
2025-06-07,by,113.92
2025-06-08,by,113.79
2025-06-09,by,113.82
2025-06-10,by,113.59
2025-06-11,by,113.44
2025-06-12,by,113.35
2025-06-13,by,113.33
2025-06-14,by,113.27
2025-06-15,by,113.23
2025-06-16,by,113.03
2025-06-17,by,112.93
2025-06-18,by,112.9
2025-06-19,by,112.87
2025-06-20,by,112.75
2025-06-21,by,112.59
2025-06-22,by,112.4
2025-06-23,by,112.21
2025-06-24,by,112.19
2025-06-25,by,112.05
2025-06-26,by,111.92
2025-06-27,by,112.01
2025-06-28,by,112.12
2025-06-29,by,112.23
2025-06-30,by,112.22
2025-07-01,by,112.11
2025-07-02,by,112.09
2025-07-03,by,112.09
2025-07-04,by,112.06
2025-07-05,by,112
2025-07-06,by,111.99
2025-07-07,by,112.05
2025-07-08,by,112.15
2025-07-09,by,112.19
2025-07-10,by,112.06
2025-07-11,by,111.9
2025-07-12,by,111.84
2025-07-13,by,111.71
2025-07-14,by,111.58
2025-07-15,by,111.57
2025-07-16,by,111.48
2025-07-17,by,111.5
2025-07-18,by,111.4
2025-07-19,by,111.17
2025-07-20,by,111.03
2025-07-21,by,110.92
2025-07-22,by,110.68
2025-07-23,by,110.47
2025-07-24,by,110.29
2025-07-25,by,110.27
2025-07-26,by,110.37
2025-07-27,by,110.36
2025-07-28,by,110.28
2025-07-29,by,110.19
2025-07-30,by,110.12
2025-07-31,by,109.93
2025-08-01,by,109.5
2025-08-02,by,109.29
2025-08-03,by,109.16
2025-08-04,by,109.05
2025-08-05,by,108.9
2025-08-06,by,108.85
2025-08-07,by,108.89
2025-08-08,by,109.1
2025-08-09,by,109.01
2025-08-10,by,108.91
2025-08-11,by,108.91
2025-08-12,by,109.04
2025-08-13,by,109.02
2025-08-14,by,108.87
2025-08-15,by,108.85
2025-08-16,by,108.86
2025-08-17,by,108.86
2025-08-18,by,108.8
2025-08-19,by,108.73
2025-08-20,by,108.73
2025-08-21,by,108.86
2025-08-22,by,108.96
2025-08-23,by,109.08
2025-08-24,by,109.19
2025-08-25,by,109.32
2025-08-26,by,109.31
2025-08-27,by,109.39
2025-08-28,by,109.48
2025-08-29,by,109.36
2025-08-30,by,109.24
2025-08-31,by,109.11
2025-09-01,by,108.97
2025-09-02,by,109.03
2025-09-03,by,109
2025-09-04,by,108.97
2025-09-05,by,109.06
2025-09-06,by,109.17
2025-09-07,by,109.29
2025-09-08,by,109.45
2025-09-09,by,109.52
2025-09-10,by,109.52
2025-09-11,by,109.54
2025-09-12,by,109.54
2025-09-13,by,109.55
2025-09-14,by,109.62
2025-09-15,by,109.6
2025-09-16,by,109.55
2025-09-17,by,109.61
2025-09-18,by,109.69
2025-09-19,by,109.68
2025-09-20,by,109.67
2025-09-21,by,109.57
2025-09-22,by,109.51
2025-09-23,by,109.42
2025-09-24,by,109.32
2025-09-25,by,109.22
2025-09-26,by,109.15
2025-09-27,by,109.08
2025-09-28,by,109.11
2025-09-29,by,109.08
2025-09-30,by,109.16
2025-10-01,by,109.27
2025-10-02,by,109.36
2025-10-03,by,109.57
2025-10-04,by,109.74
2025-10-05,by,109.9
2025-10-06,by,110.19
2025-10-07,by,110.34
2025-10-08,by,110.46
2025-10-09,by,110.46
2025-10-10,by,110.43
2025-10-11,by,110.37
2025-10-12,by,110.26
2025-10-13,by,110.06
2025-10-14,by,109.96
2025-10-15,by,109.84
2025-10-16,by,109.8
2025-10-17,by,109.7
2025-10-18,by,109.69
2025-10-19,by,109.74
2025-10-20,by,109.78
2025-10-21,by,109.69
2025-10-22,by,109.73
2025-10-23,by,109.67
2025-10-24,by,109.66
2025-10-25,by,109.66
2025-10-26,by,109.61
2025-10-27,by,109.56
2025-10-28,by,109.6
2025-10-29,by,109.6
2025-10-30,by,109.68
2025-10-31,by,109.72
2025-11-01,by,109.57
2025-11-02,by,109.48
2025-11-03,by,109.47
2025-11-04,by,109.47
2025-11-05,by,109.4
2025-11-06,by,109.38
2025-11-07,by,109.34
2025-11-08,by,109.46
2025-11-09,by,109.58
2025-11-10,by,109.69
2025-11-11,by,109.83
2025-11-12,by,109.99
2025-11-13,by,110.04
2025-11-14,by,110.17
2025-11-15,by,110.22
2025-11-16,by,110.19
2025-11-17,by,110.14
2025-11-18,by,110.12
2025-11-19,by,109.95
2025-11-20,by,109.92
2025-11-21,by,109.96
2025-11-22,by,109.95
2025-11-23,by,109.95
2025-11-24,by,109.97
2025-11-25,by,109.93
2025-11-26,by,109.96
2025-11-27,by,109.94
2025-11-28,by,109.84
2025-11-29,by,109.8
2025-11-30,by,109.75
2025-12-01,by,109.66
2025-12-02,by,109.63
2025-12-03,by,109.59
2025-12-04,by,109.44
2025-12-05,by,109.28
2025-12-06,by,109.04
2025-12-07,by,108.82
2025-12-08,by,108.6
2025-12-09,by,108.3
2025-12-10,by,108.09
2025-12-11,by,107.96
2025-12-12,by,107.85
2025-12-13,by,107.79
2025-12-14,by,107.75
2025-12-15,by,107.79
2025-12-16,by,107.83
2025-12-17,by,107.9
2025-12-18,by,107.91
2025-12-19,by,107.96
2025-12-20,by,108.04
2025-12-21,by,108.08
2025-12-22,by,108.09
2025-12-23,by,108.12
2025-12-24,by,108.03
2025-12-25,by,107.96
2025-12-26,by,107.79
2025-12-27,by,107.63
2025-12-28,by,107.49
2025-12-29,by,107.44
2025-12-30,by,107.4
2025-12-31,by,107.46
2026-01-01,by,107.45
2026-01-02,by,107.4
2026-01-03,by,107.27
2026-01-04,by,107.09
2026-01-05,by,106.86
2026-01-06,by,106.68
2026-01-07,by,106.55
2026-01-08,by,106.51
2026-01-09,by,106.47
2026-01-10,by,106.36
2026-01-11,by,106.3
2026-01-12,by,106.43
2026-01-13,by,106.58
2026-01-14,by,106.43
2026-01-15,by,106.19
2026-01-16,by,106.15
2026-01-17,by,106.14
2026-01-18,by,106.12
2026-01-19,by,105.82
2026-01-20,by,105.52
2026-01-21,by,105.43
2026-01-22,by,105.51
2026-01-23,by,105.51
2026-01-24,by,105.59
2026-01-25,by,105.6
2026-01-26,by,105.6
2026-01-27,by,105.47
2026-01-28,by,105.32
2026-01-29,by,105.11
2026-01-30,by,104.9
2026-01-31,by,104.68
2026-02-01,by,104.5
2026-02-02,by,104.36
2026-02-03,by,104.28
2026-02-04,by,104.23
2026-02-05,by,104.19
2026-02-06,by,104.1
2026-02-07,by,104.02
2026-02-08,by,104.01
2026-02-09,by,104.01
2026-02-10,by,104
2026-02-11,by,103.99
2026-02-12,by,103.99
2026-02-13,by,103.98
2026-02-14,by,103.97
2026-02-15,by,103.97
2026-02-16,by,103.96
2026-02-17,by,103.95
2026-02-18,by,103.95
2026-02-19,by,103.94
2026-02-20,by,103.93
2026-02-21,by,103.93
2026-02-22,by,103.92
2026-02-23,by,103.91
2026-02-24,by,103.91
2026-02-25,by,103.9
2026-02-26,by,103.95
2026-02-27,by,104.07
2026-02-28,by,104.19
2026-03-01,by,104.22
2026-03-02,by,104.27
2026-03-03,by,104.37
2026-03-04,by,104.4
2026-03-05,by,104.38
2026-03-06,by,104.2
2026-03-07,by,104.05
2026-03-08,by,103.89
2026-03-09,by,103.63
2026-03-10,by,103.2
2026-03-11,by,102.71
2026-03-12,by,102.27
2026-03-13,by,101.9
2026-03-14,by,101.48
2026-03-15,by,101.09
2026-03-16,by,100.75
2026-03-17,by,100.54
2026-03-18,by,100.55
2026-03-19,by,100.55
2026-03-20,by,100.54
2026-03-21,by,100.58
2026-03-22,by,100.64
2026-03-23,by,100.69
2026-03-24,by,100.84
2026-03-25,by,100.87
2026-03-26,by,100.88
2026-03-27,by,100.85
2026-03-28,by,100.76
2026-03-29,by,100.7
2026-03-30,by,100.69
2026-03-31,by,100.59
2026-04-01,by,100.42
2026-04-02,by,100.11
2026-04-03,by,99.86
2026-04-04,by,99.58
2026-04-05,by,99.27
2026-04-06,by,98.92
2026-04-07,by,98.47
2026-04-08,by,98.16
2026-04-09,by,98.05
2026-04-10,by,97.92
2026-04-11,by,97.82
2026-04-12,by,97.76
2026-04-13,by,97.73
2026-04-14,by,97.78
2026-04-15,by,97.77
2026-04-16,by,97.64
2026-04-17,by,97.45
2026-04-18,by,97.25
2026-04-19,by,97.15
2026-04-20,by,97.01
2026-04-21,by,97
2026-04-22,by,97.16
2026-04-23,by,97.41
2026-04-24,by,97.73
2026-04-25,by,98.1
2026-04-26,by,98.43
2026-04-27,by,98.66
2026-04-28,by,98.87
2026-04-29,by,98.97
2026-04-30,by,99.03
2026-05-01,by,99.06
2026-05-02,by,99.07
2026-05-03,by,99.09
2026-05-04,by,99.19
2026-05-05,by,99.31
2026-05-06,by,99.32
2026-05-07,by,99.39
2026-05-08,by,99.55
2026-05-09,by,99.69
2026-05-10,by,99.68
2026-05-11,by,99.69
2026-05-12,by,99.66
2026-05-13,by,99.69
2026-05-14,by,99.67
2026-05-15,by,99.55
2026-05-16,by,99.38
2026-05-17,by,99.32
2026-05-18,by,99.28
2026-05-19,by,99.22
2026-05-20,by,99.17
2026-05-21,by,99.14
2026-05-22,by,99.12
2026-05-23,by,99.12
2026-05-24,by,99.1
2026-05-25,by,98.98
2026-05-26,by,98.71
2026-05-27,by,98.32
2026-05-28,by,98
2026-05-29,by,97.7
2026-05-30,by,97.65
2026-05-31,by,97.52
2026-06-01,by,97.54
2026-06-02,by,97.8
2026-06-03,by,98.16
2026-06-04,by,98.51
2026-06-05,by,98.78
2026-06-06,by,98.9
2026-06-07,by,99.05
2026-06-08,by,98.99
2026-06-09,by,98.93
2026-06-10,by,98.88
2026-06-11,by,98.85
2026-06-12,by,98.94
2026-06-13,by,99.11
2026-06-14,by,99.25
2026-06-15,by,99.4
2026-06-16,by,99.45
2026-06-17,by,99.47
2026-06-18,by,99.38
2026-06-19,by,99.34
2026-06-20,by,99.21
2026-06-21,by,99.09
2026-06-22,by,98.96
2026-06-23,by,98.8
2026-06-24,by,98.72
2026-06-25,by,98.6
2026-06-26,by,98.35
2026-06-27,by,98.26
2026-06-28,by,98.21
2026-06-29,by,98.06
2026-06-30,by,97.7
2026-07-01,by,97.44
2026-07-02,by,97.34
2026-07-03,by,97.32
2026-07-04,by,97.28
2026-07-05,by,97.22
2026-07-06,by,97.25
2026-07-07,by,97.52
2026-07-08,by,97.68
2026-07-09,by,97.78
2026-07-10,by,97.88
2026-07-11,by,97.93
2026-07-12,by,98.04
2026-07-13,by,98.07
2026-07-14,by,98.13
2026-07-15,by,98.15
2026-07-16,by,98.13
2026-07-17,by,98.03
2026-07-18,by,97.92
2026-07-19,by,97.78
2026-07-20,by,97.75
2026-07-21,by,97.69
2026-07-22,by,97.69
2026-07-23,by,97.6
2026-07-24,by,97.58
2026-07-25,by,97.61
2026-07-26,by,97.69
2026-07-27,by,97.7
2026-07-28,by,97.63
2026-07-29,by,97.47
2026-07-30,by,97.39
2026-07-31,by,97.12
2026-08-01,by,96.92
2026-08-02,by,96.63
2026-08-03,by,96.41
2026-08-04,by,96.42
2026-08-05,by,96.4
2026-08-06,by,96.38
2026-08-07,by,96.57
2026-08-08,by,96.63
2026-08-09,by,96.78
2026-08-10,by,96.85
2026-08-11,by,96.81
2026-08-12,by,96.76
2026-08-13,by,96.75
2026-08-14,by,96.71
2026-08-15,by,96.72
2026-08-16,by,96.66
2026-08-17,by,96.66
2026-08-18,by,96.66
2026-08-19,by,96.75
2026-08-20,by,96.86
2026-08-21,by,96.96
2026-08-22,by,97
2026-08-23,by,97.07
2026-08-24,by,97.11
2026-08-25,by,97.11
2026-08-26,by,97.08
2026-08-27,by,97.03
2026-08-28,by,96.93
2026-08-29,by,96.91
2026-08-30,by,96.85
2026-08-31,by,96.77
2026-09-01,by,96.77
2026-09-02,by,96.94
2026-09-03,by,97.09
2026-09-04,by,97.32
2026-09-05,by,97.51
2026-09-06,by,97.67
2026-09-07,by,97.89
2026-09-08,by,98.03
2026-09-09,by,97.96
2026-09-10,by,97.9
2026-09-11,by,97.85
2026-09-12,by,97.8
2026-09-13,by,97.75
2026-09-14,by,97.7
2026-09-15,by,97.65
2026-09-16,by,97.6
2026-09-17,by,97.62
2026-09-18,by,97.58
2020-02-01,hb,100
2020-02-02,hb,99.9
2020-02-03,hb,99.72
2020-02-04,hb,99.41
2020-02-05,hb,99.25
2020-02-06,hb,99.08
2020-02-07,hb,98.95
2020-02-08,hb,98.84
2020-02-09,hb,98.66
2020-02-10,hb,98.37
2020-02-11,hb,97.93
2020-02-12,hb,97.52
2020-02-13,hb,97.2
2020-02-14,hb,96.8
2020-02-15,hb,96.5
2020-02-16,hb,96.19
2020-02-17,hb,96.07
2020-02-18,hb,96.03
2020-02-19,hb,95.87
2020-02-20,hb,95.69
2020-02-21,hb,95.59
2020-02-22,hb,95.43
2020-02-23,hb,95.32
2020-02-24,hb,95.23
2020-02-25,hb,95.21
2020-02-26,hb,95.37
2020-02-27,hb,95.25
2020-02-28,hb,95.24
2020-02-29,hb,95.27
2020-03-01,hb,95.38
2020-03-02,hb,95.55
2020-03-03,hb,95.79
2020-03-04,hb,95.73
2020-03-05,hb,95.98
2020-03-06,hb,96.18
2020-03-07,hb,96.3
2020-03-08,hb,96.32
2020-03-09,hb,96.26
2020-03-10,hb,96.43
2020-03-11,hb,96.66
2020-03-12,hb,96.79
2020-03-13,hb,96.49
2020-03-14,hb,96.2
2020-03-15,hb,95.93
2020-03-16,hb,95.59
2020-03-17,hb,94.82
2020-03-18,hb,94.11
2020-03-19,hb,93.29
2020-03-20,hb,92.52
2020-03-21,hb,91.7
2020-03-22,hb,90.79
2020-03-23,hb,89.86
2020-03-24,hb,88.95
2020-03-25,hb,87.93
2020-03-26,hb,87.05
2020-03-27,hb,86.5
2020-03-28,hb,85.89
2020-03-29,hb,85.31
2020-03-30,hb,84.59
2020-03-31,hb,84.14
2020-04-01,hb,83.8
2020-04-02,hb,83.43
2020-04-03,hb,82.82
2020-04-04,hb,82.19
2020-04-05,hb,81.64
2020-04-06,hb,81.1
2020-04-07,hb,80.14
2020-04-08,hb,79.32
2020-04-09,hb,78.19
2020-04-10,hb,77.31
2020-04-11,hb,76.84
2020-04-12,hb,76.35
2020-04-13,hb,76.15
2020-04-14,hb,76.17
2020-04-15,hb,76.13
2020-04-16,hb,76.36
2020-04-17,hb,76.91
2020-04-18,hb,77.13
2020-04-19,hb,77.07
2020-04-20,hb,77.08
2020-04-21,hb,76.93
2020-04-22,hb,76.74
2020-04-23,hb,76.52
2020-04-24,hb,76
2020-04-25,hb,75.51
2020-04-26,hb,75.31
2020-04-27,hb,74.89
2020-04-28,hb,74.6
2020-04-29,hb,74.37
2020-04-30,hb,74.31
2020-05-01,hb,74.25
2020-05-02,hb,74.14
2020-05-03,hb,73.99
2020-05-04,hb,73.87
2020-05-05,hb,73.75
2020-05-06,hb,73.64
2020-05-07,hb,73.53
2020-05-08,hb,73.3
2020-05-09,hb,73.2
2020-05-10,hb,73.11
2020-05-11,hb,73.14
2020-05-12,hb,73.26
2020-05-13,hb,73.49
2020-05-14,hb,73.54
2020-05-15,hb,73.57
2020-05-16,hb,73.57
2020-05-17,hb,73.61
2020-05-18,hb,73.53
2020-05-19,hb,73.41
2020-05-20,hb,73.21
2020-05-21,hb,73.11
2020-05-22,hb,74.18
2020-05-23,hb,75.18
2020-05-24,hb,75.97
2020-05-25,hb,76.86
2020-05-26,hb,77.9
2020-05-27,hb,78.95
2020-05-28,hb,80.24
2020-05-29,hb,80.29
2020-05-30,hb,80.6
2020-05-31,hb,80.84
2020-06-01,hb,81.23
2020-06-02,hb,80.93
2020-06-03,hb,80.91
2020-06-04,hb,80.66
2020-06-05,hb,80.72
2020-06-06,hb,79.54
2020-06-07,hb,78.68
2020-06-08,hb,77.96
2020-06-09,hb,77.75
2020-06-10,hb,77.24
2020-06-11,hb,76.76
2020-06-12,hb,76.13
2020-06-13,hb,76.5
2020-06-14,hb,76.79
2020-06-15,hb,76.81
2020-06-16,hb,77.11
2020-06-17,hb,77.3
2020-06-18,hb,77.77
2020-06-19,hb,78.37
2020-06-20,hb,78.92
2020-06-21,hb,79.37
2020-06-22,hb,79.7
2020-06-23,hb,79.76
2020-06-24,hb,80.09
2020-06-25,hb,79.97
2020-06-26,hb,79.63
2020-06-27,hb,79.47
2020-06-28,hb,79.11
2020-06-29,hb,78.66
2020-06-30,hb,78.13
2020-07-01,hb,77.47
2020-07-02,hb,77.08
2020-07-03,hb,76.7
2020-07-04,hb,76.27
2020-07-05,hb,76.13
2020-07-06,hb,76.53
2020-07-07,hb,77.37
2020-07-08,hb,78.18
2020-07-09,hb,79.01
2020-07-10,hb,79.85
2020-07-11,hb,80.44
2020-07-12,hb,81.3
2020-07-13,hb,81.69
2020-07-14,hb,81.88
2020-07-15,hb,81.72
2020-07-16,hb,81.54
2020-07-17,hb,81.32
2020-07-18,hb,81.35
2020-07-19,hb,81.16
2020-07-20,hb,81.08
2020-07-21,hb,80.86
2020-07-22,hb,81.06
2020-07-23,hb,81.07
2020-07-24,hb,81.17
2020-07-25,hb,81.29
2020-07-26,hb,81.39
2020-07-27,hb,81.29
2020-07-28,hb,81.18
2020-07-29,hb,81.06
2020-07-30,hb,81.06
2020-07-31,hb,81.18
2020-08-01,hb,81.27
2020-08-02,hb,81.29
2020-08-03,hb,81.43
2020-08-04,hb,81.63
2020-08-05,hb,81.63
2020-08-06,hb,81.7
2020-08-07,hb,81.69
2020-08-08,hb,81.72
2020-08-09,hb,81.8
2020-08-10,hb,81.81
2020-08-11,hb,81.74
2020-08-12,hb,81.72
2020-08-13,hb,81.64
2020-08-14,hb,81.38
2020-08-15,hb,81.1
2020-08-16,hb,80.94
2020-08-17,hb,80.81
2020-08-18,hb,80.67
2020-08-19,hb,80.65
2020-08-20,hb,80.63
2020-08-21,hb,80.7
2020-08-22,hb,80.69
2020-08-23,hb,80.59
2020-08-24,hb,80.62
2020-08-25,hb,80.68
2020-08-26,hb,80.78
2020-08-27,hb,80.75
2020-08-28,hb,80.76
2020-08-29,hb,80.93
2020-08-30,hb,81.03
2020-08-31,hb,81.14
2020-09-01,hb,81.19
2020-09-02,hb,81.28
2020-09-03,hb,81.36
2020-09-04,hb,81.31
2020-09-05,hb,81.44
2020-09-06,hb,81.59
2020-09-07,hb,81.62
2020-09-08,hb,81.86
2020-09-09,hb,81.97
2020-09-10,hb,82.25
2020-09-11,hb,82.62
2020-09-12,hb,82.72
2020-09-13,hb,82.73
2020-09-14,hb,82.88
2020-09-15,hb,82.93
2020-09-16,hb,83.01
2020-09-17,hb,83.02
2020-09-18,hb,83.06
2020-09-19,hb,83.04
2020-09-20,hb,83.15
2020-09-21,hb,83.2
2020-09-22,hb,83.12
2020-09-23,hb,83.15
2020-09-24,hb,83.2
2020-09-25,hb,83.37
2020-09-26,hb,83.63
2020-09-27,hb,83.86
2020-09-28,hb,84.2
2020-09-29,hb,84.55
2020-09-30,hb,84.77
2020-10-01,hb,85.02
2020-10-02,hb,85.13
2020-10-03,hb,85.33
2020-10-04,hb,85.57
2020-10-05,hb,85.74
2020-10-06,hb,85.98
2020-10-07,hb,86.36
2020-10-08,hb,86.6
2020-10-09,hb,86.9
2020-10-10,hb,87.22
2020-10-11,hb,87.5
2020-10-12,hb,87.76
2020-10-13,hb,88.03
2020-10-14,hb,88.17
2020-10-15,hb,88.44
2020-10-16,hb,88.67
2020-10-17,hb,88.83
2020-10-18,hb,88.93
2020-10-19,hb,88.96
2020-10-20,hb,89.14
2020-10-21,hb,89.3
2020-10-22,hb,89.37
2020-10-23,hb,89.43
2020-10-24,hb,89.45
2020-10-25,hb,89.5
2020-10-26,hb,89.56
2020-10-27,hb,89.52
2020-10-28,hb,89.49
2020-10-29,hb,89.53
2020-10-30,hb,89.53
2020-10-31,hb,89.44
2020-11-01,hb,89.5
2020-11-02,hb,89.6
2020-11-03,hb,89.56
2020-11-04,hb,89.47
2020-11-05,hb,89.26
2020-11-06,hb,89.19
2020-11-07,hb,89.29
2020-11-08,hb,89.33
2020-11-09,hb,89.39
2020-11-10,hb,89.5
2020-11-11,hb,89.72
2020-11-12,hb,90.08
2020-11-13,hb,90.28
2020-11-14,hb,90.31
2020-11-15,hb,90.37
2020-11-16,hb,90.36
2020-11-17,hb,90.39
2020-11-18,hb,90.34
2020-11-19,hb,90.27
2020-11-20,hb,90.27
2020-11-21,hb,90.32
2020-11-22,hb,90.29
2020-11-23,hb,90.23
2020-11-24,hb,89.52
2020-11-25,hb,89.51
2020-11-26,hb,89.44
2020-11-27,hb,89.38
2020-11-28,hb,89.44
2020-11-29,hb,89.52
2020-11-30,hb,89.62
2020-12-01,hb,90.55
2020-12-02,hb,90.64
2020-12-03,hb,90.76
2020-12-04,hb,90.95
2020-12-05,hb,90.98
2020-12-06,hb,91.02
2020-12-07,hb,91.06
2020-12-08,hb,90.96
2020-12-09,hb,90.95
2020-12-10,hb,90.53
2020-12-11,hb,90.07
2020-12-12,hb,89.59
2020-12-13,hb,89.22
2020-12-14,hb,88.87
2020-12-15,hb,88.5
2020-12-16,hb,87.95
2020-12-17,hb,87.74
2020-12-18,hb,87.4
2020-12-19,hb,87.1
2020-12-20,hb,86.69
2020-12-21,hb,86.31
2020-12-22,hb,85.93
2020-12-23,hb,85.71
2020-12-24,hb,85.68
2020-12-25,hb,85.71
2020-12-26,hb,85.72
2020-12-27,hb,85.69
2020-12-28,hb,85.77
2020-12-29,hb,85.89
2020-12-30,hb,85.93
2020-12-31,hb,86
2021-01-01,hb,86.3
2021-01-02,hb,86.48
2021-01-03,hb,86.69
2021-01-04,hb,86.8
2021-01-05,hb,87.07
2021-01-06,hb,87.51
2021-01-07,hb,87.78
2021-01-08,hb,87.87
2021-01-09,hb,88.03
2021-01-10,hb,88.42
2021-01-11,hb,88.78
2021-01-12,hb,88.96
2021-01-13,hb,89.21
2021-01-14,hb,89.54
2021-01-15,hb,89.78
2021-01-16,hb,90.23
2021-01-17,hb,90.49
2021-01-18,hb,90.71
2021-01-19,hb,90.88
2021-01-20,hb,90.83
2021-01-21,hb,91.05
2021-01-22,hb,91.19
2021-01-23,hb,91.35
2021-01-24,hb,91.45
2021-01-25,hb,91.56
2021-01-26,hb,91.75
2021-01-27,hb,92.08
2021-01-28,hb,92.22
2021-01-29,hb,92.28
2021-01-30,hb,92.26
2021-01-31,hb,92.26
2021-02-01,hb,92.31
2021-02-02,hb,92.43
2021-02-03,hb,92.47
2021-02-04,hb,92.24
2021-02-05,hb,92.22
2021-02-06,hb,92.05
2021-02-07,hb,91.77
2021-02-08,hb,91.49
2021-02-09,hb,91.02
2021-02-10,hb,90.58
2021-02-11,hb,90.23
2021-02-12,hb,89.94
2021-02-13,hb,89.84
2021-02-14,hb,89.86
2021-02-15,hb,89.75
2021-02-16,hb,89.62
2021-02-17,hb,89.36
2021-02-18,hb,89.19
2021-02-19,hb,88.93
2021-02-20,hb,88.67
2021-02-21,hb,88.33
2021-02-22,hb,87.9
2021-02-23,hb,87.79
2021-02-24,hb,87.88
2021-02-25,hb,88.07
2021-02-26,hb,88.36
2021-02-27,hb,88.48
2021-02-28,hb,88.66
2021-03-01,hb,89.01
2021-03-02,hb,89.27
2021-03-03,hb,89.45
2021-03-04,hb,89.49
2021-03-05,hb,89.54
2021-03-06,hb,89.75
2021-03-07,hb,89.89
2021-03-08,hb,89.98
2021-03-09,hb,89.87
2021-03-10,hb,90.09
2021-03-11,hb,90.31
2021-03-12,hb,90.38
2021-03-13,hb,90.4
2021-03-14,hb,90.52
2021-03-15,hb,90.72
2021-03-16,hb,91.02
2021-03-17,hb,90.95
2021-03-18,hb,90.98
2021-03-19,hb,91.06
2021-03-20,hb,91.12
2021-03-21,hb,91.25
2021-03-22,hb,91.29
2021-03-23,hb,91.38
2021-03-24,hb,91.54
2021-03-25,hb,91.66
2021-03-26,hb,91.75
2021-03-27,hb,92.04
2021-03-28,hb,92.18
2021-03-29,hb,92.4
2021-03-30,hb,92.55
2021-03-31,hb,92.92
2021-04-01,hb,93.18
2021-04-02,hb,93.61
2021-04-03,hb,93.68
2021-04-04,hb,93.72
2021-04-05,hb,93.83
2021-04-06,hb,93.81
2021-04-07,hb,93.55
2021-04-08,hb,93.24
2021-04-09,hb,92.86
2021-04-10,hb,92.62
2021-04-11,hb,92.62
2021-04-12,hb,92.57
2021-04-13,hb,92.51
2021-04-14,hb,92.48
2021-04-15,hb,92.6
2021-04-16,hb,92.6
2021-04-17,hb,92.84
2021-04-18,hb,92.87
2021-04-19,hb,92.72
2021-04-20,hb,92.76
2021-04-21,hb,92.72
2021-04-22,hb,92.64
2021-04-23,hb,92.69
2021-04-24,hb,92.63
2021-04-25,hb,92.62
2021-04-26,hb,92.75
2021-04-27,hb,92.89
2021-04-28,hb,93.09
2021-04-29,hb,93.28
2021-04-30,hb,93.53
2021-05-01,hb,93.76
2021-05-02,hb,93.95
2021-05-03,hb,94.18
2021-05-04,hb,94.37
2021-05-05,hb,94.65
2021-05-06,hb,95.05
2021-05-07,hb,95.29
2021-05-08,hb,95.67
2021-05-09,hb,95.92
2021-05-10,hb,96.12
2021-05-11,hb,96.47
2021-05-12,hb,96.83
2021-05-13,hb,97.37
2021-05-14,hb,97.73
2021-05-15,hb,97.85
2021-05-16,hb,98.21
2021-05-17,hb,98.63
2021-05-18,hb,98.82
2021-05-19,hb,99.12
2021-05-20,hb,99.27
2021-05-21,hb,99.64
2021-05-22,hb,100.55
2021-05-23,hb,101.4
2021-05-24,hb,102.08
2021-05-25,hb,102.72
2021-05-26,hb,103.36
2021-05-27,hb,103.73
2021-05-28,hb,104.28
2021-05-29,hb,104.04
2021-05-30,hb,104.04
2021-05-31,hb,103.87
2021-06-01,hb,103.97
2021-06-02,hb,103.51
2021-06-03,hb,103.64
2021-06-04,hb,103.77
2021-06-05,hb,104.23
2021-06-06,hb,103.99
2021-06-07,hb,104.13
2021-06-08,hb,104.23
2021-06-09,hb,104.82
2021-06-10,hb,104.91
2021-06-11,hb,104.96
2021-06-12,hb,105.07
2021-06-13,hb,105.67
2021-06-14,hb,106.17
2021-06-15,hb,106.65
2021-06-16,hb,107.2
2021-06-17,hb,107.73
2021-06-18,hb,108.35
2021-06-19,hb,108.8
2021-06-20,hb,109.05
2021-06-21,hb,109.28
2021-06-22,hb,109.43
2021-06-23,hb,109.51
2021-06-24,hb,109.63
2021-06-25,hb,109.53
2021-06-26,hb,109.41
2021-06-27,hb,109.44
2021-06-28,hb,109.52
2021-06-29,hb,109.56
2021-06-30,hb,109.46
2021-07-01,hb,109.36
2021-07-02,hb,109.23
2021-07-03,hb,109.31
2021-07-04,hb,109.39
2021-07-05,hb,109.43
2021-07-06,hb,109.61
2021-07-07,hb,109.94
2021-07-08,hb,110.36
2021-07-09,hb,110.93
2021-07-10,hb,111.45
2021-07-11,hb,112.05
2021-07-12,hb,112.72
2021-07-13,hb,113.27
2021-07-14,hb,113.7
2021-07-15,hb,114.21
2021-07-16,hb,114.68
2021-07-17,hb,115
2021-07-18,hb,115.29
2021-07-19,hb,115.62
2021-07-20,hb,115.99
2021-07-21,hb,116.42
2021-07-22,hb,116.68
2021-07-23,hb,116.72
2021-07-24,hb,117
2021-07-25,hb,117.32
2021-07-26,hb,117.54
2021-07-27,hb,117.67
2021-07-28,hb,117.82
2021-07-29,hb,117.88
2021-07-30,hb,118.2
2021-07-31,hb,118.39
2021-08-01,hb,118.47
2021-08-02,hb,118.59
2021-08-03,hb,118.71
2021-08-04,hb,119.03
2021-08-05,hb,119.4
2021-08-06,hb,119.8
2021-08-07,hb,120.07
2021-08-08,hb,120.35
2021-08-09,hb,120.6
2021-08-10,hb,120.87
2021-08-11,hb,120.86
2021-08-12,hb,120.83
2021-08-13,hb,120.74
2021-08-14,hb,120.72
2021-08-15,hb,120.75
2021-08-16,hb,120.81
2021-08-17,hb,120.89
2021-08-18,hb,121.25
2021-08-19,hb,121.65
2021-08-20,hb,122.04
2021-08-21,hb,122.33
2021-08-22,hb,122.65
2021-08-23,hb,122.94
2021-08-24,hb,123.17
2021-08-25,hb,123.22
2021-08-26,hb,123.27
2021-08-27,hb,123.39
2021-08-28,hb,123.59
2021-08-29,hb,123.87
2021-08-30,hb,124.05
2021-08-31,hb,124.32
2021-09-01,hb,124.59
2021-09-02,hb,125.02
2021-09-03,hb,125.35
2021-09-04,hb,125.72
2021-09-05,hb,126
2021-09-06,hb,126.35
2021-09-07,hb,126.77
2021-09-08,hb,127.11
2021-09-09,hb,127.19
2021-09-10,hb,127.41
2021-09-11,hb,127.59
2021-09-12,hb,127.7
2021-09-13,hb,127.9
2021-09-14,hb,127.93
2021-09-15,hb,127.99
2021-09-16,hb,128.19
2021-09-17,hb,128.06
2021-09-18,hb,127.83
2021-09-19,hb,127.81
2021-09-20,hb,127.67
2021-09-21,hb,127.64
2021-09-22,hb,127.69
2021-09-23,hb,127.71
2021-09-24,hb,127.87
2021-09-25,hb,128.09
2021-09-26,hb,128.31
2021-09-27,hb,128.65
2021-09-28,hb,128.96
2021-09-29,hb,129.14
2021-09-30,hb,129.34
2021-10-01,hb,129.47
2021-10-02,hb,129.85
2021-10-03,hb,130.01
2021-10-04,hb,130.05
2021-10-05,hb,130.13
2021-10-06,hb,130.27
2021-10-07,hb,130.4
2021-10-08,hb,130.75
2021-10-09,hb,130.9
2021-10-10,hb,131.17
2021-10-11,hb,131.42
2021-10-12,hb,131.6
2021-10-13,hb,131.73
2021-10-14,hb,131.95
2021-10-15,hb,132.09
2021-10-16,hb,132.32
2021-10-17,hb,132.47
2021-10-18,hb,132.56
2021-10-19,hb,132.65
2021-10-20,hb,132.83
2021-10-21,hb,132.85
2021-10-22,hb,132.81
2021-10-23,hb,132.92
2021-10-24,hb,132.98
2021-10-25,hb,133.1
2021-10-26,hb,133.21
2021-10-27,hb,133.1
2021-10-28,hb,133.15
2021-10-29,hb,133.2
2021-10-30,hb,133.15
2021-10-31,hb,133.21
2021-11-01,hb,133.07
2021-11-02,hb,133.1
2021-11-03,hb,133.12
2021-11-04,hb,133.18
2021-11-05,hb,133.4
2021-11-06,hb,133.54
2021-11-07,hb,133.47
2021-11-08,hb,133.69
2021-11-09,hb,133.92
2021-11-10,hb,134.08
2021-11-11,hb,134.16
2021-11-12,hb,134.04
2021-11-13,hb,133.94
2021-11-14,hb,134
2021-11-15,hb,134.13
2021-11-16,hb,134.29
2021-11-17,hb,134.7
2021-11-18,hb,134.96
2021-11-19,hb,135.45
2021-11-20,hb,135.81
2021-11-21,hb,136.04
2021-11-22,hb,136.22
2021-11-23,hb,136.33
2021-11-24,hb,136.23
2021-11-25,hb,136.23
2021-11-26,hb,136.01
2021-11-27,hb,135.83
2021-11-28,hb,135.79
2021-11-29,hb,135.77
2021-11-30,hb,135.6
2021-12-01,hb,135.36
2021-12-02,hb,135.24
2021-12-03,hb,135.07
2021-12-04,hb,135.02
2021-12-05,hb,134.97
2021-12-06,hb,134.84
2021-12-07,hb,134.75
2021-12-08,hb,134.82
2021-12-09,hb,134.69
2021-12-10,hb,134.79
2021-12-11,hb,134.95
2021-12-12,hb,135.23
2021-12-13,hb,135.57
2021-12-14,hb,135.82
2021-12-15,hb,135.85
2021-12-16,hb,135.97
2021-12-17,hb,136.13
2021-12-18,hb,136.14
2021-12-19,hb,135.94
2021-12-20,hb,135.69
2021-12-21,hb,135.48
2021-12-22,hb,135.65
2021-12-23,hb,135.79
2021-12-24,hb,135.83
2021-12-25,hb,135.82
2021-12-26,hb,135.88
2021-12-27,hb,136.05
2021-12-28,hb,136.24
2021-12-29,hb,136.06
2021-12-30,hb,136.15
2021-12-31,hb,136.17
2022-01-01,hb,136.26
2022-01-02,hb,136.28
2022-01-03,hb,136.05
2022-01-04,hb,136.12
2022-01-05,hb,136.34
2022-01-06,hb,136.38
2022-01-07,hb,136.58
2022-01-08,hb,136.72
2022-01-09,hb,136.84
2022-01-10,hb,137
2022-01-11,hb,136.82
2022-01-12,hb,136.75
2022-01-13,hb,136.44
2022-01-14,hb,135.86
2022-01-15,hb,135.59
2022-01-16,hb,135.39
2022-01-17,hb,135.41
2022-01-18,hb,135.39
2022-01-19,hb,135.51
2022-01-20,hb,135.85
2022-01-21,hb,136.18
2022-01-22,hb,136.22
2022-01-23,hb,136.28
2022-01-24,hb,136.09
2022-01-25,hb,136.36
2022-01-26,hb,136.53
2022-01-27,hb,136.8
2022-01-28,hb,137.34
2022-01-29,hb,138
2022-01-30,hb,138.59
2022-01-31,hb,139.29
2022-02-01,hb,139.69
2022-02-02,hb,140.13
2022-02-03,hb,140.47
2022-02-04,hb,140.56
2022-02-05,hb,140.76
2022-02-06,hb,140.98
2022-02-07,hb,141.15
2022-02-08,hb,141.12
2022-02-09,hb,141.05
2022-02-10,hb,140.98
2022-02-11,hb,140.86
2022-02-12,hb,140.64
2022-02-13,hb,140.43
2022-02-14,hb,140.28
2022-02-15,hb,140.38
2022-02-16,hb,140.36
2022-02-17,hb,140.59
2022-02-18,hb,141.06
2022-02-19,hb,141.32
2022-02-20,hb,141.62
2022-02-21,hb,141.88
2022-02-22,hb,142.08
2022-02-23,hb,142.39
2022-02-24,hb,142.32
2022-02-25,hb,142.21
2022-02-26,hb,142.23
2022-02-27,hb,142.2
2022-02-28,hb,142.21
2022-03-01,hb,142.18
2022-03-02,hb,142.07
2022-03-03,hb,142.01
2022-03-04,hb,141.95
2022-03-05,hb,141.86
2022-03-06,hb,141.95
2022-03-07,hb,141.85
2022-03-08,hb,141.85
2022-03-09,hb,141.86
2022-03-10,hb,142.08
2022-03-11,hb,142.3
2022-03-12,hb,142.53
2022-03-13,hb,142.6
2022-03-14,hb,142.72
2022-03-15,hb,142.74
2022-03-16,hb,142.91
2022-03-17,hb,142.93
2022-03-18,hb,143.08
2022-03-19,hb,143.13
2022-03-20,hb,143.39
2022-03-21,hb,143.9
2022-03-22,hb,144.54
2022-03-23,hb,145.18
2022-03-24,hb,145.71
2022-03-25,hb,146.23
2022-03-26,hb,146.78
2022-03-27,hb,147.19
2022-03-28,hb,147.48
2022-03-29,hb,147.79
2022-03-30,hb,147.96
2022-03-31,hb,148.35
2022-04-01,hb,148.54
2022-04-02,hb,148.93
2022-04-03,hb,149.2
2022-04-04,hb,149.36
2022-04-05,hb,149.54
2022-04-06,hb,149.79
2022-04-07,hb,149.8
2022-04-08,hb,149.68
2022-04-09,hb,149.34
2022-04-10,hb,149.08
2022-04-11,hb,149.06
2022-04-12,hb,148.82
2022-04-13,hb,148.66
2022-04-14,hb,148.6
2022-04-15,hb,148.75
2022-04-16,hb,148.87
2022-04-17,hb,149.13
2022-04-18,hb,149.24
2022-04-19,hb,149.25
2022-04-20,hb,149.24
2022-04-21,hb,149.22
2022-04-22,hb,149.24
2022-04-23,hb,149.4
2022-04-24,hb,149.57
2022-04-25,hb,149.74
2022-04-26,hb,150.04
2022-04-27,hb,150.24
2022-04-28,hb,150.53
2022-04-29,hb,150.94
2022-04-30,hb,151.39
2022-05-01,hb,151.67
2022-05-02,hb,151.87
2022-05-03,hb,152.11
2022-05-04,hb,152.38
2022-05-05,hb,152.76
2022-05-06,hb,153.04
2022-05-07,hb,153.39
2022-05-08,hb,153.69
2022-05-09,hb,154.29
2022-05-10,hb,154.59
2022-05-11,hb,155.13
2022-05-12,hb,155.39
2022-05-13,hb,155.89
2022-05-14,hb,156.25
2022-05-15,hb,156.7
2022-05-16,hb,157.01
2022-05-17,hb,157.62
2022-05-18,hb,157.99
2022-05-19,hb,158.44
2022-05-20,hb,158.58
2022-05-21,hb,158.63
2022-05-22,hb,158.7
2022-05-23,hb,158.76
2022-05-24,hb,158.82
2022-05-25,hb,158.88
2022-05-26,hb,158.95
2022-05-27,hb,159.01
2022-05-28,hb,159.07
2022-05-29,hb,159.13
2022-05-30,hb,159.2
2022-05-31,hb,158.92
2022-06-01,hb,159.09
2022-06-02,hb,158.53
2022-06-03,hb,158.21
2022-06-04,hb,158.09
2022-06-05,hb,157.91
2022-06-06,hb,157.42
2022-06-07,hb,157.21
2022-06-08,hb,156.25
2022-06-09,hb,156.12
2022-06-10,hb,155.91
2022-06-11,hb,155.5
2022-06-12,hb,155.15
2022-06-13,hb,155.12
2022-06-14,hb,155.25
2022-06-15,hb,155.6
2022-06-16,hb,156.36
2022-06-17,hb,156.52
2022-06-18,hb,157.36
2022-06-19,hb,158.1
2022-06-20,hb,158.51
2022-06-21,hb,158.84
2022-06-22,hb,159.3
2022-06-23,hb,159.31
2022-06-24,hb,159.99
2022-06-25,hb,160.02
2022-06-26,hb,160.09
2022-06-27,hb,160.48
2022-06-28,hb,160.54
2022-06-29,hb,160.52
2022-06-30,hb,160.15
2022-07-01,hb,159.56
2022-07-02,hb,159.12
2022-07-03,hb,158.67
2022-07-04,hb,158.29
2022-07-05,hb,158.13
2022-07-06,hb,158.18
2022-07-07,hb,158.58
2022-07-08,hb,158.78
2022-07-09,hb,159.2
2022-07-10,hb,159.62
2022-07-11,hb,160.04
2022-07-12,hb,160.59
2022-07-13,hb,160.87
2022-07-14,hb,161.23
2022-07-15,hb,161.8
2022-07-16,hb,161.92
2022-07-17,hb,162.04
2022-07-18,hb,161.91
2022-07-19,hb,161.85
2022-07-20,hb,161.93
2022-07-21,hb,161.71
2022-07-22,hb,161.67
2022-07-23,hb,161.66
2022-07-24,hb,161.77
2022-07-25,hb,162.03
2022-07-26,hb,162.08
2022-07-27,hb,161.39
2022-07-28,hb,160.85
2022-07-29,hb,160.23
2022-07-30,hb,159.4
2022-07-31,hb,158.46
2022-08-01,hb,157.46
2022-08-02,hb,156.58
2022-08-03,hb,156.26
2022-08-04,hb,155.74
2022-08-05,hb,155.23
2022-08-06,hb,155.03
2022-08-07,hb,154.77
2022-08-08,hb,154.55
2022-08-09,hb,154.39
2022-08-10,hb,154.33
2022-08-11,hb,154.55
2022-08-12,hb,154.81
2022-08-13,hb,154.9
2022-08-14,hb,155.37
2022-08-15,hb,155.8
2022-08-16,hb,156.12
2022-08-17,hb,156.53
2022-08-18,hb,156.87
2022-08-19,hb,157.12
2022-08-20,hb,157.42
2022-08-21,hb,157.59
2022-08-22,hb,157.74
2022-08-23,hb,157.77
2022-08-24,hb,157.66
2022-08-25,hb,157.69
2022-08-26,hb,157.7
2022-08-27,hb,157.77
2022-08-28,hb,157.65
2022-08-29,hb,157.47
2022-08-30,hb,157.59
2022-08-31,hb,157.73
2022-09-01,hb,157.79
2022-09-02,hb,157.63
2022-09-03,hb,157.66
2022-09-04,hb,157.69
2022-09-05,hb,157.94
2022-09-06,hb,157.92
2022-09-07,hb,157.83
2022-09-08,hb,157.79
2022-09-09,hb,157.85
2022-09-10,hb,157.83
2022-09-11,hb,157.8
2022-09-12,hb,157.57
2022-09-13,hb,157.58
2022-09-14,hb,157.79
2022-09-15,hb,157.91
2022-09-16,hb,157.95
2022-09-17,hb,158
2022-09-18,hb,158.03
2022-09-19,hb,158.18
2022-09-20,hb,158
2022-09-21,hb,157.9
2022-09-22,hb,157.75
2022-09-23,hb,157.7
2022-09-24,hb,157.67
2022-09-25,hb,157.75
2022-09-26,hb,157.81
2022-09-27,hb,158.06
2022-09-28,hb,158.22
2022-09-29,hb,158.33
2022-09-30,hb,158.5
2022-10-01,hb,158.62
2022-10-02,hb,158.54
2022-10-03,hb,158.59
2022-10-04,hb,158.5
2022-10-05,hb,158.59
2022-10-06,hb,158.74
2022-10-07,hb,158.97
2022-10-08,hb,159.13
2022-10-09,hb,159.57
2022-10-10,hb,159.72
2022-10-11,hb,160.02
2022-10-12,hb,160.52
2022-10-13,hb,161.3
2022-10-14,hb,161.9
2022-10-15,hb,162.54
2022-10-16,hb,163.21
2022-10-17,hb,164.06
2022-10-18,hb,164.63
2022-10-19,hb,164.44
2022-10-20,hb,164.38
2022-10-21,hb,164.07
2022-10-22,hb,163.8
2022-10-23,hb,163.68
2022-10-24,hb,163.57
2022-10-25,hb,163.65
2022-10-26,hb,164
2022-10-27,hb,164.08
2022-10-28,hb,164.28
2022-10-29,hb,164.31
2022-10-30,hb,164.28
2022-10-31,hb,164.25
2022-11-01,hb,164.07
2022-11-02,hb,164.02
2022-11-03,hb,163.72
2022-11-04,hb,163.72
2022-11-05,hb,163.69
2022-11-06,hb,163.53
2022-11-07,hb,163.2
2022-11-08,hb,163.24
2022-11-09,hb,163.32
2022-11-10,hb,163.44
2022-11-11,hb,163.4
2022-11-12,hb,163.71
2022-11-13,hb,163.98
2022-11-14,hb,164.12
2022-11-15,hb,164.2
2022-11-16,hb,164.31
2022-11-17,hb,164.62
2022-11-18,hb,165.01
2022-11-19,hb,165.22
2022-11-20,hb,165.38
2022-11-21,hb,165.71
2022-11-22,hb,165.87
2022-11-23,hb,165.98
2022-11-24,hb,166
2022-11-25,hb,165.9
2022-11-26,hb,165.77
2022-11-27,hb,165.58
2022-11-28,hb,165.43
2022-11-29,hb,165.55
2022-11-30,hb,165.52
2022-12-01,hb,165.57
2022-12-02,hb,165.5
2022-12-03,hb,165.52
2022-12-04,hb,165.66
2022-12-05,hb,165.74
2022-12-06,hb,165.73
2022-12-07,hb,165.9
2022-12-08,hb,165.97
2022-12-09,hb,166.16
2022-12-10,hb,166.11
2022-12-11,hb,165.96
2022-12-12,hb,166.11
2022-12-13,hb,166.05
2022-12-14,hb,165.92
2022-12-15,hb,165.64
2022-12-16,hb,165.27
2022-12-17,hb,164.81
2022-12-18,hb,164.36
2022-12-19,hb,163.66
2022-12-20,hb,162.9
2022-12-21,hb,161.95
2022-12-22,hb,161.12
2022-12-23,hb,160.47
2022-12-24,hb,160.13
2022-12-25,hb,159.79
2022-12-26,hb,159.65
2022-12-27,hb,159.55
2022-12-28,hb,159.64
2022-12-29,hb,159.89
2022-12-30,hb,160.01
2022-12-31,hb,159.97
2023-01-01,hb,159.97
2023-01-02,hb,159.77
2023-01-03,hb,159.76
2023-01-04,hb,159.39
2023-01-05,hb,158.95
2023-01-06,hb,158.63
2023-01-07,hb,158.36
2023-01-08,hb,158.17
2023-01-09,hb,157.97
2023-01-10,hb,157.56
2023-01-11,hb,157.6
2023-01-12,hb,157.48
2023-01-13,hb,157.48
2023-01-14,hb,157.53
2023-01-15,hb,157.45
2023-01-16,hb,157.45
2023-01-17,hb,157.5
2023-01-18,hb,157.47
2023-01-19,hb,157.62
2023-01-20,hb,157.56
2023-01-21,hb,157.47
2023-01-22,hb,157.47
2023-01-23,hb,157.36
2023-01-24,hb,157.28
2023-01-25,hb,157.02
2023-01-26,hb,156.85
2023-01-27,hb,156.58
2023-01-28,hb,156.4
2023-01-29,hb,156.1
2023-01-30,hb,155.81
2023-01-31,hb,155.66
2023-02-01,hb,155.5
2023-02-02,hb,155.15
2023-02-03,hb,155.02
2023-02-04,hb,155.2
2023-02-05,hb,155.48
2023-02-06,hb,155.73
2023-02-07,hb,155.93
2023-02-08,hb,156.1
2023-02-09,hb,156.69
2023-02-10,hb,157.07
2023-02-11,hb,157.11
2023-02-12,hb,157.12
2023-02-13,hb,157.3
2023-02-14,hb,157.36
2023-02-15,hb,157.5
2023-02-16,hb,157.3
2023-02-17,hb,157.14
2023-02-18,hb,156.94
2023-02-19,hb,156.86
2023-02-20,hb,156.74
2023-02-21,hb,156.81
2023-02-22,hb,157.22
2023-02-23,hb,157.53
2023-02-24,hb,157.89
2023-02-25,hb,158.35
2023-02-26,hb,158.55
2023-02-27,hb,158.84
2023-02-28,hb,158.86
2023-03-01,hb,158.67
2023-03-02,hb,158.86
2023-03-03,hb,158.97
2023-03-04,hb,158.93
2023-03-05,hb,159.17
2023-03-06,hb,159.39
2023-03-07,hb,159.6
2023-03-08,hb,159.64
2023-03-09,hb,159.4
2023-03-10,hb,159.59
2023-03-11,hb,159.85
2023-03-12,hb,159.92
2023-03-13,hb,159.82
2023-03-14,hb,159.78
2023-03-15,hb,159.83
2023-03-16,hb,159.93
2023-03-17,hb,159.76
2023-03-18,hb,159.52
2023-03-19,hb,159.47
2023-03-20,hb,159.39
2023-03-21,hb,159.63
2023-03-22,hb,159.8
2023-03-23,hb,159.68
2023-03-24,hb,159.74
2023-03-25,hb,159.89
2023-03-26,hb,159.94
2023-03-27,hb,160.06
2023-03-28,hb,160
2023-03-29,hb,159.79
2023-03-30,hb,159.65
2023-03-31,hb,159.52
2023-04-01,hb,159.32
2023-04-02,hb,159.09
2023-04-03,hb,158.84
2023-04-04,hb,158.45
2023-04-05,hb,158.41
2023-04-06,hb,158.44
2023-04-07,hb,158.27
2023-04-08,hb,158.12
2023-04-09,hb,157.79
2023-04-10,hb,157.56
2023-04-11,hb,157.38
2023-04-12,hb,157.09
2023-04-13,hb,156.21
2023-04-14,hb,155.37
2023-04-15,hb,154.42
2023-04-16,hb,153.72
2023-04-17,hb,152.98
2023-04-18,hb,152.32
2023-04-19,hb,151.53
2023-04-20,hb,151.39
2023-04-21,hb,151.13
2023-04-22,hb,151.02
2023-04-23,hb,150.84
2023-04-24,hb,150.68
2023-04-25,hb,150.76
2023-04-26,hb,150.92
2023-04-27,hb,151.03
2023-04-28,hb,151.03
2023-04-29,hb,151.18
2023-04-30,hb,151.34
2023-05-01,hb,151.58
2023-05-02,hb,151.48
2023-05-03,hb,151.42
2023-05-04,hb,151.28
2023-05-05,hb,151.31
2023-05-06,hb,151.03
2023-05-07,hb,150.8
2023-05-08,hb,150.44
2023-05-09,hb,150.18
2023-05-10,hb,149.9
2023-05-11,hb,149.77
2023-05-12,hb,149.78
2023-05-13,hb,150.22
2023-05-14,hb,150.43
2023-05-15,hb,150.66
2023-05-16,hb,150.87
2023-05-17,hb,150.83
2023-05-18,hb,151.24
2023-05-19,hb,151.24
2023-05-20,hb,150.98
2023-05-21,hb,150.8
2023-05-22,hb,151.02
2023-05-23,hb,150.96
2023-05-24,hb,151.11
2023-05-25,hb,150.75
2023-05-26,hb,150.74
2023-05-27,hb,150.68
2023-05-28,hb,150.9
2023-05-29,hb,150.56
2023-05-30,hb,150.5
2023-05-31,hb,150.25
2023-06-01,hb,150.2
2023-06-02,hb,149.69
2023-06-03,hb,149.47
2023-06-04,hb,149.01
2023-06-05,hb,148.74
2023-06-06,hb,148.32
2023-06-07,hb,148.12
2023-06-08,hb,148.04
2023-06-09,hb,148.23
2023-06-10,hb,148.09
2023-06-11,hb,148.03
2023-06-12,hb,148.06
2023-06-13,hb,148.28
2023-06-14,hb,148.72
2023-06-15,hb,149.09
2023-06-16,hb,149.62
2023-06-17,hb,150.06
2023-06-18,hb,150.59
2023-06-19,hb,151.18
2023-06-20,hb,151.67
2023-06-21,hb,151.81
2023-06-22,hb,151.78
2023-06-23,hb,151.52
2023-06-24,hb,151.53
2023-06-25,hb,151.41
2023-06-26,hb,151.03
2023-06-27,hb,150.81
2023-06-28,hb,150.62
2023-06-29,hb,150.46
2023-06-30,hb,150.45
2023-07-01,hb,150.36
2023-07-02,hb,150.46
2023-07-03,hb,150.65
2023-07-04,hb,150.72
2023-07-05,hb,150.73
2023-07-06,hb,150.7
2023-07-07,hb,150.84
2023-07-08,hb,150.86
2023-07-09,hb,150.74
2023-07-10,hb,150.56
2023-07-11,hb,150.32
2023-07-12,hb,150.35
2023-07-13,hb,150.28
2023-07-14,hb,149.99
2023-07-15,hb,149.63
2023-07-16,hb,149.27
2023-07-17,hb,148.88
2023-07-18,hb,148.69
2023-07-19,hb,148.29
2023-07-20,hb,148.09
2023-07-21,hb,147.61
2023-07-22,hb,147.47
2023-07-23,hb,147.31
2023-07-24,hb,147.12
2023-07-25,hb,146.82
2023-07-26,hb,146.78
2023-07-27,hb,146.82
2023-07-28,hb,147.11
2023-07-29,hb,147.29
2023-07-30,hb,147.45
2023-07-31,hb,147.73
2023-08-01,hb,148
2023-08-02,hb,148.24
2023-08-03,hb,148.29
2023-08-04,hb,148.47
2023-08-05,hb,148.61
2023-08-06,hb,148.8
2023-08-07,hb,149.03
2023-08-08,hb,149.18
2023-08-09,hb,149.28
2023-08-10,hb,149.45
2023-08-11,hb,149.66
2023-08-12,hb,149.69
2023-08-13,hb,149.74
2023-08-14,hb,149.71
2023-08-15,hb,149.61
2023-08-16,hb,149.55
2023-08-17,hb,149.42
2023-08-18,hb,149.11
2023-08-19,hb,148.9
2023-08-20,hb,148.63
2023-08-21,hb,148.27
2023-08-22,hb,148.1
2023-08-23,hb,147.95
2023-08-24,hb,147.58
2023-08-25,hb,147.27
2023-08-26,hb,146.98
2023-08-27,hb,146.56
2023-08-28,hb,146.25
2023-08-29,hb,145.75
2023-08-30,hb,145.23
2023-08-31,hb,144.91
2023-09-01,hb,144.66
2023-09-02,hb,144.38
2023-09-03,hb,144.14
2023-09-04,hb,143.75
2023-09-05,hb,143.51
2023-09-06,hb,143.42
2023-09-07,hb,143.41
2023-09-08,hb,143.34
2023-09-09,hb,143.36
2023-09-10,hb,143.51
2023-09-11,hb,143.7
2023-09-12,hb,143.97
2023-09-13,hb,144.07
2023-09-14,hb,144.05
2023-09-15,hb,144.08
2023-09-16,hb,144.04
2023-09-17,hb,144
2023-09-18,hb,144.06
2023-09-19,hb,144.03
2023-09-20,hb,144
2023-09-21,hb,143.99
2023-09-22,hb,143.83
2023-09-23,hb,143.87
2023-09-24,hb,143.66
2023-09-25,hb,143.48
2023-09-26,hb,143.26
2023-09-27,hb,143.16
2023-09-28,hb,143.14
2023-09-29,hb,143.18
2023-09-30,hb,142.98
2023-10-01,hb,142.95
2023-10-02,hb,142.95
2023-10-03,hb,143.24
2023-10-04,hb,143.14
2023-10-05,hb,142.8
2023-10-06,hb,142.59
2023-10-07,hb,142.39
2023-10-08,hb,142.18
2023-10-09,hb,141.95
2023-10-10,hb,141.6
2023-10-11,hb,141.42
2023-10-12,hb,141.23
2023-10-13,hb,141.01
2023-10-14,hb,140.81
2023-10-15,hb,140.81
2023-10-16,hb,140.55
2023-10-17,hb,140.31
2023-10-18,hb,140.06
2023-10-19,hb,139.95
2023-10-20,hb,139.95
2023-10-21,hb,139.73
2023-10-22,hb,139.61
2023-10-23,hb,139.6
2023-10-24,hb,139.13
2023-10-25,hb,138.97
2023-10-26,hb,139.13
2023-10-27,hb,139.1
2023-10-28,hb,139.4
2023-10-29,hb,139.27
2023-10-30,hb,139.46
2023-10-31,hb,140.13
2023-11-01,hb,140.45
2023-11-02,hb,140.68
2023-11-03,hb,140.94
2023-11-04,hb,141.13
2023-11-05,hb,141.5
2023-11-06,hb,141.59
2023-11-07,hb,141.44
2023-11-08,hb,141.45
2023-11-09,hb,141.22
2023-11-10,hb,140.94
2023-11-11,hb,140.69
2023-11-12,hb,140.45
2023-11-13,hb,140.32
2023-11-14,hb,140.15
2023-11-15,hb,139.93
2023-11-16,hb,139.86
2023-11-17,hb,139.57
2023-11-18,hb,139.47
2023-11-19,hb,139.36
2023-11-20,hb,139.21
2023-11-21,hb,139.38
2023-11-22,hb,139.47
2023-11-23,hb,139.48
2023-11-24,hb,139.85
2023-11-25,hb,140.02
2023-11-26,hb,140.21
2023-11-27,hb,140.4
2023-11-28,hb,140.27
2023-11-29,hb,140.19
2023-11-30,hb,140.35
2023-12-01,hb,140.21
2023-12-02,hb,140.1
2023-12-03,hb,140.1
2023-12-04,hb,139.97
2023-12-05,hb,139.96
2023-12-06,hb,139.96
2023-12-07,hb,139.73
2023-12-08,hb,139.58
2023-12-09,hb,139.74
2023-12-10,hb,139.74
2023-12-11,hb,139.94
2023-12-12,hb,140.03
2023-12-13,hb,139.94
2023-12-14,hb,140.09
2023-12-15,hb,140.32
2023-12-16,hb,140.3
2023-12-17,hb,140.24
2023-12-18,hb,140.08
2023-12-19,hb,139.95
2023-12-20,hb,139.94
2023-12-21,hb,139.67
2023-12-22,hb,139.48
2023-12-23,hb,139.13
2023-12-24,hb,138.91
2023-12-25,hb,138.87
2023-12-26,hb,138.91
2023-12-27,hb,139
2023-12-28,hb,139.21
2023-12-29,hb,139.25
2023-12-30,hb,139.3
2023-12-31,hb,139.24
2024-01-01,hb,139.03
2024-01-02,hb,138.88
2024-01-03,hb,138.72
2024-01-04,hb,138.48
2024-01-05,hb,138.44
2024-01-06,hb,138.51
2024-01-07,hb,138.48
2024-01-08,hb,138.39
2024-01-09,hb,138.36
2024-01-10,hb,138.32
2024-01-11,hb,138.31
2024-01-12,hb,138.54
2024-01-13,hb,138.55
2024-01-14,hb,138.9
2024-01-15,hb,139.11
2024-01-16,hb,139.24
2024-01-17,hb,139.32
2024-01-18,hb,139.28
2024-01-19,hb,138.95
2024-01-20,hb,138.71
2024-01-21,hb,138.29
2024-01-22,hb,138.1
2024-01-23,hb,137.96
2024-01-24,hb,137.82
2024-01-25,hb,137.76
2024-01-26,hb,137.67
2024-01-27,hb,137.78
2024-01-28,hb,138
2024-01-29,hb,137.97
2024-01-30,hb,137.99
2024-01-31,hb,137.89
2024-02-01,hb,137.81
2024-02-02,hb,137.74
2024-02-03,hb,137.57
2024-02-04,hb,137.16
2024-02-05,hb,136.94
2024-02-06,hb,136.66
2024-02-07,hb,136.47
2024-02-08,hb,136.44
2024-02-09,hb,136.38
2024-02-10,hb,136.25
2024-02-11,hb,136.28
2024-02-12,hb,136.3
2024-02-13,hb,136.27
2024-02-14,hb,136.39
2024-02-15,hb,136.32
2024-02-16,hb,136.26
2024-02-17,hb,136.12
2024-02-18,hb,135.98
2024-02-19,hb,135.89
2024-02-20,hb,135.8
2024-02-21,hb,135.62
2024-02-22,hb,135.33
2024-02-23,hb,135.17
2024-02-24,hb,135.22
2024-02-25,hb,135.22
2024-02-26,hb,135.2
2024-02-27,hb,135.06
2024-02-28,hb,135.07
2024-02-29,hb,135.27
2024-03-01,hb,135.43
2024-03-02,hb,135.36
2024-03-03,hb,135.33
2024-03-04,hb,135.39
2024-03-05,hb,135.82
2024-03-06,hb,135.71
2024-03-07,hb,135.58
2024-03-08,hb,135.43
2024-03-09,hb,135.42
2024-03-10,hb,135.44
2024-03-11,hb,135.3
2024-03-12,hb,134.99
2024-03-13,hb,135.04
2024-03-14,hb,135.02
2024-03-15,hb,134.97
2024-03-16,hb,134.87
2024-03-17,hb,134.75
2024-03-18,hb,134.55
2024-03-19,hb,134.45
2024-03-20,hb,134.51
2024-03-21,hb,134.56
2024-03-22,hb,134.73
2024-03-23,hb,134.74
2024-03-24,hb,134.89
2024-03-25,hb,135.18
2024-03-26,hb,135.34
2024-03-27,hb,135.12
2024-03-28,hb,135.1
2024-03-29,hb,134.87
2024-03-30,hb,134.78
2024-03-31,hb,134.59
2024-04-01,hb,134.36
2024-04-02,hb,133.72
2024-04-03,hb,133.42
2024-04-04,hb,133.21
2024-04-05,hb,132.85
2024-04-06,hb,132.5
2024-04-07,hb,132.1
2024-04-08,hb,131.73
2024-04-09,hb,131.76
2024-04-10,hb,131.73
2024-04-11,hb,131.53
2024-04-12,hb,131.65
2024-04-13,hb,131.94
2024-04-14,hb,132.06
2024-04-15,hb,132.31
2024-04-16,hb,132.58
2024-04-17,hb,132.98
2024-04-18,hb,133.21
2024-04-19,hb,133.43
2024-04-20,hb,133.45
2024-04-21,hb,133.64
2024-04-22,hb,133.71
2024-04-23,hb,134.04
2024-04-24,hb,133.89
2024-04-25,hb,133.65
2024-04-26,hb,133.64
2024-04-27,hb,133.57
2024-04-28,hb,133.47
2024-04-29,hb,133.14
2024-04-30,hb,132.34
2024-05-01,hb,132.11
2024-05-02,hb,131.87
2024-05-03,hb,131.25
2024-05-04,hb,130.82
2024-05-05,hb,130.25
2024-05-06,hb,130.1
2024-05-07,hb,130.13
2024-05-08,hb,129.86
2024-05-09,hb,129.87
2024-05-10,hb,129.83
2024-05-11,hb,129.89
2024-05-12,hb,130.02
2024-05-13,hb,129.85
2024-05-14,hb,129.6
2024-05-15,hb,129.4
2024-05-16,hb,129.06
2024-05-17,hb,128.9
2024-05-18,hb,128.52
2024-05-19,hb,128.32
2024-05-20,hb,128.07
2024-05-21,hb,127.75
2024-05-22,hb,127.46
2024-05-23,hb,127.48
2024-05-24,hb,127.35
2024-05-25,hb,127.55
2024-05-26,hb,127.62
2024-05-27,hb,127.9
2024-05-28,hb,127.91
2024-05-29,hb,128.11
2024-05-30,hb,128.15
2024-05-31,hb,128.42
2024-06-01,hb,128.41
2024-06-02,hb,128.08
2024-06-03,hb,127.96
2024-06-04,hb,128.1
2024-06-05,hb,128.19
2024-06-06,hb,127.97
2024-06-07,hb,127.6
2024-06-08,hb,127.28
2024-06-09,hb,127.18
2024-06-10,hb,126.95
2024-06-11,hb,126.91
2024-06-12,hb,126.53
2024-06-13,hb,126.36
2024-06-14,hb,126.13
2024-06-15,hb,125.81
2024-06-16,hb,125.68
2024-06-17,hb,125.49
2024-06-18,hb,125.24
2024-06-19,hb,125.12
2024-06-20,hb,125.01
2024-06-21,hb,124.98
2024-06-22,hb,125.07
2024-06-23,hb,125.19
2024-06-24,hb,125.14
2024-06-25,hb,125.12
2024-06-26,hb,125.31
2024-06-27,hb,125.41
2024-06-28,hb,125.47
2024-06-29,hb,125.4
2024-06-30,hb,125.18
2024-07-01,hb,125.03
2024-07-02,hb,124.79
2024-07-03,hb,124.39
2024-07-04,hb,124.15
2024-07-05,hb,124.1
2024-07-06,hb,124.14
2024-07-07,hb,124.23
2024-07-08,hb,124.32
2024-07-09,hb,124.41
2024-07-10,hb,124.5
2024-07-11,hb,124.51
2024-07-12,hb,124.24
2024-07-13,hb,123.98
2024-07-14,hb,123.83
2024-07-15,hb,123.49
2024-07-16,hb,123.38
2024-07-17,hb,123.61
2024-07-18,hb,123.56
2024-07-19,hb,123.71
2024-07-20,hb,123.82
2024-07-21,hb,123.78
2024-07-22,hb,124.03
2024-07-23,hb,124.16
2024-07-24,hb,124.05
2024-07-25,hb,124
2024-07-26,hb,123.85
2024-07-27,hb,123.5
2024-07-28,hb,123.22
2024-07-29,hb,122.83
2024-07-30,hb,122.45
2024-07-31,hb,121.81
2024-08-01,hb,121.43
2024-08-02,hb,121.21
2024-08-03,hb,121.29
2024-08-04,hb,121.44
2024-08-05,hb,121.42
2024-08-06,hb,121.41
2024-08-07,hb,121.47
2024-08-08,hb,121.54
2024-08-09,hb,121.32
2024-08-10,hb,121.12
2024-08-11,hb,120.74
2024-08-12,hb,120.55
2024-08-13,hb,120.28
2024-08-14,hb,120.03
2024-08-15,hb,119.74
2024-08-16,hb,119.64
2024-08-17,hb,119.45
2024-08-18,hb,119.31
2024-08-19,hb,119.17
2024-08-20,hb,119.1
2024-08-21,hb,118.93
2024-08-22,hb,118.68
2024-08-23,hb,118.47
2024-08-24,hb,118.11
2024-08-25,hb,117.87
2024-08-26,hb,117.76
2024-08-27,hb,117.64
2024-08-28,hb,117.56
2024-08-29,hb,117.69
2024-08-30,hb,117.73
2024-08-31,hb,117.8
2024-09-01,hb,117.66
2024-09-02,hb,117.48
2024-09-03,hb,117.21
2024-09-04,hb,117.06
2024-09-05,hb,116.85
2024-09-06,hb,116.72
2024-09-07,hb,116.66
2024-09-08,hb,116.62
2024-09-09,hb,116.37
2024-09-10,hb,116.14
2024-09-11,hb,115.95
2024-09-12,hb,115.76
2024-09-13,hb,115.58
2024-09-14,hb,115.34
2024-09-15,hb,115.23
2024-09-16,hb,115.18
2024-09-17,hb,115.26
2024-09-18,hb,115.3
2024-09-19,hb,115.29
2024-09-20,hb,115.37
2024-09-21,hb,115.39
2024-09-22,hb,115.37
2024-09-23,hb,115.13
2024-09-24,hb,114.77
2024-09-25,hb,114.72
2024-09-26,hb,114.74
2024-09-27,hb,114.73
2024-09-28,hb,114.78
2024-09-29,hb,114.96
2024-09-30,hb,115.41
2024-10-01,hb,115.86
2024-10-02,hb,115.57
2024-10-03,hb,115.56
2024-10-04,hb,115.48
2024-10-05,hb,115.54
2024-10-06,hb,115.41
2024-10-07,hb,115.58
2024-10-08,hb,115.64
2024-10-09,hb,116.2
2024-10-10,hb,116.29
2024-10-11,hb,116.35
2024-10-12,hb,116.3
2024-10-13,hb,116.39
2024-10-14,hb,116.26
2024-10-15,hb,116.21
2024-10-16,hb,116.09
2024-10-17,hb,116.08
2024-10-18,hb,115.85
2024-10-19,hb,115.69
2024-10-20,hb,115.58
2024-10-21,hb,115.07
2024-10-22,hb,114.96
2024-10-23,hb,114.85
2024-10-24,hb,114.62
2024-10-25,hb,114.68
2024-10-26,hb,114.61
2024-10-27,hb,114.43
2024-10-28,hb,114.5
2024-10-29,hb,114.37
2024-10-30,hb,114.27
2024-10-31,hb,114.3
2024-11-01,hb,114.21
2024-11-02,hb,114.13
2024-11-03,hb,114.06
2024-11-04,hb,113.95
2024-11-05,hb,113.85
2024-11-06,hb,113.73
2024-11-07,hb,113.11
2024-11-08,hb,112.95
2024-11-09,hb,112.92
2024-11-10,hb,112.87
2024-11-11,hb,113.03
2024-11-12,hb,113
2024-11-13,hb,113.15
2024-11-14,hb,113.78
2024-11-15,hb,114.05
2024-11-16,hb,114.26
2024-11-17,hb,114.6
2024-11-18,hb,114.8
2024-11-19,hb,115.1
2024-11-20,hb,115.25
2024-11-21,hb,115.28
2024-11-22,hb,115.35
2024-11-23,hb,115.51
2024-11-24,hb,115.45
2024-11-25,hb,115.48
2024-11-26,hb,115.65
2024-11-27,hb,115.75
2024-11-28,hb,115.96
2024-11-29,hb,115.88
2024-11-30,hb,115.93
2024-12-01,hb,116.22
2024-12-02,hb,116.47
2024-12-03,hb,116.56
2024-12-04,hb,116.72
2024-12-05,hb,116.81
2024-12-06,hb,117.27
2024-12-07,hb,117.62
2024-12-08,hb,117.84
2024-12-09,hb,118.02
2024-12-10,hb,118.26
2024-12-11,hb,118.36
2024-12-12,hb,118.68
2024-12-13,hb,118.91
2024-12-14,hb,119.05
2024-12-15,hb,119.01
2024-12-16,hb,119.28
2024-12-17,hb,119.25
2024-12-18,hb,119.24
2024-12-19,hb,119.19
2024-12-20,hb,119.03
2024-12-21,hb,118.93
2024-12-22,hb,119.02
2024-12-23,hb,118.91
2024-12-24,hb,118.93
2024-12-25,hb,119.1
2024-12-26,hb,119.17
2024-12-27,hb,119.24
2024-12-28,hb,119.1
2024-12-29,hb,119.18
2024-12-30,hb,119.09
2024-12-31,hb,119.14
2025-01-01,hb,119.17
2025-01-02,hb,119.08
2025-01-03,hb,119.06
2025-01-04,hb,119.19
2025-01-05,hb,119.12
2025-01-06,hb,119.18
2025-01-07,hb,119.21
2025-01-08,hb,119.17
2025-01-09,hb,119.33
2025-01-10,hb,119.54
2025-01-11,hb,119.71
2025-01-12,hb,119.85
2025-01-13,hb,120
2025-01-14,hb,120.09
2025-01-15,hb,120.1
2025-01-16,hb,120.1
2025-01-17,hb,119.99
2025-01-18,hb,119.96
2025-01-19,hb,119.97
2025-01-20,hb,119.88
2025-01-21,hb,119.89
2025-01-22,hb,120.23
2025-01-23,hb,120.67
2025-01-24,hb,120.96
2025-01-25,hb,121.28
2025-01-26,hb,121.67
2025-01-27,hb,122.17
2025-01-28,hb,122.38
2025-01-29,hb,122.14
2025-01-30,hb,121.91
2025-01-31,hb,121.74
2025-02-01,hb,121.46
2025-02-02,hb,121.12
2025-02-03,hb,120.7
2025-02-04,hb,120.36
2025-02-05,hb,119.9
2025-02-06,hb,119.49
2025-02-07,hb,119.1
2025-02-08,hb,118.9
2025-02-09,hb,118.58
2025-02-10,hb,118.28
2025-02-11,hb,118.08
2025-02-12,hb,118.28
2025-02-13,hb,117.98
2025-02-14,hb,118.07
2025-02-15,hb,117.82
2025-02-16,hb,117.74
2025-02-17,hb,117.63
2025-02-18,hb,117.48
2025-02-19,hb,117.11
2025-02-20,hb,117.11
2025-02-21,hb,116.79
2025-02-22,hb,116.59
2025-02-23,hb,116.33
2025-02-24,hb,116.09
2025-02-25,hb,115.92
2025-02-26,hb,115.99
2025-02-27,hb,115.9
2025-02-28,hb,115.95
2025-03-01,hb,115.9
2025-03-02,hb,115.97
2025-03-03,hb,115.86
2025-03-04,hb,115.81
2025-03-05,hb,115.28
2025-03-06,hb,115.01
2025-03-07,hb,114.79
2025-03-08,hb,114.62
2025-03-09,hb,114.34
2025-03-10,hb,114.3
2025-03-11,hb,114.19
2025-03-12,hb,114.42
2025-03-13,hb,114.35
2025-03-14,hb,114.22
2025-03-15,hb,114.23
2025-03-16,hb,114.13
2025-03-17,hb,113.71
2025-03-18,hb,113.59
2025-03-19,hb,113.31
2025-03-20,hb,113.34
2025-03-21,hb,113.27
2025-03-22,hb,112.95
2025-03-23,hb,112.86
2025-03-24,hb,112.98
2025-03-25,hb,112.92
2025-03-26,hb,113.09
2025-03-27,hb,113.05
2025-03-28,hb,112.94
2025-03-29,hb,112.99
2025-03-30,hb,112.96
2025-03-31,hb,112.86
2025-04-01,hb,112.83
2025-04-02,hb,112.88
2025-04-03,hb,112.83
2025-04-04,hb,112.78
2025-04-05,hb,112.89
2025-04-06,hb,112.84
2025-04-07,hb,112.87
2025-04-08,hb,112.75
2025-04-09,hb,112.75
2025-04-10,hb,112.69
2025-04-11,hb,112.86
2025-04-12,hb,112.88
2025-04-13,hb,112.99
2025-04-14,hb,113.12
2025-04-15,hb,113.37
2025-04-16,hb,113.31
2025-04-17,hb,113.48
2025-04-18,hb,113.53
2025-04-19,hb,113.4
2025-04-20,hb,113.38
2025-04-21,hb,113.33
2025-04-22,hb,113.1
2025-04-23,hb,112.95
2025-04-24,hb,112.69
2025-04-25,hb,112.33
2025-04-26,hb,112.16
2025-04-27,hb,111.88
2025-04-28,hb,111.68
2025-04-29,hb,111.66
2025-04-30,hb,111.61
2025-05-01,hb,111.59
2025-05-02,hb,111.6
2025-05-03,hb,111.63
2025-05-04,hb,111.73
2025-05-05,hb,111.73
2025-05-06,hb,111.69
2025-05-07,hb,111.62
2025-05-08,hb,111.49
2025-05-09,hb,111.52
2025-05-10,hb,111.56
2025-05-11,hb,111.39
2025-05-12,hb,111.25
2025-05-13,hb,111.31
2025-05-14,hb,111.43
2025-05-15,hb,111.57
2025-05-16,hb,111.7
2025-05-17,hb,111.74
2025-05-18,hb,111.95
2025-05-19,hb,112.16
2025-05-20,hb,112.53
2025-05-21,hb,113
2025-05-22,hb,113.72
2025-05-23,hb,114.61
2025-05-24,hb,115.43
2025-05-25,hb,116.21
2025-05-26,hb,117.01
2025-05-27,hb,117.36
2025-05-28,hb,117.87
2025-05-29,hb,117.97
2025-05-30,hb,117.77
2025-05-31,hb,117.67
2025-06-01,hb,117.65
2025-06-02,hb,117.35
2025-06-03,hb,117.19
2025-06-04,hb,116.96
2025-06-05,hb,116.71
2025-06-06,hb,116.27
2025-06-07,hb,115.92
2025-06-08,hb,115.49
2025-06-09,hb,115.38
2025-06-10,hb,115.07
2025-06-11,hb,114.59
2025-06-12,hb,114.32
2025-06-13,hb,114.27
2025-06-14,hb,114.11
2025-06-15,hb,114.07
2025-06-16,hb,114.02
2025-06-17,hb,113.95
2025-06-18,hb,114.14
2025-06-19,hb,114.39
2025-06-20,hb,114.39
2025-06-21,hb,114.52
2025-06-22,hb,114.56
2025-06-23,hb,114.5
2025-06-24,hb,114.69
2025-06-25,hb,114.56
2025-06-26,hb,114.37
2025-06-27,hb,114.55
2025-06-28,hb,114.4
2025-06-29,hb,114.21
2025-06-30,hb,113.92
2025-07-01,hb,113.43
2025-07-02,hb,113.05
2025-07-03,hb,112.75
2025-07-04,hb,112.29
2025-07-05,hb,112.13
2025-07-06,hb,112.08
2025-07-07,hb,112.15
2025-07-08,hb,112.21
2025-07-09,hb,112.35
2025-07-10,hb,112.38
2025-07-11,hb,112.46
2025-07-12,hb,112.61
2025-07-13,hb,112.68
2025-07-14,hb,112.73
2025-07-15,hb,113.01
2025-07-16,hb,113.07
2025-07-17,hb,112.93
2025-07-18,hb,112.76
2025-07-19,hb,112.41
2025-07-20,hb,112.08
2025-07-21,hb,111.86
2025-07-22,hb,111.59
2025-07-23,hb,111.46
2025-07-24,hb,111.63
2025-07-25,hb,111.87
2025-07-26,hb,112.14
2025-07-27,hb,112.22
2025-07-28,hb,112.22
2025-07-29,hb,112.13
2025-07-30,hb,112.05
2025-07-31,hb,111.89
2025-08-01,hb,111.6
2025-08-02,hb,111.49
2025-08-03,hb,111.6
2025-08-04,hb,111.71
2025-08-05,hb,111.86
2025-08-06,hb,111.91
2025-08-07,hb,111.98
2025-08-08,hb,112.28
2025-08-09,hb,112.28
2025-08-10,hb,112.21
2025-08-11,hb,112.17
2025-08-12,hb,112.07
2025-08-13,hb,112.06
2025-08-14,hb,111.9
2025-08-15,hb,111.74
2025-08-16,hb,111.65
2025-08-17,hb,111.58
2025-08-18,hb,111.49
2025-08-19,hb,111.39
2025-08-20,hb,111.37
2025-08-21,hb,111.53
2025-08-22,hb,111.46
2025-08-23,hb,111.44
2025-08-24,hb,111.51
2025-08-25,hb,111.52
2025-08-26,hb,111.35
2025-08-27,hb,111.39
2025-08-28,hb,111.49
2025-08-29,hb,111.63
2025-08-30,hb,111.77
2025-08-31,hb,111.84
2025-09-01,hb,111.71
2025-09-02,hb,111.93
2025-09-03,hb,112.09
2025-09-04,hb,112.17
2025-09-05,hb,112.31
2025-09-06,hb,112.44
2025-09-07,hb,112.56
2025-09-08,hb,112.94
2025-09-09,hb,113.13
2025-09-10,hb,112.85
2025-09-11,hb,112.56
2025-09-12,hb,112.38
2025-09-13,hb,112.29
2025-09-14,hb,112.2
2025-09-15,hb,112.14
2025-09-16,hb,112.02
2025-09-17,hb,112.33
2025-09-18,hb,112.53
2025-09-19,hb,112.6
2025-09-20,hb,112.61
2025-09-21,hb,112.53
2025-09-22,hb,112.48
2025-09-23,hb,112.39
2025-09-24,hb,111.96
2025-09-25,hb,111.85
2025-09-26,hb,111.59
2025-09-27,hb,111.35
2025-09-28,hb,111.24
2025-09-29,hb,110.98
2025-09-30,hb,110.96
2025-10-01,hb,110.96
2025-10-02,hb,110.67
2025-10-03,hb,110.62
2025-10-04,hb,110.5
2025-10-05,hb,110.4
2025-10-06,hb,110.35
2025-10-07,hb,110.2
2025-10-08,hb,110.34
2025-10-09,hb,110.35
2025-10-10,hb,110.26
2025-10-11,hb,110.3
2025-10-12,hb,110.29
2025-10-13,hb,110.33
2025-10-14,hb,110.32
2025-10-15,hb,110.05
2025-10-16,hb,110.01
2025-10-17,hb,109.99
2025-10-18,hb,109.85
2025-10-19,hb,109.67
2025-10-20,hb,109.41
2025-10-21,hb,109.04
2025-10-22,hb,108.96
2025-10-23,hb,108.98
2025-10-24,hb,109.03
2025-10-25,hb,109.2
2025-10-26,hb,109.27
2025-10-27,hb,109.52
2025-10-28,hb,109.74
2025-10-29,hb,109.77
2025-10-30,hb,109.64
2025-10-31,hb,109.46
2025-11-01,hb,109.09
2025-11-02,hb,108.9
2025-11-03,hb,108.51
2025-11-04,hb,108.25
2025-11-05,hb,108.09
2025-11-06,hb,108.03
2025-11-07,hb,107.85
2025-11-08,hb,107.97
2025-11-09,hb,108.11
2025-11-10,hb,108.33
2025-11-11,hb,108.64
2025-11-12,hb,108.96
2025-11-13,hb,109.23
2025-11-14,hb,109.67
2025-11-15,hb,109.83
2025-11-16,hb,109.83
2025-11-17,hb,109.96
2025-11-18,hb,110.21
2025-11-19,hb,110.25
2025-11-20,hb,110.35
2025-11-21,hb,110.47
2025-11-22,hb,110.69
2025-11-23,hb,110.9
2025-11-24,hb,110.99
2025-11-25,hb,110.94
2025-11-26,hb,110.97
2025-11-27,hb,110.87
2025-11-28,hb,110.84
2025-11-29,hb,110.88
2025-11-30,hb,110.84
2025-12-01,hb,110.81
2025-12-02,hb,110.76
2025-12-03,hb,110.78
2025-12-04,hb,110.74
2025-12-05,hb,110.58
2025-12-06,hb,110.33
2025-12-07,hb,110.18
2025-12-08,hb,110
2025-12-09,hb,109.9
2025-12-10,hb,109.7
2025-12-11,hb,109.54
2025-12-12,hb,109.42
2025-12-13,hb,109.39
2025-12-14,hb,109.26
2025-12-15,hb,109.31
2025-12-16,hb,109.21
2025-12-17,hb,109.18
2025-12-18,hb,109.2
2025-12-19,hb,109.25
2025-12-20,hb,109.39
2025-12-21,hb,109.64
2025-12-22,hb,109.78
2025-12-23,hb,109.99
2025-12-24,hb,110.27
2025-12-25,hb,110.46
2025-12-26,hb,110.57
2025-12-27,hb,110.46
2025-12-28,hb,110.34
2025-12-29,hb,110.36
2025-12-30,hb,110.41
2025-12-31,hb,110.45
2026-01-01,hb,110.5
2026-01-02,hb,110.58
2026-01-03,hb,110.61
2026-01-04,hb,110.6
2026-01-05,hb,110.71
2026-01-06,hb,110.8
2026-01-07,hb,110.95
2026-01-08,hb,111.16
2026-01-09,hb,111.36
2026-01-10,hb,111.66
2026-01-11,hb,112.04
2026-01-12,hb,112.19
2026-01-13,hb,112.45
2026-01-14,hb,112.49
2026-01-15,hb,112.41
2026-01-16,hb,112.35
2026-01-17,hb,112.25
2026-01-18,hb,112.13
2026-01-19,hb,112.04
2026-01-20,hb,112.01
2026-01-21,hb,112.1
2026-01-22,hb,112.46
2026-01-23,hb,113
2026-01-24,hb,113.48
2026-01-25,hb,113.88
2026-01-26,hb,114.21
2026-01-27,hb,114.43
2026-01-28,hb,114.56
2026-01-29,hb,114.45
2026-01-30,hb,114.17
2026-01-31,hb,114.09
2026-02-01,hb,113.92
2026-02-02,hb,113.84
2026-02-03,hb,113.7
2026-02-04,hb,113.62
2026-02-05,hb,113.6
2026-02-06,hb,113.57
2026-02-07,hb,113.39
2026-02-08,hb,113.39
2026-02-09,hb,113.33
2026-02-10,hb,113.28
2026-02-11,hb,113.22
2026-02-12,hb,113.16
2026-02-13,hb,113.11
2026-02-14,hb,113.05
2026-02-15,hb,112.99
2026-02-16,hb,112.94
2026-02-17,hb,112.88
2026-02-18,hb,112.82
2026-02-19,hb,112.77
2026-02-20,hb,112.71
2026-02-21,hb,112.65
2026-02-22,hb,112.6
2026-02-23,hb,112.54
2026-02-24,hb,112.48
2026-02-25,hb,112.43
2026-02-26,hb,112.38
2026-02-27,hb,112.47
2026-02-28,hb,112.47
2026-03-01,hb,112.39
2026-03-02,hb,112.39
2026-03-03,hb,112.49
2026-03-04,hb,112.57
2026-03-05,hb,112.74
2026-03-06,hb,112.76
2026-03-07,hb,112.76
2026-03-08,hb,112.76
2026-03-09,hb,112.73
2026-03-10,hb,112.59
2026-03-11,hb,112.29
2026-03-12,hb,111.87
2026-03-13,hb,111.54
2026-03-14,hb,111.34
2026-03-15,hb,111.16
2026-03-16,hb,110.87
2026-03-17,hb,110.48
2026-03-18,hb,110.25
2026-03-19,hb,110.21
2026-03-20,hb,110.09
2026-03-21,hb,109.86
2026-03-22,hb,109.6
2026-03-23,hb,109.49
2026-03-24,hb,109.55
2026-03-25,hb,109.62
2026-03-26,hb,109.61
2026-03-27,hb,109.7
2026-03-28,hb,109.94
2026-03-29,hb,110.18
2026-03-30,hb,110.4
2026-03-31,hb,110.56
2026-04-01,hb,110.7
2026-04-02,hb,110.76
2026-04-03,hb,110.62
2026-04-04,hb,110.23
2026-04-05,hb,109.97
2026-04-06,hb,109.62
2026-04-07,hb,109.25
2026-04-08,hb,108.89
2026-04-09,hb,108.34
2026-04-10,hb,107.89
2026-04-11,hb,107.73
2026-04-12,hb,107.44
2026-04-13,hb,107.16
2026-04-14,hb,106.84
2026-04-15,hb,106.47
2026-04-16,hb,106.24
2026-04-17,hb,106.09
2026-04-18,hb,105.78
2026-04-19,hb,105.5
2026-04-20,hb,105.39
2026-04-21,hb,105.45
2026-04-22,hb,105.62
2026-04-23,hb,106.02
2026-04-24,hb,106.31
2026-04-25,hb,106.68
2026-04-26,hb,107.06
2026-04-27,hb,107.24
2026-04-28,hb,107.28
2026-04-29,hb,107.29
2026-04-30,hb,107.25
2026-05-01,hb,107.08
2026-05-02,hb,106.83
2026-05-03,hb,106.62
2026-05-04,hb,106.48
2026-05-05,hb,106.47
2026-05-06,hb,106.41
2026-05-07,hb,106.33
2026-05-08,hb,106.45
2026-05-09,hb,106.69
2026-05-10,hb,106.82
2026-05-11,hb,106.93
2026-05-12,hb,106.93
2026-05-13,hb,107.13
2026-05-14,hb,107.28
2026-05-15,hb,107.26
2026-05-16,hb,107.21
2026-05-17,hb,107.32
2026-05-18,hb,107.42
2026-05-19,hb,107.65
2026-05-20,hb,107.49
2026-05-21,hb,107.26
2026-05-22,hb,107.32
2026-05-23,hb,107.47
2026-05-24,hb,107.46
2026-05-25,hb,107.31
2026-05-26,hb,107.1
2026-05-27,hb,106.91
2026-05-28,hb,106.99
2026-05-29,hb,106.72
2026-05-30,hb,106.64
2026-05-31,hb,106.06
2026-06-01,hb,105.97
2026-06-02,hb,105.8
2026-06-03,hb,106.02
2026-06-04,hb,106.12
2026-06-05,hb,106.01
2026-06-06,hb,106.02
2026-06-07,hb,106.61
2026-06-08,hb,106.78
2026-06-09,hb,107.06
2026-06-10,hb,107.11
2026-06-11,hb,107.05
2026-06-12,hb,107.49
2026-06-13,hb,107.67
2026-06-14,hb,107.75
2026-06-15,hb,107.69
2026-06-16,hb,107.71
2026-06-17,hb,107.77
2026-06-18,hb,108.11
2026-06-19,hb,108.44
2026-06-20,hb,108.62
2026-06-21,hb,108.91
2026-06-22,hb,109.18
2026-06-23,hb,109.38
2026-06-24,hb,109.47
2026-06-25,hb,109.2
2026-06-26,hb,108.79
2026-06-27,hb,108.62
2026-06-28,hb,108.17
2026-06-29,hb,107.77
2026-06-30,hb,106.98
2026-07-01,hb,106.39
2026-07-02,hb,105.94
2026-07-03,hb,105.53
2026-07-04,hb,105.14
2026-07-05,hb,104.96
2026-07-06,hb,104.88
2026-07-07,hb,105.28
2026-07-08,hb,105.43
2026-07-09,hb,105.65
2026-07-10,hb,105.92
2026-07-11,hb,106.25
2026-07-12,hb,106.7
2026-07-13,hb,107
2026-07-14,hb,106.99
2026-07-15,hb,107.22
2026-07-16,hb,107.52
2026-07-17,hb,107.6
2026-07-18,hb,107.61
2026-07-19,hb,107.72
2026-07-20,hb,107.73
2026-07-21,hb,108.17
2026-07-22,hb,108.38
2026-07-23,hb,108.31
2026-07-24,hb,108.31
2026-07-25,hb,108.37
2026-07-26,hb,108.21
2026-07-27,hb,107.96
2026-07-28,hb,107.54
2026-07-29,hb,107.29
2026-07-30,hb,107.24
2026-07-31,hb,107.13
2026-08-01,hb,106.97
2026-08-02,hb,106.76
2026-08-03,hb,106.74
2026-08-04,hb,106.78
2026-08-05,hb,106.66
2026-08-06,hb,106.47
2026-08-07,hb,106.59
2026-08-08,hb,106.47
2026-08-09,hb,106.45
2026-08-10,hb,106.48
2026-08-11,hb,106.34
2026-08-12,hb,106.21
2026-08-13,hb,106.17
2026-08-14,hb,106.08
2026-08-15,hb,106.15
2026-08-16,hb,106.13
2026-08-17,hb,106.14
2026-08-18,hb,106.18
2026-08-19,hb,106.34
2026-08-20,hb,106.33
2026-08-21,hb,105.84
2026-08-22,hb,105.33
2026-08-23,hb,104.76
2026-08-24,hb,104.07
2026-08-25,hb,103.43
2026-08-26,hb,103.26
2026-08-27,hb,103.26
2026-08-28,hb,103.55
2026-08-29,hb,103.96
2026-08-30,hb,104.47
2026-08-31,hb,104.82
2026-09-01,hb,105.31
2026-09-02,hb,105.59
2026-09-03,hb,105.58
2026-09-04,hb,105.82
2026-09-05,hb,106.11
2026-09-06,hb,106.37
2026-09-07,hb,106.79
2026-09-08,hb,107.15
2026-09-09,hb,107.08
2026-09-10,hb,107.28
2026-09-11,hb,107.4
2026-09-12,hb,107.29
2026-09-13,hb,107.29
2026-09-14,hb,107.15
2026-09-15,hb,107.12
2026-09-16,hb,107.07
2026-09-17,hb,106.95
2026-09-18,hb,106.81
2020-02-01,he,100
2020-02-02,he,99.98
2020-02-03,he,99.97
2020-02-04,he,99.87
2020-02-05,he,99.86
2020-02-06,he,99.92
2020-02-07,he,99.95
2020-02-08,he,100.01
2020-02-09,he,100.08
2020-02-10,he,100.13
2020-02-11,he,100.1
2020-02-12,he,100.06
2020-02-13,he,99.96
2020-02-14,he,99.86
2020-02-15,he,99.7
2020-02-16,he,99.58
2020-02-17,he,99.51
2020-02-18,he,99.42
2020-02-19,he,99.3
2020-02-20,he,99.23
2020-02-21,he,99.24
2020-02-22,he,99.28
2020-02-23,he,99.26
2020-02-24,he,99.32
2020-02-25,he,99.45
2020-02-26,he,99.69
2020-02-27,he,99.94
2020-02-28,he,100.1
2020-02-29,he,100.24
2020-03-01,he,100.5
2020-03-02,he,100.72
2020-03-03,he,100.8
2020-03-04,he,100.79
2020-03-05,he,100.78
2020-03-06,he,100.9
2020-03-07,he,101.04
2020-03-08,he,100.93
2020-03-09,he,100.88
2020-03-10,he,101.04
2020-03-11,he,101.18
2020-03-12,he,101.2
2020-03-13,he,101.06
2020-03-14,he,100.83
2020-03-15,he,100.72
2020-03-16,he,100.43
2020-03-17,he,99.94
2020-03-18,he,99.41
2020-03-19,he,98.74
2020-03-20,he,98.05
2020-03-21,he,97.33
2020-03-22,he,96.64
2020-03-23,he,95.95
2020-03-24,he,95.27
2020-03-25,he,94.49
2020-03-26,he,93.75
2020-03-27,he,93.08
2020-03-28,he,92.39
2020-03-29,he,91.71
2020-03-30,he,91.02
2020-03-31,he,90.46
2020-04-01,he,89.97
2020-04-02,he,89.54
2020-04-03,he,88.86
2020-04-04,he,88.3
2020-04-05,he,87.72
2020-04-06,he,87.07
2020-04-07,he,86.39
2020-04-08,he,85.84
2020-04-09,he,85.23
2020-04-10,he,84.8
2020-04-11,he,84.41
2020-04-12,he,84.05
2020-04-13,he,83.79
2020-04-14,he,83.69
2020-04-15,he,83.61
2020-04-16,he,83.37
2020-04-17,he,83.37
2020-04-18,he,83.15
2020-04-19,he,82.64
2020-04-20,he,82.3
2020-04-21,he,81.78
2020-04-22,he,81.13
2020-04-23,he,80.95
2020-04-24,he,80.63
2020-04-25,he,80.3
2020-04-26,he,80.31
2020-04-27,he,80.19
2020-04-28,he,80.02
2020-04-29,he,80.22
2020-04-30,he,80.29
2020-05-01,he,80.16
2020-05-02,he,80.21
2020-05-03,he,80.12
2020-05-04,he,80.06
2020-05-05,he,80.14
2020-05-06,he,80.16
2020-05-07,he,80.1
2020-05-08,he,80.05
2020-05-09,he,79.92
2020-05-10,he,80.01
2020-05-11,he,80.16
2020-05-12,he,80.09
2020-05-13,he,79.69
2020-05-14,he,79.3
2020-05-15,he,79.12
2020-05-16,he,79.16
2020-05-17,he,79.08
2020-05-18,he,78.88
2020-05-19,he,78.87
2020-05-20,he,78.83
2020-05-21,he,78.95
2020-05-22,he,79.06
2020-05-23,he,79.12
2020-05-24,he,79.06
2020-05-25,he,79.05
2020-05-26,he,79.08
2020-05-27,he,79.17
2020-05-28,he,79.15
2020-05-29,he,79.22
2020-05-30,he,79.22
2020-05-31,he,79.13
2020-06-01,he,79.2
2020-06-02,he,79.15
2020-06-03,he,79.12
2020-06-04,he,79.09
2020-06-05,he,78.9
2020-06-06,he,78.61
2020-06-07,he,78.5
2020-06-08,he,78.33
2020-06-09,he,78.3
2020-06-10,he,78.33
2020-06-11,he,78.42
2020-06-12,he,78.55
2020-06-13,he,78.72
2020-06-14,he,78.88
2020-06-15,he,78.87
2020-06-16,he,78.76
2020-06-17,he,78.72
2020-06-18,he,78.54
2020-06-19,he,78.46
2020-06-20,he,78.41
2020-06-21,he,78.31
2020-06-22,he,78.36
2020-06-23,he,78.37
2020-06-24,he,78.42
2020-06-25,he,78.46
2020-06-26,he,78.37
2020-06-27,he,78.3
2020-06-28,he,78.26
2020-06-29,he,78.13
2020-06-30,he,78.1
2020-07-01,he,77.96
2020-07-02,he,77.85
2020-07-03,he,77.81
2020-07-04,he,77.8
2020-07-05,he,77.76
2020-07-06,he,77.67
2020-07-07,he,77.57
2020-07-08,he,77.62
2020-07-09,he,77.68
2020-07-10,he,77.83
2020-07-11,he,77.87
2020-07-12,he,77.9
2020-07-13,he,78.05
2020-07-14,he,78.22
2020-07-15,he,78.21
2020-07-16,he,78.22
2020-07-17,he,78.17
2020-07-18,he,78.13
2020-07-19,he,78.1
2020-07-20,he,77.98
2020-07-21,he,77.78
2020-07-22,he,77.66
2020-07-23,he,77.59
2020-07-24,he,77.4
2020-07-25,he,77.41
2020-07-26,he,77.51
2020-07-27,he,77.6
2020-07-28,he,77.81
2020-07-29,he,77.91
2020-07-30,he,77.89
2020-07-31,he,78.09
2020-08-01,he,78.05
2020-08-02,he,77.98
2020-08-03,he,77.92
2020-08-04,he,77.78
2020-08-05,he,77.67
2020-08-06,he,77.8
2020-08-07,he,77.85
2020-08-08,he,78.12
2020-08-09,he,78.4
2020-08-10,he,78.73
2020-08-11,he,79.02
2020-08-12,he,79.31
2020-08-13,he,79.46
2020-08-14,he,79.43
2020-08-15,he,79.26
2020-08-16,he,79.15
2020-08-17,he,79
2020-08-18,he,78.94
2020-08-19,he,78.9
2020-08-20,he,78.79
2020-08-21,he,78.79
2020-08-22,he,78.74
2020-08-23,he,78.75
2020-08-24,he,78.77
2020-08-25,he,78.73
2020-08-26,he,78.81
2020-08-27,he,78.79
2020-08-28,he,78.9
2020-08-29,he,79.09
2020-08-30,he,79.13
2020-08-31,he,79.28
2020-09-01,he,79.33
2020-09-02,he,79.31
2020-09-03,he,79.51
2020-09-04,he,79.59
2020-09-05,he,79.78
2020-09-06,he,79.95
2020-09-07,he,80.02
2020-09-08,he,80.25
2020-09-09,he,80.42
2020-09-10,he,80.49
2020-09-11,he,80.76
2020-09-12,he,80.83
2020-09-13,he,80.88
2020-09-14,he,81
2020-09-15,he,81.09
2020-09-16,he,81.36
2020-09-17,he,81.45
2020-09-18,he,81.64
2020-09-19,he,81.82
2020-09-20,he,82.09
2020-09-21,he,82.31
2020-09-22,he,82.59
2020-09-23,he,82.83
2020-09-24,he,83.12
2020-09-25,he,83.32
2020-09-26,he,83.61
2020-09-27,he,83.81
2020-09-28,he,84.19
2020-09-29,he,84.4
2020-09-30,he,84.45
2020-10-01,he,84.89
2020-10-02,he,85.11
2020-10-03,he,85.42
2020-10-04,he,85.73
2020-10-05,he,86.03
2020-10-06,he,86.39
2020-10-07,he,86.85
2020-10-08,he,86.95
2020-10-09,he,87.15
2020-10-10,he,87.26
2020-10-11,he,87.39
2020-10-12,he,87.31
2020-10-13,he,87.28
2020-10-14,he,87.32
2020-10-15,he,87.45
2020-10-16,he,87.41
2020-10-17,he,87.37
2020-10-18,he,87.34
2020-10-19,he,87.38
2020-10-20,he,87.42
2020-10-21,he,87.45
2020-10-22,he,87.48
2020-10-23,he,87.57
2020-10-24,he,87.7
2020-10-25,he,87.78
2020-10-26,he,88.11
2020-10-27,he,88.23
2020-10-28,he,88.2
2020-10-29,he,88.25
2020-10-30,he,88.26
2020-10-31,he,88.24
2020-11-01,he,88.27
2020-11-02,he,88.02
2020-11-03,he,87.99
2020-11-04,he,87.8
2020-11-05,he,87.5
2020-11-06,he,87.31
2020-11-07,he,87.23
2020-11-08,he,87.13
2020-11-09,he,87.07
2020-11-10,he,86.96
2020-11-11,he,87.05
2020-11-12,he,87.17
2020-11-13,he,87.32
2020-11-14,he,87.13
2020-11-15,he,87.09
2020-11-16,he,87.05
2020-11-17,he,87.05
2020-11-18,he,87.04
2020-11-19,he,86.93
2020-11-20,he,86.81
2020-11-21,he,86.81
2020-11-22,he,86.69
2020-11-23,he,86.45
2020-11-24,he,86.12
2020-11-25,he,85.93
2020-11-26,he,85.88
2020-11-27,he,85.71
2020-11-28,he,85.71
2020-11-29,he,85.74
2020-11-30,he,85.88
2020-12-01,he,86.11
2020-12-02,he,86.3
2020-12-03,he,86.33
2020-12-04,he,86.57
2020-12-05,he,86.64
2020-12-06,he,86.76
2020-12-07,he,86.83
2020-12-08,he,86.89
2020-12-09,he,86.93
2020-12-10,he,87
2020-12-11,he,86.96
2020-12-12,he,86.97
2020-12-13,he,86.99
2020-12-14,he,87.06
2020-12-15,he,87.3
2020-12-16,he,87.49
2020-12-17,he,87.75
2020-12-18,he,87.96
2020-12-19,he,88.26
2020-12-20,he,88.49
2020-12-21,he,88.75
2020-12-22,he,88.89
2020-12-23,he,89.03
2020-12-24,he,89.21
2020-12-25,he,89.44
2020-12-26,he,89.55
2020-12-27,he,89.66
2020-12-28,he,89.82
2020-12-29,he,89.95
2020-12-30,he,90.07
2020-12-31,he,90.19
2021-01-01,he,90.32
2021-01-02,he,90.47
2021-01-03,he,90.57
2021-01-04,he,90.58
2021-01-05,he,90.57
2021-01-06,he,90.68
2021-01-07,he,90.77
2021-01-08,he,90.8
2021-01-09,he,90.86
2021-01-10,he,90.94
2021-01-11,he,91.05
2021-01-12,he,91.13
2021-01-13,he,91.2
2021-01-14,he,91.31
2021-01-15,he,91.38
2021-01-16,he,91.48
2021-01-17,he,91.64
2021-01-18,he,91.71
2021-01-19,he,91.87
2021-01-20,he,91.87
2021-01-21,he,91.78
2021-01-22,he,91.73
2021-01-23,he,91.68
2021-01-24,he,91.53
2021-01-25,he,91.53
2021-01-26,he,91.53
2021-01-27,he,91.6
2021-01-28,he,91.72
2021-01-29,he,91.74
2021-01-30,he,91.66
2021-01-31,he,91.74
2021-02-01,he,91.67
2021-02-02,he,91.6
2021-02-03,he,91.53
2021-02-04,he,91.38
2021-02-05,he,91.42
2021-02-06,he,91.54
2021-02-07,he,91.63
2021-02-08,he,91.76
2021-02-09,he,91.77
2021-02-10,he,91.77
2021-02-11,he,91.86
2021-02-12,he,91.86
2021-02-13,he,91.83
2021-02-14,he,91.77
2021-02-15,he,91.76
2021-02-16,he,91.72
2021-02-17,he,91.63
2021-02-18,he,91.53
2021-02-19,he,91.42
2021-02-20,he,91.27
2021-02-21,he,91.15
2021-02-22,he,90.96
2021-02-23,he,90.91
2021-02-24,he,90.97
2021-02-25,he,90.97
2021-02-26,he,91.14
2021-02-27,he,91.32
2021-02-28,he,91.59
2021-03-01,he,91.84
2021-03-02,he,92.27
2021-03-03,he,92.28
2021-03-04,he,92.5
2021-03-05,he,92.67
2021-03-06,he,92.9
2021-03-07,he,93.09
2021-03-08,he,93.28
2021-03-09,he,93.01
2021-03-10,he,93.27
2021-03-11,he,93.47
2021-03-12,he,93.56
2021-03-13,he,93.8
2021-03-14,he,93.97
2021-03-15,he,94.18
2021-03-16,he,94.67
2021-03-17,he,94.9
2021-03-18,he,95.19
2021-03-19,he,95.56
2021-03-20,he,95.96
2021-03-21,he,96.39
2021-03-22,he,96.75
2021-03-23,he,97.12
2021-03-24,he,97.57
2021-03-25,he,97.93
2021-03-26,he,98.2
2021-03-27,he,98.38
2021-03-28,he,98.51
2021-03-29,he,98.6
2021-03-30,he,98.73
2021-03-31,he,98.95
2021-04-01,he,99.06
2021-04-02,he,99.19
2021-04-03,he,99.19
2021-04-04,he,99.21
2021-04-05,he,99.32
2021-04-06,he,99.3
2021-04-07,he,99.03
2021-04-08,he,98.77
2021-04-09,he,98.4
2021-04-10,he,98.23
2021-04-11,he,98.04
2021-04-12,he,97.97
2021-04-13,he,97.92
2021-04-14,he,98.07
2021-04-15,he,98.33
2021-04-16,he,98.44
2021-04-17,he,98.65
2021-04-18,he,98.83
2021-04-19,he,98.8
2021-04-20,he,98.76
2021-04-21,he,98.61
2021-04-22,he,98.33
2021-04-23,he,98.58
2021-04-24,he,98.56
2021-04-25,he,98.41
2021-04-26,he,98.48
2021-04-27,he,98.46
2021-04-28,he,98.51
2021-04-29,he,98.82
2021-04-30,he,98.99
2021-05-01,he,99.02
2021-05-02,he,99.27
2021-05-03,he,99.48
2021-05-04,he,99.75
2021-05-05,he,100.13
2021-05-06,he,100.46
2021-05-07,he,100.67
2021-05-08,he,101.05
2021-05-09,he,101.34
2021-05-10,he,101.69
2021-05-11,he,102.19
2021-05-12,he,102.54
2021-05-13,he,102.82
2021-05-14,he,103.01
2021-05-15,he,103.18
2021-05-16,he,103.48
2021-05-17,he,103.6
2021-05-18,he,103.69
2021-05-19,he,103.96
2021-05-20,he,104.21
2021-05-21,he,104.58
2021-05-22,he,104.94
2021-05-23,he,105.3
2021-05-24,he,105.73
2021-05-25,he,106.01
2021-05-26,he,106.16
2021-05-27,he,106.26
2021-05-28,he,106.35
2021-05-29,he,106.51
2021-05-30,he,106.65
2021-05-31,he,106.74
2021-06-01,he,106.99
2021-06-02,he,107.24
2021-06-03,he,107.59
2021-06-04,he,107.88
2021-06-05,he,108.1
2021-06-06,he,108.18
2021-06-07,he,108.3
2021-06-08,he,108.33
2021-06-09,he,108.42
2021-06-10,he,108.31
2021-06-11,he,108.31
2021-06-12,he,108.37
2021-06-13,he,108.52
2021-06-14,he,108.7
2021-06-15,he,108.92
2021-06-16,he,109.11
2021-06-17,he,109.45
2021-06-18,he,109.73
2021-06-19,he,110.04
2021-06-20,he,110.32
2021-06-21,he,110.49
2021-06-22,he,110.68
2021-06-23,he,110.96
2021-06-24,he,111.24
2021-06-25,he,111.49
2021-06-26,he,111.65
2021-06-27,he,111.8
2021-06-28,he,112.08
2021-06-29,he,112.36
2021-06-30,he,112.5
2021-07-01,he,112.63
2021-07-02,he,112.7
2021-07-03,he,112.98
2021-07-04,he,113.18
2021-07-05,he,113.3
2021-07-06,he,113.43
2021-07-07,he,113.58
2021-07-08,he,113.84
2021-07-09,he,114.11
2021-07-10,he,114.26
2021-07-11,he,114.52
2021-07-12,he,114.76
2021-07-13,he,114.99
2021-07-14,he,115.24
2021-07-15,he,115.27
2021-07-16,he,115.42
2021-07-17,he,115.61
2021-07-18,he,115.8
2021-07-19,he,116.01
2021-07-20,he,116.19
2021-07-21,he,116.36
2021-07-22,he,116.69
2021-07-23,he,116.81
2021-07-24,he,116.89
2021-07-25,he,117.04
2021-07-26,he,117.27
2021-07-27,he,117.56
2021-07-28,he,117.78
2021-07-29,he,117.78
2021-07-30,he,117.99
2021-07-31,he,118.2
2021-08-01,he,118.22
2021-08-02,he,118.2
2021-08-03,he,118.17
2021-08-04,he,118.32
2021-08-05,he,118.66
2021-08-06,he,119.08
2021-08-07,he,119.47
2021-08-08,he,119.93
2021-08-09,he,120.35
2021-08-10,he,120.78
2021-08-11,he,121.13
2021-08-12,he,121.48
2021-08-13,he,121.67
2021-08-14,he,121.83
2021-08-15,he,121.96
2021-08-16,he,122.14
2021-08-17,he,122.25
2021-08-18,he,122.44
2021-08-19,he,122.64
2021-08-20,he,122.88
2021-08-21,he,123.21
2021-08-22,he,123.53
2021-08-23,he,123.82
2021-08-24,he,124.23
2021-08-25,he,124.56
2021-08-26,he,124.85
2021-08-27,he,125.11
2021-08-28,he,125.3
2021-08-29,he,125.58
2021-08-30,he,125.91
2021-08-31,he,126.14
2021-09-01,he,126.26
2021-09-02,he,126.38
2021-09-03,he,126.45
2021-09-04,he,126.54
2021-09-05,he,126.62
2021-09-06,he,126.63
2021-09-07,he,126.71
2021-09-08,he,126.77
2021-09-09,he,126.83
2021-09-10,he,126.96
2021-09-11,he,127.19
2021-09-12,he,127.4
2021-09-13,he,127.57
2021-09-14,he,127.69
2021-09-15,he,127.91
2021-09-16,he,128.22
2021-09-17,he,128.44
2021-09-18,he,128.61
2021-09-19,he,128.81
2021-09-20,he,129.04
2021-09-21,he,129.24
2021-09-22,he,129.47
2021-09-23,he,129.63
2021-09-24,he,129.73
2021-09-25,he,129.82
2021-09-26,he,129.98
2021-09-27,he,130.14
2021-09-28,he,130.39
2021-09-29,he,130.62
2021-09-30,he,130.83
2021-10-01,he,131.22
2021-10-02,he,131.6
2021-10-03,he,131.8
2021-10-04,he,132.06
2021-10-05,he,132.39
2021-10-06,he,132.73
2021-10-07,he,133.13
2021-10-08,he,133.5
2021-10-09,he,133.8
2021-10-10,he,134.24
2021-10-11,he,134.52
2021-10-12,he,134.6
2021-10-13,he,134.68
2021-10-14,he,134.75
2021-10-15,he,134.83
2021-10-16,he,134.91
2021-10-17,he,134.95
2021-10-18,he,135.03
2021-10-19,he,135.32
2021-10-20,he,135.52
2021-10-21,he,135.69
2021-10-22,he,135.74
2021-10-23,he,135.89
2021-10-24,he,135.97
2021-10-25,he,136.13
2021-10-26,he,136.16
2021-10-27,he,136.19
2021-10-28,he,136.22
2021-10-29,he,136.41
2021-10-30,he,136.56
2021-10-31,he,136.74
2021-11-01,he,137.02
2021-11-02,he,136.93
2021-11-03,he,136.7
2021-11-04,he,136.84
2021-11-05,he,136.9
2021-11-06,he,136.96
2021-11-07,he,137.03
2021-11-08,he,136.95
2021-11-09,he,137.24
2021-11-10,he,137.66
2021-11-11,he,137.81
2021-11-12,he,137.94
2021-11-13,he,138.04
2021-11-14,he,138.14
2021-11-15,he,138.31
2021-11-16,he,138.56
2021-11-17,he,138.87
2021-11-18,he,139.02
2021-11-19,he,139.19
2021-11-20,he,139.23
2021-11-21,he,139.34
2021-11-22,he,139.46
2021-11-23,he,139.5
2021-11-24,he,139.44
2021-11-25,he,139.4
2021-11-26,he,139.36
2021-11-27,he,139.46
2021-11-28,he,139.47
2021-11-29,he,139.56
2021-11-30,he,139.54
2021-12-01,he,139.58
2021-12-02,he,139.74
2021-12-03,he,139.9
2021-12-04,he,140.12
2021-12-05,he,140.31
2021-12-06,he,140.35
2021-12-07,he,140.59
2021-12-08,he,140.71
2021-12-09,he,140.78
2021-12-10,he,140.79
2021-12-11,he,140.72
2021-12-12,he,140.87
2021-12-13,he,141.06
2021-12-14,he,141.17
2021-12-15,he,141.14
2021-12-16,he,141.07
2021-12-17,he,141.11
2021-12-18,he,141.14
2021-12-19,he,140.99
2021-12-20,he,140.87
2021-12-21,he,140.77
2021-12-22,he,140.96
2021-12-23,he,141.19
2021-12-24,he,141.42
2021-12-25,he,141.67
2021-12-26,he,141.97
2021-12-27,he,142.33
2021-12-28,he,142.6
2021-12-29,he,142.68
2021-12-30,he,142.86
2021-12-31,he,142.9
2022-01-01,he,142.88
2022-01-02,he,142.78
2022-01-03,he,142.57
2022-01-04,he,142.56
2022-01-05,he,142.66
2022-01-06,he,142.52
2022-01-07,he,142.49
2022-01-08,he,142.49
2022-01-09,he,142.5
2022-01-10,he,142.39
2022-01-11,he,142.11
2022-01-12,he,141.91
2022-01-13,he,141.81
2022-01-14,he,141.59
2022-01-15,he,141.58
2022-01-16,he,141.62
2022-01-17,he,141.83
2022-01-18,he,142.01
2022-01-19,he,142.31
2022-01-20,he,142.55
2022-01-21,he,142.97
2022-01-22,he,143.12
2022-01-23,he,143.24
2022-01-24,he,143.3
2022-01-25,he,143.45
2022-01-26,he,143.4
2022-01-27,he,143.5
2022-01-28,he,143.59
2022-01-29,he,143.81
2022-01-30,he,144.12
2022-01-31,he,144.46
2022-02-01,he,144.78
2022-02-02,he,145.21
2022-02-03,he,145.58
2022-02-04,he,145.82
2022-02-05,he,146.05
2022-02-06,he,146.24
2022-02-07,he,146.37
2022-02-08,he,146.5
2022-02-09,he,146.72
2022-02-10,he,146.93
2022-02-11,he,147.22
2022-02-12,he,147.54
2022-02-13,he,147.77
2022-02-14,he,147.98
2022-02-15,he,148.43
2022-02-16,he,148.71
2022-02-17,he,149.22
2022-02-18,he,149.75
2022-02-19,he,150.18
2022-02-20,he,150.78
2022-02-21,he,151.39
2022-02-22,he,151.79
2022-02-23,he,152.26
2022-02-24,he,152.49
2022-02-25,he,152.75
2022-02-26,he,153.07
2022-02-27,he,153.27
2022-02-28,he,153.48
2022-03-01,he,153.65
2022-03-02,he,153.74
2022-03-03,he,154.01
2022-03-04,he,154.08
2022-03-05,he,154.23
2022-03-06,he,154.39
2022-03-07,he,154.61
2022-03-08,he,154.8
2022-03-09,he,155.02
2022-03-10,he,154.92
2022-03-11,he,154.91
2022-03-12,he,154.89
2022-03-13,he,154.87
2022-03-14,he,154.8
2022-03-15,he,154.76
2022-03-16,he,154.73
2022-03-17,he,154.75
2022-03-18,he,155.1
2022-03-19,he,155.32
2022-03-20,he,155.59
2022-03-21,he,156.03
2022-03-22,he,156.53
2022-03-23,he,156.83
2022-03-24,he,157.22
2022-03-25,he,157.33
2022-03-26,he,157.53
2022-03-27,he,157.56
2022-03-28,he,157.45
2022-03-29,he,157.43
2022-03-30,he,157.45
2022-03-31,he,157.61
2022-04-01,he,157.69
2022-04-02,he,157.68
2022-04-03,he,157.75
2022-04-04,he,157.86
2022-04-05,he,157.86
2022-04-06,he,158.06
2022-04-07,he,158.11
2022-04-08,he,158.25
2022-04-09,he,158.32
2022-04-10,he,158.39
2022-04-11,he,158.47
2022-04-12,he,158.65
2022-04-13,he,158.82
2022-04-14,he,159.02
2022-04-15,he,159.22
2022-04-16,he,159.4
2022-04-17,he,159.68
2022-04-18,he,159.92
2022-04-19,he,159.88
2022-04-20,he,159.93
2022-04-21,he,159.71
2022-04-22,he,159.42
2022-04-23,he,159.54
2022-04-24,he,159.6
2022-04-25,he,159.48
2022-04-26,he,159.54
2022-04-27,he,159.37
2022-04-28,he,159.54
2022-04-29,he,160.04
2022-04-30,he,160.35
2022-05-01,he,160.43
2022-05-02,he,160.73
2022-05-03,he,161.18
2022-05-04,he,161.66
2022-05-05,he,162.07
2022-05-06,he,162.39
2022-05-07,he,162.72
2022-05-08,he,163.14
2022-05-09,he,163.6
2022-05-10,he,164.01
2022-05-11,he,164.57
2022-05-12,he,164.86
2022-05-13,he,164.9
2022-05-14,he,164.89
2022-05-15,he,165.06
2022-05-16,he,165.17
2022-05-17,he,165.19
2022-05-18,he,165.12
2022-05-19,he,165.24
2022-05-20,he,165.46
2022-05-21,he,165.53
2022-05-22,he,165.56
2022-05-23,he,165.6
2022-05-24,he,165.63
2022-05-25,he,165.66
2022-05-26,he,165.7
2022-05-27,he,165.73
2022-05-28,he,165.77
2022-05-29,he,165.8
2022-05-30,he,165.83
2022-05-31,he,165.78
2022-06-01,he,165.76
2022-06-02,he,165.62
2022-06-03,he,165.34
2022-06-04,he,165.27
2022-06-05,he,165.15
2022-06-06,he,164.98
2022-06-07,he,164.73
2022-06-08,he,164.43
2022-06-09,he,164.26
2022-06-10,he,164.42
2022-06-11,he,164.35
2022-06-12,he,164.28
2022-06-13,he,164.24
2022-06-14,he,164.43
2022-06-15,he,164.61
2022-06-16,he,165.12
2022-06-17,he,164.95
2022-06-18,he,165.1
2022-06-19,he,165.24
2022-06-20,he,165.28
2022-06-21,he,165.16
2022-06-22,he,165.02
2022-06-23,he,164.51
2022-06-24,he,164.67
2022-06-25,he,164.51
2022-06-26,he,164.4
2022-06-27,he,164.36
2022-06-28,he,164.49
2022-06-29,he,164.72
2022-06-30,he,164.88
2022-07-01,he,164.8
2022-07-02,he,164.93
2022-07-03,he,164.93
2022-07-04,he,164.99
2022-07-05,he,164.95
2022-07-06,he,164.9
2022-07-07,he,164.98
2022-07-08,he,165.1
2022-07-09,he,165.28
2022-07-10,he,165.54
2022-07-11,he,165.71
2022-07-12,he,165.82
2022-07-13,he,165.78
2022-07-14,he,165.71
2022-07-15,he,165.67
2022-07-16,he,165.47
2022-07-17,he,165.36
2022-07-18,he,165.2
2022-07-19,he,165.16
2022-07-20,he,165.22
2022-07-21,he,165.4
2022-07-22,he,165.65
2022-07-23,he,165.77
2022-07-24,he,165.87
2022-07-25,he,166.15
2022-07-26,he,166.52
2022-07-27,he,166.9
2022-07-28,he,167.04
2022-07-29,he,167.07
2022-07-30,he,167.35
2022-07-31,he,167.6
2022-08-01,he,167.54
2022-08-02,he,167.41
2022-08-03,he,167.22
2022-08-04,he,167.24
2022-08-05,he,167.22
2022-08-06,he,167.07
2022-08-07,he,166.8
2022-08-08,he,166.73
2022-08-09,he,166.63
2022-08-10,he,166.6
2022-08-11,he,166.42
2022-08-12,he,166.46
2022-08-13,he,166.19
2022-08-14,he,166.44
2022-08-15,he,166.6
2022-08-16,he,166.77
2022-08-17,he,166.97
2022-08-18,he,167.13
2022-08-19,he,167.16
2022-08-20,he,167.43
2022-08-21,he,167.32
2022-08-22,he,167.39
2022-08-23,he,167.36
2022-08-24,he,167.4
2022-08-25,he,167.5
2022-08-26,he,167.68
2022-08-27,he,167.86
2022-08-28,he,168.03
2022-08-29,he,167.99
2022-08-30,he,168.11
2022-08-31,he,168.14
2022-09-01,he,168.16
2022-09-02,he,167.98
2022-09-03,he,167.93
2022-09-04,he,167.93
2022-09-05,he,168.08
2022-09-06,he,168
2022-09-07,he,167.74
2022-09-08,he,167.6
2022-09-09,he,167.61
2022-09-10,he,167.61
2022-09-11,he,167.46
2022-09-12,he,167.17
2022-09-13,he,167.11
2022-09-14,he,167.24
2022-09-15,he,167.28
2022-09-16,he,167.28
2022-09-17,he,167.17
2022-09-18,he,167.05
2022-09-19,he,167.08
2022-09-20,he,166.91
2022-09-21,he,166.78
2022-09-22,he,166.78
2022-09-23,he,166.9
2022-09-24,he,167.09
2022-09-25,he,167.42
2022-09-26,he,167.7
2022-09-27,he,168.03
2022-09-28,he,168.31
2022-09-29,he,168.47
2022-09-30,he,168.52
2022-10-01,he,168.53
2022-10-02,he,168.53
2022-10-03,he,168.65
2022-10-04,he,168.61
2022-10-05,he,168.38
2022-10-06,he,168.15
2022-10-07,he,167.92
2022-10-08,he,167.72
2022-10-09,he,167.44
2022-10-10,he,167.11
2022-10-11,he,166.85
2022-10-12,he,166.91
2022-10-13,he,167.08
2022-10-14,he,167.24
2022-10-15,he,167.41
2022-10-16,he,167.7
2022-10-17,he,167.84
2022-10-18,he,168.18
2022-10-19,he,168.29
2022-10-20,he,168.29
2022-10-21,he,168.37
2022-10-22,he,168.26
2022-10-23,he,168.24
2022-10-24,he,168.34
2022-10-25,he,168.25
2022-10-26,he,168.1
2022-10-27,he,168.37
2022-10-28,he,168.48
2022-10-29,he,168.52
2022-10-30,he,168.67
2022-10-31,he,168.89
2022-11-01,he,169.19
2022-11-02,he,169.64
2022-11-03,he,169.75
2022-11-04,he,170.02
2022-11-05,he,170.51
2022-11-06,he,170.79
2022-11-07,he,170.95
2022-11-08,he,171.13
2022-11-09,he,171.38
2022-11-10,he,171.6
2022-11-11,he,171.58
2022-11-12,he,171.84
2022-11-13,he,172.02
2022-11-14,he,172.15
2022-11-15,he,172.33
2022-11-16,he,172.49
2022-11-17,he,172.63
2022-11-18,he,172.87
2022-11-19,he,172.93
2022-11-20,he,173.06
2022-11-21,he,173.18
2022-11-22,he,173.25
2022-11-23,he,173.26
2022-11-24,he,173.31
2022-11-25,he,173.32
2022-11-26,he,173.26
2022-11-27,he,173.09
2022-11-28,he,173.04
2022-11-29,he,172.89
2022-11-30,he,172.89
2022-12-01,he,172.83
2022-12-02,he,172.86
2022-12-03,he,173.01
2022-12-04,he,173.2
2022-12-05,he,173.29
2022-12-06,he,173.61
2022-12-07,he,173.53
2022-12-08,he,173.75
2022-12-09,he,173.99
2022-12-10,he,174
2022-12-11,he,174
2022-12-12,he,174.19
2022-12-13,he,174.22
2022-12-14,he,174.22
2022-12-15,he,173.87
2022-12-16,he,173.38
2022-12-17,he,173.01
2022-12-18,he,172.57
2022-12-19,he,172.07
2022-12-20,he,171.6
2022-12-21,he,171.28
2022-12-22,he,170.98
2022-12-23,he,170.8
2022-12-24,he,170.65
2022-12-25,he,170.57
2022-12-26,he,170.55
2022-12-27,he,170.51
2022-12-28,he,170.54
2022-12-29,he,170.54
2022-12-30,he,170.53
2022-12-31,he,170.33
2023-01-01,he,170.01
2023-01-02,he,169.72
2023-01-03,he,169.57
2023-01-04,he,169.35
2023-01-05,he,169.16
2023-01-06,he,169.01
2023-01-07,he,169.03
2023-01-08,he,169.12
2023-01-09,he,168.99
2023-01-10,he,168.89
2023-01-11,he,168.88
2023-01-12,he,168.81
2023-01-13,he,168.68
2023-01-14,he,168.5
2023-01-15,he,168.51
2023-01-16,he,168.6
2023-01-17,he,168.48
2023-01-18,he,168.42
2023-01-19,he,168.44
2023-01-20,he,168.53
2023-01-21,he,168.58
2023-01-22,he,168.43
2023-01-23,he,168.21
2023-01-24,he,168.13
2023-01-25,he,168.02
2023-01-26,he,167.89
2023-01-27,he,167.73
2023-01-28,he,167.73
2023-01-29,he,167.83
2023-01-30,he,167.87
2023-01-31,he,167.96
2023-02-01,he,168.03
2023-02-02,he,168.05
2023-02-03,he,168.12
2023-02-04,he,168.27
2023-02-05,he,168.35
2023-02-06,he,168.52
2023-02-07,he,168.59
2023-02-08,he,168.57
2023-02-09,he,168.59
2023-02-10,he,168.57
2023-02-11,he,168.36
2023-02-12,he,168.17
2023-02-13,he,168
2023-02-14,he,167.69
2023-02-15,he,167.32
2023-02-16,he,167.02
2023-02-17,he,166.72
2023-02-18,he,166.26
2023-02-19,he,165.97
2023-02-20,he,165.68
2023-02-21,he,165.56
2023-02-22,he,165.66
2023-02-23,he,165.67
2023-02-24,he,165.56
2023-02-25,he,165.74
2023-02-26,he,165.58
2023-02-27,he,165.39
2023-02-28,he,165.12
2023-03-01,he,164.73
2023-03-02,he,164.55
2023-03-03,he,164.41
2023-03-04,he,164.2
2023-03-05,he,164.29
2023-03-06,he,164.33
2023-03-07,he,164.48
2023-03-08,he,164.5
2023-03-09,he,164.38
2023-03-10,he,164.7
2023-03-11,he,165.04
2023-03-12,he,165.28
2023-03-13,he,165.63
2023-03-14,he,165.91
2023-03-15,he,166.3
2023-03-16,he,166.7
2023-03-17,he,166.8
2023-03-18,he,166.84
2023-03-19,he,166.88
2023-03-20,he,166.93
2023-03-21,he,167.09
2023-03-22,he,167.21
2023-03-23,he,167.32
2023-03-24,he,167.3
2023-03-25,he,167.31
2023-03-26,he,167.34
2023-03-27,he,167.32
2023-03-28,he,167.16
2023-03-29,he,167.12
2023-03-30,he,166.94
2023-03-31,he,166.82
2023-04-01,he,166.59
2023-04-02,he,166.38
2023-04-03,he,166.04
2023-04-04,he,165.76
2023-04-05,he,165.53
2023-04-06,he,165.31
2023-04-07,he,165.34
2023-04-08,he,165.27
2023-04-09,he,165.12
2023-04-10,he,165.22
2023-04-11,he,165.24
2023-04-12,he,165.19
2023-04-13,he,165.14
2023-04-14,he,164.94
2023-04-15,he,164.74
2023-04-16,he,164.68
2023-04-17,he,164.48
2023-04-18,he,164.29
2023-04-19,he,164.12
2023-04-20,he,164.08
2023-04-21,he,164
2023-04-22,he,164.08
2023-04-23,he,164.1
2023-04-24,he,164.12
2023-04-25,he,164.16
2023-04-26,he,164.13
2023-04-27,he,164.03
2023-04-28,he,164.02
2023-04-29,he,163.99
2023-04-30,he,163.92
2023-05-01,he,163.77
2023-05-02,he,163.54
2023-05-03,he,163.28
2023-05-04,he,162.91
2023-05-05,he,162.36
2023-05-06,he,161.95
2023-05-07,he,161.57
2023-05-08,he,161.13
2023-05-09,he,160.78
2023-05-10,he,160.69
2023-05-11,he,160.75
2023-05-12,he,160.87
2023-05-13,he,160.84
2023-05-14,he,160.81
2023-05-15,he,160.85
2023-05-16,he,160.98
2023-05-17,he,160.98
2023-05-18,he,161.03
2023-05-19,he,161.05
2023-05-20,he,161.01
2023-05-21,he,160.96
2023-05-22,he,160.86
2023-05-23,he,160.73
2023-05-24,he,160.56
2023-05-25,he,160.2
2023-05-26,he,159.91
2023-05-27,he,159.63
2023-05-28,he,159.32
2023-05-29,he,159.29
2023-05-30,he,159.17
2023-05-31,he,158.99
2023-06-01,he,158.92
2023-06-02,he,158.84
2023-06-03,he,158.88
2023-06-04,he,158.8
2023-06-05,he,158.6
2023-06-06,he,158.55
2023-06-07,he,158.57
2023-06-08,he,158.66
2023-06-09,he,158.73
2023-06-10,he,158.67
2023-06-11,he,158.63
2023-06-12,he,158.58
2023-06-13,he,158.41
2023-06-14,he,158.3
2023-06-15,he,158.16
2023-06-16,he,157.99
2023-06-17,he,157.97
2023-06-18,he,158.02
2023-06-19,he,158.09
2023-06-20,he,158.17
2023-06-21,he,158.17
2023-06-22,he,158.15
2023-06-23,he,158.18
2023-06-24,he,158.13
2023-06-25,he,158.1
2023-06-26,he,158.06
2023-06-27,he,158.03
2023-06-28,he,157.97
2023-06-29,he,157.93
2023-06-30,he,158
2023-07-01,he,158.1
2023-07-02,he,158.29
2023-07-03,he,158.36
2023-07-04,he,158.35
2023-07-05,he,158.46
2023-07-06,he,158.56
2023-07-07,he,158.66
2023-07-08,he,158.67
2023-07-09,he,158.66
2023-07-10,he,158.76
2023-07-11,he,158.93
2023-07-12,he,159.11
2023-07-13,he,159.27
2023-07-14,he,159.28
2023-07-15,he,159.37
2023-07-16,he,159.43
2023-07-17,he,159.39
2023-07-18,he,159.27
2023-07-19,he,159.19
2023-07-20,he,159.09
2023-07-21,he,159.02
2023-07-22,he,158.89
2023-07-23,he,158.89
2023-07-24,he,158.91
2023-07-25,he,158.92
2023-07-26,he,158.84
2023-07-27,he,158.91
2023-07-28,he,158.95
2023-07-29,he,159.06
2023-07-30,he,159.06
2023-07-31,he,159.08
2023-08-01,he,159.11
2023-08-02,he,159.26
2023-08-03,he,159.27
2023-08-04,he,159.31
2023-08-05,he,159.32
2023-08-06,he,159.26
2023-08-07,he,159.32
2023-08-08,he,159.47
2023-08-09,he,159.45
2023-08-10,he,159.37
2023-08-11,he,159.33
2023-08-12,he,159.17
2023-08-13,he,159.14
2023-08-14,he,159
2023-08-15,he,159.05
2023-08-16,he,158.96
2023-08-17,he,158.8
2023-08-18,he,158.65
2023-08-19,he,158.57
2023-08-20,he,158.46
2023-08-21,he,158.29
2023-08-22,he,157.94
2023-08-23,he,157.77
2023-08-24,he,157.41
2023-08-25,he,156.94
2023-08-26,he,156.51
2023-08-27,he,156.06
2023-08-28,he,155.67
2023-08-29,he,155.31
2023-08-30,he,154.91
2023-08-31,he,154.77
2023-09-01,he,154.68
2023-09-02,he,154.67
2023-09-03,he,154.68
2023-09-04,he,154.6
2023-09-05,he,154.34
2023-09-06,he,154.29
2023-09-07,he,154.31
2023-09-08,he,154.46
2023-09-09,he,154.51
2023-09-10,he,154.57
2023-09-11,he,154.74
2023-09-12,he,155.09
2023-09-13,he,155.18
2023-09-14,he,155.23
2023-09-15,he,155.25
2023-09-16,he,155.23
2023-09-17,he,155.17
2023-09-18,he,155.24
2023-09-19,he,155.25
2023-09-20,he,155.39
2023-09-21,he,155.48
2023-09-22,he,155.53
2023-09-23,he,155.6
2023-09-24,he,155.57
2023-09-25,he,155.47
2023-09-26,he,155.4
2023-09-27,he,155.28
2023-09-28,he,155.24
2023-09-29,he,155.13
2023-09-30,he,155
2023-10-01,he,154.98
2023-10-02,he,155.01
2023-10-03,he,155.1
2023-10-04,he,155.16
2023-10-05,he,155.02
2023-10-06,he,155.03
2023-10-07,he,155.08
2023-10-08,he,155.11
2023-10-09,he,155.02
2023-10-10,he,154.9
2023-10-11,he,154.93
2023-10-12,he,154.96
2023-10-13,he,154.9
2023-10-14,he,154.82
2023-10-15,he,154.87
2023-10-16,he,154.83
2023-10-17,he,154.63
2023-10-18,he,154.24
2023-10-19,he,154.03
2023-10-20,he,153.91
2023-10-21,he,153.65
2023-10-22,he,153.39
2023-10-23,he,153.15
2023-10-24,he,153.02
2023-10-25,he,153.06
2023-10-26,he,153.09
2023-10-27,he,152.99
2023-10-28,he,153.09
2023-10-29,he,153.07
2023-10-30,he,153.09
2023-10-31,he,153.02
2023-11-01,he,152.98
2023-11-02,he,152.95
2023-11-03,he,153
2023-11-04,he,152.96
2023-11-05,he,152.89
2023-11-06,he,152.87
2023-11-07,he,152.8
2023-11-08,he,152.66
2023-11-09,he,152.46
2023-11-10,he,152.27
2023-11-11,he,152.12
2023-11-12,he,151.95
2023-11-13,he,151.87
2023-11-14,he,151.93
2023-11-15,he,151.99
2023-11-16,he,152.16
2023-11-17,he,152.19
2023-11-18,he,152.15
2023-11-19,he,152.22
2023-11-20,he,152.18
2023-11-21,he,152.08
2023-11-22,he,151.95
2023-11-23,he,151.81
2023-11-24,he,151.8
2023-11-25,he,151.8
2023-11-26,he,151.74
2023-11-27,he,151.71
2023-11-28,he,151.73
2023-11-29,he,151.73
2023-11-30,he,151.72
2023-12-01,he,151.72
2023-12-02,he,151.74
2023-12-03,he,151.75
2023-12-04,he,151.68
2023-12-05,he,151.62
2023-12-06,he,151.59
2023-12-07,he,151.57
2023-12-08,he,151.57
2023-12-09,he,151.61
2023-12-10,he,151.61
2023-12-11,he,151.76
2023-12-12,he,151.85
2023-12-13,he,152.03
2023-12-14,he,152.23
2023-12-15,he,152.21
2023-12-16,he,152.25
2023-12-17,he,152.31
2023-12-18,he,152.26
2023-12-19,he,152.2
2023-12-20,he,152.1
2023-12-21,he,151.91
2023-12-22,he,151.96
2023-12-23,he,151.75
2023-12-24,he,151.64
2023-12-25,he,151.75
2023-12-26,he,151.86
2023-12-27,he,151.81
2023-12-28,he,151.83
2023-12-29,he,151.67
2023-12-30,he,151.61
2023-12-31,he,151.48
2024-01-01,he,151.21
2024-01-02,he,150.92
2024-01-03,he,150.72
2024-01-04,he,150.49
2024-01-05,he,150.28
2024-01-06,he,150.21
2024-01-07,he,150.09
2024-01-08,he,149.82
2024-01-09,he,149.63
2024-01-10,he,149.39
2024-01-11,he,149.25
2024-01-12,he,149.1
2024-01-13,he,148.78
2024-01-14,he,148.62
2024-01-15,he,148.26
2024-01-16,he,147.89
2024-01-17,he,147.58
2024-01-18,he,147.14
2024-01-19,he,146.81
2024-01-20,he,146.62
2024-01-21,he,146.28
2024-01-22,he,146.31
2024-01-23,he,146.37
2024-01-24,he,146.49
2024-01-25,he,146.58
2024-01-26,he,146.57
2024-01-27,he,146.66
2024-01-28,he,146.82
2024-01-29,he,146.94
2024-01-30,he,146.97
2024-01-31,he,146.84
2024-02-01,he,146.79
2024-02-02,he,146.86
2024-02-03,he,146.67
2024-02-04,he,146.52
2024-02-05,he,146.31
2024-02-06,he,146.12
2024-02-07,he,146.06
2024-02-08,he,145.88
2024-02-09,he,145.6
2024-02-10,he,145.51
2024-02-11,he,145.28
2024-02-12,he,145.14
2024-02-13,he,145.12
2024-02-14,he,145.09
2024-02-15,he,145.11
2024-02-16,he,145.07
2024-02-17,he,144.81
2024-02-18,he,144.75
2024-02-19,he,144.59
2024-02-20,he,144.38
2024-02-21,he,144.14
2024-02-22,he,143.95
2024-02-23,he,143.97
2024-02-24,he,144.18
2024-02-25,he,144.22
2024-02-26,he,144.41
2024-02-27,he,144.54
2024-02-28,he,144.74
2024-02-29,he,144.97
2024-03-01,he,144.99
2024-03-02,he,144.84
2024-03-03,he,144.73
2024-03-04,he,144.58
2024-03-05,he,144.5
2024-03-06,he,144.21
2024-03-07,he,143.72
2024-03-08,he,143.7
2024-03-09,he,143.79
2024-03-10,he,143.88
2024-03-11,he,143.9
2024-03-12,he,143.84
2024-03-13,he,143.99
2024-03-14,he,144.27
2024-03-15,he,144.2
2024-03-16,he,144.12
2024-03-17,he,144.09
2024-03-18,he,144.07
2024-03-19,he,144.15
2024-03-20,he,144.21
2024-03-21,he,144.24
2024-03-22,he,144.27
2024-03-23,he,144.29
2024-03-24,he,144.39
2024-03-25,he,144.52
2024-03-26,he,144.55
2024-03-27,he,144.53
2024-03-28,he,144.54
2024-03-29,he,144.6
2024-03-30,he,144.58
2024-03-31,he,144.41
2024-04-01,he,144.26
2024-04-02,he,144.05
2024-04-03,he,143.83
2024-04-04,he,143.63
2024-04-05,he,143.38
2024-04-06,he,143.16
2024-04-07,he,142.94
2024-04-08,he,142.73
2024-04-09,he,142.5
2024-04-10,he,142.41
2024-04-11,he,142.31
2024-04-12,he,142.31
2024-04-13,he,142.25
2024-04-14,he,142.18
2024-04-15,he,142.18
2024-04-16,he,142.19
2024-04-17,he,142.22
2024-04-18,he,142.23
2024-04-19,he,142.16
2024-04-20,he,142.03
2024-04-21,he,141.96
2024-04-22,he,141.8
2024-04-23,he,141.87
2024-04-24,he,141.75
2024-04-25,he,141.64
2024-04-26,he,141.57
2024-04-27,he,141.69
2024-04-28,he,141.77
2024-04-29,he,141.86
2024-04-30,he,141.79
2024-05-01,he,141.78
2024-05-02,he,141.61
2024-05-03,he,141.55
2024-05-04,he,141.43
2024-05-05,he,141.35
2024-05-06,he,141.25
2024-05-07,he,141.23
2024-05-08,he,141.12
2024-05-09,he,141.29
2024-05-10,he,141.2
2024-05-11,he,141.24
2024-05-12,he,141.13
2024-05-13,he,140.95
2024-05-14,he,140.65
2024-05-15,he,140.49
2024-05-16,he,140.09
2024-05-17,he,139.85
2024-05-18,he,139.33
2024-05-19,he,138.92
2024-05-20,he,138.56
2024-05-21,he,138.08
2024-05-22,he,137.8
2024-05-23,he,137.7
2024-05-24,he,137.5
2024-05-25,he,137.46
2024-05-26,he,137.47
2024-05-27,he,137.48
2024-05-28,he,137.55
2024-05-29,he,137.5
2024-05-30,he,137.45
2024-05-31,he,137.45
2024-06-01,he,137.4
2024-06-02,he,137.34
2024-06-03,he,137.21
2024-06-04,he,137.26
2024-06-05,he,137.21
2024-06-06,he,137.08
2024-06-07,he,136.98
2024-06-08,he,136.95
2024-06-09,he,136.77
2024-06-10,he,136.87
2024-06-11,he,136.96
2024-06-12,he,137.05
2024-06-13,he,137.12
2024-06-14,he,137.1
2024-06-15,he,137.03
2024-06-16,he,137.14
2024-06-17,he,137.02
2024-06-18,he,136.78
2024-06-19,he,136.53
2024-06-20,he,136.33
2024-06-21,he,136.27
2024-06-22,he,136.19
2024-06-23,he,136.07
2024-06-24,he,135.97
2024-06-25,he,135.94
2024-06-26,he,136.01
2024-06-27,he,136
2024-06-28,he,135.91
2024-06-29,he,135.93
2024-06-30,he,135.93
2024-07-01,he,135.84
2024-07-02,he,135.7
2024-07-03,he,135.51
2024-07-04,he,135.34
2024-07-05,he,135.27
2024-07-06,he,135.07
2024-07-07,he,134.93
2024-07-08,he,134.82
2024-07-09,he,134.71
2024-07-10,he,134.55
2024-07-11,he,134.39
2024-07-12,he,134.12
2024-07-13,he,133.93
2024-07-14,he,133.73
2024-07-15,he,133.62
2024-07-16,he,133.57
2024-07-17,he,133.6
2024-07-18,he,133.54
2024-07-19,he,133.52
2024-07-20,he,133.47
2024-07-21,he,133.4
2024-07-22,he,133.43
2024-07-23,he,133.45
2024-07-24,he,133.41
2024-07-25,he,133.42
2024-07-26,he,133.46
2024-07-27,he,133.41
2024-07-28,he,133.41
2024-07-29,he,133.26
2024-07-30,he,132.96
2024-07-31,he,132.79
2024-08-01,he,132.59
2024-08-02,he,132.49
2024-08-03,he,132.46
2024-08-04,he,132.39
2024-08-05,he,132.26
2024-08-06,he,132.33
2024-08-07,he,132.23
2024-08-08,he,132.19
2024-08-09,he,132
2024-08-10,he,131.85
2024-08-11,he,131.67
2024-08-12,he,131.55
2024-08-13,he,131.45
2024-08-14,he,131.28
2024-08-15,he,131.05
2024-08-16,he,130.88
2024-08-17,he,130.76
2024-08-18,he,130.68
2024-08-19,he,130.58
2024-08-20,he,130.38
2024-08-21,he,130.22
2024-08-22,he,130.19
2024-08-23,he,130.11
2024-08-24,he,129.94
2024-08-25,he,129.76
2024-08-26,he,129.66
2024-08-27,he,129.64
2024-08-28,he,129.65
2024-08-29,he,129.64
2024-08-30,he,129.59
2024-08-31,he,129.67
2024-09-01,he,129.72
2024-09-02,he,129.74
2024-09-03,he,129.67
2024-09-04,he,129.6
2024-09-05,he,129.51
2024-09-06,he,129.49
2024-09-07,he,129.4
2024-09-08,he,129.23
2024-09-09,he,129.04
2024-09-10,he,128.83
2024-09-11,he,128.64
2024-09-12,he,128.45
2024-09-13,he,128.26
2024-09-14,he,128.08
2024-09-15,he,128.01
2024-09-16,he,128.01
2024-09-17,he,127.98
2024-09-18,he,127.94
2024-09-19,he,127.99
2024-09-20,he,128.03
2024-09-21,he,128.01
2024-09-22,he,127.89
2024-09-23,he,127.7
2024-09-24,he,127.66
2024-09-25,he,127.64
2024-09-26,he,127.54
2024-09-27,he,127.47
2024-09-28,he,127.41
2024-09-29,he,127.48
2024-09-30,he,127.63
2024-10-01,he,127.69
2024-10-02,he,127.32
2024-10-03,he,127.31
2024-10-04,he,127.22
2024-10-05,he,127.25
2024-10-06,he,127.18
2024-10-07,he,127.1
2024-10-08,he,126.88
2024-10-09,he,127.32
2024-10-10,he,127.41
2024-10-11,he,127.52
2024-10-12,he,127.53
2024-10-13,he,127.48
2024-10-14,he,127.43
2024-10-15,he,127.45
2024-10-16,he,127.28
2024-10-17,he,127.26
2024-10-18,he,127.07
2024-10-19,he,126.95
2024-10-20,he,126.97
2024-10-21,he,126.93
2024-10-22,he,126.99
2024-10-23,he,126.93
2024-10-24,he,126.65
2024-10-25,he,126.59
2024-10-26,he,126.44
2024-10-27,he,126.21
2024-10-28,he,126.07
2024-10-29,he,125.88
2024-10-30,he,125.77
2024-10-31,he,125.72
2024-11-01,he,125.62
2024-11-02,he,125.5
2024-11-03,he,125.46
2024-11-04,he,125.24
2024-11-05,he,125.1
2024-11-06,he,124.88
2024-11-07,he,124.6
2024-11-08,he,124.43
2024-11-09,he,124.29
2024-11-10,he,124.03
2024-11-11,he,124.03
2024-11-12,he,124.01
2024-11-13,he,124.08
2024-11-14,he,124.22
2024-11-15,he,124.39
2024-11-16,he,124.61
2024-11-17,he,124.87
2024-11-18,he,124.99
2024-11-19,he,125.14
2024-11-20,he,125.29
2024-11-21,he,125.39
2024-11-22,he,125.42
2024-11-23,he,125.35
2024-11-24,he,125.36
2024-11-25,he,125.33
2024-11-26,he,125.32
2024-11-27,he,125.26
2024-11-28,he,125.09
2024-11-29,he,124.82
2024-11-30,he,124.79
2024-12-01,he,124.73
2024-12-02,he,124.71
2024-12-03,he,124.66
2024-12-04,he,124.64
2024-12-05,he,124.74
2024-12-06,he,125.09
2024-12-07,he,125.16
2024-12-08,he,125.26
2024-12-09,he,125.39
2024-12-10,he,125.49
2024-12-11,he,125.55
2024-12-12,he,125.69
2024-12-13,he,125.61
2024-12-14,he,125.55
2024-12-15,he,125.53
2024-12-16,he,125.47
2024-12-17,he,125.24
2024-12-18,he,125.05
2024-12-19,he,124.79
2024-12-20,he,124.59
2024-12-21,he,124.44
2024-12-22,he,124.21
2024-12-23,he,124.03
2024-12-24,he,124.07
2024-12-25,he,124.08
2024-12-26,he,124.11
2024-12-27,he,124.02
2024-12-28,he,123.86
2024-12-29,he,123.82
2024-12-30,he,123.79
2024-12-31,he,123.75
2025-01-01,he,123.78
2025-01-02,he,123.71
2025-01-03,he,123.76
2025-01-04,he,123.82
2025-01-05,he,123.79
2025-01-06,he,123.73
2025-01-07,he,123.54
2025-01-08,he,123.39
2025-01-09,he,123.38
2025-01-10,he,123.37
2025-01-11,he,123.33
2025-01-12,he,123.3
2025-01-13,he,123.28
2025-01-14,he,123.39
2025-01-15,he,123.38
2025-01-16,he,123.35
2025-01-17,he,123.23
2025-01-18,he,123.25
2025-01-19,he,123.29
2025-01-20,he,123.3
2025-01-21,he,123.27
2025-01-22,he,123.25
2025-01-23,he,123.24
2025-01-24,he,123.31
2025-01-25,he,123.4
2025-01-26,he,123.44
2025-01-27,he,123.47
2025-01-28,he,123.41
2025-01-29,he,123.2
2025-01-30,he,123.14
2025-01-31,he,123.1
2025-02-01,he,123
2025-02-02,he,122.83
2025-02-03,he,122.69
2025-02-04,he,122.65
2025-02-05,he,122.71
2025-02-06,he,122.65
2025-02-07,he,122.55
2025-02-08,he,122.48
2025-02-09,he,122.37
2025-02-10,he,122.28
2025-02-11,he,122.21
2025-02-12,he,122.21
2025-02-13,he,121.89
2025-02-14,he,121.84
2025-02-15,he,121.66
2025-02-16,he,121.65
2025-02-17,he,121.6
2025-02-18,he,121.54
2025-02-19,he,121.43
2025-02-20,he,121.55
2025-02-21,he,121.4
2025-02-22,he,121.31
2025-02-23,he,121.15
2025-02-24,he,121
2025-02-25,he,120.74
2025-02-26,he,120.56
2025-02-27,he,120.41
2025-02-28,he,120.32
2025-03-01,he,120.33
2025-03-02,he,120.35
2025-03-03,he,120.33
2025-03-04,he,120.5
2025-03-05,he,120.36
2025-03-06,he,120.3
2025-03-07,he,120.25
2025-03-08,he,120.1
2025-03-09,he,119.89
2025-03-10,he,119.63
2025-03-11,he,119.27
2025-03-12,he,119.17
2025-03-13,he,118.96
2025-03-14,he,118.72
2025-03-15,he,118.61
2025-03-16,he,118.47
2025-03-17,he,118.47
2025-03-18,he,118.5
2025-03-19,he,118.52
2025-03-20,he,118.63
2025-03-21,he,118.68
2025-03-22,he,118.61
2025-03-23,he,118.64
2025-03-24,he,118.64
2025-03-25,he,118.62
2025-03-26,he,118.64
2025-03-27,he,118.57
2025-03-28,he,118.5
2025-03-29,he,118.52
2025-03-30,he,118.51
2025-03-31,he,118.41
2025-04-01,he,118.33
2025-04-02,he,118.24
2025-04-03,he,118.18
2025-04-04,he,118.15
2025-04-05,he,118.15
2025-04-06,he,118.08
2025-04-07,he,118.08
2025-04-08,he,117.99
2025-04-09,he,117.92
2025-04-10,he,117.78
2025-04-11,he,117.68
2025-04-12,he,117.59
2025-04-13,he,117.59
2025-04-14,he,117.63
2025-04-15,he,117.72
2025-04-16,he,117.67
2025-04-17,he,117.71
2025-04-18,he,117.7
2025-04-19,he,117.45
2025-04-20,he,117.27
2025-04-21,he,117.07
2025-04-22,he,116.79
2025-04-23,he,116.67
2025-04-24,he,116.46
2025-04-25,he,116.01
2025-04-26,he,115.79
2025-04-27,he,115.46
2025-04-28,he,115.19
2025-04-29,he,115.16
2025-04-30,he,115.13
2025-05-01,he,115.1
2025-05-02,he,115.42
2025-05-03,he,115.7
2025-05-04,he,116.05
2025-05-05,he,116.4
2025-05-06,he,116.67
2025-05-07,he,116.85
2025-05-08,he,117.07
2025-05-09,he,117.18
2025-05-10,he,117.33
2025-05-11,he,117.36
2025-05-12,he,117.17
2025-05-13,he,116.98
2025-05-14,he,116.82
2025-05-15,he,116.7
2025-05-16,he,116.77
2025-05-17,he,116.73
2025-05-18,he,116.88
2025-05-19,he,117.21
2025-05-20,he,117.46
2025-05-21,he,117.73
2025-05-22,he,117.97
2025-05-23,he,118.14
2025-05-24,he,118.37
2025-05-25,he,118.45
2025-05-26,he,118.47
2025-05-27,he,118.5
2025-05-28,he,118.56
2025-05-29,he,118.64
2025-05-30,he,118.58
2025-05-31,he,118.45
2025-06-01,he,118.39
2025-06-02,he,118.28
2025-06-03,he,118.21
2025-06-04,he,118.11
2025-06-05,he,118
2025-06-06,he,117.8
2025-06-07,he,117.75
2025-06-08,he,117.68
2025-06-09,he,117.79
2025-06-10,he,117.69
2025-06-11,he,117.53
2025-06-12,he,117.43
2025-06-13,he,117.4
2025-06-14,he,117.23
2025-06-15,he,117.11
2025-06-16,he,116.86
2025-06-17,he,116.77
2025-06-18,he,116.75
2025-06-19,he,116.76
2025-06-20,he,116.68
2025-06-21,he,116.65
2025-06-22,he,116.62
2025-06-23,he,116.56
2025-06-24,he,116.51
2025-06-25,he,116.43
2025-06-26,he,116.35
2025-06-27,he,116.42
2025-06-28,he,116.51
2025-06-29,he,116.52
2025-06-30,he,116.56
2025-07-01,he,116.5
2025-07-02,he,116.44
2025-07-03,he,116.35
2025-07-04,he,116.24
2025-07-05,he,116.05
2025-07-06,he,115.92
2025-07-07,he,115.75
2025-07-08,he,115.65
2025-07-09,he,115.56
2025-07-10,he,115.37
2025-07-11,he,115.25
2025-07-12,he,115.2
2025-07-13,he,115.1
2025-07-14,he,115.03
2025-07-15,he,115.1
2025-07-16,he,115.12
2025-07-17,he,115.17
2025-07-18,he,115.13
2025-07-19,he,114.95
2025-07-20,he,114.81
2025-07-21,he,114.69
2025-07-22,he,114.52
2025-07-23,he,114.31
2025-07-24,he,114.14
2025-07-25,he,114.05
2025-07-26,he,114.07
2025-07-27,he,114
2025-07-28,he,113.96
2025-07-29,he,113.86
2025-07-30,he,113.9
2025-07-31,he,113.91
2025-08-01,he,113.58
2025-08-02,he,113.46
2025-08-03,he,113.47
2025-08-04,he,113.38
2025-08-05,he,113.31
2025-08-06,he,113.3
2025-08-07,he,113.37
2025-08-08,he,113.71
2025-08-09,he,113.85
2025-08-10,he,113.96
2025-08-11,he,114.15
2025-08-12,he,114.28
2025-08-13,he,114.38
2025-08-14,he,114.36
2025-08-15,he,114.31
2025-08-16,he,114.27
2025-08-17,he,114.26
2025-08-18,he,114.18
2025-08-19,he,114.17
2025-08-20,he,114.09
2025-08-21,he,114.12
2025-08-22,he,114.22
2025-08-23,he,114.31
2025-08-24,he,114.4
2025-08-25,he,114.57
2025-08-26,he,114.6
2025-08-27,he,114.7
2025-08-28,he,114.88
2025-08-29,he,114.91
2025-08-30,he,114.95
2025-08-31,he,114.9
2025-09-01,he,114.79
2025-09-02,he,115
2025-09-03,he,115.1
2025-09-04,he,115.19
2025-09-05,he,115.42
2025-09-06,he,115.63
2025-09-07,he,115.87
2025-09-08,he,116.19
2025-09-09,he,116.31
2025-09-10,he,116.31
2025-09-11,he,116.32
2025-09-12,he,116.24
2025-09-13,he,116.21
2025-09-14,he,116.19
2025-09-15,he,116.05
2025-09-16,he,115.88
2025-09-17,he,115.9
2025-09-18,he,115.88
2025-09-19,he,115.75
2025-09-20,he,115.69
2025-09-21,he,115.57
2025-09-22,he,115.57
2025-09-23,he,115.61
2025-09-24,he,115.56
2025-09-25,he,115.58
2025-09-26,he,115.72
2025-09-27,he,115.73
2025-09-28,he,115.86
2025-09-29,he,115.86
2025-09-30,he,115.85
2025-10-01,he,115.79
2025-10-02,he,115.71
2025-10-03,he,115.65
2025-10-04,he,115.57
2025-10-05,he,115.54
2025-10-06,he,115.58
2025-10-07,he,115.59
2025-10-08,he,115.73
2025-10-09,he,115.62
2025-10-10,he,115.54
2025-10-11,he,115.47
2025-10-12,he,115.26
2025-10-13,he,115.06
2025-10-14,he,114.89
2025-10-15,he,114.63
2025-10-16,he,114.53
2025-10-17,he,114.47
2025-10-18,he,114.47
2025-10-19,he,114.55
2025-10-20,he,114.59
2025-10-21,he,114.47
2025-10-22,he,114.52
2025-10-23,he,114.54
2025-10-24,he,114.46
2025-10-25,he,114.38
2025-10-26,he,114.27
2025-10-27,he,114.21
2025-10-28,he,114.29
2025-10-29,he,114.3
2025-10-30,he,114.32
2025-10-31,he,114.37
2025-11-01,he,114.21
2025-11-02,he,114.17
2025-11-03,he,114.12
2025-11-04,he,113.95
2025-11-05,he,113.71
2025-11-06,he,113.48
2025-11-07,he,113.19
2025-11-08,he,113.09
2025-11-09,he,112.94
2025-11-10,he,112.88
2025-11-11,he,112.9
2025-11-12,he,112.98
2025-11-13,he,113.02
2025-11-14,he,113.06
2025-11-15,he,113.04
2025-11-16,he,112.93
2025-11-17,he,112.75
2025-11-18,he,112.7
2025-11-19,he,112.49
2025-11-20,he,112.43
2025-11-21,he,112.42
2025-11-22,he,112.43
2025-11-23,he,112.43
2025-11-24,he,112.48
2025-11-25,he,112.39
2025-11-26,he,112.45
2025-11-27,he,112.36
2025-11-28,he,112.26
2025-11-29,he,112.17
2025-11-30,he,112.05
2025-12-01,he,111.93
2025-12-02,he,111.86
2025-12-03,he,111.77
2025-12-04,he,111.63
2025-12-05,he,111.49
2025-12-06,he,111.32
2025-12-07,he,111.14
2025-12-08,he,111
2025-12-09,he,110.84
2025-12-10,he,110.66
2025-12-11,he,110.57
2025-12-12,he,110.54
2025-12-13,he,110.5
2025-12-14,he,110.48
2025-12-15,he,110.49
2025-12-16,he,110.52
2025-12-17,he,110.63
2025-12-18,he,110.83
2025-12-19,he,111.04
2025-12-20,he,111.32
2025-12-21,he,111.58
2025-12-22,he,111.85
2025-12-23,he,112.06
2025-12-24,he,112.13
2025-12-25,he,112.08
2025-12-26,he,111.96
2025-12-27,he,111.78
2025-12-28,he,111.64
2025-12-29,he,111.59
2025-12-30,he,111.54
2025-12-31,he,111.58
2026-01-01,he,111.61
2026-01-02,he,111.62
2026-01-03,he,111.55
2026-01-04,he,111.41
2026-01-05,he,111.22
2026-01-06,he,111.14
2026-01-07,he,111
2026-01-08,he,110.96
2026-01-09,he,110.88
2026-01-10,he,110.74
2026-01-11,he,110.63
2026-01-12,he,110.65
2026-01-13,he,110.86
2026-01-14,he,110.91
2026-01-15,he,110.82
2026-01-16,he,111
2026-01-17,he,111.18
2026-01-18,he,111.38
2026-01-19,he,111.33
2026-01-20,he,111.1
2026-01-21,he,111.03
2026-01-22,he,111.13
2026-01-23,he,111.15
2026-01-24,he,111.29
2026-01-25,he,111.37
2026-01-26,he,111.44
2026-01-27,he,111.46
2026-01-28,he,111.51
2026-01-29,he,111.56
2026-01-30,he,111.55
2026-01-31,he,111.57
2026-02-01,he,111.57
2026-02-02,he,111.64
2026-02-03,he,111.7
2026-02-04,he,111.75
2026-02-05,he,111.72
2026-02-06,he,111.64
2026-02-07,he,111.56
2026-02-08,he,111.56
2026-02-09,he,111.55
2026-02-10,he,111.54
2026-02-11,he,111.53
2026-02-12,he,111.51
2026-02-13,he,111.5
2026-02-14,he,111.49
2026-02-15,he,111.48
2026-02-16,he,111.47
2026-02-17,he,111.46
2026-02-18,he,111.44
2026-02-19,he,111.43
2026-02-20,he,111.42
2026-02-21,he,111.41
2026-02-22,he,111.4
2026-02-23,he,111.38
2026-02-24,he,111.37
2026-02-25,he,111.36
2026-02-26,he,111.33
2026-02-27,he,111.36
2026-02-28,he,111.35
2026-03-01,he,111.32
2026-03-02,he,111.29
2026-03-03,he,111.38
2026-03-04,he,111.46
2026-03-05,he,111.61
2026-03-06,he,111.66
2026-03-07,he,111.73
2026-03-08,he,111.73
2026-03-09,he,111.66
2026-03-10,he,111.36
2026-03-11,he,110.83
2026-03-12,he,110.25
2026-03-13,he,109.79
2026-03-14,he,109.29
2026-03-15,he,108.81
2026-03-16,he,108.44
2026-03-17,he,108.07
2026-03-18,he,108.04
2026-03-19,he,108.03
2026-03-20,he,107.94
2026-03-21,he,107.8
2026-03-22,he,107.68
2026-03-23,he,107.5
2026-03-24,he,107.44
2026-03-25,he,107.13
2026-03-26,he,106.86
2026-03-27,he,106.65
2026-03-28,he,106.51
2026-03-29,he,106.48
2026-03-30,he,106.46
2026-03-31,he,106.38
2026-04-01,he,106.39
2026-04-02,he,106.32
2026-04-03,he,106.19
2026-04-04,he,106.02
2026-04-05,he,105.75
2026-04-06,he,105.37
2026-04-07,he,105.01
2026-04-08,he,104.78
2026-04-09,he,104.63
2026-04-10,he,104.42
2026-04-11,he,104.31
2026-04-12,he,104.25
2026-04-13,he,104.29
2026-04-14,he,104.27
2026-04-15,he,104.16
2026-04-16,he,103.92
2026-04-17,he,103.74
2026-04-18,he,103.47
2026-04-19,he,103.16
2026-04-20,he,102.94
2026-04-21,he,102.84
2026-04-22,he,102.85
2026-04-23,he,103.08
2026-04-24,he,103.25
2026-04-25,he,103.41
2026-04-26,he,103.63
2026-04-27,he,103.72
2026-04-28,he,103.84
2026-04-29,he,104
2026-04-30,he,104.14
2026-05-01,he,104.13
2026-05-02,he,104.2
2026-05-03,he,104.28
2026-05-04,he,104.45
2026-05-05,he,104.67
2026-05-06,he,104.65
2026-05-07,he,104.62
2026-05-08,he,104.79
2026-05-09,he,104.95
2026-05-10,he,105.03
2026-05-11,he,105.15
2026-05-12,he,105.11
2026-05-13,he,105.2
2026-05-14,he,105.22
2026-05-15,he,105.16
2026-05-16,he,105.08
2026-05-17,he,105.15
2026-05-18,he,105.15
2026-05-19,he,105.2
2026-05-20,he,105.18
2026-05-21,he,105.11
2026-05-22,he,105.05
2026-05-23,he,104.97
2026-05-24,he,104.8
2026-05-25,he,104.48
2026-05-26,he,104.04
2026-05-27,he,103.54
2026-05-28,he,103.17
2026-05-29,he,102.82
2026-05-30,he,102.66
2026-05-31,he,102.35
2026-06-01,he,102.24
2026-06-02,he,102.32
2026-06-03,he,102.54
2026-06-04,he,102.81
2026-06-05,he,102.99
2026-06-06,he,103.08
2026-06-07,he,103.27
2026-06-08,he,103.23
2026-06-09,he,103.16
2026-06-10,he,103.01
2026-06-11,he,102.75
2026-06-12,he,102.69
2026-06-13,he,102.73
2026-06-14,he,102.79
2026-06-15,he,102.84
2026-06-16,he,102.9
2026-06-17,he,103.02
2026-06-18,he,102.99
2026-06-19,he,103.02
2026-06-20,he,102.96
2026-06-21,he,102.92
2026-06-22,he,102.85
2026-06-23,he,102.67
2026-06-24,he,102.44
2026-06-25,he,102.33
2026-06-26,he,101.96
2026-06-27,he,101.66
2026-06-28,he,101.37
2026-06-29,he,101.12
2026-06-30,he,100.69
2026-07-01,he,100.54
2026-07-02,he,100.43
2026-07-03,he,100.49
2026-07-04,he,100.52
2026-07-05,he,100.49
2026-07-06,he,100.45
2026-07-07,he,100.71
2026-07-08,he,100.78
2026-07-09,he,100.83
2026-07-10,he,101.04
2026-07-11,he,101.24
2026-07-12,he,101.39
2026-07-13,he,101.61
2026-07-14,he,101.66
2026-07-15,he,101.73
2026-07-16,he,101.72
2026-07-17,he,101.43
2026-07-18,he,101.18
2026-07-19,he,100.92
2026-07-20,he,100.75
2026-07-21,he,100.74
2026-07-22,he,100.7
2026-07-23,he,100.64
2026-07-24,he,100.67
2026-07-25,he,100.68
2026-07-26,he,100.82
2026-07-27,he,100.8
2026-07-28,he,100.72
2026-07-29,he,100.54
2026-07-30,he,100.31
2026-07-31,he,100.01
2026-08-01,he,99.74
2026-08-02,he,99.47
2026-08-03,he,99.19
2026-08-04,he,99.07
2026-08-05,he,99
2026-08-06,he,99.05
2026-08-07,he,99.22
2026-08-08,he,99.34
2026-08-09,he,99.39
2026-08-10,he,99.48
2026-08-11,he,99.53
2026-08-12,he,99.58
2026-08-13,he,99.68
2026-08-14,he,99.72
2026-08-15,he,99.75
2026-08-16,he,99.81
2026-08-17,he,99.89
2026-08-18,he,99.91
2026-08-19,he,99.96
2026-08-20,he,99.95
2026-08-21,he,99.9
2026-08-22,he,99.82
2026-08-23,he,99.78
2026-08-24,he,99.73
2026-08-25,he,99.72
2026-08-26,he,99.66
2026-08-27,he,99.6
2026-08-28,he,99.59
2026-08-29,he,99.69
2026-08-30,he,99.72
2026-08-31,he,99.66
2026-09-01,he,99.73
2026-09-02,he,99.92
2026-09-03,he,100.17
2026-09-04,he,100.47
2026-09-05,he,100.71
2026-09-06,he,100.92
2026-09-07,he,101.23
2026-09-08,he,101.37
2026-09-09,he,101.42
2026-09-10,he,101.42
2026-09-11,he,101.41
2026-09-12,he,101.38
2026-09-13,he,101.41
2026-09-14,he,101.33
2026-09-15,he,101.32
2026-09-16,he,101.19
2026-09-17,he,101.12
2026-09-18,he,101.03
2020-02-01,hh,100
2020-02-02,hh,99.94
2020-02-03,hh,99.88
2020-02-04,hh,99.59
2020-02-05,hh,99.52
2020-02-06,hh,99.5
2020-02-07,hh,99.52
2020-02-08,hh,99.51
2020-02-09,hh,99.44
2020-02-10,hh,99.43
2020-02-11,hh,99.44
2020-02-12,hh,99.44
2020-02-13,hh,99.55
2020-02-14,hh,99.52
2020-02-15,hh,99.52
2020-02-16,hh,99.62
2020-02-17,hh,99.7
2020-02-18,hh,99.89
2020-02-19,hh,100.05
2020-02-20,hh,100.14
2020-02-21,hh,100.27
2020-02-22,hh,100.38
2020-02-23,hh,100.57
2020-02-24,hh,100.77
2020-02-25,hh,100.87
2020-02-26,hh,101
2020-02-27,hh,101.22
2020-02-28,hh,101.42
2020-02-29,hh,101.64
2020-03-01,hh,101.81
2020-03-02,hh,102.01
2020-03-03,hh,102.33
2020-03-04,hh,102.52
2020-03-05,hh,102.6
2020-03-06,hh,102.75
2020-03-07,hh,102.9
2020-03-08,hh,102.93
2020-03-09,hh,102.94
2020-03-10,hh,103.02
2020-03-11,hh,102.98
2020-03-12,hh,102.82
2020-03-13,hh,102.48
2020-03-14,hh,101.98
2020-03-15,hh,101.52
2020-03-16,hh,100.97
2020-03-17,hh,100.15
2020-03-18,hh,99.41
2020-03-19,hh,98.58
2020-03-20,hh,97.62
2020-03-21,hh,96.7
2020-03-22,hh,95.73
2020-03-23,hh,94.85
2020-03-24,hh,93.85
2020-03-25,hh,92.93
2020-03-26,hh,91.94
2020-03-27,hh,91.04
2020-03-28,hh,90.04
2020-03-29,hh,89.13
2020-03-30,hh,88.17
2020-03-31,hh,87.41
2020-04-01,hh,86.58
2020-04-02,hh,85.87
2020-04-03,hh,85.15
2020-04-04,hh,84.52
2020-04-05,hh,83.83
2020-04-06,hh,83.08
2020-04-07,hh,82.22
2020-04-08,hh,81.43
2020-04-09,hh,80.65
2020-04-10,hh,79.9
2020-04-11,hh,79.3
2020-04-12,hh,78.74
2020-04-13,hh,78.33
2020-04-14,hh,78.17
2020-04-15,hh,78.07
2020-04-16,hh,77.96
2020-04-17,hh,78.07
2020-04-18,hh,78.05
2020-04-19,hh,77.85
2020-04-20,hh,77.79
2020-04-21,hh,77.57
2020-04-22,hh,77.23
2020-04-23,hh,77.12
2020-04-24,hh,76.89
2020-04-25,hh,76.65
2020-04-26,hh,76.65
2020-04-27,hh,76.47
2020-04-28,hh,76.25
2020-04-29,hh,76.14
2020-04-30,hh,75.92
2020-05-01,hh,75.57
2020-05-02,hh,75.59
2020-05-03,hh,75.53
2020-05-04,hh,75.52
2020-05-05,hh,75.54
2020-05-06,hh,75.46
2020-05-07,hh,75.38
2020-05-08,hh,75.61
2020-05-09,hh,75.48
2020-05-10,hh,75.4
2020-05-11,hh,75.26
2020-05-12,hh,75.28
2020-05-13,hh,75.47
2020-05-14,hh,75.49
2020-05-15,hh,75.01
2020-05-16,hh,74.62
2020-05-17,hh,74.22
2020-05-18,hh,73.76
2020-05-19,hh,73.25
2020-05-20,hh,72.71
2020-05-21,hh,72.46
2020-05-22,hh,72.64
2020-05-23,hh,72.8
2020-05-24,hh,72.89
2020-05-25,hh,73.27
2020-05-26,hh,73.57
2020-05-27,hh,73.77
2020-05-28,hh,74.05
2020-05-29,hh,74.27
2020-05-30,hh,74.53
2020-05-31,hh,74.77
2020-06-01,hh,74.92
2020-06-02,hh,75.03
2020-06-03,hh,75.29
2020-06-04,hh,75.12
2020-06-05,hh,75.12
2020-06-06,hh,74.99
2020-06-07,hh,74.99
2020-06-08,hh,74.82
2020-06-09,hh,74.83
2020-06-10,hh,74.67
2020-06-11,hh,74.75
2020-06-12,hh,74.74
2020-06-13,hh,74.73
2020-06-14,hh,74.74
2020-06-15,hh,74.74
2020-06-16,hh,74.69
2020-06-17,hh,74.69
2020-06-18,hh,74.69
2020-06-19,hh,74.64
2020-06-20,hh,74.69
2020-06-21,hh,74.64
2020-06-22,hh,74.61
2020-06-23,hh,74.52
2020-06-24,hh,74.52
2020-06-25,hh,74.59
2020-06-26,hh,74.59
2020-06-27,hh,74.59
2020-06-28,hh,74.61
2020-06-29,hh,74.58
2020-06-30,hh,74.59
2020-07-01,hh,74.51
2020-07-02,hh,74.46
2020-07-03,hh,74.39
2020-07-04,hh,74.38
2020-07-05,hh,74.36
2020-07-06,hh,74.4
2020-07-07,hh,74.41
2020-07-08,hh,74.51
2020-07-09,hh,74.53
2020-07-10,hh,74.73
2020-07-11,hh,74.89
2020-07-12,hh,75.08
2020-07-13,hh,75.22
2020-07-14,hh,75.33
2020-07-15,hh,75.34
2020-07-16,hh,75.48
2020-07-17,hh,75.49
2020-07-18,hh,75.42
2020-07-19,hh,75.32
2020-07-20,hh,75.27
2020-07-21,hh,75.3
2020-07-22,hh,75.38
2020-07-23,hh,75.34
2020-07-24,hh,75.22
2020-07-25,hh,75.26
2020-07-26,hh,75.43
2020-07-27,hh,75.55
2020-07-28,hh,75.58
2020-07-29,hh,75.46
2020-07-30,hh,75.28
2020-07-31,hh,75.27
2020-08-01,hh,75.26
2020-08-02,hh,75.08
2020-08-03,hh,74.94
2020-08-04,hh,74.82
2020-08-05,hh,74.8
2020-08-06,hh,74.86
2020-08-07,hh,74.91
2020-08-08,hh,74.95
2020-08-09,hh,75.06
2020-08-10,hh,75.09
2020-08-11,hh,75.12
2020-08-12,hh,75.14
2020-08-13,hh,75.13
2020-08-14,hh,75.04
2020-08-15,hh,74.85
2020-08-16,hh,74.73
2020-08-17,hh,74.66
2020-08-18,hh,74.65
2020-08-19,hh,74.71
2020-08-20,hh,74.81
2020-08-21,hh,74.91
2020-08-22,hh,75
2020-08-23,hh,75.09
2020-08-24,hh,75.15
2020-08-25,hh,75.27
2020-08-26,hh,75.36
2020-08-27,hh,75.48
2020-08-28,hh,75.59
2020-08-29,hh,75.75
2020-08-30,hh,75.85
2020-08-31,hh,76.06
2020-09-01,hh,76.14
2020-09-02,hh,76.3
2020-09-03,hh,76.37
2020-09-04,hh,76.44
2020-09-05,hh,76.53
2020-09-06,hh,76.69
2020-09-07,hh,76.8
2020-09-08,hh,76.92
2020-09-09,hh,77.06
2020-09-10,hh,77.26
2020-09-11,hh,77.41
2020-09-12,hh,77.45
2020-09-13,hh,77.35
2020-09-14,hh,77.32
2020-09-15,hh,77.29
2020-09-16,hh,77.15
2020-09-17,hh,77.04
2020-09-18,hh,77.01
2020-09-19,hh,76.87
2020-09-20,hh,76.92
2020-09-21,hh,76.89
2020-09-22,hh,76.87
2020-09-23,hh,76.87
2020-09-24,hh,76.88
2020-09-25,hh,76.95
2020-09-26,hh,77.14
2020-09-27,hh,77.23
2020-09-28,hh,77.49
2020-09-29,hh,77.76
2020-09-30,hh,78.02
2020-10-01,hh,78.28
2020-10-02,hh,78.47
2020-10-03,hh,78.84
2020-10-04,hh,79.2
2020-10-05,hh,79.4
2020-10-06,hh,79.68
2020-10-07,hh,79.96
2020-10-08,hh,80.01
2020-10-09,hh,80.22
2020-10-10,hh,80.45
2020-10-11,hh,80.63
2020-10-12,hh,80.93
2020-10-13,hh,81.14
2020-10-14,hh,81.39
2020-10-15,hh,81.75
2020-10-16,hh,82.01
2020-10-17,hh,82.08
2020-10-18,hh,82.23
2020-10-19,hh,82.31
2020-10-20,hh,82.43
2020-10-21,hh,82.62
2020-10-22,hh,82.92
2020-10-23,hh,83.09
2020-10-24,hh,83.24
2020-10-25,hh,83.33
2020-10-26,hh,83.37
2020-10-27,hh,83.47
2020-10-28,hh,83.3
2020-10-29,hh,83.11
2020-10-30,hh,83.04
2020-10-31,hh,82.96
2020-11-01,hh,83
2020-11-02,hh,83.07
2020-11-03,hh,83.02
2020-11-04,hh,82.98
2020-11-05,hh,82.93
2020-11-06,hh,82.96
2020-11-07,hh,83.05
2020-11-08,hh,82.98
2020-11-09,hh,82.91
2020-11-10,hh,82.83
2020-11-11,hh,82.9
2020-11-12,hh,82.96
2020-11-13,hh,82.87
2020-11-14,hh,82.64
2020-11-15,hh,82.52
2020-11-16,hh,82.39
2020-11-17,hh,82.14
2020-11-18,hh,82.13
2020-11-19,hh,82.07
2020-11-20,hh,81.96
2020-11-21,hh,82.01
2020-11-22,hh,81.97
2020-11-23,hh,81.88
2020-11-24,hh,81.87
2020-11-25,hh,81.69
2020-11-26,hh,81.6
2020-11-27,hh,81.53
2020-11-28,hh,81.49
2020-11-29,hh,81.52
2020-11-30,hh,81.54
2020-12-01,hh,81.7
2020-12-02,hh,81.74
2020-12-03,hh,81.8
2020-12-04,hh,82.07
2020-12-05,hh,82.16
2020-12-06,hh,82.12
2020-12-07,hh,82.17
2020-12-08,hh,82.27
2020-12-09,hh,82.47
2020-12-10,hh,82.48
2020-12-11,hh,82.4
2020-12-12,hh,82.34
2020-12-13,hh,82.49
2020-12-14,hh,82.63
2020-12-15,hh,82.82
2020-12-16,hh,82.9
2020-12-17,hh,83.13
2020-12-18,hh,83.29
2020-12-19,hh,83.6
2020-12-20,hh,83.82
2020-12-21,hh,84.03
2020-12-22,hh,84.14
2020-12-23,hh,84.28
2020-12-24,hh,84.4
2020-12-25,hh,84.61
2020-12-26,hh,84.65
2020-12-27,hh,84.71
2020-12-28,hh,84.78
2020-12-29,hh,84.85
2020-12-30,hh,84.93
2020-12-31,hh,85.1
2021-01-01,hh,85.22
2021-01-02,hh,85.37
2021-01-03,hh,85.44
2021-01-04,hh,85.46
2021-01-05,hh,85.15
2021-01-06,hh,85.11
2021-01-07,hh,85.01
2021-01-08,hh,84.93
2021-01-09,hh,84.87
2021-01-10,hh,84.85
2021-01-11,hh,84.88
2021-01-12,hh,85.21
2021-01-13,hh,85.25
2021-01-14,hh,85.27
2021-01-15,hh,85.27
2021-01-16,hh,85.35
2021-01-17,hh,85.45
2021-01-18,hh,85.4
2021-01-19,hh,85.37
2021-01-20,hh,85.38
2021-01-21,hh,85.46
2021-01-22,hh,85.5
2021-01-23,hh,85.49
2021-01-24,hh,85.38
2021-01-25,hh,85.41
2021-01-26,hh,85.39
2021-01-27,hh,85.33
2021-01-28,hh,85.33
2021-01-29,hh,85.25
2021-01-30,hh,85.24
2021-01-31,hh,85.28
2021-02-01,hh,85.31
2021-02-02,hh,85.33
2021-02-03,hh,85.4
2021-02-04,hh,85.2
2021-02-05,hh,85.16
2021-02-06,hh,84.98
2021-02-07,hh,84.94
2021-02-08,hh,84.87
2021-02-09,hh,84.77
2021-02-10,hh,84.67
2021-02-11,hh,84.63
2021-02-12,hh,84.38
2021-02-13,hh,84.25
2021-02-14,hh,84.03
2021-02-15,hh,83.83
2021-02-16,hh,83.59
2021-02-17,hh,83.39
2021-02-18,hh,83.32
2021-02-19,hh,83.42
2021-02-20,hh,83.33
2021-02-21,hh,83.23
2021-02-22,hh,83.16
2021-02-23,hh,83.27
2021-02-24,hh,83.4
2021-02-25,hh,83.38
2021-02-26,hh,83.43
2021-02-27,hh,83.69
2021-02-28,hh,83.91
2021-03-01,hh,84.17
2021-03-02,hh,84.59
2021-03-03,hh,85.02
2021-03-04,hh,85.48
2021-03-05,hh,85.79
2021-03-06,hh,86.03
2021-03-07,hh,86.37
2021-03-08,hh,86.61
2021-03-09,hh,86.41
2021-03-10,hh,86.27
2021-03-11,hh,86.11
2021-03-12,hh,86.04
2021-03-13,hh,85.98
2021-03-14,hh,85.89
2021-03-15,hh,85.85
2021-03-16,hh,85.92
2021-03-17,hh,85.98
2021-03-18,hh,86.16
2021-03-19,hh,86.38
2021-03-20,hh,86.94
2021-03-21,hh,87.44
2021-03-22,hh,87.88
2021-03-23,hh,88.47
2021-03-24,hh,88.96
2021-03-25,hh,89.45
2021-03-26,hh,89.79
2021-03-27,hh,89.88
2021-03-28,hh,89.95
2021-03-29,hh,90.08
2021-03-30,hh,90.13
2021-03-31,hh,90.3
2021-04-01,hh,90.37
2021-04-02,hh,90.53
2021-04-03,hh,90.62
2021-04-04,hh,90.75
2021-04-05,hh,90.82
2021-04-06,hh,90.87
2021-04-07,hh,90.61
2021-04-08,hh,90.25
2021-04-09,hh,89.97
2021-04-10,hh,89.68
2021-04-11,hh,89.48
2021-04-12,hh,89.37
2021-04-13,hh,89.29
2021-04-14,hh,89.47
2021-04-15,hh,89.77
2021-04-16,hh,89.79
2021-04-17,hh,90.09
2021-04-18,hh,90.23
2021-04-19,hh,90.3
2021-04-20,hh,90.51
2021-04-21,hh,90.52
2021-04-22,hh,90.52
2021-04-23,hh,90.97
2021-04-24,hh,91.26
2021-04-25,hh,91.54
2021-04-26,hh,91.85
2021-04-27,hh,92.06
2021-04-28,hh,92.29
2021-04-29,hh,92.65
2021-04-30,hh,92.88
2021-05-01,hh,92.8
2021-05-02,hh,92.97
2021-05-03,hh,93.07
2021-05-04,hh,93.17
2021-05-05,hh,93.4
2021-05-06,hh,93.42
2021-05-07,hh,93.35
2021-05-08,hh,93.9
2021-05-09,hh,94.27
2021-05-10,hh,94.6
2021-05-11,hh,95.03
2021-05-12,hh,95.69
2021-05-13,hh,96.69
2021-05-14,hh,97.46
2021-05-15,hh,97.6
2021-05-16,hh,97.72
2021-05-17,hh,97.84
2021-05-18,hh,97.96
2021-05-19,hh,97.87
2021-05-20,hh,97.71
2021-05-21,hh,97.8
2021-05-22,hh,97.96
2021-05-23,hh,98.25
2021-05-24,hh,98.6
2021-05-25,hh,99.03
2021-05-26,hh,99.37
2021-05-27,hh,99.43
2021-05-28,hh,99.69
2021-05-29,hh,99.99
2021-05-30,hh,100.28
2021-05-31,hh,100.54
2021-06-01,hh,100.67
2021-06-02,hh,100.98
2021-06-03,hh,101.51
2021-06-04,hh,101.78
2021-06-05,hh,102.22
2021-06-06,hh,102.56
2021-06-07,hh,103.02
2021-06-08,hh,103.33
2021-06-09,hh,103.64
2021-06-10,hh,103.81
2021-06-11,hh,104.1
2021-06-12,hh,104.3
2021-06-13,hh,104.57
2021-06-14,hh,104.86
2021-06-15,hh,105.14
2021-06-16,hh,105.35
2021-06-17,hh,105.61
2021-06-18,hh,105.82
2021-06-19,hh,106.11
2021-06-20,hh,106.33
2021-06-21,hh,106.42
2021-06-22,hh,106.63
2021-06-23,hh,106.79
2021-06-24,hh,106.94
2021-06-25,hh,107.1
2021-06-26,hh,107.15
2021-06-27,hh,107.24
2021-06-28,hh,107.44
2021-06-29,hh,107.62
2021-06-30,hh,107.81
2021-07-01,hh,108
2021-07-02,hh,108.07
2021-07-03,hh,108.34
2021-07-04,hh,108.53
2021-07-05,hh,108.63
2021-07-06,hh,108.74
2021-07-07,hh,108.69
2021-07-08,hh,108.73
2021-07-09,hh,108.89
2021-07-10,hh,108.86
2021-07-11,hh,108.99
2021-07-12,hh,109.18
2021-07-13,hh,109.25
2021-07-14,hh,109.52
2021-07-15,hh,109.66
2021-07-16,hh,109.81
2021-07-17,hh,110
2021-07-18,hh,110.18
2021-07-19,hh,110.34
2021-07-20,hh,110.55
2021-07-21,hh,110.79
2021-07-22,hh,111.13
2021-07-23,hh,111.39
2021-07-24,hh,111.67
2021-07-25,hh,112.01
2021-07-26,hh,112.31
2021-07-27,hh,112.67
2021-07-28,hh,112.96
2021-07-29,hh,113.02
2021-07-30,hh,113.14
2021-07-31,hh,113.22
2021-08-01,hh,113.19
2021-08-02,hh,113.13
2021-08-03,hh,113.03
2021-08-04,hh,113.06
2021-08-05,hh,113.24
2021-08-06,hh,113.44
2021-08-07,hh,113.73
2021-08-08,hh,114.02
2021-08-09,hh,114.27
2021-08-10,hh,114.62
2021-08-11,hh,114.94
2021-08-12,hh,115.27
2021-08-13,hh,115.55
2021-08-14,hh,115.78
2021-08-15,hh,116
2021-08-16,hh,116.35
2021-08-17,hh,116.57
2021-08-18,hh,116.78
2021-08-19,hh,117.01
2021-08-20,hh,117.28
2021-08-21,hh,117.59
2021-08-22,hh,117.86
2021-08-23,hh,118.12
2021-08-24,hh,118.45
2021-08-25,hh,118.73
2021-08-26,hh,118.99
2021-08-27,hh,119.3
2021-08-28,hh,119.55
2021-08-29,hh,119.84
2021-08-30,hh,120.22
2021-08-31,hh,120.4
2021-09-01,hh,120.54
2021-09-02,hh,120.67
2021-09-03,hh,120.74
2021-09-04,hh,120.76
2021-09-05,hh,120.83
2021-09-06,hh,120.85
2021-09-07,hh,121.11
2021-09-08,hh,121.43
2021-09-09,hh,121.54
2021-09-10,hh,121.7
2021-09-11,hh,121.92
2021-09-12,hh,122.03
2021-09-13,hh,122.08
2021-09-14,hh,121.97
2021-09-15,hh,121.82
2021-09-16,hh,121.88
2021-09-17,hh,121.85
2021-09-18,hh,121.77
2021-09-19,hh,121.79
2021-09-20,hh,121.81
2021-09-21,hh,121.89
2021-09-22,hh,121.93
2021-09-23,hh,122.03
2021-09-24,hh,122.12
2021-09-25,hh,122.17
2021-09-26,hh,122.28
2021-09-27,hh,122.47
2021-09-28,hh,122.6
2021-09-29,hh,122.77
2021-09-30,hh,122.83
2021-10-01,hh,122.93
2021-10-02,hh,123.15
2021-10-03,hh,123.27
2021-10-04,hh,123.33
2021-10-05,hh,123.5
2021-10-06,hh,123.75
2021-10-07,hh,124.08
2021-10-08,hh,124.41
2021-10-09,hh,124.76
2021-10-10,hh,125.13
2021-10-11,hh,125.44
2021-10-12,hh,125.78
2021-10-13,hh,126.07
2021-10-14,hh,126.37
2021-10-15,hh,126.7
2021-10-16,hh,126.9
2021-10-17,hh,127.13
2021-10-18,hh,127.39
2021-10-19,hh,127.61
2021-10-20,hh,127.76
2021-10-21,hh,127.82
2021-10-22,hh,127.81
2021-10-23,hh,127.93
2021-10-24,hh,127.95
2021-10-25,hh,127.97
2021-10-26,hh,127.88
2021-10-27,hh,127.9
2021-10-28,hh,127.94
2021-10-29,hh,128.05
2021-10-30,hh,128.1
2021-10-31,hh,128.12
2021-11-01,hh,127.94
2021-11-02,hh,127.86
2021-11-03,hh,127.74
2021-11-04,hh,127.95
2021-11-05,hh,128.18
2021-11-06,hh,128.5
2021-11-07,hh,128.85
2021-11-08,hh,129.35
2021-11-09,hh,129.76
2021-11-10,hh,130.07
2021-11-11,hh,130.18
2021-11-12,hh,130.31
2021-11-13,hh,130.23
2021-11-14,hh,130.27
2021-11-15,hh,130.31
2021-11-16,hh,130.57
2021-11-17,hh,130.86
2021-11-18,hh,130.99
2021-11-19,hh,131.18
2021-11-20,hh,131.32
2021-11-21,hh,131.36
2021-11-22,hh,131.56
2021-11-23,hh,131.61
2021-11-24,hh,131.69
2021-11-25,hh,131.79
2021-11-26,hh,131.76
2021-11-27,hh,131.77
2021-11-28,hh,131.88
2021-11-29,hh,131.86
2021-11-30,hh,131.83
2021-12-01,hh,131.69
2021-12-02,hh,131.63
2021-12-03,hh,131.6
2021-12-04,hh,131.63
2021-12-05,hh,131.7
2021-12-06,hh,131.75
2021-12-07,hh,131.79
2021-12-08,hh,131.86
2021-12-09,hh,131.84
2021-12-10,hh,131.87
2021-12-11,hh,131.84
2021-12-12,hh,131.9
2021-12-13,hh,131.99
2021-12-14,hh,132.11
2021-12-15,hh,132.2
2021-12-16,hh,132.31
2021-12-17,hh,132.52
2021-12-18,hh,132.74
2021-12-19,hh,132.85
2021-12-20,hh,132.95
2021-12-21,hh,133.09
2021-12-22,hh,133.4
2021-12-23,hh,133.66
2021-12-24,hh,133.93
2021-12-25,hh,134.31
2021-12-26,hh,134.62
2021-12-27,hh,135.06
2021-12-28,hh,135.38
2021-12-29,hh,135.5
2021-12-30,hh,135.8
2021-12-31,hh,135.87
2022-01-01,hh,135.82
2022-01-02,hh,135.79
2022-01-03,hh,135.55
2022-01-04,hh,135.54
2022-01-05,hh,135.49
2022-01-06,hh,135.37
2022-01-07,hh,135.4
2022-01-08,hh,135.44
2022-01-09,hh,135.43
2022-01-10,hh,135.21
2022-01-11,hh,134.69
2022-01-12,hh,134.5
2022-01-13,hh,134.26
2022-01-14,hh,133.81
2022-01-15,hh,133.42
2022-01-16,hh,133.12
2022-01-17,hh,133.23
2022-01-18,hh,133.46
2022-01-19,hh,133.64
2022-01-20,hh,133.83
2022-01-21,hh,134.17
2022-01-22,hh,134.27
2022-01-23,hh,134.39
2022-01-24,hh,134.35
2022-01-25,hh,134.4
2022-01-26,hh,134.36
2022-01-27,hh,134.41
2022-01-28,hh,134.56
2022-01-29,hh,134.98
2022-01-30,hh,135.23
2022-01-31,hh,135.57
2022-02-01,hh,135.87
2022-02-02,hh,136.27
2022-02-03,hh,136.53
2022-02-04,hh,136.68
2022-02-05,hh,136.85
2022-02-06,hh,137.17
2022-02-07,hh,137.37
2022-02-08,hh,137.55
2022-02-09,hh,137.77
2022-02-10,hh,138.08
2022-02-11,hh,138.36
2022-02-12,hh,138.65
2022-02-13,hh,138.92
2022-02-14,hh,139.17
2022-02-15,hh,139.61
2022-02-16,hh,139.94
2022-02-17,hh,140.29
2022-02-18,hh,140.63
2022-02-19,hh,140.82
2022-02-20,hh,141.14
2022-02-21,hh,141.46
2022-02-22,hh,141.63
2022-02-23,hh,142.01
2022-02-24,hh,142.34
2022-02-25,hh,142.66
2022-02-26,hh,143.04
2022-02-27,hh,143.31
2022-02-28,hh,143.56
2022-03-01,hh,143.74
2022-03-02,hh,143.61
2022-03-03,hh,143.64
2022-03-04,hh,143.75
2022-03-05,hh,143.88
2022-03-06,hh,143.99
2022-03-07,hh,144.24
2022-03-08,hh,144.54
2022-03-09,hh,144.75
2022-03-10,hh,144.68
2022-03-11,hh,144.53
2022-03-12,hh,144.43
2022-03-13,hh,144.28
2022-03-14,hh,144.09
2022-03-15,hh,144.03
2022-03-16,hh,144.08
2022-03-17,hh,144.13
2022-03-18,hh,144.4
2022-03-19,hh,144.66
2022-03-20,hh,144.9
2022-03-21,hh,145.57
2022-03-22,hh,145.91
2022-03-23,hh,146.29
2022-03-24,hh,146.72
2022-03-25,hh,147.05
2022-03-26,hh,147.28
2022-03-27,hh,147.43
2022-03-28,hh,147.27
2022-03-29,hh,147.28
2022-03-30,hh,147.37
2022-03-31,hh,147.56
2022-04-01,hh,147.72
2022-04-02,hh,147.99
2022-04-03,hh,148.32
2022-04-04,hh,148.57
2022-04-05,hh,148.87
2022-04-06,hh,149.11
2022-04-07,hh,149.15
2022-04-08,hh,149.17
2022-04-09,hh,149.05
2022-04-10,hh,148.92
2022-04-11,hh,148.82
2022-04-12,hh,148.72
2022-04-13,hh,148.74
2022-04-14,hh,148.94
2022-04-15,hh,149.18
2022-04-16,hh,149.32
2022-04-17,hh,149.65
2022-04-18,hh,149.96
2022-04-19,hh,150.12
2022-04-20,hh,150.27
2022-04-21,hh,150.28
2022-04-22,hh,150.21
2022-04-23,hh,150.53
2022-04-24,hh,150.7
2022-04-25,hh,150.83
2022-04-26,hh,151.08
2022-04-27,hh,151.1
2022-04-28,hh,151.32
2022-04-29,hh,151.72
2022-04-30,hh,151.95
2022-05-01,hh,151.97
2022-05-02,hh,152.06
2022-05-03,hh,152.1
2022-05-04,hh,152.28
2022-05-05,hh,152.44
2022-05-06,hh,152.36
2022-05-07,hh,152.22
2022-05-08,hh,152.45
2022-05-09,hh,152.71
2022-05-10,hh,153.1
2022-05-11,hh,153.44
2022-05-12,hh,153.77
2022-05-13,hh,154.28
2022-05-14,hh,154.82
2022-05-15,hh,155.04
2022-05-16,hh,155.2
2022-05-17,hh,155.28
2022-05-18,hh,155.32
2022-05-19,hh,155.24
2022-05-20,hh,155.09
2022-05-21,hh,154.83
2022-05-22,hh,154.77
2022-05-23,hh,154.7
2022-05-24,hh,154.63
2022-05-25,hh,154.56
2022-05-26,hh,154.49
2022-05-27,hh,154.42
2022-05-28,hh,154.36
2022-05-29,hh,154.29
2022-05-30,hh,154.22
2022-05-31,hh,153.96
2022-06-01,hh,153.82
2022-06-02,hh,153.63
2022-06-03,hh,153.36
2022-06-04,hh,153.18
2022-06-05,hh,153.02
2022-06-06,hh,152.88
2022-06-07,hh,152.92
2022-06-08,hh,152.84
2022-06-09,hh,152.81
2022-06-10,hh,152.9
2022-06-11,hh,152.89
2022-06-12,hh,152.83
2022-06-13,hh,152.74
2022-06-14,hh,152.74
2022-06-15,hh,152.82
2022-06-16,hh,153.02
2022-06-17,hh,152.74
2022-06-18,hh,152.94
2022-06-19,hh,153.15
2022-06-20,hh,153.34
2022-06-21,hh,153.41
2022-06-22,hh,153.48
2022-06-23,hh,153.36
2022-06-24,hh,153.73
2022-06-25,hh,153.74
2022-06-26,hh,153.88
2022-06-27,hh,153.99
2022-06-28,hh,154.08
2022-06-29,hh,154.27
2022-06-30,hh,154.45
2022-07-01,hh,154.47
2022-07-02,hh,154.63
2022-07-03,hh,154.57
2022-07-04,hh,154.47
2022-07-05,hh,154.43
2022-07-06,hh,154.32
2022-07-07,hh,154.24
2022-07-08,hh,154.33
2022-07-09,hh,154.39
2022-07-10,hh,154.47
2022-07-11,hh,154.6
2022-07-12,hh,154.64
2022-07-13,hh,154.49
2022-07-14,hh,154.41
2022-07-15,hh,154.3
2022-07-16,hh,154.06
2022-07-17,hh,153.94
2022-07-18,hh,153.8
2022-07-19,hh,153.68
2022-07-20,hh,153.71
2022-07-21,hh,153.77
2022-07-22,hh,153.78
2022-07-23,hh,153.5
2022-07-24,hh,153.38
2022-07-25,hh,153.26
2022-07-26,hh,153.3
2022-07-27,hh,153.29
2022-07-28,hh,153.1
2022-07-29,hh,152.87
2022-07-30,hh,152.96
2022-07-31,hh,152.82
2022-08-01,hh,152.69
2022-08-02,hh,152.47
2022-08-03,hh,152.24
2022-08-04,hh,151.99
2022-08-05,hh,151.72
2022-08-06,hh,151.44
2022-08-07,hh,151.16
2022-08-08,hh,150.85
2022-08-09,hh,150.63
2022-08-10,hh,150.42
2022-08-11,hh,150.22
2022-08-12,hh,150.18
2022-08-13,hh,149.79
2022-08-14,hh,149.92
2022-08-15,hh,149.99
2022-08-16,hh,149.97
2022-08-17,hh,150
2022-08-18,hh,150.14
2022-08-19,hh,150.26
2022-08-20,hh,150.75
2022-08-21,hh,150.8
2022-08-22,hh,150.85
2022-08-23,hh,150.91
2022-08-24,hh,150.97
2022-08-25,hh,151.09
2022-08-26,hh,151.15
2022-08-27,hh,151.26
2022-08-28,hh,151.31
2022-08-29,hh,151.34
2022-08-30,hh,151.5
2022-08-31,hh,151.68
2022-09-01,hh,151.83
2022-09-02,hh,151.79
2022-09-03,hh,151.86
2022-09-04,hh,151.94
2022-09-05,hh,152.13
2022-09-06,hh,152.13
2022-09-07,hh,152.08
2022-09-08,hh,152.07
2022-09-09,hh,152.25
2022-09-10,hh,152.35
2022-09-11,hh,152.25
2022-09-12,hh,152.17
2022-09-13,hh,152.25
2022-09-14,hh,152.42
2022-09-15,hh,152.29
2022-09-16,hh,152.3
2022-09-17,hh,152.13
2022-09-18,hh,152.1
2022-09-19,hh,152.07
2022-09-20,hh,151.74
2022-09-21,hh,151.35
2022-09-22,hh,151.23
2022-09-23,hh,151.02
2022-09-24,hh,150.98
2022-09-25,hh,150.99
2022-09-26,hh,151.01
2022-09-27,hh,151.25
2022-09-28,hh,151.56
2022-09-29,hh,151.85
2022-09-30,hh,152.04
2022-10-01,hh,152.12
2022-10-02,hh,152.12
2022-10-03,hh,152.24
2022-10-04,hh,152.1
2022-10-05,hh,151.54
2022-10-06,hh,150.89
2022-10-07,hh,150.24
2022-10-08,hh,149.67
2022-10-09,hh,149.19
2022-10-10,hh,148.61
2022-10-11,hh,148.17
2022-10-12,hh,148.11
2022-10-13,hh,148.16
2022-10-14,hh,148.18
2022-10-15,hh,148.2
2022-10-16,hh,148.32
2022-10-17,hh,148.24
2022-10-18,hh,148.29
2022-10-19,hh,148.34
2022-10-20,hh,148.25
2022-10-21,hh,148.32
2022-10-22,hh,148.12
2022-10-23,hh,148.01
2022-10-24,hh,148.08
2022-10-25,hh,147.97
2022-10-26,hh,147.92
2022-10-27,hh,148.52
2022-10-28,hh,148.89
2022-10-29,hh,149.41
2022-10-30,hh,149.83
2022-10-31,hh,150.3
2022-11-01,hh,150.78
2022-11-02,hh,151.26
2022-11-03,hh,151.13
2022-11-04,hh,151.21
2022-11-05,hh,151.33
2022-11-06,hh,151.45
2022-11-07,hh,151.4
2022-11-08,hh,151.49
2022-11-09,hh,151.45
2022-11-10,hh,151.27
2022-11-11,hh,150.76
2022-11-12,hh,150.53
2022-11-13,hh,150.23
2022-11-14,hh,149.93
2022-11-15,hh,149.49
2022-11-16,hh,149.17
2022-11-17,hh,149.03
2022-11-18,hh,149.05
2022-11-19,hh,148.83
2022-11-20,hh,148.74
2022-11-21,hh,148.71
2022-11-22,hh,148.66
2022-11-23,hh,148.59
2022-11-24,hh,148.55
2022-11-25,hh,148.56
2022-11-26,hh,148.53
2022-11-27,hh,148.44
2022-11-28,hh,148.34
2022-11-29,hh,148.37
2022-11-30,hh,148.35
2022-12-01,hh,148.33
2022-12-02,hh,148.2
2022-12-03,hh,148.1
2022-12-04,hh,148.02
2022-12-05,hh,147.95
2022-12-06,hh,147.83
2022-12-07,hh,147.72
2022-12-08,hh,147.55
2022-12-09,hh,147.52
2022-12-10,hh,147.26
2022-12-11,hh,147.04
2022-12-12,hh,146.87
2022-12-13,hh,146.76
2022-12-14,hh,146.58
2022-12-15,hh,146.32
2022-12-16,hh,145.98
2022-12-17,hh,145.79
2022-12-18,hh,145.56
2022-12-19,hh,145.28
2022-12-20,hh,144.92
2022-12-21,hh,144.51
2022-12-22,hh,144.18
2022-12-23,hh,143.96
2022-12-24,hh,143.8
2022-12-25,hh,143.56
2022-12-26,hh,143.54
2022-12-27,hh,143.44
2022-12-28,hh,143.46
2022-12-29,hh,143.61
2022-12-30,hh,143.67
2022-12-31,hh,143.68
2023-01-01,hh,143.68
2023-01-02,hh,143.39
2023-01-03,hh,143.41
2023-01-04,hh,143.44
2023-01-05,hh,143.44
2023-01-06,hh,143.54
2023-01-07,hh,143.7
2023-01-08,hh,143.86
2023-01-09,hh,144.1
2023-01-10,hh,144.29
2023-01-11,hh,144.46
2023-01-12,hh,144.56
2023-01-13,hh,144.61
2023-01-14,hh,144.61
2023-01-15,hh,144.77
2023-01-16,hh,144.88
2023-01-17,hh,144.75
2023-01-18,hh,144.64
2023-01-19,hh,144.51
2023-01-20,hh,144.32
2023-01-21,hh,144.16
2023-01-22,hh,143.92
2023-01-23,hh,143.58
2023-01-24,hh,143.44
2023-01-25,hh,143.22
2023-01-26,hh,143.07
2023-01-27,hh,142.94
2023-01-28,hh,142.9
2023-01-29,hh,142.74
2023-01-30,hh,142.76
2023-01-31,hh,142.65
2023-02-01,hh,142.52
2023-02-02,hh,142.34
2023-02-03,hh,142.1
2023-02-04,hh,142.01
2023-02-05,hh,141.96
2023-02-06,hh,141.76
2023-02-07,hh,141.63
2023-02-08,hh,141.5
2023-02-09,hh,141.52
2023-02-10,hh,141.61
2023-02-11,hh,141.4
2023-02-12,hh,141.16
2023-02-13,hh,141.08
2023-02-14,hh,140.85
2023-02-15,hh,140.68
2023-02-16,hh,140.26
2023-02-17,hh,139.88
2023-02-18,hh,139.41
2023-02-19,hh,139.1
2023-02-20,hh,138.8
2023-02-21,hh,138.71
2023-02-22,hh,138.71
2023-02-23,hh,138.95
2023-02-24,hh,138.99
2023-02-25,hh,139.31
2023-02-26,hh,139.33
2023-02-27,hh,139.42
2023-02-28,hh,139.32
2023-03-01,hh,139.15
2023-03-02,hh,139.01
2023-03-03,hh,138.9
2023-03-04,hh,138.78
2023-03-05,hh,138.96
2023-03-06,hh,139.03
2023-03-07,hh,139.12
2023-03-08,hh,139.25
2023-03-09,hh,139.23
2023-03-10,hh,139.5
2023-03-11,hh,139.73
2023-03-12,hh,139.85
2023-03-13,hh,139.93
2023-03-14,hh,140.03
2023-03-15,hh,140.13
2023-03-16,hh,140.24
2023-03-17,hh,140.2
2023-03-18,hh,140.13
2023-03-19,hh,140.02
2023-03-20,hh,140.05
2023-03-21,hh,140.16
2023-03-22,hh,140.11
2023-03-23,hh,139.99
2023-03-24,hh,139.79
2023-03-25,hh,139.7
2023-03-26,hh,139.6
2023-03-27,hh,139.39
2023-03-28,hh,139.08
2023-03-29,hh,138.91
2023-03-30,hh,138.83
2023-03-31,hh,138.71
2023-04-01,hh,138.56
2023-04-02,hh,138.42
2023-04-03,hh,138.29
2023-04-04,hh,138.25
2023-04-05,hh,138.2
2023-04-06,hh,138.13
2023-04-07,hh,138.36
2023-04-08,hh,138.39
2023-04-09,hh,138.37
2023-04-10,hh,138.45
2023-04-11,hh,138.5
2023-04-12,hh,138.61
2023-04-13,hh,138.53
2023-04-14,hh,138.32
2023-04-15,hh,138.06
2023-04-16,hh,138.04
2023-04-17,hh,137.94
2023-04-18,hh,137.77
2023-04-19,hh,137.48
2023-04-20,hh,137.47
2023-04-21,hh,137.34
2023-04-22,hh,137.41
2023-04-23,hh,137.29
2023-04-24,hh,137.14
2023-04-25,hh,137.11
2023-04-26,hh,137.05
2023-04-27,hh,136.87
2023-04-28,hh,136.78
2023-04-29,hh,136.68
2023-04-30,hh,136.51
2023-05-01,hh,136.3
2023-05-02,hh,135.99
2023-05-03,hh,135.73
2023-05-04,hh,135.34
2023-05-05,hh,134.83
2023-05-06,hh,134.13
2023-05-07,hh,133.52
2023-05-08,hh,133.13
2023-05-09,hh,132.86
2023-05-10,hh,132.59
2023-05-11,hh,132.51
2023-05-12,hh,132.64
2023-05-13,hh,132.91
2023-05-14,hh,133.19
2023-05-15,hh,133.14
2023-05-16,hh,133.1
2023-05-17,hh,133.17
2023-05-18,hh,133.37
2023-05-19,hh,133.43
2023-05-20,hh,133.49
2023-05-21,hh,133.62
2023-05-22,hh,133.73
2023-05-23,hh,133.84
2023-05-24,hh,133.83
2023-05-25,hh,133.7
2023-05-26,hh,133.69
2023-05-27,hh,133.64
2023-05-28,hh,133.58
2023-05-29,hh,133.77
2023-05-30,hh,133.86
2023-05-31,hh,133.91
2023-06-01,hh,133.8
2023-06-02,hh,133.73
2023-06-03,hh,133.76
2023-06-04,hh,133.68
2023-06-05,hh,133.53
2023-06-06,hh,133.49
2023-06-07,hh,133.53
2023-06-08,hh,133.7
2023-06-09,hh,133.8
2023-06-10,hh,133.75
2023-06-11,hh,133.82
2023-06-12,hh,133.85
2023-06-13,hh,133.85
2023-06-14,hh,133.8
2023-06-15,hh,133.82
2023-06-16,hh,133.72
2023-06-17,hh,133.73
2023-06-18,hh,133.72
2023-06-19,hh,133.71
2023-06-20,hh,133.66
2023-06-21,hh,133.55
2023-06-22,hh,133.38
2023-06-23,hh,133.29
2023-06-24,hh,133.21
2023-06-25,hh,133.08
2023-06-26,hh,132.95
2023-06-27,hh,132.82
2023-06-28,hh,132.81
2023-06-29,hh,132.7
2023-06-30,hh,132.63
2023-07-01,hh,132.61
2023-07-02,hh,132.7
2023-07-03,hh,132.7
2023-07-04,hh,132.7
2023-07-05,hh,132.7
2023-07-06,hh,132.78
2023-07-07,hh,132.96
2023-07-08,hh,133.05
2023-07-09,hh,133.05
2023-07-10,hh,133.07
2023-07-11,hh,132.99
2023-07-12,hh,132.92
2023-07-13,hh,132.87
2023-07-14,hh,132.6
2023-07-15,hh,132.39
2023-07-16,hh,132.21
2023-07-17,hh,132.15
2023-07-18,hh,132.23
2023-07-19,hh,132.3
2023-07-20,hh,132.38
2023-07-21,hh,132.43
2023-07-22,hh,132.5
2023-07-23,hh,132.68
2023-07-24,hh,132.76
2023-07-25,hh,132.83
2023-07-26,hh,132.92
2023-07-27,hh,133.03
2023-07-28,hh,133.22
2023-07-29,hh,133.33
2023-07-30,hh,133.31
2023-07-31,hh,133.36
2023-08-01,hh,133.39
2023-08-02,hh,133.37
2023-08-03,hh,133.23
2023-08-04,hh,133.16
2023-08-05,hh,133.16
2023-08-06,hh,133.15
2023-08-07,hh,133.07
2023-08-08,hh,133
2023-08-09,hh,132.97
2023-08-10,hh,132.94
2023-08-11,hh,132.74
2023-08-12,hh,132.43
2023-08-13,hh,132.14
2023-08-14,hh,131.93
2023-08-15,hh,131.74
2023-08-16,hh,131.48
2023-08-17,hh,131.31
2023-08-18,hh,131.19
2023-08-19,hh,131.14
2023-08-20,hh,131.13
2023-08-21,hh,131
2023-08-22,hh,130.83
2023-08-23,hh,130.75
2023-08-24,hh,130.53
2023-08-25,hh,130.35
2023-08-26,hh,130.12
2023-08-27,hh,129.74
2023-08-28,hh,129.56
2023-08-29,hh,129.38
2023-08-30,hh,129.2
2023-08-31,hh,129.08
2023-09-01,hh,129
2023-09-02,hh,129.01
2023-09-03,hh,129.15
2023-09-04,hh,129.17
2023-09-05,hh,129.19
2023-09-06,hh,129.17
2023-09-07,hh,129.2
2023-09-08,hh,129.18
2023-09-09,hh,129.14
2023-09-10,hh,129.02
2023-09-11,hh,128.95
2023-09-12,hh,128.97
2023-09-13,hh,128.93
2023-09-14,hh,128.87
2023-09-15,hh,128.92
2023-09-16,hh,128.91
2023-09-17,hh,128.95
2023-09-18,hh,128.98
2023-09-19,hh,128.85
2023-09-20,hh,128.68
2023-09-21,hh,128.59
2023-09-22,hh,128.39
2023-09-23,hh,128.33
2023-09-24,hh,128.15
2023-09-25,hh,128.02
2023-09-26,hh,127.86
2023-09-27,hh,127.82
2023-09-28,hh,127.78
2023-09-29,hh,127.75
2023-09-30,hh,127.54
2023-10-01,hh,127.5
2023-10-02,hh,127.38
2023-10-03,hh,127.52
2023-10-04,hh,127.52
2023-10-05,hh,127.3
2023-10-06,hh,127.16
2023-10-07,hh,127.12
2023-10-08,hh,126.99
2023-10-09,hh,126.84
2023-10-10,hh,126.7
2023-10-11,hh,126.64
2023-10-12,hh,126.76
2023-10-13,hh,126.77
2023-10-14,hh,126.77
2023-10-15,hh,126.87
2023-10-16,hh,126.9
2023-10-17,hh,126.74
2023-10-18,hh,126.63
2023-10-19,hh,126.55
2023-10-20,hh,126.53
2023-10-21,hh,126.37
2023-10-22,hh,126.25
2023-10-23,hh,126.12
2023-10-24,hh,126.14
2023-10-25,hh,126.16
2023-10-26,hh,126.25
2023-10-27,hh,126.33
2023-10-28,hh,126.67
2023-10-29,hh,126.75
2023-10-30,hh,126.99
2023-10-31,hh,127.22
2023-11-01,hh,127.4
2023-11-02,hh,127.44
2023-11-03,hh,127.55
2023-11-04,hh,127.44
2023-11-05,hh,127.53
2023-11-06,hh,127.56
2023-11-07,hh,127.38
2023-11-08,hh,127.26
2023-11-09,hh,127.18
2023-11-10,hh,127.12
2023-11-11,hh,127.05
2023-11-12,hh,126.94
2023-11-13,hh,126.94
2023-11-14,hh,126.97
2023-11-15,hh,126.92
2023-11-16,hh,126.86
2023-11-17,hh,126.66
2023-11-18,hh,126.52
2023-11-19,hh,126.43
2023-11-20,hh,126.26
2023-11-21,hh,126.08
2023-11-22,hh,125.91
2023-11-23,hh,125.78
2023-11-24,hh,125.72
2023-11-25,hh,125.63
2023-11-26,hh,125.5
2023-11-27,hh,125.34
2023-11-28,hh,125.34
2023-11-29,hh,125.28
2023-11-30,hh,125.21
2023-12-01,hh,125.19
2023-12-02,hh,125.17
2023-12-03,hh,125.21
2023-12-04,hh,125.09
2023-12-05,hh,124.99
2023-12-06,hh,125.01
2023-12-07,hh,125.07
2023-12-08,hh,125.14
2023-12-09,hh,125.24
2023-12-10,hh,125.35
2023-12-11,hh,125.62
2023-12-12,hh,125.75
2023-12-13,hh,125.87
2023-12-14,hh,126
2023-12-15,hh,125.95
2023-12-16,hh,125.96
2023-12-17,hh,125.92
2023-12-18,hh,125.87
2023-12-19,hh,125.86
2023-12-20,hh,125.79
2023-12-21,hh,125.58
2023-12-22,hh,125.54
2023-12-23,hh,125.37
2023-12-24,hh,125.2
2023-12-25,hh,125.08
2023-12-26,hh,125.02
2023-12-27,hh,124.96
2023-12-28,hh,125.08
2023-12-29,hh,125
2023-12-30,hh,125.04
2023-12-31,hh,125.03
2024-01-01,hh,125.01
2024-01-02,hh,124.94
2024-01-03,hh,124.89
2024-01-04,hh,124.68
2024-01-05,hh,124.69
2024-01-06,hh,124.73
2024-01-07,hh,124.73
2024-01-08,hh,124.69
2024-01-09,hh,124.68
2024-01-10,hh,124.59
2024-01-11,hh,124.65
2024-01-12,hh,124.58
2024-01-13,hh,124.32
2024-01-14,hh,124.21
2024-01-15,hh,123.87
2024-01-16,hh,123.56
2024-01-17,hh,123.32
2024-01-18,hh,122.99
2024-01-19,hh,122.62
2024-01-20,hh,122.42
2024-01-21,hh,122.14
2024-01-22,hh,122.14
2024-01-23,hh,122.08
2024-01-24,hh,121.99
2024-01-25,hh,121.87
2024-01-26,hh,121.77
2024-01-27,hh,121.64
2024-01-28,hh,121.63
2024-01-29,hh,121.46
2024-01-30,hh,121.29
2024-01-31,hh,121.09
2024-02-01,hh,120.86
2024-02-02,hh,120.71
2024-02-03,hh,120.58
2024-02-04,hh,120.25
2024-02-05,hh,119.96
2024-02-06,hh,119.78
2024-02-07,hh,119.65
2024-02-08,hh,119.53
2024-02-09,hh,119.31
2024-02-10,hh,118.97
2024-02-11,hh,118.82
2024-02-12,hh,118.73
2024-02-13,hh,118.64
2024-02-14,hh,118.55
2024-02-15,hh,118.53
2024-02-16,hh,118.6
2024-02-17,hh,118.69
2024-02-18,hh,118.82
2024-02-19,hh,118.98
2024-02-20,hh,119
2024-02-21,hh,119.04
2024-02-22,hh,119.06
2024-02-23,hh,119.1
2024-02-24,hh,119.34
2024-02-25,hh,119.44
2024-02-26,hh,119.56
2024-02-27,hh,119.56
2024-02-28,hh,119.55
2024-02-29,hh,119.66
2024-03-01,hh,119.73
2024-03-02,hh,119.44
2024-03-03,hh,119.36
2024-03-04,hh,119.14
2024-03-05,hh,119.15
2024-03-06,hh,119.05
2024-03-07,hh,118.9
2024-03-08,hh,118.71
2024-03-09,hh,118.78
2024-03-10,hh,118.61
2024-03-11,hh,118.48
2024-03-12,hh,118.23
2024-03-13,hh,118.11
2024-03-14,hh,117.92
2024-03-15,hh,117.68
2024-03-16,hh,117.48
2024-03-17,hh,117.41
2024-03-18,hh,117.43
2024-03-19,hh,117.58
2024-03-20,hh,117.77
2024-03-21,hh,117.96
2024-03-22,hh,118.49
2024-03-23,hh,118.8
2024-03-24,hh,119.25
2024-03-25,hh,119.47
2024-03-26,hh,119.59
2024-03-27,hh,119.69
2024-03-28,hh,119.94
2024-03-29,hh,119.8
2024-03-30,hh,119.75
2024-03-31,hh,119.65
2024-04-01,hh,119.63
2024-04-02,hh,119.66
2024-04-03,hh,119.37
2024-04-04,hh,119.15
2024-04-05,hh,118.99
2024-04-06,hh,118.94
2024-04-07,hh,118.66
2024-04-08,hh,118.56
2024-04-09,hh,118.38
2024-04-10,hh,118.54
2024-04-11,hh,118.43
2024-04-12,hh,118.31
2024-04-13,hh,118.2
2024-04-14,hh,118.07
2024-04-15,hh,118.03
2024-04-16,hh,117.92
2024-04-17,hh,117.88
2024-04-18,hh,117.91
2024-04-19,hh,118.12
2024-04-20,hh,118
2024-04-21,hh,118.04
2024-04-22,hh,117.9
2024-04-23,hh,117.97
2024-04-24,hh,117.93
2024-04-25,hh,117.88
2024-04-26,hh,117.68
2024-04-27,hh,117.69
2024-04-28,hh,117.66
2024-04-29,hh,117.6
2024-04-30,hh,117.54
2024-05-01,hh,117.57
2024-05-02,hh,117.41
2024-05-03,hh,117.29
2024-05-04,hh,117.3
2024-05-05,hh,117.2
2024-05-06,hh,117.24
2024-05-07,hh,117.13
2024-05-08,hh,116.89
2024-05-09,hh,116.91
2024-05-10,hh,116.76
2024-05-11,hh,116.72
2024-05-12,hh,116.84
2024-05-13,hh,116.81
2024-05-14,hh,116.68
2024-05-15,hh,116.69
2024-05-16,hh,116.54
2024-05-17,hh,116.5
2024-05-18,hh,116.22
2024-05-19,hh,115.78
2024-05-20,hh,115.49
2024-05-21,hh,115.35
2024-05-22,hh,115.25
2024-05-23,hh,115.11
2024-05-24,hh,114.99
2024-05-25,hh,115.18
2024-05-26,hh,115.28
2024-05-27,hh,115.39
2024-05-28,hh,115.37
2024-05-29,hh,115.3
2024-05-30,hh,115.26
2024-05-31,hh,115.41
2024-06-01,hh,115.37
2024-06-02,hh,115.32
2024-06-03,hh,115.26
2024-06-04,hh,115.32
2024-06-05,hh,115.25
2024-06-06,hh,115.28
2024-06-07,hh,115.12
2024-06-08,hh,115.07
2024-06-09,hh,114.98
2024-06-10,hh,115.03
2024-06-11,hh,115.03
2024-06-12,hh,115.02
2024-06-13,hh,114.89
2024-06-14,hh,114.8
2024-06-15,hh,114.51
2024-06-16,hh,114.44
2024-06-17,hh,114.21
2024-06-18,hh,113.95
2024-06-19,hh,113.74
2024-06-20,hh,113.68
2024-06-21,hh,113.64
2024-06-22,hh,113.62
2024-06-23,hh,113.56
2024-06-24,hh,113.47
2024-06-25,hh,113.46
2024-06-26,hh,113.51
2024-06-27,hh,113.52
2024-06-28,hh,113.51
2024-06-29,hh,113.63
2024-06-30,hh,113.76
2024-07-01,hh,113.74
2024-07-02,hh,113.75
2024-07-03,hh,113.69
2024-07-04,hh,113.6
2024-07-05,hh,113.58
2024-07-06,hh,113.41
2024-07-07,hh,113.24
2024-07-08,hh,113.2
2024-07-09,hh,113.21
2024-07-10,hh,113.3
2024-07-11,hh,113.46
2024-07-12,hh,113.52
2024-07-13,hh,113.65
2024-07-14,hh,113.82
2024-07-15,hh,113.99
2024-07-16,hh,114.12
2024-07-17,hh,114.14
2024-07-18,hh,113.95
2024-07-19,hh,113.81
2024-07-20,hh,113.68
2024-07-21,hh,113.45
2024-07-22,hh,113.26
2024-07-23,hh,113.05
2024-07-24,hh,112.84
2024-07-25,hh,112.71
2024-07-26,hh,112.64
2024-07-27,hh,112.52
2024-07-28,hh,112.43
2024-07-29,hh,112.22
2024-07-30,hh,112.02
2024-07-31,hh,111.81
2024-08-01,hh,111.75
2024-08-02,hh,111.74
2024-08-03,hh,111.82
2024-08-04,hh,111.79
2024-08-05,hh,111.82
2024-08-06,hh,111.81
2024-08-07,hh,111.87
2024-08-08,hh,111.86
2024-08-09,hh,111.7
2024-08-10,hh,111.52
2024-08-11,hh,111.5
2024-08-12,hh,111.57
2024-08-13,hh,111.62
2024-08-14,hh,111.66
2024-08-15,hh,111.67
2024-08-16,hh,111.7
2024-08-17,hh,111.71
2024-08-18,hh,111.73
2024-08-19,hh,111.61
2024-08-20,hh,111.5
2024-08-21,hh,111.38
2024-08-22,hh,111.29
2024-08-23,hh,111.18
2024-08-24,hh,111.05
2024-08-25,hh,110.89
2024-08-26,hh,110.83
2024-08-27,hh,110.86
2024-08-28,hh,110.87
2024-08-29,hh,110.89
2024-08-30,hh,110.88
2024-08-31,hh,110.9
2024-09-01,hh,110.83
2024-09-02,hh,110.72
2024-09-03,hh,110.53
2024-09-04,hh,110.36
2024-09-05,hh,110.18
2024-09-06,hh,110.05
2024-09-07,hh,109.9
2024-09-08,hh,109.77
2024-09-09,hh,109.63
2024-09-10,hh,109.52
2024-09-11,hh,109.29
2024-09-12,hh,109.05
2024-09-13,hh,108.83
2024-09-14,hh,108.66
2024-09-15,hh,108.51
2024-09-16,hh,108.4
2024-09-17,hh,108.3
2024-09-18,hh,108.36
2024-09-19,hh,108.46
2024-09-20,hh,108.61
2024-09-21,hh,108.62
2024-09-22,hh,108.69
2024-09-23,hh,108.62
2024-09-24,hh,108.68
2024-09-25,hh,108.68
2024-09-26,hh,108.76
2024-09-27,hh,108.77
2024-09-28,hh,108.63
2024-09-29,hh,108.52
2024-09-30,hh,108.5
2024-10-01,hh,108.27
2024-10-02,hh,107.48
2024-10-03,hh,107.07
2024-10-04,hh,106.62
2024-10-05,hh,106.33
2024-10-06,hh,105.97
2024-10-07,hh,105.73
2024-10-08,hh,105.49
2024-10-09,hh,106.07
2024-10-10,hh,106.13
2024-10-11,hh,106.19
2024-10-12,hh,106.44
2024-10-13,hh,106.69
2024-10-14,hh,106.84
2024-10-15,hh,107.01
2024-10-16,hh,106.99
2024-10-17,hh,107.2
2024-10-18,hh,107.29
2024-10-19,hh,107.27
2024-10-20,hh,107.24
2024-10-21,hh,107.25
2024-10-22,hh,107.31
2024-10-23,hh,107.33
2024-10-24,hh,107.12
2024-10-25,hh,107.11
2024-10-26,hh,107.02
2024-10-27,hh,106.95
2024-10-28,hh,106.83
2024-10-29,hh,106.74
2024-10-30,hh,106.64
2024-10-31,hh,106.6
2024-11-01,hh,106.6
2024-11-02,hh,106.61
2024-11-03,hh,106.6
2024-11-04,hh,106.54
2024-11-05,hh,106.49
2024-11-06,hh,106.4
2024-11-07,hh,106.29
2024-11-08,hh,106.13
2024-11-09,hh,105.97
2024-11-10,hh,105.77
2024-11-11,hh,105.65
2024-11-12,hh,105.48
2024-11-13,hh,105.32
2024-11-14,hh,105.07
2024-11-15,hh,105.09
2024-11-16,hh,105.11
2024-11-17,hh,105.14
2024-11-18,hh,105.17
2024-11-19,hh,105.24
2024-11-20,hh,105.35
2024-11-21,hh,105.53
2024-11-22,hh,105.47
2024-11-23,hh,105.45
2024-11-24,hh,105.48
2024-11-25,hh,105.44
2024-11-26,hh,105.48
2024-11-27,hh,105.55
2024-11-28,hh,105.43
2024-11-29,hh,105.2
2024-11-30,hh,105.09
2024-12-01,hh,105.07
2024-12-02,hh,105.14
2024-12-03,hh,105.08
2024-12-04,hh,105.06
2024-12-05,hh,105.18
2024-12-06,hh,105.42
2024-12-07,hh,105.49
2024-12-08,hh,105.47
2024-12-09,hh,105.4
2024-12-10,hh,105.42
2024-12-11,hh,105.37
2024-12-12,hh,105.37
2024-12-13,hh,105.29
2024-12-14,hh,105.28
2024-12-15,hh,105.36
2024-12-16,hh,105.53
2024-12-17,hh,105.49
2024-12-18,hh,105.43
2024-12-19,hh,105.44
2024-12-20,hh,105.54
2024-12-21,hh,105.67
2024-12-22,hh,105.67
2024-12-23,hh,105.6
2024-12-24,hh,105.66
2024-12-25,hh,105.78
2024-12-26,hh,105.8
2024-12-27,hh,105.77
2024-12-28,hh,105.65
2024-12-29,hh,105.59
2024-12-30,hh,105.55
2024-12-31,hh,105.58
2025-01-01,hh,105.64
2025-01-02,hh,105.7
2025-01-03,hh,105.74
2025-01-04,hh,105.77
2025-01-05,hh,105.77
2025-01-06,hh,105.74
2025-01-07,hh,105.61
2025-01-08,hh,105.36
2025-01-09,hh,105.17
2025-01-10,hh,105.01
2025-01-11,hh,104.96
2025-01-12,hh,104.89
2025-01-13,hh,104.88
2025-01-14,hh,104.82
2025-01-15,hh,104.83
2025-01-16,hh,104.84
2025-01-17,hh,104.83
2025-01-18,hh,104.78
2025-01-19,hh,104.76
2025-01-20,hh,104.72
2025-01-21,hh,104.81
2025-01-22,hh,104.85
2025-01-23,hh,104.98
2025-01-24,hh,105.02
2025-01-25,hh,105.11
2025-01-26,hh,105.2
2025-01-27,hh,105.22
2025-01-28,hh,105.16
2025-01-29,hh,105.04
2025-01-30,hh,104.96
2025-01-31,hh,104.91
2025-02-01,hh,104.81
2025-02-02,hh,104.66
2025-02-03,hh,104.59
2025-02-04,hh,104.52
2025-02-05,hh,104.45
2025-02-06,hh,104.16
2025-02-07,hh,104
2025-02-08,hh,103.82
2025-02-09,hh,103.62
2025-02-10,hh,103.41
2025-02-11,hh,103.29
2025-02-12,hh,103.22
2025-02-13,hh,102.92
2025-02-14,hh,102.84
2025-02-15,hh,102.66
2025-02-16,hh,102.61
2025-02-17,hh,102.54
2025-02-18,hh,102.39
2025-02-19,hh,102.2
2025-02-20,hh,102.41
2025-02-21,hh,102.28
2025-02-22,hh,102.23
2025-02-23,hh,102.12
2025-02-24,hh,102.01
2025-02-25,hh,101.88
2025-02-26,hh,101.8
2025-02-27,hh,101.73
2025-02-28,hh,101.7
2025-03-01,hh,101.65
2025-03-02,hh,101.64
2025-03-03,hh,101.67
2025-03-04,hh,101.83
2025-03-05,hh,101.88
2025-03-06,hh,101.87
2025-03-07,hh,101.87
2025-03-08,hh,101.89
2025-03-09,hh,101.85
2025-03-10,hh,101.69
2025-03-11,hh,101.44
2025-03-12,hh,101.32
2025-03-13,hh,101.14
2025-03-14,hh,100.93
2025-03-15,hh,100.72
2025-03-16,hh,100.53
2025-03-17,hh,100.47
2025-03-18,hh,100.45
2025-03-19,hh,100.47
2025-03-20,hh,100.51
2025-03-21,hh,100.59
2025-03-22,hh,100.6
2025-03-23,hh,100.69
2025-03-24,hh,100.69
2025-03-25,hh,100.64
2025-03-26,hh,100.48
2025-03-27,hh,100.32
2025-03-28,hh,100.06
2025-03-29,hh,99.95
2025-03-30,hh,99.75
2025-03-31,hh,99.54
2025-04-01,hh,99.39
2025-04-02,hh,99.31
2025-04-03,hh,99.27
2025-04-04,hh,99.32
2025-04-05,hh,99.36
2025-04-06,hh,99.3
2025-04-07,hh,99.29
2025-04-08,hh,99.26
2025-04-09,hh,99.25
2025-04-10,hh,99.08
2025-04-11,hh,98.99
2025-04-12,hh,98.87
2025-04-13,hh,98.84
2025-04-14,hh,98.85
2025-04-15,hh,98.86
2025-04-16,hh,98.79
2025-04-17,hh,98.89
2025-04-18,hh,98.88
2025-04-19,hh,98.75
2025-04-20,hh,98.69
2025-04-21,hh,98.62
2025-04-22,hh,98.56
2025-04-23,hh,98.55
2025-04-24,hh,98.41
2025-04-25,hh,98.23
2025-04-26,hh,98.25
2025-04-27,hh,98.22
2025-04-28,hh,98.14
2025-04-29,hh,98.12
2025-04-30,hh,98.14
2025-05-01,hh,98.22
2025-05-02,hh,98.41
2025-05-03,hh,98.58
2025-05-04,hh,98.74
2025-05-05,hh,98.97
2025-05-06,hh,99.01
2025-05-07,hh,99.02
2025-05-08,hh,99.18
2025-05-09,hh,99.28
2025-05-10,hh,99.37
2025-05-11,hh,99.27
2025-05-12,hh,99.19
2025-05-13,hh,99.27
2025-05-14,hh,99.42
2025-05-15,hh,99.21
2025-05-16,hh,99.11
2025-05-17,hh,98.91
2025-05-18,hh,98.97
2025-05-19,hh,99.02
2025-05-20,hh,99.05
2025-05-21,hh,98.99
2025-05-22,hh,99.04
2025-05-23,hh,99.19
2025-05-24,hh,99.35
2025-05-25,hh,99.42
2025-05-26,hh,99.45
2025-05-27,hh,99.39
2025-05-28,hh,99.46
2025-05-29,hh,99.6
2025-05-30,hh,99.57
2025-05-31,hh,99.51
2025-06-01,hh,99.46
2025-06-02,hh,99.48
2025-06-03,hh,99.55
2025-06-04,hh,99.47
2025-06-05,hh,99.35
2025-06-06,hh,99.14
2025-06-07,hh,99.03
2025-06-08,hh,98.8
2025-06-09,hh,98.61
2025-06-10,hh,98.24
2025-06-11,hh,97.91
2025-06-12,hh,97.74
2025-06-13,hh,97.63
2025-06-14,hh,97.42
2025-06-15,hh,97.38
2025-06-16,hh,97.21
2025-06-17,hh,97.16
2025-06-18,hh,97.17
2025-06-19,hh,97.08
2025-06-20,hh,96.99
2025-06-21,hh,96.97
2025-06-22,hh,96.91
2025-06-23,hh,96.87
2025-06-24,hh,96.83
2025-06-25,hh,96.76
2025-06-26,hh,96.72
2025-06-27,hh,96.67
2025-06-28,hh,96.57
2025-06-29,hh,96.43
2025-06-30,hh,96.28
2025-07-01,hh,96.02
2025-07-02,hh,95.79
2025-07-03,hh,95.56
2025-07-04,hh,95.36
2025-07-05,hh,95.22
2025-07-06,hh,95.11
2025-07-07,hh,95.01
2025-07-08,hh,94.99
2025-07-09,hh,94.85
2025-07-10,hh,94.63
2025-07-11,hh,94.45
2025-07-12,hh,94.31
2025-07-13,hh,94.11
2025-07-14,hh,93.9
2025-07-15,hh,93.79
2025-07-16,hh,93.79
2025-07-17,hh,93.84
2025-07-18,hh,93.81
2025-07-19,hh,93.62
2025-07-20,hh,93.47
2025-07-21,hh,93.4
2025-07-22,hh,93.11
2025-07-23,hh,92.77
2025-07-24,hh,92.43
2025-07-25,hh,92.18
2025-07-26,hh,92.1
2025-07-27,hh,91.97
2025-07-28,hh,91.82
2025-07-29,hh,91.73
2025-07-30,hh,91.64
2025-07-31,hh,91.66
2025-08-01,hh,91.44
2025-08-02,hh,91.39
2025-08-03,hh,91.41
2025-08-04,hh,91.33
2025-08-05,hh,91.3
2025-08-06,hh,91.35
2025-08-07,hh,91.24
2025-08-08,hh,91.41
2025-08-09,hh,91.37
2025-08-10,hh,91.32
2025-08-11,hh,91.37
2025-08-12,hh,91.43
2025-08-13,hh,91.45
2025-08-14,hh,91.51
2025-08-15,hh,91.55
2025-08-16,hh,91.54
2025-08-17,hh,91.52
2025-08-18,hh,91.42
2025-08-19,hh,91.41
2025-08-20,hh,91.53
2025-08-21,hh,91.65
2025-08-22,hh,91.8
2025-08-23,hh,91.9
2025-08-24,hh,92.06
2025-08-25,hh,92.21
2025-08-26,hh,92.12
2025-08-27,hh,92.16
2025-08-28,hh,92.11
2025-08-29,hh,91.96
2025-08-30,hh,91.94
2025-08-31,hh,91.88
2025-09-01,hh,91.83
2025-09-02,hh,92.04
2025-09-03,hh,92.04
2025-09-04,hh,92.06
2025-09-05,hh,92.04
2025-09-06,hh,92.07
2025-09-07,hh,92.08
2025-09-08,hh,92.18
2025-09-09,hh,92.15
2025-09-10,hh,92.22
2025-09-11,hh,92.33
2025-09-12,hh,92.41
2025-09-13,hh,92.46
2025-09-14,hh,92.51
2025-09-15,hh,92.44
2025-09-16,hh,92.47
2025-09-17,hh,92.4
2025-09-18,hh,92.26
2025-09-19,hh,92.2
2025-09-20,hh,91.98
2025-09-21,hh,91.82
2025-09-22,hh,91.73
2025-09-23,hh,91.58
2025-09-24,hh,91.43
2025-09-25,hh,91.43
2025-09-26,hh,91.33
2025-09-27,hh,91.3
2025-09-28,hh,91.37
2025-09-29,hh,91.36
2025-09-30,hh,91.49
2025-10-01,hh,91.6
2025-10-02,hh,91.69
2025-10-03,hh,91.89
2025-10-04,hh,92.04
2025-10-05,hh,92.09
2025-10-06,hh,92.19
2025-10-07,hh,92.2
2025-10-08,hh,92.16
2025-10-09,hh,92.02
2025-10-10,hh,91.86
2025-10-11,hh,91.74
2025-10-12,hh,91.61
2025-10-13,hh,91.41
2025-10-14,hh,91.28
2025-10-15,hh,91.13
2025-10-16,hh,91.11
2025-10-17,hh,90.97
2025-10-18,hh,90.95
2025-10-19,hh,90.96
2025-10-20,hh,90.96
2025-10-21,hh,90.89
2025-10-22,hh,90.98
2025-10-23,hh,90.98
2025-10-24,hh,91.08
2025-10-25,hh,91.1
2025-10-26,hh,91.06
2025-10-27,hh,91.19
2025-10-28,hh,91.23
2025-10-29,hh,91.14
2025-10-30,hh,91.08
2025-10-31,hh,91.04
2025-11-01,hh,90.93
2025-11-02,hh,90.87
2025-11-03,hh,90.72
2025-11-04,hh,90.64
2025-11-05,hh,90.55
2025-11-06,hh,90.57
2025-11-07,hh,90.55
2025-11-08,hh,90.53
2025-11-09,hh,90.53
2025-11-10,hh,90.54
2025-11-11,hh,90.48
2025-11-12,hh,90.48
2025-11-13,hh,90.38
2025-11-14,hh,90.28
2025-11-15,hh,90.2
2025-11-16,hh,90.02
2025-11-17,hh,89.91
2025-11-18,hh,89.92
2025-11-19,hh,89.79
2025-11-20,hh,89.8
2025-11-21,hh,89.94
2025-11-22,hh,90.07
2025-11-23,hh,90.18
2025-11-24,hh,90.22
2025-11-25,hh,90.25
2025-11-26,hh,90.37
2025-11-27,hh,90.36
2025-11-28,hh,90.27
2025-11-29,hh,90.26
2025-11-30,hh,90.24
2025-12-01,hh,90.27
2025-12-02,hh,90.28
2025-12-03,hh,90.27
2025-12-04,hh,90.21
2025-12-05,hh,90.08
2025-12-06,hh,89.85
2025-12-07,hh,89.69
2025-12-08,hh,89.51
2025-12-09,hh,89.37
2025-12-10,hh,89.33
2025-12-11,hh,89.31
2025-12-12,hh,89.37
2025-12-13,hh,89.47
2025-12-14,hh,89.62
2025-12-15,hh,89.81
2025-12-16,hh,89.93
2025-12-17,hh,90.01
2025-12-18,hh,90.14
2025-12-19,hh,90.25
2025-12-20,hh,90.41
2025-12-21,hh,90.52
2025-12-22,hh,90.58
2025-12-23,hh,90.64
2025-12-24,hh,90.66
2025-12-25,hh,90.68
2025-12-26,hh,90.63
2025-12-27,hh,90.54
2025-12-28,hh,90.46
2025-12-29,hh,90.45
2025-12-30,hh,90.41
2025-12-31,hh,90.41
2026-01-01,hh,90.36
2026-01-02,hh,90.36
2026-01-03,hh,90.27
2026-01-04,hh,90.08
2026-01-05,hh,89.92
2026-01-06,hh,89.76
2026-01-07,hh,89.64
2026-01-08,hh,89.56
2026-01-09,hh,89.48
2026-01-10,hh,89.47
2026-01-11,hh,89.57
2026-01-12,hh,89.63
2026-01-13,hh,89.81
2026-01-14,hh,89.83
2026-01-15,hh,89.84
2026-01-16,hh,90.03
2026-01-17,hh,90.03
2026-01-18,hh,90
2026-01-19,hh,89.94
2026-01-20,hh,89.81
2026-01-21,hh,89.82
2026-01-22,hh,89.9
2026-01-23,hh,89.82
2026-01-24,hh,89.89
2026-01-25,hh,89.98
2026-01-26,hh,90.03
2026-01-27,hh,90.01
2026-01-28,hh,90.03
2026-01-29,hh,89.96
2026-01-30,hh,89.92
2026-01-31,hh,89.9
2026-02-01,hh,89.88
2026-02-02,hh,89.86
2026-02-03,hh,89.87
2026-02-04,hh,89.81
2026-02-05,hh,89.81
2026-02-06,hh,89.75
2026-02-07,hh,89.7
2026-02-08,hh,89.67
2026-02-09,hh,89.7
2026-02-10,hh,89.72
2026-02-11,hh,89.75
2026-02-12,hh,89.77
2026-02-13,hh,89.8
2026-02-14,hh,89.82
2026-02-15,hh,89.85
2026-02-16,hh,89.87
2026-02-17,hh,89.9
2026-02-18,hh,89.92
2026-02-19,hh,89.95
2026-02-20,hh,89.97
2026-02-21,hh,90
2026-02-22,hh,90.02
2026-02-23,hh,90.04
2026-02-24,hh,90.07
2026-02-25,hh,90.09
2026-02-26,hh,90.2
2026-02-27,hh,90.32
2026-02-28,hh,90.35
2026-03-01,hh,90.39
2026-03-02,hh,90.43
2026-03-03,hh,90.57
2026-03-04,hh,90.68
2026-03-05,hh,90.78
2026-03-06,hh,90.82
2026-03-07,hh,90.92
2026-03-08,hh,90.95
2026-03-09,hh,90.97
2026-03-10,hh,90.78
2026-03-11,hh,90.57
2026-03-12,hh,90.19
2026-03-13,hh,89.88
2026-03-14,hh,89.58
2026-03-15,hh,89.31
2026-03-16,hh,89.03
2026-03-17,hh,88.77
2026-03-18,hh,88.63
2026-03-19,hh,88.61
2026-03-20,hh,88.57
2026-03-21,hh,88.48
2026-03-22,hh,88.33
2026-03-23,hh,88.23
2026-03-24,hh,88.15
2026-03-25,hh,88
2026-03-26,hh,87.86
2026-03-27,hh,87.69
2026-03-28,hh,87.6
2026-03-29,hh,87.6
2026-03-30,hh,87.6
2026-03-31,hh,87.63
2026-04-01,hh,87.66
2026-04-02,hh,87.51
2026-04-03,hh,87.44
2026-04-04,hh,87.29
2026-04-05,hh,87.1
2026-04-06,hh,86.86
2026-04-07,hh,86.6
2026-04-08,hh,86.39
2026-04-09,hh,86.24
2026-04-10,hh,85.98
2026-04-11,hh,85.83
2026-04-12,hh,85.73
2026-04-13,hh,85.6
2026-04-14,hh,85.44
2026-04-15,hh,85.24
2026-04-16,hh,85.07
2026-04-17,hh,84.95
2026-04-18,hh,84.74
2026-04-19,hh,84.52
2026-04-20,hh,84.5
2026-04-21,hh,84.55
2026-04-22,hh,84.8
2026-04-23,hh,85.03
2026-04-24,hh,85.26
2026-04-25,hh,85.53
2026-04-26,hh,85.81
2026-04-27,hh,85.91
2026-04-28,hh,86
2026-04-29,hh,85.99
2026-04-30,hh,86.06
2026-05-01,hh,85.88
2026-05-02,hh,85.69
2026-05-03,hh,85.48
2026-05-04,hh,85.29
2026-05-05,hh,85.15
2026-05-06,hh,84.91
2026-05-07,hh,84.63
2026-05-08,hh,84.74
2026-05-09,hh,84.83
2026-05-10,hh,84.9
2026-05-11,hh,84.98
2026-05-12,hh,84.98
2026-05-13,hh,85.1
2026-05-14,hh,85.23
2026-05-15,hh,85.05
2026-05-16,hh,84.87
2026-05-17,hh,84.79
2026-05-18,hh,84.74
2026-05-19,hh,84.81
2026-05-20,hh,84.83
2026-05-21,hh,84.83
2026-05-22,hh,84.9
2026-05-23,hh,84.98
2026-05-24,hh,85.01
2026-05-25,hh,84.94
2026-05-26,hh,84.69
2026-05-27,hh,84.23
2026-05-28,hh,83.89
2026-05-29,hh,83.65
2026-05-30,hh,83.61
2026-05-31,hh,83.39
2026-06-01,hh,83.21
2026-06-02,hh,83.31
2026-06-03,hh,83.66
2026-06-04,hh,83.91
2026-06-05,hh,84.21
2026-06-06,hh,84.44
2026-06-07,hh,84.84
2026-06-08,hh,85.13
2026-06-09,hh,85.29
2026-06-10,hh,85.3
2026-06-11,hh,85.34
2026-06-12,hh,85.38
2026-06-13,hh,85.39
2026-06-14,hh,85.39
2026-06-15,hh,85.31
2026-06-16,hh,85.19
2026-06-17,hh,85.19
2026-06-18,hh,85.07
2026-06-19,hh,84.99
2026-06-20,hh,84.88
2026-06-21,hh,84.78
2026-06-22,hh,84.7
2026-06-23,hh,84.57
2026-06-24,hh,84.38
2026-06-25,hh,84.29
2026-06-26,hh,84.08
2026-06-27,hh,83.94
2026-06-28,hh,83.79
2026-06-29,hh,83.59
2026-06-30,hh,83.45
2026-07-01,hh,83.28
2026-07-02,hh,83.2
2026-07-03,hh,83.19
2026-07-04,hh,83.12
2026-07-05,hh,83.04
2026-07-06,hh,83.03
2026-07-07,hh,83.03
2026-07-08,hh,83.05
2026-07-09,hh,82.96
2026-07-10,hh,82.88
2026-07-11,hh,82.91
2026-07-12,hh,82.95
2026-07-13,hh,83
2026-07-14,hh,83.02
2026-07-15,hh,83.07
2026-07-16,hh,83.18
2026-07-17,hh,83.28
2026-07-18,hh,83.25
2026-07-19,hh,83.19
2026-07-20,hh,83.17
2026-07-21,hh,83.13
2026-07-22,hh,83.05
2026-07-23,hh,82.83
2026-07-24,hh,82.63
2026-07-25,hh,82.5
2026-07-26,hh,82.46
2026-07-27,hh,82.36
2026-07-28,hh,82.21
2026-07-29,hh,82.03
2026-07-30,hh,81.98
2026-07-31,hh,81.86
2026-08-01,hh,81.68
2026-08-02,hh,81.47
2026-08-03,hh,81.29
2026-08-04,hh,81.34
2026-08-05,hh,81.25
2026-08-06,hh,81.1
2026-08-07,hh,81
2026-08-08,hh,80.85
2026-08-09,hh,80.7
2026-08-10,hh,80.53
2026-08-11,hh,80.24
2026-08-12,hh,80.07
2026-08-13,hh,80.01
2026-08-14,hh,79.93
2026-08-15,hh,79.88
2026-08-16,hh,79.85
2026-08-17,hh,79.8
2026-08-18,hh,79.83
2026-08-19,hh,79.95
2026-08-20,hh,80.02
2026-08-21,hh,80.19
2026-08-22,hh,80.3
2026-08-23,hh,80.42
2026-08-24,hh,80.6
2026-08-25,hh,80.68
2026-08-26,hh,80.66
2026-08-27,hh,80.68
2026-08-28,hh,80.54
2026-08-29,hh,80.54
2026-08-30,hh,80.54
2026-08-31,hh,80.47
2026-09-01,hh,80.55
2026-09-02,hh,80.77
2026-09-03,hh,80.88
2026-09-04,hh,81.16
2026-09-05,hh,81.41
2026-09-06,hh,81.62
2026-09-07,hh,81.85
2026-09-08,hh,82.02
2026-09-09,hh,82.08
2026-09-10,hh,82.21
2026-09-11,hh,82.25
2026-09-12,hh,82.23
2026-09-13,hh,82.28
2026-09-14,hh,82.22
2026-09-15,hh,82.14
2026-09-16,hh,82.09
2026-09-17,hh,81.91
2026-09-18,hh,81.92
2020-02-01,mv,100
2020-02-02,mv,99.84
2020-02-03,mv,99.68
2020-02-04,mv,99.42
2020-02-05,mv,99.43
2020-02-06,mv,99.48
2020-02-07,mv,99.77
2020-02-08,mv,100.13
2020-02-09,mv,100.31
2020-02-10,mv,100.47
2020-02-11,mv,100.77
2020-02-12,mv,100.78
2020-02-13,mv,100.89
2020-02-14,mv,100.87
2020-02-15,mv,100.71
2020-02-16,mv,100.78
2020-02-17,mv,100.85
2020-02-18,mv,100.83
2020-02-19,mv,101.09
2020-02-20,mv,101.08
2020-02-21,mv,101.18
2020-02-22,mv,101.3
2020-02-23,mv,101.24
2020-02-24,mv,101.43
2020-02-25,mv,101.55
2020-02-26,mv,101.69
2020-02-27,mv,102.34
2020-02-28,mv,102.55
2020-02-29,mv,103.05
2020-03-01,mv,103.76
2020-03-02,mv,104.34
2020-03-03,mv,104.87
2020-03-04,mv,105.1
2020-03-05,mv,104.81
2020-03-06,mv,104.72
2020-03-07,mv,104.24
2020-03-08,mv,103.63
2020-03-09,mv,102.98
2020-03-10,mv,102.36
2020-03-11,mv,101.91
2020-03-12,mv,101.51
2020-03-13,mv,101.19
2020-03-14,mv,100.98
2020-03-15,mv,100.82
2020-03-16,mv,100.58
2020-03-17,mv,100.26
2020-03-18,mv,99.82
2020-03-19,mv,99.25
2020-03-20,mv,98.6
2020-03-21,mv,97.75
2020-03-22,mv,96.87
2020-03-23,mv,96.14
2020-03-24,mv,95.3
2020-03-25,mv,94.56
2020-03-26,mv,93.97
2020-03-27,mv,93.36
2020-03-28,mv,92.88
2020-03-29,mv,92.56
2020-03-30,mv,92.07
2020-03-31,mv,91.47
2020-04-01,mv,90.69
2020-04-02,mv,89.98
2020-04-03,mv,89.13
2020-04-04,mv,88.33
2020-04-05,mv,87.24
2020-04-06,mv,86.32
2020-04-07,mv,85.71
2020-04-08,mv,85.35
2020-04-09,mv,84.69
2020-04-10,mv,84.26
2020-04-11,mv,83.88
2020-04-12,mv,83.67
2020-04-13,mv,83.57
2020-04-14,mv,83.58
2020-04-15,mv,83.64
2020-04-16,mv,83.89
2020-04-17,mv,84.1
2020-04-18,mv,84.24
2020-04-19,mv,84.42
2020-04-20,mv,84.5
2020-04-21,mv,84.32
2020-04-22,mv,84.06
2020-04-23,mv,83.75
2020-04-24,mv,83.33
2020-04-25,mv,83.08
2020-04-26,mv,82.96
2020-04-27,mv,82.82
2020-04-28,mv,82.79
2020-04-29,mv,82.81
2020-04-30,mv,82.93
2020-05-01,mv,83.26
2020-05-02,mv,83.53
2020-05-03,mv,83.69
2020-05-04,mv,83.76
2020-05-05,mv,83.76
2020-05-06,mv,83.76
2020-05-07,mv,83.9
2020-05-08,mv,83.94
2020-05-09,mv,84.03
2020-05-10,mv,84
2020-05-11,mv,83.99
2020-05-12,mv,84.22
2020-05-13,mv,84.45
2020-05-14,mv,84.42
2020-05-15,mv,84.49
2020-05-16,mv,84.51
2020-05-17,mv,84.61
2020-05-18,mv,84.6
2020-05-19,mv,84.48
2020-05-20,mv,84.25
2020-05-21,mv,84.28
2020-05-22,mv,84.36
2020-05-23,mv,84.32
2020-05-24,mv,84.23
2020-05-25,mv,84.32
2020-05-26,mv,84.51
2020-05-27,mv,84.73
2020-05-28,mv,84.99
2020-05-29,mv,85.08
2020-05-30,mv,85.2
2020-05-31,mv,85.34
2020-06-01,mv,85.37
2020-06-02,mv,85.42
2020-06-03,mv,85.56
2020-06-04,mv,85.55
2020-06-05,mv,85.78
2020-06-06,mv,85.9
2020-06-07,mv,86.07
2020-06-08,mv,86.37
2020-06-09,mv,86.73
2020-06-10,mv,86.94
2020-06-11,mv,87.4
2020-06-12,mv,87.79
2020-06-13,mv,88.52
2020-06-14,mv,89.17
2020-06-15,mv,89.63
2020-06-16,mv,90
2020-06-17,mv,90.62
2020-06-18,mv,91.05
2020-06-19,mv,91.43
2020-06-20,mv,91.63
2020-06-21,mv,91.8
2020-06-22,mv,92.08
2020-06-23,mv,92.27
2020-06-24,mv,92.36
2020-06-25,mv,92.27
2020-06-26,mv,91.97
2020-06-27,mv,91.58
2020-06-28,mv,91.14
2020-06-29,mv,90.77
2020-06-30,mv,90.45
2020-07-01,mv,89.82
2020-07-02,mv,89.27
2020-07-03,mv,88.96
2020-07-04,mv,88.77
2020-07-05,mv,88.63
2020-07-06,mv,88.49
2020-07-07,mv,88.29
2020-07-08,mv,88.39
2020-07-09,mv,88.27
2020-07-10,mv,88.45
2020-07-11,mv,88.42
2020-07-12,mv,88.13
2020-07-13,mv,87.93
2020-07-14,mv,87.82
2020-07-15,mv,87.55
2020-07-16,mv,87.48
2020-07-17,mv,87
2020-07-18,mv,86.69
2020-07-19,mv,86.64
2020-07-20,mv,86.43
2020-07-21,mv,86.14
2020-07-22,mv,85.98
2020-07-23,mv,85.93
2020-07-24,mv,86.01
2020-07-25,mv,86.33
2020-07-26,mv,86.78
2020-07-27,mv,87.18
2020-07-28,mv,87.75
2020-07-29,mv,88.26
2020-07-30,mv,88.7
2020-07-31,mv,88.97
2020-08-01,mv,88.64
2020-08-02,mv,88.36
2020-08-03,mv,88.19
2020-08-04,mv,87.64
2020-08-05,mv,87.24
2020-08-06,mv,87.28
2020-08-07,mv,87.28
2020-08-08,mv,87.71
2020-08-09,mv,88.06
2020-08-10,mv,88.47
2020-08-11,mv,89.11
2020-08-12,mv,89.79
2020-08-13,mv,90.21
2020-08-14,mv,90.76
2020-08-15,mv,91.22
2020-08-16,mv,91.69
2020-08-17,mv,92.07
2020-08-18,mv,92.49
2020-08-19,mv,92.76
2020-08-20,mv,92.93
2020-08-21,mv,92.99
2020-08-22,mv,92.92
2020-08-23,mv,92.97
2020-08-24,mv,93.06
2020-08-25,mv,93.05
2020-08-26,mv,93.13
2020-08-27,mv,93.13
2020-08-28,mv,93.36
2020-08-29,mv,93.71
2020-08-30,mv,93.85
2020-08-31,mv,93.99
2020-09-01,mv,94.04
2020-09-02,mv,94.11
2020-09-03,mv,94.18
2020-09-04,mv,94.02
2020-09-05,mv,93.93
2020-09-06,mv,93.91
2020-09-07,mv,93.8
2020-09-08,mv,93.89
2020-09-09,mv,93.82
2020-09-10,mv,93.88
2020-09-11,mv,94.16
2020-09-12,mv,94.25
2020-09-13,mv,94.17
2020-09-14,mv,94.24
2020-09-15,mv,94.18
2020-09-16,mv,94.35
2020-09-17,mv,94.46
2020-09-18,mv,94.52
2020-09-19,mv,94.66
2020-09-20,mv,94.9
2020-09-21,mv,94.97
2020-09-22,mv,95.14
2020-09-23,mv,95.12
2020-09-24,mv,95.05
2020-09-25,mv,95.04
2020-09-26,mv,95.01
2020-09-27,mv,95.06
2020-09-28,mv,95.18
2020-09-29,mv,95.28
2020-09-30,mv,95.58
2020-10-01,mv,96.07
2020-10-02,mv,96.49
2020-10-03,mv,97.08
2020-10-04,mv,97.65
2020-10-05,mv,98.14
2020-10-06,mv,98.68
2020-10-07,mv,99.13
2020-10-08,mv,99.31
2020-10-09,mv,99.59
2020-10-10,mv,99.86
2020-10-11,mv,100.08
2020-10-12,mv,100.46
2020-10-13,mv,100.8
2020-10-14,mv,101.14
2020-10-15,mv,101.67
2020-10-16,mv,101.83
2020-10-17,mv,101.91
2020-10-18,mv,101.97
2020-10-19,mv,101.95
2020-10-20,mv,101.91
2020-10-21,mv,101.97
2020-10-22,mv,101.73
2020-10-23,mv,101.69
2020-10-24,mv,101.68
2020-10-25,mv,101.72
2020-10-26,mv,101.79
2020-10-27,mv,101.89
2020-10-28,mv,101.81
2020-10-29,mv,101.96
2020-10-30,mv,102.04
2020-10-31,mv,101.93
2020-11-01,mv,101.88
2020-11-02,mv,101.83
2020-11-03,mv,101.53
2020-11-04,mv,101.31
2020-11-05,mv,100.94
2020-11-06,mv,100.59
2020-11-07,mv,100.47
2020-11-08,mv,100.25
2020-11-09,mv,99.95
2020-11-10,mv,99.78
2020-11-11,mv,99.63
2020-11-12,mv,99.59
2020-11-13,mv,99.46
2020-11-14,mv,99.36
2020-11-15,mv,99.31
2020-11-16,mv,99.29
2020-11-17,mv,99.33
2020-11-18,mv,99.35
2020-11-19,mv,99.41
2020-11-20,mv,99.46
2020-11-21,mv,99.45
2020-11-22,mv,99.42
2020-11-23,mv,99.38
2020-11-24,mv,99.13
2020-11-25,mv,98.93
2020-11-26,mv,98.76
2020-11-27,mv,98.66
2020-11-28,mv,98.61
2020-11-29,mv,98.52
2020-11-30,mv,98.46
2020-12-01,mv,98.55
2020-12-02,mv,98.55
2020-12-03,mv,98.54
2020-12-04,mv,98.52
2020-12-05,mv,98.46
2020-12-06,mv,98.47
2020-12-07,mv,98.4
2020-12-08,mv,98.43
2020-12-09,mv,98.38
2020-12-10,mv,98.27
2020-12-11,mv,98.24
2020-12-12,mv,98.24
2020-12-13,mv,98.29
2020-12-14,mv,98.4
2020-12-15,mv,98.54
2020-12-16,mv,98.57
2020-12-17,mv,98.53
2020-12-18,mv,98.29
2020-12-19,mv,98.04
2020-12-20,mv,97.8
2020-12-21,mv,97.5
2020-12-22,mv,97.28
2020-12-23,mv,97.21
2020-12-24,mv,97.26
2020-12-25,mv,97.45
2020-12-26,mv,97.55
2020-12-27,mv,97.55
2020-12-28,mv,97.8
2020-12-29,mv,97.86
2020-12-30,mv,97.9
2020-12-31,mv,97.85
2021-01-01,mv,97.74
2021-01-02,mv,97.63
2021-01-03,mv,97.62
2021-01-04,mv,97.45
2021-01-05,mv,97.19
2021-01-06,mv,97.08
2021-01-07,mv,97
2021-01-08,mv,97.07
2021-01-09,mv,97.2
2021-01-10,mv,97.23
2021-01-11,mv,97.37
2021-01-12,mv,97.72
2021-01-13,mv,98.04
2021-01-14,mv,98.39
2021-01-15,mv,98.64
2021-01-16,mv,98.78
2021-01-17,mv,99.06
2021-01-18,mv,99.18
2021-01-19,mv,99.29
2021-01-20,mv,99.39
2021-01-21,mv,99.42
2021-01-22,mv,99.68
2021-01-23,mv,100.06
2021-01-24,mv,100.31
2021-01-25,mv,100.73
2021-01-26,mv,101
2021-01-27,mv,101.12
2021-01-28,mv,101.36
2021-01-29,mv,101.19
2021-01-30,mv,101.03
2021-01-31,mv,100.99
2021-02-01,mv,100.79
2021-02-02,mv,100.65
2021-02-03,mv,100.62
2021-02-04,mv,100.29
2021-02-05,mv,100.17
2021-02-06,mv,100.05
2021-02-07,mv,99.86
2021-02-08,mv,99.75
2021-02-09,mv,99.36
2021-02-10,mv,98.96
2021-02-11,mv,98.87
2021-02-12,mv,98.59
2021-02-13,mv,98.54
2021-02-14,mv,98.49
2021-02-15,mv,98.38
2021-02-16,mv,98.39
2021-02-17,mv,98.55
2021-02-18,mv,98.66
2021-02-19,mv,98.91
2021-02-20,mv,98.71
2021-02-21,mv,98.5
2021-02-22,mv,98.31
2021-02-23,mv,98.27
2021-02-24,mv,98.22
2021-02-25,mv,98.01
2021-02-26,mv,97.79
2021-02-27,mv,98.13
2021-02-28,mv,98.42
2021-03-01,mv,98.72
2021-03-02,mv,99.21
2021-03-03,mv,99.39
2021-03-04,mv,99.58
2021-03-05,mv,99.67
2021-03-06,mv,99.47
2021-03-07,mv,99.3
2021-03-08,mv,99.03
2021-03-09,mv,98.48
2021-03-10,mv,98.22
2021-03-11,mv,98.19
2021-03-12,mv,98.45
2021-03-13,mv,98.63
2021-03-14,mv,98.89
2021-03-15,mv,99.26
2021-03-16,mv,99.74
2021-03-17,mv,100.21
2021-03-18,mv,100.53
2021-03-19,mv,100.76
2021-03-20,mv,101
2021-03-21,mv,101.23
2021-03-22,mv,101.4
2021-03-23,mv,101.74
2021-03-24,mv,102.02
2021-03-25,mv,102.26
2021-03-26,mv,102.41
2021-03-27,mv,102.63
2021-03-28,mv,102.69
2021-03-29,mv,102.91
2021-03-30,mv,102.97
2021-03-31,mv,102.73
2021-04-01,mv,102.45
2021-04-02,mv,102.31
2021-04-03,mv,101.94
2021-04-04,mv,101.72
2021-04-05,mv,101.39
2021-04-06,mv,101.09
2021-04-07,mv,100.88
2021-04-08,mv,100.83
2021-04-09,mv,100.48
2021-04-10,mv,100.39
2021-04-11,mv,100.2
2021-04-12,mv,100.22
2021-04-13,mv,100.22
2021-04-14,mv,100.36
2021-04-15,mv,100.43
2021-04-16,mv,100.4
2021-04-17,mv,100.4
2021-04-18,mv,100.45
2021-04-19,mv,100.5
2021-04-20,mv,100.5
2021-04-21,mv,100.41
2021-04-22,mv,100.56
2021-04-23,mv,100.74
2021-04-24,mv,100.89
2021-04-25,mv,100.99
2021-04-26,mv,101.05
2021-04-27,mv,101.31
2021-04-28,mv,101.75
2021-04-29,mv,102.06
2021-04-30,mv,102.64
2021-05-01,mv,103.35
2021-05-02,mv,104.07
2021-05-03,mv,104.64
2021-05-04,mv,105.04
2021-05-05,mv,105.11
2021-05-06,mv,105.23
2021-05-07,mv,105.58
2021-05-08,mv,105.84
2021-05-09,mv,106.15
2021-05-10,mv,106.38
2021-05-11,mv,106.67
2021-05-12,mv,107.29
2021-05-13,mv,107.88
2021-05-14,mv,108.15
2021-05-15,mv,108.43
2021-05-16,mv,108.7
2021-05-17,mv,109.11
2021-05-18,mv,109.35
2021-05-19,mv,109.56
2021-05-20,mv,109.81
2021-05-21,mv,110.17
2021-05-22,mv,110.4
2021-05-23,mv,110.63
2021-05-24,mv,110.7
2021-05-25,mv,110.82
2021-05-26,mv,111.11
2021-05-27,mv,111.24
2021-05-28,mv,111.47
2021-05-29,mv,111.74
2021-05-30,mv,112
2021-05-31,mv,112.34
2021-06-01,mv,112.79
2021-06-02,mv,113.11
2021-06-03,mv,113.48
2021-06-04,mv,113.74
2021-06-05,mv,114.05
2021-06-06,mv,114.38
2021-06-07,mv,114.66
2021-06-08,mv,114.96
2021-06-09,mv,115.27
2021-06-10,mv,115.43
2021-06-11,mv,115.68
2021-06-12,mv,115.96
2021-06-13,mv,116.3
2021-06-14,mv,116.59
2021-06-15,mv,116.72
2021-06-16,mv,116.71
2021-06-17,mv,117
2021-06-18,mv,117.26
2021-06-19,mv,117.43
2021-06-20,mv,117.48
2021-06-21,mv,117.5
2021-06-22,mv,117.62
2021-06-23,mv,117.79
2021-06-24,mv,117.78
2021-06-25,mv,117.74
2021-06-26,mv,117.6
2021-06-27,mv,117.5
2021-06-28,mv,117.57
2021-06-29,mv,117.66
2021-06-30,mv,117.79
2021-07-01,mv,117.91
2021-07-02,mv,117.83
2021-07-03,mv,118.03
2021-07-04,mv,118.21
2021-07-05,mv,118.33
2021-07-06,mv,118.49
2021-07-07,mv,118.69
2021-07-08,mv,119
2021-07-09,mv,119.43
2021-07-10,mv,119.65
2021-07-11,mv,119.9
2021-07-12,mv,120.09
2021-07-13,mv,120.27
2021-07-14,mv,120.33
2021-07-15,mv,120.35
2021-07-16,mv,120.37
2021-07-17,mv,120.53
2021-07-18,mv,120.8
2021-07-19,mv,121.11
2021-07-20,mv,121.47
2021-07-21,mv,122
2021-07-22,mv,122.41
2021-07-23,mv,122.96
2021-07-24,mv,123.44
2021-07-25,mv,123.92
2021-07-26,mv,124.44
2021-07-27,mv,124.76
2021-07-28,mv,125.05
2021-07-29,mv,125.24
2021-07-30,mv,125.53
2021-07-31,mv,125.71
2021-08-01,mv,125.58
2021-08-02,mv,125.45
2021-08-03,mv,125.32
2021-08-04,mv,125.34
2021-08-05,mv,125.55
2021-08-06,mv,125.69
2021-08-07,mv,125.98
2021-08-08,mv,126.44
2021-08-09,mv,126.83
2021-08-10,mv,127.69
2021-08-11,mv,128.66
2021-08-12,mv,130.08
2021-08-13,mv,131.49
2021-08-14,mv,132.72
2021-08-15,mv,133.92
2021-08-16,mv,135.15
2021-08-17,mv,136.08
2021-08-18,mv,137.01
2021-08-19,mv,137.45
2021-08-20,mv,137.73
2021-08-21,mv,138.06
2021-08-22,mv,138.42
2021-08-23,mv,138.8
2021-08-24,mv,139.18
2021-08-25,mv,139.2
2021-08-26,mv,139.2
2021-08-27,mv,139.25
2021-08-28,mv,139.33
2021-08-29,mv,139.53
2021-08-30,mv,139.75
2021-08-31,mv,139.99
2021-09-01,mv,140.07
2021-09-02,mv,140.27
2021-09-03,mv,140.48
2021-09-04,mv,141.05
2021-09-05,mv,141.4
2021-09-06,mv,141.59
2021-09-07,mv,141.89
2021-09-08,mv,142.39
2021-09-09,mv,142.76
2021-09-10,mv,143.14
2021-09-11,mv,143.19
2021-09-12,mv,143.43
2021-09-13,mv,143.76
2021-09-14,mv,143.93
2021-09-15,mv,144.07
2021-09-16,mv,144.19
2021-09-17,mv,144.43
2021-09-18,mv,144.61
2021-09-19,mv,144.56
2021-09-20,mv,144.66
2021-09-21,mv,144.68
2021-09-22,mv,144.7
2021-09-23,mv,144.74
2021-09-24,mv,144.49
2021-09-25,mv,144.34
2021-09-26,mv,144.43
2021-09-27,mv,144.5
2021-09-28,mv,144.59
2021-09-29,mv,144.87
2021-09-30,mv,145.08
2021-10-01,mv,145.27
2021-10-02,mv,145.36
2021-10-03,mv,145.29
2021-10-04,mv,145.11
2021-10-05,mv,145.11
2021-10-06,mv,144.99
2021-10-07,mv,145.06
2021-10-08,mv,145.33
2021-10-09,mv,145.51
2021-10-10,mv,145.8
2021-10-11,mv,146.07
2021-10-12,mv,146.06
2021-10-13,mv,146.02
2021-10-14,mv,145.83
2021-10-15,mv,145.69
2021-10-16,mv,145.82
2021-10-17,mv,145.88
2021-10-18,mv,145.98
2021-10-19,mv,146.38
2021-10-20,mv,146.71
2021-10-21,mv,147.14
2021-10-22,mv,147.5
2021-10-23,mv,147.61
2021-10-24,mv,147.8
2021-10-25,mv,148.04
2021-10-26,mv,148.14
2021-10-27,mv,148.35
2021-10-28,mv,148.4
2021-10-29,mv,148.49
2021-10-30,mv,148.77
2021-10-31,mv,149.02
2021-11-01,mv,148.42
2021-11-02,mv,147.65
2021-11-03,mv,146.65
2021-11-04,mv,146.44
2021-11-05,mv,146.09
2021-11-06,mv,145.65
2021-11-07,mv,145.27
2021-11-08,mv,145.56
2021-11-09,mv,145.99
2021-11-10,mv,146.4
2021-11-11,mv,146.34
2021-11-12,mv,146.13
2021-11-13,mv,145.92
2021-11-14,mv,145.65
2021-11-15,mv,145.45
2021-11-16,mv,145.28
2021-11-17,mv,145.47
2021-11-18,mv,145.36
2021-11-19,mv,145.58
2021-11-20,mv,145.72
2021-11-21,mv,145.88
2021-11-22,mv,146.06
2021-11-23,mv,146.23
2021-11-24,mv,146.4
2021-11-25,mv,146.37
2021-11-26,mv,146.16
2021-11-27,mv,145.95
2021-11-28,mv,145.87
2021-11-29,mv,145.77
2021-11-30,mv,145.56
2021-12-01,mv,144.93
2021-12-02,mv,144.44
2021-12-03,mv,144.68
2021-12-04,mv,144.9
2021-12-05,mv,145.06
2021-12-06,mv,145.16
2021-12-07,mv,145.39
2021-12-08,mv,145.81
2021-12-09,mv,146.3
2021-12-10,mv,145.98
2021-12-11,mv,145.7
2021-12-12,mv,145.36
2021-12-13,mv,145.17
2021-12-14,mv,144.93
2021-12-15,mv,144.41
2021-12-16,mv,143.91
2021-12-17,mv,143.7
2021-12-18,mv,143.48
2021-12-19,mv,143.2
2021-12-20,mv,142.99
2021-12-21,mv,142.82
2021-12-22,mv,142.99
2021-12-23,mv,143.3
2021-12-24,mv,143.56
2021-12-25,mv,143.77
2021-12-26,mv,144.06
2021-12-27,mv,144.25
2021-12-28,mv,144.3
2021-12-29,mv,143.91
2021-12-30,mv,143.62
2021-12-31,mv,143.29
2022-01-01,mv,142.89
2022-01-02,mv,142.57
2022-01-03,mv,141.98
2022-01-04,mv,141.72
2022-01-05,mv,142
2022-01-06,mv,142.01
2022-01-07,mv,142.18
2022-01-08,mv,142.66
2022-01-09,mv,142.93
2022-01-10,mv,143.22
2022-01-11,mv,143.07
2022-01-12,mv,142.79
2022-01-13,mv,142.7
2022-01-14,mv,142.44
2022-01-15,mv,142.08
2022-01-16,mv,141.78
2022-01-17,mv,141.7
2022-01-18,mv,141.89
2022-01-19,mv,142.12
2022-01-20,mv,142.28
2022-01-21,mv,142.24
2022-01-22,mv,142.24
2022-01-23,mv,142.3
2022-01-24,mv,142.38
2022-01-25,mv,142.37
2022-01-26,mv,142.4
2022-01-27,mv,142.67
2022-01-28,mv,143.39
2022-01-29,mv,144.16
2022-01-30,mv,144.91
2022-01-31,mv,145.59
2022-02-01,mv,146.16
2022-02-02,mv,146.72
2022-02-03,mv,147.01
2022-02-04,mv,147.04
2022-02-05,mv,146.8
2022-02-06,mv,146.65
2022-02-07,mv,146.15
2022-02-08,mv,145.78
2022-02-09,mv,145.6
2022-02-10,mv,145.76
2022-02-11,mv,145.57
2022-02-12,mv,145.9
2022-02-13,mv,146.38
2022-02-14,mv,147.12
2022-02-15,mv,147.91
2022-02-16,mv,148.36
2022-02-17,mv,148.56
2022-02-18,mv,149.05
2022-02-19,mv,149.24
2022-02-20,mv,149.02
2022-02-21,mv,148.93
2022-02-22,mv,148.76
2022-02-23,mv,148.7
2022-02-24,mv,148.46
2022-02-25,mv,148.35
2022-02-26,mv,148.12
2022-02-27,mv,148.16
2022-02-28,mv,148.12
2022-03-01,mv,148.06
2022-03-02,mv,147.86
2022-03-03,mv,147.97
2022-03-04,mv,147.9
2022-03-05,mv,148.03
2022-03-06,mv,148.06
2022-03-07,mv,148.1
2022-03-08,mv,148.09
2022-03-09,mv,148.07
2022-03-10,mv,147.87
2022-03-11,mv,147.78
2022-03-12,mv,147.57
2022-03-13,mv,147.35
2022-03-14,mv,147.02
2022-03-15,mv,146.9
2022-03-16,mv,146.89
2022-03-17,mv,146.83
2022-03-18,mv,146.98
2022-03-19,mv,147.11
2022-03-20,mv,147.26
2022-03-21,mv,147.71
2022-03-22,mv,148.14
2022-03-23,mv,148.61
2022-03-24,mv,149.14
2022-03-25,mv,149.7
2022-03-26,mv,150.15
2022-03-27,mv,150.48
2022-03-28,mv,150.75
2022-03-29,mv,151.29
2022-03-30,mv,151.86
2022-03-31,mv,152.16
2022-04-01,mv,152.11
2022-04-02,mv,152.1
2022-04-03,mv,152.1
2022-04-04,mv,151.99
2022-04-05,mv,151.72
2022-04-06,mv,151.45
2022-04-07,mv,151.38
2022-04-08,mv,151.44
2022-04-09,mv,151.45
2022-04-10,mv,151.68
2022-04-11,mv,151.88
2022-04-12,mv,151.74
2022-04-13,mv,151.69
2022-04-14,mv,151.53
2022-04-15,mv,151.41
2022-04-16,mv,151.15
2022-04-17,mv,150.77
2022-04-18,mv,150.5
2022-04-19,mv,150.44
2022-04-20,mv,150.16
2022-04-21,mv,149.91
2022-04-22,mv,149.59
2022-04-23,mv,149.46
2022-04-24,mv,149.38
2022-04-25,mv,149.31
2022-04-26,mv,149.31
2022-04-27,mv,149.43
2022-04-28,mv,149.49
2022-04-29,mv,149.8
2022-04-30,mv,150.1
2022-05-01,mv,150.3
2022-05-02,mv,150.62
2022-05-03,mv,150.78
2022-05-04,mv,150.95
2022-05-05,mv,151.22
2022-05-06,mv,151.17
2022-05-07,mv,151.33
2022-05-08,mv,151.54
2022-05-09,mv,151.69
2022-05-10,mv,152.06
2022-05-11,mv,152.38
2022-05-12,mv,152.85
2022-05-13,mv,153.24
2022-05-14,mv,153.55
2022-05-15,mv,153.97
2022-05-16,mv,154.34
2022-05-17,mv,154.5
2022-05-18,mv,154.67
2022-05-19,mv,154.75
2022-05-20,mv,154.98
2022-05-21,mv,155.03
2022-05-22,mv,154.96
2022-05-23,mv,154.89
2022-05-24,mv,154.82
2022-05-25,mv,154.76
2022-05-26,mv,154.69
2022-05-27,mv,154.62
2022-05-28,mv,154.55
2022-05-29,mv,154.48
2022-05-30,mv,154.41
2022-05-31,mv,154.37
2022-06-01,mv,154.26
2022-06-02,mv,154.13
2022-06-03,mv,153.98
2022-06-04,mv,153.86
2022-06-05,mv,153.82
2022-06-06,mv,153.76
2022-06-07,mv,153.57
2022-06-08,mv,153.38
2022-06-09,mv,153.24
2022-06-10,mv,153.28
2022-06-11,mv,153.28
2022-06-12,mv,153.21
2022-06-13,mv,153.16
2022-06-14,mv,153.44
2022-06-15,mv,153.64
2022-06-16,mv,154.05
2022-06-17,mv,153.36
2022-06-18,mv,153.49
2022-06-19,mv,153.7
2022-06-20,mv,153.81
2022-06-21,mv,153.62
2022-06-22,mv,153.54
2022-06-23,mv,153.14
2022-06-24,mv,153.72
2022-06-25,mv,153.58
2022-06-26,mv,153.36
2022-06-27,mv,153.08
2022-06-28,mv,152.83
2022-06-29,mv,152.71
2022-06-30,mv,152.71
2022-07-01,mv,152.5
2022-07-02,mv,152.38
2022-07-03,mv,152.2
2022-07-04,mv,152.22
2022-07-05,mv,152.3
2022-07-06,mv,152.26
2022-07-07,mv,152.16
2022-07-08,mv,152.35
2022-07-09,mv,152.48
2022-07-10,mv,152.77
2022-07-11,mv,152.92
2022-07-12,mv,153.08
2022-07-13,mv,153.31
2022-07-14,mv,153.65
2022-07-15,mv,153.83
2022-07-16,mv,153.98
2022-07-17,mv,154.08
2022-07-18,mv,154.2
2022-07-19,mv,154.27
2022-07-20,mv,154.28
2022-07-21,mv,154.19
2022-07-22,mv,154.18
2022-07-23,mv,154.04
2022-07-24,mv,153.78
2022-07-25,mv,153.57
2022-07-26,mv,153.47
2022-07-27,mv,153.42
2022-07-28,mv,153.24
2022-07-29,mv,153.2
2022-07-30,mv,153.23
2022-07-31,mv,153.34
2022-08-01,mv,153.19
2022-08-02,mv,153.06
2022-08-03,mv,152.98
2022-08-04,mv,152.89
2022-08-05,mv,152.6
2022-08-06,mv,152.46
2022-08-07,mv,152.04
2022-08-08,mv,152
2022-08-09,mv,151.85
2022-08-10,mv,151.59
2022-08-11,mv,151.37
2022-08-12,mv,151.52
2022-08-13,mv,151.49
2022-08-14,mv,151.98
2022-08-15,mv,152.33
2022-08-16,mv,152.7
2022-08-17,mv,153.16
2022-08-18,mv,153.78
2022-08-19,mv,154.06
2022-08-20,mv,154.42
2022-08-21,mv,154.54
2022-08-22,mv,154.57
2022-08-23,mv,154.52
2022-08-24,mv,154.45
2022-08-25,mv,154.38
2022-08-26,mv,154.28
2022-08-27,mv,154.32
2022-08-28,mv,154.36
2022-08-29,mv,154.25
2022-08-30,mv,154.34
2022-08-31,mv,154.57
2022-09-01,mv,154.74
2022-09-02,mv,154.83
2022-09-03,mv,155.06
2022-09-04,mv,155.23
2022-09-05,mv,155.71
2022-09-06,mv,155.9
2022-09-07,mv,155.8
2022-09-08,mv,155.74
2022-09-09,mv,155.81
2022-09-10,mv,155.62
2022-09-11,mv,155.36
2022-09-12,mv,155.01
2022-09-13,mv,155.01
2022-09-14,mv,155
2022-09-15,mv,154.94
2022-09-16,mv,154.89
2022-09-17,mv,154.81
2022-09-18,mv,154.71
2022-09-19,mv,154.64
2022-09-20,mv,154.4
2022-09-21,mv,154.35
2022-09-22,mv,154.39
2022-09-23,mv,154.46
2022-09-24,mv,154.63
2022-09-25,mv,154.96
2022-09-26,mv,155.14
2022-09-27,mv,155.29
2022-09-28,mv,155.35
2022-09-29,mv,155.34
2022-09-30,mv,155.18
2022-10-01,mv,154.97
2022-10-02,mv,154.76
2022-10-03,mv,154.6
2022-10-04,mv,154.34
2022-10-05,mv,154.15
2022-10-06,mv,154.02
2022-10-07,mv,153.96
2022-10-08,mv,153.95
2022-10-09,mv,153.96
2022-10-10,mv,154.01
2022-10-11,mv,154.09
2022-10-12,mv,154.01
2022-10-13,mv,153.89
2022-10-14,mv,153.87
2022-10-15,mv,153.84
2022-10-16,mv,153.83
2022-10-17,mv,153.67
2022-10-18,mv,153.57
2022-10-19,mv,153.55
2022-10-20,mv,153.48
2022-10-21,mv,153.39
2022-10-22,mv,153.2
2022-10-23,mv,152.96
2022-10-24,mv,152.91
2022-10-25,mv,152.81
2022-10-26,mv,152.67
2022-10-27,mv,152.71
2022-10-28,mv,152.44
2022-10-29,mv,152.25
2022-10-30,mv,152.21
2022-10-31,mv,152.23
2022-11-01,mv,152.18
2022-11-02,mv,152.23
2022-11-03,mv,152.11
2022-11-04,mv,152.32
2022-11-05,mv,152.44
2022-11-06,mv,152.53
2022-11-07,mv,152.51
2022-11-08,mv,152.75
2022-11-09,mv,153.15
2022-11-10,mv,153.58
2022-11-11,mv,153.82
2022-11-12,mv,154.19
2022-11-13,mv,154.45
2022-11-14,mv,154.69
2022-11-15,mv,154.86
2022-11-16,mv,154.94
2022-11-17,mv,154.94
2022-11-18,mv,154.83
2022-11-19,mv,154.73
2022-11-20,mv,154.63
2022-11-21,mv,154.48
2022-11-22,mv,154.3
2022-11-23,mv,154.16
2022-11-24,mv,154.31
2022-11-25,mv,154.52
2022-11-26,mv,154.76
2022-11-27,mv,155.01
2022-11-28,mv,155.43
2022-11-29,mv,155.88
2022-11-30,mv,156.12
2022-12-01,mv,156.13
2022-12-02,mv,156.23
2022-12-03,mv,156.41
2022-12-04,mv,156.61
2022-12-05,mv,156.75
2022-12-06,mv,156.83
2022-12-07,mv,156.34
2022-12-08,mv,156.37
2022-12-09,mv,156.66
2022-12-10,mv,156.82
2022-12-11,mv,156.93
2022-12-12,mv,156.93
2022-12-13,mv,156.83
2022-12-14,mv,157.34
2022-12-15,mv,157.21
2022-12-16,mv,156.9
2022-12-17,mv,156.57
2022-12-18,mv,156.19
2022-12-19,mv,155.84
2022-12-20,mv,155.41
2022-12-21,mv,154.87
2022-12-22,mv,154.4
2022-12-23,mv,153.78
2022-12-24,mv,153.27
2022-12-25,mv,152.86
2022-12-26,mv,152.66
2022-12-27,mv,152.59
2022-12-28,mv,152.8
2022-12-29,mv,153.06
2022-12-30,mv,153.39
2022-12-31,mv,153.65
2023-01-01,mv,153.69
2023-01-02,mv,153.51
2023-01-03,mv,153.41
2023-01-04,mv,153.19
2023-01-05,mv,153.13
2023-01-06,mv,153.15
2023-01-07,mv,153.18
2023-01-08,mv,153.35
2023-01-09,mv,153.6
2023-01-10,mv,153.88
2023-01-11,mv,154.18
2023-01-12,mv,154.37
2023-01-13,mv,154.45
2023-01-14,mv,154.48
2023-01-15,mv,154.64
2023-01-16,mv,154.73
2023-01-17,mv,154.83
2023-01-18,mv,154.93
2023-01-19,mv,155.11
2023-01-20,mv,155.11
2023-01-21,mv,155.21
2023-01-22,mv,155.14
2023-01-23,mv,155.08
2023-01-24,mv,154.89
2023-01-25,mv,154.72
2023-01-26,mv,154.41
2023-01-27,mv,154.38
2023-01-28,mv,154.36
2023-01-29,mv,154.42
2023-01-30,mv,154.45
2023-01-31,mv,154.48
2023-02-01,mv,154.47
2023-02-02,mv,154.53
2023-02-03,mv,154.67
2023-02-04,mv,155.3
2023-02-05,mv,155.95
2023-02-06,mv,156.67
2023-02-07,mv,157.35
2023-02-08,mv,157.79
2023-02-09,mv,158.21
2023-02-10,mv,158.34
2023-02-11,mv,157.98
2023-02-12,mv,157.56
2023-02-13,mv,157.04
2023-02-14,mv,156.63
2023-02-15,mv,156.53
2023-02-16,mv,156.33
2023-02-17,mv,156.32
2023-02-18,mv,156.18
2023-02-19,mv,156.09
2023-02-20,mv,156.05
2023-02-21,mv,156.19
2023-02-22,mv,156.29
2023-02-23,mv,156.49
2023-02-24,mv,156.55
2023-02-25,mv,156.66
2023-02-26,mv,156.76
2023-02-27,mv,156.95
2023-02-28,mv,156.92
2023-03-01,mv,156.87
2023-03-02,mv,156.92
2023-03-03,mv,156.94
2023-03-04,mv,156.94
2023-03-05,mv,157.03
2023-03-06,mv,156.88
2023-03-07,mv,156.83
2023-03-08,mv,156.87
2023-03-09,mv,156.7
2023-03-10,mv,156.89
2023-03-11,mv,157.1
2023-03-12,mv,157.31
2023-03-13,mv,157.74
2023-03-14,mv,158.12
2023-03-15,mv,158.37
2023-03-16,mv,158.75
2023-03-17,mv,158.74
2023-03-18,mv,158.73
2023-03-19,mv,158.71
2023-03-20,mv,158.72
2023-03-21,mv,158.79
2023-03-22,mv,158.68
2023-03-23,mv,158.66
2023-03-24,mv,158.79
2023-03-25,mv,158.87
2023-03-26,mv,158.89
2023-03-27,mv,158.88
2023-03-28,mv,158.75
2023-03-29,mv,158.89
2023-03-30,mv,158.9
2023-03-31,mv,158.8
2023-04-01,mv,158.71
2023-04-02,mv,158.61
2023-04-03,mv,158.44
2023-04-04,mv,158.29
2023-04-05,mv,158.21
2023-04-06,mv,158.14
2023-04-07,mv,158.31
2023-04-08,mv,158.42
2023-04-09,mv,158.39
2023-04-10,mv,158.54
2023-04-11,mv,158.63
2023-04-12,mv,158.63
2023-04-13,mv,158.14
2023-04-14,mv,157.58
2023-04-15,mv,157.05
2023-04-16,mv,156.63
2023-04-17,mv,155.98
2023-04-18,mv,155.48
2023-04-19,mv,155.01
2023-04-20,mv,155.12
2023-04-21,mv,155.12
2023-04-22,mv,155.39
2023-04-23,mv,155.54
2023-04-24,mv,155.78
2023-04-25,mv,156.06
2023-04-26,mv,156.1
2023-04-27,mv,156.04
2023-04-28,mv,156.07
2023-04-29,mv,155.98
2023-04-30,mv,155.91
2023-05-01,mv,156.01
2023-05-02,mv,155.83
2023-05-03,mv,155.64
2023-05-04,mv,155.42
2023-05-05,mv,155.08
2023-05-06,mv,154.82
2023-05-07,mv,154.73
2023-05-08,mv,154.4
2023-05-09,mv,154.19
2023-05-10,mv,154.02
2023-05-11,mv,153.96
2023-05-12,mv,154.06
2023-05-13,mv,153.95
2023-05-14,mv,153.85
2023-05-15,mv,153.63
2023-05-16,mv,153.5
2023-05-17,mv,153.59
2023-05-18,mv,153.76
2023-05-19,mv,153.83
2023-05-20,mv,153.91
2023-05-21,mv,153.79
2023-05-22,mv,153.97
2023-05-23,mv,153.98
2023-05-24,mv,154.07
2023-05-25,mv,154.07
2023-05-26,mv,154.21
2023-05-27,mv,154.42
2023-05-28,mv,154.6
2023-05-29,mv,154.79
2023-05-30,mv,154.98
2023-05-31,mv,155.05
2023-06-01,mv,154.85
2023-06-02,mv,154.7
2023-06-03,mv,154.53
2023-06-04,mv,154.34
2023-06-05,mv,154.15
2023-06-06,mv,153.99
2023-06-07,mv,153.89
2023-06-08,mv,153.9
2023-06-09,mv,153.89
2023-06-10,mv,153.88
2023-06-11,mv,154.04
2023-06-12,mv,154.14
2023-06-13,mv,154.44
2023-06-14,mv,154.57
2023-06-15,mv,154.81
2023-06-16,mv,154.85
2023-06-17,mv,154.98
2023-06-18,mv,155.11
2023-06-19,mv,155.27
2023-06-20,mv,155.34
2023-06-21,mv,155.37
2023-06-22,mv,155.41
2023-06-23,mv,155.54
2023-06-24,mv,155.56
2023-06-25,mv,155.68
2023-06-26,mv,155.71
2023-06-27,mv,155.7
2023-06-28,mv,155.84
2023-06-29,mv,155.92
2023-06-30,mv,156.18
2023-07-01,mv,156.49
2023-07-02,mv,156.71
2023-07-03,mv,156.9
2023-07-04,mv,156.87
2023-07-05,mv,156.91
2023-07-06,mv,156.95
2023-07-07,mv,156.86
2023-07-08,mv,156.72
2023-07-09,mv,156.5
2023-07-10,mv,156.37
2023-07-11,mv,156.39
2023-07-12,mv,156.34
2023-07-13,mv,156.29
2023-07-14,mv,156.11
2023-07-15,mv,155.97
2023-07-16,mv,155.89
2023-07-17,mv,155.72
2023-07-18,mv,155.52
2023-07-19,mv,155.28
2023-07-20,mv,155.14
2023-07-21,mv,155.16
2023-07-22,mv,155.28
2023-07-23,mv,155.47
2023-07-24,mv,155.77
2023-07-25,mv,156.19
2023-07-26,mv,156.61
2023-07-27,mv,157.31
2023-07-28,mv,157.58
2023-07-29,mv,157.61
2023-07-30,mv,157.57
2023-07-31,mv,157.45
2023-08-01,mv,157.3
2023-08-02,mv,157.02
2023-08-03,mv,156.55
2023-08-04,mv,156.45
2023-08-05,mv,156.52
2023-08-06,mv,156.65
2023-08-07,mv,156.89
2023-08-08,mv,157.28
2023-08-09,mv,157.75
2023-08-10,mv,158.18
2023-08-11,mv,158.59
2023-08-12,mv,158.91
2023-08-13,mv,159.15
2023-08-14,mv,159.23
2023-08-15,mv,159.24
2023-08-16,mv,159.18
2023-08-17,mv,158.9
2023-08-18,mv,158.5
2023-08-19,mv,158.19
2023-08-20,mv,157.93
2023-08-21,mv,157.86
2023-08-22,mv,157.75
2023-08-23,mv,157.59
2023-08-24,mv,157.13
2023-08-25,mv,156.8
2023-08-26,mv,156.38
2023-08-27,mv,155.78
2023-08-28,mv,155.13
2023-08-29,mv,154.46
2023-08-30,mv,153.91
2023-08-31,mv,153.75
2023-09-01,mv,153.61
2023-09-02,mv,153.62
2023-09-03,mv,153.76
2023-09-04,mv,153.75
2023-09-05,mv,153.75
2023-09-06,mv,153.73
2023-09-07,mv,153.86
2023-09-08,mv,153.99
2023-09-09,mv,154.17
2023-09-10,mv,154.38
2023-09-11,mv,154.74
2023-09-12,mv,155.07
2023-09-13,mv,155.31
2023-09-14,mv,155.43
2023-09-15,mv,155.5
2023-09-16,mv,155.34
2023-09-17,mv,155.16
2023-09-18,mv,154.89
2023-09-19,mv,154.71
2023-09-20,mv,154.74
2023-09-21,mv,154.78
2023-09-22,mv,154.78
2023-09-23,mv,154.92
2023-09-24,mv,154.93
2023-09-25,mv,155.01
2023-09-26,mv,155.02
2023-09-27,mv,154.94
2023-09-28,mv,154.75
2023-09-29,mv,154.55
2023-09-30,mv,154.24
2023-10-01,mv,154.07
2023-10-02,mv,153.97
2023-10-03,mv,153.85
2023-10-04,mv,153.78
2023-10-05,mv,153.51
2023-10-06,mv,153.26
2023-10-07,mv,153.06
2023-10-08,mv,152.88
2023-10-09,mv,152.63
2023-10-10,mv,152.45
2023-10-11,mv,152.26
2023-10-12,mv,152.35
2023-10-13,mv,152.45
2023-10-14,mv,152.45
2023-10-15,mv,152.51
2023-10-16,mv,152.5
2023-10-17,mv,152.44
2023-10-18,mv,152.4
2023-10-19,mv,152.37
2023-10-20,mv,152.29
2023-10-21,mv,152.3
2023-10-22,mv,152.15
2023-10-23,mv,151.94
2023-10-24,mv,151.84
2023-10-25,mv,151.71
2023-10-26,mv,151.68
2023-10-27,mv,151.71
2023-10-28,mv,151.97
2023-10-29,mv,152.11
2023-10-30,mv,152.37
2023-10-31,mv,152.68
2023-11-01,mv,152.88
2023-11-02,mv,153.04
2023-11-03,mv,153.26
2023-11-04,mv,153.4
2023-11-05,mv,153.71
2023-11-06,mv,153.98
2023-11-07,mv,154.14
2023-11-08,mv,154.4
2023-11-09,mv,154.45
2023-11-10,mv,154.36
2023-11-11,mv,154.23
2023-11-12,mv,154.05
2023-11-13,mv,154.02
2023-11-14,mv,154.06
2023-11-15,mv,153.9
2023-11-16,mv,153.97
2023-11-17,mv,154.2
2023-11-18,mv,154.28
2023-11-19,mv,154.46
2023-11-20,mv,154.55
2023-11-21,mv,154.5
2023-11-22,mv,154.43
2023-11-23,mv,154.49
2023-11-24,mv,154.47
2023-11-25,mv,154.38
2023-11-26,mv,154.25
2023-11-27,mv,154.03
2023-11-28,mv,153.79
2023-11-29,mv,153.69
2023-11-30,mv,153.52
2023-12-01,mv,153.33
2023-12-02,mv,153.23
2023-12-03,mv,153.15
2023-12-04,mv,153.14
2023-12-05,mv,153.21
2023-12-06,mv,153.24
2023-12-07,mv,153.28
2023-12-08,mv,153.43
2023-12-09,mv,153.64
2023-12-10,mv,153.74
2023-12-11,mv,153.84
2023-12-12,mv,153.98
2023-12-13,mv,154.31
2023-12-14,mv,154.52
2023-12-15,mv,154.52
2023-12-16,mv,154.51
2023-12-17,mv,154.71
2023-12-18,mv,154.78
2023-12-19,mv,154.75
2023-12-20,mv,154.5
2023-12-21,mv,154.32
2023-12-22,mv,154.25
2023-12-23,mv,154.07
2023-12-24,mv,153.86
2023-12-25,mv,154
2023-12-26,mv,154.1
2023-12-27,mv,154.21
2023-12-28,mv,154.3
2023-12-29,mv,154.26
2023-12-30,mv,154.23
2023-12-31,mv,154.06
2024-01-01,mv,153.51
2024-01-02,mv,153.09
2024-01-03,mv,152.79
2024-01-04,mv,152.34
2024-01-05,mv,151.82
2024-01-06,mv,151.46
2024-01-07,mv,151.08
2024-01-08,mv,150.75
2024-01-09,mv,150.42
2024-01-10,mv,150.02
2024-01-11,mv,149.8
2024-01-12,mv,149.88
2024-01-13,mv,149.89
2024-01-14,mv,150.01
2024-01-15,mv,150.01
2024-01-16,mv,149.9
2024-01-17,mv,149.5
2024-01-18,mv,148.9
2024-01-19,mv,148.33
2024-01-20,mv,147.77
2024-01-21,mv,147.1
2024-01-22,mv,146.64
2024-01-23,mv,146.17
2024-01-24,mv,146
2024-01-25,mv,146.16
2024-01-26,mv,146
2024-01-27,mv,145.99
2024-01-28,mv,146.13
2024-01-29,mv,146.2
2024-01-30,mv,146.33
2024-01-31,mv,146.43
2024-02-01,mv,146.04
2024-02-02,mv,146.16
2024-02-03,mv,146.08
2024-02-04,mv,145.79
2024-02-05,mv,145.51
2024-02-06,mv,145.4
2024-02-07,mv,145.36
2024-02-08,mv,145.59
2024-02-09,mv,145.21
2024-02-10,mv,144.84
2024-02-11,mv,144.7
2024-02-12,mv,144.61
2024-02-13,mv,144.38
2024-02-14,mv,144.13
2024-02-15,mv,143.91
2024-02-16,mv,143.95
2024-02-17,mv,143.96
2024-02-18,mv,143.94
2024-02-19,mv,143.94
2024-02-20,mv,144.15
2024-02-21,mv,144.12
2024-02-22,mv,144.14
2024-02-23,mv,144.26
2024-02-24,mv,144.57
2024-02-25,mv,144.78
2024-02-26,mv,145
2024-02-27,mv,145
2024-02-28,mv,145.19
2024-02-29,mv,145.31
2024-03-01,mv,145.36
2024-03-02,mv,145.2
2024-03-03,mv,145.01
2024-03-04,mv,144.68
2024-03-05,mv,144.48
2024-03-06,mv,144.16
2024-03-07,mv,143.98
2024-03-08,mv,143.94
2024-03-09,mv,143.88
2024-03-10,mv,143.89
2024-03-11,mv,143.99
2024-03-12,mv,144.06
2024-03-13,mv,144.4
2024-03-14,mv,144.82
2024-03-15,mv,145.02
2024-03-16,mv,145.34
2024-03-17,mv,145.83
2024-03-18,mv,146.31
2024-03-19,mv,146.69
2024-03-20,mv,146.93
2024-03-21,mv,147.1
2024-03-22,mv,147.54
2024-03-23,mv,147.75
2024-03-24,mv,147.86
2024-03-25,mv,148.02
2024-03-26,mv,148.13
2024-03-27,mv,148.27
2024-03-28,mv,148.44
2024-03-29,mv,148.48
2024-03-30,mv,148.65
2024-03-31,mv,148.59
2024-04-01,mv,148.43
2024-04-02,mv,148.19
2024-04-03,mv,147.82
2024-04-04,mv,147.57
2024-04-05,mv,146.94
2024-04-06,mv,146.41
2024-04-07,mv,146.03
2024-04-08,mv,145.73
2024-04-09,mv,145.55
2024-04-10,mv,145.43
2024-04-11,mv,145.28
2024-04-12,mv,145.46
2024-04-13,mv,145.84
2024-04-14,mv,146.16
2024-04-15,mv,146.59
2024-04-16,mv,147.08
2024-04-17,mv,147.65
2024-04-18,mv,148
2024-04-19,mv,148.44
2024-04-20,mv,148.32
2024-04-21,mv,148.22
2024-04-22,mv,148.12
2024-04-23,mv,147.94
2024-04-24,mv,147.7
2024-04-25,mv,147.51
2024-04-26,mv,147.33
2024-04-27,mv,147.57
2024-04-28,mv,147.93
2024-04-29,mv,148.18
2024-04-30,mv,148.65
2024-05-01,mv,149.12
2024-05-02,mv,149.27
2024-05-03,mv,149.32
2024-05-04,mv,149.59
2024-05-05,mv,149.79
2024-05-06,mv,149.97
2024-05-07,mv,149.54
2024-05-08,mv,149.17
2024-05-09,mv,149.13
2024-05-10,mv,148.91
2024-05-11,mv,148.32
2024-05-12,mv,147.8
2024-05-13,mv,147.33
2024-05-14,mv,147.12
2024-05-15,mv,146.97
2024-05-16,mv,146.54
2024-05-17,mv,146.32
2024-05-18,mv,146.08
2024-05-19,mv,145.83
2024-05-20,mv,145.51
2024-05-21,mv,145.44
2024-05-22,mv,145.2
2024-05-23,mv,145.29
2024-05-24,mv,145.27
2024-05-25,mv,145.23
2024-05-26,mv,145.1
2024-05-27,mv,145.04
2024-05-28,mv,144.87
2024-05-29,mv,144.86
2024-05-30,mv,144.8
2024-05-31,mv,144.75
2024-06-01,mv,144.58
2024-06-02,mv,144.49
2024-06-03,mv,144.39
2024-06-04,mv,144.39
2024-06-05,mv,144.38
2024-06-06,mv,144.28
2024-06-07,mv,144.07
2024-06-08,mv,144.27
2024-06-09,mv,144.23
2024-06-10,mv,144.47
2024-06-11,mv,144.64
2024-06-12,mv,144.64
2024-06-13,mv,144.56
2024-06-14,mv,144.62
2024-06-15,mv,144.34
2024-06-16,mv,144.3
2024-06-17,mv,144.04
2024-06-18,mv,143.69
2024-06-19,mv,143.32
2024-06-20,mv,143.1
2024-06-21,mv,143.02
2024-06-22,mv,142.99
2024-06-23,mv,142.92
2024-06-24,mv,142.86
2024-06-25,mv,142.86
2024-06-26,mv,142.99
2024-06-27,mv,143.19
2024-06-28,mv,143.24
2024-06-29,mv,143.26
2024-06-30,mv,143.32
2024-07-01,mv,143.19
2024-07-02,mv,143.12
2024-07-03,mv,143.02
2024-07-04,mv,142.81
2024-07-05,mv,142.6
2024-07-06,mv,142.34
2024-07-07,mv,142.03
2024-07-08,mv,141.86
2024-07-09,mv,141.66
2024-07-10,mv,141.55
2024-07-11,mv,141.42
2024-07-12,mv,141.29
2024-07-13,mv,141.12
2024-07-14,mv,141.11
2024-07-15,mv,141.07
2024-07-16,mv,140.86
2024-07-17,mv,140.6
2024-07-18,mv,140.18
2024-07-19,mv,140.04
2024-07-20,mv,140.03
2024-07-21,mv,139.8
2024-07-22,mv,139.56
2024-07-23,mv,139.59
2024-07-24,mv,139.49
2024-07-25,mv,139.5
2024-07-26,mv,139.24
2024-07-27,mv,139.06
2024-07-28,mv,139.15
2024-07-29,mv,139.22
2024-07-30,mv,139.11
2024-07-31,mv,139.2
2024-08-01,mv,139.22
2024-08-02,mv,139.52
2024-08-03,mv,139.76
2024-08-04,mv,139.74
2024-08-05,mv,139.8
2024-08-06,mv,140.07
2024-08-07,mv,140.39
2024-08-08,mv,140.83
2024-08-09,mv,141.09
2024-08-10,mv,141.38
2024-08-11,mv,141.86
2024-08-12,mv,142.25
2024-08-13,mv,142.52
2024-08-14,mv,142.56
2024-08-15,mv,142.46
2024-08-16,mv,142.41
2024-08-17,mv,142.33
2024-08-18,mv,142.2
2024-08-19,mv,142.05
2024-08-20,mv,141.86
2024-08-21,mv,141.67
2024-08-22,mv,141.79
2024-08-23,mv,141.82
2024-08-24,mv,141.92
2024-08-25,mv,141.96
2024-08-26,mv,142.03
2024-08-27,mv,142.28
2024-08-28,mv,142.59
2024-08-29,mv,142.81
2024-08-30,mv,143
2024-08-31,mv,143.02
2024-09-01,mv,142.93
2024-09-02,mv,142.89
2024-09-03,mv,142.61
2024-09-04,mv,142.42
2024-09-05,mv,142.2
2024-09-06,mv,141.89
2024-09-07,mv,141.65
2024-09-08,mv,141.5
2024-09-09,mv,141.23
2024-09-10,mv,141.05
2024-09-11,mv,140.73
2024-09-12,mv,140.39
2024-09-13,mv,140.03
2024-09-14,mv,140.01
2024-09-15,mv,140.03
2024-09-16,mv,140.14
2024-09-17,mv,140.46
2024-09-18,mv,140.86
2024-09-19,mv,141.14
2024-09-20,mv,141.61
2024-09-21,mv,141.74
2024-09-22,mv,141.84
2024-09-23,mv,141.84
2024-09-24,mv,141.64
2024-09-25,mv,141.34
2024-09-26,mv,141.25
2024-09-27,mv,141.16
2024-09-28,mv,141.36
2024-09-29,mv,141.61
2024-09-30,mv,141.91
2024-10-01,mv,142.06
2024-10-02,mv,141.75
2024-10-03,mv,142.09
2024-10-04,mv,142.34
2024-10-05,mv,142.27
2024-10-06,mv,142.15
2024-10-07,mv,142.27
2024-10-08,mv,142.23
2024-10-09,mv,142.86
2024-10-10,mv,142.75
2024-10-11,mv,142.61
2024-10-12,mv,142.57
2024-10-13,mv,142.55
2024-10-14,mv,142.39
2024-10-15,mv,142.36
2024-10-16,mv,142.2
2024-10-17,mv,142.52
2024-10-18,mv,142.42
2024-10-19,mv,142.43
2024-10-20,mv,142.48
2024-10-21,mv,142.43
2024-10-22,mv,142.67
2024-10-23,mv,142.97
2024-10-24,mv,142.6
2024-10-25,mv,142.83
2024-10-26,mv,142.87
2024-10-27,mv,142.76
2024-10-28,mv,142.75
2024-10-29,mv,142.69
2024-10-30,mv,142.61
2024-10-31,mv,142.7
2024-11-01,mv,142.5
2024-11-02,mv,142.28
2024-11-03,mv,142.11
2024-11-04,mv,141.94
2024-11-05,mv,141.8
2024-11-06,mv,141.63
2024-11-07,mv,141.41
2024-11-08,mv,141.16
2024-11-09,mv,140.99
2024-11-10,mv,140.87
2024-11-11,mv,140.85
2024-11-12,mv,140.62
2024-11-13,mv,140.5
2024-11-14,mv,140.45
2024-11-15,mv,140.62
2024-11-16,mv,140.81
2024-11-17,mv,140.7
2024-11-18,mv,140.77
2024-11-19,mv,141.03
2024-11-20,mv,141.03
2024-11-21,mv,141.11
2024-11-22,mv,141.21
2024-11-23,mv,141.13
2024-11-24,mv,141.38
2024-11-25,mv,141.31
2024-11-26,mv,141.16
2024-11-27,mv,141.19
2024-11-28,mv,141.02
2024-11-29,mv,140.27
2024-11-30,mv,140.18
2024-12-01,mv,140.02
2024-12-02,mv,139.95
2024-12-03,mv,139.76
2024-12-04,mv,139.66
2024-12-05,mv,139.66
2024-12-06,mv,140.48
2024-12-07,mv,140.66
2024-12-08,mv,140.84
2024-12-09,mv,140.94
2024-12-10,mv,141.15
2024-12-11,mv,141.28
2024-12-12,mv,141.46
2024-12-13,mv,141.41
2024-12-14,mv,141.41
2024-12-15,mv,141.42
2024-12-16,mv,141.61
2024-12-17,mv,141.78
2024-12-18,mv,141.72
2024-12-19,mv,141.92
2024-12-20,mv,142.15
2024-12-21,mv,142.54
2024-12-22,mv,143.03
2024-12-23,mv,143.47
2024-12-24,mv,143.88
2024-12-25,mv,144.49
2024-12-26,mv,144.77
2024-12-27,mv,144.83
2024-12-28,mv,144.69
2024-12-29,mv,144.65
2024-12-30,mv,144.55
2024-12-31,mv,144.27
2025-01-01,mv,144.05
2025-01-02,mv,143.55
2025-01-03,mv,143.42
2025-01-04,mv,143.28
2025-01-05,mv,143.04
2025-01-06,mv,142.8
2025-01-07,mv,142.55
2025-01-08,mv,142.37
2025-01-09,mv,142.46
2025-01-10,mv,142.36
2025-01-11,mv,142.35
2025-01-12,mv,142.19
2025-01-13,mv,141.99
2025-01-14,mv,142.01
2025-01-15,mv,142.06
2025-01-16,mv,142.07
2025-01-17,mv,142.07
2025-01-18,mv,142.04
2025-01-19,mv,142.04
2025-01-20,mv,142.07
2025-01-21,mv,142.05
2025-01-22,mv,141.96
2025-01-23,mv,141.9
2025-01-24,mv,141.75
2025-01-25,mv,141.69
2025-01-26,mv,141.75
2025-01-27,mv,141.68
2025-01-28,mv,141.23
2025-01-29,mv,140.49
2025-01-30,mv,140.11
2025-01-31,mv,139.79
2025-02-01,mv,139.36
2025-02-02,mv,138.85
2025-02-03,mv,138.37
2025-02-04,mv,138.12
2025-02-05,mv,138.11
2025-02-06,mv,137.64
2025-02-07,mv,137.46
2025-02-08,mv,137.35
2025-02-09,mv,137.19
2025-02-10,mv,137.05
2025-02-11,mv,137.19
2025-02-12,mv,137.16
2025-02-13,mv,136.67
2025-02-14,mv,136.49
2025-02-15,mv,136.23
2025-02-16,mv,136.11
2025-02-17,mv,136.01
2025-02-18,mv,135.86
2025-02-19,mv,135.86
2025-02-20,mv,136.35
2025-02-21,mv,136.26
2025-02-22,mv,136.21
2025-02-23,mv,136.07
2025-02-24,mv,136.03
2025-02-25,mv,135.84
2025-02-26,mv,135.62
2025-02-27,mv,135.62
2025-02-28,mv,135.64
2025-03-01,mv,135.88
2025-03-02,mv,136.21
2025-03-03,mv,136.4
2025-03-04,mv,136.86
2025-03-05,mv,136.97
2025-03-06,mv,137.1
2025-03-07,mv,137.15
2025-03-08,mv,136.96
2025-03-09,mv,136.77
2025-03-10,mv,136.57
2025-03-11,mv,136.27
2025-03-12,mv,136.34
2025-03-13,mv,136.28
2025-03-14,mv,136.43
2025-03-15,mv,136.54
2025-03-16,mv,136.54
2025-03-17,mv,136.64
2025-03-18,mv,136.74
2025-03-19,mv,136.9
2025-03-20,mv,137.13
2025-03-21,mv,137.08
2025-03-22,mv,136.95
2025-03-23,mv,137.04
2025-03-24,mv,137.06
2025-03-25,mv,136.99
2025-03-26,mv,137.02
2025-03-27,mv,136.97
2025-03-28,mv,136.95
2025-03-29,mv,137.03
2025-03-30,mv,137.02
2025-03-31,mv,136.85
2025-04-01,mv,136.68
2025-04-02,mv,136.41
2025-04-03,mv,136.09
2025-04-04,mv,135.81
2025-04-05,mv,135.6
2025-04-06,mv,135.37
2025-04-07,mv,135.28
2025-04-08,mv,135.17
2025-04-09,mv,135.26
2025-04-10,mv,135.11
2025-04-11,mv,134.92
2025-04-12,mv,134.78
2025-04-13,mv,134.78
2025-04-14,mv,134.75
2025-04-15,mv,134.76
2025-04-16,mv,134.54
2025-04-17,mv,134.53
2025-04-18,mv,134.61
2025-04-19,mv,134.62
2025-04-20,mv,134.53
2025-04-21,mv,134.54
2025-04-22,mv,134.49
2025-04-23,mv,134.39
2025-04-24,mv,134.35
2025-04-25,mv,134.33
2025-04-26,mv,134.33
2025-04-27,mv,134.18
2025-04-28,mv,134.07
2025-04-29,mv,134.16
2025-04-30,mv,134.36
2025-05-01,mv,134.79
2025-05-02,mv,135.2
2025-05-03,mv,135.63
2025-05-04,mv,136.18
2025-05-05,mv,136.63
2025-05-06,mv,136.88
2025-05-07,mv,137.21
2025-05-08,mv,137.36
2025-05-09,mv,137.46
2025-05-10,mv,137.42
2025-05-11,mv,137.32
2025-05-12,mv,137.18
2025-05-13,mv,137.16
2025-05-14,mv,137.15
2025-05-15,mv,136.9
2025-05-16,mv,136.97
2025-05-17,mv,136.92
2025-05-18,mv,136.92
2025-05-19,mv,136.92
2025-05-20,mv,136.9
2025-05-21,mv,136.86
2025-05-22,mv,137.05
2025-05-23,mv,136.95
2025-05-24,mv,136.96
2025-05-25,mv,137.02
2025-05-26,mv,137.1
2025-05-27,mv,137.25
2025-05-28,mv,137.34
2025-05-29,mv,137.35
2025-05-30,mv,137.38
2025-05-31,mv,137.52
2025-06-01,mv,137.65
2025-06-02,mv,137.79
2025-06-03,mv,137.9
2025-06-04,mv,138
2025-06-05,mv,138.05
2025-06-06,mv,138.05
2025-06-07,mv,138.12
2025-06-08,mv,138.09
2025-06-09,mv,138.14
2025-06-10,mv,137.89
2025-06-11,mv,137.64
2025-06-12,mv,137.38
2025-06-13,mv,137.27
2025-06-14,mv,136.92
2025-06-15,mv,136.64
2025-06-16,mv,136.31
2025-06-17,mv,136.19
2025-06-18,mv,135.97
2025-06-19,mv,136.01
2025-06-20,mv,135.9
2025-06-21,mv,135.91
2025-06-22,mv,135.96
2025-06-23,mv,136.19
2025-06-24,mv,136.34
2025-06-25,mv,136.6
2025-06-26,mv,136.76
2025-06-27,mv,136.96
2025-06-28,mv,137.07
2025-06-29,mv,137.25
2025-06-30,mv,137.17
2025-07-01,mv,136.97
2025-07-02,mv,136.84
2025-07-03,mv,136.68
2025-07-04,mv,136.57
2025-07-05,mv,136.5
2025-07-06,mv,136.36
2025-07-07,mv,136.25
2025-07-08,mv,136.28
2025-07-09,mv,136.15
2025-07-10,mv,135.96
2025-07-11,mv,135.81
2025-07-12,mv,135.57
2025-07-13,mv,135.32
2025-07-14,mv,135.12
2025-07-15,mv,134.98
2025-07-16,mv,134.92
2025-07-17,mv,134.85
2025-07-18,mv,134.6
2025-07-19,mv,134.44
2025-07-20,mv,133.95
2025-07-21,mv,133.63
2025-07-22,mv,133.26
2025-07-23,mv,132.84
2025-07-24,mv,132.62
2025-07-25,mv,132.53
2025-07-26,mv,132.59
2025-07-27,mv,132.88
2025-07-28,mv,133.08
2025-07-29,mv,133.28
2025-07-30,mv,133.53
2025-07-31,mv,133.49
2025-08-01,mv,133.13
2025-08-02,mv,133.28
2025-08-03,mv,133.53
2025-08-04,mv,133.59
2025-08-05,mv,133.61
2025-08-06,mv,133.71
2025-08-07,mv,133.92
2025-08-08,mv,134.37
2025-08-09,mv,134.18
2025-08-10,mv,133.99
2025-08-11,mv,133.99
2025-08-12,mv,134.12
2025-08-13,mv,134.21
2025-08-14,mv,134.22
2025-08-15,mv,134.31
2025-08-16,mv,134.41
2025-08-17,mv,134.47
2025-08-18,mv,134.46
2025-08-19,mv,134.52
2025-08-20,mv,134.47
2025-08-21,mv,134.53
2025-08-22,mv,134.58
2025-08-23,mv,134.63
2025-08-24,mv,134.71
2025-08-25,mv,134.78
2025-08-26,mv,134.87
2025-08-27,mv,135
2025-08-28,mv,135.17
2025-08-29,mv,135.41
2025-08-30,mv,135.62
2025-08-31,mv,135.71
2025-09-01,mv,135.67
2025-09-02,mv,135.57
2025-09-03,mv,135.57
2025-09-04,mv,135.61
2025-09-05,mv,135.51
2025-09-06,mv,135.47
2025-09-07,mv,135.45
2025-09-08,mv,135.55
2025-09-09,mv,135.49
2025-09-10,mv,135.26
2025-09-11,mv,135.05
2025-09-12,mv,134.97
2025-09-13,mv,134.91
2025-09-14,mv,134.93
2025-09-15,mv,134.93
2025-09-16,mv,134.97
2025-09-17,mv,134.86
2025-09-18,mv,134.97
2025-09-19,mv,134.88
2025-09-20,mv,134.77
2025-09-21,mv,134.61
2025-09-22,mv,134.2
2025-09-23,mv,134.1
2025-09-24,mv,134.25
2025-09-25,mv,134.17
2025-09-26,mv,134.2
2025-09-27,mv,134.16
2025-09-28,mv,134.1
2025-09-29,mv,134.38
2025-09-30,mv,134.37
2025-10-01,mv,134.12
2025-10-02,mv,134.15
2025-10-03,mv,134.24
2025-10-04,mv,134.31
2025-10-05,mv,134.49
2025-10-06,mv,134.62
2025-10-07,mv,134.73
2025-10-08,mv,135.2
2025-10-09,mv,135.28
2025-10-10,mv,135.27
2025-10-11,mv,135.2
2025-10-12,mv,135.1
2025-10-13,mv,134.97
2025-10-14,mv,134.94
2025-10-15,mv,134.78
2025-10-16,mv,134.54
2025-10-17,mv,134.34
2025-10-18,mv,134.31
2025-10-19,mv,134.3
2025-10-20,mv,134.35
2025-10-21,mv,134.18
2025-10-22,mv,134.19
2025-10-23,mv,134.19
2025-10-24,mv,134.23
2025-10-25,mv,134.41
2025-10-26,mv,134.49
2025-10-27,mv,134.59
2025-10-28,mv,134.85
2025-10-29,mv,135.03
2025-10-30,mv,135.23
2025-10-31,mv,135.49
2025-11-01,mv,135.47
2025-11-02,mv,135.49
2025-11-03,mv,135.42
2025-11-04,mv,135.38
2025-11-05,mv,135.28
2025-11-06,mv,135.27
2025-11-07,mv,135.18
2025-11-08,mv,135.26
2025-11-09,mv,135.29
2025-11-10,mv,135.44
2025-11-11,mv,135.62
2025-11-12,mv,135.76
2025-11-13,mv,135.75
2025-11-14,mv,135.69
2025-11-15,mv,135.62
2025-11-16,mv,135.5
2025-11-17,mv,135.46
2025-11-18,mv,135.39
2025-11-19,mv,135.18
2025-11-20,mv,135.42
2025-11-21,mv,135.8
2025-11-22,mv,136.17
2025-11-23,mv,136.51
2025-11-24,mv,136.81
2025-11-25,mv,136.94
2025-11-26,mv,137.25
2025-11-27,mv,137.24
2025-11-28,mv,137.24
2025-11-29,mv,137.15
2025-11-30,mv,137.17
2025-12-01,mv,137.19
2025-12-02,mv,137.3
2025-12-03,mv,137.37
2025-12-04,mv,137.28
2025-12-05,mv,137.14
2025-12-06,mv,136.91
2025-12-07,mv,136.72
2025-12-08,mv,136.44
2025-12-09,mv,136.04
2025-12-10,mv,135.61
2025-12-11,mv,135.3
2025-12-12,mv,134.95
2025-12-13,mv,134.66
2025-12-14,mv,134.44
2025-12-15,mv,134.24
2025-12-16,mv,134.22
2025-12-17,mv,134.38
2025-12-18,mv,134.75
2025-12-19,mv,135.17
2025-12-20,mv,135.87
2025-12-21,mv,136.5
2025-12-22,mv,137.21
2025-12-23,mv,137.87
2025-12-24,mv,138.32
2025-12-25,mv,138.58
2025-12-26,mv,138.66
2025-12-27,mv,138.52
2025-12-28,mv,138.33
2025-12-29,mv,138.23
2025-12-30,mv,138.12
2025-12-31,mv,138.15
2026-01-01,mv,138.3
2026-01-02,mv,138.36
2026-01-03,mv,138.29
2026-01-04,mv,138.1
2026-01-05,mv,137.99
2026-01-06,mv,137.87
2026-01-07,mv,137.65
2026-01-08,mv,137.29
2026-01-09,mv,136.9
2026-01-10,mv,136.38
2026-01-11,mv,135.98
2026-01-12,mv,135.7
2026-01-13,mv,135.9
2026-01-14,mv,136.03
2026-01-15,mv,136.03
2026-01-16,mv,136.42
2026-01-17,mv,136.96
2026-01-18,mv,137.46
2026-01-19,mv,137.54
2026-01-20,mv,137.27
2026-01-21,mv,137.18
2026-01-22,mv,137.25
2026-01-23,mv,137.23
2026-01-24,mv,137.27
2026-01-25,mv,137.24
2026-01-26,mv,137.26
2026-01-27,mv,137.18
2026-01-28,mv,137.04
2026-01-29,mv,136.98
2026-01-30,mv,136.93
2026-01-31,mv,136.9
2026-02-01,mv,136.94
2026-02-02,mv,136.99
2026-02-03,mv,137.05
2026-02-04,mv,137.09
2026-02-05,mv,137.02
2026-02-06,mv,136.89
2026-02-07,mv,136.68
2026-02-08,mv,136.53
2026-02-09,mv,136.39
2026-02-10,mv,136.25
2026-02-11,mv,136.11
2026-02-12,mv,135.97
2026-02-13,mv,135.83
2026-02-14,mv,135.69
2026-02-15,mv,135.56
2026-02-16,mv,135.42
2026-02-17,mv,135.28
2026-02-18,mv,135.14
2026-02-19,mv,135
2026-02-20,mv,134.86
2026-02-21,mv,134.73
2026-02-22,mv,134.59
2026-02-23,mv,134.45
2026-02-24,mv,134.31
2026-02-25,mv,134.17
2026-02-26,mv,134.05
2026-02-27,mv,134
2026-02-28,mv,133.9
2026-03-01,mv,133.91
2026-03-02,mv,133.93
2026-03-03,mv,133.99
2026-03-04,mv,133.98
2026-03-05,mv,133.89
2026-03-06,mv,133.69
2026-03-07,mv,133.57
2026-03-08,mv,133.28
2026-03-09,mv,132.9
2026-03-10,mv,132.62
2026-03-11,mv,132.29
2026-03-12,mv,132.01
2026-03-13,mv,131.92
2026-03-14,mv,131.85
2026-03-15,mv,131.74
2026-03-16,mv,131.78
2026-03-17,mv,131.5
2026-03-18,mv,131.35
2026-03-19,mv,131.18
2026-03-20,mv,130.83
2026-03-21,mv,130.43
2026-03-22,mv,130.06
2026-03-23,mv,129.7
2026-03-24,mv,129.5
2026-03-25,mv,129.23
2026-03-26,mv,129.07
2026-03-27,mv,129.02
2026-03-28,mv,128.88
2026-03-29,mv,128.84
2026-03-30,mv,128.79
2026-03-31,mv,128.5
2026-04-01,mv,128.24
2026-04-02,mv,127.93
2026-04-03,mv,127.37
2026-04-04,mv,126.91
2026-04-05,mv,126.36
2026-04-06,mv,125.66
2026-04-07,mv,125.37
2026-04-08,mv,125.14
2026-04-09,mv,124.69
2026-04-10,mv,124.49
2026-04-11,mv,124.25
2026-04-12,mv,124.08
2026-04-13,mv,124.08
2026-04-14,mv,124.01
2026-04-15,mv,123.83
2026-04-16,mv,123.79
2026-04-17,mv,123.45
2026-04-18,mv,123.17
2026-04-19,mv,122.91
2026-04-20,mv,122.65
2026-04-21,mv,122.41
2026-04-22,mv,122.36
2026-04-23,mv,122.32
2026-04-24,mv,122.13
2026-04-25,mv,121.99
2026-04-26,mv,121.84
2026-04-27,mv,121.61
2026-04-28,mv,121.38
2026-04-29,mv,121.08
2026-04-30,mv,120.88
2026-05-01,mv,120.8
2026-05-02,mv,120.65
2026-05-03,mv,120.5
2026-05-04,mv,120.24
2026-05-05,mv,119.96
2026-05-06,mv,119.76
2026-05-07,mv,119.59
2026-05-08,mv,119.63
2026-05-09,mv,119.91
2026-05-10,mv,120.1
2026-05-11,mv,120.42
2026-05-12,mv,120.82
2026-05-13,mv,121.17
2026-05-14,mv,121.39
2026-05-15,mv,121.6
2026-05-16,mv,121.66
2026-05-17,mv,121.87
2026-05-18,mv,122.03
2026-05-19,mv,122.19
2026-05-20,mv,122.35
2026-05-21,mv,122.53
2026-05-22,mv,122.62
2026-05-23,mv,122.63
2026-05-24,mv,122.45
2026-05-25,mv,122.18
2026-05-26,mv,121.6
2026-05-27,mv,120.68
2026-05-28,mv,120.12
2026-05-29,mv,119.66
2026-05-30,mv,119.42
2026-05-31,mv,119.05
2026-06-01,mv,118.97
2026-06-02,mv,119.58
2026-06-03,mv,120.49
2026-06-04,mv,121.21
2026-06-05,mv,122
2026-06-06,mv,122.8
2026-06-07,mv,123.66
2026-06-08,mv,124.2
2026-06-09,mv,124.26
2026-06-10,mv,124.34
2026-06-11,mv,124.41
2026-06-12,mv,124.41
2026-06-13,mv,124.4
2026-06-14,mv,124.42
2026-06-15,mv,124.29
2026-06-16,mv,124.18
2026-06-17,mv,124.18
2026-06-18,mv,123.58
2026-06-19,mv,123.42
2026-06-20,mv,123.19
2026-06-21,mv,123.01
2026-06-22,mv,123.04
2026-06-23,mv,123.11
2026-06-24,mv,123.07
2026-06-25,mv,123.58
2026-06-26,mv,123.22
2026-06-27,mv,123.16
2026-06-28,mv,123.1
2026-06-29,mv,122.93
2026-06-30,mv,122.61
2026-07-01,mv,122.28
2026-07-02,mv,121.98
2026-07-03,mv,122.11
2026-07-04,mv,121.87
2026-07-05,mv,121.67
2026-07-06,mv,121.46
2026-07-07,mv,121.4
2026-07-08,mv,121.4
2026-07-09,mv,121.24
2026-07-10,mv,121.09
2026-07-11,mv,121.09
2026-07-12,mv,121.09
2026-07-13,mv,121.16
2026-07-14,mv,121.24
2026-07-15,mv,121.19
2026-07-16,mv,121.12
2026-07-17,mv,121.15
2026-07-18,mv,121.19
2026-07-19,mv,121.24
2026-07-20,mv,121.19
2026-07-21,mv,121.19
2026-07-22,mv,121.14
2026-07-23,mv,121.05
2026-07-24,mv,120.94
2026-07-25,mv,120.85
2026-07-26,mv,120.68
2026-07-27,mv,120.58
2026-07-28,mv,120.49
2026-07-29,mv,120.58
2026-07-30,mv,120.79
2026-07-31,mv,120.72
2026-08-01,mv,120.72
2026-08-02,mv,120.78
2026-08-03,mv,120.83
2026-08-04,mv,121.01
2026-08-05,mv,121.09
2026-08-06,mv,121.26
2026-08-07,mv,121.6
2026-08-08,mv,121.98
2026-08-09,mv,122.36
2026-08-10,mv,122.82
2026-08-11,mv,123.03
2026-08-12,mv,123.28
2026-08-13,mv,123.34
2026-08-14,mv,123.52
2026-08-15,mv,123.51
2026-08-16,mv,123.39
2026-08-17,mv,123.13
2026-08-18,mv,123.06
2026-08-19,mv,123.12
2026-08-20,mv,123.23
2026-08-21,mv,123.38
2026-08-22,mv,123.42
2026-08-23,mv,123.54
2026-08-24,mv,123.77
2026-08-25,mv,123.86
2026-08-26,mv,123.69
2026-08-27,mv,123.58
2026-08-28,mv,123.4
2026-08-29,mv,123.31
2026-08-30,mv,123.18
2026-08-31,mv,122.71
2026-09-01,mv,122.41
2026-09-02,mv,122.35
2026-09-03,mv,122.31
2026-09-04,mv,122.26
2026-09-05,mv,122.25
2026-09-06,mv,122.29
2026-09-07,mv,122.68
2026-09-08,mv,122.96
2026-09-09,mv,123.12
2026-09-10,mv,123.16
2026-09-11,mv,123.03
2026-09-12,mv,122.96
2026-09-13,mv,122.85
2026-09-14,mv,122.69
2026-09-15,mv,122.62
2026-09-16,mv,122.54
2026-09-17,mv,122.33
2026-09-18,mv,122.42
2020-02-01,ni,100
2020-02-02,ni,99.88
2020-02-03,ni,99.77
2020-02-04,ni,99.59
2020-02-05,ni,99.55
2020-02-06,ni,99.55
2020-02-07,ni,99.56
2020-02-08,ni,99.51
2020-02-09,ni,99.52
2020-02-10,ni,99.5
2020-02-11,ni,99.48
2020-02-12,ni,99.44
2020-02-13,ni,99.3
2020-02-14,ni,99.21
2020-02-15,ni,99.22
2020-02-16,ni,99.19
2020-02-17,ni,99.15
2020-02-18,ni,99.14
2020-02-19,ni,99.12
2020-02-20,ni,99.22
2020-02-21,ni,99.25
2020-02-22,ni,99.19
2020-02-23,ni,99.17
2020-02-24,ni,99.24
2020-02-25,ni,99.26
2020-02-26,ni,99.34
2020-02-27,ni,99.5
2020-02-28,ni,99.73
2020-02-29,ni,100.05
2020-03-01,ni,100.33
2020-03-02,ni,100.58
2020-03-03,ni,100.82
2020-03-04,ni,100.85
2020-03-05,ni,100.78
2020-03-06,ni,100.76
2020-03-07,ni,100.7
2020-03-08,ni,100.46
2020-03-09,ni,100.34
2020-03-10,ni,100.33
2020-03-11,ni,100.34
2020-03-12,ni,100.38
2020-03-13,ni,100.12
2020-03-14,ni,99.78
2020-03-15,ni,99.62
2020-03-16,ni,99.41
2020-03-17,ni,99.03
2020-03-18,ni,98.77
2020-03-19,ni,98.25
2020-03-20,ni,97.78
2020-03-21,ni,97.2
2020-03-22,ni,96.56
2020-03-23,ni,95.73
2020-03-24,ni,94.93
2020-03-25,ni,94.06
2020-03-26,ni,93.15
2020-03-27,ni,92.39
2020-03-28,ni,91.72
2020-03-29,ni,91.05
2020-03-30,ni,90.49
2020-03-31,ni,89.89
2020-04-01,ni,89.33
2020-04-02,ni,88.94
2020-04-03,ni,88.45
2020-04-04,ni,87.95
2020-04-05,ni,87.52
2020-04-06,ni,86.96
2020-04-07,ni,86.45
2020-04-08,ni,85.97
2020-04-09,ni,85.42
2020-04-10,ni,84.9
2020-04-11,ni,84.47
2020-04-12,ni,83.99
2020-04-13,ni,83.71
2020-04-14,ni,83.63
2020-04-15,ni,83.55
2020-04-16,ni,83.49
2020-04-17,ni,83.6
2020-04-18,ni,83.63
2020-04-19,ni,83.56
2020-04-20,ni,83.51
2020-04-21,ni,83.29
2020-04-22,ni,82.98
2020-04-23,ni,82.86
2020-04-24,ni,82.6
2020-04-25,ni,82.35
2020-04-26,ni,82.43
2020-04-27,ni,82.37
2020-04-28,ni,82.3
2020-04-29,ni,82.41
2020-04-30,ni,82.46
2020-05-01,ni,82.48
2020-05-02,ni,82.58
2020-05-03,ni,82.62
2020-05-04,ni,82.64
2020-05-05,ni,82.72
2020-05-06,ni,82.65
2020-05-07,ni,82.58
2020-05-08,ni,82.67
2020-05-09,ni,82.69
2020-05-10,ni,82.49
2020-05-11,ni,82.32
2020-05-12,ni,82.3
2020-05-13,ni,82.29
2020-05-14,ni,82.23
2020-05-15,ni,82.11
2020-05-16,ni,82
2020-05-17,ni,81.99
2020-05-18,ni,81.93
2020-05-19,ni,81.72
2020-05-20,ni,81.58
2020-05-21,ni,81.67
2020-05-22,ni,82.08
2020-05-23,ni,82.34
2020-05-24,ni,82.6
2020-05-25,ni,82.99
2020-05-26,ni,83.48
2020-05-27,ni,83.91
2020-05-28,ni,84.16
2020-05-29,ni,84.23
2020-05-30,ni,84.46
2020-05-31,ni,84.61
2020-06-01,ni,84.81
2020-06-02,ni,84.77
2020-06-03,ni,84.83
2020-06-04,ni,84.79
2020-06-05,ni,84.73
2020-06-06,ni,84.32
2020-06-07,ni,84.01
2020-06-08,ni,83.72
2020-06-09,ni,83.63
2020-06-10,ni,83.35
2020-06-11,ni,83.27
2020-06-12,ni,83.05
2020-06-13,ni,83.22
2020-06-14,ni,83.41
2020-06-15,ni,83.3
2020-06-16,ni,83.21
2020-06-17,ni,83.33
2020-06-18,ni,83.33
2020-06-19,ni,83.41
2020-06-20,ni,83.48
2020-06-21,ni,83.43
2020-06-22,ni,83.54
2020-06-23,ni,83.66
2020-06-24,ni,83.63
2020-06-25,ni,83.62
2020-06-26,ni,83.56
2020-06-27,ni,83.51
2020-06-28,ni,83.44
2020-06-29,ni,83.38
2020-06-30,ni,83.3
2020-07-01,ni,83.35
2020-07-02,ni,83.31
2020-07-03,ni,83.26
2020-07-04,ni,83.3
2020-07-05,ni,83.44
2020-07-06,ni,83.76
2020-07-07,ni,84.29
2020-07-08,ni,84.81
2020-07-09,ni,85.41
2020-07-10,ni,86.01
2020-07-11,ni,86.49
2020-07-12,ni,87.04
2020-07-13,ni,87.38
2020-07-14,ni,87.55
2020-07-15,ni,87.43
2020-07-16,ni,87.32
2020-07-17,ni,87.19
2020-07-18,ni,87.03
2020-07-19,ni,86.81
2020-07-20,ni,86.54
2020-07-21,ni,86.3
2020-07-22,ni,86.42
2020-07-23,ni,86.51
2020-07-24,ni,86.65
2020-07-25,ni,86.94
2020-07-26,ni,87.39
2020-07-27,ni,87.79
2020-07-28,ni,88.09
2020-07-29,ni,88.2
2020-07-30,ni,88.32
2020-07-31,ni,88.66
2020-08-01,ni,88.79
2020-08-02,ni,88.79
2020-08-03,ni,88.85
2020-08-04,ni,88.88
2020-08-05,ni,88.96
2020-08-06,ni,89.14
2020-08-07,ni,89.09
2020-08-08,ni,89.25
2020-08-09,ni,89.42
2020-08-10,ni,89.49
2020-08-11,ni,89.71
2020-08-12,ni,89.9
2020-08-13,ni,90.13
2020-08-14,ni,90.06
2020-08-15,ni,89.98
2020-08-16,ni,89.99
2020-08-17,ni,90.07
2020-08-18,ni,90.06
2020-08-19,ni,89.92
2020-08-20,ni,89.81
2020-08-21,ni,89.93
2020-08-22,ni,89.89
2020-08-23,ni,89.82
2020-08-24,ni,89.78
2020-08-25,ni,89.77
2020-08-26,ni,89.83
2020-08-27,ni,89.73
2020-08-28,ni,89.63
2020-08-29,ni,89.69
2020-08-30,ni,89.66
2020-08-31,ni,89.69
2020-09-01,ni,89.68
2020-09-02,ni,89.75
2020-09-03,ni,89.88
2020-09-04,ni,89.98
2020-09-05,ni,90.05
2020-09-06,ni,90.23
2020-09-07,ni,90.32
2020-09-08,ni,90.47
2020-09-09,ni,90.59
2020-09-10,ni,90.72
2020-09-11,ni,91.02
2020-09-12,ni,91.18
2020-09-13,ni,91.18
2020-09-14,ni,91.27
2020-09-15,ni,91.32
2020-09-16,ni,91.36
2020-09-17,ni,91.41
2020-09-18,ni,91.38
2020-09-19,ni,91.41
2020-09-20,ni,91.53
2020-09-21,ni,91.5
2020-09-22,ni,91.49
2020-09-23,ni,91.45
2020-09-24,ni,91.39
2020-09-25,ni,91.34
2020-09-26,ni,91.31
2020-09-27,ni,91.38
2020-09-28,ni,91.58
2020-09-29,ni,91.71
2020-09-30,ni,91.98
2020-10-01,ni,92.54
2020-10-02,ni,93.13
2020-10-03,ni,93.73
2020-10-04,ni,94.38
2020-10-05,ni,95.02
2020-10-06,ni,95.77
2020-10-07,ni,96.47
2020-10-08,ni,96.91
2020-10-09,ni,97.33
2020-10-10,ni,97.73
2020-10-11,ni,98.03
2020-10-12,ni,98.25
2020-10-13,ni,98.43
2020-10-14,ni,98.58
2020-10-15,ni,98.72
2020-10-16,ni,98.8
2020-10-17,ni,98.85
2020-10-18,ni,98.93
2020-10-19,ni,99.03
2020-10-20,ni,99.17
2020-10-21,ni,99.29
2020-10-22,ni,99.3
2020-10-23,ni,99.34
2020-10-24,ni,99.32
2020-10-25,ni,99.28
2020-10-26,ni,99.29
2020-10-27,ni,99.29
2020-10-28,ni,99.23
2020-10-29,ni,99.31
2020-10-30,ni,99.4
2020-10-31,ni,99.46
2020-11-01,ni,99.57
2020-11-02,ni,99.63
2020-11-03,ni,99.69
2020-11-04,ni,99.76
2020-11-05,ni,99.79
2020-11-06,ni,99.98
2020-11-07,ni,100.26
2020-11-08,ni,100.54
2020-11-09,ni,100.81
2020-11-10,ni,100.91
2020-11-11,ni,101.1
2020-11-12,ni,101.28
2020-11-13,ni,101.28
2020-11-14,ni,101.16
2020-11-15,ni,101.05
2020-11-16,ni,101.06
2020-11-17,ni,101.12
2020-11-18,ni,101.15
2020-11-19,ni,101.22
2020-11-20,ni,101.23
2020-11-21,ni,101.27
2020-11-22,ni,101.35
2020-11-23,ni,101.32
2020-11-24,ni,101.14
2020-11-25,ni,101.18
2020-11-26,ni,101.16
2020-11-27,ni,101.09
2020-11-28,ni,101.2
2020-11-29,ni,101.33
2020-11-30,ni,101.41
2020-12-01,ni,101.76
2020-12-02,ni,101.69
2020-12-03,ni,101.65
2020-12-04,ni,101.84
2020-12-05,ni,101.87
2020-12-06,ni,101.72
2020-12-07,ni,101.61
2020-12-08,ni,101.5
2020-12-09,ni,101.57
2020-12-10,ni,101.57
2020-12-11,ni,101.44
2020-12-12,ni,101.22
2020-12-13,ni,101.26
2020-12-14,ni,101.36
2020-12-15,ni,101.4
2020-12-16,ni,101.32
2020-12-17,ni,101.26
2020-12-18,ni,101.13
2020-12-19,ni,101.15
2020-12-20,ni,100.9
2020-12-21,ni,100.75
2020-12-22,ni,100.6
2020-12-23,ni,100.51
2020-12-24,ni,100.39
2020-12-25,ni,100.39
2020-12-26,ni,100.31
2020-12-27,ni,100.28
2020-12-28,ni,100.33
2020-12-29,ni,100.37
2020-12-30,ni,100.34
2020-12-31,ni,100.46
2021-01-01,ni,100.48
2021-01-02,ni,100.43
2021-01-03,ni,100.42
2021-01-04,ni,100.11
2021-01-05,ni,99.87
2021-01-06,ni,99.86
2021-01-07,ni,99.78
2021-01-08,ni,99.78
2021-01-09,ni,99.87
2021-01-10,ni,99.86
2021-01-11,ni,99.99
2021-01-12,ni,100.1
2021-01-13,ni,100.07
2021-01-14,ni,100.16
2021-01-15,ni,100.21
2021-01-16,ni,100.3
2021-01-17,ni,100.51
2021-01-18,ni,100.65
2021-01-19,ni,100.74
2021-01-20,ni,100.7
2021-01-21,ni,100.67
2021-01-22,ni,100.67
2021-01-23,ni,100.74
2021-01-24,ni,100.76
2021-01-25,ni,100.8
2021-01-26,ni,100.77
2021-01-27,ni,100.91
2021-01-28,ni,101.01
2021-01-29,ni,100.96
2021-01-30,ni,100.91
2021-01-31,ni,100.83
2021-02-01,ni,100.76
2021-02-02,ni,100.74
2021-02-03,ni,100.66
2021-02-04,ni,100.45
2021-02-05,ni,100.34
2021-02-06,ni,100.07
2021-02-07,ni,99.65
2021-02-08,ni,99.34
2021-02-09,ni,99.12
2021-02-10,ni,98.96
2021-02-11,ni,99
2021-02-12,ni,98.93
2021-02-13,ni,98.99
2021-02-14,ni,99.27
2021-02-15,ni,99.42
2021-02-16,ni,99.48
2021-02-17,ni,99.42
2021-02-18,ni,99.26
2021-02-19,ni,99.2
2021-02-20,ni,99.17
2021-02-21,ni,99.05
2021-02-22,ni,98.81
2021-02-23,ni,98.81
2021-02-24,ni,98.95
2021-02-25,ni,99.11
2021-02-26,ni,99.33
2021-02-27,ni,99.53
2021-02-28,ni,99.62
2021-03-01,ni,99.96
2021-03-02,ni,100.21
2021-03-03,ni,100.43
2021-03-04,ni,100.54
2021-03-05,ni,100.5
2021-03-06,ni,100.54
2021-03-07,ni,100.73
2021-03-08,ni,100.78
2021-03-09,ni,100.58
2021-03-10,ni,100.51
2021-03-11,ni,100.52
2021-03-12,ni,100.68
2021-03-13,ni,100.84
2021-03-14,ni,101.07
2021-03-15,ni,101.36
2021-03-16,ni,101.78
2021-03-17,ni,102.01
2021-03-18,ni,102.19
2021-03-19,ni,102.6
2021-03-20,ni,103.05
2021-03-21,ni,103.38
2021-03-22,ni,103.58
2021-03-23,ni,103.84
2021-03-24,ni,104.12
2021-03-25,ni,104.41
2021-03-26,ni,104.39
2021-03-27,ni,104.42
2021-03-28,ni,104.45
2021-03-29,ni,104.56
2021-03-30,ni,104.64
2021-03-31,ni,104.71
2021-04-01,ni,104.8
2021-04-02,ni,105.17
2021-04-03,ni,105.26
2021-04-04,ni,105.46
2021-04-05,ni,105.72
2021-04-06,ni,105.93
2021-04-07,ni,106.12
2021-04-08,ni,106.23
2021-04-09,ni,106.08
2021-04-10,ni,105.99
2021-04-11,ni,105.81
2021-04-12,ni,105.58
2021-04-13,ni,105.45
2021-04-14,ni,105.3
2021-04-15,ni,105.25
2021-04-16,ni,105.12
2021-04-17,ni,105
2021-04-18,ni,105.01
2021-04-19,ni,105.06
2021-04-20,ni,105.02
2021-04-21,ni,105.05
2021-04-22,ni,105.05
2021-04-23,ni,105.32
2021-04-24,ni,105.66
2021-04-25,ni,105.8
2021-04-26,ni,106.11
2021-04-27,ni,106.48
2021-04-28,ni,106.89
2021-04-29,ni,107.4
2021-04-30,ni,107.76
2021-05-01,ni,108.15
2021-05-02,ni,108.76
2021-05-03,ni,109.31
2021-05-04,ni,109.79
2021-05-05,ni,110.25
2021-05-06,ni,110.6
2021-05-07,ni,111.1
2021-05-08,ni,111.72
2021-05-09,ni,112.08
2021-05-10,ni,112.21
2021-05-11,ni,112.47
2021-05-12,ni,112.83
2021-05-13,ni,113.31
2021-05-14,ni,113.61
2021-05-15,ni,113.68
2021-05-16,ni,113.87
2021-05-17,ni,114.05
2021-05-18,ni,114.22
2021-05-19,ni,114.38
2021-05-20,ni,114.62
2021-05-21,ni,114.91
2021-05-22,ni,115.23
2021-05-23,ni,115.43
2021-05-24,ni,115.81
2021-05-25,ni,116.14
2021-05-26,ni,116.38
2021-05-27,ni,116.33
2021-05-28,ni,116.34
2021-05-29,ni,116.63
2021-05-30,ni,117.08
2021-05-31,ni,117.25
2021-06-01,ni,117.5
2021-06-02,ni,117.63
2021-06-03,ni,118.04
2021-06-04,ni,118.45
2021-06-05,ni,118.71
2021-06-06,ni,118.81
2021-06-07,ni,119.13
2021-06-08,ni,119.46
2021-06-09,ni,119.83
2021-06-10,ni,119.8
2021-06-11,ni,120.05
2021-06-12,ni,120.23
2021-06-13,ni,120.53
2021-06-14,ni,120.85
2021-06-15,ni,121.01
2021-06-16,ni,121.13
2021-06-17,ni,121.57
2021-06-18,ni,121.79
2021-06-19,ni,122
2021-06-20,ni,122.2
2021-06-21,ni,122.29
2021-06-22,ni,122.37
2021-06-23,ni,122.89
2021-06-24,ni,123.33
2021-06-25,ni,123.73
2021-06-26,ni,124.04
2021-06-27,ni,124.34
2021-06-28,ni,124.83
2021-06-29,ni,125.4
2021-06-30,ni,125.64
2021-07-01,ni,125.88
2021-07-02,ni,126.01
2021-07-03,ni,126.36
2021-07-04,ni,126.65
2021-07-05,ni,126.79
2021-07-06,ni,126.94
2021-07-07,ni,127.07
2021-07-08,ni,127.33
2021-07-09,ni,127.63
2021-07-10,ni,127.75
2021-07-11,ni,127.98
2021-07-12,ni,128.3
2021-07-13,ni,128.54
2021-07-14,ni,128.9
2021-07-15,ni,129.11
2021-07-16,ni,129.44
2021-07-17,ni,129.82
2021-07-18,ni,130.21
2021-07-19,ni,130.56
2021-07-20,ni,130.93
2021-07-21,ni,131.18
2021-07-22,ni,131.46
2021-07-23,ni,131.61
2021-07-24,ni,131.76
2021-07-25,ni,131.95
2021-07-26,ni,132.06
2021-07-27,ni,132.29
2021-07-28,ni,132.58
2021-07-29,ni,132.67
2021-07-30,ni,132.91
2021-07-31,ni,133.16
2021-08-01,ni,133.24
2021-08-02,ni,133.37
2021-08-03,ni,133.24
2021-08-04,ni,133.21
2021-08-05,ni,133.29
2021-08-06,ni,133.51
2021-08-07,ni,133.75
2021-08-08,ni,134.08
2021-08-09,ni,134.3
2021-08-10,ni,134.72
2021-08-11,ni,135.12
2021-08-12,ni,135.49
2021-08-13,ni,135.68
2021-08-14,ni,135.75
2021-08-15,ni,135.82
2021-08-16,ni,136.08
2021-08-17,ni,136.29
2021-08-18,ni,136.68
2021-08-19,ni,137.12
2021-08-20,ni,137.55
2021-08-21,ni,138.04
2021-08-22,ni,138.45
2021-08-23,ni,138.76
2021-08-24,ni,139.05
2021-08-25,ni,139.01
2021-08-26,ni,138.91
2021-08-27,ni,138.74
2021-08-28,ni,138.62
2021-08-29,ni,138.56
2021-08-30,ni,138.51
2021-08-31,ni,138.44
2021-09-01,ni,138.34
2021-09-02,ni,138.41
2021-09-03,ni,138.52
2021-09-04,ni,138.61
2021-09-05,ni,138.66
2021-09-06,ni,138.74
2021-09-07,ni,138.94
2021-09-08,ni,139.15
2021-09-09,ni,139.28
2021-09-10,ni,139.45
2021-09-11,ni,139.65
2021-09-12,ni,139.87
2021-09-13,ni,144.03
2021-09-14,ni,148.4
2021-09-15,ni,152.86
2021-09-16,ni,157.28
2021-09-17,ni,161.6
2021-09-18,ni,165.93
2021-09-19,ni,170.3
2021-09-20,ni,170.73
2021-09-21,ni,170.88
2021-09-22,ni,171.05
2021-09-23,ni,171.16
2021-09-24,ni,171.26
2021-09-25,ni,171.24
2021-09-26,ni,171.32
2021-09-27,ni,171.43
2021-09-28,ni,171.53
2021-09-29,ni,171.66
2021-09-30,ni,171.81
2021-10-01,ni,172.08
2021-10-02,ni,172.54
2021-10-03,ni,172.88
2021-10-04,ni,173.18
2021-10-05,ni,173.6
2021-10-06,ni,174.05
2021-10-07,ni,174.62
2021-10-08,ni,175.17
2021-10-09,ni,175.69
2021-10-10,ni,176.22
2021-10-11,ni,176.56
2021-10-12,ni,176.88
2021-10-13,ni,177.05
2021-10-14,ni,177.2
2021-10-15,ni,177.38
2021-10-16,ni,177.44
2021-10-17,ni,177.5
2021-10-18,ni,177.68
2021-10-19,ni,177.94
2021-10-20,ni,178.14
2021-10-21,ni,178.33
2021-10-22,ni,178.46
2021-10-23,ni,178.64
2021-10-24,ni,178.78
2021-10-25,ni,178.94
2021-10-26,ni,179.06
2021-10-27,ni,179.27
2021-10-28,ni,179.55
2021-10-29,ni,179.72
2021-10-30,ni,179.99
2021-10-31,ni,180.29
2021-11-01,ni,180.33
2021-11-02,ni,180.22
2021-11-03,ni,180.03
2021-11-04,ni,180.18
2021-11-05,ni,180.56
2021-11-06,ni,180.86
2021-11-07,ni,181.09
2021-11-08,ni,181.61
2021-11-09,ni,182.2
2021-11-10,ni,182.68
2021-11-11,ni,182.75
2021-11-12,ni,182.64
2021-11-13,ni,182.48
2021-11-14,ni,182.38
2021-11-15,ni,182.32
2021-11-16,ni,182.41
2021-11-17,ni,182.59
2021-11-18,ni,182.73
2021-11-19,ni,182.91
2021-11-20,ni,182.93
2021-11-21,ni,183.01
2021-11-22,ni,183.1
2021-11-23,ni,183.11
2021-11-24,ni,183.3
2021-11-25,ni,183.49
2021-11-26,ni,183.52
2021-11-27,ni,179.45
2021-11-28,ni,175.33
2021-11-29,ni,171.38
2021-11-30,ni,167.13
2021-12-01,ni,162.59
2021-12-02,ni,158.24
2021-12-03,ni,153.97
2021-12-04,ni,154.05
2021-12-05,ni,154.09
2021-12-06,ni,153.89
2021-12-07,ni,153.92
2021-12-08,ni,154.1
2021-12-09,ni,154.09
2021-12-10,ni,154.19
2021-12-11,ni,154.15
2021-12-12,ni,154.22
2021-12-13,ni,154.39
2021-12-14,ni,154.48
2021-12-15,ni,154.4
2021-12-16,ni,154.45
2021-12-17,ni,154.52
2021-12-18,ni,154.57
2021-12-19,ni,154.57
2021-12-20,ni,154.51
2021-12-21,ni,154.61
2021-12-22,ni,154.92
2021-12-23,ni,155.11
2021-12-24,ni,155.28
2021-12-25,ni,155.42
2021-12-26,ni,155.66
2021-12-27,ni,155.98
2021-12-28,ni,156.12
2021-12-29,ni,155.98
2021-12-30,ni,156.1
2021-12-31,ni,156.2
2022-01-01,ni,156.2
2022-01-02,ni,156.05
2022-01-03,ni,155.74
2022-01-04,ni,155.63
2022-01-05,ni,155.78
2022-01-06,ni,155.64
2022-01-07,ni,155.59
2022-01-08,ni,155.7
2022-01-09,ni,155.77
2022-01-10,ni,155.7
2022-01-11,ni,155.52
2022-01-12,ni,155.36
2022-01-13,ni,155.21
2022-01-14,ni,154.95
2022-01-15,ni,154.8
2022-01-16,ni,154.72
2022-01-17,ni,154.88
2022-01-18,ni,154.95
2022-01-19,ni,155.1
2022-01-20,ni,155.3
2022-01-21,ni,155.46
2022-01-22,ni,155.54
2022-01-23,ni,155.58
2022-01-24,ni,155.62
2022-01-25,ni,155.72
2022-01-26,ni,155.78
2022-01-27,ni,155.96
2022-01-28,ni,156.36
2022-01-29,ni,156.8
2022-01-30,ni,157.32
2022-01-31,ni,157.76
2022-02-01,ni,158.28
2022-02-02,ni,158.81
2022-02-03,ni,159.19
2022-02-04,ni,159.39
2022-02-05,ni,159.56
2022-02-06,ni,159.73
2022-02-07,ni,159.84
2022-02-08,ni,159.82
2022-02-09,ni,159.94
2022-02-10,ni,160.04
2022-02-11,ni,159.99
2022-02-12,ni,160.08
2022-02-13,ni,160.09
2022-02-14,ni,160.11
2022-02-15,ni,160.35
2022-02-16,ni,160.42
2022-02-17,ni,160.71
2022-02-18,ni,161.19
2022-02-19,ni,161.54
2022-02-20,ni,162.04
2022-02-21,ni,162.51
2022-02-22,ni,162.72
2022-02-23,ni,163.11
2022-02-24,ni,163.35
2022-02-25,ni,163.55
2022-02-26,ni,163.64
2022-02-27,ni,163.52
2022-02-28,ni,163.43
2022-03-01,ni,163.4
2022-03-02,ni,163.06
2022-03-03,ni,162.81
2022-03-04,ni,162.61
2022-03-05,ni,162.51
2022-03-06,ni,162.54
2022-03-07,ni,162.75
2022-03-08,ni,162.97
2022-03-09,ni,163.18
2022-03-10,ni,163.23
2022-03-11,ni,163.27
2022-03-12,ni,163.38
2022-03-13,ni,163.53
2022-03-14,ni,163.56
2022-03-15,ni,163.61
2022-03-16,ni,163.71
2022-03-17,ni,163.95
2022-03-18,ni,164.29
2022-03-19,ni,164.47
2022-03-20,ni,164.7
2022-03-21,ni,165
2022-03-22,ni,165.27
2022-03-23,ni,165.56
2022-03-24,ni,165.78
2022-03-25,ni,165.86
2022-03-26,ni,165.96
2022-03-27,ni,165.97
2022-03-28,ni,165.91
2022-03-29,ni,165.93
2022-03-30,ni,166.1
2022-03-31,ni,166.27
2022-04-01,ni,166.4
2022-04-02,ni,166.66
2022-04-03,ni,166.94
2022-04-04,ni,167.21
2022-04-05,ni,167.47
2022-04-06,ni,167.72
2022-04-07,ni,167.87
2022-04-08,ni,168.11
2022-04-09,ni,168.02
2022-04-10,ni,167.92
2022-04-11,ni,167.81
2022-04-12,ni,167.63
2022-04-13,ni,167.53
2022-04-14,ni,167.36
2022-04-15,ni,167.16
2022-04-16,ni,167
2022-04-17,ni,166.81
2022-04-18,ni,166.74
2022-04-19,ni,166.53
2022-04-20,ni,166.18
2022-04-21,ni,165.85
2022-04-22,ni,165.55
2022-04-23,ni,165.51
2022-04-24,ni,165.57
2022-04-25,ni,165.5
2022-04-26,ni,165.5
2022-04-27,ni,165.66
2022-04-28,ni,165.96
2022-04-29,ni,166.25
2022-04-30,ni,166.63
2022-05-01,ni,166.85
2022-05-02,ni,167.17
2022-05-03,ni,167.47
2022-05-04,ni,167.79
2022-05-05,ni,168.13
2022-05-06,ni,168.5
2022-05-07,ni,168.78
2022-05-08,ni,169.24
2022-05-09,ni,169.71
2022-05-10,ni,170.12
2022-05-11,ni,170.54
2022-05-12,ni,170.9
2022-05-13,ni,171.29
2022-05-14,ni,171.78
2022-05-15,ni,172.23
2022-05-16,ni,172.68
2022-05-17,ni,173.28
2022-05-18,ni,173.7
2022-05-19,ni,174.07
2022-05-20,ni,174.39
2022-05-21,ni,174.43
2022-05-22,ni,174.37
2022-05-23,ni,174.32
2022-05-24,ni,174.27
2022-05-25,ni,174.21
2022-05-26,ni,174.16
2022-05-27,ni,174.11
2022-05-28,ni,174.05
2022-05-29,ni,174
2022-05-30,ni,173.95
2022-05-31,ni,173.69
2022-06-01,ni,173.55
2022-06-02,ni,173.14
2022-06-03,ni,172.81
2022-06-04,ni,172.53
2022-06-05,ni,172.29
2022-06-06,ni,171.94
2022-06-07,ni,171.69
2022-06-08,ni,171.32
2022-06-09,ni,171.21
2022-06-10,ni,171.14
2022-06-11,ni,171.02
2022-06-12,ni,170.88
2022-06-13,ni,170.86
2022-06-14,ni,171.05
2022-06-15,ni,171.22
2022-06-16,ni,171.58
2022-06-17,ni,171.49
2022-06-18,ni,171.87
2022-06-19,ni,172.2
2022-06-20,ni,172.42
2022-06-21,ni,172.44
2022-06-22,ni,172.41
2022-06-23,ni,172.3
2022-06-24,ni,172.57
2022-06-25,ni,172.47
2022-06-26,ni,172.39
2022-06-27,ni,172.31
2022-06-28,ni,172.33
2022-06-29,ni,172.47
2022-06-30,ni,172.46
2022-07-01,ni,172.39
2022-07-02,ni,172.38
2022-07-03,ni,172.29
2022-07-04,ni,172.32
2022-07-05,ni,172.24
2022-07-06,ni,172.19
2022-07-07,ni,172.26
2022-07-08,ni,172.25
2022-07-09,ni,172.4
2022-07-10,ni,172.55
2022-07-11,ni,172.54
2022-07-12,ni,172.7
2022-07-13,ni,172.66
2022-07-14,ni,172.61
2022-07-15,ni,172.66
2022-07-16,ni,172.44
2022-07-17,ni,172.35
2022-07-18,ni,172.19
2022-07-19,ni,172
2022-07-20,ni,171.99
2022-07-21,ni,171.95
2022-07-22,ni,171.88
2022-07-23,ni,171.81
2022-07-24,ni,171.77
2022-07-25,ni,171.81
2022-07-26,ni,171.98
2022-07-27,ni,171.92
2022-07-28,ni,171.82
2022-07-29,ni,171.74
2022-07-30,ni,171.67
2022-07-31,ni,171.54
2022-08-01,ni,171.44
2022-08-02,ni,171.43
2022-08-03,ni,171.58
2022-08-04,ni,171.64
2022-08-05,ni,171.72
2022-08-06,ni,171.84
2022-08-07,ni,171.79
2022-08-08,ni,171.75
2022-08-09,ni,171.68
2022-08-10,ni,171.57
2022-08-11,ni,171.53
2022-08-12,ni,171.61
2022-08-13,ni,171.52
2022-08-14,ni,171.86
2022-08-15,ni,172.16
2022-08-16,ni,172.26
2022-08-17,ni,172.35
2022-08-18,ni,172.43
2022-08-19,ni,172.36
2022-08-20,ni,172.45
2022-08-21,ni,172.28
2022-08-22,ni,172.2
2022-08-23,ni,172.09
2022-08-24,ni,172.05
2022-08-25,ni,172.18
2022-08-26,ni,172.29
2022-08-27,ni,172.55
2022-08-28,ni,172.78
2022-08-29,ni,172.78
2022-08-30,ni,172.92
2022-08-31,ni,173.17
2022-09-01,ni,173.27
2022-09-02,ni,173.27
2022-09-03,ni,173.29
2022-09-04,ni,173.33
2022-09-05,ni,173.49
2022-09-06,ni,173.5
2022-09-07,ni,173.28
2022-09-08,ni,173.25
2022-09-09,ni,173.37
2022-09-10,ni,173.42
2022-09-11,ni,173.39
2022-09-12,ni,173.32
2022-09-13,ni,173.52
2022-09-14,ni,173.87
2022-09-15,ni,173.96
2022-09-16,ni,174.06
2022-09-17,ni,174.05
2022-09-18,ni,173.98
2022-09-19,ni,174.07
2022-09-20,ni,173.76
2022-09-21,ni,173.51
2022-09-22,ni,173.34
2022-09-23,ni,173.17
2022-09-24,ni,173.21
2022-09-25,ni,173.34
2022-09-26,ni,173.41
2022-09-27,ni,173.65
2022-09-28,ni,173.79
2022-09-29,ni,174.01
2022-09-30,ni,174.19
2022-10-01,ni,174.33
2022-10-02,ni,174.46
2022-10-03,ni,174.71
2022-10-04,ni,174.79
2022-10-05,ni,174.79
2022-10-06,ni,174.72
2022-10-07,ni,174.69
2022-10-08,ni,174.57
2022-10-09,ni,174.46
2022-10-10,ni,174.21
2022-10-11,ni,174.11
2022-10-12,ni,174.15
2022-10-13,ni,174.4
2022-10-14,ni,174.63
2022-10-15,ni,174.95
2022-10-16,ni,175.35
2022-10-17,ni,175.74
2022-10-18,ni,176.15
2022-10-19,ni,176.39
2022-10-20,ni,176.63
2022-10-21,ni,176.78
2022-10-22,ni,176.79
2022-10-23,ni,176.88
2022-10-24,ni,177.02
2022-10-25,ni,177.02
2022-10-26,ni,177.09
2022-10-27,ni,177.16
2022-10-28,ni,177.2
2022-10-29,ni,177.38
2022-10-30,ni,177.6
2022-10-31,ni,177.96
2022-11-01,ni,178.34
2022-11-02,ni,178.8
2022-11-03,ni,179.13
2022-11-04,ni,179.6
2022-11-05,ni,180.03
2022-11-06,ni,180.38
2022-11-07,ni,180.45
2022-11-08,ni,180.73
2022-11-09,ni,181.01
2022-11-10,ni,181.09
2022-11-11,ni,180.98
2022-11-12,ni,181.09
2022-11-13,ni,181.07
2022-11-14,ni,181.05
2022-11-15,ni,181.07
2022-11-16,ni,181.24
2022-11-17,ni,181.53
2022-11-18,ni,181.92
2022-11-19,ni,182.1
2022-11-20,ni,182.3
2022-11-21,ni,182.63
2022-11-22,ni,182.68
2022-11-23,ni,182.64
2022-11-24,ni,182.67
2022-11-25,ni,182.45
2022-11-26,ni,182.18
2022-11-27,ni,181.92
2022-11-28,ni,181.77
2022-11-29,ni,182
2022-11-30,ni,182
2022-12-01,ni,181.96
2022-12-02,ni,182.21
2022-12-03,ni,182.5
2022-12-04,ni,182.9
2022-12-05,ni,183.13
2022-12-06,ni,183.22
2022-12-07,ni,183.02
2022-12-08,ni,182.91
2022-12-09,ni,183.01
2022-12-10,ni,182.98
2022-12-11,ni,182.79
2022-12-12,ni,182.75
2022-12-13,ni,182.62
2022-12-14,ni,182.83
2022-12-15,ni,182.72
2022-12-16,ni,182.4
2022-12-17,ni,182.05
2022-12-18,ni,181.78
2022-12-19,ni,181.41
2022-12-20,ni,180.93
2022-12-21,ni,180.47
2022-12-22,ni,180.33
2022-12-23,ni,180.08
2022-12-24,ni,179.96
2022-12-25,ni,179.83
2022-12-26,ni,179.91
2022-12-27,ni,180.03
2022-12-28,ni,180.2
2022-12-29,ni,180.22
2022-12-30,ni,180.24
2022-12-31,ni,180.09
2023-01-01,ni,179.91
2023-01-02,ni,179.58
2023-01-03,ni,179.28
2023-01-04,ni,179
2023-01-05,ni,178.79
2023-01-06,ni,178.7
2023-01-07,ni,178.79
2023-01-08,ni,178.96
2023-01-09,ni,178.9
2023-01-10,ni,178.98
2023-01-11,ni,179.07
2023-01-12,ni,179.11
2023-01-13,ni,179.13
2023-01-14,ni,179.06
2023-01-15,ni,178.96
2023-01-16,ni,179.08
2023-01-17,ni,179.17
2023-01-18,ni,179.02
2023-01-19,ni,179.06
2023-01-20,ni,178.97
2023-01-21,ni,178.92
2023-01-22,ni,178.79
2023-01-23,ni,178.66
2023-01-24,ni,178.46
2023-01-25,ni,178.47
2023-01-26,ni,178.33
2023-01-27,ni,178.23
2023-01-28,ni,178.18
2023-01-29,ni,178.2
2023-01-30,ni,177.88
2023-01-31,ni,177.71
2023-02-01,ni,177.47
2023-02-02,ni,177.21
2023-02-03,ni,177.19
2023-02-04,ni,177.22
2023-02-05,ni,177.2
2023-02-06,ni,177.4
2023-02-07,ni,177.42
2023-02-08,ni,177.51
2023-02-09,ni,177.7
2023-02-10,ni,177.81
2023-02-11,ni,177.85
2023-02-12,ni,177.86
2023-02-13,ni,177.9
2023-02-14,ni,177.93
2023-02-15,ni,177.78
2023-02-16,ni,177.6
2023-02-17,ni,177.41
2023-02-18,ni,177
2023-02-19,ni,176.69
2023-02-20,ni,176.45
2023-02-21,ni,176.19
2023-02-22,ni,176.25
2023-02-23,ni,176.28
2023-02-24,ni,176.06
2023-02-25,ni,176.08
2023-02-26,ni,176.07
2023-02-27,ni,176.03
2023-02-28,ni,175.92
2023-03-01,ni,175.7
2023-03-02,ni,175.66
2023-03-03,ni,175.78
2023-03-04,ni,175.87
2023-03-05,ni,176.03
2023-03-06,ni,176.18
2023-03-07,ni,176.47
2023-03-08,ni,176.74
2023-03-09,ni,176.73
2023-03-10,ni,177.01
2023-03-11,ni,177.31
2023-03-12,ni,177.58
2023-03-13,ni,177.86
2023-03-14,ni,177.97
2023-03-15,ni,178.17
2023-03-16,ni,178.49
2023-03-17,ni,178.56
2023-03-18,ni,178.67
2023-03-19,ni,178.77
2023-03-20,ni,178.97
2023-03-21,ni,179.28
2023-03-22,ni,179.35
2023-03-23,ni,179.31
2023-03-24,ni,179.13
2023-03-25,ni,178.88
2023-03-26,ni,178.56
2023-03-27,ni,178.24
2023-03-28,ni,177.93
2023-03-29,ni,177.69
2023-03-30,ni,177.42
2023-03-31,ni,177.34
2023-04-01,ni,177.19
2023-04-02,ni,177.12
2023-04-03,ni,176.94
2023-04-04,ni,176.78
2023-04-05,ni,176.82
2023-04-06,ni,176.99
2023-04-07,ni,177.32
2023-04-08,ni,177.59
2023-04-09,ni,177.6
2023-04-10,ni,177.81
2023-04-11,ni,177.89
2023-04-12,ni,177.77
2023-04-13,ni,177.58
2023-04-14,ni,177.22
2023-04-15,ni,176.82
2023-04-16,ni,176.71
2023-04-17,ni,176.37
2023-04-18,ni,176.11
2023-04-19,ni,175.86
2023-04-20,ni,175.68
2023-04-21,ni,175.53
2023-04-22,ni,175.55
2023-04-23,ni,175.45
2023-04-24,ni,175.41
2023-04-25,ni,175.42
2023-04-26,ni,175.44
2023-04-27,ni,175.37
2023-04-28,ni,175.3
2023-04-29,ni,175.19
2023-04-30,ni,175.02
2023-05-01,ni,174.96
2023-05-02,ni,174.72
2023-05-03,ni,174.26
2023-05-04,ni,173.77
2023-05-05,ni,173.12
2023-05-06,ni,172.54
2023-05-07,ni,172.07
2023-05-08,ni,171.52
2023-05-09,ni,171.25
2023-05-10,ni,171.21
2023-05-11,ni,171.35
2023-05-12,ni,171.78
2023-05-13,ni,172.22
2023-05-14,ni,172.68
2023-05-15,ni,172.99
2023-05-16,ni,173.2
2023-05-17,ni,173.51
2023-05-18,ni,173.91
2023-05-19,ni,174.04
2023-05-20,ni,174.01
2023-05-21,ni,173.93
2023-05-22,ni,173.88
2023-05-23,ni,173.76
2023-05-24,ni,173.56
2023-05-25,ni,173.21
2023-05-26,ni,173.05
2023-05-27,ni,172.95
2023-05-28,ni,172.74
2023-05-29,ni,172.83
2023-05-30,ni,172.9
2023-05-31,ni,172.96
2023-06-01,ni,172.95
2023-06-02,ni,172.81
2023-06-03,ni,172.84
2023-06-04,ni,172.9
2023-06-05,ni,172.84
2023-06-06,ni,172.84
2023-06-07,ni,172.95
2023-06-08,ni,173.16
2023-06-09,ni,173.4
2023-06-10,ni,173.45
2023-06-11,ni,173.64
2023-06-12,ni,173.75
2023-06-13,ni,173.86
2023-06-14,ni,173.98
2023-06-15,ni,174.01
2023-06-16,ni,174.07
2023-06-17,ni,174.28
2023-06-18,ni,174.42
2023-06-19,ni,174.6
2023-06-20,ni,174.79
2023-06-21,ni,174.88
2023-06-22,ni,174.98
2023-06-23,ni,175.15
2023-06-24,ni,175.27
2023-06-25,ni,175.34
2023-06-26,ni,175.3
2023-06-27,ni,175.31
2023-06-28,ni,175.38
2023-06-29,ni,175.48
2023-06-30,ni,175.5
2023-07-01,ni,175.64
2023-07-02,ni,175.84
2023-07-03,ni,176.05
2023-07-04,ni,176.06
2023-07-05,ni,176.04
2023-07-06,ni,175.99
2023-07-07,ni,176
2023-07-08,ni,175.85
2023-07-09,ni,175.71
2023-07-10,ni,175.59
2023-07-11,ni,175.58
2023-07-12,ni,175.63
2023-07-13,ni,175.66
2023-07-14,ni,175.48
2023-07-15,ni,175.35
2023-07-16,ni,175.28
2023-07-17,ni,175.17
2023-07-18,ni,175.04
2023-07-19,ni,174.83
2023-07-20,ni,174.66
2023-07-21,ni,174.66
2023-07-22,ni,174.72
2023-07-23,ni,174.9
2023-07-24,ni,175.1
2023-07-25,ni,175.21
2023-07-26,ni,175.36
2023-07-27,ni,175.65
2023-07-28,ni,175.78
2023-07-29,ni,176.09
2023-07-30,ni,176.23
2023-07-31,ni,176.43
2023-08-01,ni,176.84
2023-08-02,ni,177.38
2023-08-03,ni,177.32
2023-08-04,ni,177.46
2023-08-05,ni,177.41
2023-08-06,ni,177.27
2023-08-07,ni,177.23
2023-08-08,ni,177.18
2023-08-09,ni,176.92
2023-08-10,ni,177.14
2023-08-11,ni,177.35
2023-08-12,ni,177.39
2023-08-13,ni,177.51
2023-08-14,ni,177.39
2023-08-15,ni,177.24
2023-08-16,ni,177.1
2023-08-17,ni,176.81
2023-08-18,ni,176.4
2023-08-19,ni,176.03
2023-08-20,ni,175.75
2023-08-21,ni,175.52
2023-08-22,ni,175.28
2023-08-23,ni,175.13
2023-08-24,ni,174.83
2023-08-25,ni,174.45
2023-08-26,ni,174.19
2023-08-27,ni,173.81
2023-08-28,ni,173.47
2023-08-29,ni,173.13
2023-08-30,ni,172.78
2023-08-31,ni,172.58
2023-09-01,ni,172.5
2023-09-02,ni,172.47
2023-09-03,ni,172.46
2023-09-04,ni,172.4
2023-09-05,ni,172.23
2023-09-06,ni,172.18
2023-09-07,ni,172.26
2023-09-08,ni,172.29
2023-09-09,ni,172.23
2023-09-10,ni,172.17
2023-09-11,ni,172.15
2023-09-12,ni,172.25
2023-09-13,ni,172.16
2023-09-14,ni,171.98
2023-09-15,ni,171.97
2023-09-16,ni,171.91
2023-09-17,ni,171.79
2023-09-18,ni,171.84
2023-09-19,ni,171.79
2023-09-20,ni,171.88
2023-09-21,ni,172.06
2023-09-22,ni,172.05
2023-09-23,ni,172.02
2023-09-24,ni,171.98
2023-09-25,ni,171.97
2023-09-26,ni,171.97
2023-09-27,ni,171.95
2023-09-28,ni,171.96
2023-09-29,ni,171.94
2023-09-30,ni,172
2023-10-01,ni,172.14
2023-10-02,ni,172.17
2023-10-03,ni,172.27
2023-10-04,ni,172.22
2023-10-05,ni,171.95
2023-10-06,ni,171.86
2023-10-07,ni,171.67
2023-10-08,ni,171.47
2023-10-09,ni,171.24
2023-10-10,ni,171.14
2023-10-11,ni,171.11
2023-10-12,ni,171.16
2023-10-13,ni,171.01
2023-10-14,ni,170.87
2023-10-15,ni,170.78
2023-10-16,ni,170.59
2023-10-17,ni,170.19
2023-10-18,ni,169.83
2023-10-19,ni,169.7
2023-10-20,ni,169.74
2023-10-21,ni,169.69
2023-10-22,ni,169.69
2023-10-23,ni,169.68
2023-10-24,ni,169.73
2023-10-25,ni,169.82
2023-10-26,ni,169.85
2023-10-27,ni,169.85
2023-10-28,ni,170.1
2023-10-29,ni,170.02
2023-10-30,ni,170.19
2023-10-31,ni,170.43
2023-11-01,ni,170.57
2023-11-02,ni,170.66
2023-11-03,ni,170.82
2023-11-04,ni,170.76
2023-11-05,ni,171.01
2023-11-06,ni,171.09
2023-11-07,ni,171.05
2023-11-08,ni,171.07
2023-11-09,ni,171
2023-11-10,ni,170.8
2023-11-11,ni,170.7
2023-11-12,ni,170.44
2023-11-13,ni,170.22
2023-11-14,ni,170.18
2023-11-15,ni,170.14
2023-11-16,ni,170.2
2023-11-17,ni,170.26
2023-11-18,ni,170.23
2023-11-19,ni,170.28
2023-11-20,ni,170.29
2023-11-21,ni,170.12
2023-11-22,ni,169.79
2023-11-23,ni,169.56
2023-11-24,ni,169.48
2023-11-25,ni,169.36
2023-11-26,ni,169.22
2023-11-27,ni,169.11
2023-11-28,ni,169
2023-11-29,ni,169.07
2023-11-30,ni,168.92
2023-12-01,ni,168.7
2023-12-02,ni,168.62
2023-12-03,ni,168.49
2023-12-04,ni,168.25
2023-12-05,ni,168.06
2023-12-06,ni,167.82
2023-12-07,ni,167.77
2023-12-08,ni,167.65
2023-12-09,ni,167.54
2023-12-10,ni,167.48
2023-12-11,ni,167.52
2023-12-12,ni,167.5
2023-12-13,ni,167.58
2023-12-14,ni,167.56
2023-12-15,ni,167.62
2023-12-16,ni,167.56
2023-12-17,ni,167.51
2023-12-18,ni,167.46
2023-12-19,ni,167.33
2023-12-20,ni,167.13
2023-12-21,ni,166.91
2023-12-22,ni,166.67
2023-12-23,ni,166.35
2023-12-24,ni,166.11
2023-12-25,ni,166.1
2023-12-26,ni,166.13
2023-12-27,ni,166.06
2023-12-28,ni,166.04
2023-12-29,ni,166
2023-12-30,ni,165.97
2023-12-31,ni,165.85
2024-01-01,ni,165.42
2024-01-02,ni,165.05
2024-01-03,ni,164.72
2024-01-04,ni,164.35
2024-01-05,ni,164.13
2024-01-06,ni,164
2024-01-07,ni,163.84
2024-01-08,ni,163.74
2024-01-09,ni,163.64
2024-01-10,ni,163.6
2024-01-11,ni,163.61
2024-01-12,ni,163.55
2024-01-13,ni,163.51
2024-01-14,ni,163.6
2024-01-15,ni,163.54
2024-01-16,ni,163.49
2024-01-17,ni,163.41
2024-01-18,ni,163.25
2024-01-19,ni,163.01
2024-01-20,ni,162.83
2024-01-21,ni,162.53
2024-01-22,ni,162.44
2024-01-23,ni,162.42
2024-01-24,ni,162.45
2024-01-25,ni,162.49
2024-01-26,ni,162.55
2024-01-27,ni,162.66
2024-01-28,ni,162.85
2024-01-29,ni,162.94
2024-01-30,ni,163.01
2024-01-31,ni,162.96
2024-02-01,ni,162.88
2024-02-02,ni,162.85
2024-02-03,ni,162.76
2024-02-04,ni,162.65
2024-02-05,ni,162.54
2024-02-06,ni,162.47
2024-02-07,ni,162.47
2024-02-08,ni,162.52
2024-02-09,ni,162.48
2024-02-10,ni,162.42
2024-02-11,ni,162.35
2024-02-12,ni,162.34
2024-02-13,ni,162.31
2024-02-14,ni,162.24
2024-02-15,ni,162.21
2024-02-16,ni,162.2
2024-02-17,ni,162.21
2024-02-18,ni,162.32
2024-02-19,ni,162.42
2024-02-20,ni,162.46
2024-02-21,ni,162.5
2024-02-22,ni,162.47
2024-02-23,ni,162.44
2024-02-24,ni,162.49
2024-02-25,ni,162.4
2024-02-26,ni,162.35
2024-02-27,ni,162.26
2024-02-28,ni,162.18
2024-02-29,ni,162.25
2024-03-01,ni,162.27
2024-03-02,ni,162.17
2024-03-03,ni,162.08
2024-03-04,ni,161.95
2024-03-05,ni,161.93
2024-03-06,ni,161.63
2024-03-07,ni,161.15
2024-03-08,ni,160.92
2024-03-09,ni,160.79
2024-03-10,ni,160.64
2024-03-11,ni,160.51
2024-03-12,ni,160.31
2024-03-13,ni,160.45
2024-03-14,ni,160.72
2024-03-15,ni,160.77
2024-03-16,ni,160.73
2024-03-17,ni,160.74
2024-03-18,ni,160.78
2024-03-19,ni,160.83
2024-03-20,ni,160.86
2024-03-21,ni,160.87
2024-03-22,ni,161.07
2024-03-23,ni,161.2
2024-03-24,ni,161.4
2024-03-25,ni,161.54
2024-03-26,ni,161.56
2024-03-27,ni,161.59
2024-03-28,ni,161.45
2024-03-29,ni,161.3
2024-03-30,ni,161.15
2024-03-31,ni,160.91
2024-04-01,ni,160.73
2024-04-02,ni,160.48
2024-04-03,ni,160.22
2024-04-04,ni,160.15
2024-04-05,ni,159.82
2024-04-06,ni,159.61
2024-04-07,ni,159.39
2024-04-08,ni,159.16
2024-04-09,ni,159.03
2024-04-10,ni,158.99
2024-04-11,ni,158.89
2024-04-12,ni,158.97
2024-04-13,ni,158.96
2024-04-14,ni,158.86
2024-04-15,ni,158.88
2024-04-16,ni,158.86
2024-04-17,ni,158.83
2024-04-18,ni,158.78
2024-04-19,ni,158.8
2024-04-20,ni,158.83
2024-04-21,ni,158.93
2024-04-22,ni,158.93
2024-04-23,ni,159.13
2024-04-24,ni,159.21
2024-04-25,ni,159.25
2024-04-26,ni,159.24
2024-04-27,ni,159.33
2024-04-28,ni,159.46
2024-04-29,ni,159.47
2024-04-30,ni,159.43
2024-05-01,ni,159.49
2024-05-02,ni,159.42
2024-05-03,ni,159.4
2024-05-04,ni,159.35
2024-05-05,ni,159.16
2024-05-06,ni,159.08
2024-05-07,ni,158.88
2024-05-08,ni,158.68
2024-05-09,ni,158.71
2024-05-10,ni,158.43
2024-05-11,ni,158.26
2024-05-12,ni,158.24
2024-05-13,ni,158.12
2024-05-14,ni,158.13
2024-05-15,ni,158.15
2024-05-16,ni,158.06
2024-05-17,ni,158.1
2024-05-18,ni,157.98
2024-05-19,ni,157.84
2024-05-20,ni,157.92
2024-05-21,ni,157.77
2024-05-22,ni,157.6
2024-05-23,ni,157.44
2024-05-24,ni,157.37
2024-05-25,ni,157.45
2024-05-26,ni,157.43
2024-05-27,ni,157.28
2024-05-28,ni,157.22
2024-05-29,ni,157.22
2024-05-30,ni,157.32
2024-05-31,ni,157.35
2024-06-01,ni,157.24
2024-06-02,ni,157.15
2024-06-03,ni,157.09
2024-06-04,ni,157.07
2024-06-05,ni,157
2024-06-06,ni,156.87
2024-06-07,ni,156.77
2024-06-08,ni,156.78
2024-06-09,ni,156.65
2024-06-10,ni,156.71
2024-06-11,ni,156.83
2024-06-12,ni,156.76
2024-06-13,ni,156.66
2024-06-14,ni,156.5
2024-06-15,ni,156.15
2024-06-16,ni,155.97
2024-06-17,ni,155.73
2024-06-18,ni,155.35
2024-06-19,ni,155.07
2024-06-20,ni,154.8
2024-06-21,ni,154.59
2024-06-22,ni,154.36
2024-06-23,ni,154.25
2024-06-24,ni,154
2024-06-25,ni,153.87
2024-06-26,ni,153.81
2024-06-27,ni,153.81
2024-06-28,ni,153.8
2024-06-29,ni,153.9
2024-06-30,ni,153.94
2024-07-01,ni,153.92
2024-07-02,ni,153.9
2024-07-03,ni,153.82
2024-07-04,ni,153.68
2024-07-05,ni,153.7
2024-07-06,ni,153.6
2024-07-07,ni,153.5
2024-07-08,ni,153.45
2024-07-09,ni,153.29
2024-07-10,ni,153.16
2024-07-11,ni,153.09
2024-07-12,ni,152.81
2024-07-13,ni,152.62
2024-07-14,ni,152.43
2024-07-15,ni,152.27
2024-07-16,ni,152.18
2024-07-17,ni,152.16
2024-07-18,ni,151.85
2024-07-19,ni,151.7
2024-07-20,ni,151.53
2024-07-21,ni,151.28
2024-07-22,ni,151.11
2024-07-23,ni,150.97
2024-07-24,ni,150.78
2024-07-25,ni,150.72
2024-07-26,ni,150.69
2024-07-27,ni,150.6
2024-07-28,ni,150.65
2024-07-29,ni,150.45
2024-07-30,ni,150.38
2024-07-31,ni,150.27
2024-08-01,ni,150.21
2024-08-02,ni,150.26
2024-08-03,ni,150.42
2024-08-04,ni,150.54
2024-08-05,ni,150.74
2024-08-06,ni,150.77
2024-08-07,ni,150.94
2024-08-08,ni,151.16
2024-08-09,ni,151.11
2024-08-10,ni,151.08
2024-08-11,ni,151.05
2024-08-12,ni,151.09
2024-08-13,ni,151.2
2024-08-14,ni,151.03
2024-08-15,ni,150.92
2024-08-16,ni,150.86
2024-08-17,ni,150.84
2024-08-18,ni,150.73
2024-08-19,ni,150.69
2024-08-20,ni,150.61
2024-08-21,ni,150.61
2024-08-22,ni,150.63
2024-08-23,ni,150.64
2024-08-24,ni,150.56
2024-08-25,ni,150.52
2024-08-26,ni,150.48
2024-08-27,ni,150.48
2024-08-28,ni,150.58
2024-08-29,ni,150.7
2024-08-30,ni,150.74
2024-08-31,ni,150.87
2024-09-01,ni,150.83
2024-09-02,ni,150.82
2024-09-03,ni,150.69
2024-09-04,ni,150.59
2024-09-05,ni,150.42
2024-09-06,ni,150.27
2024-09-07,ni,150.08
2024-09-08,ni,149.96
2024-09-09,ni,149.61
2024-09-10,ni,149.3
2024-09-11,ni,148.87
2024-09-12,ni,148.36
2024-09-13,ni,147.83
2024-09-14,ni,147.33
2024-09-15,ni,146.88
2024-09-16,ni,146.53
2024-09-17,ni,146.27
2024-09-18,ni,145.97
2024-09-19,ni,145.75
2024-09-20,ni,145.57
2024-09-21,ni,145.27
2024-09-22,ni,144.89
2024-09-23,ni,144.39
2024-09-24,ni,143.97
2024-09-25,ni,143.72
2024-09-26,ni,143.48
2024-09-27,ni,143.44
2024-09-28,ni,143.38
2024-09-29,ni,143.46
2024-09-30,ni,143.73
2024-10-01,ni,143.89
2024-10-02,ni,143.29
2024-10-03,ni,143.4
2024-10-04,ni,143.45
2024-10-05,ni,143.56
2024-10-06,ni,143.52
2024-10-07,ni,143.59
2024-10-08,ni,143.54
2024-10-09,ni,144.33
2024-10-10,ni,144.26
2024-10-11,ni,144.07
2024-10-12,ni,143.89
2024-10-13,ni,143.67
2024-10-14,ni,143.4
2024-10-15,ni,143.1
2024-10-16,ni,142.77
2024-10-17,ni,142.99
2024-10-18,ni,143
2024-10-19,ni,143.04
2024-10-20,ni,143.24
2024-10-21,ni,143.36
2024-10-22,ni,143.62
2024-10-23,ni,143.78
2024-10-24,ni,143.58
2024-10-25,ni,143.59
2024-10-26,ni,143.58
2024-10-27,ni,143.51
2024-10-28,ni,143.56
2024-10-29,ni,143.64
2024-10-30,ni,143.7
2024-10-31,ni,143.81
2024-11-01,ni,143.93
2024-11-02,ni,143.99
2024-11-03,ni,144.08
2024-11-04,ni,144.09
2024-11-05,ni,144.09
2024-11-06,ni,144.17
2024-11-07,ni,144.08
2024-11-08,ni,144.03
2024-11-09,ni,143.97
2024-11-10,ni,143.88
2024-11-11,ni,143.9
2024-11-12,ni,143.83
2024-11-13,ni,143.77
2024-11-14,ni,143.78
2024-11-15,ni,143.88
2024-11-16,ni,144.15
2024-11-17,ni,144.33
2024-11-18,ni,144.45
2024-11-19,ni,144.65
2024-11-20,ni,144.86
2024-11-21,ni,145.04
2024-11-22,ni,145.17
2024-11-23,ni,145.21
2024-11-24,ni,145.41
2024-11-25,ni,145.52
2024-11-26,ni,145.6
2024-11-27,ni,145.62
2024-11-28,ni,145.51
2024-11-29,ni,145.21
2024-11-30,ni,145.24
2024-12-01,ni,145.24
2024-12-02,ni,145.35
2024-12-03,ni,145.43
2024-12-04,ni,145.55
2024-12-05,ni,145.78
2024-12-06,ni,146.31
2024-12-07,ni,146.4
2024-12-08,ni,146.51
2024-12-09,ni,146.58
2024-12-10,ni,146.73
2024-12-11,ni,146.85
2024-12-12,ni,146.93
2024-12-13,ni,146.92
2024-12-14,ni,146.95
2024-12-15,ni,146.92
2024-12-16,ni,146.97
2024-12-17,ni,146.85
2024-12-18,ni,146.62
2024-12-19,ni,146.55
2024-12-20,ni,146.44
2024-12-21,ni,146.37
2024-12-22,ni,146.34
2024-12-23,ni,146.31
2024-12-24,ni,146.33
2024-12-25,ni,146.48
2024-12-26,ni,146.55
2024-12-27,ni,146.59
2024-12-28,ni,146.54
2024-12-29,ni,146.57
2024-12-30,ni,146.52
2024-12-31,ni,146.46
2025-01-01,ni,146.46
2025-01-02,ni,146.25
2025-01-03,ni,146.19
2025-01-04,ni,146.12
2025-01-05,ni,145.98
2025-01-06,ni,145.87
2025-01-07,ni,145.69
2025-01-08,ni,145.51
2025-01-09,ni,145.49
2025-01-10,ni,145.29
2025-01-11,ni,145.12
2025-01-12,ni,144.9
2025-01-13,ni,144.71
2025-01-14,ni,144.62
2025-01-15,ni,144.42
2025-01-16,ni,144.25
2025-01-17,ni,144.1
2025-01-18,ni,144.03
2025-01-19,ni,144.02
2025-01-20,ni,143.93
2025-01-21,ni,143.85
2025-01-22,ni,143.78
2025-01-23,ni,143.75
2025-01-24,ni,143.7
2025-01-25,ni,143.63
2025-01-26,ni,143.56
2025-01-27,ni,143.62
2025-01-28,ni,143.49
2025-01-29,ni,143.11
2025-01-30,ni,143.01
2025-01-31,ni,142.93
2025-02-01,ni,142.81
2025-02-02,ni,142.69
2025-02-03,ni,142.45
2025-02-04,ni,142.41
2025-02-05,ni,142.63
2025-02-06,ni,142.56
2025-02-07,ni,142.55
2025-02-08,ni,142.56
2025-02-09,ni,142.54
2025-02-10,ni,142.52
2025-02-11,ni,142.56
2025-02-12,ni,142.54
2025-02-13,ni,141.9
2025-02-14,ni,141.91
2025-02-15,ni,141.81
2025-02-16,ni,141.79
2025-02-17,ni,141.77
2025-02-18,ni,141.68
2025-02-19,ni,141.56
2025-02-20,ni,142.12
2025-02-21,ni,142
2025-02-22,ni,141.91
2025-02-23,ni,141.77
2025-02-24,ni,141.69
2025-02-25,ni,141.58
2025-02-26,ni,141.62
2025-02-27,ni,141.5
2025-02-28,ni,141.45
2025-03-01,ni,141.39
2025-03-02,ni,141.36
2025-03-03,ni,141.25
2025-03-04,ni,141.33
2025-03-05,ni,140.98
2025-03-06,ni,140.98
2025-03-07,ni,140.84
2025-03-08,ni,140.76
2025-03-09,ni,140.64
2025-03-10,ni,140.45
2025-03-11,ni,140.2
2025-03-12,ni,140.29
2025-03-13,ni,140.1
2025-03-14,ni,140.08
2025-03-15,ni,140.14
2025-03-16,ni,140.11
2025-03-17,ni,140.2
2025-03-18,ni,140.23
2025-03-19,ni,140.3
2025-03-20,ni,140.43
2025-03-21,ni,140.39
2025-03-22,ni,140.21
2025-03-23,ni,140.14
2025-03-24,ni,140.05
2025-03-25,ni,139.85
2025-03-26,ni,139.6
2025-03-27,ni,139.34
2025-03-28,ni,139.13
2025-03-29,ni,139.07
2025-03-30,ni,139.05
2025-03-31,ni,139
2025-04-01,ni,139.07
2025-04-02,ni,139.29
2025-04-03,ni,139.53
2025-04-04,ni,139.76
2025-04-05,ni,140.02
2025-04-06,ni,140.14
2025-04-07,ni,140.32
2025-04-08,ni,140.45
2025-04-09,ni,140.46
2025-04-10,ni,140.32
2025-04-11,ni,140.23
2025-04-12,ni,140.16
2025-04-13,ni,140.24
2025-04-14,ni,140.31
2025-04-15,ni,140.45
2025-04-16,ni,140.56
2025-04-17,ni,140.73
2025-04-18,ni,140.99
2025-04-19,ni,140.98
2025-04-20,ni,140.91
2025-04-21,ni,140.94
2025-04-22,ni,140.82
2025-04-23,ni,140.69
2025-04-24,ni,140.49
2025-04-25,ni,140.18
2025-04-26,ni,140.09
2025-04-27,ni,139.91
2025-04-28,ni,139.68
2025-04-29,ni,139.74
2025-04-30,ni,139.8
2025-05-01,ni,139.97
2025-05-02,ni,140.23
2025-05-03,ni,140.48
2025-05-04,ni,140.78
2025-05-05,ni,141.07
2025-05-06,ni,141.12
2025-05-07,ni,141.18
2025-05-08,ni,141.29
2025-05-09,ni,141.35
2025-05-10,ni,141.27
2025-05-11,ni,141.1
2025-05-12,ni,140.9
2025-05-13,ni,140.79
2025-05-14,ni,140.73
2025-05-15,ni,140.6
2025-05-16,ni,140.59
2025-05-17,ni,140.59
2025-05-18,ni,140.71
2025-05-19,ni,140.87
2025-05-20,ni,141.01
2025-05-21,ni,141.2
2025-05-22,ni,141.37
2025-05-23,ni,141.4
2025-05-24,ni,141.51
2025-05-25,ni,141.63
2025-05-26,ni,141.69
2025-05-27,ni,141.74
2025-05-28,ni,141.72
2025-05-29,ni,141.83
2025-05-30,ni,141.89
2025-05-31,ni,141.82
2025-06-01,ni,141.79
2025-06-02,ni,141.72
2025-06-03,ni,141.67
2025-06-04,ni,141.61
2025-06-05,ni,141.41
2025-06-06,ni,141.18
2025-06-07,ni,141.11
2025-06-08,ni,140.95
2025-06-09,ni,140.94
2025-06-10,ni,140.62
2025-06-11,ni,140.32
2025-06-12,ni,140.11
2025-06-13,ni,140.03
2025-06-14,ni,139.85
2025-06-15,ni,139.73
2025-06-16,ni,139.5
2025-06-17,ni,139.48
2025-06-18,ni,139.45
2025-06-19,ni,139.4
2025-06-20,ni,139.28
2025-06-21,ni,139.21
2025-06-22,ni,139.19
2025-06-23,ni,139.24
2025-06-24,ni,139.24
2025-06-25,ni,139.24
2025-06-26,ni,139.32
2025-06-27,ni,139.46
2025-06-28,ni,139.54
2025-06-29,ni,139.53
2025-06-30,ni,139.42
2025-07-01,ni,139.27
2025-07-02,ni,139.17
2025-07-03,ni,139.09
2025-07-04,ni,139.03
2025-07-05,ni,138.96
2025-07-06,ni,138.92
2025-07-07,ni,138.92
2025-07-08,ni,139.02
2025-07-09,ni,139.01
2025-07-10,ni,138.86
2025-07-11,ni,138.58
2025-07-12,ni,138.43
2025-07-13,ni,138.24
2025-07-14,ni,137.98
2025-07-15,ni,137.89
2025-07-16,ni,137.81
2025-07-17,ni,137.66
2025-07-18,ni,137.59
2025-07-19,ni,137.25
2025-07-20,ni,136.93
2025-07-21,ni,136.75
2025-07-22,ni,136.56
2025-07-23,ni,136.43
2025-07-24,ni,136.49
2025-07-25,ni,136.52
2025-07-26,ni,136.88
2025-07-27,ni,137.13
2025-07-28,ni,137.34
2025-07-29,ni,137.27
2025-07-30,ni,137.13
2025-07-31,ni,136.89
2025-08-01,ni,136.54
2025-08-02,ni,136.36
2025-08-03,ni,136.32
2025-08-04,ni,136.27
2025-08-05,ni,136.41
2025-08-06,ni,136.63
2025-08-07,ni,136.84
2025-08-08,ni,137.27
2025-08-09,ni,137.31
2025-08-10,ni,137.39
2025-08-11,ni,137.5
2025-08-12,ni,137.5
2025-08-13,ni,137.52
2025-08-14,ni,137.37
2025-08-15,ni,137.3
2025-08-16,ni,137.31
2025-08-17,ni,137.28
2025-08-18,ni,137.1
2025-08-19,ni,137.05
2025-08-20,ni,137.11
2025-08-21,ni,137.37
2025-08-22,ni,137.52
2025-08-23,ni,137.66
2025-08-24,ni,137.89
2025-08-25,ni,138.2
2025-08-26,ni,138.35
2025-08-27,ni,138.45
2025-08-28,ni,138.54
2025-08-29,ni,138.61
2025-08-30,ni,138.59
2025-08-31,ni,138.55
2025-09-01,ni,138.39
2025-09-02,ni,138.64
2025-09-03,ni,138.86
2025-09-04,ni,139.04
2025-09-05,ni,139.29
2025-09-06,ni,139.67
2025-09-07,ni,140.02
2025-09-08,ni,140.52
2025-09-09,ni,140.74
2025-09-10,ni,140.85
2025-09-11,ni,140.98
2025-09-12,ni,141.15
2025-09-13,ni,141.28
2025-09-14,ni,141.41
2025-09-15,ni,141.5
2025-09-16,ni,141.53
2025-09-17,ni,141.81
2025-09-18,ni,141.98
2025-09-19,ni,142
2025-09-20,ni,142.05
2025-09-21,ni,141.96
2025-09-22,ni,141.98
2025-09-23,ni,141.98
2025-09-24,ni,141.75
2025-09-25,ni,141.72
2025-09-26,ni,141.67
2025-09-27,ni,141.58
2025-09-28,ni,141.63
2025-09-29,ni,141.53
2025-09-30,ni,141.59
2025-10-01,ni,141.74
2025-10-02,ni,141.77
2025-10-03,ni,142.05
2025-10-04,ni,142.28
2025-10-05,ni,142.56
2025-10-06,ni,142.89
2025-10-07,ni,143.23
2025-10-08,ni,143.51
2025-10-09,ni,143.76
2025-10-10,ni,143.82
2025-10-11,ni,143.88
2025-10-12,ni,143.81
2025-10-13,ni,143.7
2025-10-14,ni,143.54
2025-10-15,ni,143.31
2025-10-16,ni,143.21
2025-10-17,ni,143.19
2025-10-18,ni,143.11
2025-10-19,ni,143.14
2025-10-20,ni,143.16
2025-10-21,ni,143.02
2025-10-22,ni,143.16
2025-10-23,ni,143.08
2025-10-24,ni,142.99
2025-10-25,ni,143.01
2025-10-26,ni,142.97
2025-10-27,ni,142.99
2025-10-28,ni,143.05
2025-10-29,ni,142.99
2025-10-30,ni,143.03
2025-10-31,ni,143.05
2025-11-01,ni,142.87
2025-11-02,ni,142.7
2025-11-03,ni,142.51
2025-11-04,ni,142.52
2025-11-05,ni,142.52
2025-11-06,ni,142.64
2025-11-07,ni,142.66
2025-11-08,ni,142.87
2025-11-09,ni,143.14
2025-11-10,ni,143.4
2025-11-11,ni,143.61
2025-11-12,ni,143.79
2025-11-13,ni,143.76
2025-11-14,ni,143.81
2025-11-15,ni,143.76
2025-11-16,ni,143.67
2025-11-17,ni,143.64
2025-11-18,ni,143.72
2025-11-19,ni,143.6
2025-11-20,ni,143.66
2025-11-21,ni,143.82
2025-11-22,ni,143.97
2025-11-23,ni,144.02
2025-11-24,ni,144.17
2025-11-25,ni,144.08
2025-11-26,ni,144.09
2025-11-27,ni,144.03
2025-11-28,ni,144
2025-11-29,ni,144.08
2025-11-30,ni,144.09
2025-12-01,ni,144.03
2025-12-02,ni,144.18
2025-12-03,ni,144.52
2025-12-04,ni,144.64
2025-12-05,ni,144.65
2025-12-06,ni,144.46
2025-12-07,ni,144.35
2025-12-08,ni,144.25
2025-12-09,ni,143.92
2025-12-10,ni,143.48
2025-12-11,ni,143.35
2025-12-12,ni,143.27
2025-12-13,ni,143.3
2025-12-14,ni,143.44
2025-12-15,ni,143.54
2025-12-16,ni,143.68
2025-12-17,ni,143.87
2025-12-18,ni,143.92
2025-12-19,ni,143.99
2025-12-20,ni,144.03
2025-12-21,ni,144.03
2025-12-22,ni,144.14
2025-12-23,ni,144.24
2025-12-24,ni,144.25
2025-12-25,ni,144.23
2025-12-26,ni,144.14
2025-12-27,ni,144.06
2025-12-28,ni,143.98
2025-12-29,ni,143.99
2025-12-30,ni,143.97
2025-12-31,ni,143.99
2026-01-01,ni,144.1
2026-01-02,ni,144.09
2026-01-03,ni,143.99
2026-01-04,ni,143.76
2026-01-05,ni,143.47
2026-01-06,ni,143.36
2026-01-07,ni,143.27
2026-01-08,ni,143.16
2026-01-09,ni,143.08
2026-01-10,ni,143.01
2026-01-11,ni,143.01
2026-01-12,ni,143.09
2026-01-13,ni,143.18
2026-01-14,ni,142.98
2026-01-15,ni,142.71
2026-01-16,ni,142.71
2026-01-17,ni,142.7
2026-01-18,ni,142.69
2026-01-19,ni,142.49
2026-01-20,ni,142.19
2026-01-21,ni,142.11
2026-01-22,ni,142.25
2026-01-23,ni,142.31
2026-01-24,ni,142.5
2026-01-25,ni,142.54
2026-01-26,ni,142.58
2026-01-27,ni,142.54
2026-01-28,ni,142.57
2026-01-29,ni,142.45
2026-01-30,ni,142.27
2026-01-31,ni,142.14
2026-02-01,ni,142.04
2026-02-02,ni,141.97
2026-02-03,ni,141.92
2026-02-04,ni,141.84
2026-02-05,ni,141.71
2026-02-06,ni,141.55
2026-02-07,ni,141.29
2026-02-08,ni,141.17
2026-02-09,ni,141.06
2026-02-10,ni,140.96
2026-02-11,ni,140.85
2026-02-12,ni,140.74
2026-02-13,ni,140.63
2026-02-14,ni,140.53
2026-02-15,ni,140.42
2026-02-16,ni,140.31
2026-02-17,ni,140.2
2026-02-18,ni,140.09
2026-02-19,ni,139.99
2026-02-20,ni,139.88
2026-02-21,ni,139.77
2026-02-22,ni,139.66
2026-02-23,ni,139.55
2026-02-24,ni,139.45
2026-02-25,ni,139.34
2026-02-26,ni,139.3
2026-02-27,ni,139.23
2026-02-28,ni,139.13
2026-03-01,ni,139
2026-03-02,ni,138.9
2026-03-03,ni,138.86
2026-03-04,ni,138.8
2026-03-05,ni,138.69
2026-03-06,ni,138.63
2026-03-07,ni,138.63
2026-03-08,ni,138.67
2026-03-09,ni,138.62
2026-03-10,ni,138.45
2026-03-11,ni,138.11
2026-03-12,ni,137.74
2026-03-13,ni,137.45
2026-03-14,ni,137.15
2026-03-15,ni,136.79
2026-03-16,ni,136.46
2026-03-17,ni,136.03
2026-03-18,ni,135.89
2026-03-19,ni,135.76
2026-03-20,ni,135.53
2026-03-21,ni,135.22
2026-03-22,ni,134.85
2026-03-23,ni,134.41
2026-03-24,ni,134.22
2026-03-25,ni,133.84
2026-03-26,ni,133.47
2026-03-27,ni,133.3
2026-03-28,ni,133.15
2026-03-29,ni,133.12
2026-03-30,ni,133.23
2026-03-31,ni,133.21
2026-04-01,ni,133.29
2026-04-02,ni,133.37
2026-04-03,ni,133.31
2026-04-04,ni,133.23
2026-04-05,ni,133.15
2026-04-06,ni,132.89
2026-04-07,ni,132.7
2026-04-08,ni,132.57
2026-04-09,ni,132.35
2026-04-10,ni,132.08
2026-04-11,ni,131.85
2026-04-12,ni,131.62
2026-04-13,ni,131.56
2026-04-14,ni,131.38
2026-04-15,ni,131.08
2026-04-16,ni,130.84
2026-04-17,ni,130.52
2026-04-18,ni,130.22
2026-04-19,ni,129.94
2026-04-20,ni,129.64
2026-04-21,ni,129.55
2026-04-22,ni,129.65
2026-04-23,ni,129.83
2026-04-24,ni,130.09
2026-04-25,ni,130.34
2026-04-26,ni,130.66
2026-04-27,ni,130.87
2026-04-28,ni,131.07
2026-04-29,ni,131.14
2026-04-30,ni,131.18
2026-05-01,ni,130.99
2026-05-02,ni,130.82
2026-05-03,ni,130.62
2026-05-04,ni,130.48
2026-05-05,ni,130.36
2026-05-06,ni,130.29
2026-05-07,ni,130.35
2026-05-08,ni,130.69
2026-05-09,ni,130.96
2026-05-10,ni,131.09
2026-05-11,ni,131.15
2026-05-12,ni,131.22
2026-05-13,ni,131.29
2026-05-14,ni,131.21
2026-05-15,ni,131.02
2026-05-16,ni,130.83
2026-05-17,ni,130.75
2026-05-18,ni,130.69
2026-05-19,ni,130.61
2026-05-20,ni,130.55
2026-05-21,ni,130.36
2026-05-22,ni,130.2
2026-05-23,ni,130.05
2026-05-24,ni,129.84
2026-05-25,ni,129.59
2026-05-26,ni,129.16
2026-05-27,ni,128.58
2026-05-28,ni,128.2
2026-05-29,ni,127.88
2026-05-30,ni,127.86
2026-05-31,ni,127.5
2026-06-01,ni,127.35
2026-06-02,ni,127.78
2026-06-03,ni,128.3
2026-06-04,ni,128.84
2026-06-05,ni,129.4
2026-06-06,ni,129.87
2026-06-07,ni,130.66
2026-06-08,ni,131.16
2026-06-09,ni,131.27
2026-06-10,ni,131.24
2026-06-11,ni,131.27
2026-06-12,ni,131.3
2026-06-13,ni,131.45
2026-06-14,ni,131.53
2026-06-15,ni,131.54
2026-06-16,ni,131.61
2026-06-17,ni,131.84
2026-06-18,ni,131.8
2026-06-19,ni,131.92
2026-06-20,ni,131.73
2026-06-21,ni,131.59
2026-06-22,ni,131.6
2026-06-23,ni,131.51
2026-06-24,ni,131.19
2026-06-25,ni,131.16
2026-06-26,ni,130.85
2026-06-27,ni,130.81
2026-06-28,ni,130.72
2026-06-29,ni,130.5
2026-06-30,ni,129.89
2026-07-01,ni,129.77
2026-07-02,ni,129.63
2026-07-03,ni,129.58
2026-07-04,ni,129.54
2026-07-05,ni,129.55
2026-07-06,ni,129.52
2026-07-07,ni,129.92
2026-07-08,ni,130.1
2026-07-09,ni,130.36
2026-07-10,ni,130.68
2026-07-11,ni,130.85
2026-07-12,ni,131.06
2026-07-13,ni,131.19
2026-07-14,ni,131.22
2026-07-15,ni,131.18
2026-07-16,ni,131.06
2026-07-17,ni,130.91
2026-07-18,ni,130.82
2026-07-19,ni,130.68
2026-07-20,ni,130.7
2026-07-21,ni,130.87
2026-07-22,ni,130.97
2026-07-23,ni,130.91
2026-07-24,ni,130.84
2026-07-25,ni,130.75
2026-07-26,ni,130.72
2026-07-27,ni,130.5
2026-07-28,ni,130.33
2026-07-29,ni,130.14
2026-07-30,ni,129.98
2026-07-31,ni,129.56
2026-08-01,ni,129.4
2026-08-02,ni,129.11
2026-08-03,ni,129.07
2026-08-04,ni,129.33
2026-08-05,ni,129.74
2026-08-06,ni,130.1
2026-08-07,ni,130.79
2026-08-08,ni,131.26
2026-08-09,ni,131.78
2026-08-10,ni,132.28
2026-08-11,ni,132.31
2026-08-12,ni,132.18
2026-08-13,ni,132.14
2026-08-14,ni,131.99
2026-08-15,ni,131.87
2026-08-16,ni,131.79
2026-08-17,ni,131.62
2026-08-18,ni,131.53
2026-08-19,ni,131.61
2026-08-20,ni,131.72
2026-08-21,ni,131.86
2026-08-22,ni,131.94
2026-08-23,ni,132.04
2026-08-24,ni,132.12
2026-08-25,ni,132.2
2026-08-26,ni,132.3
2026-08-27,ni,132.29
2026-08-28,ni,132.23
2026-08-29,ni,132.3
2026-08-30,ni,132.28
2026-08-31,ni,132.11
2026-09-01,ni,132.17
2026-09-02,ni,132.34
2026-09-03,ni,132.57
2026-09-04,ni,132.79
2026-09-05,ni,132.9
2026-09-06,ni,133.01
2026-09-07,ni,133.39
2026-09-08,ni,133.46
2026-09-09,ni,133.42
2026-09-10,ni,133.31
2026-09-11,ni,133.28
2026-09-12,ni,133.18
2026-09-13,ni,133
2026-09-14,ni,132.61
2026-09-15,ni,132.48
2026-09-16,ni,132.02
2026-09-17,ni,131.67
2026-09-18,ni,131.31
2020-02-01,nw,100
2020-02-02,nw,99.83
2020-02-03,nw,99.7
2020-02-04,nw,99.45
2020-02-05,nw,99.49
2020-02-06,nw,99.5
2020-02-07,nw,99.49
2020-02-08,nw,99.46
2020-02-09,nw,99.49
2020-02-10,nw,99.46
2020-02-11,nw,99.41
2020-02-12,nw,99.21
2020-02-13,nw,99.12
2020-02-14,nw,99.02
2020-02-15,nw,99.01
2020-02-16,nw,99.03
2020-02-17,nw,98.99
2020-02-18,nw,98.95
2020-02-19,nw,99.11
2020-02-20,nw,99.2
2020-02-21,nw,99.33
2020-02-22,nw,99.27
2020-02-23,nw,99.21
2020-02-24,nw,99.36
2020-02-25,nw,99.53
2020-02-26,nw,99.7
2020-02-27,nw,99.76
2020-02-28,nw,99.74
2020-02-29,nw,99.85
2020-03-01,nw,99.94
2020-03-02,nw,99.93
2020-03-03,nw,99.92
2020-03-04,nw,99.69
2020-03-05,nw,99.64
2020-03-06,nw,99.67
2020-03-07,nw,99.71
2020-03-08,nw,99.74
2020-03-09,nw,99.75
2020-03-10,nw,99.87
2020-03-11,nw,100.01
2020-03-12,nw,100.2
2020-03-13,nw,100.25
2020-03-14,nw,100.19
2020-03-15,nw,100.23
2020-03-16,nw,100.18
2020-03-17,nw,100.02
2020-03-18,nw,99.85
2020-03-19,nw,99.41
2020-03-20,nw,98.93
2020-03-21,nw,98.48
2020-03-22,nw,97.93
2020-03-23,nw,97.45
2020-03-24,nw,96.86
2020-03-25,nw,96.3
2020-03-26,nw,95.75
2020-03-27,nw,95.26
2020-03-28,nw,94.66
2020-03-29,nw,94.09
2020-03-30,nw,93.5
2020-03-31,nw,92.9
2020-04-01,nw,92.1
2020-04-02,nw,91.4
2020-04-03,nw,90.52
2020-04-04,nw,89.69
2020-04-05,nw,88.9
2020-04-06,nw,88.08
2020-04-07,nw,87.35
2020-04-08,nw,86.76
2020-04-09,nw,86.07
2020-04-10,nw,85.54
2020-04-11,nw,85.06
2020-04-12,nw,84.56
2020-04-13,nw,84.18
2020-04-14,nw,83.97
2020-04-15,nw,83.9
2020-04-16,nw,83.85
2020-04-17,nw,83.99
2020-04-18,nw,84.08
2020-04-19,nw,84.04
2020-04-20,nw,84.02
2020-04-21,nw,83.83
2020-04-22,nw,83.56
2020-04-23,nw,83.49
2020-04-24,nw,83.32
2020-04-25,nw,83.11
2020-04-26,nw,83.1
2020-04-27,nw,83.05
2020-04-28,nw,82.97
2020-04-29,nw,83.04
2020-04-30,nw,82.98
2020-05-01,nw,82.85
2020-05-02,nw,82.82
2020-05-03,nw,82.78
2020-05-04,nw,82.69
2020-05-05,nw,82.64
2020-05-06,nw,82.52
2020-05-07,nw,82.32
2020-05-08,nw,82.08
2020-05-09,nw,81.73
2020-05-10,nw,81.4
2020-05-11,nw,81.09
2020-05-12,nw,80.74
2020-05-13,nw,80.34
2020-05-14,nw,80.05
2020-05-15,nw,79.84
2020-05-16,nw,79.79
2020-05-17,nw,79.63
2020-05-18,nw,79.51
2020-05-19,nw,79.41
2020-05-20,nw,79.35
2020-05-21,nw,79.47
2020-05-22,nw,79.67
2020-05-23,nw,80.03
2020-05-24,nw,80.4
2020-05-25,nw,80.63
2020-05-26,nw,80.93
2020-05-27,nw,81.24
2020-05-28,nw,81.49
2020-05-29,nw,81.86
2020-05-30,nw,82.04
2020-05-31,nw,82.22
2020-06-01,nw,82.81
2020-06-02,nw,83.17
2020-06-03,nw,83.33
2020-06-04,nw,83.43
2020-06-05,nw,83.41
2020-06-06,nw,83.23
2020-06-07,nw,83.11
2020-06-08,nw,82.66
2020-06-09,nw,82.69
2020-06-10,nw,82.89
2020-06-11,nw,83.21
2020-06-12,nw,83.49
2020-06-13,nw,83.78
2020-06-14,nw,84.1
2020-06-15,nw,84.4
2020-06-16,nw,84.49
2020-06-17,nw,84.52
2020-06-18,nw,84.45
2020-06-19,nw,84.41
2020-06-20,nw,84.53
2020-06-21,nw,84.47
2020-06-22,nw,84.52
2020-06-23,nw,84.5
2020-06-24,nw,84.56
2020-06-25,nw,84.51
2020-06-26,nw,84.43
2020-06-27,nw,84.39
2020-06-28,nw,84.38
2020-06-29,nw,84.31
2020-06-30,nw,84.28
2020-07-01,nw,84.11
2020-07-02,nw,83.98
2020-07-03,nw,83.77
2020-07-04,nw,83.64
2020-07-05,nw,83.58
2020-07-06,nw,83.55
2020-07-07,nw,83.65
2020-07-08,nw,83.91
2020-07-09,nw,84.25
2020-07-10,nw,84.66
2020-07-11,nw,84.92
2020-07-12,nw,85.2
2020-07-13,nw,85.44
2020-07-14,nw,85.67
2020-07-15,nw,85.67
2020-07-16,nw,85.55
2020-07-17,nw,85.37
2020-07-18,nw,85.15
2020-07-19,nw,84.97
2020-07-20,nw,84.7
2020-07-21,nw,84.42
2020-07-22,nw,84.39
2020-07-23,nw,84.38
2020-07-24,nw,84.38
2020-07-25,nw,84.77
2020-07-26,nw,85.15
2020-07-27,nw,85.57
2020-07-28,nw,85.9
2020-07-29,nw,86.07
2020-07-30,nw,86.21
2020-07-31,nw,86.49
2020-08-01,nw,86.32
2020-08-02,nw,86.17
2020-08-03,nw,86
2020-08-04,nw,85.83
2020-08-05,nw,85.62
2020-08-06,nw,85.67
2020-08-07,nw,85.58
2020-08-08,nw,85.72
2020-08-09,nw,85.83
2020-08-10,nw,86.05
2020-08-11,nw,86.14
2020-08-12,nw,86.4
2020-08-13,nw,86.52
2020-08-14,nw,86.7
2020-08-15,nw,86.83
2020-08-16,nw,87.02
2020-08-17,nw,87.12
2020-08-18,nw,87.38
2020-08-19,nw,87.58
2020-08-20,nw,87.7
2020-08-21,nw,87.89
2020-08-22,nw,88.01
2020-08-23,nw,88.1
2020-08-24,nw,88.24
2020-08-25,nw,88.4
2020-08-26,nw,88.57
2020-08-27,nw,88.8
2020-08-28,nw,88.88
2020-08-29,nw,88.97
2020-08-30,nw,89.12
2020-08-31,nw,89.35
2020-09-01,nw,89.52
2020-09-02,nw,89.66
2020-09-03,nw,89.7
2020-09-04,nw,89.71
2020-09-05,nw,89.87
2020-09-06,nw,89.9
2020-09-07,nw,89.82
2020-09-08,nw,89.72
2020-09-09,nw,89.63
2020-09-10,nw,89.66
2020-09-11,nw,89.79
2020-09-12,nw,89.7
2020-09-13,nw,89.46
2020-09-14,nw,89.46
2020-09-15,nw,89.45
2020-09-16,nw,89.5
2020-09-17,nw,89.53
2020-09-18,nw,89.7
2020-09-19,nw,89.96
2020-09-20,nw,90.27
2020-09-21,nw,90.36
2020-09-22,nw,90.51
2020-09-23,nw,90.48
2020-09-24,nw,90.49
2020-09-25,nw,90.42
2020-09-26,nw,90.29
2020-09-27,nw,90.26
2020-09-28,nw,90.44
2020-09-29,nw,90.47
2020-09-30,nw,90.76
2020-10-01,nw,91.22
2020-10-02,nw,91.62
2020-10-03,nw,92.15
2020-10-04,nw,92.66
2020-10-05,nw,93.14
2020-10-06,nw,93.74
2020-10-07,nw,94.25
2020-10-08,nw,94.53
2020-10-09,nw,94.83
2020-10-10,nw,95.11
2020-10-11,nw,95.41
2020-10-12,nw,95.52
2020-10-13,nw,95.64
2020-10-14,nw,95.75
2020-10-15,nw,95.92
2020-10-16,nw,96
2020-10-17,nw,96.01
2020-10-18,nw,96.05
2020-10-19,nw,96.17
2020-10-20,nw,96.28
2020-10-21,nw,96.46
2020-10-22,nw,96.59
2020-10-23,nw,96.7
2020-10-24,nw,96.81
2020-10-25,nw,96.91
2020-10-26,nw,97.01
2020-10-27,nw,97.05
2020-10-28,nw,96.97
2020-10-29,nw,96.98
2020-10-30,nw,96.96
2020-10-31,nw,96.92
2020-11-01,nw,96.91
2020-11-02,nw,96.92
2020-11-03,nw,96.94
2020-11-04,nw,96.98
2020-11-05,nw,96.94
2020-11-06,nw,96.99
2020-11-07,nw,97.14
2020-11-08,nw,97.23
2020-11-09,nw,97.27
2020-11-10,nw,97.32
2020-11-11,nw,97.43
2020-11-12,nw,97.46
2020-11-13,nw,97.46
2020-11-14,nw,97.34
2020-11-15,nw,97.27
2020-11-16,nw,97.19
2020-11-17,nw,97.11
2020-11-18,nw,96.97
2020-11-19,nw,96.89
2020-11-20,nw,96.83
2020-11-21,nw,96.82
2020-11-22,nw,96.73
2020-11-23,nw,96.67
2020-11-24,nw,96.43
2020-11-25,nw,96.36
2020-11-26,nw,96.41
2020-11-27,nw,96.4
2020-11-28,nw,96.45
2020-11-29,nw,96.57
2020-11-30,nw,96.63
2020-12-01,nw,96.94
2020-12-02,nw,97.05
2020-12-03,nw,97.05
2020-12-04,nw,97.23
2020-12-05,nw,97.31
2020-12-06,nw,97.33
2020-12-07,nw,97.41
2020-12-08,nw,97.42
2020-12-09,nw,97.42
2020-12-10,nw,97.43
2020-12-11,nw,97.32
2020-12-12,nw,97.19
2020-12-13,nw,97.19
2020-12-14,nw,97.22
2020-12-15,nw,97.36
2020-12-16,nw,97.47
2020-12-17,nw,97.58
2020-12-18,nw,97.66
2020-12-19,nw,97.81
2020-12-20,nw,97.91
2020-12-21,nw,97.96
2020-12-22,nw,97.92
2020-12-23,nw,97.93
2020-12-24,nw,97.97
2020-12-25,nw,98.05
2020-12-26,nw,98.02
2020-12-27,nw,97.97
2020-12-28,nw,98.05
2020-12-29,nw,98.16
2020-12-30,nw,98.26
2020-12-31,nw,98.43
2021-01-01,nw,98.64
2021-01-02,nw,98.86
2021-01-03,nw,99.01
2021-01-04,nw,99.04
2021-01-05,nw,99.07
2021-01-06,nw,99.25
2021-01-07,nw,99.35
2021-01-08,nw,99.38
2021-01-09,nw,99.51
2021-01-10,nw,99.69
2021-01-11,nw,99.88
2021-01-12,nw,100.06
2021-01-13,nw,100.11
2021-01-14,nw,100.3
2021-01-15,nw,100.43
2021-01-16,nw,100.6
2021-01-17,nw,100.79
2021-01-18,nw,100.96
2021-01-19,nw,101.1
2021-01-20,nw,101.25
2021-01-21,nw,101.25
2021-01-22,nw,101.31
2021-01-23,nw,101.34
2021-01-24,nw,101.41
2021-01-25,nw,101.47
2021-01-26,nw,101.46
2021-01-27,nw,101.48
2021-01-28,nw,101.57
2021-01-29,nw,101.54
2021-01-30,nw,101.52
2021-01-31,nw,101.44
2021-02-01,nw,101.39
2021-02-02,nw,101.39
2021-02-03,nw,101.38
2021-02-04,nw,101.17
2021-02-05,nw,101.1
2021-02-06,nw,101.03
2021-02-07,nw,100.95
2021-02-08,nw,100.81
2021-02-09,nw,100.64
2021-02-10,nw,100.4
2021-02-11,nw,100.32
2021-02-12,nw,100.19
2021-02-13,nw,100.12
2021-02-14,nw,100.1
2021-02-15,nw,100.16
2021-02-16,nw,100.31
2021-02-17,nw,100.38
2021-02-18,nw,100.44
2021-02-19,nw,100.72
2021-02-20,nw,100.88
2021-02-21,nw,101.01
2021-02-22,nw,101.03
2021-02-23,nw,101.08
2021-02-24,nw,101.46
2021-02-25,nw,101.87
2021-02-26,nw,102.11
2021-02-27,nw,102.43
2021-02-28,nw,102.7
2021-03-01,nw,103.02
2021-03-02,nw,103.33
2021-03-03,nw,103.47
2021-03-04,nw,103.53
2021-03-05,nw,103.65
2021-03-06,nw,103.8
2021-03-07,nw,104.1
2021-03-08,nw,104.38
2021-03-09,nw,104.43
2021-03-10,nw,104.48
2021-03-11,nw,104.56
2021-03-12,nw,104.72
2021-03-13,nw,104.85
2021-03-14,nw,104.91
2021-03-15,nw,105.09
2021-03-16,nw,105.38
2021-03-17,nw,105.72
2021-03-18,nw,106.15
2021-03-19,nw,106.42
2021-03-20,nw,106.87
2021-03-21,nw,107.44
2021-03-22,nw,107.93
2021-03-23,nw,108.49
2021-03-24,nw,108.99
2021-03-25,nw,109.52
2021-03-26,nw,110.04
2021-03-27,nw,110.42
2021-03-28,nw,110.67
2021-03-29,nw,110.89
2021-03-30,nw,110.98
2021-03-31,nw,111.11
2021-04-01,nw,111.02
2021-04-02,nw,110.96
2021-04-03,nw,110.72
2021-04-04,nw,110.53
2021-04-05,nw,110.48
2021-04-06,nw,110.49
2021-04-07,nw,110.39
2021-04-08,nw,110.27
2021-04-09,nw,110.01
2021-04-10,nw,109.83
2021-04-11,nw,109.49
2021-04-12,nw,109.14
2021-04-13,nw,108.86
2021-04-14,nw,108.71
2021-04-15,nw,108.71
2021-04-16,nw,108.7
2021-04-17,nw,108.85
2021-04-18,nw,109.07
2021-04-19,nw,109.26
2021-04-20,nw,109.37
2021-04-21,nw,109.37
2021-04-22,nw,109.31
2021-04-23,nw,109.52
2021-04-24,nw,109.64
2021-04-25,nw,109.63
2021-04-26,nw,109.69
2021-04-27,nw,109.66
2021-04-28,nw,109.68
2021-04-29,nw,109.79
2021-04-30,nw,109.77
2021-05-01,nw,109.66
2021-05-02,nw,109.8
2021-05-03,nw,109.95
2021-05-04,nw,110.16
2021-05-05,nw,110.46
2021-05-06,nw,110.75
2021-05-07,nw,111
2021-05-08,nw,111.29
2021-05-09,nw,111.38
2021-05-10,nw,111.47
2021-05-11,nw,111.66
2021-05-12,nw,111.78
2021-05-13,nw,111.98
2021-05-14,nw,112.07
2021-05-15,nw,112.09
2021-05-16,nw,112.28
2021-05-17,nw,112.2
2021-05-18,nw,112.2
2021-05-19,nw,112.3
2021-05-20,nw,112.48
2021-05-21,nw,112.85
2021-05-22,nw,113.33
2021-05-23,nw,113.94
2021-05-24,nw,114.75
2021-05-25,nw,115.23
2021-05-26,nw,115.51
2021-05-27,nw,115.68
2021-05-28,nw,115.91
2021-05-29,nw,116.2
2021-05-30,nw,116.43
2021-05-31,nw,116.59
2021-06-01,nw,117.21
2021-06-02,nw,117.86
2021-06-03,nw,118.4
2021-06-04,nw,118.78
2021-06-05,nw,119.09
2021-06-06,nw,119.18
2021-06-07,nw,119.31
2021-06-08,nw,119.14
2021-06-09,nw,119.35
2021-06-10,nw,119.47
2021-06-11,nw,119.88
2021-06-12,nw,120.41
2021-06-13,nw,120.92
2021-06-14,nw,121.51
2021-06-15,nw,122.18
2021-06-16,nw,122.55
2021-06-17,nw,123.07
2021-06-18,nw,123.43
2021-06-19,nw,123.69
2021-06-20,nw,124.07
2021-06-21,nw,124.26
2021-06-22,nw,124.42
2021-06-23,nw,124.71
2021-06-24,nw,124.98
2021-06-25,nw,125.21
2021-06-26,nw,125.33
2021-06-27,nw,125.46
2021-06-28,nw,125.78
2021-06-29,nw,126.1
2021-06-30,nw,126.29
2021-07-01,nw,126.49
2021-07-02,nw,126.61
2021-07-03,nw,126.96
2021-07-04,nw,127.28
2021-07-05,nw,127.45
2021-07-06,nw,127.68
2021-07-07,nw,127.92
2021-07-08,nw,128.31
2021-07-09,nw,128.69
2021-07-10,nw,128.93
2021-07-11,nw,129.2
2021-07-12,nw,129.55
2021-07-13,nw,129.86
2021-07-14,nw,130.15
2021-07-15,nw,130.28
2021-07-16,nw,130.52
2021-07-17,nw,130.75
2021-07-18,nw,131.02
2021-07-19,nw,131.35
2021-07-20,nw,131.6
2021-07-21,nw,131.82
2021-07-22,nw,132.18
2021-07-23,nw,132.42
2021-07-24,nw,132.6
2021-07-25,nw,132.84
2021-07-26,nw,133.11
2021-07-27,nw,133.45
2021-07-28,nw,133.76
2021-07-29,nw,133.66
2021-07-30,nw,133.69
2021-07-31,nw,133.69
2021-08-01,nw,133.52
2021-08-02,nw,133.29
2021-08-03,nw,133.09
2021-08-04,nw,133.07
2021-08-05,nw,133.37
2021-08-06,nw,133.71
2021-08-07,nw,134.1
2021-08-08,nw,134.6
2021-08-09,nw,135.03
2021-08-10,nw,135.43
2021-08-11,nw,135.68
2021-08-12,nw,135.96
2021-08-13,nw,136.16
2021-08-14,nw,136.39
2021-08-15,nw,136.6
2021-08-16,nw,136.9
2021-08-17,nw,137.13
2021-08-18,nw,137.58
2021-08-19,nw,137.94
2021-08-20,nw,138.24
2021-08-21,nw,138.58
2021-08-22,nw,138.9
2021-08-23,nw,139.15
2021-08-24,nw,139.44
2021-08-25,nw,139.61
2021-08-26,nw,139.77
2021-08-27,nw,140.01
2021-08-28,nw,140.24
2021-08-29,nw,140.44
2021-08-30,nw,140.78
2021-08-31,nw,141.09
2021-09-01,nw,141.23
2021-09-02,nw,141.41
2021-09-03,nw,141.54
2021-09-04,nw,141.63
2021-09-05,nw,141.8
2021-09-06,nw,141.81
2021-09-07,nw,141.87
2021-09-08,nw,142
2021-09-09,nw,142.14
2021-09-10,nw,142.35
2021-09-11,nw,142.55
2021-09-12,nw,142.72
2021-09-13,nw,142.87
2021-09-14,nw,142.95
2021-09-15,nw,143.03
2021-09-16,nw,143.14
2021-09-17,nw,143.25
2021-09-18,nw,143.37
2021-09-19,nw,143.51
2021-09-20,nw,143.74
2021-09-21,nw,143.95
2021-09-22,nw,144.25
2021-09-23,nw,144.52
2021-09-24,nw,144.73
2021-09-25,nw,144.86
2021-09-26,nw,145.15
2021-09-27,nw,145.38
2021-09-28,nw,145.79
2021-09-29,nw,146.12
2021-09-30,nw,146.43
2021-10-01,nw,146.75
2021-10-02,nw,147.19
2021-10-03,nw,147.42
2021-10-04,nw,147.62
2021-10-05,nw,147.93
2021-10-06,nw,148.32
2021-10-07,nw,148.68
2021-10-08,nw,149.11
2021-10-09,nw,149.48
2021-10-10,nw,149.93
2021-10-11,nw,150.4
2021-10-12,nw,150.58
2021-10-13,nw,150.71
2021-10-14,nw,150.86
2021-10-15,nw,151.09
2021-10-16,nw,151.21
2021-10-17,nw,151.29
2021-10-18,nw,151.38
2021-10-19,nw,151.64
2021-10-20,nw,151.87
2021-10-21,nw,152.14
2021-10-22,nw,152.24
2021-10-23,nw,152.49
2021-10-24,nw,152.67
2021-10-25,nw,152.94
2021-10-26,nw,153.05
2021-10-27,nw,153.12
2021-10-28,nw,153.2
2021-10-29,nw,153.32
2021-10-30,nw,153.5
2021-10-31,nw,153.7
2021-11-01,nw,153.13
2021-11-02,nw,152.61
2021-11-03,nw,152.12
2021-11-04,nw,152.26
2021-11-05,nw,152.45
2021-11-06,nw,152.56
2021-11-07,nw,152.68
2021-11-08,nw,153.51
2021-11-09,nw,154.41
2021-11-10,nw,155.25
2021-11-11,nw,155.44
2021-11-12,nw,155.59
2021-11-13,nw,155.71
2021-11-14,nw,155.88
2021-11-15,nw,156.02
2021-11-16,nw,156.18
2021-11-17,nw,156.38
2021-11-18,nw,156.49
2021-11-19,nw,156.62
2021-11-20,nw,156.62
2021-11-21,nw,156.63
2021-11-22,nw,156.7
2021-11-23,nw,156.83
2021-11-24,nw,156.92
2021-11-25,nw,157.08
2021-11-26,nw,157.26
2021-11-27,nw,157.55
2021-11-28,nw,157.89
2021-11-29,nw,158.25
2021-11-30,nw,158.29
2021-12-01,nw,158.24
2021-12-02,nw,158.24
2021-12-03,nw,158.15
2021-12-04,nw,158.16
2021-12-05,nw,158.06
2021-12-06,nw,157.93
2021-12-07,nw,157.97
2021-12-08,nw,158.06
2021-12-09,nw,158.07
2021-12-10,nw,158.11
2021-12-11,nw,158.15
2021-12-12,nw,158.24
2021-12-13,nw,158.44
2021-12-14,nw,158.57
2021-12-15,nw,158.66
2021-12-16,nw,158.78
2021-12-17,nw,159
2021-12-18,nw,159.1
2021-12-19,nw,159.15
2021-12-20,nw,159.12
2021-12-21,nw,159.19
2021-12-22,nw,159.48
2021-12-23,nw,159.75
2021-12-24,nw,160.03
2021-12-25,nw,160.23
2021-12-26,nw,160.47
2021-12-27,nw,160.82
2021-12-28,nw,161.02
2021-12-29,nw,160.94
2021-12-30,nw,161.06
2021-12-31,nw,160.99
2022-01-01,nw,160.9
2022-01-02,nw,160.78
2022-01-03,nw,160.5
2022-01-04,nw,160.43
2022-01-05,nw,160.56
2022-01-06,nw,160.38
2022-01-07,nw,160.43
2022-01-08,nw,160.63
2022-01-09,nw,160.72
2022-01-10,nw,160.72
2022-01-11,nw,160.47
2022-01-12,nw,160.24
2022-01-13,nw,160.13
2022-01-14,nw,159.84
2022-01-15,nw,159.64
2022-01-16,nw,159.54
2022-01-17,nw,159.58
2022-01-18,nw,159.69
2022-01-19,nw,159.94
2022-01-20,nw,160.19
2022-01-21,nw,160.48
2022-01-22,nw,160.69
2022-01-23,nw,160.86
2022-01-24,nw,160.99
2022-01-25,nw,161.2
2022-01-26,nw,161.4
2022-01-27,nw,161.69
2022-01-28,nw,162.15
2022-01-29,nw,162.61
2022-01-30,nw,163.17
2022-01-31,nw,163.73
2022-02-01,nw,164.18
2022-02-02,nw,164.72
2022-02-03,nw,165.17
2022-02-04,nw,165.49
2022-02-05,nw,165.55
2022-02-06,nw,165.64
2022-02-07,nw,165.67
2022-02-08,nw,165.93
2022-02-09,nw,166.24
2022-02-10,nw,166.55
2022-02-11,nw,166.78
2022-02-12,nw,167.48
2022-02-13,nw,167.71
2022-02-14,nw,167.92
2022-02-15,nw,168.22
2022-02-16,nw,168.22
2022-02-17,nw,168.5
2022-02-18,nw,168.76
2022-02-19,nw,169.02
2022-02-20,nw,169.74
2022-02-21,nw,170.36
2022-02-22,nw,170.72
2022-02-23,nw,171.1
2022-02-24,nw,171.22
2022-02-25,nw,171.62
2022-02-26,nw,171.97
2022-02-27,nw,171.96
2022-02-28,nw,172
2022-03-01,nw,172.01
2022-03-02,nw,171.98
2022-03-03,nw,172.16
2022-03-04,nw,172.11
2022-03-05,nw,172.12
2022-03-06,nw,172.44
2022-03-07,nw,172.95
2022-03-08,nw,173.54
2022-03-09,nw,174.23
2022-03-10,nw,174.37
2022-03-11,nw,174.61
2022-03-12,nw,174.93
2022-03-13,nw,175
2022-03-14,nw,174.86
2022-03-15,nw,174.99
2022-03-16,nw,175.01
2022-03-17,nw,175.39
2022-03-18,nw,175.87
2022-03-19,nw,175.91
2022-03-20,nw,176.25
2022-03-21,nw,176.97
2022-03-22,nw,177.51
2022-03-23,nw,178.11
2022-03-24,nw,178.67
2022-03-25,nw,179.23
2022-03-26,nw,180.06
2022-03-27,nw,180.65
2022-03-28,nw,181.05
2022-03-29,nw,181.31
2022-03-30,nw,181.52
2022-03-31,nw,181.91
2022-04-01,nw,182
2022-04-02,nw,181.97
2022-04-03,nw,181.88
2022-04-04,nw,181.88
2022-04-05,nw,181.97
2022-04-06,nw,182.25
2022-04-07,nw,182.26
2022-04-08,nw,182.24
2022-04-09,nw,182.24
2022-04-10,nw,182.57
2022-04-11,nw,182.62
2022-04-12,nw,182.63
2022-04-13,nw,182.66
2022-04-14,nw,182.73
2022-04-15,nw,183.01
2022-04-16,nw,183.07
2022-04-17,nw,183.1
2022-04-18,nw,183.27
2022-04-19,nw,183.27
2022-04-20,nw,183.17
2022-04-21,nw,182.8
2022-04-22,nw,182.49
2022-04-23,nw,182.53
2022-04-24,nw,182.63
2022-04-25,nw,182.58
2022-04-26,nw,182.64
2022-04-27,nw,182.79
2022-04-28,nw,183.2
2022-04-29,nw,183.72
2022-04-30,nw,184.2
2022-05-01,nw,184.42
2022-05-02,nw,184.88
2022-05-03,nw,185.44
2022-05-04,nw,185.79
2022-05-05,nw,186.16
2022-05-06,nw,186.33
2022-05-07,nw,186.39
2022-05-08,nw,186.59
2022-05-09,nw,186.69
2022-05-10,nw,186.82
2022-05-11,nw,187.08
2022-05-12,nw,187.21
2022-05-13,nw,187.34
2022-05-14,nw,187.55
2022-05-15,nw,187.76
2022-05-16,nw,188.01
2022-05-17,nw,188.18
2022-05-18,nw,188.28
2022-05-19,nw,188.47
2022-05-20,nw,188.64
2022-05-21,nw,188.6
2022-05-22,nw,188.56
2022-05-23,nw,188.52
2022-05-24,nw,188.48
2022-05-25,nw,188.44
2022-05-26,nw,188.4
2022-05-27,nw,188.36
2022-05-28,nw,188.32
2022-05-29,nw,188.28
2022-05-30,nw,188.24
2022-05-31,nw,188.11
2022-06-01,nw,188.19
2022-06-02,nw,187.79
2022-06-03,nw,187.23
2022-06-04,nw,186.77
2022-06-05,nw,186.37
2022-06-06,nw,185.81
2022-06-07,nw,185.24
2022-06-08,nw,184.44
2022-06-09,nw,184.37
2022-06-10,nw,184.8
2022-06-11,nw,185.05
2022-06-12,nw,185.15
2022-06-13,nw,185.33
2022-06-14,nw,185.75
2022-06-15,nw,186.13
2022-06-16,nw,186.82
2022-06-17,nw,186.45
2022-06-18,nw,186.7
2022-06-19,nw,187.01
2022-06-20,nw,187.26
2022-06-21,nw,187.1
2022-06-22,nw,186.97
2022-06-23,nw,186.38
2022-06-24,nw,186.76
2022-06-25,nw,186.6
2022-06-26,nw,186.59
2022-06-27,nw,186.65
2022-06-28,nw,186.95
2022-06-29,nw,187.27
2022-06-30,nw,187.45
2022-07-01,nw,187.5
2022-07-02,nw,187.7
2022-07-03,nw,187.64
2022-07-04,nw,187.61
2022-07-05,nw,187.56
2022-07-06,nw,187.58
2022-07-07,nw,187.63
2022-07-08,nw,187.6
2022-07-09,nw,187.71
2022-07-10,nw,187.86
2022-07-11,nw,187.89
2022-07-12,nw,188.02
2022-07-13,nw,188.04
2022-07-14,nw,188.1
2022-07-15,nw,188.02
2022-07-16,nw,187.68
2022-07-17,nw,187.49
2022-07-18,nw,187.21
2022-07-19,nw,187.13
2022-07-20,nw,187.07
2022-07-21,nw,187.28
2022-07-22,nw,187.67
2022-07-23,nw,187.88
2022-07-24,nw,188.07
2022-07-25,nw,188.38
2022-07-26,nw,188.77
2022-07-27,nw,189.03
2022-07-28,nw,188.82
2022-07-29,nw,188.54
2022-07-30,nw,188.41
2022-07-31,nw,188.34
2022-08-01,nw,188.1
2022-08-02,nw,187.62
2022-08-03,nw,187.33
2022-08-04,nw,187.31
2022-08-05,nw,187.26
2022-08-06,nw,187.45
2022-08-07,nw,187.38
2022-08-08,nw,187.49
2022-08-09,nw,187.71
2022-08-10,nw,187.93
2022-08-11,nw,187.86
2022-08-12,nw,188.22
2022-08-13,nw,188.18
2022-08-14,nw,188.8
2022-08-15,nw,189.38
2022-08-16,nw,189.8
2022-08-17,nw,190.16
2022-08-18,nw,190.65
2022-08-19,nw,190.7
2022-08-20,nw,190.74
2022-08-21,nw,190.57
2022-08-22,nw,190.35
2022-08-23,nw,190.11
2022-08-24,nw,189.87
2022-08-25,nw,189.81
2022-08-26,nw,189.73
2022-08-27,nw,189.91
2022-08-28,nw,189.84
2022-08-29,nw,189.49
2022-08-30,nw,189.73
2022-08-31,nw,189.95
2022-09-01,nw,190.08
2022-09-02,nw,189.94
2022-09-03,nw,189.95
2022-09-04,nw,189.89
2022-09-05,nw,190.2
2022-09-06,nw,189.87
2022-09-07,nw,189.41
2022-09-08,nw,189.04
2022-09-09,nw,189.01
2022-09-10,nw,188.92
2022-09-11,nw,188.7
2022-09-12,nw,188.38
2022-09-13,nw,188.27
2022-09-14,nw,188.44
2022-09-15,nw,188.38
2022-09-16,nw,188.26
2022-09-17,nw,187.95
2022-09-18,nw,187.7
2022-09-19,nw,187.58
2022-09-20,nw,187.2
2022-09-21,nw,186.79
2022-09-22,nw,186.68
2022-09-23,nw,186.67
2022-09-24,nw,186.87
2022-09-25,nw,187.26
2022-09-26,nw,187.54
2022-09-27,nw,187.98
2022-09-28,nw,188.39
2022-09-29,nw,188.58
2022-09-30,nw,188.66
2022-10-01,nw,188.74
2022-10-02,nw,188.8
2022-10-03,nw,189
2022-10-04,nw,188.91
2022-10-05,nw,188.67
2022-10-06,nw,188.54
2022-10-07,nw,188.4
2022-10-08,nw,188.2
2022-10-09,nw,187.99
2022-10-10,nw,187.69
2022-10-11,nw,187.49
2022-10-12,nw,187.62
2022-10-13,nw,187.72
2022-10-14,nw,187.94
2022-10-15,nw,188.14
2022-10-16,nw,188.41
2022-10-17,nw,188.51
2022-10-18,nw,188.73
2022-10-19,nw,188.53
2022-10-20,nw,188.41
2022-10-21,nw,188.2
2022-10-22,nw,187.9
2022-10-23,nw,187.67
2022-10-24,nw,187.57
2022-10-25,nw,187.39
2022-10-26,nw,187.38
2022-10-27,nw,187.66
2022-10-28,nw,187.87
2022-10-29,nw,187.93
2022-10-30,nw,188.24
2022-10-31,nw,188.61
2022-11-01,nw,189.08
2022-11-02,nw,189.55
2022-11-03,nw,189.64
2022-11-04,nw,189.94
2022-11-05,nw,190.4
2022-11-06,nw,190.6
2022-11-07,nw,190.71
2022-11-08,nw,190.78
2022-11-09,nw,190.98
2022-11-10,nw,191
2022-11-11,nw,190.7
2022-11-12,nw,190.78
2022-11-13,nw,190.74
2022-11-14,nw,190.61
2022-11-15,nw,190.63
2022-11-16,nw,190.59
2022-11-17,nw,190.68
2022-11-18,nw,190.93
2022-11-19,nw,190.99
2022-11-20,nw,191.03
2022-11-21,nw,191.15
2022-11-22,nw,191.06
2022-11-23,nw,191.01
2022-11-24,nw,191
2022-11-25,nw,190.9
2022-11-26,nw,190.71
2022-11-27,nw,190.53
2022-11-28,nw,190.45
2022-11-29,nw,190.55
2022-11-30,nw,190.53
2022-12-01,nw,190.55
2022-12-02,nw,190.65
2022-12-03,nw,190.59
2022-12-04,nw,190.77
2022-12-05,nw,190.96
2022-12-06,nw,191.02
2022-12-07,nw,191.14
2022-12-08,nw,191.27
2022-12-09,nw,191.5
2022-12-10,nw,191.8
2022-12-11,nw,191.89
2022-12-12,nw,191.98
2022-12-13,nw,192.06
2022-12-14,nw,192.1
2022-12-15,nw,191.98
2022-12-16,nw,191.74
2022-12-17,nw,191.51
2022-12-18,nw,191.16
2022-12-19,nw,190.8
2022-12-20,nw,190.44
2022-12-21,nw,190.09
2022-12-22,nw,189.79
2022-12-23,nw,189.53
2022-12-24,nw,189.37
2022-12-25,nw,189.34
2022-12-26,nw,189.42
2022-12-27,nw,189.51
2022-12-28,nw,189.6
2022-12-29,nw,189.79
2022-12-30,nw,189.91
2022-12-31,nw,189.91
2023-01-01,nw,189.81
2023-01-02,nw,189.61
2023-01-03,nw,189.46
2023-01-04,nw,189.35
2023-01-05,nw,189.15
2023-01-06,nw,189.04
2023-01-07,nw,189.1
2023-01-08,nw,189.2
2023-01-09,nw,189.17
2023-01-10,nw,189.24
2023-01-11,nw,189.26
2023-01-12,nw,189.27
2023-01-13,nw,189.34
2023-01-14,nw,189.29
2023-01-15,nw,189.31
2023-01-16,nw,189.36
2023-01-17,nw,189.14
2023-01-18,nw,189.05
2023-01-19,nw,189.03
2023-01-20,nw,188.85
2023-01-21,nw,188.72
2023-01-22,nw,188.54
2023-01-23,nw,188.38
2023-01-24,nw,188.38
2023-01-25,nw,188.36
2023-01-26,nw,188.25
2023-01-27,nw,188.16
2023-01-28,nw,188.23
2023-01-29,nw,188.29
2023-01-30,nw,188.23
2023-01-31,nw,188.25
2023-02-01,nw,188.18
2023-02-02,nw,188.14
2023-02-03,nw,188.21
2023-02-04,nw,188.41
2023-02-05,nw,188.7
2023-02-06,nw,189.1
2023-02-07,nw,189.43
2023-02-08,nw,189.59
2023-02-09,nw,189.8
2023-02-10,nw,189.87
2023-02-11,nw,189.67
2023-02-12,nw,189.41
2023-02-13,nw,189.26
2023-02-14,nw,189.08
2023-02-15,nw,188.85
2023-02-16,nw,188.58
2023-02-17,nw,188.23
2023-02-18,nw,187.75
2023-02-19,nw,187.51
2023-02-20,nw,187.19
2023-02-21,nw,186.77
2023-02-22,nw,186.58
2023-02-23,nw,186.47
2023-02-24,nw,186.29
2023-02-25,nw,186.28
2023-02-26,nw,186
2023-02-27,nw,185.65
2023-02-28,nw,185.32
2023-03-01,nw,185.06
2023-03-02,nw,184.89
2023-03-03,nw,184.91
2023-03-04,nw,184.92
2023-03-05,nw,185.09
2023-03-06,nw,185.29
2023-03-07,nw,185.62
2023-03-08,nw,185.77
2023-03-09,nw,185.81
2023-03-10,nw,186.01
2023-03-11,nw,186.24
2023-03-12,nw,186.45
2023-03-13,nw,186.65
2023-03-14,nw,186.74
2023-03-15,nw,187.01
2023-03-16,nw,187.26
2023-03-17,nw,187.64
2023-03-18,nw,188.03
2023-03-19,nw,188.26
2023-03-20,nw,188.68
2023-03-21,nw,189.29
2023-03-22,nw,189.73
2023-03-23,nw,190.19
2023-03-24,nw,190.33
2023-03-25,nw,190.47
2023-03-26,nw,190.7
2023-03-27,nw,190.76
2023-03-28,nw,190.67
2023-03-29,nw,190.66
2023-03-30,nw,190.6
2023-03-31,nw,190.48
2023-04-01,nw,190.2
2023-04-02,nw,189.9
2023-04-03,nw,189.56
2023-04-04,nw,189.33
2023-04-05,nw,189.28
2023-04-06,nw,189.25
2023-04-07,nw,189.63
2023-04-08,nw,189.76
2023-04-09,nw,189.72
2023-04-10,nw,189.83
2023-04-11,nw,189.68
2023-04-12,nw,189.37
2023-04-13,nw,188.82
2023-04-14,nw,188.03
2023-04-15,nw,187.41
2023-04-16,nw,187.01
2023-04-17,nw,186.44
2023-04-18,nw,186
2023-04-19,nw,185.55
2023-04-20,nw,185.35
2023-04-21,nw,185.11
2023-04-22,nw,185.05
2023-04-23,nw,184.92
2023-04-24,nw,184.9
2023-04-25,nw,184.91
2023-04-26,nw,184.87
2023-04-27,nw,184.73
2023-04-28,nw,184.67
2023-04-29,nw,184.6
2023-04-30,nw,184.48
2023-05-01,nw,184.34
2023-05-02,nw,184.03
2023-05-03,nw,183.66
2023-05-04,nw,183.27
2023-05-05,nw,182.65
2023-05-06,nw,182.12
2023-05-07,nw,181.68
2023-05-08,nw,181.04
2023-05-09,nw,180.69
2023-05-10,nw,180.65
2023-05-11,nw,180.68
2023-05-12,nw,180.77
2023-05-13,nw,180.83
2023-05-14,nw,180.87
2023-05-15,nw,180.95
2023-05-16,nw,181.02
2023-05-17,nw,180.98
2023-05-18,nw,181.1
2023-05-19,nw,181.15
2023-05-20,nw,181.16
2023-05-21,nw,181.19
2023-05-22,nw,181.26
2023-05-23,nw,181.22
2023-05-24,nw,181.15
2023-05-25,nw,180.89
2023-05-26,nw,180.77
2023-05-27,nw,180.62
2023-05-28,nw,180.36
2023-05-29,nw,180.36
2023-05-30,nw,180.31
2023-05-31,nw,180.26
2023-06-01,nw,180.26
2023-06-02,nw,180.26
2023-06-03,nw,180.3
2023-06-04,nw,180.3
2023-06-05,nw,180.22
2023-06-06,nw,180.13
2023-06-07,nw,179.96
2023-06-08,nw,179.83
2023-06-09,nw,179.74
2023-06-10,nw,179.6
2023-06-11,nw,179.58
2023-06-12,nw,179.5
2023-06-13,nw,179.44
2023-06-14,nw,179.48
2023-06-15,nw,179.51
2023-06-16,nw,179.5
2023-06-17,nw,179.52
2023-06-18,nw,179.57
2023-06-19,nw,179.6
2023-06-20,nw,179.71
2023-06-21,nw,179.75
2023-06-22,nw,179.78
2023-06-23,nw,179.85
2023-06-24,nw,179.95
2023-06-25,nw,179.97
2023-06-26,nw,179.98
2023-06-27,nw,180
2023-06-28,nw,180.11
2023-06-29,nw,180.22
2023-06-30,nw,180.38
2023-07-01,nw,180.49
2023-07-02,nw,180.65
2023-07-03,nw,180.77
2023-07-04,nw,180.74
2023-07-05,nw,180.77
2023-07-06,nw,180.74
2023-07-07,nw,180.66
2023-07-08,nw,180.57
2023-07-09,nw,180.5
2023-07-10,nw,180.45
2023-07-11,nw,180.48
2023-07-12,nw,180.45
2023-07-13,nw,180.36
2023-07-14,nw,180.18
2023-07-15,nw,180.05
2023-07-16,nw,179.87
2023-07-17,nw,179.57
2023-07-18,nw,179.3
2023-07-19,nw,179.01
2023-07-20,nw,178.81
2023-07-21,nw,178.72
2023-07-22,nw,178.67
2023-07-23,nw,178.71
2023-07-24,nw,178.86
2023-07-25,nw,178.95
2023-07-26,nw,179.04
2023-07-27,nw,179.2
2023-07-28,nw,179.25
2023-07-29,nw,179.47
2023-07-30,nw,179.65
2023-07-31,nw,179.78
2023-08-01,nw,179.83
2023-08-02,nw,179.92
2023-08-03,nw,179.64
2023-08-04,nw,179.33
2023-08-05,nw,178.93
2023-08-06,nw,178.55
2023-08-07,nw,178.31
2023-08-08,nw,178.17
2023-08-09,nw,178.01
2023-08-10,nw,178.11
2023-08-11,nw,178.24
2023-08-12,nw,178.33
2023-08-13,nw,178.31
2023-08-14,nw,178.28
2023-08-15,nw,179.42
2023-08-16,nw,179.31
2023-08-17,nw,179.27
2023-08-18,nw,179.23
2023-08-19,nw,179.06
2023-08-20,nw,178.99
2023-08-21,nw,178.87
2023-08-22,nw,177.57
2023-08-23,nw,177.47
2023-08-24,nw,177.28
2023-08-25,nw,177.06
2023-08-26,nw,176.87
2023-08-27,nw,176.56
2023-08-28,nw,176.25
2023-08-29,nw,176.02
2023-08-30,nw,175.92
2023-08-31,nw,175.72
2023-09-01,nw,175.51
2023-09-02,nw,175.3
2023-09-03,nw,175.21
2023-09-04,nw,175
2023-09-05,nw,174.79
2023-09-06,nw,174.53
2023-09-07,nw,174.44
2023-09-08,nw,174.45
2023-09-09,nw,174.59
2023-09-10,nw,174.66
2023-09-11,nw,174.85
2023-09-12,nw,175.06
2023-09-13,nw,175.15
2023-09-14,nw,175.19
2023-09-15,nw,175.22
2023-09-16,nw,175.06
2023-09-17,nw,174.88
2023-09-18,nw,174.77
2023-09-19,nw,174.65
2023-09-20,nw,174.54
2023-09-21,nw,174.5
2023-09-22,nw,174.32
2023-09-23,nw,174.27
2023-09-24,nw,174.13
2023-09-25,nw,174.08
2023-09-26,nw,173.91
2023-09-27,nw,173.89
2023-09-28,nw,173.83
2023-09-29,nw,173.86
2023-09-30,nw,173.78
2023-10-01,nw,173.87
2023-10-02,nw,173.94
2023-10-03,nw,174.24
2023-10-04,nw,174.34
2023-10-05,nw,174.18
2023-10-06,nw,174.12
2023-10-07,nw,174.03
2023-10-08,nw,173.94
2023-10-09,nw,173.74
2023-10-10,nw,173.5
2023-10-11,nw,173.46
2023-10-12,nw,173.52
2023-10-13,nw,173.44
2023-10-14,nw,173.39
2023-10-15,nw,173.4
2023-10-16,nw,173.29
2023-10-17,nw,173.03
2023-10-18,nw,172.58
2023-10-19,nw,172.48
2023-10-20,nw,172.32
2023-10-21,nw,172.1
2023-10-22,nw,171.91
2023-10-23,nw,171.73
2023-10-24,nw,171.59
2023-10-25,nw,171.58
2023-10-26,nw,171.48
2023-10-27,nw,171.4
2023-10-28,nw,171.48
2023-10-29,nw,171.36
2023-10-30,nw,171.29
2023-10-31,nw,171.36
2023-11-01,nw,171.44
2023-11-02,nw,171.33
2023-11-03,nw,171.39
2023-11-04,nw,171.32
2023-11-05,nw,171.34
2023-11-06,nw,171.35
2023-11-07,nw,171.21
2023-11-08,nw,171.06
2023-11-09,nw,170.97
2023-11-10,nw,170.82
2023-11-11,nw,170.82
2023-11-12,nw,170.73
2023-11-13,nw,170.75
2023-11-14,nw,170.96
2023-11-15,nw,171.1
2023-11-16,nw,171.29
2023-11-17,nw,171.41
2023-11-18,nw,171.47
2023-11-19,nw,171.59
2023-11-20,nw,171.65
2023-11-21,nw,171.52
2023-11-22,nw,171.42
2023-11-23,nw,171.35
2023-11-24,nw,171.35
2023-11-25,nw,171.3
2023-11-26,nw,171.31
2023-11-27,nw,171.31
2023-11-28,nw,171.38
2023-11-29,nw,171.39
2023-11-30,nw,171.45
2023-12-01,nw,171.6
2023-12-02,nw,171.67
2023-12-03,nw,171.78
2023-12-04,nw,171.77
2023-12-05,nw,171.74
2023-12-06,nw,171.74
2023-12-07,nw,171.81
2023-12-08,nw,171.7
2023-12-09,nw,171.75
2023-12-10,nw,171.71
2023-12-11,nw,171.77
2023-12-12,nw,171.76
2023-12-13,nw,171.75
2023-12-14,nw,171.66
2023-12-15,nw,171.61
2023-12-16,nw,171.52
2023-12-17,nw,171.44
2023-12-18,nw,171.47
2023-12-19,nw,171.43
2023-12-20,nw,171.5
2023-12-21,nw,171.55
2023-12-22,nw,171.67
2023-12-23,nw,171.63
2023-12-24,nw,171.72
2023-12-25,nw,171.92
2023-12-26,nw,172.11
2023-12-27,nw,172.1
2023-12-28,nw,172.12
2023-12-29,nw,172.08
2023-12-30,nw,172.06
2023-12-31,nw,171.98
2024-01-01,nw,171.73
2024-01-02,nw,171.47
2024-01-03,nw,171.36
2024-01-04,nw,171.21
2024-01-05,nw,171.15
2024-01-06,nw,171.28
2024-01-07,nw,171.27
2024-01-08,nw,171.12
2024-01-09,nw,171.16
2024-01-10,nw,170.92
2024-01-11,nw,170.71
2024-01-12,nw,170.54
2024-01-13,nw,170.26
2024-01-14,nw,170.07
2024-01-15,nw,169.91
2024-01-16,nw,169.71
2024-01-17,nw,169.74
2024-01-18,nw,169.68
2024-01-19,nw,169.5
2024-01-20,nw,169.43
2024-01-21,nw,169.34
2024-01-22,nw,169.37
2024-01-23,nw,169.47
2024-01-24,nw,169.61
2024-01-25,nw,169.76
2024-01-26,nw,169.79
2024-01-27,nw,169.88
2024-01-28,nw,170.01
2024-01-29,nw,170.05
2024-01-30,nw,169.99
2024-01-31,nw,169.79
2024-02-01,nw,169.55
2024-02-02,nw,169.49
2024-02-03,nw,169.36
2024-02-04,nw,169.12
2024-02-05,nw,168.9
2024-02-06,nw,168.65
2024-02-07,nw,168.51
2024-02-08,nw,168.47
2024-02-09,nw,168.26
2024-02-10,nw,168.01
2024-02-11,nw,167.77
2024-02-12,nw,167.65
2024-02-13,nw,167.56
2024-02-14,nw,167.51
2024-02-15,nw,167.41
2024-02-16,nw,168.75
2024-02-17,nw,169.98
2024-02-18,nw,171.32
2024-02-19,nw,171.59
2024-02-20,nw,171.85
2024-02-21,nw,171.95
2024-02-22,nw,172.06
2024-02-23,nw,170.8
2024-02-24,nw,169.78
2024-02-25,nw,168.73
2024-02-26,nw,168.68
2024-02-27,nw,168.57
2024-02-28,nw,168.63
2024-02-29,nw,168.75
2024-03-01,nw,168.89
2024-03-02,nw,168.77
2024-03-03,nw,168.65
2024-03-04,nw,168.57
2024-03-05,nw,168.73
2024-03-06,nw,168.57
2024-03-07,nw,168.31
2024-03-08,nw,168.25
2024-03-09,nw,168.43
2024-03-10,nw,168.44
2024-03-11,nw,168.35
2024-03-12,nw,168.23
2024-03-13,nw,168.31
2024-03-14,nw,168.49
2024-03-15,nw,168.53
2024-03-16,nw,168.39
2024-03-17,nw,168.47
2024-03-18,nw,168.77
2024-03-19,nw,168.86
2024-03-20,nw,169.14
2024-03-21,nw,169.36
2024-03-22,nw,169.64
2024-03-23,nw,169.94
2024-03-24,nw,170.17
2024-03-25,nw,170.32
2024-03-26,nw,170.54
2024-03-27,nw,170.45
2024-03-28,nw,170.3
2024-03-29,nw,170.12
2024-03-30,nw,169.88
2024-03-31,nw,169.54
2024-04-01,nw,169.11
2024-04-02,nw,168.49
2024-04-03,nw,168.08
2024-04-04,nw,167.69
2024-04-05,nw,167.15
2024-04-06,nw,166.71
2024-04-07,nw,166.41
2024-04-08,nw,166.09
2024-04-09,nw,165.88
2024-04-10,nw,165.63
2024-04-11,nw,165.59
2024-04-12,nw,165.62
2024-04-13,nw,165.59
2024-04-14,nw,165.47
2024-04-15,nw,165.51
2024-04-16,nw,165.6
2024-04-17,nw,165.81
2024-04-18,nw,165.83
2024-04-19,nw,165.84
2024-04-20,nw,165.87
2024-04-21,nw,165.97
2024-04-22,nw,165.99
2024-04-23,nw,166.13
2024-04-24,nw,166.02
2024-04-25,nw,165.89
2024-04-26,nw,165.95
2024-04-27,nw,166.05
2024-04-28,nw,166.15
2024-04-29,nw,166.11
2024-04-30,nw,166.06
2024-05-01,nw,166.21
2024-05-02,nw,166.23
2024-05-03,nw,166.26
2024-05-04,nw,166.3
2024-05-05,nw,166.28
2024-05-06,nw,166.37
2024-05-07,nw,166.39
2024-05-08,nw,166.2
2024-05-09,nw,166.29
2024-05-10,nw,166.07
2024-05-11,nw,165.92
2024-05-12,nw,165.72
2024-05-13,nw,165.46
2024-05-14,nw,165.14
2024-05-15,nw,165.08
2024-05-16,nw,164.83
2024-05-17,nw,164.68
2024-05-18,nw,164.38
2024-05-19,nw,164.19
2024-05-20,nw,164.19
2024-05-21,nw,164.09
2024-05-22,nw,163.96
2024-05-23,nw,164.08
2024-05-24,nw,164.17
2024-05-25,nw,164.39
2024-05-26,nw,164.47
2024-05-27,nw,164.53
2024-05-28,nw,164.75
2024-05-29,nw,164.94
2024-05-30,nw,165.08
2024-05-31,nw,165.17
2024-06-01,nw,165.22
2024-06-02,nw,165.36
2024-06-03,nw,165.29
2024-06-04,nw,165.15
2024-06-05,nw,165.03
2024-06-06,nw,164.8
2024-06-07,nw,164.67
2024-06-08,nw,164.57
2024-06-09,nw,164.38
2024-06-10,nw,164.47
2024-06-11,nw,164.73
2024-06-12,nw,164.76
2024-06-13,nw,164.81
2024-06-14,nw,164.75
2024-06-15,nw,164.62
2024-06-16,nw,164.61
2024-06-17,nw,164.43
2024-06-18,nw,164.09
2024-06-19,nw,163.84
2024-06-20,nw,163.71
2024-06-21,nw,163.59
2024-06-22,nw,163.46
2024-06-23,nw,163.3
2024-06-24,nw,163.13
2024-06-25,nw,163.04
2024-06-26,nw,163.09
2024-06-27,nw,162.98
2024-06-28,nw,162.99
2024-06-29,nw,163.11
2024-06-30,nw,163.2
2024-07-01,nw,163.2
2024-07-02,nw,163.2
2024-07-03,nw,163.04
2024-07-04,nw,163.03
2024-07-05,nw,162.97
2024-07-06,nw,162.74
2024-07-07,nw,162.54
2024-07-08,nw,162.37
2024-07-09,nw,162.16
2024-07-10,nw,161.95
2024-07-11,nw,161.74
2024-07-12,nw,161.46
2024-07-13,nw,161.28
2024-07-14,nw,161.16
2024-07-15,nw,161.16
2024-07-16,nw,161
2024-07-17,nw,161.04
2024-07-18,nw,160.77
2024-07-19,nw,160.58
2024-07-20,nw,160.41
2024-07-21,nw,160.26
2024-07-22,nw,160.11
2024-07-23,nw,160.05
2024-07-24,nw,159.87
2024-07-25,nw,159.88
2024-07-26,nw,159.91
2024-07-27,nw,159.87
2024-07-28,nw,159.74
2024-07-29,nw,159.52
2024-07-30,nw,159.14
2024-07-31,nw,158.82
2024-08-01,nw,158.39
2024-08-02,nw,158.14
2024-08-03,nw,158.11
2024-08-04,nw,158.09
2024-08-05,nw,158.12
2024-08-06,nw,158.39
2024-08-07,nw,158.5
2024-08-08,nw,158.78
2024-08-09,nw,158.8
2024-08-10,nw,158.68
2024-08-11,nw,158.53
2024-08-12,nw,158.45
2024-08-13,nw,158.25
2024-08-14,nw,158.1
2024-08-15,nw,157.95
2024-08-16,nw,157.93
2024-08-17,nw,157.84
2024-08-18,nw,157.82
2024-08-19,nw,157.66
2024-08-20,nw,157.52
2024-08-21,nw,157.43
2024-08-22,nw,157.36
2024-08-23,nw,157.19
2024-08-24,nw,157.06
2024-08-25,nw,156.94
2024-08-26,nw,156.88
2024-08-27,nw,157.01
2024-08-28,nw,157.05
2024-08-29,nw,157.07
2024-08-30,nw,157.1
2024-08-31,nw,157.2
2024-09-01,nw,157.24
2024-09-02,nw,157.25
2024-09-03,nw,157.15
2024-09-04,nw,157.1
2024-09-05,nw,157.03
2024-09-06,nw,156.95
2024-09-07,nw,156.81
2024-09-08,nw,156.62
2024-09-09,nw,156.21
2024-09-10,nw,155.86
2024-09-11,nw,155.4
2024-09-12,nw,155.07
2024-09-13,nw,154.75
2024-09-14,nw,154.44
2024-09-15,nw,154.23
2024-09-16,nw,154.27
2024-09-17,nw,154.19
2024-09-18,nw,154.4
2024-09-19,nw,154.48
2024-09-20,nw,154.57
2024-09-21,nw,154.6
2024-09-22,nw,154.51
2024-09-23,nw,154.23
2024-09-24,nw,154.18
2024-09-25,nw,153.95
2024-09-26,nw,153.73
2024-09-27,nw,153.48
2024-09-28,nw,153.25
2024-09-29,nw,153.18
2024-09-30,nw,153.29
2024-10-01,nw,153.2
2024-10-02,nw,152.68
2024-10-03,nw,152.61
2024-10-04,nw,152.48
2024-10-05,nw,152.52
2024-10-06,nw,152.39
2024-10-07,nw,152.38
2024-10-08,nw,152.33
2024-10-09,nw,152.79
2024-10-10,nw,152.83
2024-10-11,nw,152.95
2024-10-12,nw,152.89
2024-10-13,nw,152.87
2024-10-14,nw,152.74
2024-10-15,nw,152.69
2024-10-16,nw,152.64
2024-10-17,nw,152.65
2024-10-18,nw,152.55
2024-10-19,nw,152.65
2024-10-20,nw,152.79
2024-10-21,nw,152.86
2024-10-22,nw,153.05
2024-10-23,nw,153.12
2024-10-24,nw,153.1
2024-10-25,nw,153.26
2024-10-26,nw,153.2
2024-10-27,nw,153.12
2024-10-28,nw,153.11
2024-10-29,nw,153.07
2024-10-30,nw,153.01
2024-10-31,nw,152.91
2024-11-01,nw,152.82
2024-11-02,nw,152.64
2024-11-03,nw,152.5
2024-11-04,nw,152.26
2024-11-05,nw,152.04
2024-11-06,nw,151.8
2024-11-07,nw,151.55
2024-11-08,nw,151.28
2024-11-09,nw,151.11
2024-11-10,nw,150.88
2024-11-11,nw,150.84
2024-11-12,nw,150.7
2024-11-13,nw,150.61
2024-11-14,nw,150.59
2024-11-15,nw,150.58
2024-11-16,nw,150.69
2024-11-17,nw,150.78
2024-11-18,nw,150.79
2024-11-19,nw,150.87
2024-11-20,nw,151
2024-11-21,nw,151.09
2024-11-22,nw,151.16
2024-11-23,nw,151.09
2024-11-24,nw,151.09
2024-11-25,nw,151.14
2024-11-26,nw,151.16
2024-11-27,nw,151.1
2024-11-28,nw,150.85
2024-11-29,nw,150.48
2024-11-30,nw,150.43
2024-12-01,nw,150.36
2024-12-02,nw,150.28
2024-12-03,nw,150.23
2024-12-04,nw,150.27
2024-12-05,nw,150.52
2024-12-06,nw,150.94
2024-12-07,nw,151.07
2024-12-08,nw,151.29
2024-12-09,nw,151.51
2024-12-10,nw,151.67
2024-12-11,nw,151.79
2024-12-12,nw,151.86
2024-12-13,nw,151.96
2024-12-14,nw,152.09
2024-12-15,nw,152.1
2024-12-16,nw,152.23
2024-12-17,nw,152.19
2024-12-18,nw,152.18
2024-12-19,nw,152.2
2024-12-20,nw,152.19
2024-12-21,nw,152.19
2024-12-22,nw,152.14
2024-12-23,nw,152.11
2024-12-24,nw,152.22
2024-12-25,nw,152.29
2024-12-26,nw,152.39
2024-12-27,nw,152.32
2024-12-28,nw,152.16
2024-12-29,nw,152.2
2024-12-30,nw,152.19
2024-12-31,nw,152.17
2025-01-01,nw,152.19
2025-01-02,nw,151.98
2025-01-03,nw,151.92
2025-01-04,nw,151.91
2025-01-05,nw,151.71
2025-01-06,nw,151.36
2025-01-07,nw,150.82
2025-01-08,nw,150.42
2025-01-09,nw,150.28
2025-01-10,nw,150.05
2025-01-11,nw,149.91
2025-01-12,nw,149.8
2025-01-13,nw,149.78
2025-01-14,nw,149.97
2025-01-15,nw,149.93
2025-01-16,nw,149.82
2025-01-17,nw,149.7
2025-01-18,nw,149.61
2025-01-19,nw,149.51
2025-01-20,nw,149.36
2025-01-21,nw,149.14
2025-01-22,nw,149.02
2025-01-23,nw,148.92
2025-01-24,nw,148.82
2025-01-25,nw,148.71
2025-01-26,nw,148.62
2025-01-27,nw,148.57
2025-01-28,nw,148.43
2025-01-29,nw,148.07
2025-01-30,nw,147.96
2025-01-31,nw,147.8
2025-02-01,nw,147.57
2025-02-02,nw,147.35
2025-02-03,nw,147.05
2025-02-04,nw,146.86
2025-02-05,nw,146.88
2025-02-06,nw,146.71
2025-02-07,nw,146.57
2025-02-08,nw,146.37
2025-02-09,nw,146.08
2025-02-10,nw,145.89
2025-02-11,nw,145.79
2025-02-12,nw,145.62
2025-02-13,nw,144.41
2025-02-14,nw,144.12
2025-02-15,nw,143.85
2025-02-16,nw,143.74
2025-02-17,nw,143.49
2025-02-18,nw,143.11
2025-02-19,nw,142.93
2025-02-20,nw,143.7
2025-02-21,nw,143.6
2025-02-22,nw,143.68
2025-02-23,nw,143.64
2025-02-24,nw,143.76
2025-02-25,nw,143.93
2025-02-26,nw,144.01
2025-02-27,nw,144.09
2025-02-28,nw,144.15
2025-03-01,nw,144.02
2025-03-02,nw,143.99
2025-03-03,nw,143.85
2025-03-04,nw,143.76
2025-03-05,nw,143.25
2025-03-06,nw,142.95
2025-03-07,nw,142.73
2025-03-08,nw,142.43
2025-03-09,nw,142.06
2025-03-10,nw,141.6
2025-03-11,nw,141.21
2025-03-12,nw,141.24
2025-03-13,nw,141.08
2025-03-14,nw,140.77
2025-03-15,nw,140.57
2025-03-16,nw,140.28
2025-03-17,nw,140.27
2025-03-18,nw,140.17
2025-03-19,nw,139.94
2025-03-20,nw,139.92
2025-03-21,nw,140.04
2025-03-22,nw,140.05
2025-03-23,nw,140.22
2025-03-24,nw,140.27
2025-03-25,nw,140.41
2025-03-26,nw,140.66
2025-03-27,nw,140.71
2025-03-28,nw,140.7
2025-03-29,nw,140.78
2025-03-30,nw,140.87
2025-03-31,nw,140.81
2025-04-01,nw,140.6
2025-04-02,nw,140.41
2025-04-03,nw,140.13
2025-04-04,nw,139.87
2025-04-05,nw,139.72
2025-04-06,nw,139.5
2025-04-07,nw,139.45
2025-04-08,nw,139.22
2025-04-09,nw,138.96
2025-04-10,nw,138.74
2025-04-11,nw,138.48
2025-04-12,nw,138.19
2025-04-13,nw,138
2025-04-14,nw,137.73
2025-04-15,nw,137.73
2025-04-16,nw,137.63
2025-04-17,nw,137.58
2025-04-18,nw,137.63
2025-04-19,nw,137.52
2025-04-20,nw,137.38
2025-04-21,nw,137.32
2025-04-22,nw,137.1
2025-04-23,nw,136.97
2025-04-24,nw,136.81
2025-04-25,nw,136.47
2025-04-26,nw,136.39
2025-04-27,nw,136.24
2025-04-28,nw,136.11
2025-04-29,nw,136.08
2025-04-30,nw,136.08
2025-05-01,nw,136.14
2025-05-02,nw,136.39
2025-05-03,nw,136.51
2025-05-04,nw,136.68
2025-05-05,nw,136.81
2025-05-06,nw,137
2025-05-07,nw,137.07
2025-05-08,nw,137.09
2025-05-09,nw,137.06
2025-05-10,nw,136.96
2025-05-11,nw,136.63
2025-05-12,nw,136.15
2025-05-13,nw,135.76
2025-05-14,nw,135.39
2025-05-15,nw,134.97
2025-05-16,nw,134.84
2025-05-17,nw,134.63
2025-05-18,nw,134.73
2025-05-19,nw,134.94
2025-05-20,nw,135.08
2025-05-21,nw,135.36
2025-05-22,nw,135.6
2025-05-23,nw,135.78
2025-05-24,nw,136.03
2025-05-25,nw,136.13
2025-05-26,nw,136.2
2025-05-27,nw,136.25
2025-05-28,nw,136.3
2025-05-29,nw,136.52
2025-05-30,nw,136.47
2025-05-31,nw,136.4
2025-06-01,nw,136.51
2025-06-02,nw,136.6
2025-06-03,nw,136.68
2025-06-04,nw,136.73
2025-06-05,nw,136.54
2025-06-06,nw,136.36
2025-06-07,nw,136.38
2025-06-08,nw,136.24
2025-06-09,nw,136.38
2025-06-10,nw,136.35
2025-06-11,nw,136.24
2025-06-12,nw,136.37
2025-06-13,nw,136.48
2025-06-14,nw,136.41
2025-06-15,nw,136.46
2025-06-16,nw,136.19
2025-06-17,nw,136.04
2025-06-18,nw,135.94
2025-06-19,nw,135.95
2025-06-20,nw,135.85
2025-06-21,nw,135.67
2025-06-22,nw,135.47
2025-06-23,nw,135.3
2025-06-24,nw,135.19
2025-06-25,nw,134.97
2025-06-26,nw,134.62
2025-06-27,nw,134.47
2025-06-28,nw,134.32
2025-06-29,nw,134.09
2025-06-30,nw,133.93
2025-07-01,nw,133.63
2025-07-02,nw,133.35
2025-07-03,nw,133.13
2025-07-04,nw,132.95
2025-07-05,nw,132.81
2025-07-06,nw,132.74
2025-07-07,nw,132.58
2025-07-08,nw,132.57
2025-07-09,nw,132.56
2025-07-10,nw,132.33
2025-07-11,nw,132.05
2025-07-12,nw,131.87
2025-07-13,nw,131.66
2025-07-14,nw,131.47
2025-07-15,nw,131.39
2025-07-16,nw,131.17
2025-07-17,nw,130.99
2025-07-18,nw,130.78
2025-07-19,nw,130.41
2025-07-20,nw,130.07
2025-07-21,nw,129.94
2025-07-22,nw,129.87
2025-07-23,nw,130
2025-07-24,nw,130.3
2025-07-25,nw,130.63
2025-07-26,nw,131.14
2025-07-27,nw,131.55
2025-07-28,nw,131.74
2025-07-29,nw,131.7
2025-07-30,nw,131.58
2025-07-31,nw,131.36
2025-08-01,nw,130.9
2025-08-02,nw,130.57
2025-08-03,nw,130.33
2025-08-04,nw,130.07
2025-08-05,nw,130
2025-08-06,nw,130.01
2025-08-07,nw,130.07
2025-08-08,nw,130.42
2025-08-09,nw,130.59
2025-08-10,nw,130.76
2025-08-11,nw,130.97
2025-08-12,nw,131.2
2025-08-13,nw,131.36
2025-08-14,nw,131.54
2025-08-15,nw,131.72
2025-08-16,nw,131.84
2025-08-17,nw,131.97
2025-08-18,nw,132.02
2025-08-19,nw,132.01
2025-08-20,nw,132.02
2025-08-21,nw,132.04
2025-08-22,nw,132
2025-08-23,nw,132.04
2025-08-24,nw,132.08
2025-08-25,nw,132.27
2025-08-26,nw,132.2
2025-08-27,nw,132.31
2025-08-28,nw,132.39
2025-08-29,nw,132.27
2025-08-30,nw,132.18
2025-08-31,nw,132.07
2025-09-01,nw,131.97
2025-09-02,nw,132.11
2025-09-03,nw,132.13
2025-09-04,nw,132.08
2025-09-05,nw,132.23
2025-09-06,nw,132.3
2025-09-07,nw,132.32
2025-09-08,nw,132.31
2025-09-09,nw,132.28
2025-09-10,nw,132.25
2025-09-11,nw,132.41
2025-09-12,nw,132.51
2025-09-13,nw,132.69
2025-09-14,nw,132.96
2025-09-15,nw,133.18
2025-09-16,nw,133.33
2025-09-17,nw,133.54
2025-09-18,nw,133.68
2025-09-19,nw,133.81
2025-09-20,nw,133.88
2025-09-21,nw,133.79
2025-09-22,nw,133.83
2025-09-23,nw,133.87
2025-09-24,nw,133.79
2025-09-25,nw,133.74
2025-09-26,nw,133.66
2025-09-27,nw,133.51
2025-09-28,nw,133.51
2025-09-29,nw,133.36
2025-09-30,nw,133.32
2025-10-01,nw,133.27
2025-10-02,nw,133.17
2025-10-03,nw,133.26
2025-10-04,nw,133.41
2025-10-05,nw,133.62
2025-10-06,nw,133.9
2025-10-07,nw,134.07
2025-10-08,nw,134.42
2025-10-09,nw,134.58
2025-10-10,nw,134.5
2025-10-11,nw,134.36
2025-10-12,nw,134.08
2025-10-13,nw,133.79
2025-10-14,nw,133.59
2025-10-15,nw,133.25
2025-10-16,nw,133.1
2025-10-17,nw,133.08
2025-10-18,nw,133.16
2025-10-19,nw,133.32
2025-10-20,nw,133.37
2025-10-21,nw,133.28
2025-10-22,nw,133.34
2025-10-23,nw,133.32
2025-10-24,nw,133.32
2025-10-25,nw,133.34
2025-10-26,nw,133.3
2025-10-27,nw,133.32
2025-10-28,nw,133.41
2025-10-29,nw,133.42
2025-10-30,nw,133.41
2025-10-31,nw,133.28
2025-11-01,nw,132.98
2025-11-02,nw,132.79
2025-11-03,nw,132.63
2025-11-04,nw,132.57
2025-11-05,nw,132.43
2025-11-06,nw,132.44
2025-11-07,nw,132.49
2025-11-08,nw,132.63
2025-11-09,nw,132.72
2025-11-10,nw,132.87
2025-11-11,nw,132.95
2025-11-12,nw,133.05
2025-11-13,nw,133.01
2025-11-14,nw,132.95
2025-11-15,nw,132.94
2025-11-16,nw,132.81
2025-11-17,nw,132.7
2025-11-18,nw,132.73
2025-11-19,nw,132.62
2025-11-20,nw,132.63
2025-11-21,nw,132.72
2025-11-22,nw,132.75
2025-11-23,nw,132.73
2025-11-24,nw,132.71
2025-11-25,nw,132.55
2025-11-26,nw,132.47
2025-11-27,nw,132.32
2025-11-28,nw,132.13
2025-11-29,nw,131.99
2025-11-30,nw,131.85
2025-12-01,nw,131.69
2025-12-02,nw,131.69
2025-12-03,nw,131.67
2025-12-04,nw,131.43
2025-12-05,nw,131.2
2025-12-06,nw,130.79
2025-12-07,nw,130.52
2025-12-08,nw,130.29
2025-12-09,nw,129.94
2025-12-10,nw,129.67
2025-12-11,nw,129.61
2025-12-12,nw,129.59
2025-12-13,nw,129.64
2025-12-14,nw,129.66
2025-12-15,nw,129.76
2025-12-16,nw,129.79
2025-12-17,nw,129.98
2025-12-18,nw,130.09
2025-12-19,nw,130.26
2025-12-20,nw,130.48
2025-12-21,nw,130.72
2025-12-22,nw,130.9
2025-12-23,nw,131.12
2025-12-24,nw,131.09
2025-12-25,nw,131.1
2025-12-26,nw,131.01
2025-12-27,nw,130.91
2025-12-28,nw,130.77
2025-12-29,nw,130.81
2025-12-30,nw,130.81
2025-12-31,nw,130.89
2026-01-01,nw,131.01
2026-01-02,nw,130.98
2026-01-03,nw,130.94
2026-01-04,nw,130.73
2026-01-05,nw,130.43
2026-01-06,nw,130.27
2026-01-07,nw,130.15
2026-01-08,nw,130.09
2026-01-09,nw,130.14
2026-01-10,nw,130.15
2026-01-11,nw,130.27
2026-01-12,nw,130.51
2026-01-13,nw,130.73
2026-01-14,nw,130.73
2026-01-15,nw,130.51
2026-01-16,nw,130.53
2026-01-17,nw,130.56
2026-01-18,nw,130.59
2026-01-19,nw,130.31
2026-01-20,nw,129.99
2026-01-21,nw,130
2026-01-22,nw,130.27
2026-01-23,nw,130.46
2026-01-24,nw,130.68
2026-01-25,nw,130.79
2026-01-26,nw,130.97
2026-01-27,nw,131.03
2026-01-28,nw,130.96
2026-01-29,nw,130.83
2026-01-30,nw,130.66
2026-01-31,nw,130.56
2026-02-01,nw,130.5
2026-02-02,nw,130.45
2026-02-03,nw,130.45
2026-02-04,nw,130.42
2026-02-05,nw,130.37
2026-02-06,nw,130.26
2026-02-07,nw,130.11
2026-02-08,nw,130.08
2026-02-09,nw,130.06
2026-02-10,nw,130.03
2026-02-11,nw,130
2026-02-12,nw,129.98
2026-02-13,nw,129.95
2026-02-14,nw,129.92
2026-02-15,nw,129.9
2026-02-16,nw,129.87
2026-02-17,nw,129.84
2026-02-18,nw,129.82
2026-02-19,nw,129.79
2026-02-20,nw,129.76
2026-02-21,nw,129.73
2026-02-22,nw,129.71
2026-02-23,nw,129.68
2026-02-24,nw,129.65
2026-02-25,nw,129.63
2026-02-26,nw,129.63
2026-02-27,nw,129.7
2026-02-28,nw,129.67
2026-03-01,nw,129.6
2026-03-02,nw,129.5
2026-03-03,nw,129.52
2026-03-04,nw,129.51
2026-03-05,nw,129.58
2026-03-06,nw,129.53
2026-03-07,nw,129.59
2026-03-08,nw,129.64
2026-03-09,nw,129.64
2026-03-10,nw,129.39
2026-03-11,nw,129.02
2026-03-12,nw,128.58
2026-03-13,nw,128.27
2026-03-14,nw,127.92
2026-03-15,nw,127.54
2026-03-16,nw,127.19
2026-03-17,nw,126.92
2026-03-18,nw,126.91
2026-03-19,nw,126.9
2026-03-20,nw,126.92
2026-03-21,nw,127.02
2026-03-22,nw,127.1
2026-03-23,nw,127.2
2026-03-24,nw,127.46
2026-03-25,nw,127.54
2026-03-26,nw,127.68
2026-03-27,nw,127.78
2026-03-28,nw,127.83
2026-03-29,nw,127.84
2026-03-30,nw,127.91
2026-03-31,nw,127.73
2026-04-01,nw,127.54
2026-04-02,nw,127.25
2026-04-03,nw,126.92
2026-04-04,nw,126.59
2026-04-05,nw,126.33
2026-04-06,nw,126
2026-04-07,nw,125.84
2026-04-08,nw,125.77
2026-04-09,nw,125.64
2026-04-10,nw,125.47
2026-04-11,nw,125.28
2026-04-12,nw,125.12
2026-04-13,nw,125.03
2026-04-14,nw,124.8
2026-04-15,nw,124.55
2026-04-16,nw,124.29
2026-04-17,nw,123.98
2026-04-18,nw,123.7
2026-04-19,nw,123.45
2026-04-20,nw,123.19
2026-04-21,nw,123.12
2026-04-22,nw,123.22
2026-04-23,nw,123.46
2026-04-24,nw,123.68
2026-04-25,nw,123.87
2026-04-26,nw,124.04
2026-04-27,nw,124.19
2026-04-28,nw,124.27
2026-04-29,nw,124.28
2026-04-30,nw,124.19
2026-05-01,nw,124.04
2026-05-02,nw,123.93
2026-05-03,nw,123.86
2026-05-04,nw,123.8
2026-05-05,nw,123.82
2026-05-06,nw,123.82
2026-05-07,nw,123.82
2026-05-08,nw,123.91
2026-05-09,nw,124.02
2026-05-10,nw,124.03
2026-05-11,nw,123.96
2026-05-12,nw,123.74
2026-05-13,nw,123.53
2026-05-14,nw,123.31
2026-05-15,nw,123.01
2026-05-16,nw,122.75
2026-05-17,nw,122.53
2026-05-18,nw,122.44
2026-05-19,nw,122.44
2026-05-20,nw,122.52
2026-05-21,nw,122.62
2026-05-22,nw,122.78
2026-05-23,nw,122.91
2026-05-24,nw,123.01
2026-05-25,nw,122.89
2026-05-26,nw,122.59
2026-05-27,nw,122
2026-05-28,nw,121.58
2026-05-29,nw,121.18
2026-05-30,nw,121.03
2026-05-31,nw,120.64
2026-06-01,nw,120.63
2026-06-02,nw,120.83
2026-06-03,nw,121.19
2026-06-04,nw,121.59
2026-06-05,nw,121.89
2026-06-06,nw,121.97
2026-06-07,nw,122.26
2026-06-08,nw,122.13
2026-06-09,nw,121.93
2026-06-10,nw,121.7
2026-06-11,nw,121.43
2026-06-12,nw,121.41
2026-06-13,nw,121.5
2026-06-14,nw,121.56
2026-06-15,nw,121.66
2026-06-16,nw,121.74
2026-06-17,nw,121.88
2026-06-18,nw,121.8
2026-06-19,nw,121.68
2026-06-20,nw,121.48
2026-06-21,nw,121.3
2026-06-22,nw,121.12
2026-06-23,nw,120.93
2026-06-24,nw,120.75
2026-06-25,nw,120.67
2026-06-26,nw,120.36
2026-06-27,nw,120.25
2026-06-28,nw,120.03
2026-06-29,nw,119.75
2026-06-30,nw,119.17
2026-07-01,nw,118.8
2026-07-02,nw,118.47
2026-07-03,nw,118.39
2026-07-04,nw,118.28
2026-07-05,nw,118.24
2026-07-06,nw,118.23
2026-07-07,nw,118.65
2026-07-08,nw,118.87
2026-07-09,nw,119.12
2026-07-10,nw,119.35
2026-07-11,nw,119.49
2026-07-12,nw,119.73
2026-07-13,nw,119.93
2026-07-14,nw,120.04
2026-07-15,nw,119.99
2026-07-16,nw,119.77
2026-07-17,nw,119.39
2026-07-18,nw,118.99
2026-07-19,nw,118.59
2026-07-20,nw,118.26
2026-07-21,nw,118.09
2026-07-22,nw,118.23
2026-07-23,nw,118.44
2026-07-24,nw,118.71
2026-07-25,nw,119.12
2026-07-26,nw,119.56
2026-07-27,nw,119.86
2026-07-28,nw,119.99
2026-07-29,nw,119.91
2026-07-30,nw,119.77
2026-07-31,nw,119.42
2026-08-01,nw,119.16
2026-08-02,nw,118.86
2026-08-03,nw,118.68
2026-08-04,nw,118.71
2026-08-05,nw,118.85
2026-08-06,nw,119.02
2026-08-07,nw,119.43
2026-08-08,nw,119.7
2026-08-09,nw,119.99
2026-08-10,nw,120.24
2026-08-11,nw,120.3
2026-08-12,nw,120.26
2026-08-13,nw,120.21
2026-08-14,nw,120.3
2026-08-15,nw,120.34
2026-08-16,nw,120.31
2026-08-17,nw,120.3
2026-08-18,nw,120.4
2026-08-19,nw,120.56
2026-08-20,nw,120.72
2026-08-21,nw,120.73
2026-08-22,nw,120.67
2026-08-23,nw,120.61
2026-08-24,nw,120.48
2026-08-25,nw,120.35
2026-08-26,nw,120.2
2026-08-27,nw,120.09
2026-08-28,nw,119.87
2026-08-29,nw,119.79
2026-08-30,nw,119.77
2026-08-31,nw,119.56
2026-09-01,nw,119.59
2026-09-02,nw,119.57
2026-09-03,nw,119.45
2026-09-04,nw,119.51
2026-09-05,nw,119.52
2026-09-06,nw,119.39
2026-09-07,nw,119.53
2026-09-08,nw,119.41
2026-09-09,nw,119.33
2026-09-10,nw,119.34
2026-09-11,nw,119.28
2026-09-12,nw,119.15
2026-09-13,nw,119.09
2026-09-14,nw,118.9
2026-09-15,nw,118.85
2026-09-16,nw,118.67
2026-09-17,nw,118.52
2026-09-18,nw,118.43
2020-02-01,rp,100
2020-02-02,rp,99.9
2020-02-03,rp,99.83
2020-02-04,rp,99.68
2020-02-05,rp,99.76
2020-02-06,rp,99.85
2020-02-07,rp,99.9
2020-02-08,rp,100
2020-02-09,rp,100.07
2020-02-10,rp,100.13
2020-02-11,rp,100.14
2020-02-12,rp,100.17
2020-02-13,rp,100.26
2020-02-14,rp,100.39
2020-02-15,rp,100.51
2020-02-16,rp,100.71
2020-02-17,rp,100.87
2020-02-18,rp,101.05
2020-02-19,rp,101.16
2020-02-20,rp,101.18
2020-02-21,rp,101.23
2020-02-22,rp,101.14
2020-02-23,rp,101
2020-02-24,rp,100.95
2020-02-25,rp,100.97
2020-02-26,rp,101.04
2020-02-27,rp,101.09
2020-02-28,rp,101.1
2020-02-29,rp,101.27
2020-03-01,rp,101.48
2020-03-02,rp,101.65
2020-03-03,rp,101.91
2020-03-04,rp,102.03
2020-03-05,rp,102.29
2020-03-06,rp,102.58
2020-03-07,rp,102.84
2020-03-08,rp,102.98
2020-03-09,rp,103.07
2020-03-10,rp,103.22
2020-03-11,rp,103.38
2020-03-12,rp,103.35
2020-03-13,rp,103.18
2020-03-14,rp,103.02
2020-03-15,rp,102.9
2020-03-16,rp,102.74
2020-03-17,rp,102.27
2020-03-18,rp,101.87
2020-03-19,rp,101.41
2020-03-20,rp,100.97
2020-03-21,rp,100.35
2020-03-22,rp,99.82
2020-03-23,rp,99.26
2020-03-24,rp,98.78
2020-03-25,rp,98.17
2020-03-26,rp,97.63
2020-03-27,rp,97.13
2020-03-28,rp,96.66
2020-03-29,rp,96.15
2020-03-30,rp,95.71
2020-03-31,rp,95.32
2020-04-01,rp,94.91
2020-04-02,rp,94.52
2020-04-03,rp,94.01
2020-04-04,rp,93.58
2020-04-05,rp,93.12
2020-04-06,rp,92.63
2020-04-07,rp,92.13
2020-04-08,rp,91.77
2020-04-09,rp,91.37
2020-04-10,rp,91.07
2020-04-11,rp,90.84
2020-04-12,rp,90.63
2020-04-13,rp,90.42
2020-04-14,rp,90.33
2020-04-15,rp,90.27
2020-04-16,rp,90.14
2020-04-17,rp,90.09
2020-04-18,rp,90.03
2020-04-19,rp,89.79
2020-04-20,rp,89.74
2020-04-21,rp,89.55
2020-04-22,rp,89.27
2020-04-23,rp,89.23
2020-04-24,rp,89.08
2020-04-25,rp,88.82
2020-04-26,rp,88.8
2020-04-27,rp,88.68
2020-04-28,rp,88.54
2020-04-29,rp,88.57
2020-04-30,rp,88.65
2020-05-01,rp,88.68
2020-05-02,rp,88.68
2020-05-03,rp,88.71
2020-05-04,rp,88.72
2020-05-05,rp,88.79
2020-05-06,rp,88.82
2020-05-07,rp,88.66
2020-05-08,rp,88.55
2020-05-09,rp,88.53
2020-05-10,rp,88.42
2020-05-11,rp,88.37
2020-05-12,rp,88.24
2020-05-13,rp,88.02
2020-05-14,rp,87.8
2020-05-15,rp,87.78
2020-05-16,rp,87.76
2020-05-17,rp,87.73
2020-05-18,rp,87.71
2020-05-19,rp,87.62
2020-05-20,rp,87.63
2020-05-21,rp,87.85
2020-05-22,rp,88.01
2020-05-23,rp,88.16
2020-05-24,rp,88.34
2020-05-25,rp,88.42
2020-05-26,rp,88.74
2020-05-27,rp,88.83
2020-05-28,rp,88.82
2020-05-29,rp,88.66
2020-05-30,rp,88.5
2020-05-31,rp,88.3
2020-06-01,rp,88.19
2020-06-02,rp,88
2020-06-03,rp,88.11
2020-06-04,rp,88.06
2020-06-05,rp,88.1
2020-06-06,rp,88.21
2020-06-07,rp,88.35
2020-06-08,rp,88.49
2020-06-09,rp,88.7
2020-06-10,rp,88.79
2020-06-11,rp,89.05
2020-06-12,rp,89.24
2020-06-13,rp,89.33
2020-06-14,rp,89.43
2020-06-15,rp,89.41
2020-06-16,rp,89.33
2020-06-17,rp,89.31
2020-06-18,rp,89.17
2020-06-19,rp,89.14
2020-06-20,rp,89.16
2020-06-21,rp,89.23
2020-06-22,rp,89.44
2020-06-23,rp,89.5
2020-06-24,rp,89.52
2020-06-25,rp,89.63
2020-06-26,rp,89.62
2020-06-27,rp,89.62
2020-06-28,rp,89.6
2020-06-29,rp,89.48
2020-06-30,rp,89.39
2020-07-01,rp,89.17
2020-07-02,rp,89.03
2020-07-03,rp,88.91
2020-07-04,rp,88.82
2020-07-05,rp,88.7
2020-07-06,rp,88.5
2020-07-07,rp,88.39
2020-07-08,rp,88.34
2020-07-09,rp,88.29
2020-07-10,rp,88.24
2020-07-11,rp,88.15
2020-07-12,rp,87.97
2020-07-13,rp,87.9
2020-07-14,rp,87.94
2020-07-15,rp,87.97
2020-07-16,rp,87.89
2020-07-17,rp,87.81
2020-07-18,rp,87.77
2020-07-19,rp,87.71
2020-07-20,rp,87.68
2020-07-21,rp,87.49
2020-07-22,rp,87.49
2020-07-23,rp,87.34
2020-07-24,rp,87.29
2020-07-25,rp,87.41
2020-07-26,rp,87.73
2020-07-27,rp,87.98
2020-07-28,rp,88.3
2020-07-29,rp,88.36
2020-07-30,rp,88.51
2020-07-31,rp,88.63
2020-08-01,rp,88.44
2020-08-02,rp,88.15
2020-08-03,rp,87.76
2020-08-04,rp,87.32
2020-08-05,rp,86.9
2020-08-06,rp,86.72
2020-08-07,rp,86.59
2020-08-08,rp,86.61
2020-08-09,rp,86.66
2020-08-10,rp,86.85
2020-08-11,rp,87.03
2020-08-12,rp,87.35
2020-08-13,rp,87.63
2020-08-14,rp,87.86
2020-08-15,rp,88.08
2020-08-16,rp,88.31
2020-08-17,rp,88.43
2020-08-18,rp,88.67
2020-08-19,rp,88.89
2020-08-20,rp,89.06
2020-08-21,rp,89.19
2020-08-22,rp,89.29
2020-08-23,rp,89.46
2020-08-24,rp,89.62
2020-08-25,rp,89.8
2020-08-26,rp,90.02
2020-08-27,rp,90.09
2020-08-28,rp,90.15
2020-08-29,rp,90.23
2020-08-30,rp,90.22
2020-08-31,rp,90.32
2020-09-01,rp,90.46
2020-09-02,rp,90.51
2020-09-03,rp,90.63
2020-09-04,rp,90.74
2020-09-05,rp,90.99
2020-09-06,rp,91.2
2020-09-07,rp,91.37
2020-09-08,rp,91.51
2020-09-09,rp,91.66
2020-09-10,rp,91.83
2020-09-11,rp,92.14
2020-09-12,rp,92.23
2020-09-13,rp,92.33
2020-09-14,rp,92.5
2020-09-15,rp,92.6
2020-09-16,rp,92.75
2020-09-17,rp,92.89
2020-09-18,rp,93.03
2020-09-19,rp,93.24
2020-09-20,rp,93.36
2020-09-21,rp,93.42
2020-09-22,rp,93.51
2020-09-23,rp,93.58
2020-09-24,rp,93.54
2020-09-25,rp,93.56
2020-09-26,rp,93.58
2020-09-27,rp,93.71
2020-09-28,rp,93.91
2020-09-29,rp,94.07
2020-09-30,rp,94.22
2020-10-01,rp,94.61
2020-10-02,rp,94.93
2020-10-03,rp,95.26
2020-10-04,rp,95.64
2020-10-05,rp,95.99
2020-10-06,rp,96.29
2020-10-07,rp,96.62
2020-10-08,rp,96.85
2020-10-09,rp,97.03
2020-10-10,rp,97.2
2020-10-11,rp,97.32
2020-10-12,rp,97.37
2020-10-13,rp,97.61
2020-10-14,rp,97.77
2020-10-15,rp,97.88
2020-10-16,rp,97.87
2020-10-17,rp,97.92
2020-10-18,rp,97.98
2020-10-19,rp,98.07
2020-10-20,rp,98.11
2020-10-21,rp,98.2
2020-10-22,rp,98.28
2020-10-23,rp,98.41
2020-10-24,rp,98.49
2020-10-25,rp,98.56
2020-10-26,rp,98.69
2020-10-27,rp,98.78
2020-10-28,rp,98.86
2020-10-29,rp,98.98
2020-10-30,rp,99.1
2020-10-31,rp,99.11
2020-11-01,rp,99.18
2020-11-02,rp,99.2
2020-11-03,rp,99.21
2020-11-04,rp,99.07
2020-11-05,rp,98.83
2020-11-06,rp,98.68
2020-11-07,rp,98.65
2020-11-08,rp,98.54
2020-11-09,rp,98.43
2020-11-10,rp,98.35
2020-11-11,rp,98.4
2020-11-12,rp,98.45
2020-11-13,rp,98.54
2020-11-14,rp,98.56
2020-11-15,rp,98.62
2020-11-16,rp,98.68
2020-11-17,rp,98.6
2020-11-18,rp,98.53
2020-11-19,rp,98.57
2020-11-20,rp,98.5
2020-11-21,rp,98.42
2020-11-22,rp,98.33
2020-11-23,rp,98.27
2020-11-24,rp,98.11
2020-11-25,rp,98.14
2020-11-26,rp,98.14
2020-11-27,rp,98.19
2020-11-28,rp,98.25
2020-11-29,rp,98.36
2020-11-30,rp,98.42
2020-12-01,rp,98.73
2020-12-02,rp,98.88
2020-12-03,rp,98.9
2020-12-04,rp,99.08
2020-12-05,rp,99.08
2020-12-06,rp,99.02
2020-12-07,rp,99.02
2020-12-08,rp,98.89
2020-12-09,rp,98.82
2020-12-10,rp,98.8
2020-12-11,rp,98.54
2020-12-12,rp,98.44
2020-12-13,rp,98.38
2020-12-14,rp,98.35
2020-12-15,rp,98.49
2020-12-16,rp,98.52
2020-12-17,rp,98.61
2020-12-18,rp,98.65
2020-12-19,rp,98.86
2020-12-20,rp,99.09
2020-12-21,rp,99.26
2020-12-22,rp,99.35
2020-12-23,rp,99.4
2020-12-24,rp,99.5
2020-12-25,rp,99.76
2020-12-26,rp,99.79
2020-12-27,rp,99.84
2020-12-28,rp,99.97
2020-12-29,rp,100.03
2020-12-30,rp,100.12
2020-12-31,rp,100.15
2021-01-01,rp,100.22
2021-01-02,rp,100.32
2021-01-03,rp,100.34
2021-01-04,rp,100.32
2021-01-05,rp,100.34
2021-01-06,rp,100.56
2021-01-07,rp,100.74
2021-01-08,rp,100.85
2021-01-09,rp,101.02
2021-01-10,rp,101.18
2021-01-11,rp,101.42
2021-01-12,rp,101.65
2021-01-13,rp,101.79
2021-01-14,rp,102.07
2021-01-15,rp,102.32
2021-01-16,rp,102.55
2021-01-17,rp,102.87
2021-01-18,rp,102.93
2021-01-19,rp,102.97
2021-01-20,rp,102.91
2021-01-21,rp,102.67
2021-01-22,rp,102.47
2021-01-23,rp,102.29
2021-01-24,rp,102.06
2021-01-25,rp,102.01
2021-01-26,rp,101.94
2021-01-27,rp,101.96
2021-01-28,rp,102.05
2021-01-29,rp,102.02
2021-01-30,rp,101.92
2021-01-31,rp,101.86
2021-02-01,rp,101.8
2021-02-02,rp,101.8
2021-02-03,rp,101.79
2021-02-04,rp,101.67
2021-02-05,rp,101.79
2021-02-06,rp,102.03
2021-02-07,rp,102.24
2021-02-08,rp,102.42
2021-02-09,rp,102.47
2021-02-10,rp,102.49
2021-02-11,rp,102.64
2021-02-12,rp,102.68
2021-02-13,rp,102.7
2021-02-14,rp,102.77
2021-02-15,rp,102.89
2021-02-16,rp,103.14
2021-02-17,rp,103.24
2021-02-18,rp,103.44
2021-02-19,rp,103.54
2021-02-20,rp,103.5
2021-02-21,rp,103.41
2021-02-22,rp,103.27
2021-02-23,rp,103.22
2021-02-24,rp,103.41
2021-02-25,rp,103.46
2021-02-26,rp,103.65
2021-02-27,rp,103.96
2021-02-28,rp,104.3
2021-03-01,rp,104.66
2021-03-02,rp,104.97
2021-03-03,rp,105.01
2021-03-04,rp,105.06
2021-03-05,rp,105.19
2021-03-06,rp,105.34
2021-03-07,rp,105.57
2021-03-08,rp,105.66
2021-03-09,rp,105.6
2021-03-10,rp,105.72
2021-03-11,rp,105.81
2021-03-12,rp,105.9
2021-03-13,rp,105.98
2021-03-14,rp,106.02
2021-03-15,rp,106.13
2021-03-16,rp,106.47
2021-03-17,rp,106.69
2021-03-18,rp,107.03
2021-03-19,rp,107.26
2021-03-20,rp,107.48
2021-03-21,rp,107.62
2021-03-22,rp,107.81
2021-03-23,rp,107.83
2021-03-24,rp,107.99
2021-03-25,rp,108.02
2021-03-26,rp,108.13
2021-03-27,rp,108.29
2021-03-28,rp,108.47
2021-03-29,rp,108.55
2021-03-30,rp,108.53
2021-03-31,rp,108.65
2021-04-01,rp,108.8
2021-04-02,rp,109
2021-04-03,rp,109.07
2021-04-04,rp,109.13
2021-04-05,rp,109.25
2021-04-06,rp,109.48
2021-04-07,rp,109.52
2021-04-08,rp,109.54
2021-04-09,rp,109.52
2021-04-10,rp,109.55
2021-04-11,rp,109.55
2021-04-12,rp,109.66
2021-04-13,rp,109.78
2021-04-14,rp,109.89
2021-04-15,rp,110.09
2021-04-16,rp,110.11
2021-04-17,rp,110.28
2021-04-18,rp,110.41
2021-04-19,rp,110.49
2021-04-20,rp,110.54
2021-04-21,rp,110.58
2021-04-22,rp,110.57
2021-04-23,rp,110.82
2021-04-24,rp,110.83
2021-04-25,rp,110.82
2021-04-26,rp,110.96
2021-04-27,rp,111.1
2021-04-28,rp,111.22
2021-04-29,rp,111.37
2021-04-30,rp,111.5
2021-05-01,rp,111.64
2021-05-02,rp,111.89
2021-05-03,rp,112.11
2021-05-04,rp,112.31
2021-05-05,rp,112.67
2021-05-06,rp,112.96
2021-05-07,rp,113.15
2021-05-08,rp,113.47
2021-05-09,rp,113.61
2021-05-10,rp,113.67
2021-05-11,rp,113.84
2021-05-12,rp,113.86
2021-05-13,rp,113.99
2021-05-14,rp,113.99
2021-05-15,rp,113.93
2021-05-16,rp,114.12
2021-05-17,rp,114.17
2021-05-18,rp,114.23
2021-05-19,rp,114.37
2021-05-20,rp,114.48
2021-05-21,rp,114.8
2021-05-22,rp,115.07
2021-05-23,rp,115.17
2021-05-24,rp,115.37
2021-05-25,rp,115.43
2021-05-26,rp,115.46
2021-05-27,rp,115.48
2021-05-28,rp,115.45
2021-05-29,rp,115.47
2021-05-30,rp,115.58
2021-05-31,rp,115.7
2021-06-01,rp,115.94
2021-06-02,rp,116.23
2021-06-03,rp,116.56
2021-06-04,rp,116.77
2021-06-05,rp,116.93
2021-06-06,rp,117.07
2021-06-07,rp,117.23
2021-06-08,rp,117.41
2021-06-09,rp,117.57
2021-06-10,rp,117.55
2021-06-11,rp,117.82
2021-06-12,rp,118.16
2021-06-13,rp,118.53
2021-06-14,rp,118.83
2021-06-15,rp,119.12
2021-06-16,rp,119.32
2021-06-17,rp,119.78
2021-06-18,rp,120.06
2021-06-19,rp,120.3
2021-06-20,rp,120.58
2021-06-21,rp,120.82
2021-06-22,rp,121.1
2021-06-23,rp,121.45
2021-06-24,rp,121.68
2021-06-25,rp,121.92
2021-06-26,rp,122.1
2021-06-27,rp,122.24
2021-06-28,rp,122.55
2021-06-29,rp,122.77
2021-06-30,rp,123.01
2021-07-01,rp,123.25
2021-07-02,rp,123.41
2021-07-03,rp,123.8
2021-07-04,rp,124.12
2021-07-05,rp,124.28
2021-07-06,rp,124.47
2021-07-07,rp,124.63
2021-07-08,rp,124.91
2021-07-09,rp,125.18
2021-07-10,rp,125.27
2021-07-11,rp,125.47
2021-07-12,rp,125.7
2021-07-13,rp,125.84
2021-07-14,rp,125.91
2021-07-15,rp,125.77
2021-07-16,rp,125.83
2021-07-17,rp,126.07
2021-07-18,rp,126.24
2021-07-19,rp,126.47
2021-07-20,rp,126.75
2021-07-21,rp,127.02
2021-07-22,rp,127.47
2021-07-23,rp,127.71
2021-07-24,rp,127.78
2021-07-25,rp,127.84
2021-07-26,rp,127.98
2021-07-27,rp,128.03
2021-07-28,rp,128.19
2021-07-29,rp,127.97
2021-07-30,rp,127.94
2021-07-31,rp,127.87
2021-08-01,rp,127.66
2021-08-02,rp,127.39
2021-08-03,rp,127.21
2021-08-04,rp,127.1
2021-08-05,rp,127.14
2021-08-06,rp,127.3
2021-08-07,rp,127.51
2021-08-08,rp,127.82
2021-08-09,rp,128.14
2021-08-10,rp,128.44
2021-08-11,rp,128.74
2021-08-12,rp,129.18
2021-08-13,rp,129.43
2021-08-14,rp,129.55
2021-08-15,rp,129.69
2021-08-16,rp,129.77
2021-08-17,rp,129.81
2021-08-18,rp,129.96
2021-08-19,rp,130.16
2021-08-20,rp,130.3
2021-08-21,rp,130.55
2021-08-22,rp,130.84
2021-08-23,rp,131.11
2021-08-24,rp,131.55
2021-08-25,rp,131.82
2021-08-26,rp,131.93
2021-08-27,rp,132.04
2021-08-28,rp,132.19
2021-08-29,rp,132.36
2021-08-30,rp,132.59
2021-08-31,rp,132.73
2021-09-01,rp,132.87
2021-09-02,rp,133.2
2021-09-03,rp,133.47
2021-09-04,rp,133.74
2021-09-05,rp,133.96
2021-09-06,rp,134.21
2021-09-07,rp,134.49
2021-09-08,rp,134.66
2021-09-09,rp,134.68
2021-09-10,rp,134.86
2021-09-11,rp,135.04
2021-09-12,rp,135.3
2021-09-13,rp,135.44
2021-09-14,rp,135.48
2021-09-15,rp,135.64
2021-09-16,rp,135.85
2021-09-17,rp,135.97
2021-09-18,rp,136.11
2021-09-19,rp,136.19
2021-09-20,rp,136.49
2021-09-21,rp,136.74
2021-09-22,rp,136.95
2021-09-23,rp,137.27
2021-09-24,rp,137.55
2021-09-25,rp,137.81
2021-09-26,rp,138.06
2021-09-27,rp,138.16
2021-09-28,rp,138.25
2021-09-29,rp,138.43
2021-09-30,rp,138.5
2021-10-01,rp,138.54
2021-10-02,rp,138.56
2021-10-03,rp,138.55
2021-10-04,rp,138.55
2021-10-05,rp,138.71
2021-10-06,rp,138.99
2021-10-07,rp,139.29
2021-10-08,rp,139.8
2021-10-09,rp,140.27
2021-10-10,rp,140.74
2021-10-11,rp,141.17
2021-10-12,rp,141.46
2021-10-13,rp,141.6
2021-10-14,rp,141.71
2021-10-15,rp,141.71
2021-10-16,rp,141.73
2021-10-17,rp,141.74
2021-10-18,rp,141.69
2021-10-19,rp,141.91
2021-10-20,rp,141.97
2021-10-21,rp,142.28
2021-10-22,rp,142.47
2021-10-23,rp,142.8
2021-10-24,rp,143.08
2021-10-25,rp,143.46
2021-10-26,rp,143.64
2021-10-27,rp,143.97
2021-10-28,rp,144.05
2021-10-29,rp,144.28
2021-10-30,rp,144.48
2021-10-31,rp,144.71
2021-11-01,rp,144.61
2021-11-02,rp,144.55
2021-11-03,rp,144.42
2021-11-04,rp,144.62
2021-11-05,rp,144.73
2021-11-06,rp,144.72
2021-11-07,rp,144.79
2021-11-08,rp,145.15
2021-11-09,rp,145.48
2021-11-10,rp,145.86
2021-11-11,rp,146
2021-11-12,rp,146.13
2021-11-13,rp,146.23
2021-11-14,rp,146.38
2021-11-15,rp,146.56
2021-11-16,rp,146.79
2021-11-17,rp,146.96
2021-11-18,rp,147.01
2021-11-19,rp,146.89
2021-11-20,rp,146.73
2021-11-21,rp,146.51
2021-11-22,rp,146.36
2021-11-23,rp,146.22
2021-11-24,rp,146.12
2021-11-25,rp,146.01
2021-11-26,rp,146.15
2021-11-27,rp,146.32
2021-11-28,rp,146.57
2021-11-29,rp,146.81
2021-11-30,rp,146.77
2021-12-01,rp,146.68
2021-12-02,rp,146.64
2021-12-03,rp,146.54
2021-12-04,rp,146.6
2021-12-05,rp,146.57
2021-12-06,rp,146.38
2021-12-07,rp,146.44
2021-12-08,rp,146.43
2021-12-09,rp,146.24
2021-12-10,rp,146.04
2021-12-11,rp,145.83
2021-12-12,rp,145.61
2021-12-13,rp,145.62
2021-12-14,rp,145.59
2021-12-15,rp,145.36
2021-12-16,rp,145.38
2021-12-17,rp,145.52
2021-12-18,rp,145.46
2021-12-19,rp,145.46
2021-12-20,rp,145.38
2021-12-21,rp,145.27
2021-12-22,rp,145.61
2021-12-23,rp,145.79
2021-12-24,rp,146.01
2021-12-25,rp,146.24
2021-12-26,rp,146.5
2021-12-27,rp,146.85
2021-12-28,rp,147.08
2021-12-29,rp,146.89
2021-12-30,rp,146.97
2021-12-31,rp,146.78
2022-01-01,rp,146.65
2022-01-02,rp,146.42
2022-01-03,rp,145.98
2022-01-04,rp,145.81
2022-01-05,rp,145.99
2022-01-06,rp,145.82
2022-01-07,rp,145.84
2022-01-08,rp,145.91
2022-01-09,rp,145.97
2022-01-10,rp,145.87
2022-01-11,rp,145.55
2022-01-12,rp,145.19
2022-01-13,rp,144.95
2022-01-14,rp,144.68
2022-01-15,rp,144.55
2022-01-16,rp,144.52
2022-01-17,rp,144.73
2022-01-18,rp,144.97
2022-01-19,rp,145.38
2022-01-20,rp,145.81
2022-01-21,rp,146.33
2022-01-22,rp,146.54
2022-01-23,rp,146.66
2022-01-24,rp,146.81
2022-01-25,rp,147.03
2022-01-26,rp,147.13
2022-01-27,rp,147.4
2022-01-28,rp,147.75
2022-01-29,rp,148.37
2022-01-30,rp,148.99
2022-01-31,rp,149.62
2022-02-01,rp,150.16
2022-02-02,rp,150.72
2022-02-03,rp,151.13
2022-02-04,rp,151.33
2022-02-05,rp,151.41
2022-02-06,rp,151.57
2022-02-07,rp,151.66
2022-02-08,rp,151.83
2022-02-09,rp,152.07
2022-02-10,rp,152.37
2022-02-11,rp,152.62
2022-02-12,rp,153.01
2022-02-13,rp,153.32
2022-02-14,rp,153.59
2022-02-15,rp,154
2022-02-16,rp,154.29
2022-02-17,rp,155
2022-02-18,rp,155.79
2022-02-19,rp,156.45
2022-02-20,rp,157.22
2022-02-21,rp,157.9
2022-02-22,rp,158.47
2022-02-23,rp,159.03
2022-02-24,rp,159.11
2022-02-25,rp,159.31
2022-02-26,rp,159.47
2022-02-27,rp,159.46
2022-02-28,rp,159.51
2022-03-01,rp,159.65
2022-03-02,rp,159.64
2022-03-03,rp,159.78
2022-03-04,rp,159.71
2022-03-05,rp,159.84
2022-03-06,rp,160.04
2022-03-07,rp,160.33
2022-03-08,rp,160.45
2022-03-09,rp,160.77
2022-03-10,rp,160.89
2022-03-11,rp,161.08
2022-03-12,rp,161.15
2022-03-13,rp,161.23
2022-03-14,rp,161.24
2022-03-15,rp,161.41
2022-03-16,rp,161.46
2022-03-17,rp,161.52
2022-03-18,rp,161.69
2022-03-19,rp,161.82
2022-03-20,rp,161.99
2022-03-21,rp,162.3
2022-03-22,rp,162.62
2022-03-23,rp,163
2022-03-24,rp,163.39
2022-03-25,rp,163.66
2022-03-26,rp,163.9
2022-03-27,rp,164.09
2022-03-28,rp,164.28
2022-03-29,rp,164.46
2022-03-30,rp,164.62
2022-03-31,rp,164.94
2022-04-01,rp,165.2
2022-04-02,rp,165.6
2022-04-03,rp,165.92
2022-04-04,rp,166.18
2022-04-05,rp,166.39
2022-04-06,rp,166.63
2022-04-07,rp,166.61
2022-04-08,rp,166.7
2022-04-09,rp,166.66
2022-04-10,rp,166.76
2022-04-11,rp,166.84
2022-04-12,rp,166.84
2022-04-13,rp,166.81
2022-04-14,rp,166.89
2022-04-15,rp,167.01
2022-04-16,rp,167.08
2022-04-17,rp,167.13
2022-04-18,rp,167.18
2022-04-19,rp,167.1
2022-04-20,rp,167.09
2022-04-21,rp,166.92
2022-04-22,rp,166.62
2022-04-23,rp,166.47
2022-04-24,rp,166.35
2022-04-25,rp,166.15
2022-04-26,rp,166.02
2022-04-27,rp,166.03
2022-04-28,rp,166.18
2022-04-29,rp,166.52
2022-04-30,rp,166.94
2022-05-01,rp,167.13
2022-05-02,rp,167.45
2022-05-03,rp,167.91
2022-05-04,rp,168.12
2022-05-05,rp,168.34
2022-05-06,rp,168.5
2022-05-07,rp,168.59
2022-05-08,rp,168.78
2022-05-09,rp,169.04
2022-05-10,rp,169.21
2022-05-11,rp,169.48
2022-05-12,rp,169.63
2022-05-13,rp,169.72
2022-05-14,rp,169.87
2022-05-15,rp,170.15
2022-05-16,rp,170.37
2022-05-17,rp,170.62
2022-05-18,rp,170.85
2022-05-19,rp,171.14
2022-05-20,rp,171.41
2022-05-21,rp,171.48
2022-05-22,rp,171.45
2022-05-23,rp,171.41
2022-05-24,rp,171.38
2022-05-25,rp,171.35
2022-05-26,rp,171.32
2022-05-27,rp,171.29
2022-05-28,rp,171.25
2022-05-29,rp,171.22
2022-05-30,rp,171.19
2022-05-31,rp,171.08
2022-06-01,rp,171
2022-06-02,rp,170.66
2022-06-03,rp,170.36
2022-06-04,rp,170.17
2022-06-05,rp,170.02
2022-06-06,rp,169.85
2022-06-07,rp,169.69
2022-06-08,rp,169.48
2022-06-09,rp,169.64
2022-06-10,rp,169.9
2022-06-11,rp,170.02
2022-06-12,rp,170.04
2022-06-13,rp,170.03
2022-06-14,rp,170.12
2022-06-15,rp,170.26
2022-06-16,rp,170.6
2022-06-17,rp,170.27
2022-06-18,rp,170.26
2022-06-19,rp,170.28
2022-06-20,rp,170.19
2022-06-21,rp,170.09
2022-06-22,rp,169.78
2022-06-23,rp,169.25
2022-06-24,rp,169.38
2022-06-25,rp,169.36
2022-06-26,rp,169.34
2022-06-27,rp,169.4
2022-06-28,rp,169.44
2022-06-29,rp,169.81
2022-06-30,rp,170.06
2022-07-01,rp,170.18
2022-07-02,rp,170.33
2022-07-03,rp,170.39
2022-07-04,rp,170.54
2022-07-05,rp,170.65
2022-07-06,rp,170.54
2022-07-07,rp,170.47
2022-07-08,rp,170.4
2022-07-09,rp,170.44
2022-07-10,rp,170.53
2022-07-11,rp,170.52
2022-07-12,rp,170.55
2022-07-13,rp,170.56
2022-07-14,rp,170.71
2022-07-15,rp,170.92
2022-07-16,rp,170.98
2022-07-17,rp,171.11
2022-07-18,rp,171.14
2022-07-19,rp,171.27
2022-07-20,rp,171.51
2022-07-21,rp,171.66
2022-07-22,rp,171.86
2022-07-23,rp,172
2022-07-24,rp,172.13
2022-07-25,rp,172.34
2022-07-26,rp,172.55
2022-07-27,rp,172.86
2022-07-28,rp,173.02
2022-07-29,rp,173.15
2022-07-30,rp,173.44
2022-07-31,rp,173.72
2022-08-01,rp,173.88
2022-08-02,rp,173.97
2022-08-03,rp,174.02
2022-08-04,rp,174.21
2022-08-05,rp,174.36
2022-08-06,rp,174.32
2022-08-07,rp,174.09
2022-08-08,rp,173.98
2022-08-09,rp,174.02
2022-08-10,rp,173.86
2022-08-11,rp,173.62
2022-08-12,rp,173.54
2022-08-13,rp,173.41
2022-08-14,rp,173.75
2022-08-15,rp,173.99
2022-08-16,rp,174.28
2022-08-17,rp,174.62
2022-08-18,rp,174.95
2022-08-19,rp,175
2022-08-20,rp,175.11
2022-08-21,rp,175.02
2022-08-22,rp,175.01
2022-08-23,rp,174.74
2022-08-24,rp,174.51
2022-08-25,rp,174.39
2022-08-26,rp,174.34
2022-08-27,rp,174.34
2022-08-28,rp,174.22
2022-08-29,rp,173.93
2022-08-30,rp,173.91
2022-08-31,rp,173.87
2022-09-01,rp,173.63
2022-09-02,rp,173.3
2022-09-03,rp,173.11
2022-09-04,rp,172.95
2022-09-05,rp,172.96
2022-09-06,rp,172.7
2022-09-07,rp,172.38
2022-09-08,rp,172.27
2022-09-09,rp,172.36
2022-09-10,rp,172.42
2022-09-11,rp,172.38
2022-09-12,rp,172.28
2022-09-13,rp,172.3
2022-09-14,rp,172.39
2022-09-15,rp,172.25
2022-09-16,rp,172.02
2022-09-17,rp,171.56
2022-09-18,rp,171.18
2022-09-19,rp,170.93
2022-09-20,rp,170.43
2022-09-21,rp,170.06
2022-09-22,rp,170
2022-09-23,rp,170.08
2022-09-24,rp,170.37
2022-09-25,rp,170.64
2022-09-26,rp,170.9
2022-09-27,rp,171.48
2022-09-28,rp,171.9
2022-09-29,rp,172.17
2022-09-30,rp,172.32
2022-10-01,rp,172.36
2022-10-02,rp,172.51
2022-10-03,rp,172.67
2022-10-04,rp,172.64
2022-10-05,rp,172.73
2022-10-06,rp,172.75
2022-10-07,rp,172.81
2022-10-08,rp,172.95
2022-10-09,rp,173.03
2022-10-10,rp,173.06
2022-10-11,rp,173.11
2022-10-12,rp,173.28
2022-10-13,rp,173.55
2022-10-14,rp,173.88
2022-10-15,rp,174.11
2022-10-16,rp,174.46
2022-10-17,rp,174.75
2022-10-18,rp,175.18
2022-10-19,rp,175.3
2022-10-20,rp,175.46
2022-10-21,rp,175.45
2022-10-22,rp,175.47
2022-10-23,rp,175.5
2022-10-24,rp,175.64
2022-10-25,rp,175.58
2022-10-26,rp,175.56
2022-10-27,rp,175.65
2022-10-28,rp,175.72
2022-10-29,rp,175.68
2022-10-30,rp,175.84
2022-10-31,rp,176.05
2022-11-01,rp,176.48
2022-11-02,rp,176.97
2022-11-03,rp,177.08
2022-11-04,rp,177.19
2022-11-05,rp,177.6
2022-11-06,rp,177.69
2022-11-07,rp,177.67
2022-11-08,rp,177.56
2022-11-09,rp,177.55
2022-11-10,rp,177.81
2022-11-11,rp,177.93
2022-11-12,rp,178.01
2022-11-13,rp,178.14
2022-11-14,rp,178.23
2022-11-15,rp,178.43
2022-11-16,rp,178.6
2022-11-17,rp,178.57
2022-11-18,rp,178.8
2022-11-19,rp,178.99
2022-11-20,rp,179.16
2022-11-21,rp,179.44
2022-11-22,rp,179.54
2022-11-23,rp,179.59
2022-11-24,rp,180
2022-11-25,rp,180.18
2022-11-26,rp,180.32
2022-11-27,rp,180.32
2022-11-28,rp,180.37
2022-11-29,rp,180.68
2022-11-30,rp,180.8
2022-12-01,rp,180.48
2022-12-02,rp,180.54
2022-12-03,rp,180.51
2022-12-04,rp,180.74
2022-12-05,rp,180.57
2022-12-06,rp,180.17
2022-12-07,rp,179.77
2022-12-08,rp,179.82
2022-12-09,rp,179.79
2022-12-10,rp,179.75
2022-12-11,rp,179.63
2022-12-12,rp,179.85
2022-12-13,rp,179.89
2022-12-14,rp,180.14
2022-12-15,rp,180.04
2022-12-16,rp,179.76
2022-12-17,rp,179.6
2022-12-18,rp,179.31
2022-12-19,rp,179.14
2022-12-20,rp,179.05
2022-12-21,rp,178.88
2022-12-22,rp,178.88
2022-12-23,rp,178.82
2022-12-24,rp,178.67
2022-12-25,rp,178.62
2022-12-26,rp,178.59
2022-12-27,rp,178.52
2022-12-28,rp,178.51
2022-12-29,rp,178.27
2022-12-30,rp,178.16
2022-12-31,rp,178.04
2023-01-01,rp,177.75
2023-01-02,rp,177.41
2023-01-03,rp,177.24
2023-01-04,rp,177.07
2023-01-05,rp,176.94
2023-01-06,rp,176.9
2023-01-07,rp,176.96
2023-01-08,rp,177.18
2023-01-09,rp,177.17
2023-01-10,rp,177.36
2023-01-11,rp,177.44
2023-01-12,rp,177.6
2023-01-13,rp,177.78
2023-01-14,rp,177.8
2023-01-15,rp,177.87
2023-01-16,rp,178.01
2023-01-17,rp,177.89
2023-01-18,rp,177.9
2023-01-19,rp,177.86
2023-01-20,rp,177.65
2023-01-21,rp,177.57
2023-01-22,rp,177.39
2023-01-23,rp,177.26
2023-01-24,rp,177.18
2023-01-25,rp,177.14
2023-01-26,rp,177.1
2023-01-27,rp,177.09
2023-01-28,rp,177.16
2023-01-29,rp,177.29
2023-01-30,rp,177.24
2023-01-31,rp,177.32
2023-02-01,rp,177.3
2023-02-02,rp,177.35
2023-02-03,rp,177.48
2023-02-04,rp,177.6
2023-02-05,rp,177.71
2023-02-06,rp,177.84
2023-02-07,rp,177.78
2023-02-08,rp,177.59
2023-02-09,rp,177.39
2023-02-10,rp,177.19
2023-02-11,rp,176.9
2023-02-12,rp,176.52
2023-02-13,rp,176.29
2023-02-14,rp,175.92
2023-02-15,rp,175.48
2023-02-16,rp,175.02
2023-02-17,rp,174.44
2023-02-18,rp,173.63
2023-02-19,rp,172.97
2023-02-20,rp,172.31
2023-02-21,rp,171.81
2023-02-22,rp,171.76
2023-02-23,rp,171.69
2023-02-24,rp,171.57
2023-02-25,rp,171.74
2023-02-26,rp,171.67
2023-02-27,rp,171.63
2023-02-28,rp,171.48
2023-03-01,rp,171.11
2023-03-02,rp,170.83
2023-03-03,rp,170.7
2023-03-04,rp,170.45
2023-03-05,rp,170.53
2023-03-06,rp,170.47
2023-03-07,rp,170.58
2023-03-08,rp,170.65
2023-03-09,rp,170.58
2023-03-10,rp,170.84
2023-03-11,rp,171.11
2023-03-12,rp,171.24
2023-03-13,rp,171.36
2023-03-14,rp,171.42
2023-03-15,rp,171.44
2023-03-16,rp,171.57
2023-03-17,rp,171.38
2023-03-18,rp,171.12
2023-03-19,rp,170.81
2023-03-20,rp,170.57
2023-03-21,rp,170.31
2023-03-22,rp,170.1
2023-03-23,rp,169.88
2023-03-24,rp,169.73
2023-03-25,rp,169.66
2023-03-26,rp,169.63
2023-03-27,rp,169.71
2023-03-28,rp,169.77
2023-03-29,rp,169.86
2023-03-30,rp,169.93
2023-03-31,rp,169.85
2023-04-01,rp,169.89
2023-04-02,rp,169.87
2023-04-03,rp,169.78
2023-04-04,rp,169.76
2023-04-05,rp,169.82
2023-04-06,rp,169.91
2023-04-07,rp,170.3
2023-04-08,rp,170.42
2023-04-09,rp,170.54
2023-04-10,rp,170.77
2023-04-11,rp,170.87
2023-04-12,rp,170.96
2023-04-13,rp,170.94
2023-04-14,rp,170.77
2023-04-15,rp,170.66
2023-04-16,rp,170.73
2023-04-17,rp,170.59
2023-04-18,rp,170.55
2023-04-19,rp,170.49
2023-04-20,rp,170.42
2023-04-21,rp,170.47
2023-04-22,rp,170.58
2023-04-23,rp,170.62
2023-04-24,rp,170.79
2023-04-25,rp,170.91
2023-04-26,rp,170.89
2023-04-27,rp,170.83
2023-04-28,rp,170.72
2023-04-29,rp,170.5
2023-04-30,rp,170.28
2023-05-01,rp,169.97
2023-05-02,rp,169.56
2023-05-03,rp,169.1
2023-05-04,rp,168.68
2023-05-05,rp,168.22
2023-05-06,rp,167.92
2023-05-07,rp,167.57
2023-05-08,rp,167.16
2023-05-09,rp,167.01
2023-05-10,rp,167.21
2023-05-11,rp,167.4
2023-05-12,rp,167.59
2023-05-13,rp,167.74
2023-05-14,rp,167.92
2023-05-15,rp,168.16
2023-05-16,rp,168.31
2023-05-17,rp,168.44
2023-05-18,rp,168.65
2023-05-19,rp,168.6
2023-05-20,rp,168.41
2023-05-21,rp,168.19
2023-05-22,rp,167.92
2023-05-23,rp,167.7
2023-05-24,rp,167.3
2023-05-25,rp,166.74
2023-05-26,rp,166.44
2023-05-27,rp,166.36
2023-05-28,rp,166.16
2023-05-29,rp,166.21
2023-05-30,rp,166.07
2023-05-31,rp,166.03
2023-06-01,rp,166.12
2023-06-02,rp,166.19
2023-06-03,rp,166.21
2023-06-04,rp,166.23
2023-06-05,rp,166.24
2023-06-06,rp,166.36
2023-06-07,rp,166.37
2023-06-08,rp,166.35
2023-06-09,rp,166.35
2023-06-10,rp,166.21
2023-06-11,rp,166.05
2023-06-12,rp,165.66
2023-06-13,rp,165.57
2023-06-14,rp,165.51
2023-06-15,rp,165.45
2023-06-16,rp,165.26
2023-06-17,rp,165.31
2023-06-18,rp,165.45
2023-06-19,rp,165.74
2023-06-20,rp,165.67
2023-06-21,rp,165.53
2023-06-22,rp,165.51
2023-06-23,rp,165.62
2023-06-24,rp,165.65
2023-06-25,rp,165.68
2023-06-26,rp,165.79
2023-06-27,rp,165.94
2023-06-28,rp,166.21
2023-06-29,rp,166.41
2023-06-30,rp,166.65
2023-07-01,rp,166.87
2023-07-02,rp,167.23
2023-07-03,rp,167.25
2023-07-04,rp,167.1
2023-07-05,rp,167.04
2023-07-06,rp,167.1
2023-07-07,rp,167.16
2023-07-08,rp,167.19
2023-07-09,rp,167.09
2023-07-10,rp,167.22
2023-07-11,rp,167.4
2023-07-12,rp,167.58
2023-07-13,rp,167.68
2023-07-14,rp,167.63
2023-07-15,rp,167.64
2023-07-16,rp,167.73
2023-07-17,rp,167.74
2023-07-18,rp,167.86
2023-07-19,rp,167.88
2023-07-20,rp,167.9
2023-07-21,rp,167.93
2023-07-22,rp,167.82
2023-07-23,rp,167.81
2023-07-24,rp,167.76
2023-07-25,rp,167.83
2023-07-26,rp,167.94
2023-07-27,rp,168.09
2023-07-28,rp,168.37
2023-07-29,rp,168.83
2023-07-30,rp,169.16
2023-07-31,rp,169.54
2023-08-01,rp,169.87
2023-08-02,rp,170.23
2023-08-03,rp,170.44
2023-08-04,rp,170.59
2023-08-05,rp,170.63
2023-08-06,rp,170.7
2023-08-07,rp,170.88
2023-08-08,rp,170.96
2023-08-09,rp,170.92
2023-08-10,rp,170.81
2023-08-11,rp,170.6
2023-08-12,rp,170.29
2023-08-13,rp,169.9
2023-08-14,rp,169.38
2023-08-15,rp,169.11
2023-08-16,rp,168.71
2023-08-17,rp,168.41
2023-08-18,rp,168.15
2023-08-19,rp,168.02
2023-08-20,rp,167.97
2023-08-21,rp,167.98
2023-08-22,rp,167.79
2023-08-23,rp,167.71
2023-08-24,rp,167.57
2023-08-25,rp,167.5
2023-08-26,rp,167.35
2023-08-27,rp,167.14
2023-08-28,rp,166.94
2023-08-29,rp,166.79
2023-08-30,rp,166.59
2023-08-31,rp,166.48
2023-09-01,rp,166.21
2023-09-02,rp,166
2023-09-03,rp,165.87
2023-09-04,rp,165.76
2023-09-05,rp,165.51
2023-09-06,rp,165.49
2023-09-07,rp,165.4
2023-09-08,rp,165.46
2023-09-09,rp,165.58
2023-09-10,rp,165.61
2023-09-11,rp,165.62
2023-09-12,rp,165.8
2023-09-13,rp,165.84
2023-09-14,rp,165.9
2023-09-15,rp,166.1
2023-09-16,rp,166.35
2023-09-17,rp,166.51
2023-09-18,rp,166.7
2023-09-19,rp,166.78
2023-09-20,rp,167.02
2023-09-21,rp,167.26
2023-09-22,rp,167.34
2023-09-23,rp,167.23
2023-09-24,rp,167.07
2023-09-25,rp,167.04
2023-09-26,rp,167.1
2023-09-27,rp,167.01
2023-09-28,rp,166.9
2023-09-29,rp,166.76
2023-09-30,rp,166.65
2023-10-01,rp,166.59
2023-10-02,rp,166.57
2023-10-03,rp,166.48
2023-10-04,rp,166.31
2023-10-05,rp,165.99
2023-10-06,rp,165.74
2023-10-07,rp,165.5
2023-10-08,rp,165.31
2023-10-09,rp,164.92
2023-10-10,rp,164.73
2023-10-11,rp,164.77
2023-10-12,rp,164.87
2023-10-13,rp,164.78
2023-10-14,rp,164.77
2023-10-15,rp,164.91
2023-10-16,rp,165.03
2023-10-17,rp,164.73
2023-10-18,rp,164.23
2023-10-19,rp,164.03
2023-10-20,rp,164.02
2023-10-21,rp,163.84
2023-10-22,rp,163.61
2023-10-23,rp,163.34
2023-10-24,rp,163.31
2023-10-25,rp,163.49
2023-10-26,rp,163.58
2023-10-27,rp,163.5
2023-10-28,rp,163.71
2023-10-29,rp,163.69
2023-10-30,rp,163.77
2023-10-31,rp,163.77
2023-11-01,rp,163.86
2023-11-02,rp,163.76
2023-11-03,rp,163.78
2023-11-04,rp,163.6
2023-11-05,rp,163.53
2023-11-06,rp,163.49
2023-11-07,rp,163.41
2023-11-08,rp,163.11
2023-11-09,rp,162.89
2023-11-10,rp,162.64
2023-11-11,rp,162.51
2023-11-12,rp,162.33
2023-11-13,rp,162.24
2023-11-14,rp,162.33
2023-11-15,rp,162.4
2023-11-16,rp,162.57
2023-11-17,rp,162.72
2023-11-18,rp,162.8
2023-11-19,rp,163
2023-11-20,rp,163.13
2023-11-21,rp,163.31
2023-11-22,rp,163.47
2023-11-23,rp,163.62
2023-11-24,rp,163.9
2023-11-25,rp,164.07
2023-11-26,rp,164.23
2023-11-27,rp,164.24
2023-11-28,rp,164.18
2023-11-29,rp,164.14
2023-11-30,rp,164.11
2023-12-01,rp,164.07
2023-12-02,rp,164.23
2023-12-03,rp,164.31
2023-12-04,rp,164.41
2023-12-05,rp,164.46
2023-12-06,rp,164.57
2023-12-07,rp,164.78
2023-12-08,rp,164.91
2023-12-09,rp,164.97
2023-12-10,rp,165.1
2023-12-11,rp,165.27
2023-12-12,rp,165.36
2023-12-13,rp,165.53
2023-12-14,rp,165.62
2023-12-15,rp,165.76
2023-12-16,rp,165.89
2023-12-17,rp,166.01
2023-12-18,rp,166.17
2023-12-19,rp,166.33
2023-12-20,rp,166.4
2023-12-21,rp,166.41
2023-12-22,rp,166.26
2023-12-23,rp,166.1
2023-12-24,rp,166
2023-12-25,rp,166.09
2023-12-26,rp,166.18
2023-12-27,rp,166.13
2023-12-28,rp,166.07
2023-12-29,rp,166.07
2023-12-30,rp,165.95
2023-12-31,rp,165.83
2024-01-01,rp,165.27
2024-01-02,rp,164.73
2024-01-03,rp,164.37
2024-01-04,rp,164.08
2024-01-05,rp,163.84
2024-01-06,rp,163.8
2024-01-07,rp,163.62
2024-01-08,rp,163.57
2024-01-09,rp,163.58
2024-01-10,rp,163.56
2024-01-11,rp,163.55
2024-01-12,rp,163.57
2024-01-13,rp,163.57
2024-01-14,rp,163.64
2024-01-15,rp,163.69
2024-01-16,rp,163.79
2024-01-17,rp,163.81
2024-01-18,rp,163.7
2024-01-19,rp,163.52
2024-01-20,rp,163.38
2024-01-21,rp,163.17
2024-01-22,rp,163.1
2024-01-23,rp,163.05
2024-01-24,rp,163.02
2024-01-25,rp,163.07
2024-01-26,rp,163.05
2024-01-27,rp,163.17
2024-01-28,rp,163.35
2024-01-29,rp,163.43
2024-01-30,rp,163.38
2024-01-31,rp,163.3
2024-02-01,rp,163.18
2024-02-02,rp,163.18
2024-02-03,rp,163.03
2024-02-04,rp,162.95
2024-02-05,rp,162.78
2024-02-06,rp,162.64
2024-02-07,rp,162.62
2024-02-08,rp,162.63
2024-02-09,rp,162.53
2024-02-10,rp,162.39
2024-02-11,rp,162.13
2024-02-12,rp,162.04
2024-02-13,rp,162.17
2024-02-14,rp,162.2
2024-02-15,rp,162.26
2024-02-16,rp,162.24
2024-02-17,rp,162.16
2024-02-18,rp,162.23
2024-02-19,rp,162.3
2024-02-20,rp,162.22
2024-02-21,rp,162.19
2024-02-22,rp,162.11
2024-02-23,rp,162.14
2024-02-24,rp,162.3
2024-02-25,rp,162.24
2024-02-26,rp,162.35
2024-02-27,rp,162.46
2024-02-28,rp,162.54
2024-02-29,rp,162.66
2024-03-01,rp,162.68
2024-03-02,rp,162.7
2024-03-03,rp,162.86
2024-03-04,rp,162.78
2024-03-05,rp,162.83
2024-03-06,rp,162.82
2024-03-07,rp,162.36
2024-03-08,rp,162.64
2024-03-09,rp,162.89
2024-03-10,rp,163.08
2024-03-11,rp,163.25
2024-03-12,rp,163.26
2024-03-13,rp,163.3
2024-03-14,rp,163.88
2024-03-15,rp,163.81
2024-03-16,rp,163.62
2024-03-17,rp,163.48
2024-03-18,rp,163.31
2024-03-19,rp,163.21
2024-03-20,rp,163.16
2024-03-21,rp,162.93
2024-03-22,rp,162.85
2024-03-23,rp,162.71
2024-03-24,rp,162.56
2024-03-25,rp,162.57
2024-03-26,rp,162.46
2024-03-27,rp,162.33
2024-03-28,rp,162.21
2024-03-29,rp,162.09
2024-03-30,rp,162.03
2024-03-31,rp,161.91
2024-04-01,rp,161.91
2024-04-02,rp,161.76
2024-04-03,rp,161.8
2024-04-04,rp,161.82
2024-04-05,rp,161.66
2024-04-06,rp,161.64
2024-04-07,rp,161.73
2024-04-08,rp,161.53
2024-04-09,rp,161.7
2024-04-10,rp,161.91
2024-04-11,rp,162.15
2024-04-12,rp,162.32
2024-04-13,rp,162.42
2024-04-14,rp,162.37
2024-04-15,rp,162.58
2024-04-16,rp,162.57
2024-04-17,rp,162.44
2024-04-18,rp,162.41
2024-04-19,rp,162.55
2024-04-20,rp,162.61
2024-04-21,rp,162.81
2024-04-22,rp,163
2024-04-23,rp,163.32
2024-04-24,rp,163.54
2024-04-25,rp,163.68
2024-04-26,rp,163.91
2024-04-27,rp,164.27
2024-04-28,rp,164.61
2024-04-29,rp,164.74
2024-04-30,rp,164.63
2024-05-01,rp,164.65
2024-05-02,rp,164.54
2024-05-03,rp,164.2
2024-05-04,rp,163.84
2024-05-05,rp,163.41
2024-05-06,rp,163.09
2024-05-07,rp,162.87
2024-05-08,rp,162.51
2024-05-09,rp,162.35
2024-05-10,rp,162.21
2024-05-11,rp,162.15
2024-05-12,rp,162.09
2024-05-13,rp,161.79
2024-05-14,rp,161.51
2024-05-15,rp,161.3
2024-05-16,rp,160.92
2024-05-17,rp,160.71
2024-05-18,rp,159.98
2024-05-19,rp,159.31
2024-05-20,rp,158.82
2024-05-21,rp,158.21
2024-05-22,rp,157.85
2024-05-23,rp,157.64
2024-05-24,rp,157.45
2024-05-25,rp,157.68
2024-05-26,rp,157.86
2024-05-27,rp,158.03
2024-05-28,rp,158.32
2024-05-29,rp,158.41
2024-05-30,rp,158.5
2024-05-31,rp,158.42
2024-06-01,rp,158.26
2024-06-02,rp,158.19
2024-06-03,rp,158.18
2024-06-04,rp,158.17
2024-06-05,rp,158.15
2024-06-06,rp,158.05
2024-06-07,rp,158.06
2024-06-08,rp,158.17
2024-06-09,rp,157.94
2024-06-10,rp,157.91
2024-06-11,rp,157.87
2024-06-12,rp,157.85
2024-06-13,rp,157.72
2024-06-14,rp,157.63
2024-06-15,rp,157.39
2024-06-16,rp,157.38
2024-06-17,rp,157.24
2024-06-18,rp,156.98
2024-06-19,rp,156.67
2024-06-20,rp,156.51
2024-06-21,rp,156.28
2024-06-22,rp,156.12
2024-06-23,rp,156.1
2024-06-24,rp,155.93
2024-06-25,rp,155.84
2024-06-26,rp,155.78
2024-06-27,rp,155.5
2024-06-28,rp,155.35
2024-06-29,rp,155.3
2024-06-30,rp,155.14
2024-07-01,rp,154.91
2024-07-02,rp,154.65
2024-07-03,rp,154.4
2024-07-04,rp,154.43
2024-07-05,rp,154.31
2024-07-06,rp,154.12
2024-07-07,rp,153.95
2024-07-08,rp,153.82
2024-07-09,rp,153.77
2024-07-10,rp,153.76
2024-07-11,rp,153.67
2024-07-12,rp,153.57
2024-07-13,rp,153.47
2024-07-14,rp,153.42
2024-07-15,rp,153.41
2024-07-16,rp,153.24
2024-07-17,rp,153.03
2024-07-18,rp,152.7
2024-07-19,rp,152.53
2024-07-20,rp,152.3
2024-07-21,rp,152.02
2024-07-22,rp,151.85
2024-07-23,rp,151.76
2024-07-24,rp,151.65
2024-07-25,rp,151.63
2024-07-26,rp,151.46
2024-07-27,rp,151.35
2024-07-28,rp,151.26
2024-07-29,rp,151.06
2024-07-30,rp,150.69
2024-07-31,rp,150.41
2024-08-01,rp,150.03
2024-08-02,rp,149.92
2024-08-03,rp,149.83
2024-08-04,rp,149.68
2024-08-05,rp,149.53
2024-08-06,rp,149.67
2024-08-07,rp,149.7
2024-08-08,rp,149.93
2024-08-09,rp,149.98
2024-08-10,rp,150.1
2024-08-11,rp,150.28
2024-08-12,rp,150.46
2024-08-13,rp,150.58
2024-08-14,rp,150.62
2024-08-15,rp,150.57
2024-08-16,rp,150.44
2024-08-17,rp,150.37
2024-08-18,rp,150.27
2024-08-19,rp,150.14
2024-08-20,rp,150.02
2024-08-21,rp,149.96
2024-08-22,rp,150.01
2024-08-23,rp,150.13
2024-08-24,rp,150.02
2024-08-25,rp,149.94
2024-08-26,rp,149.92
2024-08-27,rp,149.98
2024-08-28,rp,149.92
2024-08-29,rp,149.87
2024-08-30,rp,149.74
2024-08-31,rp,149.58
2024-09-01,rp,149.51
2024-09-02,rp,149.37
2024-09-03,rp,149.16
2024-09-04,rp,149.06
2024-09-05,rp,148.86
2024-09-06,rp,148.61
2024-09-07,rp,148.58
2024-09-08,rp,148.38
2024-09-09,rp,148.06
2024-09-10,rp,147.77
2024-09-11,rp,147.41
2024-09-12,rp,147.14
2024-09-13,rp,146.98
2024-09-14,rp,146.8
2024-09-15,rp,146.7
2024-09-16,rp,146.66
2024-09-17,rp,146.7
2024-09-18,rp,146.75
2024-09-19,rp,146.77
2024-09-20,rp,146.67
2024-09-21,rp,146.52
2024-09-22,rp,146.29
2024-09-23,rp,146.05
2024-09-24,rp,145.8
2024-09-25,rp,145.61
2024-09-26,rp,145.42
2024-09-27,rp,145.3
2024-09-28,rp,145.25
2024-09-29,rp,145.38
2024-09-30,rp,145.62
2024-10-01,rp,145.71
2024-10-02,rp,145.34
2024-10-03,rp,145.49
2024-10-04,rp,145.56
2024-10-05,rp,145.58
2024-10-06,rp,145.45
2024-10-07,rp,145.31
2024-10-08,rp,145.07
2024-10-09,rp,145.38
2024-10-10,rp,145.1
2024-10-11,rp,144.98
2024-10-12,rp,144.86
2024-10-13,rp,144.7
2024-10-14,rp,144.58
2024-10-15,rp,144.6
2024-10-16,rp,144.67
2024-10-17,rp,144.96
2024-10-18,rp,145.01
2024-10-19,rp,145.06
2024-10-20,rp,145.18
2024-10-21,rp,145.19
2024-10-22,rp,145.33
2024-10-23,rp,145.21
2024-10-24,rp,144.85
2024-10-25,rp,144.71
2024-10-26,rp,144.44
2024-10-27,rp,144.19
2024-10-28,rp,143.98
2024-10-29,rp,143.74
2024-10-30,rp,143.57
2024-10-31,rp,143.47
2024-11-01,rp,143.4
2024-11-02,rp,143.28
2024-11-03,rp,143.21
2024-11-04,rp,143.16
2024-11-05,rp,142.97
2024-11-06,rp,142.78
2024-11-07,rp,142.46
2024-11-08,rp,142.18
2024-11-09,rp,141.96
2024-11-10,rp,141.68
2024-11-11,rp,141.5
2024-11-12,rp,141.43
2024-11-13,rp,141.39
2024-11-14,rp,141.46
2024-11-15,rp,141.5
2024-11-16,rp,141.62
2024-11-17,rp,141.67
2024-11-18,rp,141.63
2024-11-19,rp,141.67
2024-11-20,rp,141.73
2024-11-21,rp,141.69
2024-11-22,rp,141.49
2024-11-23,rp,141.24
2024-11-24,rp,141.23
2024-11-25,rp,141.18
2024-11-26,rp,141.06
2024-11-27,rp,140.89
2024-11-28,rp,140.81
2024-11-29,rp,140.64
2024-11-30,rp,140.83
2024-12-01,rp,140.88
2024-12-02,rp,140.91
2024-12-03,rp,140.84
2024-12-04,rp,140.91
2024-12-05,rp,141.13
2024-12-06,rp,141.56
2024-12-07,rp,141.6
2024-12-08,rp,141.67
2024-12-09,rp,141.93
2024-12-10,rp,142.3
2024-12-11,rp,142.56
2024-12-12,rp,142.68
2024-12-13,rp,142.77
2024-12-14,rp,142.82
2024-12-15,rp,142.91
2024-12-16,rp,142.92
2024-12-17,rp,142.63
2024-12-18,rp,142.5
2024-12-19,rp,142.17
2024-12-20,rp,141.91
2024-12-21,rp,141.76
2024-12-22,rp,141.56
2024-12-23,rp,141.31
2024-12-24,rp,141.29
2024-12-25,rp,141.15
2024-12-26,rp,141.27
2024-12-27,rp,141.13
2024-12-28,rp,140.99
2024-12-29,rp,140.97
2024-12-30,rp,141.05
2024-12-31,rp,141.13
2025-01-01,rp,141.22
2025-01-02,rp,141.13
2025-01-03,rp,141.25
2025-01-04,rp,141.33
2025-01-05,rp,141.25
2025-01-06,rp,141.06
2025-01-07,rp,140.71
2025-01-08,rp,140.57
2025-01-09,rp,140.68
2025-01-10,rp,140.7
2025-01-11,rp,140.73
2025-01-12,rp,140.75
2025-01-13,rp,140.83
2025-01-14,rp,141.17
2025-01-15,rp,141.22
2025-01-16,rp,141.24
2025-01-17,rp,141.21
2025-01-18,rp,141.32
2025-01-19,rp,141.46
2025-01-20,rp,141.57
2025-01-21,rp,141.54
2025-01-22,rp,141.58
2025-01-23,rp,141.57
2025-01-24,rp,141.69
2025-01-25,rp,141.67
2025-01-26,rp,141.69
2025-01-27,rp,141.64
2025-01-28,rp,141.67
2025-01-29,rp,141.46
2025-01-30,rp,141.55
2025-01-31,rp,141.51
2025-02-01,rp,141.48
2025-02-02,rp,141.42
2025-02-03,rp,141.34
2025-02-04,rp,141.32
2025-02-05,rp,141.44
2025-02-06,rp,141.42
2025-02-07,rp,141.37
2025-02-08,rp,141.31
2025-02-09,rp,141.24
2025-02-10,rp,141.28
2025-02-11,rp,141.32
2025-02-12,rp,141.31
2025-02-13,rp,140.75
2025-02-14,rp,140.69
2025-02-15,rp,140.6
2025-02-16,rp,140.67
2025-02-17,rp,140.58
2025-02-18,rp,140.37
2025-02-19,rp,140.21
2025-02-20,rp,140.45
2025-02-21,rp,140.32
2025-02-22,rp,140.14
2025-02-23,rp,139.79
2025-02-24,rp,139.59
2025-02-25,rp,139.33
2025-02-26,rp,139.13
2025-02-27,rp,138.91
2025-02-28,rp,138.77
2025-03-01,rp,138.72
2025-03-02,rp,138.76
2025-03-03,rp,138.71
2025-03-04,rp,138.92
2025-03-05,rp,138.82
2025-03-06,rp,138.76
2025-03-07,rp,138.66
2025-03-08,rp,138.52
2025-03-09,rp,138.29
2025-03-10,rp,137.97
2025-03-11,rp,137.46
2025-03-12,rp,137.23
2025-03-13,rp,137.02
2025-03-14,rp,136.71
2025-03-15,rp,136.52
2025-03-16,rp,136.25
2025-03-17,rp,136.21
2025-03-18,rp,136.27
2025-03-19,rp,136.26
2025-03-20,rp,136.28
2025-03-21,rp,136.39
2025-03-22,rp,136.23
2025-03-23,rp,136.24
2025-03-24,rp,136.17
2025-03-25,rp,136.02
2025-03-26,rp,136
2025-03-27,rp,135.86
2025-03-28,rp,135.62
2025-03-29,rp,135.69
2025-03-30,rp,135.72
2025-03-31,rp,135.76
2025-04-01,rp,135.68
2025-04-02,rp,135.7
2025-04-03,rp,135.81
2025-04-04,rp,135.95
2025-04-05,rp,136.01
2025-04-06,rp,135.97
2025-04-07,rp,135.95
2025-04-08,rp,136.05
2025-04-09,rp,136.02
2025-04-10,rp,135.77
2025-04-11,rp,135.58
2025-04-12,rp,135.52
2025-04-13,rp,135.49
2025-04-14,rp,135.4
2025-04-15,rp,135.15
2025-04-16,rp,134.97
2025-04-17,rp,134.99
2025-04-18,rp,134.95
2025-04-19,rp,134.65
2025-04-20,rp,134.43
2025-04-21,rp,134.32
2025-04-22,rp,134.22
2025-04-23,rp,134.04
2025-04-24,rp,133.76
2025-04-25,rp,133.42
2025-04-26,rp,133.29
2025-04-27,rp,133.24
2025-04-28,rp,133.13
2025-04-29,rp,133.19
2025-04-30,rp,133.3
2025-05-01,rp,133.53
2025-05-02,rp,133.77
2025-05-03,rp,133.95
2025-05-04,rp,134.1
2025-05-05,rp,134.16
2025-05-06,rp,134.24
2025-05-07,rp,134.22
2025-05-08,rp,134.15
2025-05-09,rp,134.14
2025-05-10,rp,134.12
2025-05-11,rp,133.94
2025-05-12,rp,133.71
2025-05-13,rp,133.48
2025-05-14,rp,133.35
2025-05-15,rp,133.29
2025-05-16,rp,133.48
2025-05-17,rp,133.62
2025-05-18,rp,133.88
2025-05-19,rp,134.15
2025-05-20,rp,134.36
2025-05-21,rp,134.59
2025-05-22,rp,134.86
2025-05-23,rp,134.99
2025-05-24,rp,135.13
2025-05-25,rp,135.2
2025-05-26,rp,135.46
2025-05-27,rp,135.66
2025-05-28,rp,135.83
2025-05-29,rp,135.93
2025-05-30,rp,135.89
2025-05-31,rp,135.81
2025-06-01,rp,135.76
2025-06-02,rp,135.71
2025-06-03,rp,135.76
2025-06-04,rp,135.76
2025-06-05,rp,135.65
2025-06-06,rp,135.62
2025-06-07,rp,135.72
2025-06-08,rp,135.79
2025-06-09,rp,135.92
2025-06-10,rp,135.78
2025-06-11,rp,135.58
2025-06-12,rp,135.43
2025-06-13,rp,135.26
2025-06-14,rp,134.93
2025-06-15,rp,134.71
2025-06-16,rp,134.39
2025-06-17,rp,134.34
2025-06-18,rp,134.34
2025-06-19,rp,134.49
2025-06-20,rp,134.51
2025-06-21,rp,134.71
2025-06-22,rp,134.86
2025-06-23,rp,134.89
2025-06-24,rp,134.82
2025-06-25,rp,134.75
2025-06-26,rp,134.51
2025-06-27,rp,134.49
2025-06-28,rp,134.27
2025-06-29,rp,134
2025-06-30,rp,133.79
2025-07-01,rp,133.46
2025-07-02,rp,133.15
2025-07-03,rp,132.93
2025-07-04,rp,132.65
2025-07-05,rp,132.44
2025-07-06,rp,132.23
2025-07-07,rp,131.97
2025-07-08,rp,131.84
2025-07-09,rp,131.68
2025-07-10,rp,131.42
2025-07-11,rp,131.21
2025-07-12,rp,131
2025-07-13,rp,130.85
2025-07-14,rp,130.72
2025-07-15,rp,130.65
2025-07-16,rp,130.65
2025-07-17,rp,130.55
2025-07-18,rp,130.43
2025-07-19,rp,130.11
2025-07-20,rp,129.85
2025-07-21,rp,129.54
2025-07-22,rp,129.53
2025-07-23,rp,129.44
2025-07-24,rp,129.58
2025-07-25,rp,129.6
2025-07-26,rp,129.78
2025-07-27,rp,129.84
2025-07-28,rp,129.95
2025-07-29,rp,129.74
2025-07-30,rp,129.62
2025-07-31,rp,129.41
2025-08-01,rp,128.99
2025-08-02,rp,128.8
2025-08-03,rp,128.71
2025-08-04,rp,128.61
2025-08-05,rp,128.55
2025-08-06,rp,128.48
2025-08-07,rp,128.51
2025-08-08,rp,128.79
2025-08-09,rp,128.83
2025-08-10,rp,128.91
2025-08-11,rp,128.97
2025-08-12,rp,129.12
2025-08-13,rp,129.22
2025-08-14,rp,129.25
2025-08-15,rp,129.23
2025-08-16,rp,129.33
2025-08-17,rp,129.33
2025-08-18,rp,129.29
2025-08-19,rp,129.19
2025-08-20,rp,129.07
2025-08-21,rp,128.95
2025-08-22,rp,128.9
2025-08-23,rp,128.85
2025-08-24,rp,128.84
2025-08-25,rp,128.88
2025-08-26,rp,128.9
2025-08-27,rp,128.99
2025-08-28,rp,129.13
2025-08-29,rp,129.35
2025-08-30,rp,129.48
2025-08-31,rp,129.57
2025-09-01,rp,129.72
2025-09-02,rp,130
2025-09-03,rp,130.22
2025-09-04,rp,130.33
2025-09-05,rp,130.4
2025-09-06,rp,130.54
2025-09-07,rp,130.63
2025-09-08,rp,130.72
2025-09-09,rp,130.71
2025-09-10,rp,130.64
2025-09-11,rp,130.6
2025-09-12,rp,130.49
2025-09-13,rp,130.41
2025-09-14,rp,130.38
2025-09-15,rp,130.3
2025-09-16,rp,130.12
2025-09-17,rp,130.12
2025-09-18,rp,130.07
2025-09-19,rp,129.98
2025-09-20,rp,129.89
2025-09-21,rp,129.67
2025-09-22,rp,129.49
2025-09-23,rp,129.41
2025-09-24,rp,129.18
2025-09-25,rp,129.14
2025-09-26,rp,129.11
2025-09-27,rp,129.01
2025-09-28,rp,129.06
2025-09-29,rp,129.05
2025-09-30,rp,129.05
2025-10-01,rp,129.14
2025-10-02,rp,129.17
2025-10-03,rp,129.24
2025-10-04,rp,129.27
2025-10-05,rp,129.32
2025-10-06,rp,129.42
2025-10-07,rp,129.43
2025-10-08,rp,129.43
2025-10-09,rp,129.27
2025-10-10,rp,129.03
2025-10-11,rp,128.82
2025-10-12,rp,128.51
2025-10-13,rp,128.23
2025-10-14,rp,128.06
2025-10-15,rp,127.73
2025-10-16,rp,127.5
2025-10-17,rp,127.36
2025-10-18,rp,127.29
2025-10-19,rp,127.32
2025-10-20,rp,127.3
2025-10-21,rp,127.09
2025-10-22,rp,127.14
2025-10-23,rp,127.18
2025-10-24,rp,127.25
2025-10-25,rp,127.36
2025-10-26,rp,127.47
2025-10-27,rp,127.6
2025-10-28,rp,127.89
2025-10-29,rp,128.06
2025-10-30,rp,128.25
2025-10-31,rp,128.32
2025-11-01,rp,128.17
2025-11-02,rp,128.08
2025-11-03,rp,127.86
2025-11-04,rp,127.77
2025-11-05,rp,127.57
2025-11-06,rp,127.47
2025-11-07,rp,127.38
2025-11-08,rp,127.51
2025-11-09,rp,127.63
2025-11-10,rp,127.93
2025-11-11,rp,128.14
2025-11-12,rp,128.42
2025-11-13,rp,128.66
2025-11-14,rp,128.96
2025-11-15,rp,129.2
2025-11-16,rp,129.34
2025-11-17,rp,129.45
2025-11-18,rp,129.63
2025-11-19,rp,129.62
2025-11-20,rp,129.76
2025-11-21,rp,129.91
2025-11-22,rp,130.03
2025-11-23,rp,130.12
2025-11-24,rp,130.28
2025-11-25,rp,130.23
2025-11-26,rp,130.39
2025-11-27,rp,130.41
2025-11-28,rp,130.35
2025-11-29,rp,130.26
2025-11-30,rp,130.13
2025-12-01,rp,129.97
2025-12-02,rp,129.97
2025-12-03,rp,129.89
2025-12-04,rp,129.69
2025-12-05,rp,129.5
2025-12-06,rp,129.25
2025-12-07,rp,129.12
2025-12-08,rp,128.94
2025-12-09,rp,128.73
2025-12-10,rp,128.56
2025-12-11,rp,128.46
2025-12-12,rp,128.46
2025-12-13,rp,128.39
2025-12-14,rp,128.34
2025-12-15,rp,128.41
2025-12-16,rp,128.35
2025-12-17,rp,128.47
2025-12-18,rp,128.52
2025-12-19,rp,128.59
2025-12-20,rp,128.84
2025-12-21,rp,129.04
2025-12-22,rp,129.24
2025-12-23,rp,129.45
2025-12-24,rp,129.51
2025-12-25,rp,129.64
2025-12-26,rp,129.64
2025-12-27,rp,129.58
2025-12-28,rp,129.54
2025-12-29,rp,129.67
2025-12-30,rp,129.79
2025-12-31,rp,129.94
2026-01-01,rp,129.93
2026-01-02,rp,129.96
2026-01-03,rp,129.86
2026-01-04,rp,129.66
2026-01-05,rp,129.31
2026-01-06,rp,129.12
2026-01-07,rp,128.9
2026-01-08,rp,128.88
2026-01-09,rp,128.83
2026-01-10,rp,128.67
2026-01-11,rp,128.53
2026-01-12,rp,128.81
2026-01-13,rp,129.14
2026-01-14,rp,129.11
2026-01-15,rp,128.9
2026-01-16,rp,128.87
2026-01-17,rp,128.98
2026-01-18,rp,129.11
2026-01-19,rp,128.72
2026-01-20,rp,128.26
2026-01-21,rp,128.16
2026-01-22,rp,128.2
2026-01-23,rp,128.19
2026-01-24,rp,128.26
2026-01-25,rp,128.22
2026-01-26,rp,128.16
2026-01-27,rp,127.88
2026-01-28,rp,127.63
2026-01-29,rp,127.45
2026-01-30,rp,127.27
2026-01-31,rp,127.17
2026-02-01,rp,127.13
2026-02-02,rp,127.13
2026-02-03,rp,127.31
2026-02-04,rp,127.43
2026-02-05,rp,127.48
2026-02-06,rp,127.49
2026-02-07,rp,127.41
2026-02-08,rp,127.43
2026-02-09,rp,127.47
2026-02-10,rp,127.51
2026-02-11,rp,127.55
2026-02-12,rp,127.59
2026-02-13,rp,127.63
2026-02-14,rp,127.66
2026-02-15,rp,127.7
2026-02-16,rp,127.74
2026-02-17,rp,127.78
2026-02-18,rp,127.82
2026-02-19,rp,127.86
2026-02-20,rp,127.9
2026-02-21,rp,127.93
2026-02-22,rp,127.97
2026-02-23,rp,128.01
2026-02-24,rp,128.05
2026-02-25,rp,128.09
2026-02-26,rp,128.12
2026-02-27,rp,128.18
2026-02-28,rp,128.12
2026-03-01,rp,127.88
2026-03-02,rp,127.65
2026-03-03,rp,127.47
2026-03-04,rp,127.33
2026-03-05,rp,127.22
2026-03-06,rp,127.08
2026-03-07,rp,126.96
2026-03-08,rp,126.99
2026-03-09,rp,126.9
2026-03-10,rp,126.61
2026-03-11,rp,126.02
2026-03-12,rp,125.52
2026-03-13,rp,125.06
2026-03-14,rp,124.71
2026-03-15,rp,124.21
2026-03-16,rp,123.81
2026-03-17,rp,123.4
2026-03-18,rp,123.36
2026-03-19,rp,123.2
2026-03-20,rp,122.94
2026-03-21,rp,122.64
2026-03-22,rp,122.45
2026-03-23,rp,122.26
2026-03-24,rp,122.41
2026-03-25,rp,122.38
2026-03-26,rp,122.25
2026-03-27,rp,122.33
2026-03-28,rp,122.42
2026-03-29,rp,122.56
2026-03-30,rp,122.74
2026-03-31,rp,122.71
2026-04-01,rp,122.82
2026-04-02,rp,123.05
2026-04-03,rp,123.21
2026-04-04,rp,123.33
2026-04-05,rp,123.4
2026-04-06,rp,123.33
2026-04-07,rp,123.21
2026-04-08,rp,123.12
2026-04-09,rp,122.92
2026-04-10,rp,122.7
2026-04-11,rp,122.51
2026-04-12,rp,122.36
2026-04-13,rp,122.17
2026-04-14,rp,121.96
2026-04-15,rp,121.75
2026-04-16,rp,121.58
2026-04-17,rp,121.33
2026-04-18,rp,121.13
2026-04-19,rp,120.96
2026-04-20,rp,120.91
2026-04-21,rp,120.99
2026-04-22,rp,121.05
2026-04-23,rp,121.19
2026-04-24,rp,121.27
2026-04-25,rp,121.32
2026-04-26,rp,121.39
2026-04-27,rp,121.46
2026-04-28,rp,121.62
2026-04-29,rp,121.78
2026-04-30,rp,121.7
2026-05-01,rp,121.59
2026-05-02,rp,121.39
2026-05-03,rp,121.22
2026-05-04,rp,121.1
2026-05-05,rp,120.92
2026-05-06,rp,120.74
2026-05-07,rp,120.69
2026-05-08,rp,120.88
2026-05-09,rp,121.17
2026-05-10,rp,121.39
2026-05-11,rp,121.47
2026-05-12,rp,121.47
2026-05-13,rp,121.58
2026-05-14,rp,121.67
2026-05-15,rp,121.68
2026-05-16,rp,121.71
2026-05-17,rp,121.78
2026-05-18,rp,121.91
2026-05-19,rp,121.93
2026-05-20,rp,121.81
2026-05-21,rp,121.76
2026-05-22,rp,121.78
2026-05-23,rp,121.68
2026-05-24,rp,121.6
2026-05-25,rp,121.38
2026-05-26,rp,121.05
2026-05-27,rp,120.71
2026-05-28,rp,120.42
2026-05-29,rp,120
2026-05-30,rp,119.8
2026-05-31,rp,119.32
2026-06-01,rp,119.26
2026-06-02,rp,119.57
2026-06-03,rp,119.85
2026-06-04,rp,120
2026-06-05,rp,120.16
2026-06-06,rp,120.19
2026-06-07,rp,120.38
2026-06-08,rp,120.2
2026-06-09,rp,120
2026-06-10,rp,119.8
2026-06-11,rp,119.65
2026-06-12,rp,119.6
2026-06-13,rp,119.68
2026-06-14,rp,119.7
2026-06-15,rp,119.74
2026-06-16,rp,119.68
2026-06-17,rp,119.81
2026-06-18,rp,119.71
2026-06-19,rp,119.73
2026-06-20,rp,119.67
2026-06-21,rp,119.73
2026-06-22,rp,119.62
2026-06-23,rp,119.48
2026-06-24,rp,119.28
2026-06-25,rp,119.35
2026-06-26,rp,119.03
2026-06-27,rp,119
2026-06-28,rp,118.89
2026-06-29,rp,118.8
2026-06-30,rp,118.36
2026-07-01,rp,118.13
2026-07-02,rp,117.92
2026-07-03,rp,117.95
2026-07-04,rp,117.78
2026-07-05,rp,117.64
2026-07-06,rp,117.48
2026-07-07,rp,117.76
2026-07-08,rp,117.81
2026-07-09,rp,117.93
2026-07-10,rp,118.07
2026-07-11,rp,118.2
2026-07-12,rp,118.33
2026-07-13,rp,118.52
2026-07-14,rp,118.64
2026-07-15,rp,118.66
2026-07-16,rp,118.61
2026-07-17,rp,118.37
2026-07-18,rp,118.12
2026-07-19,rp,117.87
2026-07-20,rp,117.79
2026-07-21,rp,117.71
2026-07-22,rp,117.69
2026-07-23,rp,117.46
2026-07-24,rp,117.45
2026-07-25,rp,117.43
2026-07-26,rp,117.49
2026-07-27,rp,117.44
2026-07-28,rp,117.38
2026-07-29,rp,117.27
2026-07-30,rp,117.24
2026-07-31,rp,116.77
2026-08-01,rp,116.58
2026-08-02,rp,116.19
2026-08-03,rp,115.87
2026-08-04,rp,115.78
2026-08-05,rp,115.77
2026-08-06,rp,115.85
2026-08-07,rp,116.23
2026-08-08,rp,116.35
2026-08-09,rp,116.58
2026-08-10,rp,116.79
2026-08-11,rp,116.86
2026-08-12,rp,116.88
2026-08-13,rp,116.87
2026-08-14,rp,116.91
2026-08-15,rp,117
2026-08-16,rp,117.06
2026-08-17,rp,117.02
2026-08-18,rp,116.98
2026-08-19,rp,116.97
2026-08-20,rp,117.07
2026-08-21,rp,117.12
2026-08-22,rp,117.15
2026-08-23,rp,117.22
2026-08-24,rp,117.28
2026-08-25,rp,117.26
2026-08-26,rp,117.24
2026-08-27,rp,117.1
2026-08-28,rp,116.92
2026-08-29,rp,116.82
2026-08-30,rp,116.66
2026-08-31,rp,116.27
2026-09-01,rp,116.37
2026-09-02,rp,116.7
2026-09-03,rp,117.03
2026-09-04,rp,117.53
2026-09-05,rp,118
2026-09-06,rp,118.43
2026-09-07,rp,119.18
2026-09-08,rp,119.46
2026-09-09,rp,119.49
2026-09-10,rp,119.48
2026-09-11,rp,119.34
2026-09-12,rp,119.2
2026-09-13,rp,119.07
2026-09-14,rp,118.6
2026-09-15,rp,118.44
2026-09-16,rp,118.01
2026-09-17,rp,117.66
2026-09-18,rp,117.34
2020-02-01,sh,100
2020-02-02,sh,99.92
2020-02-03,sh,100
2020-02-04,sh,99.84
2020-02-05,sh,100
2020-02-06,sh,100.32
2020-02-07,sh,100.62
2020-02-08,sh,100.92
2020-02-09,sh,101.23
2020-02-10,sh,101.46
2020-02-11,sh,101.6
2020-02-12,sh,101.67
2020-02-13,sh,101.63
2020-02-14,sh,101.7
2020-02-15,sh,101.68
2020-02-16,sh,101.72
2020-02-17,sh,101.74
2020-02-18,sh,101.79
2020-02-19,sh,101.81
2020-02-20,sh,101.89
2020-02-21,sh,101.89
2020-02-22,sh,101.9
2020-02-23,sh,101.91
2020-02-24,sh,101.89
2020-02-25,sh,101.99
2020-02-26,sh,102.19
2020-02-27,sh,102.82
2020-02-28,sh,103.44
2020-02-29,sh,104.19
2020-03-01,sh,104.97
2020-03-02,sh,105.85
2020-03-03,sh,106.54
2020-03-04,sh,107.13
2020-03-05,sh,107
2020-03-06,sh,107.05
2020-03-07,sh,107.03
2020-03-08,sh,106.85
2020-03-09,sh,106.63
2020-03-10,sh,106.33
2020-03-11,sh,105.88
2020-03-12,sh,105.81
2020-03-13,sh,105.34
2020-03-14,sh,104.87
2020-03-15,sh,104.39
2020-03-16,sh,103.97
2020-03-17,sh,103.39
2020-03-18,sh,102.96
2020-03-19,sh,102.19
2020-03-20,sh,101.36
2020-03-21,sh,100.44
2020-03-22,sh,99.58
2020-03-23,sh,98.68
2020-03-24,sh,98
2020-03-25,sh,97.31
2020-03-26,sh,96.6
2020-03-27,sh,96.19
2020-03-28,sh,95.72
2020-03-29,sh,95.28
2020-03-30,sh,94.8
2020-03-31,sh,94.38
2020-04-01,sh,93.73
2020-04-02,sh,93.29
2020-04-03,sh,92.65
2020-04-04,sh,91.99
2020-04-05,sh,91.25
2020-04-06,sh,90.52
2020-04-07,sh,89.56
2020-04-08,sh,88.87
2020-04-09,sh,88.02
2020-04-10,sh,87.34
2020-04-11,sh,86.93
2020-04-12,sh,86.54
2020-04-13,sh,86.26
2020-04-14,sh,86.29
2020-04-15,sh,86.35
2020-04-16,sh,86.57
2020-04-17,sh,86.77
2020-04-18,sh,86.94
2020-04-19,sh,87.1
2020-04-20,sh,87.22
2020-04-21,sh,87.27
2020-04-22,sh,87.18
2020-04-23,sh,87.17
2020-04-24,sh,87.14
2020-04-25,sh,87.01
2020-04-26,sh,87.11
2020-04-27,sh,87.11
2020-04-28,sh,86.95
2020-04-29,sh,86.99
2020-04-30,sh,86.96
2020-05-01,sh,86.78
2020-05-02,sh,86.69
2020-05-03,sh,86.54
2020-05-04,sh,86.48
2020-05-05,sh,86.49
2020-05-06,sh,86.42
2020-05-07,sh,86.34
2020-05-08,sh,86.38
2020-05-09,sh,86.3
2020-05-10,sh,86.26
2020-05-11,sh,86.15
2020-05-12,sh,86.85
2020-05-13,sh,86.88
2020-05-14,sh,86.81
2020-05-15,sh,86.77
2020-05-16,sh,86.69
2020-05-17,sh,86.58
2020-05-18,sh,86.55
2020-05-19,sh,85.8
2020-05-20,sh,85.89
2020-05-21,sh,86.21
2020-05-22,sh,86.9
2020-05-23,sh,87.24
2020-05-24,sh,87.57
2020-05-25,sh,88.23
2020-05-26,sh,88.74
2020-05-27,sh,89.32
2020-05-28,sh,89.74
2020-05-29,sh,89.89
2020-05-30,sh,90.46
2020-05-31,sh,91.12
2020-06-01,sh,91.39
2020-06-02,sh,91.63
2020-06-03,sh,91.64
2020-06-04,sh,91.6
2020-06-05,sh,91.62
2020-06-06,sh,91.52
2020-06-07,sh,91.3
2020-06-08,sh,91.31
2020-06-09,sh,91.4
2020-06-10,sh,91.49
2020-06-11,sh,91.61
2020-06-12,sh,91.67
2020-06-13,sh,91.88
2020-06-14,sh,92.14
2020-06-15,sh,92.17
2020-06-16,sh,92.17
2020-06-17,sh,92.23
2020-06-18,sh,92.31
2020-06-19,sh,92.31
2020-06-20,sh,92.35
2020-06-21,sh,92.32
2020-06-22,sh,92.31
2020-06-23,sh,92.33
2020-06-24,sh,92.42
2020-06-25,sh,92.43
2020-06-26,sh,92.29
2020-06-27,sh,92.1
2020-06-28,sh,92.03
2020-06-29,sh,92
2020-06-30,sh,91.95
2020-07-01,sh,91.78
2020-07-02,sh,91.81
2020-07-03,sh,91.92
2020-07-04,sh,92.1
2020-07-05,sh,92.08
2020-07-06,sh,92
2020-07-07,sh,92.02
2020-07-08,sh,92.2
2020-07-09,sh,92.21
2020-07-10,sh,92.33
2020-07-11,sh,92.31
2020-07-12,sh,92.47
2020-07-13,sh,92.64
2020-07-14,sh,92.83
2020-07-15,sh,92.79
2020-07-16,sh,92.95
2020-07-17,sh,93.08
2020-07-18,sh,93.2
2020-07-19,sh,93.29
2020-07-20,sh,93.36
2020-07-21,sh,93.26
2020-07-22,sh,93.06
2020-07-23,sh,92.77
2020-07-24,sh,92.47
2020-07-25,sh,92.42
2020-07-26,sh,92.46
2020-07-27,sh,92.45
2020-07-28,sh,92.6
2020-07-29,sh,92.86
2020-07-30,sh,93.08
2020-07-31,sh,93.51
2020-08-01,sh,93.49
2020-08-02,sh,93.07
2020-08-03,sh,92.71
2020-08-04,sh,92.45
2020-08-05,sh,92.43
2020-08-06,sh,92.56
2020-08-07,sh,92.54
2020-08-08,sh,92.92
2020-08-09,sh,93.6
2020-08-10,sh,94.17
2020-08-11,sh,94.53
2020-08-12,sh,94.71
2020-08-13,sh,94.91
2020-08-14,sh,94.92
2020-08-15,sh,94.65
2020-08-16,sh,94.65
2020-08-17,sh,94.67
2020-08-18,sh,94.83
2020-08-19,sh,94.78
2020-08-20,sh,94.65
2020-08-21,sh,94.64
2020-08-22,sh,94.84
2020-08-23,sh,94.9
2020-08-24,sh,95
2020-08-25,sh,95.18
2020-08-26,sh,95.6
2020-08-27,sh,96.1
2020-08-28,sh,96.43
2020-08-29,sh,96.88
2020-08-30,sh,97.18
2020-08-31,sh,97.6
2020-09-01,sh,97.93
2020-09-02,sh,98.22
2020-09-03,sh,98.31
2020-09-04,sh,98.49
2020-09-05,sh,98.55
2020-09-06,sh,98.7
2020-09-07,sh,98.68
2020-09-08,sh,98.87
2020-09-09,sh,99.09
2020-09-10,sh,99.46
2020-09-11,sh,99.99
2020-09-12,sh,100.37
2020-09-13,sh,100.51
2020-09-14,sh,100.82
2020-09-15,sh,100.78
2020-09-16,sh,100.88
2020-09-17,sh,100.85
2020-09-18,sh,100.77
2020-09-19,sh,100.73
2020-09-20,sh,100.9
2020-09-21,sh,100.89
2020-09-22,sh,101.03
2020-09-23,sh,100.98
2020-09-24,sh,100.91
2020-09-25,sh,100.83
2020-09-26,sh,100.75
2020-09-27,sh,100.69
2020-09-28,sh,100.79
2020-09-29,sh,100.8
2020-09-30,sh,100.86
2020-10-01,sh,101.15
2020-10-02,sh,101.47
2020-10-03,sh,101.87
2020-10-04,sh,102.24
2020-10-05,sh,102.52
2020-10-06,sh,102.93
2020-10-07,sh,103.39
2020-10-08,sh,103.55
2020-10-09,sh,103.76
2020-10-10,sh,104.06
2020-10-11,sh,104.26
2020-10-12,sh,104.49
2020-10-13,sh,104.63
2020-10-14,sh,104.75
2020-10-15,sh,105.02
2020-10-16,sh,105.11
2020-10-17,sh,105.01
2020-10-18,sh,105.11
2020-10-19,sh,105.1
2020-10-20,sh,105.19
2020-10-21,sh,105.31
2020-10-22,sh,105.27
2020-10-23,sh,105.3
2020-10-24,sh,105.43
2020-10-25,sh,105.47
2020-10-26,sh,105.56
2020-10-27,sh,105.54
2020-10-28,sh,105.36
2020-10-29,sh,105.32
2020-10-30,sh,105.4
2020-10-31,sh,105.32
2020-11-01,sh,105.32
2020-11-02,sh,105.35
2020-11-03,sh,105.31
2020-11-04,sh,105.37
2020-11-05,sh,105.27
2020-11-06,sh,105.18
2020-11-07,sh,105.35
2020-11-08,sh,105.39
2020-11-09,sh,105.45
2020-11-10,sh,105.48
2020-11-11,sh,105.48
2020-11-12,sh,105.62
2020-11-13,sh,105.6
2020-11-14,sh,105.38
2020-11-15,sh,105.3
2020-11-16,sh,105.2
2020-11-17,sh,105.04
2020-11-18,sh,104.96
2020-11-19,sh,104.88
2020-11-20,sh,104.9
2020-11-21,sh,105.07
2020-11-22,sh,105.17
2020-11-23,sh,105.21
2020-11-24,sh,105.21
2020-11-25,sh,105.26
2020-11-26,sh,105.44
2020-11-27,sh,105.35
2020-11-28,sh,105.31
2020-11-29,sh,105.15
2020-11-30,sh,105.16
2020-12-01,sh,105.36
2020-12-02,sh,105.51
2020-12-03,sh,105.58
2020-12-04,sh,105.95
2020-12-05,sh,106.23
2020-12-06,sh,106.47
2020-12-07,sh,106.58
2020-12-08,sh,106.8
2020-12-09,sh,106.86
2020-12-10,sh,106.81
2020-12-11,sh,106.61
2020-12-12,sh,106.41
2020-12-13,sh,106.4
2020-12-14,sh,106.46
2020-12-15,sh,106.42
2020-12-16,sh,106.44
2020-12-17,sh,106.48
2020-12-18,sh,106.54
2020-12-19,sh,106.62
2020-12-20,sh,106.65
2020-12-21,sh,106.61
2020-12-22,sh,106.74
2020-12-23,sh,106.72
2020-12-24,sh,106.87
2020-12-25,sh,107.02
2020-12-26,sh,106.99
2020-12-27,sh,106.94
2020-12-28,sh,107.06
2020-12-29,sh,106.96
2020-12-30,sh,106.97
2020-12-31,sh,106.88
2021-01-01,sh,106.83
2021-01-02,sh,106.77
2021-01-03,sh,106.78
2021-01-04,sh,106.5
2021-01-05,sh,106.28
2021-01-06,sh,106.18
2021-01-07,sh,105.98
2021-01-08,sh,105.88
2021-01-09,sh,105.88
2021-01-10,sh,105.74
2021-01-11,sh,105.81
2021-01-12,sh,105.9
2021-01-13,sh,105.75
2021-01-14,sh,105.9
2021-01-15,sh,105.7
2021-01-16,sh,105.61
2021-01-17,sh,105.77
2021-01-18,sh,105.82
2021-01-19,sh,105.94
2021-01-20,sh,106.26
2021-01-21,sh,106.26
2021-01-22,sh,106.45
2021-01-23,sh,106.67
2021-01-24,sh,106.69
2021-01-25,sh,106.75
2021-01-26,sh,106.59
2021-01-27,sh,106.38
2021-01-28,sh,106.47
2021-01-29,sh,106.39
2021-01-30,sh,106.26
2021-01-31,sh,106.27
2021-02-01,sh,106.3
2021-02-02,sh,106.54
2021-02-03,sh,106.67
2021-02-04,sh,106.49
2021-02-05,sh,106.71
2021-02-06,sh,106.89
2021-02-07,sh,106.9
2021-02-08,sh,106.98
2021-02-09,sh,106.77
2021-02-10,sh,106.65
2021-02-11,sh,106.66
2021-02-12,sh,106.32
2021-02-13,sh,105.96
2021-02-14,sh,105.81
2021-02-15,sh,105.39
2021-02-16,sh,105.1
2021-02-17,sh,104.87
2021-02-18,sh,104.66
2021-02-19,sh,104.67
2021-02-20,sh,104.64
2021-02-21,sh,104.45
2021-02-22,sh,104.45
2021-02-23,sh,104.51
2021-02-24,sh,104.59
2021-02-25,sh,104.7
2021-02-26,sh,104.83
2021-02-27,sh,105.16
2021-02-28,sh,105.61
2021-03-01,sh,106.01
2021-03-02,sh,106.52
2021-03-03,sh,106.97
2021-03-04,sh,107.27
2021-03-05,sh,107.31
2021-03-06,sh,107.34
2021-03-07,sh,107.3
2021-03-08,sh,107.2
2021-03-09,sh,106.83
2021-03-10,sh,106.59
2021-03-11,sh,106.36
2021-03-12,sh,106.35
2021-03-13,sh,106.35
2021-03-14,sh,106.33
2021-03-15,sh,106.49
2021-03-16,sh,106.73
2021-03-17,sh,106.94
2021-03-18,sh,107.48
2021-03-19,sh,108.2
2021-03-20,sh,108.7
2021-03-21,sh,109.19
2021-03-22,sh,109.52
2021-03-23,sh,110.14
2021-03-24,sh,110.86
2021-03-25,sh,111.4
2021-03-26,sh,111.64
2021-03-27,sh,112.2
2021-03-28,sh,112.56
2021-03-29,sh,113.01
2021-03-30,sh,113.21
2021-03-31,sh,113.35
2021-04-01,sh,113.47
2021-04-02,sh,113.73
2021-04-03,sh,113.66
2021-04-04,sh,113.76
2021-04-05,sh,113.67
2021-04-06,sh,113.71
2021-04-07,sh,113.49
2021-04-08,sh,113.19
2021-04-09,sh,112.77
2021-04-10,sh,112.46
2021-04-11,sh,112.21
2021-04-12,sh,112.21
2021-04-13,sh,112.1
2021-04-14,sh,112.06
2021-04-15,sh,112.11
2021-04-16,sh,112.05
2021-04-17,sh,112.06
2021-04-18,sh,112.06
2021-04-19,sh,111.97
2021-04-20,sh,111.85
2021-04-21,sh,111.9
2021-04-22,sh,111.99
2021-04-23,sh,112.22
2021-04-24,sh,112.35
2021-04-25,sh,112.29
2021-04-26,sh,112.27
2021-04-27,sh,112.34
2021-04-28,sh,112.23
2021-04-29,sh,112.17
2021-04-30,sh,112.09
2021-05-01,sh,111.98
2021-05-02,sh,112.13
2021-05-03,sh,112.24
2021-05-04,sh,112.38
2021-05-05,sh,112.6
2021-05-06,sh,112.7
2021-05-07,sh,112.89
2021-05-08,sh,113.23
2021-05-09,sh,113.34
2021-05-10,sh,113.58
2021-05-11,sh,113.73
2021-05-12,sh,114.61
2021-05-13,sh,115.04
2021-05-14,sh,115.19
2021-05-15,sh,115.29
2021-05-16,sh,115.65
2021-05-17,sh,115.92
2021-05-18,sh,116.39
2021-05-19,sh,116.06
2021-05-20,sh,116.5
2021-05-21,sh,117.21
2021-05-22,sh,118.19
2021-05-23,sh,118.62
2021-05-24,sh,119.03
2021-05-25,sh,119.55
2021-05-26,sh,120.05
2021-05-27,sh,120.53
2021-05-28,sh,121.04
2021-05-29,sh,121.36
2021-05-30,sh,122.14
2021-05-31,sh,122.97
2021-06-01,sh,123.71
2021-06-02,sh,124.53
2021-06-03,sh,125.15
2021-06-04,sh,125.68
2021-06-05,sh,126.15
2021-06-06,sh,126.45
2021-06-07,sh,126.78
2021-06-08,sh,127.08
2021-06-09,sh,127.49
2021-06-10,sh,127.74
2021-06-11,sh,128.22
2021-06-12,sh,128.65
2021-06-13,sh,129.19
2021-06-14,sh,129.68
2021-06-15,sh,130.07
2021-06-16,sh,130.34
2021-06-17,sh,130.72
2021-06-18,sh,130.98
2021-06-19,sh,131.22
2021-06-20,sh,131.51
2021-06-21,sh,131.7
2021-06-22,sh,131.9
2021-06-23,sh,132.2
2021-06-24,sh,132.44
2021-06-25,sh,132.58
2021-06-26,sh,132.63
2021-06-27,sh,132.63
2021-06-28,sh,132.7
2021-06-29,sh,132.77
2021-06-30,sh,132.71
2021-07-01,sh,132.65
2021-07-02,sh,132.5
2021-07-03,sh,132.6
2021-07-04,sh,132.77
2021-07-05,sh,132.96
2021-07-06,sh,133.19
2021-07-07,sh,133.45
2021-07-08,sh,133.64
2021-07-09,sh,133.93
2021-07-10,sh,134.04
2021-07-11,sh,134.18
2021-07-12,sh,134.22
2021-07-13,sh,134.15
2021-07-14,sh,134.13
2021-07-15,sh,134.2
2021-07-16,sh,134.29
2021-07-17,sh,134.52
2021-07-18,sh,134.72
2021-07-19,sh,134.95
2021-07-20,sh,135.3
2021-07-21,sh,135.48
2021-07-22,sh,135.64
2021-07-23,sh,135.82
2021-07-24,sh,135.87
2021-07-25,sh,136.04
2021-07-26,sh,136.19
2021-07-27,sh,136.34
2021-07-28,sh,136.57
2021-07-29,sh,136.69
2021-07-30,sh,136.87
2021-07-31,sh,137.03
2021-08-01,sh,137.21
2021-08-02,sh,137.17
2021-08-03,sh,137.06
2021-08-04,sh,137.13
2021-08-05,sh,137.38
2021-08-06,sh,137.92
2021-08-07,sh,138.59
2021-08-08,sh,139.26
2021-08-09,sh,139.98
2021-08-10,sh,140.73
2021-08-11,sh,141.64
2021-08-12,sh,142.39
2021-08-13,sh,142.78
2021-08-14,sh,143
2021-08-15,sh,143.11
2021-08-16,sh,143.49
2021-08-17,sh,143.9
2021-08-18,sh,144.32
2021-08-19,sh,144.87
2021-08-20,sh,145.42
2021-08-21,sh,146.05
2021-08-22,sh,146.64
2021-08-23,sh,147.21
2021-08-24,sh,147.79
2021-08-25,sh,148.16
2021-08-26,sh,148.44
2021-08-27,sh,148.86
2021-08-28,sh,149.19
2021-08-29,sh,149.6
2021-08-30,sh,149.93
2021-08-31,sh,150.08
2021-09-01,sh,150.19
2021-09-02,sh,150.42
2021-09-03,sh,150.49
2021-09-04,sh,150.55
2021-09-05,sh,150.38
2021-09-06,sh,150.22
2021-09-07,sh,150.17
2021-09-08,sh,149.98
2021-09-09,sh,149.86
2021-09-10,sh,149.75
2021-09-11,sh,149.76
2021-09-12,sh,149.92
2021-09-13,sh,150.01
2021-09-14,sh,150.1
2021-09-15,sh,150.31
2021-09-16,sh,150.57
2021-09-17,sh,150.97
2021-09-18,sh,150.98
2021-09-19,sh,151.04
2021-09-20,sh,151.17
2021-09-21,sh,151.44
2021-09-22,sh,151.68
2021-09-23,sh,151.9
2021-09-24,sh,151.77
2021-09-25,sh,151.78
2021-09-26,sh,151.95
2021-09-27,sh,152.1
2021-09-28,sh,152.14
2021-09-29,sh,152.28
2021-09-30,sh,152.08
2021-10-01,sh,152.17
2021-10-02,sh,152.47
2021-10-03,sh,152.51
2021-10-04,sh,152.57
2021-10-05,sh,152.69
2021-10-06,sh,152.86
2021-10-07,sh,153.17
2021-10-08,sh,153.4
2021-10-09,sh,153.62
2021-10-10,sh,154.02
2021-10-11,sh,154.23
2021-10-12,sh,154.34
2021-10-13,sh,154.27
2021-10-14,sh,154.26
2021-10-15,sh,154.33
2021-10-16,sh,154.35
2021-10-17,sh,154.11
2021-10-18,sh,154.1
2021-10-19,sh,154.16
2021-10-20,sh,154.26
2021-10-21,sh,154
2021-10-22,sh,153.66
2021-10-23,sh,153.49
2021-10-24,sh,153.4
2021-10-25,sh,153.33
2021-10-26,sh,153.17
2021-10-27,sh,153.03
2021-10-28,sh,153.22
2021-10-29,sh,153.51
2021-10-30,sh,153.83
2021-10-31,sh,154.08
2021-11-01,sh,153.74
2021-11-02,sh,153.5
2021-11-03,sh,153.19
2021-11-04,sh,153.36
2021-11-05,sh,153.44
2021-11-06,sh,153.45
2021-11-07,sh,153.55
2021-11-08,sh,154.06
2021-11-09,sh,154.47
2021-11-10,sh,154.88
2021-11-11,sh,154.9
2021-11-12,sh,154.97
2021-11-13,sh,155.06
2021-11-14,sh,155.08
2021-11-15,sh,155.14
2021-11-16,sh,155.54
2021-11-17,sh,155.82
2021-11-18,sh,155.84
2021-11-19,sh,155.96
2021-11-20,sh,155.97
2021-11-21,sh,156.01
2021-11-22,sh,156.36
2021-11-23,sh,156.61
2021-11-24,sh,156.88
2021-11-25,sh,157.25
2021-11-26,sh,157.48
2021-11-27,sh,157.87
2021-11-28,sh,158.3
2021-11-29,sh,158.37
2021-11-30,sh,158.09
2021-12-01,sh,157.92
2021-12-02,sh,157.79
2021-12-03,sh,157.58
2021-12-04,sh,157.32
2021-12-05,sh,156.95
2021-12-06,sh,156.8
2021-12-07,sh,156.82
2021-12-08,sh,156.78
2021-12-09,sh,156.72
2021-12-10,sh,156.74
2021-12-11,sh,156.84
2021-12-12,sh,156.95
2021-12-13,sh,157.08
2021-12-14,sh,157.13
2021-12-15,sh,156.99
2021-12-16,sh,156.94
2021-12-17,sh,156.9
2021-12-18,sh,156.82
2021-12-19,sh,156.73
2021-12-20,sh,156.66
2021-12-21,sh,156.64
2021-12-22,sh,156.88
2021-12-23,sh,157.03
2021-12-24,sh,157.15
2021-12-25,sh,157.2
2021-12-26,sh,157.3
2021-12-27,sh,157.42
2021-12-28,sh,157.48
2021-12-29,sh,157.11
2021-12-30,sh,157.27
2021-12-31,sh,157.4
2022-01-01,sh,157.39
2022-01-02,sh,157.42
2022-01-03,sh,157.21
2022-01-04,sh,157.19
2022-01-05,sh,157.7
2022-01-06,sh,157.54
2022-01-07,sh,157.57
2022-01-08,sh,157.7
2022-01-09,sh,157.65
2022-01-10,sh,157.56
2022-01-11,sh,157.37
2022-01-12,sh,157.06
2022-01-13,sh,156.9
2022-01-14,sh,156.58
2022-01-15,sh,156.36
2022-01-16,sh,156.25
2022-01-17,sh,156.28
2022-01-18,sh,156.23
2022-01-19,sh,156.32
2022-01-20,sh,156.46
2022-01-21,sh,156.56
2022-01-22,sh,156.44
2022-01-23,sh,156.36
2022-01-24,sh,156.2
2022-01-25,sh,156.17
2022-01-26,sh,155.93
2022-01-27,sh,155.8
2022-01-28,sh,155.89
2022-01-29,sh,156.22
2022-01-30,sh,156.55
2022-01-31,sh,156.98
2022-02-01,sh,157.24
2022-02-02,sh,157.71
2022-02-03,sh,158.02
2022-02-04,sh,158.19
2022-02-05,sh,158.32
2022-02-06,sh,158.46
2022-02-07,sh,158.34
2022-02-08,sh,158.47
2022-02-09,sh,158.58
2022-02-10,sh,158.75
2022-02-11,sh,158.65
2022-02-12,sh,158.79
2022-02-13,sh,158.88
2022-02-14,sh,159.07
2022-02-15,sh,159.35
2022-02-16,sh,159.51
2022-02-17,sh,159.63
2022-02-18,sh,160.09
2022-02-19,sh,160.27
2022-02-20,sh,160.5
2022-02-21,sh,160.86
2022-02-22,sh,160.93
2022-02-23,sh,161.18
2022-02-24,sh,161.44
2022-02-25,sh,161.72
2022-02-26,sh,162.11
2022-02-27,sh,162.4
2022-02-28,sh,162.73
2022-03-01,sh,163.13
2022-03-02,sh,163.32
2022-03-03,sh,163.53
2022-03-04,sh,163.7
2022-03-05,sh,163.83
2022-03-06,sh,164.09
2022-03-07,sh,164.38
2022-03-08,sh,164.62
2022-03-09,sh,164.95
2022-03-10,sh,165.23
2022-03-11,sh,165.37
2022-03-12,sh,165.6
2022-03-13,sh,165.68
2022-03-14,sh,165.69
2022-03-15,sh,165.79
2022-03-16,sh,165.78
2022-03-17,sh,165.71
2022-03-18,sh,165.63
2022-03-19,sh,165.28
2022-03-20,sh,165.17
2022-03-21,sh,165.23
2022-03-22,sh,165.24
2022-03-23,sh,165.15
2022-03-24,sh,165.13
2022-03-25,sh,165.28
2022-03-26,sh,165.7
2022-03-27,sh,166.02
2022-03-28,sh,166.23
2022-03-29,sh,166.39
2022-03-30,sh,166.76
2022-03-31,sh,167.25
2022-04-01,sh,167.65
2022-04-02,sh,167.76
2022-04-03,sh,167.81
2022-04-04,sh,167.84
2022-04-05,sh,167.89
2022-04-06,sh,168
2022-04-07,sh,167.85
2022-04-08,sh,167.72
2022-04-09,sh,167.85
2022-04-10,sh,168.03
2022-04-11,sh,168.28
2022-04-12,sh,168.5
2022-04-13,sh,168.75
2022-04-14,sh,169.06
2022-04-15,sh,169.4
2022-04-16,sh,169.38
2022-04-17,sh,169.36
2022-04-18,sh,169.32
2022-04-19,sh,169.23
2022-04-20,sh,169.04
2022-04-21,sh,168.9
2022-04-22,sh,168.73
2022-04-23,sh,168.88
2022-04-24,sh,169
2022-04-25,sh,169.07
2022-04-26,sh,169.16
2022-04-27,sh,169.31
2022-04-28,sh,169.52
2022-04-29,sh,169.8
2022-04-30,sh,170.08
2022-05-01,sh,170.17
2022-05-02,sh,170.4
2022-05-03,sh,170.64
2022-05-04,sh,170.74
2022-05-05,sh,170.78
2022-05-06,sh,170.73
2022-05-07,sh,170.7
2022-05-08,sh,170.73
2022-05-09,sh,170.7
2022-05-10,sh,170.83
2022-05-11,sh,171.09
2022-05-12,sh,171.99
2022-05-13,sh,172.28
2022-05-14,sh,172.46
2022-05-15,sh,172.71
2022-05-16,sh,172.97
2022-05-17,sh,173.13
2022-05-18,sh,173.22
2022-05-19,sh,172.72
2022-05-20,sh,172.82
2022-05-21,sh,172.89
2022-05-22,sh,172.97
2022-05-23,sh,173.04
2022-05-24,sh,173.12
2022-05-25,sh,173.19
2022-05-26,sh,173.27
2022-05-27,sh,173.34
2022-05-28,sh,173.42
2022-05-29,sh,173.5
2022-05-30,sh,173.57
2022-05-31,sh,173.65
2022-06-01,sh,173.77
2022-06-02,sh,173.78
2022-06-03,sh,173.68
2022-06-04,sh,173.6
2022-06-05,sh,173.64
2022-06-06,sh,173.59
2022-06-07,sh,173.43
2022-06-08,sh,173.23
2022-06-09,sh,173.06
2022-06-10,sh,173.17
2022-06-11,sh,173.19
2022-06-12,sh,173.04
2022-06-13,sh,172.9
2022-06-14,sh,173.07
2022-06-15,sh,173.36
2022-06-16,sh,173.81
2022-06-17,sh,173.32
2022-06-18,sh,173.68
2022-06-19,sh,174.09
2022-06-20,sh,174.51
2022-06-21,sh,174.5
2022-06-22,sh,174.38
2022-06-23,sh,174.14
2022-06-24,sh,174.77
2022-06-25,sh,174.69
2022-06-26,sh,174.56
2022-06-27,sh,174.4
2022-06-28,sh,174.5
2022-06-29,sh,174.56
2022-06-30,sh,174.62
2022-07-01,sh,174.54
2022-07-02,sh,174.44
2022-07-03,sh,174.34
2022-07-04,sh,174.3
2022-07-05,sh,174.18
2022-07-06,sh,174.05
2022-07-07,sh,173.86
2022-07-08,sh,173.81
2022-07-09,sh,173.83
2022-07-10,sh,173.84
2022-07-11,sh,173.82
2022-07-12,sh,173.88
2022-07-13,sh,173.89
2022-07-14,sh,174.11
2022-07-15,sh,174.25
2022-07-16,sh,174.38
2022-07-17,sh,174.59
2022-07-18,sh,174.68
2022-07-19,sh,174.72
2022-07-20,sh,174.78
2022-07-21,sh,174.81
2022-07-22,sh,174.86
2022-07-23,sh,174.62
2022-07-24,sh,174.45
2022-07-25,sh,174.4
2022-07-26,sh,174.59
2022-07-27,sh,174.67
2022-07-28,sh,174.49
2022-07-29,sh,174.49
2022-07-30,sh,174.81
2022-07-31,sh,175.11
2022-08-01,sh,174.89
2022-08-02,sh,174.72
2022-08-03,sh,174.74
2022-08-04,sh,174.78
2022-08-05,sh,174.55
2022-08-06,sh,174.16
2022-08-07,sh,173.52
2022-08-08,sh,173.36
2022-08-09,sh,173.15
2022-08-10,sh,172.79
2022-08-11,sh,172.39
2022-08-12,sh,172.34
2022-08-13,sh,172.36
2022-08-14,sh,172.83
2022-08-15,sh,173.27
2022-08-16,sh,173.46
2022-08-17,sh,173.77
2022-08-18,sh,174.31
2022-08-19,sh,174.73
2022-08-20,sh,175.2
2022-08-21,sh,175.47
2022-08-22,sh,175.8
2022-08-23,sh,176.04
2022-08-24,sh,176.34
2022-08-25,sh,176.59
2022-08-26,sh,176.78
2022-08-27,sh,176.93
2022-08-28,sh,177
2022-08-29,sh,176.91
2022-08-30,sh,177.11
2022-08-31,sh,177.27
2022-09-01,sh,177.34
2022-09-02,sh,177.15
2022-09-03,sh,177.1
2022-09-04,sh,177.14
2022-09-05,sh,177.3
2022-09-06,sh,177.18
2022-09-07,sh,176.88
2022-09-08,sh,176.65
2022-09-09,sh,176.49
2022-09-10,sh,176.26
2022-09-11,sh,175.88
2022-09-12,sh,175.58
2022-09-13,sh,175.48
2022-09-14,sh,175.61
2022-09-15,sh,175.66
2022-09-16,sh,175.92
2022-09-17,sh,175.98
2022-09-18,sh,176.05
2022-09-19,sh,176.12
2022-09-20,sh,175.91
2022-09-21,sh,175.61
2022-09-22,sh,175.49
2022-09-23,sh,175.38
2022-09-24,sh,175.53
2022-09-25,sh,175.67
2022-09-26,sh,175.77
2022-09-27,sh,176.05
2022-09-28,sh,176.32
2022-09-29,sh,176.51
2022-09-30,sh,176.47
2022-10-01,sh,176.26
2022-10-02,sh,176.14
2022-10-03,sh,176.08
2022-10-04,sh,175.91
2022-10-05,sh,175.84
2022-10-06,sh,175.79
2022-10-07,sh,175.9
2022-10-08,sh,176.05
2022-10-09,sh,176.15
2022-10-10,sh,176.27
2022-10-11,sh,176.27
2022-10-12,sh,176.39
2022-10-13,sh,176.41
2022-10-14,sh,176.47
2022-10-15,sh,176.58
2022-10-16,sh,176.82
2022-10-17,sh,176.89
2022-10-18,sh,177.25
2022-10-19,sh,177.42
2022-10-20,sh,177.71
2022-10-21,sh,178
2022-10-22,sh,178.28
2022-10-23,sh,178.55
2022-10-24,sh,178.96
2022-10-25,sh,179.12
2022-10-26,sh,179.47
2022-10-27,sh,179.96
2022-10-28,sh,180.29
2022-10-29,sh,180.53
2022-10-30,sh,180.82
2022-10-31,sh,180.98
2022-11-01,sh,181.15
2022-11-02,sh,181.14
2022-11-03,sh,180.94
2022-11-04,sh,180.92
2022-11-05,sh,180.83
2022-11-06,sh,180.82
2022-11-07,sh,180.84
2022-11-08,sh,180.97
2022-11-09,sh,181.29
2022-11-10,sh,181.7
2022-11-11,sh,181.67
2022-11-12,sh,182.26
2022-11-13,sh,182.62
2022-11-14,sh,182.97
2022-11-15,sh,183.37
2022-11-16,sh,183.53
2022-11-17,sh,183.52
2022-11-18,sh,183.71
2022-11-19,sh,183.42
2022-11-20,sh,183.11
2022-11-21,sh,182.85
2022-11-22,sh,182.39
2022-11-23,sh,181.91
2022-11-24,sh,181.58
2022-11-25,sh,181.25
2022-11-26,sh,180.96
2022-11-27,sh,180.76
2022-11-28,sh,180.47
2022-11-29,sh,180.66
2022-11-30,sh,180.71
2022-12-01,sh,180.46
2022-12-02,sh,180.54
2022-12-03,sh,180.64
2022-12-04,sh,180.83
2022-12-05,sh,181.14
2022-12-06,sh,181.2
2022-12-07,sh,181.22
2022-12-08,sh,181.64
2022-12-09,sh,181.79
2022-12-10,sh,181.87
2022-12-11,sh,181.85
2022-12-12,sh,181.81
2022-12-13,sh,181.84
2022-12-14,sh,182.06
2022-12-15,sh,182.02
2022-12-16,sh,181.94
2022-12-17,sh,181.96
2022-12-18,sh,181.96
2022-12-19,sh,181.94
2022-12-20,sh,181.69
2022-12-21,sh,181.62
2022-12-22,sh,181.63
2022-12-23,sh,181.61
2022-12-24,sh,181.42
2022-12-25,sh,181.31
2022-12-26,sh,181.36
2022-12-27,sh,181.44
2022-12-28,sh,181.23
2022-12-29,sh,181.17
2022-12-30,sh,181.09
2022-12-31,sh,180.92
2023-01-01,sh,180.61
2023-01-02,sh,180.19
2023-01-03,sh,179.87
2023-01-04,sh,179.75
2023-01-05,sh,179.36
2023-01-06,sh,179.26
2023-01-07,sh,179.25
2023-01-08,sh,179.36
2023-01-09,sh,179.36
2023-01-10,sh,179.34
2023-01-11,sh,179.48
2023-01-12,sh,179.68
2023-01-13,sh,179.79
2023-01-14,sh,179.93
2023-01-15,sh,180.03
2023-01-16,sh,180.16
2023-01-17,sh,180.41
2023-01-18,sh,180.56
2023-01-19,sh,180.82
2023-01-20,sh,180.78
2023-01-21,sh,180.9
2023-01-22,sh,180.89
2023-01-23,sh,180.94
2023-01-24,sh,180.92
2023-01-25,sh,180.85
2023-01-26,sh,180.7
2023-01-27,sh,180.81
2023-01-28,sh,180.97
2023-01-29,sh,181.17
2023-01-30,sh,181.22
2023-01-31,sh,181.41
2023-02-01,sh,181.6
2023-02-02,sh,181.52
2023-02-03,sh,181.55
2023-02-04,sh,181.86
2023-02-05,sh,182.25
2023-02-06,sh,182.71
2023-02-07,sh,182.95
2023-02-08,sh,183.09
2023-02-09,sh,183.51
2023-02-10,sh,183.86
2023-02-11,sh,183.83
2023-02-12,sh,183.7
2023-02-13,sh,183.56
2023-02-14,sh,183.59
2023-02-15,sh,183.52
2023-02-16,sh,183.24
2023-02-17,sh,182.91
2023-02-18,sh,182.42
2023-02-19,sh,181.9
2023-02-20,sh,181.46
2023-02-21,sh,180.97
2023-02-22,sh,180.67
2023-02-23,sh,180.6
2023-02-24,sh,180.31
2023-02-25,sh,180.26
2023-02-26,sh,180.14
2023-02-27,sh,180.15
2023-02-28,sh,179.91
2023-03-01,sh,179.78
2023-03-02,sh,179.84
2023-03-03,sh,179.93
2023-03-04,sh,179.96
2023-03-05,sh,180.14
2023-03-06,sh,180.23
2023-03-07,sh,180.41
2023-03-08,sh,180.4
2023-03-09,sh,180.09
2023-03-10,sh,180.08
2023-03-11,sh,180.15
2023-03-12,sh,180.19
2023-03-13,sh,180.22
2023-03-14,sh,180.28
2023-03-15,sh,180.37
2023-03-16,sh,180.56
2023-03-17,sh,180.68
2023-03-18,sh,180.59
2023-03-19,sh,180.82
2023-03-20,sh,180.96
2023-03-21,sh,181.07
2023-03-22,sh,181.15
2023-03-23,sh,181.34
2023-03-24,sh,181.54
2023-03-25,sh,181.76
2023-03-26,sh,181.61
2023-03-27,sh,181.76
2023-03-28,sh,181.87
2023-03-29,sh,181.95
2023-03-30,sh,181.9
2023-03-31,sh,181.76
2023-04-01,sh,181.74
2023-04-02,sh,181.75
2023-04-03,sh,181.41
2023-04-04,sh,181.02
2023-04-05,sh,180.77
2023-04-06,sh,180.58
2023-04-07,sh,180.61
2023-04-08,sh,180.45
2023-04-09,sh,180.24
2023-04-10,sh,180.28
2023-04-11,sh,180.41
2023-04-12,sh,180.46
2023-04-13,sh,180.13
2023-04-14,sh,179.7
2023-04-15,sh,179.15
2023-04-16,sh,178.88
2023-04-17,sh,178.5
2023-04-18,sh,178.14
2023-04-19,sh,177.66
2023-04-20,sh,177.52
2023-04-21,sh,177.36
2023-04-22,sh,177.32
2023-04-23,sh,177.14
2023-04-24,sh,176.8
2023-04-25,sh,176.62
2023-04-26,sh,176.51
2023-04-27,sh,176.43
2023-04-28,sh,176.21
2023-04-29,sh,176.01
2023-04-30,sh,175.82
2023-05-01,sh,175.68
2023-05-02,sh,175.37
2023-05-03,sh,174.87
2023-05-04,sh,174.17
2023-05-05,sh,173.6
2023-05-06,sh,172.96
2023-05-07,sh,172.41
2023-05-08,sh,171.7
2023-05-09,sh,171.07
2023-05-10,sh,170.74
2023-05-11,sh,170.65
2023-05-12,sh,171.03
2023-05-13,sh,171.16
2023-05-14,sh,171.1
2023-05-15,sh,171.23
2023-05-16,sh,171.42
2023-05-17,sh,171.57
2023-05-18,sh,171.93
2023-05-19,sh,171.75
2023-05-20,sh,171.99
2023-05-21,sh,172.31
2023-05-22,sh,172.62
2023-05-23,sh,172.59
2023-05-24,sh,172.62
2023-05-25,sh,172.72
2023-05-26,sh,172.67
2023-05-27,sh,172.74
2023-05-28,sh,172.68
2023-05-29,sh,172.75
2023-05-30,sh,173.16
2023-05-31,sh,173.52
2023-06-01,sh,173.48
2023-06-02,sh,173.72
2023-06-03,sh,173.84
2023-06-04,sh,174.01
2023-06-05,sh,174.18
2023-06-06,sh,174.33
2023-06-07,sh,174.45
2023-06-08,sh,174.64
2023-06-09,sh,174.63
2023-06-10,sh,174.73
2023-06-11,sh,174.75
2023-06-12,sh,174.67
2023-06-13,sh,174.86
2023-06-14,sh,174.93
2023-06-15,sh,175.06
2023-06-16,sh,175.21
2023-06-17,sh,175.26
2023-06-18,sh,175.5
2023-06-19,sh,175.81
2023-06-20,sh,175.78
2023-06-21,sh,175.88
2023-06-22,sh,175.99
2023-06-23,sh,176.14
2023-06-24,sh,176.21
2023-06-25,sh,176.29
2023-06-26,sh,176.27
2023-06-27,sh,176.31
2023-06-28,sh,176.27
2023-06-29,sh,176.2
2023-06-30,sh,176.13
2023-07-01,sh,176.27
2023-07-02,sh,176.4
2023-07-03,sh,176.48
2023-07-04,sh,176.36
2023-07-05,sh,176.29
2023-07-06,sh,176.24
2023-07-07,sh,176.53
2023-07-08,sh,176.67
2023-07-09,sh,176.8
2023-07-10,sh,177
2023-07-11,sh,177.26
2023-07-12,sh,177.58
2023-07-13,sh,177.89
2023-07-14,sh,177.77
2023-07-15,sh,177.54
2023-07-16,sh,177.44
2023-07-17,sh,177.31
2023-07-18,sh,177.31
2023-07-19,sh,177.33
2023-07-20,sh,177.41
2023-07-21,sh,177.61
2023-07-22,sh,177.89
2023-07-23,sh,178.16
2023-07-24,sh,178.38
2023-07-25,sh,178.58
2023-07-26,sh,178.71
2023-07-27,sh,179.01
2023-07-28,sh,179.17
2023-07-29,sh,179.41
2023-07-30,sh,179.55
2023-07-31,sh,179.61
2023-08-01,sh,179.68
2023-08-02,sh,179.82
2023-08-03,sh,179.58
2023-08-04,sh,179.51
2023-08-05,sh,179.46
2023-08-06,sh,179.43
2023-08-07,sh,179.76
2023-08-08,sh,180.37
2023-08-09,sh,180.73
2023-08-10,sh,181.23
2023-08-11,sh,181.59
2023-08-12,sh,181.7
2023-08-13,sh,181.77
2023-08-14,sh,181.61
2023-08-15,sh,181.21
2023-08-16,sh,180.98
2023-08-17,sh,180.47
2023-08-18,sh,180.05
2023-08-19,sh,179.66
2023-08-20,sh,179.3
2023-08-21,sh,178.9
2023-08-22,sh,178.5
2023-08-23,sh,177.99
2023-08-24,sh,177.35
2023-08-25,sh,176.63
2023-08-26,sh,175.94
2023-08-27,sh,175.14
2023-08-28,sh,174.44
2023-08-29,sh,173.79
2023-08-30,sh,173.12
2023-08-31,sh,172.77
2023-09-01,sh,172.44
2023-09-02,sh,172.32
2023-09-03,sh,172.34
2023-09-04,sh,172.2
2023-09-05,sh,171.97
2023-09-06,sh,171.98
2023-09-07,sh,172.21
2023-09-08,sh,172.48
2023-09-09,sh,172.73
2023-09-10,sh,172.89
2023-09-11,sh,173.22
2023-09-12,sh,173.64
2023-09-13,sh,173.91
2023-09-14,sh,173.93
2023-09-15,sh,174.12
2023-09-16,sh,174.12
2023-09-17,sh,174.15
2023-09-18,sh,174.18
2023-09-19,sh,174.05
2023-09-20,sh,174.07
2023-09-21,sh,174.29
2023-09-22,sh,174.31
2023-09-23,sh,174.46
2023-09-24,sh,174.43
2023-09-25,sh,174.42
2023-09-26,sh,174.6
2023-09-27,sh,174.65
2023-09-28,sh,174.65
2023-09-29,sh,174.79
2023-09-30,sh,174.72
2023-10-01,sh,174.83
2023-10-02,sh,174.9
2023-10-03,sh,174.96
2023-10-04,sh,174.92
2023-10-05,sh,174.58
2023-10-06,sh,174.25
2023-10-07,sh,174.01
2023-10-08,sh,173.79
2023-10-09,sh,173.59
2023-10-10,sh,173.27
2023-10-11,sh,173.19
2023-10-12,sh,173.19
2023-10-13,sh,173.11
2023-10-14,sh,173.02
2023-10-15,sh,173
2023-10-16,sh,172.88
2023-10-17,sh,172.62
2023-10-18,sh,172.12
2023-10-19,sh,171.93
2023-10-20,sh,171.66
2023-10-21,sh,171.33
2023-10-22,sh,170.89
2023-10-23,sh,170.54
2023-10-24,sh,170.37
2023-10-25,sh,170.44
2023-10-26,sh,170.4
2023-10-27,sh,170.46
2023-10-28,sh,170.83
2023-10-29,sh,171.02
2023-10-30,sh,171.28
2023-10-31,sh,171.72
2023-11-01,sh,171.9
2023-11-02,sh,172.18
2023-11-03,sh,172.42
2023-11-04,sh,172.48
2023-11-05,sh,172.85
2023-11-06,sh,173.16
2023-11-07,sh,173.1
2023-11-08,sh,173.3
2023-11-09,sh,173.31
2023-11-10,sh,173.43
2023-11-11,sh,173.54
2023-11-12,sh,173.36
2023-11-13,sh,173.35
2023-11-14,sh,173.55
2023-11-15,sh,173.56
2023-11-16,sh,173.64
2023-11-17,sh,173.71
2023-11-18,sh,173.7
2023-11-19,sh,173.79
2023-11-20,sh,173.69
2023-11-21,sh,173.47
2023-11-22,sh,173.25
2023-11-23,sh,173.12
2023-11-24,sh,172.98
2023-11-25,sh,172.82
2023-11-26,sh,172.72
2023-11-27,sh,172.67
2023-11-28,sh,172.72
2023-11-29,sh,172.85
2023-11-30,sh,172.87
2023-12-01,sh,173.03
2023-12-02,sh,173.2
2023-12-03,sh,173.25
2023-12-04,sh,173.32
2023-12-05,sh,173.4
2023-12-06,sh,173.49
2023-12-07,sh,173.78
2023-12-08,sh,173.81
2023-12-09,sh,174.03
2023-12-10,sh,174.36
2023-12-11,sh,174.56
2023-12-12,sh,174.87
2023-12-13,sh,175.21
2023-12-14,sh,175.4
2023-12-15,sh,175.56
2023-12-16,sh,175.51
2023-12-17,sh,175.55
2023-12-18,sh,175.75
2023-12-19,sh,175.61
2023-12-20,sh,175.46
2023-12-21,sh,175.11
2023-12-22,sh,174.95
2023-12-23,sh,174.79
2023-12-24,sh,174.77
2023-12-25,sh,174.81
2023-12-26,sh,174.98
2023-12-27,sh,175.04
2023-12-28,sh,175.21
2023-12-29,sh,175.23
2023-12-30,sh,175.24
2023-12-31,sh,174.99
2024-01-01,sh,174.61
2024-01-02,sh,174.24
2024-01-03,sh,174
2024-01-04,sh,173.66
2024-01-05,sh,173.4
2024-01-06,sh,173.31
2024-01-07,sh,173.24
2024-01-08,sh,173.12
2024-01-09,sh,173
2024-01-10,sh,172.89
2024-01-11,sh,172.92
2024-01-12,sh,173.01
2024-01-13,sh,172.93
2024-01-14,sh,173
2024-01-15,sh,172.86
2024-01-16,sh,172.79
2024-01-17,sh,172.55
2024-01-18,sh,172.28
2024-01-19,sh,171.94
2024-01-20,sh,171.64
2024-01-21,sh,171.12
2024-01-22,sh,170.82
2024-01-23,sh,170.61
2024-01-24,sh,170.44
2024-01-25,sh,170.26
2024-01-26,sh,170.12
2024-01-27,sh,170.08
2024-01-28,sh,170.2
2024-01-29,sh,170.29
2024-01-30,sh,170.27
2024-01-31,sh,170.23
2024-02-01,sh,170.27
2024-02-02,sh,170.39
2024-02-03,sh,170.48
2024-02-04,sh,170.41
2024-02-05,sh,170.43
2024-02-06,sh,170.52
2024-02-07,sh,170.62
2024-02-08,sh,170.58
2024-02-09,sh,170.36
2024-02-10,sh,170.06
2024-02-11,sh,169.89
2024-02-12,sh,169.75
2024-02-13,sh,169.5
2024-02-14,sh,169.27
2024-02-15,sh,169.11
2024-02-16,sh,169.08
2024-02-17,sh,169.14
2024-02-18,sh,169.17
2024-02-19,sh,169.21
2024-02-20,sh,169.41
2024-02-21,sh,169.63
2024-02-22,sh,169.75
2024-02-23,sh,169.95
2024-02-24,sh,170.14
2024-02-25,sh,170.34
2024-02-26,sh,170.54
2024-02-27,sh,170.54
2024-02-28,sh,170.71
2024-02-29,sh,171.01
2024-03-01,sh,171.18
2024-03-02,sh,171.22
2024-03-03,sh,171.26
2024-03-04,sh,171.22
2024-03-05,sh,171.27
2024-03-06,sh,170.69
2024-03-07,sh,170.14
2024-03-08,sh,169.89
2024-03-09,sh,169.81
2024-03-10,sh,169.62
2024-03-11,sh,169.47
2024-03-12,sh,169.26
2024-03-13,sh,169.49
2024-03-14,sh,169.79
2024-03-15,sh,169.6
2024-03-16,sh,169.35
2024-03-17,sh,169.31
2024-03-18,sh,169.21
2024-03-19,sh,169.26
2024-03-20,sh,169.38
2024-03-21,sh,169.4
2024-03-22,sh,170.02
2024-03-23,sh,170.65
2024-03-24,sh,171.4
2024-03-25,sh,171.98
2024-03-26,sh,172.27
2024-03-27,sh,172.32
2024-03-28,sh,172.56
2024-03-29,sh,172.34
2024-03-30,sh,171.96
2024-03-31,sh,171.48
2024-04-01,sh,171.13
2024-04-02,sh,170.85
2024-04-03,sh,170.78
2024-04-04,sh,170.45
2024-04-05,sh,170.03
2024-04-06,sh,169.67
2024-04-07,sh,169.2
2024-04-08,sh,168.97
2024-04-09,sh,168.76
2024-04-10,sh,168.59
2024-04-11,sh,168.57
2024-04-12,sh,168.63
2024-04-13,sh,168.77
2024-04-14,sh,168.85
2024-04-15,sh,168.95
2024-04-16,sh,169.09
2024-04-17,sh,169.25
2024-04-18,sh,169.4
2024-04-19,sh,169.8
2024-04-20,sh,169.94
2024-04-21,sh,170.12
2024-04-22,sh,170.15
2024-04-23,sh,170.46
2024-04-24,sh,170.55
2024-04-25,sh,170.57
2024-04-26,sh,170.55
2024-04-27,sh,170.63
2024-04-28,sh,170.87
2024-04-29,sh,170.99
2024-04-30,sh,171.02
2024-05-01,sh,171.12
2024-05-02,sh,171.05
2024-05-03,sh,170.89
2024-05-04,sh,170.91
2024-05-05,sh,170.65
2024-05-06,sh,170.59
2024-05-07,sh,170.42
2024-05-08,sh,170.21
2024-05-09,sh,170.19
2024-05-10,sh,170.05
2024-05-11,sh,170.01
2024-05-12,sh,170.58
2024-05-13,sh,170.3
2024-05-14,sh,169.99
2024-05-15,sh,169.97
2024-05-16,sh,169.81
2024-05-17,sh,169.64
2024-05-18,sh,169.42
2024-05-19,sh,168.54
2024-05-20,sh,168.46
2024-05-21,sh,168.26
2024-05-22,sh,168.33
2024-05-23,sh,168.2
2024-05-24,sh,168.09
2024-05-25,sh,168.37
2024-05-26,sh,168.61
2024-05-27,sh,168.98
2024-05-28,sh,169.22
2024-05-29,sh,169.21
2024-05-30,sh,169.61
2024-05-31,sh,170.19
2024-06-01,sh,170.21
2024-06-02,sh,170.23
2024-06-03,sh,170.11
2024-06-04,sh,170.28
2024-06-05,sh,170.14
2024-06-06,sh,169.85
2024-06-07,sh,169.31
2024-06-08,sh,169.12
2024-06-09,sh,168.98
2024-06-10,sh,169.05
2024-06-11,sh,169.01
2024-06-12,sh,168.79
2024-06-13,sh,168.54
2024-06-14,sh,168.35
2024-06-15,sh,167.78
2024-06-16,sh,167.32
2024-06-17,sh,166.73
2024-06-18,sh,165.96
2024-06-19,sh,165.55
2024-06-20,sh,165.27
2024-06-21,sh,165.04
2024-06-22,sh,164.87
2024-06-23,sh,164.72
2024-06-24,sh,164.59
2024-06-25,sh,164.62
2024-06-26,sh,164.61
2024-06-27,sh,164.54
2024-06-28,sh,164.48
2024-06-29,sh,164.48
2024-06-30,sh,164.53
2024-07-01,sh,164.24
2024-07-02,sh,164.29
2024-07-03,sh,164.3
2024-07-04,sh,164.26
2024-07-05,sh,164.36
2024-07-06,sh,164.38
2024-07-07,sh,164.38
2024-07-08,sh,164.55
2024-07-09,sh,164.38
2024-07-10,sh,164.3
2024-07-11,sh,164.25
2024-07-12,sh,164.08
2024-07-13,sh,164.01
2024-07-14,sh,163.97
2024-07-15,sh,163.93
2024-07-16,sh,163.87
2024-07-17,sh,163.66
2024-07-18,sh,163.42
2024-07-19,sh,163.31
2024-07-20,sh,163.1
2024-07-21,sh,162.78
2024-07-22,sh,162.52
2024-07-23,sh,162.51
2024-07-24,sh,162.51
2024-07-25,sh,162.49
2024-07-26,sh,162.29
2024-07-27,sh,162.21
2024-07-28,sh,162.27
2024-07-29,sh,162.25
2024-07-30,sh,161.85
2024-07-31,sh,161.63
2024-08-01,sh,161.54
2024-08-02,sh,161.74
2024-08-03,sh,161.95
2024-08-04,sh,162.13
2024-08-05,sh,162.41
2024-08-06,sh,162.98
2024-08-07,sh,163.55
2024-08-08,sh,164.04
2024-08-09,sh,164.25
2024-08-10,sh,164.37
2024-08-11,sh,164.39
2024-08-12,sh,164.36
2024-08-13,sh,164.4
2024-08-14,sh,164.19
2024-08-15,sh,163.92
2024-08-16,sh,163.71
2024-08-17,sh,163.56
2024-08-18,sh,163.41
2024-08-19,sh,163.31
2024-08-20,sh,163.06
2024-08-21,sh,162.96
2024-08-22,sh,162.88
2024-08-23,sh,162.91
2024-08-24,sh,162.97
2024-08-25,sh,163.09
2024-08-26,sh,163.28
2024-08-27,sh,163.48
2024-08-28,sh,163.61
2024-08-29,sh,163.9
2024-08-30,sh,164.03
2024-08-31,sh,163.98
2024-09-01,sh,163.86
2024-09-02,sh,163.76
2024-09-03,sh,163.62
2024-09-04,sh,163.48
2024-09-05,sh,163.21
2024-09-06,sh,162.83
2024-09-07,sh,162.58
2024-09-08,sh,162.3
2024-09-09,sh,161.76
2024-09-10,sh,161.29
2024-09-11,sh,160.76
2024-09-12,sh,160.26
2024-09-13,sh,159.85
2024-09-14,sh,159.47
2024-09-15,sh,159.17
2024-09-16,sh,159.04
2024-09-17,sh,158.89
2024-09-18,sh,158.82
2024-09-19,sh,158.68
2024-09-20,sh,158.57
2024-09-21,sh,158.44
2024-09-22,sh,158.29
2024-09-23,sh,158
2024-09-24,sh,157.76
2024-09-25,sh,157.45
2024-09-26,sh,157.25
2024-09-27,sh,157.07
2024-09-28,sh,156.86
2024-09-29,sh,156.7
2024-09-30,sh,156.67
2024-10-01,sh,156.51
2024-10-02,sh,155.74
2024-10-03,sh,155.94
2024-10-04,sh,156.1
2024-10-05,sh,156.25
2024-10-06,sh,156.25
2024-10-07,sh,156.37
2024-10-08,sh,156.43
2024-10-09,sh,157.32
2024-10-10,sh,157.2
2024-10-11,sh,157.12
2024-10-12,sh,157.09
2024-10-13,sh,157.1
2024-10-14,sh,157.12
2024-10-15,sh,157.18
2024-10-16,sh,157.14
2024-10-17,sh,157.57
2024-10-18,sh,157.55
2024-10-19,sh,157.51
2024-10-20,sh,157.47
2024-10-21,sh,157.34
2024-10-22,sh,157.28
2024-10-23,sh,157.05
2024-10-24,sh,156.39
2024-10-25,sh,156.13
2024-10-26,sh,155.78
2024-10-27,sh,155.47
2024-10-28,sh,155.15
2024-10-29,sh,154.91
2024-10-30,sh,154.85
2024-10-31,sh,154.7
2024-11-01,sh,154.57
2024-11-02,sh,154.4
2024-11-03,sh,154.28
2024-11-04,sh,154.21
2024-11-05,sh,154.06
2024-11-06,sh,153.85
2024-11-07,sh,153.67
2024-11-08,sh,153.55
2024-11-09,sh,153.41
2024-11-10,sh,153.21
2024-11-11,sh,153.13
2024-11-12,sh,153.1
2024-11-13,sh,153.15
2024-11-14,sh,153.12
2024-11-15,sh,153.15
2024-11-16,sh,153.55
2024-11-17,sh,153.63
2024-11-18,sh,153.81
2024-11-19,sh,153.97
2024-11-20,sh,154.04
2024-11-21,sh,154.23
2024-11-22,sh,154.44
2024-11-23,sh,154.38
2024-11-24,sh,154.66
2024-11-25,sh,154.61
2024-11-26,sh,154.58
2024-11-27,sh,154.61
2024-11-28,sh,154.62
2024-11-29,sh,154.16
2024-11-30,sh,154.15
2024-12-01,sh,154.13
2024-12-02,sh,154.21
2024-12-03,sh,154.22
2024-12-04,sh,154.21
2024-12-05,sh,154.25
2024-12-06,sh,154.82
2024-12-07,sh,154.75
2024-12-08,sh,154.71
2024-12-09,sh,154.64
2024-12-10,sh,154.74
2024-12-11,sh,154.73
2024-12-12,sh,154.67
2024-12-13,sh,154.43
2024-12-14,sh,154.35
2024-12-15,sh,154.29
2024-12-16,sh,154.33
2024-12-17,sh,154.29
2024-12-18,sh,153.99
2024-12-19,sh,154.04
2024-12-20,sh,154.19
2024-12-21,sh,154.39
2024-12-22,sh,154.55
2024-12-23,sh,154.72
2024-12-24,sh,154.83
2024-12-25,sh,155.31
2024-12-26,sh,155.47
2024-12-27,sh,155.49
2024-12-28,sh,155.44
2024-12-29,sh,155.53
2024-12-30,sh,155.46
2024-12-31,sh,155.55
2025-01-01,sh,155.69
2025-01-02,sh,155.59
2025-01-03,sh,155.66
2025-01-04,sh,155.76
2025-01-05,sh,155.74
2025-01-06,sh,155.84
2025-01-07,sh,155.62
2025-01-08,sh,155.44
2025-01-09,sh,155.53
2025-01-10,sh,155.29
2025-01-11,sh,155.06
2025-01-12,sh,154.75
2025-01-13,sh,154.4
2025-01-14,sh,154.18
2025-01-15,sh,153.87
2025-01-16,sh,153.5
2025-01-17,sh,153.3
2025-01-18,sh,153.26
2025-01-19,sh,153.29
2025-01-20,sh,153.21
2025-01-21,sh,153.24
2025-01-22,sh,153.48
2025-01-23,sh,153.76
2025-01-24,sh,154.07
2025-01-25,sh,154.39
2025-01-26,sh,154.71
2025-01-27,sh,155.01
2025-01-28,sh,155.07
2025-01-29,sh,154.82
2025-01-30,sh,154.75
2025-01-31,sh,154.59
2025-02-01,sh,154.37
2025-02-02,sh,154.11
2025-02-03,sh,153.89
2025-02-04,sh,153.81
2025-02-05,sh,153.75
2025-02-06,sh,153.39
2025-02-07,sh,153.35
2025-02-08,sh,153.24
2025-02-09,sh,153.03
2025-02-10,sh,152.97
2025-02-11,sh,153
2025-02-12,sh,152.9
2025-02-13,sh,152.26
2025-02-14,sh,152.12
2025-02-15,sh,151.94
2025-02-16,sh,151.88
2025-02-17,sh,151.78
2025-02-18,sh,151.59
2025-02-19,sh,151.5
2025-02-20,sh,152.05
2025-02-21,sh,151.82
2025-02-22,sh,151.66
2025-02-23,sh,151.41
2025-02-24,sh,151.12
2025-02-25,sh,150.67
2025-02-26,sh,150.3
2025-02-27,sh,150.09
2025-02-28,sh,149.92
2025-03-01,sh,149.56
2025-03-02,sh,149.38
2025-03-03,sh,149.21
2025-03-04,sh,149.34
2025-03-05,sh,149.18
2025-03-06,sh,149.11
2025-03-07,sh,149.1
2025-03-08,sh,149.2
2025-03-09,sh,149.22
2025-03-10,sh,149.18
2025-03-11,sh,148.98
2025-03-12,sh,149.15
2025-03-13,sh,149.01
2025-03-14,sh,148.81
2025-03-15,sh,148.8
2025-03-16,sh,148.79
2025-03-17,sh,148.92
2025-03-18,sh,149.17
2025-03-19,sh,149.28
2025-03-20,sh,149.56
2025-03-21,sh,149.68
2025-03-22,sh,149.62
2025-03-23,sh,149.64
2025-03-24,sh,149.68
2025-03-25,sh,149.63
2025-03-26,sh,149.67
2025-03-27,sh,149.7
2025-03-28,sh,149.73
2025-03-29,sh,149.77
2025-03-30,sh,149.72
2025-03-31,sh,149.49
2025-04-01,sh,149.22
2025-04-02,sh,149.04
2025-04-03,sh,148.88
2025-04-04,sh,148.82
2025-04-05,sh,148.87
2025-04-06,sh,148.88
2025-04-07,sh,149.02
2025-04-08,sh,148.98
2025-04-09,sh,148.82
2025-04-10,sh,148.42
2025-04-11,sh,148.05
2025-04-12,sh,147.79
2025-04-13,sh,147.64
2025-04-14,sh,147.4
2025-04-15,sh,147.45
2025-04-16,sh,147.47
2025-04-17,sh,147.65
2025-04-18,sh,147.9
2025-04-19,sh,147.89
2025-04-20,sh,147.81
2025-04-21,sh,147.91
2025-04-22,sh,147.76
2025-04-23,sh,147.7
2025-04-24,sh,147.62
2025-04-25,sh,147.35
2025-04-26,sh,147.24
2025-04-27,sh,147.11
2025-04-28,sh,146.93
2025-04-29,sh,147.06
2025-04-30,sh,147.19
2025-05-01,sh,147.35
2025-05-02,sh,147.53
2025-05-03,sh,147.66
2025-05-04,sh,147.8
2025-05-05,sh,147.97
2025-05-06,sh,147.99
2025-05-07,sh,147.93
2025-05-08,sh,147.82
2025-05-09,sh,147.8
2025-05-10,sh,147.8
2025-05-11,sh,147.7
2025-05-12,sh,147.93
2025-05-13,sh,147.68
2025-05-14,sh,147.66
2025-05-15,sh,147.59
2025-05-16,sh,147.62
2025-05-17,sh,147.62
2025-05-18,sh,147.7
2025-05-19,sh,147.42
2025-05-20,sh,147.71
2025-05-21,sh,147.91
2025-05-22,sh,148.28
2025-05-23,sh,148.3
2025-05-24,sh,148.38
2025-05-25,sh,148.63
2025-05-26,sh,148.73
2025-05-27,sh,148.9
2025-05-28,sh,149.07
2025-05-29,sh,149.26
2025-05-30,sh,149.69
2025-05-31,sh,150.03
2025-06-01,sh,150.18
2025-06-02,sh,150.3
2025-06-03,sh,150.32
2025-06-04,sh,150.24
2025-06-05,sh,149.95
2025-06-06,sh,149.61
2025-06-07,sh,149.33
2025-06-08,sh,149.03
2025-06-09,sh,148.97
2025-06-10,sh,148.58
2025-06-11,sh,148.14
2025-06-12,sh,147.89
2025-06-13,sh,147.72
2025-06-14,sh,147.41
2025-06-15,sh,147.22
2025-06-16,sh,146.86
2025-06-17,sh,146.69
2025-06-18,sh,146.56
2025-06-19,sh,146.35
2025-06-20,sh,146.09
2025-06-21,sh,145.94
2025-06-22,sh,145.74
2025-06-23,sh,145.58
2025-06-24,sh,145.48
2025-06-25,sh,145.43
2025-06-26,sh,145.39
2025-06-27,sh,145.4
2025-06-28,sh,145.28
2025-06-29,sh,145.23
2025-06-30,sh,145.2
2025-07-01,sh,144.91
2025-07-02,sh,144.67
2025-07-03,sh,144.51
2025-07-04,sh,144.47
2025-07-05,sh,144.44
2025-07-06,sh,144.29
2025-07-07,sh,144.12
2025-07-08,sh,144.25
2025-07-09,sh,144.22
2025-07-10,sh,144.08
2025-07-11,sh,143.83
2025-07-12,sh,143.75
2025-07-13,sh,143.71
2025-07-14,sh,143.7
2025-07-15,sh,143.73
2025-07-16,sh,143.77
2025-07-17,sh,143.83
2025-07-18,sh,143.84
2025-07-19,sh,143.68
2025-07-20,sh,143.49
2025-07-21,sh,143.34
2025-07-22,sh,143.12
2025-07-23,sh,142.88
2025-07-24,sh,142.63
2025-07-25,sh,142.55
2025-07-26,sh,142.65
2025-07-27,sh,142.64
2025-07-28,sh,142.69
2025-07-29,sh,142.64
2025-07-30,sh,142.68
2025-07-31,sh,142.5
2025-08-01,sh,142.05
2025-08-02,sh,141.93
2025-08-03,sh,141.95
2025-08-04,sh,141.9
2025-08-05,sh,142.12
2025-08-06,sh,142.29
2025-08-07,sh,142.55
2025-08-08,sh,143.08
2025-08-09,sh,143.04
2025-08-10,sh,143.03
2025-08-11,sh,143.08
2025-08-12,sh,142.94
2025-08-13,sh,142.75
2025-08-14,sh,142.57
2025-08-15,sh,142.27
2025-08-16,sh,142.11
2025-08-17,sh,141.86
2025-08-18,sh,141.55
2025-08-19,sh,141.27
2025-08-20,sh,141.14
2025-08-21,sh,141.18
2025-08-22,sh,141.24
2025-08-23,sh,141.37
2025-08-24,sh,141.59
2025-08-25,sh,141.93
2025-08-26,sh,142.07
2025-08-27,sh,142.28
2025-08-28,sh,142.46
2025-08-29,sh,142.57
2025-08-30,sh,142.62
2025-08-31,sh,142.52
2025-09-01,sh,142.36
2025-09-02,sh,142.41
2025-09-03,sh,142.37
2025-09-04,sh,142.2
2025-09-05,sh,142.11
2025-09-06,sh,142.15
2025-09-07,sh,142.29
2025-09-08,sh,142.41
2025-09-09,sh,142.65
2025-09-10,sh,142.65
2025-09-11,sh,142.84
2025-09-12,sh,142.93
2025-09-13,sh,142.87
2025-09-14,sh,142.84
2025-09-15,sh,142.68
2025-09-16,sh,142.51
2025-09-17,sh,142.63
2025-09-18,sh,142.71
2025-09-19,sh,142.85
2025-09-20,sh,142.98
2025-09-21,sh,142.92
2025-09-22,sh,143.04
2025-09-23,sh,143.01
2025-09-24,sh,142.79
2025-09-25,sh,142.54
2025-09-26,sh,142.25
2025-09-27,sh,141.89
2025-09-28,sh,141.71
2025-09-29,sh,141.4
2025-09-30,sh,141.22
2025-10-01,sh,140.84
2025-10-02,sh,140.57
2025-10-03,sh,140.41
2025-10-04,sh,140.37
2025-10-05,sh,140.37
2025-10-06,sh,140.5
2025-10-07,sh,140.47
2025-10-08,sh,140.71
2025-10-09,sh,141.06
2025-10-10,sh,141.48
2025-10-11,sh,141.79
2025-10-12,sh,141.99
2025-10-13,sh,142.12
2025-10-14,sh,142.39
2025-10-15,sh,142.65
2025-10-16,sh,142.67
2025-10-17,sh,142.49
2025-10-18,sh,142.54
2025-10-19,sh,142.66
2025-10-20,sh,142.71
2025-10-21,sh,142.51
2025-10-22,sh,142.53
2025-10-23,sh,142.67
2025-10-24,sh,142.82
2025-10-25,sh,142.96
2025-10-26,sh,143.05
2025-10-27,sh,143.24
2025-10-28,sh,143.53
2025-10-29,sh,143.68
2025-10-30,sh,143.69
2025-10-31,sh,143.76
2025-11-01,sh,143.61
2025-11-02,sh,143.53
2025-11-03,sh,143.38
2025-11-04,sh,143.36
2025-11-05,sh,143.21
2025-11-06,sh,143.22
2025-11-07,sh,143.27
2025-11-08,sh,143.45
2025-11-09,sh,143.59
2025-11-10,sh,143.88
2025-11-11,sh,143.98
2025-11-12,sh,144.17
2025-11-13,sh,144.21
2025-11-14,sh,144.2
2025-11-15,sh,144.1
2025-11-16,sh,143.96
2025-11-17,sh,143.76
2025-11-18,sh,143.68
2025-11-19,sh,143.45
2025-11-20,sh,143.36
2025-11-21,sh,143.44
2025-11-22,sh,143.59
2025-11-23,sh,143.74
2025-11-24,sh,143.93
2025-11-25,sh,144.07
2025-11-26,sh,144.38
2025-11-27,sh,144.62
2025-11-28,sh,144.59
2025-11-29,sh,144.6
2025-11-30,sh,144.54
2025-12-01,sh,144.45
2025-12-02,sh,144.35
2025-12-03,sh,144.17
2025-12-04,sh,143.84
2025-12-05,sh,143.6
2025-12-06,sh,143.19
2025-12-07,sh,142.95
2025-12-08,sh,142.59
2025-12-09,sh,142.25
2025-12-10,sh,141.98
2025-12-11,sh,141.89
2025-12-12,sh,141.88
2025-12-13,sh,141.94
2025-12-14,sh,142.01
2025-12-15,sh,142.28
2025-12-16,sh,142.58
2025-12-17,sh,142.87
2025-12-18,sh,143.12
2025-12-19,sh,143.27
2025-12-20,sh,143.45
2025-12-21,sh,143.51
2025-12-22,sh,143.56
2025-12-23,sh,143.63
2025-12-24,sh,143.68
2025-12-25,sh,143.68
2025-12-26,sh,143.64
2025-12-27,sh,143.52
2025-12-28,sh,143.48
2025-12-29,sh,143.51
2025-12-30,sh,143.56
2025-12-31,sh,143.52
2026-01-01,sh,143.44
2026-01-02,sh,143.53
2026-01-03,sh,143.49
2026-01-04,sh,143.28
2026-01-05,sh,142.97
2026-01-06,sh,142.72
2026-01-07,sh,142.6
2026-01-08,sh,142.52
2026-01-09,sh,142.26
2026-01-10,sh,141.93
2026-01-11,sh,141.69
2026-01-12,sh,141.8
2026-01-13,sh,142.09
2026-01-14,sh,142.15
2026-01-15,sh,142.08
2026-01-16,sh,142.24
2026-01-17,sh,142.62
2026-01-18,sh,142.97
2026-01-19,sh,142.88
2026-01-20,sh,142.67
2026-01-21,sh,142.61
2026-01-22,sh,142.73
2026-01-23,sh,142.81
2026-01-24,sh,142.92
2026-01-25,sh,142.98
2026-01-26,sh,142.98
2026-01-27,sh,142.81
2026-01-28,sh,142.73
2026-01-29,sh,142.68
2026-01-30,sh,142.55
2026-01-31,sh,142.43
2026-02-01,sh,142.42
2026-02-02,sh,142.45
2026-02-03,sh,142.54
2026-02-04,sh,142.55
2026-02-05,sh,142.48
2026-02-06,sh,142.41
2026-02-07,sh,142.27
2026-02-08,sh,142.16
2026-02-09,sh,142.08
2026-02-10,sh,142
2026-02-11,sh,141.92
2026-02-12,sh,141.84
2026-02-13,sh,141.76
2026-02-14,sh,141.68
2026-02-15,sh,141.6
2026-02-16,sh,141.52
2026-02-17,sh,141.45
2026-02-18,sh,141.37
2026-02-19,sh,141.29
2026-02-20,sh,141.21
2026-02-21,sh,141.13
2026-02-22,sh,141.05
2026-02-23,sh,140.97
2026-02-24,sh,140.89
2026-02-25,sh,140.81
2026-02-26,sh,140.7
2026-02-27,sh,140.8
2026-02-28,sh,140.93
2026-03-01,sh,141.01
2026-03-02,sh,141.09
2026-03-03,sh,141.21
2026-03-04,sh,141.3
2026-03-05,sh,141.54
2026-03-06,sh,141.58
2026-03-07,sh,141.55
2026-03-08,sh,141.5
2026-03-09,sh,141.33
2026-03-10,sh,141.04
2026-03-11,sh,140.54
2026-03-12,sh,139.71
2026-03-13,sh,138.99
2026-03-14,sh,138.29
2026-03-15,sh,137.57
2026-03-16,sh,136.9
2026-03-17,sh,136.21
2026-03-18,sh,135.85
2026-03-19,sh,135.71
2026-03-20,sh,135.45
2026-03-21,sh,135.25
2026-03-22,sh,135.04
2026-03-23,sh,134.84
2026-03-24,sh,134.86
2026-03-25,sh,134.79
2026-03-26,sh,134.9
2026-03-27,sh,135.24
2026-03-28,sh,135.53
2026-03-29,sh,135.93
2026-03-30,sh,136.38
2026-03-31,sh,136.72
2026-04-01,sh,137.13
2026-04-02,sh,137.04
2026-04-03,sh,136.74
2026-04-04,sh,136.33
2026-04-05,sh,135.82
2026-04-06,sh,135.25
2026-04-07,sh,134.64
2026-04-08,sh,133.94
2026-04-09,sh,133.28
2026-04-10,sh,132.67
2026-04-11,sh,132.22
2026-04-12,sh,131.84
2026-04-13,sh,131.49
2026-04-14,sh,131.06
2026-04-15,sh,130.38
2026-04-16,sh,129.84
2026-04-17,sh,129.17
2026-04-18,sh,128.52
2026-04-19,sh,127.88
2026-04-20,sh,127.59
2026-04-21,sh,127.55
2026-04-22,sh,128.01
2026-04-23,sh,128.73
2026-04-24,sh,129.37
2026-04-25,sh,129.99
2026-04-26,sh,130.6
2026-04-27,sh,130.91
2026-04-28,sh,131.1
2026-04-29,sh,131.25
2026-04-30,sh,131.3
2026-05-01,sh,131.08
2026-05-02,sh,130.82
2026-05-03,sh,130.58
2026-05-04,sh,130.31
2026-05-05,sh,130.11
2026-05-06,sh,129.83
2026-05-07,sh,129.59
2026-05-08,sh,129.62
2026-05-09,sh,129.65
2026-05-10,sh,129.66
2026-05-11,sh,129.71
2026-05-12,sh,130.18
2026-05-13,sh,130.37
2026-05-14,sh,130.4
2026-05-15,sh,130.45
2026-05-16,sh,130.48
2026-05-17,sh,130.56
2026-05-18,sh,130.71
2026-05-19,sh,130.41
2026-05-20,sh,130.53
2026-05-21,sh,130.45
2026-05-22,sh,130.76
2026-05-23,sh,130.81
2026-05-24,sh,130.77
2026-05-25,sh,130.7
2026-05-26,sh,130.41
2026-05-27,sh,129.88
2026-05-28,sh,129.64
2026-05-29,sh,129.24
2026-05-30,sh,129.36
2026-05-31,sh,129.22
2026-06-01,sh,129.23
2026-06-02,sh,129.96
2026-06-03,sh,130.6
2026-06-04,sh,131.26
2026-06-05,sh,131.84
2026-06-06,sh,132.49
2026-06-07,sh,133.4
2026-06-08,sh,134.07
2026-06-09,sh,134.31
2026-06-10,sh,134.64
2026-06-11,sh,135
2026-06-12,sh,135.34
2026-06-13,sh,135.6
2026-06-14,sh,135.7
2026-06-15,sh,135.69
2026-06-16,sh,135.51
2026-06-17,sh,135.58
2026-06-18,sh,135.09
2026-06-19,sh,135.09
2026-06-20,sh,134.95
2026-06-21,sh,134.9
2026-06-22,sh,134.85
2026-06-23,sh,134.84
2026-06-24,sh,134.58
2026-06-25,sh,134.85
2026-06-26,sh,134.31
2026-06-27,sh,134.12
2026-06-28,sh,133.97
2026-06-29,sh,133.71
2026-06-30,sh,133.25
2026-07-01,sh,132.93
2026-07-02,sh,132.66
2026-07-03,sh,132.74
2026-07-04,sh,132.58
2026-07-05,sh,132.36
2026-07-06,sh,132.02
2026-07-07,sh,131.99
2026-07-08,sh,131.95
2026-07-09,sh,131.77
2026-07-10,sh,131.69
2026-07-11,sh,131.49
2026-07-12,sh,131.38
2026-07-13,sh,131.48
2026-07-14,sh,131.42
2026-07-15,sh,131.34
2026-07-16,sh,131.37
2026-07-17,sh,131.34
2026-07-18,sh,131.26
2026-07-19,sh,131.15
2026-07-20,sh,131.09
2026-07-21,sh,131.07
2026-07-22,sh,130.97
2026-07-23,sh,130.82
2026-07-24,sh,130.51
2026-07-25,sh,130.41
2026-07-26,sh,130.29
2026-07-27,sh,129.95
2026-07-28,sh,129.58
2026-07-29,sh,129.36
2026-07-30,sh,129.16
2026-07-31,sh,128.79
2026-08-01,sh,128.56
2026-08-02,sh,127.99
2026-08-03,sh,127.67
2026-08-04,sh,127.86
2026-08-05,sh,127.96
2026-08-06,sh,128.21
2026-08-07,sh,128.78
2026-08-08,sh,129.26
2026-08-09,sh,130.02
2026-08-10,sh,130.59
2026-08-11,sh,130.82
2026-08-12,sh,130.88
2026-08-13,sh,130.87
2026-08-14,sh,130.91
2026-08-15,sh,130.9
2026-08-16,sh,130.98
2026-08-17,sh,131.09
2026-08-18,sh,131.13
2026-08-19,sh,131.35
2026-08-20,sh,131.42
2026-08-21,sh,131.43
2026-08-22,sh,131.3
2026-08-23,sh,131.16
2026-08-24,sh,131.12
2026-08-25,sh,131.08
2026-08-26,sh,130.94
2026-08-27,sh,131.08
2026-08-28,sh,131.13
2026-08-29,sh,131.32
2026-08-30,sh,131.43
2026-08-31,sh,131.33
2026-09-01,sh,131.5
2026-09-02,sh,131.77
2026-09-03,sh,131.9
2026-09-04,sh,132.21
2026-09-05,sh,132.45
2026-09-06,sh,132.61
2026-09-07,sh,133.06
2026-09-08,sh,133.31
2026-09-09,sh,133.51
2026-09-10,sh,133.65
2026-09-11,sh,133.73
2026-09-12,sh,133.85
2026-09-13,sh,134.11
2026-09-14,sh,134.15
2026-09-15,sh,134.23
2026-09-16,sh,134.42
2026-09-17,sh,134.45
2026-09-18,sh,134.32
2020-02-01,sl,100
2020-02-02,sl,100.1
2020-02-03,sl,100.14
2020-02-04,sl,100.09
2020-02-05,sl,100.1
2020-02-06,sl,100.2
2020-02-07,sl,100.29
2020-02-08,sl,100.21
2020-02-09,sl,100.41
2020-02-10,sl,100.68
2020-02-11,sl,100.88
2020-02-12,sl,101.06
2020-02-13,sl,101.2
2020-02-14,sl,101.33
2020-02-15,sl,101.42
2020-02-16,sl,101.46
2020-02-17,sl,101.37
2020-02-18,sl,101.36
2020-02-19,sl,101.23
2020-02-20,sl,100.98
2020-02-21,sl,100.78
2020-02-22,sl,100.64
2020-02-23,sl,100.54
2020-02-24,sl,100.61
2020-02-25,sl,100.53
2020-02-26,sl,100.55
2020-02-27,sl,100.53
2020-02-28,sl,100.45
2020-02-29,sl,100.43
2020-03-01,sl,100.48
2020-03-02,sl,100.5
2020-03-03,sl,100.58
2020-03-04,sl,100.56
2020-03-05,sl,100.66
2020-03-06,sl,100.8
2020-03-07,sl,100.99
2020-03-08,sl,101.03
2020-03-09,sl,101.04
2020-03-10,sl,101.1
2020-03-11,sl,101.21
2020-03-12,sl,101.34
2020-03-13,sl,101.32
2020-03-14,sl,101.08
2020-03-15,sl,100.93
2020-03-16,sl,100.9
2020-03-17,sl,100.49
2020-03-18,sl,100.23
2020-03-19,sl,99.8
2020-03-20,sl,99.32
2020-03-21,sl,98.78
2020-03-22,sl,98.24
2020-03-23,sl,97.4
2020-03-24,sl,96.92
2020-03-25,sl,96.24
2020-03-26,sl,95.48
2020-03-27,sl,94.85
2020-03-28,sl,94.31
2020-03-29,sl,93.75
2020-03-30,sl,93.48
2020-03-31,sl,93.04
2020-04-01,sl,92.6
2020-04-02,sl,92.08
2020-04-03,sl,91.52
2020-04-04,sl,90.71
2020-04-05,sl,89.95
2020-04-06,sl,89.01
2020-04-07,sl,87.98
2020-04-08,sl,86.88
2020-04-09,sl,85.97
2020-04-10,sl,85
2020-04-11,sl,84.42
2020-04-12,sl,83.7
2020-04-13,sl,83.01
2020-04-14,sl,82.72
2020-04-15,sl,82.58
2020-04-16,sl,82.16
2020-04-17,sl,81.97
2020-04-18,sl,81.65
2020-04-19,sl,81.17
2020-04-20,sl,80.83
2020-04-21,sl,80.23
2020-04-22,sl,79.44
2020-04-23,sl,79.19
2020-04-24,sl,78.83
2020-04-25,sl,78.41
2020-04-26,sl,78.38
2020-04-27,sl,78.22
2020-04-28,sl,78.09
2020-04-29,sl,78.17
2020-04-30,sl,77.85
2020-05-01,sl,77.71
2020-05-02,sl,77.69
2020-05-03,sl,77.66
2020-05-04,sl,77.57
2020-05-05,sl,77.48
2020-05-06,sl,77.56
2020-05-07,sl,77.96
2020-05-08,sl,78.29
2020-05-09,sl,78.38
2020-05-10,sl,78.52
2020-05-11,sl,78.68
2020-05-12,sl,78.92
2020-05-13,sl,78.8
2020-05-14,sl,78.55
2020-05-15,sl,78.29
2020-05-16,sl,78.36
2020-05-17,sl,78.08
2020-05-18,sl,78.05
2020-05-19,sl,78.01
2020-05-20,sl,78.17
2020-05-21,sl,78.51
2020-05-22,sl,78.94
2020-05-23,sl,79.24
2020-05-24,sl,79.73
2020-05-25,sl,79.97
2020-05-26,sl,80.42
2020-05-27,sl,80.81
2020-05-28,sl,81.02
2020-05-29,sl,81.06
2020-05-30,sl,81.24
2020-05-31,sl,81.25
2020-06-01,sl,81.57
2020-06-02,sl,81.63
2020-06-03,sl,81.7
2020-06-04,sl,81.68
2020-06-05,sl,81.76
2020-06-06,sl,81.59
2020-06-07,sl,81.68
2020-06-08,sl,81.69
2020-06-09,sl,81.94
2020-06-10,sl,82.08
2020-06-11,sl,82.59
2020-06-12,sl,83.13
2020-06-13,sl,83.73
2020-06-14,sl,84.35
2020-06-15,sl,84.86
2020-06-16,sl,85.02
2020-06-17,sl,85.17
2020-06-18,sl,85.12
2020-06-19,sl,84.96
2020-06-20,sl,85.11
2020-06-21,sl,84.82
2020-06-22,sl,84.56
2020-06-23,sl,84.34
2020-06-24,sl,84.17
2020-06-25,sl,83.74
2020-06-26,sl,83.41
2020-06-27,sl,82.95
2020-06-28,sl,82.7
2020-06-29,sl,82.46
2020-06-30,sl,82.33
2020-07-01,sl,82.29
2020-07-02,sl,82.57
2020-07-03,sl,82.66
2020-07-04,sl,82.89
2020-07-05,sl,83.05
2020-07-06,sl,83.32
2020-07-07,sl,83.44
2020-07-08,sl,83.57
2020-07-09,sl,83.57
2020-07-10,sl,83.9
2020-07-11,sl,83.98
2020-07-12,sl,84.26
2020-07-13,sl,84.37
2020-07-14,sl,85.08
2020-07-15,sl,85.47
2020-07-16,sl,86.01
2020-07-17,sl,86.35
2020-07-18,sl,86.86
2020-07-19,sl,87.16
2020-07-20,sl,87.31
2020-07-21,sl,87.2
2020-07-22,sl,87.18
2020-07-23,sl,87.06
2020-07-24,sl,87.06
2020-07-25,sl,87.2
2020-07-26,sl,87.47
2020-07-27,sl,87.77
2020-07-28,sl,88.13
2020-07-29,sl,88.56
2020-07-30,sl,88.93
2020-07-31,sl,89.3
2020-08-01,sl,89.26
2020-08-02,sl,89.37
2020-08-03,sl,89.55
2020-08-04,sl,89.35
2020-08-05,sl,89.21
2020-08-06,sl,89.28
2020-08-07,sl,89.09
2020-08-08,sl,89
2020-08-09,sl,88.82
2020-08-10,sl,88.71
2020-08-11,sl,88.6
2020-08-12,sl,88.41
2020-08-13,sl,88.36
2020-08-14,sl,88.01
2020-08-15,sl,87.74
2020-08-16,sl,87.83
2020-08-17,sl,87.71
2020-08-18,sl,87.87
2020-08-19,sl,88.1
2020-08-20,sl,88.04
2020-08-21,sl,88.34
2020-08-22,sl,88.52
2020-08-23,sl,88.47
2020-08-24,sl,88.47
2020-08-25,sl,88.33
2020-08-26,sl,88.37
2020-08-27,sl,88.47
2020-08-28,sl,88.71
2020-08-29,sl,89.12
2020-08-30,sl,89.35
2020-08-31,sl,89.78
2020-09-01,sl,90.15
2020-09-02,sl,90.54
2020-09-03,sl,90.75
2020-09-04,sl,90.89
2020-09-05,sl,91.14
2020-09-06,sl,91.36
2020-09-07,sl,91.54
2020-09-08,sl,91.92
2020-09-09,sl,92.18
2020-09-10,sl,92.45
2020-09-11,sl,92.68
2020-09-12,sl,92.68
2020-09-13,sl,92.65
2020-09-14,sl,92.73
2020-09-15,sl,92.89
2020-09-16,sl,93.04
2020-09-17,sl,93.21
2020-09-18,sl,93.62
2020-09-19,sl,93.99
2020-09-20,sl,94.43
2020-09-21,sl,94.64
2020-09-22,sl,94.75
2020-09-23,sl,94.89
2020-09-24,sl,95.33
2020-09-25,sl,95.54
2020-09-26,sl,95.89
2020-09-27,sl,96.15
2020-09-28,sl,96.66
2020-09-29,sl,96.84
2020-09-30,sl,96.96
2020-10-01,sl,96.87
2020-10-02,sl,96.82
2020-10-03,sl,96.87
2020-10-04,sl,97.08
2020-10-05,sl,97.17
2020-10-06,sl,97.43
2020-10-07,sl,97.73
2020-10-08,sl,98.08
2020-10-09,sl,98.38
2020-10-10,sl,98.64
2020-10-11,sl,98.81
2020-10-12,sl,99.03
2020-10-13,sl,99.13
2020-10-14,sl,99.36
2020-10-15,sl,99.55
2020-10-16,sl,99.71
2020-10-17,sl,100.01
2020-10-18,sl,100.21
2020-10-19,sl,100.29
2020-10-20,sl,100.56
2020-10-21,sl,100.68
2020-10-22,sl,100.63
2020-10-23,sl,100.8
2020-10-24,sl,100.58
2020-10-25,sl,100.36
2020-10-26,sl,100.25
2020-10-27,sl,100.16
2020-10-28,sl,100.05
2020-10-29,sl,100.23
2020-10-30,sl,100.21
2020-10-31,sl,100.08
2020-11-01,sl,100.12
2020-11-02,sl,100.1
2020-11-03,sl,100.05
2020-11-04,sl,100.01
2020-11-05,sl,99.81
2020-11-06,sl,99.63
2020-11-07,sl,99.89
2020-11-08,sl,100.11
2020-11-09,sl,100.23
2020-11-10,sl,100.28
2020-11-11,sl,100.46
2020-11-12,sl,100.64
2020-11-13,sl,100.81
2020-11-14,sl,100.79
2020-11-15,sl,100.82
2020-11-16,sl,100.95
2020-11-17,sl,101.1
2020-11-18,sl,101.13
2020-11-19,sl,101.04
2020-11-20,sl,101.03
2020-11-21,sl,100.88
2020-11-22,sl,100.67
2020-11-23,sl,100.42
2020-11-24,sl,100.24
2020-11-25,sl,100.15
2020-11-26,sl,100.12
2020-11-27,sl,100.17
2020-11-28,sl,100.48
2020-11-29,sl,100.75
2020-11-30,sl,100.97
2020-12-01,sl,101.18
2020-12-02,sl,101.41
2020-12-03,sl,101.69
2020-12-04,sl,102.07
2020-12-05,sl,102.41
2020-12-06,sl,102.72
2020-12-07,sl,103.11
2020-12-08,sl,103.47
2020-12-09,sl,103.68
2020-12-10,sl,103.81
2020-12-11,sl,103.65
2020-12-12,sl,103.36
2020-12-13,sl,103.11
2020-12-14,sl,102.89
2020-12-15,sl,102.69
2020-12-16,sl,102.6
2020-12-17,sl,102.46
2020-12-18,sl,102.36
2020-12-19,sl,102.38
2020-12-20,sl,102.49
2020-12-21,sl,102.55
2020-12-22,sl,102.66
2020-12-23,sl,102.59
2020-12-24,sl,102.78
2020-12-25,sl,103.06
2020-12-26,sl,103.1
2020-12-27,sl,103.14
2020-12-28,sl,103.14
2020-12-29,sl,103.17
2020-12-30,sl,103.04
2020-12-31,sl,102.98
2021-01-01,sl,102.86
2021-01-02,sl,102.83
2021-01-03,sl,102.73
2021-01-04,sl,102.65
2021-01-05,sl,102.41
2021-01-06,sl,102.54
2021-01-07,sl,102.55
2021-01-08,sl,102.53
2021-01-09,sl,102.46
2021-01-10,sl,102.21
2021-01-11,sl,102.02
2021-01-12,sl,102.16
2021-01-13,sl,102.21
2021-01-14,sl,102.36
2021-01-15,sl,102.46
2021-01-16,sl,102.65
2021-01-17,sl,103.12
2021-01-18,sl,103.42
2021-01-19,sl,103.46
2021-01-20,sl,103.45
2021-01-21,sl,103.01
2021-01-22,sl,102.6
2021-01-23,sl,102.4
2021-01-24,sl,102.2
2021-01-25,sl,102.03
2021-01-26,sl,101.74
2021-01-27,sl,101.79
2021-01-28,sl,102.12
2021-01-29,sl,102.75
2021-01-30,sl,102.93
2021-01-31,sl,102.88
2021-02-01,sl,103.18
2021-02-02,sl,103.4
2021-02-03,sl,103.28
2021-02-04,sl,102.7
2021-02-05,sl,102.05
2021-02-06,sl,101.54
2021-02-07,sl,101.03
2021-02-08,sl,100.25
2021-02-09,sl,99.88
2021-02-10,sl,99.63
2021-02-11,sl,99.8
2021-02-12,sl,99.74
2021-02-13,sl,99.72
2021-02-14,sl,99.95
2021-02-15,sl,100.12
2021-02-16,sl,100.26
2021-02-17,sl,99.96
2021-02-18,sl,99.63
2021-02-19,sl,99.4
2021-02-20,sl,99.24
2021-02-21,sl,98.95
2021-02-22,sl,98.76
2021-02-23,sl,98.41
2021-02-24,sl,98.31
2021-02-25,sl,98.17
2021-02-26,sl,98.06
2021-02-27,sl,97.83
2021-02-28,sl,97.63
2021-03-01,sl,97.47
2021-03-02,sl,97.24
2021-03-03,sl,97.12
2021-03-04,sl,97.09
2021-03-05,sl,97.02
2021-03-06,sl,97.17
2021-03-07,sl,97.3
2021-03-08,sl,97.38
2021-03-09,sl,97.27
2021-03-10,sl,97.38
2021-03-11,sl,97.75
2021-03-12,sl,98.19
2021-03-13,sl,98.72
2021-03-14,sl,99.37
2021-03-15,sl,100.2
2021-03-16,sl,101.41
2021-03-17,sl,102.39
2021-03-18,sl,103.02
2021-03-19,sl,103.44
2021-03-20,sl,103.82
2021-03-21,sl,104.11
2021-03-22,sl,104.36
2021-03-23,sl,104.36
2021-03-24,sl,104.84
2021-03-25,sl,105.36
2021-03-26,sl,105.68
2021-03-27,sl,105.84
2021-03-28,sl,106.06
2021-03-29,sl,106.05
2021-03-30,sl,106.17
2021-03-31,sl,105.95
2021-04-01,sl,105.71
2021-04-02,sl,105.68
2021-04-03,sl,105.64
2021-04-04,sl,105.22
2021-04-05,sl,105.03
2021-04-06,sl,104.9
2021-04-07,sl,104.46
2021-04-08,sl,103.79
2021-04-09,sl,103.3
2021-04-10,sl,102.84
2021-04-11,sl,102.63
2021-04-12,sl,102.27
2021-04-13,sl,101.55
2021-04-14,sl,101.17
2021-04-15,sl,101.2
2021-04-16,sl,101.14
2021-04-17,sl,101.17
2021-04-18,sl,101.29
2021-04-19,sl,101.31
2021-04-20,sl,101.62
2021-04-21,sl,101.9
2021-04-22,sl,101.83
2021-04-23,sl,101.88
2021-04-24,sl,101.93
2021-04-25,sl,101.76
2021-04-26,sl,101.84
2021-04-27,sl,101.76
2021-04-28,sl,101.56
2021-04-29,sl,101.58
2021-04-30,sl,101.38
2021-05-01,sl,101.2
2021-05-02,sl,101.35
2021-05-03,sl,101.4
2021-05-04,sl,101.46
2021-05-05,sl,101.6
2021-05-06,sl,101.81
2021-05-07,sl,102.37
2021-05-08,sl,103.09
2021-05-09,sl,103.55
2021-05-10,sl,104.13
2021-05-11,sl,104.95
2021-05-12,sl,105.6
2021-05-13,sl,106.17
2021-05-14,sl,106.48
2021-05-15,sl,106.7
2021-05-16,sl,106.96
2021-05-17,sl,106.9
2021-05-18,sl,106.77
2021-05-19,sl,106.91
2021-05-20,sl,107.18
2021-05-21,sl,107.51
2021-05-22,sl,107.56
2021-05-23,sl,107.81
2021-05-24,sl,108.07
2021-05-25,sl,108.31
2021-05-26,sl,108.24
2021-05-27,sl,108.23
2021-05-28,sl,108.33
2021-05-29,sl,108.65
2021-05-30,sl,108.93
2021-05-31,sl,109.34
2021-06-01,sl,110.03
2021-06-02,sl,111.16
2021-06-03,sl,112.1
2021-06-04,sl,112.84
2021-06-05,sl,113.33
2021-06-06,sl,113.95
2021-06-07,sl,114.54
2021-06-08,sl,114.92
2021-06-09,sl,115.21
2021-06-10,sl,115.29
2021-06-11,sl,115.78
2021-06-12,sl,116.4
2021-06-13,sl,116.83
2021-06-14,sl,117.44
2021-06-15,sl,118.15
2021-06-16,sl,118.65
2021-06-17,sl,119.17
2021-06-18,sl,119.39
2021-06-19,sl,119.41
2021-06-20,sl,119.51
2021-06-21,sl,119.25
2021-06-22,sl,118.87
2021-06-23,sl,118.96
2021-06-24,sl,119.17
2021-06-25,sl,119.33
2021-06-26,sl,119.61
2021-06-27,sl,119.8
2021-06-28,sl,120.21
2021-06-29,sl,120.57
2021-06-30,sl,120.48
2021-07-01,sl,120.4
2021-07-02,sl,120.38
2021-07-03,sl,120.61
2021-07-04,sl,120.81
2021-07-05,sl,120.92
2021-07-06,sl,121.19
2021-07-07,sl,121.27
2021-07-08,sl,121.55
2021-07-09,sl,121.74
2021-07-10,sl,121.77
2021-07-11,sl,122.02
2021-07-12,sl,122.29
2021-07-13,sl,122.51
2021-07-14,sl,122.99
2021-07-15,sl,123.27
2021-07-16,sl,123.86
2021-07-17,sl,124.5
2021-07-18,sl,125.14
2021-07-19,sl,125.76
2021-07-20,sl,126.39
2021-07-21,sl,126.87
2021-07-22,sl,127.41
2021-07-23,sl,127.69
2021-07-24,sl,127.9
2021-07-25,sl,128.04
2021-07-26,sl,128.25
2021-07-27,sl,128.25
2021-07-28,sl,128.43
2021-07-29,sl,128.56
2021-07-30,sl,128.96
2021-07-31,sl,129.45
2021-08-01,sl,129.73
2021-08-02,sl,130
2021-08-03,sl,130.25
2021-08-04,sl,130.54
2021-08-05,sl,130.94
2021-08-06,sl,131.27
2021-08-07,sl,131.54
2021-08-08,sl,131.94
2021-08-09,sl,132.34
2021-08-10,sl,132.84
2021-08-11,sl,133.18
2021-08-12,sl,133.49
2021-08-13,sl,133.56
2021-08-14,sl,133.35
2021-08-15,sl,133.13
2021-08-16,sl,133.07
2021-08-17,sl,132.93
2021-08-18,sl,133
2021-08-19,sl,133.09
2021-08-20,sl,133.21
2021-08-21,sl,133.63
2021-08-22,sl,134.07
2021-08-23,sl,134.36
2021-08-24,sl,134.87
2021-08-25,sl,135.22
2021-08-26,sl,135.53
2021-08-27,sl,136.04
2021-08-28,sl,136.51
2021-08-29,sl,137.11
2021-08-30,sl,137.67
2021-08-31,sl,138.09
2021-09-01,sl,138.52
2021-09-02,sl,138.84
2021-09-03,sl,138.89
2021-09-04,sl,139.15
2021-09-05,sl,139.18
2021-09-06,sl,139.24
2021-09-07,sl,139.23
2021-09-08,sl,139.17
2021-09-09,sl,139.33
2021-09-10,sl,139.52
2021-09-11,sl,139.6
2021-09-12,sl,139.75
2021-09-13,sl,139.83
2021-09-14,sl,139.86
2021-09-15,sl,140.15
2021-09-16,sl,140.17
2021-09-17,sl,140.08
2021-09-18,sl,140.18
2021-09-19,sl,140.18
2021-09-20,sl,140.35
2021-09-21,sl,140.67
2021-09-22,sl,140.55
2021-09-23,sl,140.62
2021-09-24,sl,140.69
2021-09-25,sl,140.64
2021-09-26,sl,140.75
2021-09-27,sl,140.68
2021-09-28,sl,140.64
2021-09-29,sl,140.77
2021-09-30,sl,140.89
2021-10-01,sl,141.12
2021-10-02,sl,141.33
2021-10-03,sl,141.47
2021-10-04,sl,141.8
2021-10-05,sl,142.05
2021-10-06,sl,142.44
2021-10-07,sl,142.93
2021-10-08,sl,143.23
2021-10-09,sl,143.67
2021-10-10,sl,143.95
2021-10-11,sl,144.1
2021-10-12,sl,144.26
2021-10-13,sl,144.39
2021-10-14,sl,144.34
2021-10-15,sl,144.41
2021-10-16,sl,144.3
2021-10-17,sl,144.33
2021-10-18,sl,144.22
2021-10-19,sl,144.22
2021-10-20,sl,144.17
2021-10-21,sl,144.33
2021-10-22,sl,144.61
2021-10-23,sl,144.88
2021-10-24,sl,145.15
2021-10-25,sl,145.56
2021-10-26,sl,145.77
2021-10-27,sl,145.93
2021-10-28,sl,146
2021-10-29,sl,146.11
2021-10-30,sl,146.14
2021-10-31,sl,146.2
2021-11-01,sl,146.16
2021-11-02,sl,146.15
2021-11-03,sl,146.16
2021-11-04,sl,146.4
2021-11-05,sl,146.71
2021-11-06,sl,147.13
2021-11-07,sl,147.46
2021-11-08,sl,147.88
2021-11-09,sl,148.65
2021-11-10,sl,149.36
2021-11-11,sl,149.84
2021-11-12,sl,150.37
2021-11-13,sl,150.85
2021-11-14,sl,151.45
2021-11-15,sl,152.27
2021-11-16,sl,152.9
2021-11-17,sl,153.6
2021-11-18,sl,154.26
2021-11-19,sl,154.78
2021-11-20,sl,155.17
2021-11-21,sl,155.47
2021-11-22,sl,155.49
2021-11-23,sl,155.59
2021-11-24,sl,155.78
2021-11-25,sl,155.74
2021-11-26,sl,155.64
2021-11-27,sl,155.71
2021-11-28,sl,155.82
2021-11-29,sl,155.99
2021-11-30,sl,155.91
2021-12-01,sl,155.88
2021-12-02,sl,156.2
2021-12-03,sl,156.44
2021-12-04,sl,156.78
2021-12-05,sl,156.98
2021-12-06,sl,156.9
2021-12-07,sl,157.02
2021-12-08,sl,157.05
2021-12-09,sl,156.71
2021-12-10,sl,156.4
2021-12-11,sl,156.02
2021-12-12,sl,155.76
2021-12-13,sl,155.78
2021-12-14,sl,155.87
2021-12-15,sl,155.59
2021-12-16,sl,155.62
2021-12-17,sl,155.64
2021-12-18,sl,155.71
2021-12-19,sl,156.05
2021-12-20,sl,156.58
2021-12-21,sl,156.77
2021-12-22,sl,157.33
2021-12-23,sl,157.76
2021-12-24,sl,158.35
2021-12-25,sl,158.74
2021-12-26,sl,158.88
2021-12-27,sl,158.97
2021-12-28,sl,159.23
2021-12-29,sl,159.28
2021-12-30,sl,159.47
2021-12-31,sl,159.54
2022-01-01,sl,159.68
2022-01-02,sl,159.7
2022-01-03,sl,159.43
2022-01-04,sl,159.21
2022-01-05,sl,159.29
2022-01-06,sl,159.23
2022-01-07,sl,159.33
2022-01-08,sl,159.57
2022-01-09,sl,159.58
2022-01-10,sl,159.65
2022-01-11,sl,159.63
2022-01-12,sl,159.63
2022-01-13,sl,159.8
2022-01-14,sl,159.72
2022-01-15,sl,159.66
2022-01-16,sl,159.82
2022-01-17,sl,160.08
2022-01-18,sl,160.4
2022-01-19,sl,160.69
2022-01-20,sl,160.72
2022-01-21,sl,160.94
2022-01-22,sl,161.04
2022-01-23,sl,161.08
2022-01-24,sl,161.13
2022-01-25,sl,161.09
2022-01-26,sl,160.98
2022-01-27,sl,160.71
2022-01-28,sl,160.13
2022-01-29,sl,159.16
2022-01-30,sl,158.13
2022-01-31,sl,156.91
2022-02-01,sl,155.76
2022-02-02,sl,155.88
2022-02-03,sl,156.32
2022-02-04,sl,157.11
2022-02-05,sl,158.15
2022-02-06,sl,159.44
2022-02-07,sl,160.67
2022-02-08,sl,161.98
2022-02-09,sl,162.1
2022-02-10,sl,162.11
2022-02-11,sl,162.12
2022-02-12,sl,162.19
2022-02-13,sl,162.2
2022-02-14,sl,162.35
2022-02-15,sl,162.46
2022-02-16,sl,162.34
2022-02-17,sl,162.8
2022-02-18,sl,163.07
2022-02-19,sl,163.37
2022-02-20,sl,163.88
2022-02-21,sl,164.47
2022-02-22,sl,165.03
2022-02-23,sl,165.67
2022-02-24,sl,165.97
2022-02-25,sl,166.38
2022-02-26,sl,166.63
2022-02-27,sl,166.72
2022-02-28,sl,166.6
2022-03-01,sl,166.7
2022-03-02,sl,166.78
2022-03-03,sl,166.75
2022-03-04,sl,166.59
2022-03-05,sl,166.77
2022-03-06,sl,166.91
2022-03-07,sl,167.31
2022-03-08,sl,167.51
2022-03-09,sl,167.66
2022-03-10,sl,167.89
2022-03-11,sl,168.36
2022-03-12,sl,168.7
2022-03-13,sl,169.06
2022-03-14,sl,169.34
2022-03-15,sl,169.54
2022-03-16,sl,169.93
2022-03-17,sl,170.11
2022-03-18,sl,170.19
2022-03-19,sl,170.05
2022-03-20,sl,169.77
2022-03-21,sl,169.91
2022-03-22,sl,170.42
2022-03-23,sl,170.84
2022-03-24,sl,171.5
2022-03-25,sl,172.29
2022-03-26,sl,172.95
2022-03-27,sl,173.88
2022-03-28,sl,174.4
2022-03-29,sl,174.66
2022-03-30,sl,174.95
2022-03-31,sl,175.07
2022-04-01,sl,174.96
2022-04-02,sl,175
2022-04-03,sl,175.15
2022-04-04,sl,175.14
2022-04-05,sl,175.09
2022-04-06,sl,174.94
2022-04-07,sl,174.48
2022-04-08,sl,174.12
2022-04-09,sl,173.42
2022-04-10,sl,172.85
2022-04-11,sl,172.63
2022-04-12,sl,172.25
2022-04-13,sl,172.13
2022-04-14,sl,172.52
2022-04-15,sl,173.12
2022-04-16,sl,173.66
2022-04-17,sl,174.2
2022-04-18,sl,174.28
2022-04-19,sl,174.68
2022-04-20,sl,174.84
2022-04-21,sl,174.58
2022-04-22,sl,173.99
2022-04-23,sl,174.04
2022-04-24,sl,173.61
2022-04-25,sl,173.51
2022-04-26,sl,173.24
2022-04-27,sl,173.14
2022-04-28,sl,173.08
2022-04-29,sl,172.83
2022-04-30,sl,172.58
2022-05-01,sl,172.55
2022-05-02,sl,172.44
2022-05-03,sl,172.33
2022-05-04,sl,172.18
2022-05-05,sl,172.22
2022-05-06,sl,172.53
2022-05-07,sl,172.74
2022-05-08,sl,173.25
2022-05-09,sl,173.84
2022-05-10,sl,174.34
2022-05-11,sl,174.75
2022-05-12,sl,174.99
2022-05-13,sl,175.33
2022-05-14,sl,175.6
2022-05-15,sl,175.57
2022-05-16,sl,175.55
2022-05-17,sl,175.68
2022-05-18,sl,175.81
2022-05-19,sl,176.09
2022-05-20,sl,176.29
2022-05-21,sl,176.5
2022-05-22,sl,176.65
2022-05-23,sl,176.8
2022-05-24,sl,176.94
2022-05-25,sl,177.09
2022-05-26,sl,177.24
2022-05-27,sl,177.39
2022-05-28,sl,177.53
2022-05-29,sl,177.68
2022-05-30,sl,177.83
2022-05-31,sl,178.12
2022-06-01,sl,178.36
2022-06-02,sl,178.12
2022-06-03,sl,178.08
2022-06-04,sl,178.14
2022-06-05,sl,178.2
2022-06-06,sl,178.28
2022-06-07,sl,178.17
2022-06-08,sl,178.23
2022-06-09,sl,178.9
2022-06-10,sl,179.46
2022-06-11,sl,179.89
2022-06-12,sl,180.31
2022-06-13,sl,180.68
2022-06-14,sl,181.51
2022-06-15,sl,182.34
2022-06-16,sl,183.29
2022-06-17,sl,183.33
2022-06-18,sl,183.55
2022-06-19,sl,183.94
2022-06-20,sl,184.07
2022-06-21,sl,183.52
2022-06-22,sl,182.67
2022-06-23,sl,181.61
2022-06-24,sl,181.33
2022-06-25,sl,180.81
2022-06-26,sl,180.17
2022-06-27,sl,179.68
2022-06-28,sl,179.39
2022-06-29,sl,179.3
2022-06-30,sl,179.14
2022-07-01,sl,179
2022-07-02,sl,179.06
2022-07-03,sl,178.97
2022-07-04,sl,178.82
2022-07-05,sl,178.57
2022-07-06,sl,177.98
2022-07-07,sl,177.63
2022-07-08,sl,177.35
2022-07-09,sl,177.01
2022-07-10,sl,176.83
2022-07-11,sl,176.83
2022-07-12,sl,176.96
2022-07-13,sl,177.3
2022-07-14,sl,177.64
2022-07-15,sl,177.69
2022-07-16,sl,177.96
2022-07-17,sl,178.02
2022-07-18,sl,178.07
2022-07-19,sl,178.11
2022-07-20,sl,178.18
2022-07-21,sl,177.98
2022-07-22,sl,178.19
2022-07-23,sl,178.01
2022-07-24,sl,178.13
2022-07-25,sl,178.22
2022-07-26,sl,178.46
2022-07-27,sl,179.06
2022-07-28,sl,179.94
2022-07-29,sl,180.72
2022-07-30,sl,182.02
2022-07-31,sl,183.24
2022-08-01,sl,184.19
2022-08-02,sl,184.94
2022-08-03,sl,185.78
2022-08-04,sl,185.78
2022-08-05,sl,185.83
2022-08-06,sl,185.19
2022-08-07,sl,184.54
2022-08-08,sl,183.99
2022-08-09,sl,183.76
2022-08-10,sl,182.88
2022-08-11,sl,182.76
2022-08-12,sl,182.51
2022-08-13,sl,182.16
2022-08-14,sl,182.32
2022-08-15,sl,182.52
2022-08-16,sl,182.6
2022-08-17,sl,182.96
2022-08-18,sl,183.03
2022-08-19,sl,183.18
2022-08-20,sl,183.54
2022-08-21,sl,183.43
2022-08-22,sl,183.15
2022-08-23,sl,183
2022-08-24,sl,182.82
2022-08-25,sl,182.86
2022-08-26,sl,182.78
2022-08-27,sl,182.9
2022-08-28,sl,182.81
2022-08-29,sl,182.69
2022-08-30,sl,182.48
2022-08-31,sl,182.42
2022-09-01,sl,181.99
2022-09-02,sl,181.56
2022-09-03,sl,181.25
2022-09-04,sl,180.87
2022-09-05,sl,181.05
2022-09-06,sl,180.86
2022-09-07,sl,180.53
2022-09-08,sl,180.66
2022-09-09,sl,180.68
2022-09-10,sl,180.77
2022-09-11,sl,180.94
2022-09-12,sl,180.79
2022-09-13,sl,180.74
2022-09-14,sl,180.73
2022-09-15,sl,180.02
2022-09-16,sl,179.82
2022-09-17,sl,179.49
2022-09-18,sl,178.86
2022-09-19,sl,178.49
2022-09-20,sl,177.94
2022-09-21,sl,177.66
2022-09-22,sl,178.14
2022-09-23,sl,178.29
2022-09-24,sl,178.37
2022-09-25,sl,178.74
2022-09-26,sl,178.83
2022-09-27,sl,179.42
2022-09-28,sl,179.46
2022-09-29,sl,179.44
2022-09-30,sl,179.3
2022-10-01,sl,179.34
2022-10-02,sl,179.37
2022-10-03,sl,179.59
2022-10-04,sl,179.31
2022-10-05,sl,179.13
2022-10-06,sl,178.78
2022-10-07,sl,178.4
2022-10-08,sl,178
2022-10-09,sl,177.75
2022-10-10,sl,177.34
2022-10-11,sl,177.33
2022-10-12,sl,177.61
2022-10-13,sl,177.79
2022-10-14,sl,178.12
2022-10-15,sl,178.37
2022-10-16,sl,178.67
2022-10-17,sl,178.84
2022-10-18,sl,179.3
2022-10-19,sl,179.55
2022-10-20,sl,179.93
2022-10-21,sl,180.44
2022-10-22,sl,180.53
2022-10-23,sl,181.02
2022-10-24,sl,181.59
2022-10-25,sl,181.96
2022-10-26,sl,182.23
2022-10-27,sl,182.97
2022-10-28,sl,183.44
2022-10-29,sl,183.69
2022-10-30,sl,183.95
2022-10-31,sl,184.32
2022-11-01,sl,184.73
2022-11-02,sl,185.08
2022-11-03,sl,185.13
2022-11-04,sl,185.11
2022-11-05,sl,185.82
2022-11-06,sl,186.16
2022-11-07,sl,186.45
2022-11-08,sl,186.4
2022-11-09,sl,186.78
2022-11-10,sl,187.1
2022-11-11,sl,187.33
2022-11-12,sl,188.15
2022-11-13,sl,188.75
2022-11-14,sl,189.29
2022-11-15,sl,190.31
2022-11-16,sl,191.42
2022-11-17,sl,192.29
2022-11-18,sl,193.27
2022-11-19,sl,193.65
2022-11-20,sl,193.85
2022-11-21,sl,193.95
2022-11-22,sl,193.88
2022-11-23,sl,193.26
2022-11-24,sl,193.22
2022-11-25,sl,193.19
2022-11-26,sl,193.33
2022-11-27,sl,193.53
2022-11-28,sl,193.91
2022-11-29,sl,194.23
2022-11-30,sl,194.61
2022-12-01,sl,194.76
2022-12-02,sl,195.08
2022-12-03,sl,195.34
2022-12-04,sl,195.92
2022-12-05,sl,196.05
2022-12-06,sl,195.8
2022-12-07,sl,195.57
2022-12-08,sl,194.97
2022-12-09,sl,194.56
2022-12-10,sl,193.86
2022-12-11,sl,192.88
2022-12-12,sl,192.36
2022-12-13,sl,192.34
2022-12-14,sl,192.33
2022-12-15,sl,192.1
2022-12-16,sl,191.94
2022-12-17,sl,191.57
2022-12-18,sl,191.33
2022-12-19,sl,191.05
2022-12-20,sl,190.76
2022-12-21,sl,190.53
2022-12-22,sl,190.5
2022-12-23,sl,190.13
2022-12-24,sl,190.34
2022-12-25,sl,190.54
2022-12-26,sl,190.74
2022-12-27,sl,190.09
2022-12-28,sl,189.82
2022-12-29,sl,189.63
2022-12-30,sl,189.51
2022-12-31,sl,189.42
2023-01-01,sl,189.1
2023-01-02,sl,188.55
2023-01-03,sl,188.71
2023-01-04,sl,188.38
2023-01-05,sl,187.96
2023-01-06,sl,187.78
2023-01-07,sl,187.37
2023-01-08,sl,187.21
2023-01-09,sl,187.22
2023-01-10,sl,187.26
2023-01-11,sl,187.34
2023-01-12,sl,187.73
2023-01-13,sl,188.13
2023-01-14,sl,188.22
2023-01-15,sl,188.64
2023-01-16,sl,189.07
2023-01-17,sl,189.14
2023-01-18,sl,189.49
2023-01-19,sl,189.57
2023-01-20,sl,189.39
2023-01-21,sl,189.65
2023-01-22,sl,189.65
2023-01-23,sl,189.45
2023-01-24,sl,189.75
2023-01-25,sl,189.75
2023-01-26,sl,189.88
2023-01-27,sl,189.93
2023-01-28,sl,189.99
2023-01-29,sl,190.55
2023-01-30,sl,190.93
2023-01-31,sl,190.92
2023-02-01,sl,191.11
2023-02-02,sl,191.12
2023-02-03,sl,191.14
2023-02-04,sl,192.02
2023-02-05,sl,192.39
2023-02-06,sl,193.03
2023-02-07,sl,193.69
2023-02-08,sl,193.87
2023-02-09,sl,194.48
2023-02-10,sl,195.3
2023-02-11,sl,195.34
2023-02-12,sl,195
2023-02-13,sl,194.49
2023-02-14,sl,194.32
2023-02-15,sl,194.04
2023-02-16,sl,193.13
2023-02-17,sl,191.77
2023-02-18,sl,189.88
2023-02-19,sl,188.41
2023-02-20,sl,187.28
2023-02-21,sl,185.98
2023-02-22,sl,185.44
2023-02-23,sl,185.28
2023-02-24,sl,185.18
2023-02-25,sl,185.64
2023-02-26,sl,185.69
2023-02-27,sl,185.64
2023-02-28,sl,185.51
2023-03-01,sl,184.92
2023-03-02,sl,184.64
2023-03-03,sl,184.19
2023-03-04,sl,183.7
2023-03-05,sl,183.49
2023-03-06,sl,183.22
2023-03-07,sl,183.11
2023-03-08,sl,183.27
2023-03-09,sl,183.14
2023-03-10,sl,183.73
2023-03-11,sl,184.46
2023-03-12,sl,185.01
2023-03-13,sl,185.38
2023-03-14,sl,185.52
2023-03-15,sl,185.74
2023-03-16,sl,185.75
2023-03-17,sl,185.5
2023-03-18,sl,184.84
2023-03-19,sl,184.43
2023-03-20,sl,184.44
2023-03-21,sl,184.44
2023-03-22,sl,184.35
2023-03-23,sl,184.53
2023-03-24,sl,184.7
2023-03-25,sl,184.88
2023-03-26,sl,184.97
2023-03-27,sl,184.8
2023-03-28,sl,184.59
2023-03-29,sl,184.44
2023-03-30,sl,184.24
2023-03-31,sl,183.98
2023-04-01,sl,183.72
2023-04-02,sl,183.5
2023-04-03,sl,183.52
2023-04-04,sl,183.47
2023-04-05,sl,183.72
2023-04-06,sl,183.72
2023-04-07,sl,183.94
2023-04-08,sl,183.89
2023-04-09,sl,183.91
2023-04-10,sl,183.98
2023-04-11,sl,184.1
2023-04-12,sl,183.83
2023-04-13,sl,183.4
2023-04-14,sl,182.9
2023-04-15,sl,182.37
2023-04-16,sl,182.07
2023-04-17,sl,181.53
2023-04-18,sl,181.07
2023-04-19,sl,180.64
2023-04-20,sl,180.8
2023-04-21,sl,180.71
2023-04-22,sl,180.72
2023-04-23,sl,180.68
2023-04-24,sl,180.85
2023-04-25,sl,180.95
2023-04-26,sl,181.07
2023-04-27,sl,180.76
2023-04-28,sl,180.74
2023-04-29,sl,181.18
2023-04-30,sl,181.32
2023-05-01,sl,181.35
2023-05-02,sl,181.41
2023-05-03,sl,181.37
2023-05-04,sl,181.51
2023-05-05,sl,181.24
2023-05-06,sl,180.83
2023-05-07,sl,180.58
2023-05-08,sl,180.06
2023-05-09,sl,179.66
2023-05-10,sl,179.48
2023-05-11,sl,179.23
2023-05-12,sl,179.08
2023-05-13,sl,178.87
2023-05-14,sl,178.61
2023-05-15,sl,178.53
2023-05-16,sl,178.54
2023-05-17,sl,178.65
2023-05-18,sl,179.1
2023-05-19,sl,179.44
2023-05-20,sl,179.64
2023-05-21,sl,179.83
2023-05-22,sl,180.15
2023-05-23,sl,180.27
2023-05-24,sl,180.24
2023-05-25,sl,180.01
2023-05-26,sl,180.07
2023-05-27,sl,179.93
2023-05-28,sl,179.79
2023-05-29,sl,179.86
2023-05-30,sl,179.78
2023-05-31,sl,179.7
2023-06-01,sl,179.55
2023-06-02,sl,179.55
2023-06-03,sl,179.84
2023-06-04,sl,179.9
2023-06-05,sl,179.85
2023-06-06,sl,179.94
2023-06-07,sl,179.88
2023-06-08,sl,179.92
2023-06-09,sl,179.73
2023-06-10,sl,179.35
2023-06-11,sl,179.29
2023-06-12,sl,178.9
2023-06-13,sl,178.83
2023-06-14,sl,179.03
2023-06-15,sl,179.31
2023-06-16,sl,179.62
2023-06-17,sl,179.92
2023-06-18,sl,180.21
2023-06-19,sl,180.65
2023-06-20,sl,181
2023-06-21,sl,181
2023-06-22,sl,180.82
2023-06-23,sl,180.7
2023-06-24,sl,180.81
2023-06-25,sl,180.72
2023-06-26,sl,180.68
2023-06-27,sl,180.45
2023-06-28,sl,180.5
2023-06-29,sl,180.66
2023-06-30,sl,180.56
2023-07-01,sl,180.3
2023-07-02,sl,180.21
2023-07-03,sl,180.15
2023-07-04,sl,180.11
2023-07-05,sl,180
2023-07-06,sl,180.2
2023-07-07,sl,180.44
2023-07-08,sl,180.9
2023-07-09,sl,181.27
2023-07-10,sl,181.5
2023-07-11,sl,181.85
2023-07-12,sl,182.28
2023-07-13,sl,182.58
2023-07-14,sl,183.12
2023-07-15,sl,183.22
2023-07-16,sl,183.61
2023-07-17,sl,183.95
2023-07-18,sl,184.08
2023-07-19,sl,184.1
2023-07-20,sl,183.85
2023-07-21,sl,183.33
2023-07-22,sl,182.84
2023-07-23,sl,182.6
2023-07-24,sl,182.19
2023-07-25,sl,181.91
2023-07-26,sl,181.7
2023-07-27,sl,181.58
2023-07-28,sl,181.73
2023-07-29,sl,182.25
2023-07-30,sl,182.41
2023-07-31,sl,182.85
2023-08-01,sl,182.95
2023-08-02,sl,183.08
2023-08-03,sl,183.08
2023-08-04,sl,182.84
2023-08-05,sl,182.45
2023-08-06,sl,182.03
2023-08-07,sl,181.69
2023-08-08,sl,181.74
2023-08-09,sl,181.78
2023-08-10,sl,181.62
2023-08-11,sl,181.41
2023-08-12,sl,181.16
2023-08-13,sl,180.75
2023-08-14,sl,180.46
2023-08-15,sl,180.08
2023-08-16,sl,179.7
2023-08-17,sl,179.65
2023-08-18,sl,179.5
2023-08-19,sl,179.29
2023-08-20,sl,179.37
2023-08-21,sl,179.4
2023-08-22,sl,179.36
2023-08-23,sl,179.38
2023-08-24,sl,178.73
2023-08-25,sl,178.33
2023-08-26,sl,178
2023-08-27,sl,177.18
2023-08-28,sl,176.37
2023-08-29,sl,175.45
2023-08-30,sl,174.25
2023-08-31,sl,173.83
2023-09-01,sl,173.18
2023-09-02,sl,172.94
2023-09-03,sl,172.89
2023-09-04,sl,172.81
2023-09-05,sl,172.77
2023-09-06,sl,173.19
2023-09-07,sl,173.56
2023-09-08,sl,174.01
2023-09-09,sl,174.4
2023-09-10,sl,174.74
2023-09-11,sl,175.09
2023-09-12,sl,175.84
2023-09-13,sl,176.53
2023-09-14,sl,176.84
2023-09-15,sl,177.81
2023-09-16,sl,178.52
2023-09-17,sl,179.21
2023-09-18,sl,179.96
2023-09-19,sl,180.25
2023-09-20,sl,180.58
2023-09-21,sl,181.1
2023-09-22,sl,180.94
2023-09-23,sl,180.71
2023-09-24,sl,180.14
2023-09-25,sl,179.84
2023-09-26,sl,179.94
2023-09-27,sl,179.48
2023-09-28,sl,179.21
2023-09-29,sl,178.93
2023-09-30,sl,178.46
2023-10-01,sl,178.34
2023-10-02,sl,177.88
2023-10-03,sl,177.05
2023-10-04,sl,176.55
2023-10-05,sl,175.88
2023-10-06,sl,175.34
2023-10-07,sl,174.93
2023-10-08,sl,174.69
2023-10-09,sl,174.31
2023-10-10,sl,174.3
2023-10-11,sl,174.38
2023-10-12,sl,174.33
2023-10-13,sl,174.16
2023-10-14,sl,174.29
2023-10-15,sl,174.39
2023-10-16,sl,174.47
2023-10-17,sl,173.83
2023-10-18,sl,172.93
2023-10-19,sl,172.21
2023-10-20,sl,171.65
2023-10-21,sl,170.66
2023-10-22,sl,169.89
2023-10-23,sl,169
2023-10-24,sl,168.71
2023-10-25,sl,168.51
2023-10-26,sl,168.38
2023-10-27,sl,168.02
2023-10-28,sl,168.16
2023-10-29,sl,168.05
2023-10-30,sl,168.05
2023-10-31,sl,168.02
2023-11-01,sl,168.21
2023-11-02,sl,168.36
2023-11-03,sl,168.6
2023-11-04,sl,168.65
2023-11-05,sl,168.75
2023-11-06,sl,168.97
2023-11-07,sl,169.01
2023-11-08,sl,168.92
2023-11-09,sl,168.64
2023-11-10,sl,168.51
2023-11-11,sl,168.48
2023-11-12,sl,168.28
2023-11-13,sl,168.19
2023-11-14,sl,168.08
2023-11-15,sl,167.94
2023-11-16,sl,167.97
2023-11-17,sl,168.04
2023-11-18,sl,168.04
2023-11-19,sl,168.15
2023-11-20,sl,168.15
2023-11-21,sl,168.24
2023-11-22,sl,168.42
2023-11-23,sl,168.35
2023-11-24,sl,168.5
2023-11-25,sl,168.58
2023-11-26,sl,168.74
2023-11-27,sl,168.79
2023-11-28,sl,168.83
2023-11-29,sl,168.71
2023-11-30,sl,168.7
2023-12-01,sl,168.56
2023-12-02,sl,168.48
2023-12-03,sl,168.2
2023-12-04,sl,167.87
2023-12-05,sl,167.6
2023-12-06,sl,167.35
2023-12-07,sl,167.36
2023-12-08,sl,167.16
2023-12-09,sl,167.11
2023-12-10,sl,167.11
2023-12-11,sl,167.32
2023-12-12,sl,167.45
2023-12-13,sl,167.7
2023-12-14,sl,167.81
2023-12-15,sl,167.7
2023-12-16,sl,167.5
2023-12-17,sl,167.35
2023-12-18,sl,167.01
2023-12-19,sl,166.61
2023-12-20,sl,166.23
2023-12-21,sl,165.83
2023-12-22,sl,165.68
2023-12-23,sl,165.37
2023-12-24,sl,165.06
2023-12-25,sl,165
2023-12-26,sl,164.94
2023-12-27,sl,164.79
2023-12-28,sl,164.49
2023-12-29,sl,164.29
2023-12-30,sl,164.25
2023-12-31,sl,164.2
2024-01-01,sl,163.91
2024-01-02,sl,163.76
2024-01-03,sl,163.48
2024-01-04,sl,163.53
2024-01-05,sl,163.53
2024-01-06,sl,163.72
2024-01-07,sl,163.77
2024-01-08,sl,163.73
2024-01-09,sl,163.86
2024-01-10,sl,164.25
2024-01-11,sl,164.58
2024-01-12,sl,164.7
2024-01-13,sl,164.48
2024-01-14,sl,164.54
2024-01-15,sl,164.66
2024-01-16,sl,164.51
2024-01-17,sl,164.12
2024-01-18,sl,163.44
2024-01-19,sl,163.02
2024-01-20,sl,162.82
2024-01-21,sl,162.44
2024-01-22,sl,162.09
2024-01-23,sl,161.96
2024-01-24,sl,162.05
2024-01-25,sl,162.34
2024-01-26,sl,162.55
2024-01-27,sl,162.83
2024-01-28,sl,163.26
2024-01-29,sl,163.82
2024-01-30,sl,164.19
2024-01-31,sl,164.22
2024-02-01,sl,164.17
2024-02-02,sl,163.92
2024-02-03,sl,163.53
2024-02-04,sl,163.07
2024-02-05,sl,162.4
2024-02-06,sl,161.77
2024-02-07,sl,161.33
2024-02-08,sl,161.19
2024-02-09,sl,160.99
2024-02-10,sl,160.8
2024-02-11,sl,160.48
2024-02-12,sl,160.35
2024-02-13,sl,160.34
2024-02-14,sl,160.26
2024-02-15,sl,160
2024-02-16,sl,159.83
2024-02-17,sl,159.37
2024-02-18,sl,159.22
2024-02-19,sl,159.04
2024-02-20,sl,158.66
2024-02-21,sl,158.26
2024-02-22,sl,157.94
2024-02-23,sl,157.78
2024-02-24,sl,157.73
2024-02-25,sl,157.19
2024-02-26,sl,156.87
2024-02-27,sl,156.77
2024-02-28,sl,157.04
2024-02-29,sl,157.34
2024-03-01,sl,157.47
2024-03-02,sl,157.51
2024-03-03,sl,158.05
2024-03-04,sl,158.36
2024-03-05,sl,158.67
2024-03-06,sl,158.49
2024-03-07,sl,158.18
2024-03-08,sl,158.34
2024-03-09,sl,158.84
2024-03-10,sl,158.89
2024-03-11,sl,158.93
2024-03-12,sl,158.98
2024-03-13,sl,159.31
2024-03-14,sl,159.97
2024-03-15,sl,160.13
2024-03-16,sl,160.27
2024-03-17,sl,160.68
2024-03-18,sl,161.09
2024-03-19,sl,161.35
2024-03-20,sl,161.69
2024-03-21,sl,161.83
2024-03-22,sl,162.29
2024-03-23,sl,162.55
2024-03-24,sl,162.73
2024-03-25,sl,163.16
2024-03-26,sl,163.33
2024-03-27,sl,163.38
2024-03-28,sl,163.33
2024-03-29,sl,163.03
2024-03-30,sl,162.79
2024-03-31,sl,162.48
2024-04-01,sl,162.16
2024-04-02,sl,161.74
2024-04-03,sl,161.38
2024-04-04,sl,160.88
2024-04-05,sl,160.31
2024-04-06,sl,159.79
2024-04-07,sl,159.31
2024-04-08,sl,158.77
2024-04-09,sl,158.67
2024-04-10,sl,158.5
2024-04-11,sl,158.58
2024-04-12,sl,158.86
2024-04-13,sl,159.11
2024-04-14,sl,159.34
2024-04-15,sl,159.77
2024-04-16,sl,159.87
2024-04-17,sl,160.17
2024-04-18,sl,160.24
2024-04-19,sl,160.08
2024-04-20,sl,159.76
2024-04-21,sl,159.63
2024-04-22,sl,159.17
2024-04-23,sl,159.07
2024-04-24,sl,158.59
2024-04-25,sl,158.13
2024-04-26,sl,158.12
2024-04-27,sl,158.24
2024-04-28,sl,158.11
2024-04-29,sl,158.03
2024-04-30,sl,157.79
2024-05-01,sl,157.86
2024-05-02,sl,157.81
2024-05-03,sl,157.63
2024-05-04,sl,157.33
2024-05-05,sl,157.18
2024-05-06,sl,157.05
2024-05-07,sl,156.98
2024-05-08,sl,156.52
2024-05-09,sl,156.25
2024-05-10,sl,155.84
2024-05-11,sl,155.67
2024-05-12,sl,155.41
2024-05-13,sl,155.03
2024-05-14,sl,154.71
2024-05-15,sl,154.65
2024-05-16,sl,154.65
2024-05-17,sl,154.57
2024-05-18,sl,154.17
2024-05-19,sl,153.97
2024-05-20,sl,153.96
2024-05-21,sl,153.69
2024-05-22,sl,153.41
2024-05-23,sl,153.18
2024-05-24,sl,153.12
2024-05-25,sl,153.36
2024-05-26,sl,153.3
2024-05-27,sl,153.19
2024-05-28,sl,153.26
2024-05-29,sl,153.38
2024-05-30,sl,153.28
2024-05-31,sl,153.06
2024-06-01,sl,152.82
2024-06-02,sl,152.69
2024-06-03,sl,152.43
2024-06-04,sl,152.31
2024-06-05,sl,152.13
2024-06-06,sl,151.92
2024-06-07,sl,151.92
2024-06-08,sl,151.91
2024-06-09,sl,151.79
2024-06-10,sl,151.89
2024-06-11,sl,151.99
2024-06-12,sl,152.21
2024-06-13,sl,152.32
2024-06-14,sl,152.39
2024-06-15,sl,152.3
2024-06-16,sl,152.41
2024-06-17,sl,152.29
2024-06-18,sl,151.87
2024-06-19,sl,151.51
2024-06-20,sl,151.36
2024-06-21,sl,151.14
2024-06-22,sl,151.02
2024-06-23,sl,150.92
2024-06-24,sl,150.89
2024-06-25,sl,150.99
2024-06-26,sl,151.24
2024-06-27,sl,151.48
2024-06-28,sl,151.66
2024-06-29,sl,151.86
2024-06-30,sl,152.04
2024-07-01,sl,152.21
2024-07-02,sl,152.32
2024-07-03,sl,152.29
2024-07-04,sl,152.26
2024-07-05,sl,152.32
2024-07-06,sl,152.48
2024-07-07,sl,152.53
2024-07-08,sl,152.45
2024-07-09,sl,152.44
2024-07-10,sl,152.24
2024-07-11,sl,152.02
2024-07-12,sl,151.58
2024-07-13,sl,151.14
2024-07-14,sl,150.84
2024-07-15,sl,150.64
2024-07-16,sl,150.46
2024-07-17,sl,150.47
2024-07-18,sl,150.16
2024-07-19,sl,150.19
2024-07-20,sl,150.04
2024-07-21,sl,149.82
2024-07-22,sl,149.62
2024-07-23,sl,149.34
2024-07-24,sl,149
2024-07-25,sl,148.9
2024-07-26,sl,148.38
2024-07-27,sl,147.91
2024-07-28,sl,147.56
2024-07-29,sl,147.17
2024-07-30,sl,146.8
2024-07-31,sl,146.23
2024-08-01,sl,145.76
2024-08-02,sl,145.69
2024-08-03,sl,145.89
2024-08-04,sl,145.85
2024-08-05,sl,145.72
2024-08-06,sl,145.69
2024-08-07,sl,145.72
2024-08-08,sl,145.77
2024-08-09,sl,145.53
2024-08-10,sl,145.2
2024-08-11,sl,144.96
2024-08-12,sl,144.78
2024-08-13,sl,144.96
2024-08-14,sl,144.9
2024-08-15,sl,144.88
2024-08-16,sl,144.78
2024-08-17,sl,144.62
2024-08-18,sl,144.48
2024-08-19,sl,144.51
2024-08-20,sl,144.12
2024-08-21,sl,143.92
2024-08-22,sl,143.7
2024-08-23,sl,143.6
2024-08-24,sl,143.49
2024-08-25,sl,143.33
2024-08-26,sl,142.97
2024-08-27,sl,142.92
2024-08-28,sl,142.89
2024-08-29,sl,142.99
2024-08-30,sl,142.94
2024-08-31,sl,142.9
2024-09-01,sl,143.22
2024-09-02,sl,143.66
2024-09-03,sl,143.63
2024-09-04,sl,143.75
2024-09-05,sl,143.6
2024-09-06,sl,143.73
2024-09-07,sl,143.74
2024-09-08,sl,143.35
2024-09-09,sl,142.77
2024-09-10,sl,142.39
2024-09-11,sl,141.75
2024-09-12,sl,141.32
2024-09-13,sl,140.97
2024-09-14,sl,140.56
2024-09-15,sl,140.47
2024-09-16,sl,140.49
2024-09-17,sl,140.48
2024-09-18,sl,140.73
2024-09-19,sl,140.92
2024-09-20,sl,141.17
2024-09-21,sl,141.32
2024-09-22,sl,141.27
2024-09-23,sl,141.11
2024-09-24,sl,141.04
2024-09-25,sl,140.77
2024-09-26,sl,140.53
2024-09-27,sl,140.07
2024-09-28,sl,139.69
2024-09-29,sl,139.61
2024-09-30,sl,139.71
2024-10-01,sl,139.57
2024-10-02,sl,139.18
2024-10-03,sl,139.15
2024-10-04,sl,139.22
2024-10-05,sl,139.35
2024-10-06,sl,139.12
2024-10-07,sl,139.03
2024-10-08,sl,138.93
2024-10-09,sl,139.28
2024-10-10,sl,139.23
2024-10-11,sl,139.24
2024-10-12,sl,139.25
2024-10-13,sl,139.25
2024-10-14,sl,139.04
2024-10-15,sl,139.08
2024-10-16,sl,139.17
2024-10-17,sl,139.39
2024-10-18,sl,139.54
2024-10-19,sl,139.77
2024-10-20,sl,140.04
2024-10-21,sl,140.35
2024-10-22,sl,140.77
2024-10-23,sl,140.91
2024-10-24,sl,140.72
2024-10-25,sl,140.55
2024-10-26,sl,140.1
2024-10-27,sl,139.73
2024-10-28,sl,139.33
2024-10-29,sl,138.79
2024-10-30,sl,138.11
2024-10-31,sl,137.52
2024-11-01,sl,137.06
2024-11-02,sl,136.65
2024-11-03,sl,136.23
2024-11-04,sl,135.89
2024-11-05,sl,135.39
2024-11-06,sl,135.17
2024-11-07,sl,134.9
2024-11-08,sl,134.74
2024-11-09,sl,134.77
2024-11-10,sl,134.8
2024-11-11,sl,134.86
2024-11-12,sl,135.09
2024-11-13,sl,135.29
2024-11-14,sl,135.61
2024-11-15,sl,135.86
2024-11-16,sl,136.27
2024-11-17,sl,136.51
2024-11-18,sl,136.76
2024-11-19,sl,137.02
2024-11-20,sl,137.37
2024-11-21,sl,137.58
2024-11-22,sl,137.36
2024-11-23,sl,137.12
2024-11-24,sl,137.15
2024-11-25,sl,137.1
2024-11-26,sl,137.14
2024-11-27,sl,137.09
2024-11-28,sl,136.94
2024-11-29,sl,137.18
2024-11-30,sl,137.59
2024-12-01,sl,137.73
2024-12-02,sl,137.85
2024-12-03,sl,137.87
2024-12-04,sl,137.99
2024-12-05,sl,138.42
2024-12-06,sl,138.76
2024-12-07,sl,138.68
2024-12-08,sl,138.76
2024-12-09,sl,138.93
2024-12-10,sl,139.06
2024-12-11,sl,139.26
2024-12-12,sl,139.38
2024-12-13,sl,139.59
2024-12-14,sl,139.8
2024-12-15,sl,140.1
2024-12-16,sl,140.32
2024-12-17,sl,140.13
2024-12-18,sl,140.04
2024-12-19,sl,139.66
2024-12-20,sl,139.23
2024-12-21,sl,138.87
2024-12-22,sl,138.37
2024-12-23,sl,138.01
2024-12-24,sl,137.97
2024-12-25,sl,137.79
2024-12-26,sl,137.97
2024-12-27,sl,137.92
2024-12-28,sl,138
2024-12-29,sl,138.11
2024-12-30,sl,138.23
2024-12-31,sl,138.5
2025-01-01,sl,138.69
2025-01-02,sl,138.61
2025-01-03,sl,138.79
2025-01-04,sl,138.93
2025-01-05,sl,139.01
2025-01-06,sl,138.67
2025-01-07,sl,138.12
2025-01-08,sl,137.96
2025-01-09,sl,137.95
2025-01-10,sl,137.57
2025-01-11,sl,137.17
2025-01-12,sl,136.64
2025-01-13,sl,136.59
2025-01-14,sl,136.46
2025-01-15,sl,136.09
2025-01-16,sl,135.73
2025-01-17,sl,135.79
2025-01-18,sl,136.1
2025-01-19,sl,136.47
2025-01-20,sl,136.71
2025-01-21,sl,137.05
2025-01-22,sl,137.48
2025-01-23,sl,137.91
2025-01-24,sl,138.15
2025-01-25,sl,138.11
2025-01-26,sl,138.12
2025-01-27,sl,138.05
2025-01-28,sl,138.22
2025-01-29,sl,138.35
2025-01-30,sl,138.67
2025-01-31,sl,139.07
2025-02-01,sl,139.49
2025-02-02,sl,139.89
2025-02-03,sl,140.42
2025-02-04,sl,140.82
2025-02-05,sl,141.26
2025-02-06,sl,141.47
2025-02-07,sl,141.39
2025-02-08,sl,141.32
2025-02-09,sl,141.36
2025-02-10,sl,141.39
2025-02-11,sl,141.45
2025-02-12,sl,141.32
2025-02-13,sl,140.93
2025-02-14,sl,140.93
2025-02-15,sl,140.72
2025-02-16,sl,140.73
2025-02-17,sl,140.43
2025-02-18,sl,140.04
2025-02-19,sl,139.58
2025-02-20,sl,139.51
2025-02-21,sl,139.19
2025-02-22,sl,139.05
2025-02-23,sl,138.57
2025-02-24,sl,138.38
2025-02-25,sl,138.41
2025-02-26,sl,138.56
2025-02-27,sl,138.69
2025-02-28,sl,139.05
2025-03-01,sl,139.27
2025-03-02,sl,139.68
2025-03-03,sl,140.05
2025-03-04,sl,140.18
2025-03-05,sl,140.13
2025-03-06,sl,140.17
2025-03-07,sl,140
2025-03-08,sl,139.78
2025-03-09,sl,139.46
2025-03-10,sl,139.03
2025-03-11,sl,138.49
2025-03-12,sl,137.79
2025-03-13,sl,137.07
2025-03-14,sl,136.37
2025-03-15,sl,135.94
2025-03-16,sl,135.56
2025-03-17,sl,135.41
2025-03-18,sl,135.35
2025-03-19,sl,135.64
2025-03-20,sl,135.85
2025-03-21,sl,136.04
2025-03-22,sl,136.03
2025-03-23,sl,135.96
2025-03-24,sl,135.94
2025-03-25,sl,135.84
2025-03-26,sl,135.55
2025-03-27,sl,135.3
2025-03-28,sl,135.09
2025-03-29,sl,135.09
2025-03-30,sl,135.15
2025-03-31,sl,134.94
2025-04-01,sl,134.86
2025-04-02,sl,134.81
2025-04-03,sl,134.73
2025-04-04,sl,134.61
2025-04-05,sl,134.3
2025-04-06,sl,133.92
2025-04-07,sl,133.5
2025-04-08,sl,133.08
2025-04-09,sl,133.03
2025-04-10,sl,132.36
2025-04-11,sl,131.89
2025-04-12,sl,131.65
2025-04-13,sl,131.5
2025-04-14,sl,131.42
2025-04-15,sl,130.98
2025-04-16,sl,130.34
2025-04-17,sl,130.33
2025-04-18,sl,129.89
2025-04-19,sl,129.25
2025-04-20,sl,128.64
2025-04-21,sl,128.02
2025-04-22,sl,127.43
2025-04-23,sl,126.89
2025-04-24,sl,126.31
2025-04-25,sl,125.93
2025-04-26,sl,125.93
2025-04-27,sl,125.59
2025-04-28,sl,125.16
2025-04-29,sl,125.12
2025-04-30,sl,124.87
2025-05-01,sl,124.67
2025-05-02,sl,124.71
2025-05-03,sl,124.56
2025-05-04,sl,124.6
2025-05-05,sl,124.78
2025-05-06,sl,124.93
2025-05-07,sl,125.25
2025-05-08,sl,125.86
2025-05-09,sl,126.4
2025-05-10,sl,127.03
2025-05-11,sl,127.32
2025-05-12,sl,127.53
2025-05-13,sl,127.7
2025-05-14,sl,127.73
2025-05-15,sl,127.54
2025-05-16,sl,127.46
2025-05-17,sl,126.96
2025-05-18,sl,127.12
2025-05-19,sl,127.43
2025-05-20,sl,127.82
2025-05-21,sl,128.42
2025-05-22,sl,128.76
2025-05-23,sl,129.12
2025-05-24,sl,129.78
2025-05-25,sl,130.06
2025-05-26,sl,130.37
2025-05-27,sl,130.78
2025-05-28,sl,130.96
2025-05-29,sl,131.51
2025-05-30,sl,131.75
2025-05-31,sl,131.84
2025-06-01,sl,131.97
2025-06-02,sl,132.14
2025-06-03,sl,132.06
2025-06-04,sl,131.99
2025-06-05,sl,131.74
2025-06-06,sl,131.69
2025-06-07,sl,131.79
2025-06-08,sl,131.93
2025-06-09,sl,132.13
2025-06-10,sl,132.17
2025-06-11,sl,132.22
2025-06-12,sl,132.28
2025-06-13,sl,132.11
2025-06-14,sl,131.97
2025-06-15,sl,131.99
2025-06-16,sl,131.8
2025-06-17,sl,131.68
2025-06-18,sl,131.69
2025-06-19,sl,131.85
2025-06-20,sl,131.89
2025-06-21,sl,131.84
2025-06-22,sl,131.68
2025-06-23,sl,131.47
2025-06-24,sl,131.41
2025-06-25,sl,131.25
2025-06-26,sl,130.82
2025-06-27,sl,130.57
2025-06-28,sl,130.35
2025-06-29,sl,130.03
2025-06-30,sl,129.87
2025-07-01,sl,129.54
2025-07-02,sl,129.22
2025-07-03,sl,129.23
2025-07-04,sl,129.31
2025-07-05,sl,129.26
2025-07-06,sl,129.37
2025-07-07,sl,129.31
2025-07-08,sl,129.61
2025-07-09,sl,129.81
2025-07-10,sl,129.8
2025-07-11,sl,129.81
2025-07-12,sl,129.97
2025-07-13,sl,129.95
2025-07-14,sl,130.21
2025-07-15,sl,130.23
2025-07-16,sl,130.4
2025-07-17,sl,130.46
2025-07-18,sl,130.53
2025-07-19,sl,130.19
2025-07-20,sl,130.05
2025-07-21,sl,129.74
2025-07-22,sl,129.72
2025-07-23,sl,129.63
2025-07-24,sl,129.88
2025-07-25,sl,129.88
2025-07-26,sl,130.24
2025-07-27,sl,130.33
2025-07-28,sl,130.43
2025-07-29,sl,130.28
2025-07-30,sl,130.21
2025-07-31,sl,129.97
2025-08-01,sl,129.58
2025-08-02,sl,129.38
2025-08-03,sl,129.45
2025-08-04,sl,129.35
2025-08-05,sl,129.24
2025-08-06,sl,129.17
2025-08-07,sl,128.98
2025-08-08,sl,129.14
2025-08-09,sl,128.91
2025-08-10,sl,128.65
2025-08-11,sl,128.49
2025-08-12,sl,128.36
2025-08-13,sl,128.17
2025-08-14,sl,127.84
2025-08-15,sl,127.33
2025-08-16,sl,127.17
2025-08-17,sl,127
2025-08-18,sl,126.71
2025-08-19,sl,126.67
2025-08-20,sl,126.63
2025-08-21,sl,126.72
2025-08-22,sl,127.2
2025-08-23,sl,127.63
2025-08-24,sl,128.11
2025-08-25,sl,128.86
2025-08-26,sl,129.5
2025-08-27,sl,130.32
2025-08-28,sl,131.38
2025-08-29,sl,132.19
2025-08-30,sl,133.05
2025-08-31,sl,133.61
2025-09-01,sl,134.13
2025-09-02,sl,134.62
2025-09-03,sl,134.99
2025-09-04,sl,135.21
2025-09-05,sl,135.36
2025-09-06,sl,135.28
2025-09-07,sl,135.44
2025-09-08,sl,135.49
2025-09-09,sl,135.48
2025-09-10,sl,135.32
2025-09-11,sl,135.23
2025-09-12,sl,135.19
2025-09-13,sl,135.34
2025-09-14,sl,135.54
2025-09-15,sl,135.89
2025-09-16,sl,136.13
2025-09-17,sl,136.52
2025-09-18,sl,136.85
2025-09-19,sl,137.19
2025-09-20,sl,137.44
2025-09-21,sl,137.34
2025-09-22,sl,137.19
2025-09-23,sl,136.98
2025-09-24,sl,136.64
2025-09-25,sl,136.42
2025-09-26,sl,136.24
2025-09-27,sl,136.02
2025-09-28,sl,136.08
2025-09-29,sl,136.02
2025-09-30,sl,136.27
2025-10-01,sl,136.53
2025-10-02,sl,136.61
2025-10-03,sl,136.61
2025-10-04,sl,136.54
2025-10-05,sl,136.65
2025-10-06,sl,136.86
2025-10-07,sl,136.98
2025-10-08,sl,137.21
2025-10-09,sl,137.47
2025-10-10,sl,137.42
2025-10-11,sl,137.56
2025-10-12,sl,137.49
2025-10-13,sl,137.41
2025-10-14,sl,137.26
2025-10-15,sl,137.02
2025-10-16,sl,136.84
2025-10-17,sl,137.04
2025-10-18,sl,137.08
2025-10-19,sl,137.2
2025-10-20,sl,137.31
2025-10-21,sl,137.6
2025-10-22,sl,138.08
2025-10-23,sl,138.44
2025-10-24,sl,138.8
2025-10-25,sl,139.19
2025-10-26,sl,139.45
2025-10-27,sl,139.74
2025-10-28,sl,139.93
2025-10-29,sl,139.89
2025-10-30,sl,139.84
2025-10-31,sl,139.74
2025-11-01,sl,139.56
2025-11-02,sl,139.56
2025-11-03,sl,139.46
2025-11-04,sl,139.34
2025-11-05,sl,138.95
2025-11-06,sl,138.68
2025-11-07,sl,138.35
2025-11-08,sl,138.12
2025-11-09,sl,137.87
2025-11-10,sl,137.8
2025-11-11,sl,137.69
2025-11-12,sl,138.26
2025-11-13,sl,138.77
2025-11-14,sl,139.33
2025-11-15,sl,139.92
2025-11-16,sl,140.32
2025-11-17,sl,140.73
2025-11-18,sl,141.32
2025-11-19,sl,141.18
2025-11-20,sl,141.24
2025-11-21,sl,141.36
2025-11-22,sl,141.43
2025-11-23,sl,141.5
2025-11-24,sl,141.64
2025-11-25,sl,141.32
2025-11-26,sl,141.31
2025-11-27,sl,141.01
2025-11-28,sl,140.58
2025-11-29,sl,140.06
2025-11-30,sl,139.63
2025-12-01,sl,138.93
2025-12-02,sl,138.58
2025-12-03,sl,138.18
2025-12-04,sl,137.73
2025-12-05,sl,137.27
2025-12-06,sl,136.8
2025-12-07,sl,136.24
2025-12-08,sl,135.81
2025-12-09,sl,135.34
2025-12-10,sl,135.09
2025-12-11,sl,135.01
2025-12-12,sl,134.98
2025-12-13,sl,135.06
2025-12-14,sl,135.23
2025-12-15,sl,135.52
2025-12-16,sl,135.71
2025-12-17,sl,135.9
2025-12-18,sl,136
2025-12-19,sl,136.22
2025-12-20,sl,136.61
2025-12-21,sl,136.98
2025-12-22,sl,137.24
2025-12-23,sl,137.52
2025-12-24,sl,137.75
2025-12-25,sl,138.08
2025-12-26,sl,138.22
2025-12-27,sl,138.14
2025-12-28,sl,138.14
2025-12-29,sl,138.11
2025-12-30,sl,137.98
2025-12-31,sl,137.84
2026-01-01,sl,137.51
2026-01-02,sl,137.21
2026-01-03,sl,136.91
2026-01-04,sl,136.41
2026-01-05,sl,136.24
2026-01-06,sl,136.25
2026-01-07,sl,136.3
2026-01-08,sl,136.57
2026-01-09,sl,136.64
2026-01-10,sl,136.6
2026-01-11,sl,136.66
2026-01-12,sl,136.81
2026-01-13,sl,137.02
2026-01-14,sl,136.98
2026-01-15,sl,136.7
2026-01-16,sl,136.66
2026-01-17,sl,136.65
2026-01-18,sl,136.66
2026-01-19,sl,136.35
2026-01-20,sl,136.01
2026-01-21,sl,135.8
2026-01-22,sl,135.89
2026-01-23,sl,136.01
2026-01-24,sl,136.23
2026-01-25,sl,136.43
2026-01-26,sl,136.59
2026-01-27,sl,136.47
2026-01-28,sl,136.48
2026-01-29,sl,136.55
2026-01-30,sl,136.38
2026-01-31,sl,136.15
2026-02-01,sl,135.87
2026-02-02,sl,135.58
2026-02-03,sl,135.44
2026-02-04,sl,135.16
2026-02-05,sl,134.72
2026-02-06,sl,134.49
2026-02-07,sl,134.3
2026-02-08,sl,134.2
2026-02-09,sl,134.08
2026-02-10,sl,133.96
2026-02-11,sl,133.83
2026-02-12,sl,133.71
2026-02-13,sl,133.59
2026-02-14,sl,133.47
2026-02-15,sl,133.35
2026-02-16,sl,133.22
2026-02-17,sl,133.1
2026-02-18,sl,132.98
2026-02-19,sl,132.86
2026-02-20,sl,132.74
2026-02-21,sl,132.61
2026-02-22,sl,132.49
2026-02-23,sl,132.37
2026-02-24,sl,132.25
2026-02-25,sl,132.13
2026-02-26,sl,131.95
2026-02-27,sl,131.91
2026-02-28,sl,131.8
2026-03-01,sl,131.55
2026-03-02,sl,131.42
2026-03-03,sl,131.32
2026-03-04,sl,131.38
2026-03-05,sl,131.47
2026-03-06,sl,131.38
2026-03-07,sl,131.42
2026-03-08,sl,131.57
2026-03-09,sl,131.58
2026-03-10,sl,131.43
2026-03-11,sl,131.19
2026-03-12,sl,131.05
2026-03-13,sl,131.06
2026-03-14,sl,130.88
2026-03-15,sl,130.78
2026-03-16,sl,130.89
2026-03-17,sl,131.16
2026-03-18,sl,131.38
2026-03-19,sl,131.55
2026-03-20,sl,131.61
2026-03-21,sl,131.84
2026-03-22,sl,132.05
2026-03-23,sl,131.99
2026-03-24,sl,132
2026-03-25,sl,132.21
2026-03-26,sl,132.12
2026-03-27,sl,132.21
2026-03-28,sl,132.4
2026-03-29,sl,132.53
2026-03-30,sl,132.8
2026-03-31,sl,133.07
2026-04-01,sl,133.13
2026-04-02,sl,133.22
2026-04-03,sl,133.19
2026-04-04,sl,132.82
2026-04-05,sl,132.47
2026-04-06,sl,132.13
2026-04-07,sl,131.65
2026-04-08,sl,131.12
2026-04-09,sl,130.53
2026-04-10,sl,129.82
2026-04-11,sl,129.43
2026-04-12,sl,129.12
2026-04-13,sl,128.76
2026-04-14,sl,128.43
2026-04-15,sl,128.25
2026-04-16,sl,128.32
2026-04-17,sl,128.43
2026-04-18,sl,128.41
2026-04-19,sl,128.33
2026-04-20,sl,128.29
2026-04-21,sl,128.36
2026-04-22,sl,127.9
2026-04-23,sl,127.71
2026-04-24,sl,127.34
2026-04-25,sl,126.88
2026-04-26,sl,126.57
2026-04-27,sl,126.07
2026-04-28,sl,125.6
2026-04-29,sl,125.74
2026-04-30,sl,125.65
2026-05-01,sl,125.64
2026-05-02,sl,125.71
2026-05-03,sl,125.77
2026-05-04,sl,125.89
2026-05-05,sl,126.12
2026-05-06,sl,126.53
2026-05-07,sl,127.03
2026-05-08,sl,127.81
2026-05-09,sl,128.49
2026-05-10,sl,129.1
2026-05-11,sl,129.59
2026-05-12,sl,129.94
2026-05-13,sl,129.92
2026-05-14,sl,129.94
2026-05-15,sl,129.77
2026-05-16,sl,129.53
2026-05-17,sl,129.22
2026-05-18,sl,129.24
2026-05-19,sl,129.13
2026-05-20,sl,129.1
2026-05-21,sl,128.96
2026-05-22,sl,128.83
2026-05-23,sl,128.88
2026-05-24,sl,128.95
2026-05-25,sl,128.68
2026-05-26,sl,128.19
2026-05-27,sl,127.68
2026-05-28,sl,127.07
2026-05-29,sl,126.54
2026-05-30,sl,126.33
2026-05-31,sl,126.09
2026-06-01,sl,126.22
2026-06-02,sl,126.52
2026-06-03,sl,126.79
2026-06-04,sl,127.25
2026-06-05,sl,127.5
2026-06-06,sl,127.52
2026-06-07,sl,127.33
2026-06-08,sl,127.04
2026-06-09,sl,127.08
2026-06-10,sl,126.91
2026-06-11,sl,126.72
2026-06-12,sl,126.64
2026-06-13,sl,126.7
2026-06-14,sl,126.99
2026-06-15,sl,127.07
2026-06-16,sl,126.91
2026-06-17,sl,126.99
2026-06-18,sl,126.77
2026-06-19,sl,126.88
2026-06-20,sl,126.72
2026-06-21,sl,126.46
2026-06-22,sl,126.2
2026-06-23,sl,125.99
2026-06-24,sl,125.78
2026-06-25,sl,125.89
2026-06-26,sl,125.42
2026-06-27,sl,125.27
2026-06-28,sl,125.17
2026-06-29,sl,125.05
2026-06-30,sl,124.49
2026-07-01,sl,124.26
2026-07-02,sl,123.94
2026-07-03,sl,123.87
2026-07-04,sl,123.8
2026-07-05,sl,123.75
2026-07-06,sl,123.69
2026-07-07,sl,124.19
2026-07-08,sl,124.32
2026-07-09,sl,124.62
2026-07-10,sl,124.87
2026-07-11,sl,125.06
2026-07-12,sl,125.35
2026-07-13,sl,125.73
2026-07-14,sl,125.99
2026-07-15,sl,126.3
2026-07-16,sl,126.53
2026-07-17,sl,126.52
2026-07-18,sl,126.48
2026-07-19,sl,126.32
2026-07-20,sl,126.26
2026-07-21,sl,126.17
2026-07-22,sl,125.99
2026-07-23,sl,125.78
2026-07-24,sl,126.01
2026-07-25,sl,126.2
2026-07-26,sl,126.34
2026-07-27,sl,126.42
2026-07-28,sl,126.47
2026-07-29,sl,126.62
2026-07-30,sl,126.46
2026-07-31,sl,126.01
2026-08-01,sl,125.95
2026-08-02,sl,125.97
2026-08-03,sl,125.98
2026-08-04,sl,126.1
2026-08-05,sl,126.19
2026-08-06,sl,126.59
2026-08-07,sl,127.08
2026-08-08,sl,127.12
2026-08-09,sl,127.19
2026-08-10,sl,127.1
2026-08-11,sl,127.05
2026-08-12,sl,126.95
2026-08-13,sl,126.96
2026-08-14,sl,126.91
2026-08-15,sl,127.01
2026-08-16,sl,127.21
2026-08-17,sl,127.47
2026-08-18,sl,127.77
2026-08-19,sl,128.21
2026-08-20,sl,128.63
2026-08-21,sl,129.13
2026-08-22,sl,129.74
2026-08-23,sl,130.16
2026-08-24,sl,130.42
2026-08-25,sl,130.41
2026-08-26,sl,130.48
2026-08-27,sl,130.57
2026-08-28,sl,130.63
2026-08-29,sl,130.34
2026-08-30,sl,130.14
2026-08-31,sl,129.82
2026-09-01,sl,130.27
2026-09-02,sl,131.19
2026-09-03,sl,131.8
2026-09-04,sl,132.5
2026-09-05,sl,133.38
2026-09-06,sl,134.06
2026-09-07,sl,134.88
2026-09-08,sl,135.13
2026-09-09,sl,134.64
2026-09-10,sl,134.16
2026-09-11,sl,133.66
2026-09-12,sl,132.98
2026-09-13,sl,132.48
2026-09-14,sl,131.85
2026-09-15,sl,131.73
2026-09-16,sl,131.25
2026-09-17,sl,130.99
2026-09-18,sl,130.66
2020-02-01,sn,100
2020-02-02,sn,100.16
2020-02-03,sn,100.28
2020-02-04,sn,100.19
2020-02-05,sn,100.34
2020-02-06,sn,100.37
2020-02-07,sn,100.41
2020-02-08,sn,100.41
2020-02-09,sn,100.38
2020-02-10,sn,100.3
2020-02-11,sn,100.19
2020-02-12,sn,100.06
2020-02-13,sn,99.85
2020-02-14,sn,99.88
2020-02-15,sn,99.95
2020-02-16,sn,100.09
2020-02-17,sn,100.52
2020-02-18,sn,101.05
2020-02-19,sn,101.53
2020-02-20,sn,102.1
2020-02-21,sn,102.46
2020-02-22,sn,102.59
2020-02-23,sn,102.8
2020-02-24,sn,102.42
2020-02-25,sn,102.4
2020-02-26,sn,102.51
2020-02-27,sn,102.77
2020-02-28,sn,102.99
2020-02-29,sn,103.46
2020-03-01,sn,103.89
2020-03-02,sn,104.56
2020-03-03,sn,104.92
2020-03-04,sn,105.11
2020-03-05,sn,105.09
2020-03-06,sn,105.17
2020-03-07,sn,104.89
2020-03-08,sn,104.49
2020-03-09,sn,104.16
2020-03-10,sn,103.82
2020-03-11,sn,103.44
2020-03-12,sn,103.21
2020-03-13,sn,102.81
2020-03-14,sn,102.64
2020-03-15,sn,102.52
2020-03-16,sn,102.35
2020-03-17,sn,101.96
2020-03-18,sn,101.64
2020-03-19,sn,101.03
2020-03-20,sn,100.3
2020-03-21,sn,99.53
2020-03-22,sn,98.81
2020-03-23,sn,98.08
2020-03-24,sn,97.42
2020-03-25,sn,96.81
2020-03-26,sn,96.28
2020-03-27,sn,95.81
2020-03-28,sn,95.28
2020-03-29,sn,94.72
2020-03-30,sn,94.31
2020-03-31,sn,93.91
2020-04-01,sn,93.51
2020-04-02,sn,93.24
2020-04-03,sn,92.94
2020-04-04,sn,92.63
2020-04-05,sn,92.35
2020-04-06,sn,91.86
2020-04-07,sn,91.51
2020-04-08,sn,91.08
2020-04-09,sn,90.68
2020-04-10,sn,90.13
2020-04-11,sn,89.59
2020-04-12,sn,89.05
2020-04-13,sn,88.72
2020-04-14,sn,88.46
2020-04-15,sn,88.24
2020-04-16,sn,87.8
2020-04-17,sn,87.77
2020-04-18,sn,87.87
2020-04-19,sn,87.8
2020-04-20,sn,87.84
2020-04-21,sn,87.54
2020-04-22,sn,87.38
2020-04-23,sn,87.48
2020-04-24,sn,87.49
2020-04-25,sn,87.69
2020-04-26,sn,88.17
2020-04-27,sn,88.36
2020-04-28,sn,88.46
2020-04-29,sn,88.52
2020-04-30,sn,88.37
2020-05-01,sn,88.18
2020-05-02,sn,87.78
2020-05-03,sn,87.31
2020-05-04,sn,87
2020-05-05,sn,86.75
2020-05-06,sn,86.58
2020-05-07,sn,86.54
2020-05-08,sn,86.55
2020-05-09,sn,86.49
2020-05-10,sn,86.37
2020-05-11,sn,86.2
2020-05-12,sn,86.25
2020-05-13,sn,86.21
2020-05-14,sn,85.99
2020-05-15,sn,85.62
2020-05-16,sn,85.36
2020-05-17,sn,85.02
2020-05-18,sn,84.81
2020-05-19,sn,84.58
2020-05-20,sn,84.5
2020-05-21,sn,84.72
2020-05-22,sn,85.22
2020-05-23,sn,85.55
2020-05-24,sn,86.01
2020-05-25,sn,86.4
2020-05-26,sn,86.79
2020-05-27,sn,87.1
2020-05-28,sn,87.27
2020-05-29,sn,87.34
2020-05-30,sn,87.53
2020-05-31,sn,87.65
2020-06-01,sn,87.69
2020-06-02,sn,87.65
2020-06-03,sn,87.58
2020-06-04,sn,87.55
2020-06-05,sn,87.55
2020-06-06,sn,87.33
2020-06-07,sn,87.19
2020-06-08,sn,87.31
2020-06-09,sn,87.48
2020-06-10,sn,87.5
2020-06-11,sn,87.43
2020-06-12,sn,87.39
2020-06-13,sn,87.55
2020-06-14,sn,87.66
2020-06-15,sn,87.52
2020-06-16,sn,87.47
2020-06-17,sn,87.57
2020-06-18,sn,87.64
2020-06-19,sn,87.62
2020-06-20,sn,87.63
2020-06-21,sn,87.59
2020-06-22,sn,87.59
2020-06-23,sn,87.49
2020-06-24,sn,87.31
2020-06-25,sn,87.23
2020-06-26,sn,87.15
2020-06-27,sn,87.15
2020-06-28,sn,87.14
2020-06-29,sn,87.18
2020-06-30,sn,87.3
2020-07-01,sn,87.28
2020-07-02,sn,87.17
2020-07-03,sn,87.07
2020-07-04,sn,87.01
2020-07-05,sn,87.05
2020-07-06,sn,87.08
2020-07-07,sn,87.2
2020-07-08,sn,87.57
2020-07-09,sn,88.04
2020-07-10,sn,88.61
2020-07-11,sn,89.02
2020-07-12,sn,89.42
2020-07-13,sn,89.75
2020-07-14,sn,90.05
2020-07-15,sn,90.21
2020-07-16,sn,90.31
2020-07-17,sn,90.21
2020-07-18,sn,90.1
2020-07-19,sn,90
2020-07-20,sn,89.84
2020-07-21,sn,89.59
2020-07-22,sn,89.81
2020-07-23,sn,90.02
2020-07-24,sn,90.27
2020-07-25,sn,90.88
2020-07-26,sn,91.76
2020-07-27,sn,92.78
2020-07-28,sn,93.53
2020-07-29,sn,93.74
2020-07-30,sn,93.85
2020-07-31,sn,94.07
2020-08-01,sn,93.95
2020-08-02,sn,93.54
2020-08-03,sn,93.02
2020-08-04,sn,92.84
2020-08-05,sn,92.68
2020-08-06,sn,93.04
2020-08-07,sn,93.31
2020-08-08,sn,93.6
2020-08-09,sn,93.84
2020-08-10,sn,94.06
2020-08-11,sn,94.34
2020-08-12,sn,94.75
2020-08-13,sn,94.85
2020-08-14,sn,94.93
2020-08-15,sn,95.04
2020-08-16,sn,95.26
2020-08-17,sn,95.47
2020-08-18,sn,95.58
2020-08-19,sn,95.65
2020-08-20,sn,95.67
2020-08-21,sn,95.61
2020-08-22,sn,95.57
2020-08-23,sn,95.44
2020-08-24,sn,95.46
2020-08-25,sn,95.43
2020-08-26,sn,95.42
2020-08-27,sn,95.37
2020-08-28,sn,95.56
2020-08-29,sn,95.7
2020-08-30,sn,95.74
2020-08-31,sn,95.65
2020-09-01,sn,95.78
2020-09-02,sn,95.98
2020-09-03,sn,96.07
2020-09-04,sn,95.97
2020-09-05,sn,96.05
2020-09-06,sn,96.19
2020-09-07,sn,96.36
2020-09-08,sn,96.26
2020-09-09,sn,96.15
2020-09-10,sn,96.21
2020-09-11,sn,96.35
2020-09-12,sn,96.29
2020-09-13,sn,96.12
2020-09-14,sn,96.12
2020-09-15,sn,96.18
2020-09-16,sn,96.15
2020-09-17,sn,96.11
2020-09-18,sn,96.15
2020-09-19,sn,96.25
2020-09-20,sn,96.49
2020-09-21,sn,96.52
2020-09-22,sn,96.56
2020-09-23,sn,96.66
2020-09-24,sn,96.63
2020-09-25,sn,96.63
2020-09-26,sn,96.67
2020-09-27,sn,96.66
2020-09-28,sn,96.86
2020-09-29,sn,97.04
2020-09-30,sn,97.28
2020-10-01,sn,97.79
2020-10-02,sn,98.23
2020-10-03,sn,98.72
2020-10-04,sn,99.26
2020-10-05,sn,99.77
2020-10-06,sn,100.27
2020-10-07,sn,100.75
2020-10-08,sn,101.03
2020-10-09,sn,101.22
2020-10-10,sn,101.39
2020-10-11,sn,101.54
2020-10-12,sn,101.59
2020-10-13,sn,101.68
2020-10-14,sn,101.83
2020-10-15,sn,101.97
2020-10-16,sn,102.05
2020-10-17,sn,102.14
2020-10-18,sn,102.27
2020-10-19,sn,102.43
2020-10-20,sn,102.61
2020-10-21,sn,102.89
2020-10-22,sn,103.02
2020-10-23,sn,103.23
2020-10-24,sn,103.37
2020-10-25,sn,103.46
2020-10-26,sn,103.51
2020-10-27,sn,103.56
2020-10-28,sn,103.4
2020-10-29,sn,103.46
2020-10-30,sn,103.48
2020-10-31,sn,103.43
2020-11-01,sn,103.54
2020-11-02,sn,103.64
2020-11-03,sn,103.67
2020-11-04,sn,103.69
2020-11-05,sn,103.61
2020-11-06,sn,103.53
2020-11-07,sn,103.62
2020-11-08,sn,103.56
2020-11-09,sn,103.55
2020-11-10,sn,103.55
2020-11-11,sn,103.58
2020-11-12,sn,103.59
2020-11-13,sn,103.63
2020-11-14,sn,103.6
2020-11-15,sn,103.57
2020-11-16,sn,103.55
2020-11-17,sn,103.46
2020-11-18,sn,103.46
2020-11-19,sn,103.43
2020-11-20,sn,103.36
2020-11-21,sn,103.31
2020-11-22,sn,103.29
2020-11-23,sn,103.26
2020-11-24,sn,103.18
2020-11-25,sn,103.18
2020-11-26,sn,103.3
2020-11-27,sn,103.35
2020-11-28,sn,103.39
2020-11-29,sn,103.43
2020-11-30,sn,103.43
2020-12-01,sn,103.89
2020-12-02,sn,104.2
2020-12-03,sn,104.47
2020-12-04,sn,104.95
2020-12-05,sn,105.41
2020-12-06,sn,105.82
2020-12-07,sn,106.16
2020-12-08,sn,106.25
2020-12-09,sn,106.32
2020-12-10,sn,106.38
2020-12-11,sn,106.36
2020-12-12,sn,106.27
2020-12-13,sn,106.28
2020-12-14,sn,106.33
2020-12-15,sn,106.49
2020-12-16,sn,106.57
2020-12-17,sn,106.67
2020-12-18,sn,106.72
2020-12-19,sn,106.83
2020-12-20,sn,106.86
2020-12-21,sn,106.81
2020-12-22,sn,106.58
2020-12-23,sn,106.53
2020-12-24,sn,106.52
2020-12-25,sn,106.55
2020-12-26,sn,106.5
2020-12-27,sn,106.47
2020-12-28,sn,106.67
2020-12-29,sn,106.79
2020-12-30,sn,106.82
2020-12-31,sn,106.86
2021-01-01,sn,106.89
2021-01-02,sn,106.88
2021-01-03,sn,106.87
2021-01-04,sn,106.79
2021-01-05,sn,106.74
2021-01-06,sn,106.81
2021-01-07,sn,106.8
2021-01-08,sn,106.72
2021-01-09,sn,106.35
2021-01-10,sn,105.93
2021-01-11,sn,105.56
2021-01-12,sn,105.3
2021-01-13,sn,104.95
2021-01-14,sn,104.69
2021-01-15,sn,104.46
2021-01-16,sn,104.62
2021-01-17,sn,104.81
2021-01-18,sn,104.94
2021-01-19,sn,105.13
2021-01-20,sn,105.16
2021-01-21,sn,105.09
2021-01-22,sn,105.06
2021-01-23,sn,105.14
2021-01-24,sn,105.3
2021-01-25,sn,105.44
2021-01-26,sn,105.53
2021-01-27,sn,105.76
2021-01-28,sn,106.06
2021-01-29,sn,106.14
2021-01-30,sn,106.06
2021-01-31,sn,105.98
2021-02-01,sn,105.95
2021-02-02,sn,105.84
2021-02-03,sn,105.79
2021-02-04,sn,105.52
2021-02-05,sn,105.4
2021-02-06,sn,105.31
2021-02-07,sn,105.15
2021-02-08,sn,104.96
2021-02-09,sn,104.79
2021-02-10,sn,104.52
2021-02-11,sn,104.47
2021-02-12,sn,104.44
2021-02-13,sn,104.47
2021-02-14,sn,104.54
2021-02-15,sn,104.64
2021-02-16,sn,104.75
2021-02-17,sn,105
2021-02-18,sn,105.14
2021-02-19,sn,105.21
2021-02-20,sn,105.28
2021-02-21,sn,105.35
2021-02-22,sn,105.25
2021-02-23,sn,105.18
2021-02-24,sn,105.05
2021-02-25,sn,105.05
2021-02-26,sn,105.26
2021-02-27,sn,105.56
2021-02-28,sn,105.8
2021-03-01,sn,106.26
2021-03-02,sn,106.66
2021-03-03,sn,107.03
2021-03-04,sn,107.24
2021-03-05,sn,107.38
2021-03-06,sn,107.63
2021-03-07,sn,107.92
2021-03-08,sn,107.99
2021-03-09,sn,107.99
2021-03-10,sn,108.04
2021-03-11,sn,108.12
2021-03-12,sn,108.23
2021-03-13,sn,108.18
2021-03-14,sn,108.13
2021-03-15,sn,108.17
2021-03-16,sn,108.3
2021-03-17,sn,108.39
2021-03-18,sn,108.55
2021-03-19,sn,108.65
2021-03-20,sn,108.87
2021-03-21,sn,109.09
2021-03-22,sn,109.41
2021-03-23,sn,109.73
2021-03-24,sn,110.02
2021-03-25,sn,110.43
2021-03-26,sn,110.91
2021-03-27,sn,111.26
2021-03-28,sn,111.59
2021-03-29,sn,111.92
2021-03-30,sn,112.23
2021-03-31,sn,112.61
2021-04-01,sn,112.8
2021-04-02,sn,113.01
2021-04-03,sn,113.05
2021-04-04,sn,113.12
2021-04-05,sn,113.23
2021-04-06,sn,113.23
2021-04-07,sn,113.09
2021-04-08,sn,112.86
2021-04-09,sn,112.73
2021-04-10,sn,112.47
2021-04-11,sn,112.03
2021-04-12,sn,111.6
2021-04-13,sn,111.39
2021-04-14,sn,111.35
2021-04-15,sn,111.38
2021-04-16,sn,111.05
2021-04-17,sn,111.2
2021-04-18,sn,111.5
2021-04-19,sn,111.53
2021-04-20,sn,111.65
2021-04-21,sn,111.62
2021-04-22,sn,111.72
2021-04-23,sn,112.1
2021-04-24,sn,112.27
2021-04-25,sn,112.56
2021-04-26,sn,113.16
2021-04-27,sn,113.35
2021-04-28,sn,113.19
2021-04-29,sn,112.94
2021-04-30,sn,112.48
2021-05-01,sn,112.05
2021-05-02,sn,111.59
2021-05-03,sn,111.1
2021-05-04,sn,110.94
2021-05-05,sn,110.93
2021-05-06,sn,110.99
2021-05-07,sn,111.3
2021-05-08,sn,111.71
2021-05-09,sn,112
2021-05-10,sn,112.2
2021-05-11,sn,112.36
2021-05-12,sn,112.83
2021-05-13,sn,113.39
2021-05-14,sn,113.75
2021-05-15,sn,113.76
2021-05-16,sn,113.85
2021-05-17,sn,113.84
2021-05-18,sn,113.9
2021-05-19,sn,113.92
2021-05-20,sn,114.09
2021-05-21,sn,114.39
2021-05-22,sn,114.86
2021-05-23,sn,115.25
2021-05-24,sn,115.83
2021-05-25,sn,116.21
2021-05-26,sn,116.57
2021-05-27,sn,116.73
2021-05-28,sn,116.86
2021-05-29,sn,117.11
2021-05-30,sn,117.51
2021-05-31,sn,117.84
2021-06-01,sn,118.18
2021-06-02,sn,118.56
2021-06-03,sn,119.01
2021-06-04,sn,119.47
2021-06-05,sn,119.79
2021-06-06,sn,120.04
2021-06-07,sn,120.21
2021-06-08,sn,120.57
2021-06-09,sn,120.92
2021-06-10,sn,120.99
2021-06-11,sn,121.13
2021-06-12,sn,121.41
2021-06-13,sn,121.72
2021-06-14,sn,121.98
2021-06-15,sn,122.15
2021-06-16,sn,122.28
2021-06-17,sn,122.51
2021-06-18,sn,122.74
2021-06-19,sn,122.98
2021-06-20,sn,123.17
2021-06-21,sn,123.45
2021-06-22,sn,123.62
2021-06-23,sn,123.81
2021-06-24,sn,124.09
2021-06-25,sn,124.31
2021-06-26,sn,124.4
2021-06-27,sn,124.52
2021-06-28,sn,124.77
2021-06-29,sn,125.12
2021-06-30,sn,125.48
2021-07-01,sn,125.85
2021-07-02,sn,126.14
2021-07-03,sn,126.73
2021-07-04,sn,127.26
2021-07-05,sn,127.61
2021-07-06,sn,127.95
2021-07-07,sn,128.18
2021-07-08,sn,128.43
2021-07-09,sn,128.66
2021-07-10,sn,128.56
2021-07-11,sn,128.59
2021-07-12,sn,128.7
2021-07-13,sn,128.7
2021-07-14,sn,128.77
2021-07-15,sn,128.79
2021-07-16,sn,129.03
2021-07-17,sn,129.35
2021-07-18,sn,129.59
2021-07-19,sn,129.9
2021-07-20,sn,130.15
2021-07-21,sn,130.46
2021-07-22,sn,130.91
2021-07-23,sn,131.07
2021-07-24,sn,131.25
2021-07-25,sn,131.57
2021-07-26,sn,132.19
2021-07-27,sn,133.09
2021-07-28,sn,133.7
2021-07-29,sn,134.05
2021-07-30,sn,134.42
2021-07-31,sn,134.84
2021-08-01,sn,135.04
2021-08-02,sn,135
2021-08-03,sn,134.81
2021-08-04,sn,135.04
2021-08-05,sn,135.21
2021-08-06,sn,135.9
2021-08-07,sn,136.64
2021-08-08,sn,137.33
2021-08-09,sn,137.92
2021-08-10,sn,138.5
2021-08-11,sn,139.01
2021-08-12,sn,139.7
2021-08-13,sn,139.99
2021-08-14,sn,140.09
2021-08-15,sn,140.27
2021-08-16,sn,140.52
2021-08-17,sn,140.66
2021-08-18,sn,140.82
2021-08-19,sn,141.05
2021-08-20,sn,141.33
2021-08-21,sn,141.63
2021-08-22,sn,141.86
2021-08-23,sn,142.06
2021-08-24,sn,142.43
2021-08-25,sn,142.61
2021-08-26,sn,142.76
2021-08-27,sn,142.87
2021-08-28,sn,143.09
2021-08-29,sn,143.39
2021-08-30,sn,143.65
2021-08-31,sn,143.65
2021-09-01,sn,143.69
2021-09-02,sn,143.74
2021-09-03,sn,143.71
2021-09-04,sn,143.6
2021-09-05,sn,143.48
2021-09-06,sn,143.27
2021-09-07,sn,143.32
2021-09-08,sn,143.17
2021-09-09,sn,143.07
2021-09-10,sn,143.14
2021-09-11,sn,143.23
2021-09-12,sn,143.3
2021-09-13,sn,143.4
2021-09-14,sn,143.39
2021-09-15,sn,143.71
2021-09-16,sn,143.94
2021-09-17,sn,143.98
2021-09-18,sn,144.02
2021-09-19,sn,144.1
2021-09-20,sn,144.17
2021-09-21,sn,144.36
2021-09-22,sn,144.5
2021-09-23,sn,144.63
2021-09-24,sn,144.78
2021-09-25,sn,144.94
2021-09-26,sn,145.18
2021-09-27,sn,145.37
2021-09-28,sn,145.51
2021-09-29,sn,145.6
2021-09-30,sn,145.63
2021-10-01,sn,145.66
2021-10-02,sn,145.81
2021-10-03,sn,145.88
2021-10-04,sn,146.08
2021-10-05,sn,146.45
2021-10-06,sn,146.87
2021-10-07,sn,147.4
2021-10-08,sn,147.97
2021-10-09,sn,148.48
2021-10-10,sn,148.94
2021-10-11,sn,149.34
2021-10-12,sn,149.55
2021-10-13,sn,149.66
2021-10-14,sn,149.67
2021-10-15,sn,149.62
2021-10-16,sn,149.52
2021-10-17,sn,149.45
2021-10-18,sn,149.24
2021-10-19,sn,149.28
2021-10-20,sn,149.39
2021-10-21,sn,149.63
2021-10-22,sn,149.77
2021-10-23,sn,149.91
2021-10-24,sn,149.99
2021-10-25,sn,150.25
2021-10-26,sn,150.24
2021-10-27,sn,150.16
2021-10-28,sn,150.05
2021-10-29,sn,150.1
2021-10-30,sn,150.21
2021-10-31,sn,150.34
2021-11-01,sn,150.38
2021-11-02,sn,150.28
2021-11-03,sn,150.23
2021-11-04,sn,150.35
2021-11-05,sn,150.53
2021-11-06,sn,150.71
2021-11-07,sn,150.95
2021-11-08,sn,151.15
2021-11-09,sn,151.55
2021-11-10,sn,151.93
2021-11-11,sn,152.11
2021-11-12,sn,152.21
2021-11-13,sn,152.29
2021-11-14,sn,152.31
2021-11-15,sn,152.26
2021-11-16,sn,152.3
2021-11-17,sn,152.44
2021-11-18,sn,152.38
2021-11-19,sn,152.38
2021-11-20,sn,152.2
2021-11-21,sn,152.09
2021-11-22,sn,151.98
2021-11-23,sn,151.72
2021-11-24,sn,151.31
2021-11-25,sn,150.9
2021-11-26,sn,150.41
2021-11-27,sn,150.03
2021-11-28,sn,149.71
2021-11-29,sn,149.5
2021-11-30,sn,149.31
2021-12-01,sn,149.02
2021-12-02,sn,148.92
2021-12-03,sn,148.73
2021-12-04,sn,148.6
2021-12-05,sn,148.38
2021-12-06,sn,148.22
2021-12-07,sn,148.19
2021-12-08,sn,148.23
2021-12-09,sn,148.1
2021-12-10,sn,148.06
2021-12-11,sn,148.1
2021-12-12,sn,148.22
2021-12-13,sn,148.29
2021-12-14,sn,148.2
2021-12-15,sn,147.8
2021-12-16,sn,147.71
2021-12-17,sn,147.74
2021-12-18,sn,147.72
2021-12-19,sn,147.61
2021-12-20,sn,147.49
2021-12-21,sn,147.42
2021-12-22,sn,147.69
2021-12-23,sn,147.83
2021-12-24,sn,148.04
2021-12-25,sn,148.17
2021-12-26,sn,148.37
2021-12-27,sn,148.78
2021-12-28,sn,148.93
2021-12-29,sn,149.03
2021-12-30,sn,149.15
2021-12-31,sn,149.07
2022-01-01,sn,148.86
2022-01-02,sn,148.66
2022-01-03,sn,148.23
2022-01-04,sn,148.14
2022-01-05,sn,148.26
2022-01-06,sn,148.18
2022-01-07,sn,148.12
2022-01-08,sn,148.29
2022-01-09,sn,148.42
2022-01-10,sn,148.27
2022-01-11,sn,147.86
2022-01-12,sn,147.4
2022-01-13,sn,147.01
2022-01-14,sn,146.56
2022-01-15,sn,146.05
2022-01-16,sn,145.52
2022-01-17,sn,145.38
2022-01-18,sn,145.39
2022-01-19,sn,145.19
2022-01-20,sn,145.32
2022-01-21,sn,145.52
2022-01-22,sn,145.68
2022-01-23,sn,145.83
2022-01-24,sn,145.92
2022-01-25,sn,146.02
2022-01-26,sn,146.36
2022-01-27,sn,146.56
2022-01-28,sn,147.02
2022-01-29,sn,147.56
2022-01-30,sn,148.12
2022-01-31,sn,148.65
2022-02-01,sn,149.28
2022-02-02,sn,149.82
2022-02-03,sn,150.06
2022-02-04,sn,150.09
2022-02-05,sn,150.04
2022-02-06,sn,150.02
2022-02-07,sn,149.92
2022-02-08,sn,149.81
2022-02-09,sn,149.82
2022-02-10,sn,150.06
2022-02-11,sn,150.2
2022-02-12,sn,150.51
2022-02-13,sn,150.81
2022-02-14,sn,151.1
2022-02-15,sn,151.51
2022-02-16,sn,151.82
2022-02-17,sn,152.23
2022-02-18,sn,152.82
2022-02-19,sn,153.2
2022-02-20,sn,153.51
2022-02-21,sn,153.92
2022-02-22,sn,153.98
2022-02-23,sn,154.25
2022-02-24,sn,154.25
2022-02-25,sn,154.34
2022-02-26,sn,154.48
2022-02-27,sn,154.64
2022-02-28,sn,154.75
2022-03-01,sn,155.03
2022-03-02,sn,154.85
2022-03-03,sn,154.98
2022-03-04,sn,154.98
2022-03-05,sn,155.04
2022-03-06,sn,155.25
2022-03-07,sn,155.49
2022-03-08,sn,155.62
2022-03-09,sn,155.91
2022-03-10,sn,155.88
2022-03-11,sn,155.74
2022-03-12,sn,155.66
2022-03-13,sn,155.46
2022-03-14,sn,155.25
2022-03-15,sn,155.11
2022-03-16,sn,155.11
2022-03-17,sn,155.1
2022-03-18,sn,155.33
2022-03-19,sn,155.34
2022-03-20,sn,155.4
2022-03-21,sn,155.57
2022-03-22,sn,156.06
2022-03-23,sn,156.44
2022-03-24,sn,156.91
2022-03-25,sn,157.45
2022-03-26,sn,158.14
2022-03-27,sn,158.73
2022-03-28,sn,159.24
2022-03-29,sn,159.6
2022-03-30,sn,159.93
2022-03-31,sn,160.29
2022-04-01,sn,160.3
2022-04-02,sn,160.29
2022-04-03,sn,160.21
2022-04-04,sn,159.99
2022-04-05,sn,159.82
2022-04-06,sn,159.73
2022-04-07,sn,159.63
2022-04-08,sn,159.54
2022-04-09,sn,159.53
2022-04-10,sn,159.48
2022-04-11,sn,159.39
2022-04-12,sn,159.16
2022-04-13,sn,159.06
2022-04-14,sn,158.92
2022-04-15,sn,158.89
2022-04-16,sn,158.5
2022-04-17,sn,158.35
2022-04-18,sn,158.39
2022-04-19,sn,158.33
2022-04-20,sn,158.3
2022-04-21,sn,158.04
2022-04-22,sn,158
2022-04-23,sn,158.24
2022-04-24,sn,158.38
2022-04-25,sn,158.6
2022-04-26,sn,159
2022-04-27,sn,159.19
2022-04-28,sn,159.36
2022-04-29,sn,159.46
2022-04-30,sn,159.34
2022-05-01,sn,159.29
2022-05-02,sn,159.09
2022-05-03,sn,158.89
2022-05-04,sn,158.66
2022-05-05,sn,158.69
2022-05-06,sn,158.51
2022-05-07,sn,158.62
2022-05-08,sn,158.79
2022-05-09,sn,159
2022-05-10,sn,159.07
2022-05-11,sn,159.41
2022-05-12,sn,159.61
2022-05-13,sn,159.84
2022-05-14,sn,160.13
2022-05-15,sn,160.25
2022-05-16,sn,160.45
2022-05-17,sn,160.66
2022-05-18,sn,160.72
2022-05-19,sn,160.9
2022-05-20,sn,161.11
2022-05-21,sn,161.06
2022-05-22,sn,161.07
2022-05-23,sn,161.07
2022-05-24,sn,161.08
2022-05-25,sn,161.08
2022-05-26,sn,161.09
2022-05-27,sn,161.09
2022-05-28,sn,161.1
2022-05-29,sn,161.1
2022-05-30,sn,161.11
2022-05-31,sn,161.12
2022-06-01,sn,161.19
2022-06-02,sn,161.12
2022-06-03,sn,161.12
2022-06-04,sn,161.13
2022-06-05,sn,161.16
2022-06-06,sn,161.15
2022-06-07,sn,161.08
2022-06-08,sn,160.7
2022-06-09,sn,160.6
2022-06-10,sn,160.72
2022-06-11,sn,160.76
2022-06-12,sn,160.72
2022-06-13,sn,160.67
2022-06-14,sn,160.85
2022-06-15,sn,161.19
2022-06-16,sn,161.58
2022-06-17,sn,161.37
2022-06-18,sn,161.61
2022-06-19,sn,161.77
2022-06-20,sn,161.82
2022-06-21,sn,161.53
2022-06-22,sn,161.46
2022-06-23,sn,161.23
2022-06-24,sn,161.35
2022-06-25,sn,161.21
2022-06-26,sn,161.24
2022-06-27,sn,161.36
2022-06-28,sn,161.54
2022-06-29,sn,161.77
2022-06-30,sn,161.87
2022-07-01,sn,161.89
2022-07-02,sn,161.86
2022-07-03,sn,161.68
2022-07-04,sn,161.52
2022-07-05,sn,161.62
2022-07-06,sn,161.62
2022-07-07,sn,161.68
2022-07-08,sn,161.74
2022-07-09,sn,161.97
2022-07-10,sn,162.16
2022-07-11,sn,162.38
2022-07-12,sn,162.21
2022-07-13,sn,162.01
2022-07-14,sn,161.82
2022-07-15,sn,161.75
2022-07-16,sn,161.39
2022-07-17,sn,161.24
2022-07-18,sn,160.96
2022-07-19,sn,160.91
2022-07-20,sn,160.98
2022-07-21,sn,161
2022-07-22,sn,161.12
2022-07-23,sn,161.27
2022-07-24,sn,161.31
2022-07-25,sn,161.52
2022-07-26,sn,162.13
2022-07-27,sn,162.74
2022-07-28,sn,162.98
2022-07-29,sn,163.13
2022-07-30,sn,163.07
2022-07-31,sn,162.96
2022-08-01,sn,162.45
2022-08-02,sn,161.79
2022-08-03,sn,160.99
2022-08-04,sn,160.73
2022-08-05,sn,160.24
2022-08-06,sn,160.43
2022-08-07,sn,160.61
2022-08-08,sn,161.07
2022-08-09,sn,161.33
2022-08-10,sn,161.56
2022-08-11,sn,161.62
2022-08-12,sn,162
2022-08-13,sn,161.89
2022-08-14,sn,162.07
2022-08-15,sn,162.26
2022-08-16,sn,162.4
2022-08-17,sn,162.52
2022-08-18,sn,162.68
2022-08-19,sn,162.7
2022-08-20,sn,162.77
2022-08-21,sn,162.67
2022-08-22,sn,162.6
2022-08-23,sn,162.43
2022-08-24,sn,162.33
2022-08-25,sn,162.26
2022-08-26,sn,162.15
2022-08-27,sn,162.09
2022-08-28,sn,162.04
2022-08-29,sn,161.79
2022-08-30,sn,161.62
2022-08-31,sn,161.43
2022-09-01,sn,161.2
2022-09-02,sn,160.85
2022-09-03,sn,160.68
2022-09-04,sn,160.5
2022-09-05,sn,160.48
2022-09-06,sn,160.48
2022-09-07,sn,160.41
2022-09-08,sn,160.43
2022-09-09,sn,160.65
2022-09-10,sn,160.73
2022-09-11,sn,160.7
2022-09-12,sn,160.67
2022-09-13,sn,160.73
2022-09-14,sn,160.87
2022-09-15,sn,160.93
2022-09-16,sn,160.97
2022-09-17,sn,161
2022-09-18,sn,161.01
2022-09-19,sn,161.05
2022-09-20,sn,160.87
2022-09-21,sn,160.76
2022-09-22,sn,160.76
2022-09-23,sn,160.75
2022-09-24,sn,160.78
2022-09-25,sn,160.92
2022-09-26,sn,161.08
2022-09-27,sn,161.32
2022-09-28,sn,161.56
2022-09-29,sn,161.67
2022-09-30,sn,161.75
2022-10-01,sn,161.74
2022-10-02,sn,161.63
2022-10-03,sn,161.65
2022-10-04,sn,161.52
2022-10-05,sn,161.22
2022-10-06,sn,160.99
2022-10-07,sn,160.75
2022-10-08,sn,160.52
2022-10-09,sn,160.41
2022-10-10,sn,160.12
2022-10-11,sn,159.92
2022-10-12,sn,159.89
2022-10-13,sn,159.89
2022-10-14,sn,159.85
2022-10-15,sn,159.94
2022-10-16,sn,160.07
2022-10-17,sn,160.08
2022-10-18,sn,160.27
2022-10-19,sn,160.36
2022-10-20,sn,160.28
2022-10-21,sn,160.11
2022-10-22,sn,159.96
2022-10-23,sn,159.88
2022-10-24,sn,159.91
2022-10-25,sn,159.81
2022-10-26,sn,159.76
2022-10-27,sn,160.1
2022-10-28,sn,160.58
2022-10-29,sn,160.74
2022-10-30,sn,161.09
2022-10-31,sn,161.54
2022-11-01,sn,161.9
2022-11-02,sn,162.25
2022-11-03,sn,162.36
2022-11-04,sn,162.59
2022-11-05,sn,162.89
2022-11-06,sn,162.99
2022-11-07,sn,163.01
2022-11-08,sn,163.13
2022-11-09,sn,163.28
2022-11-10,sn,163.39
2022-11-11,sn,163.18
2022-11-12,sn,163.44
2022-11-13,sn,163.57
2022-11-14,sn,163.51
2022-11-15,sn,163.42
2022-11-16,sn,163.4
2022-11-17,sn,163.29
2022-11-18,sn,163.26
2022-11-19,sn,162.95
2022-11-20,sn,162.66
2022-11-21,sn,162.58
2022-11-22,sn,162.23
2022-11-23,sn,161.81
2022-11-24,sn,161.51
2022-11-25,sn,161.24
2022-11-26,sn,161.02
2022-11-27,sn,160.79
2022-11-28,sn,160.56
2022-11-29,sn,160.69
2022-11-30,sn,160.72
2022-12-01,sn,160.61
2022-12-02,sn,160.46
2022-12-03,sn,160.24
2022-12-04,sn,160.16
2022-12-05,sn,159.98
2022-12-06,sn,159.82
2022-12-07,sn,159.72
2022-12-08,sn,159.68
2022-12-09,sn,159.77
2022-12-10,sn,159.77
2022-12-11,sn,159.68
2022-12-12,sn,159.69
2022-12-13,sn,159.57
2022-12-14,sn,159.49
2022-12-15,sn,159.39
2022-12-16,sn,159.19
2022-12-17,sn,159.03
2022-12-18,sn,158.86
2022-12-19,sn,158.62
2022-12-20,sn,158.35
2022-12-21,sn,158.01
2022-12-22,sn,157.71
2022-12-23,sn,157.56
2022-12-24,sn,157.39
2022-12-25,sn,157.22
2022-12-26,sn,157.28
2022-12-27,sn,157.39
2022-12-28,sn,157.57
2022-12-29,sn,157.72
2022-12-30,sn,157.81
2022-12-31,sn,157.88
2023-01-01,sn,157.88
2023-01-02,sn,157.7
2023-01-03,sn,157.64
2023-01-04,sn,157.51
2023-01-05,sn,157.4
2023-01-06,sn,157.29
2023-01-07,sn,157.31
2023-01-08,sn,157.39
2023-01-09,sn,157.48
2023-01-10,sn,157.53
2023-01-11,sn,157.79
2023-01-12,sn,157.9
2023-01-13,sn,158.08
2023-01-14,sn,158.19
2023-01-15,sn,158.34
2023-01-16,sn,158.43
2023-01-17,sn,158.41
2023-01-18,sn,158.25
2023-01-19,sn,158.39
2023-01-20,sn,158.36
2023-01-21,sn,158.27
2023-01-22,sn,158.15
2023-01-23,sn,158.04
2023-01-24,sn,157.92
2023-01-25,sn,157.88
2023-01-26,sn,157.62
2023-01-27,sn,157.33
2023-01-28,sn,157.25
2023-01-29,sn,157.09
2023-01-30,sn,156.84
2023-01-31,sn,156.59
2023-02-01,sn,156.51
2023-02-02,sn,156.53
2023-02-03,sn,156.86
2023-02-04,sn,157.3
2023-02-05,sn,157.77
2023-02-06,sn,158.34
2023-02-07,sn,158.93
2023-02-08,sn,158.97
2023-02-09,sn,159.32
2023-02-10,sn,159.53
2023-02-11,sn,159.53
2023-02-12,sn,159.45
2023-02-13,sn,159.52
2023-02-14,sn,159.57
2023-02-15,sn,159.83
2023-02-16,sn,159.68
2023-02-17,sn,159.58
2023-02-18,sn,159.31
2023-02-19,sn,159.11
2023-02-20,sn,158.84
2023-02-21,sn,158.71
2023-02-22,sn,158.68
2023-02-23,sn,158.74
2023-02-24,sn,158.53
2023-02-25,sn,158.62
2023-02-26,sn,158.59
2023-02-27,sn,158.54
2023-02-28,sn,158.37
2023-03-01,sn,158.18
2023-03-02,sn,158.07
2023-03-03,sn,158.19
2023-03-04,sn,158.17
2023-03-05,sn,158.34
2023-03-06,sn,158.51
2023-03-07,sn,158.56
2023-03-08,sn,158.7
2023-03-09,sn,158.63
2023-03-10,sn,158.75
2023-03-11,sn,158.87
2023-03-12,sn,158.97
2023-03-13,sn,159.11
2023-03-14,sn,159.29
2023-03-15,sn,159.46
2023-03-16,sn,159.68
2023-03-17,sn,159.63
2023-03-18,sn,159.64
2023-03-19,sn,159.55
2023-03-20,sn,159.5
2023-03-21,sn,159.67
2023-03-22,sn,159.73
2023-03-23,sn,159.9
2023-03-24,sn,160.13
2023-03-25,sn,160.23
2023-03-26,sn,160.42
2023-03-27,sn,160.56
2023-03-28,sn,160.61
2023-03-29,sn,160.82
2023-03-30,sn,160.93
2023-03-31,sn,161.02
2023-04-01,sn,161.09
2023-04-02,sn,161.12
2023-04-03,sn,161.01
2023-04-04,sn,160.85
2023-04-05,sn,160.74
2023-04-06,sn,160.75
2023-04-07,sn,161.12
2023-04-08,sn,161.29
2023-04-09,sn,161.51
2023-04-10,sn,161.8
2023-04-11,sn,161.9
2023-04-12,sn,161.81
2023-04-13,sn,161.53
2023-04-14,sn,160.97
2023-04-15,sn,160.54
2023-04-16,sn,160
2023-04-17,sn,159.4
2023-04-18,sn,159.04
2023-04-19,sn,158.65
2023-04-20,sn,158.46
2023-04-21,sn,158.19
2023-04-22,sn,158.1
2023-04-23,sn,158.04
2023-04-24,sn,158.14
2023-04-25,sn,158.33
2023-04-26,sn,158.55
2023-04-27,sn,158.56
2023-04-28,sn,158.49
2023-04-29,sn,158.22
2023-04-30,sn,157.84
2023-05-01,sn,157.48
2023-05-02,sn,156.94
2023-05-03,sn,156.33
2023-05-04,sn,155.92
2023-05-05,sn,155.5
2023-05-06,sn,155.32
2023-05-07,sn,155.33
2023-05-08,sn,155.23
2023-05-09,sn,155.26
2023-05-10,sn,155.38
2023-05-11,sn,155.38
2023-05-12,sn,155.67
2023-05-13,sn,156
2023-05-14,sn,156.27
2023-05-15,sn,156.32
2023-05-16,sn,156.34
2023-05-17,sn,156.46
2023-05-18,sn,156.81
2023-05-19,sn,156.84
2023-05-20,sn,156.8
2023-05-21,sn,156.84
2023-05-22,sn,156.96
2023-05-23,sn,157.06
2023-05-24,sn,157.11
2023-05-25,sn,157.01
2023-05-26,sn,157.15
2023-05-27,sn,157.29
2023-05-28,sn,157.32
2023-05-29,sn,157.67
2023-05-30,sn,157.9
2023-05-31,sn,158.1
2023-06-01,sn,158.19
2023-06-02,sn,158.2
2023-06-03,sn,158.3
2023-06-04,sn,158.32
2023-06-05,sn,158.22
2023-06-06,sn,158.26
2023-06-07,sn,158.28
2023-06-08,sn,158.38
2023-06-09,sn,158.4
2023-06-10,sn,158.32
2023-06-11,sn,158.28
2023-06-12,sn,158.23
2023-06-13,sn,158.13
2023-06-14,sn,158.23
2023-06-15,sn,158.2
2023-06-16,sn,158.21
2023-06-17,sn,158.28
2023-06-18,sn,158.42
2023-06-19,sn,158.5
2023-06-20,sn,158.64
2023-06-21,sn,158.61
2023-06-22,sn,158.67
2023-06-23,sn,158.68
2023-06-24,sn,158.65
2023-06-25,sn,158.55
2023-06-26,sn,158.58
2023-06-27,sn,158.58
2023-06-28,sn,158.63
2023-06-29,sn,158.65
2023-06-30,sn,158.75
2023-07-01,sn,158.66
2023-07-02,sn,158.66
2023-07-03,sn,158.53
2023-07-04,sn,158.41
2023-07-05,sn,158.24
2023-07-06,sn,158.09
2023-07-07,sn,157.92
2023-07-08,sn,157.9
2023-07-09,sn,157.88
2023-07-10,sn,157.84
2023-07-11,sn,157.67
2023-07-12,sn,157.63
2023-07-13,sn,157.61
2023-07-14,sn,157.52
2023-07-15,sn,157.42
2023-07-16,sn,157.35
2023-07-17,sn,157.3
2023-07-18,sn,157.3
2023-07-19,sn,157.16
2023-07-20,sn,157.06
2023-07-21,sn,157
2023-07-22,sn,157.1
2023-07-23,sn,157.2
2023-07-24,sn,157.33
2023-07-25,sn,157.56
2023-07-26,sn,158.09
2023-07-27,sn,158.86
2023-07-28,sn,159.21
2023-07-29,sn,159.21
2023-07-30,sn,159.18
2023-07-31,sn,159.19
2023-08-01,sn,159.2
2023-08-02,sn,158.99
2023-08-03,sn,158.49
2023-08-04,sn,158.53
2023-08-05,sn,158.7
2023-08-06,sn,159.18
2023-08-07,sn,159.73
2023-08-08,sn,160.12
2023-08-09,sn,160.38
2023-08-10,sn,160.62
2023-08-11,sn,160.74
2023-08-12,sn,160.83
2023-08-13,sn,160.72
2023-08-14,sn,160.3
2023-08-15,sn,160.07
2023-08-16,sn,159.92
2023-08-17,sn,159.72
2023-08-18,sn,159.48
2023-08-19,sn,159.38
2023-08-20,sn,159.15
2023-08-21,sn,159.17
2023-08-22,sn,158.99
2023-08-23,sn,158.71
2023-08-24,sn,158.32
2023-08-25,sn,157.98
2023-08-26,sn,157.68
2023-08-27,sn,157.34
2023-08-28,sn,157.05
2023-08-29,sn,157.02
2023-08-30,sn,157.01
2023-08-31,sn,157.05
2023-09-01,sn,157.07
2023-09-02,sn,157
2023-09-03,sn,156.89
2023-09-04,sn,156.61
2023-09-05,sn,156.21
2023-09-06,sn,155.97
2023-09-07,sn,155.86
2023-09-08,sn,155.82
2023-09-09,sn,155.92
2023-09-10,sn,156.06
2023-09-11,sn,156.29
2023-09-12,sn,156.59
2023-09-13,sn,156.75
2023-09-14,sn,156.82
2023-09-15,sn,156.96
2023-09-16,sn,156.93
2023-09-17,sn,156.86
2023-09-18,sn,156.89
2023-09-19,sn,156.85
2023-09-20,sn,156.95
2023-09-21,sn,157.15
2023-09-22,sn,157.19
2023-09-23,sn,157.37
2023-09-24,sn,157.4
2023-09-25,sn,157.46
2023-09-26,sn,157.64
2023-09-27,sn,157.76
2023-09-28,sn,157.81
2023-09-29,sn,157.87
2023-09-30,sn,157.75
2023-10-01,sn,157.78
2023-10-02,sn,157.87
2023-10-03,sn,157.96
2023-10-04,sn,158.04
2023-10-05,sn,157.73
2023-10-06,sn,157.52
2023-10-07,sn,157.43
2023-10-08,sn,157.38
2023-10-09,sn,157.16
2023-10-10,sn,156.89
2023-10-11,sn,156.46
2023-10-12,sn,156.39
2023-10-13,sn,156.18
2023-10-14,sn,155.99
2023-10-15,sn,155.88
2023-10-16,sn,155.75
2023-10-17,sn,155.53
2023-10-18,sn,155.46
2023-10-19,sn,155.53
2023-10-20,sn,155.62
2023-10-21,sn,155.62
2023-10-22,sn,155.53
2023-10-23,sn,155.35
2023-10-24,sn,155.25
2023-10-25,sn,155.28
2023-10-26,sn,155.34
2023-10-27,sn,155.31
2023-10-28,sn,155.31
2023-10-29,sn,155.16
2023-10-30,sn,155.09
2023-10-31,sn,155.13
2023-11-01,sn,154.91
2023-11-02,sn,154.6
2023-11-03,sn,154.42
2023-11-04,sn,154.31
2023-11-05,sn,154.36
2023-11-06,sn,154.42
2023-11-07,sn,154.21
2023-11-08,sn,154.26
2023-11-09,sn,154.2
2023-11-10,sn,154.19
2023-11-11,sn,154.11
2023-11-12,sn,154
2023-11-13,sn,153.94
2023-11-14,sn,154
2023-11-15,sn,153.96
2023-11-16,sn,154.05
2023-11-17,sn,154.03
2023-11-18,sn,154.03
2023-11-19,sn,154.13
2023-11-20,sn,154.18
2023-11-21,sn,154.07
2023-11-22,sn,154.17
2023-11-23,sn,154.07
2023-11-24,sn,154.21
2023-11-25,sn,154.17
2023-11-26,sn,154.12
2023-11-27,sn,154.08
2023-11-28,sn,154.16
2023-11-29,sn,154.06
2023-11-30,sn,154.11
2023-12-01,sn,153.9
2023-12-02,sn,153.86
2023-12-03,sn,153.66
2023-12-04,sn,153.48
2023-12-05,sn,153.29
2023-12-06,sn,153.07
2023-12-07,sn,152.96
2023-12-08,sn,152.91
2023-12-09,sn,152.96
2023-12-10,sn,153.07
2023-12-11,sn,153.24
2023-12-12,sn,153.46
2023-12-13,sn,153.72
2023-12-14,sn,153.89
2023-12-15,sn,153.99
2023-12-16,sn,153.91
2023-12-17,sn,153.92
2023-12-18,sn,153.81
2023-12-19,sn,153.6
2023-12-20,sn,153.42
2023-12-21,sn,153.31
2023-12-22,sn,153.42
2023-12-23,sn,153.49
2023-12-24,sn,153.69
2023-12-25,sn,154.08
2023-12-26,sn,154.45
2023-12-27,sn,154.7
2023-12-28,sn,154.88
2023-12-29,sn,154.89
2023-12-30,sn,154.91
2023-12-31,sn,154.74
2024-01-01,sn,154.4
2024-01-02,sn,154.11
2024-01-03,sn,153.86
2024-01-04,sn,153.48
2024-01-05,sn,153.27
2024-01-06,sn,153.21
2024-01-07,sn,153.06
2024-01-08,sn,152.78
2024-01-09,sn,152.62
2024-01-10,sn,152.41
2024-01-11,sn,152.49
2024-01-12,sn,152.45
2024-01-13,sn,152.4
2024-01-14,sn,152.51
2024-01-15,sn,152.55
2024-01-16,sn,152.48
2024-01-17,sn,152.56
2024-01-18,sn,152.42
2024-01-19,sn,152.33
2024-01-20,sn,152.21
2024-01-21,sn,152.01
2024-01-22,sn,152.03
2024-01-23,sn,152.16
2024-01-24,sn,152.33
2024-01-25,sn,152.5
2024-01-26,sn,152.12
2024-01-27,sn,151.81
2024-01-28,sn,151.61
2024-01-29,sn,151.31
2024-01-30,sn,150.77
2024-01-31,sn,150.11
2024-02-01,sn,149.37
2024-02-02,sn,149.23
2024-02-03,sn,149.07
2024-02-04,sn,148.76
2024-02-05,sn,148.49
2024-02-06,sn,148.41
2024-02-07,sn,148.34
2024-02-08,sn,148.41
2024-02-09,sn,148.23
2024-02-10,sn,148.01
2024-02-11,sn,147.84
2024-02-12,sn,147.77
2024-02-13,sn,147.66
2024-02-14,sn,147.41
2024-02-15,sn,147.22
2024-02-16,sn,147.22
2024-02-17,sn,147.27
2024-02-18,sn,147.4
2024-02-19,sn,147.54
2024-02-20,sn,147.59
2024-02-21,sn,147.82
2024-02-22,sn,147.88
2024-02-23,sn,147.88
2024-02-24,sn,148
2024-02-25,sn,148.09
2024-02-26,sn,148.26
2024-02-27,sn,148.4
2024-02-28,sn,148.51
2024-02-29,sn,148.77
2024-03-01,sn,148.89
2024-03-02,sn,148.71
2024-03-03,sn,148.55
2024-03-04,sn,148.26
2024-03-05,sn,148.11
2024-03-06,sn,147.82
2024-03-07,sn,147.41
2024-03-08,sn,147.15
2024-03-09,sn,147
2024-03-10,sn,146.73
2024-03-11,sn,146.42
2024-03-12,sn,146.14
2024-03-13,sn,145.99
2024-03-14,sn,145.96
2024-03-15,sn,145.79
2024-03-16,sn,145.6
2024-03-17,sn,145.54
2024-03-18,sn,145.6
2024-03-19,sn,145.56
2024-03-20,sn,145.67
2024-03-21,sn,145.66
2024-03-22,sn,146
2024-03-23,sn,146.28
2024-03-24,sn,146.63
2024-03-25,sn,146.95
2024-03-26,sn,147.2
2024-03-27,sn,147.27
2024-03-28,sn,147.31
2024-03-29,sn,147.27
2024-03-30,sn,147.27
2024-03-31,sn,147.06
2024-04-01,sn,146.91
2024-04-02,sn,146.75
2024-04-03,sn,146.61
2024-04-04,sn,146.57
2024-04-05,sn,146.22
2024-04-06,sn,145.92
2024-04-07,sn,145.76
2024-04-08,sn,145.49
2024-04-09,sn,145.31
2024-04-10,sn,145.09
2024-04-11,sn,144.8
2024-04-12,sn,144.72
2024-04-13,sn,144.72
2024-04-14,sn,144.62
2024-04-15,sn,144.58
2024-04-16,sn,144.43
2024-04-17,sn,144.52
2024-04-18,sn,144.65
2024-04-19,sn,144.72
2024-04-20,sn,144.72
2024-04-21,sn,144.7
2024-04-22,sn,144.75
2024-04-23,sn,144.97
2024-04-24,sn,144.95
2024-04-25,sn,145.01
2024-04-26,sn,145.15
2024-04-27,sn,145.2
2024-04-28,sn,145.22
2024-04-29,sn,145.03
2024-04-30,sn,145.37
2024-05-01,sn,145.92
2024-05-02,sn,146.11
2024-05-03,sn,146.37
2024-05-04,sn,146.77
2024-05-05,sn,147.13
2024-05-06,sn,147.62
2024-05-07,sn,147.4
2024-05-08,sn,146.98
2024-05-09,sn,146.85
2024-05-10,sn,146.51
2024-05-11,sn,146.11
2024-05-12,sn,145.76
2024-05-13,sn,145.43
2024-05-14,sn,144.41
2024-05-15,sn,143.52
2024-05-16,sn,142.56
2024-05-17,sn,141.6
2024-05-18,sn,140.64
2024-05-19,sn,139.77
2024-05-20,sn,139.02
2024-05-21,sn,138.98
2024-05-22,sn,138.93
2024-05-23,sn,138.86
2024-05-24,sn,138.84
2024-05-25,sn,139
2024-05-26,sn,139
2024-05-27,sn,138.95
2024-05-28,sn,138.87
2024-05-29,sn,138.83
2024-05-30,sn,138.87
2024-05-31,sn,138.9
2024-06-01,sn,138.72
2024-06-02,sn,138.64
2024-06-03,sn,138.47
2024-06-04,sn,138.34
2024-06-05,sn,138.19
2024-06-06,sn,137.99
2024-06-07,sn,137.85
2024-06-08,sn,137.82
2024-06-09,sn,137.58
2024-06-10,sn,137.47
2024-06-11,sn,137.4
2024-06-12,sn,137.19
2024-06-13,sn,137.03
2024-06-14,sn,136.69
2024-06-15,sn,136.27
2024-06-16,sn,136.13
2024-06-17,sn,135.95
2024-06-18,sn,135.59
2024-06-19,sn,135.24
2024-06-20,sn,134.92
2024-06-21,sn,134.85
2024-06-22,sn,134.82
2024-06-23,sn,134.65
2024-06-24,sn,134.4
2024-06-25,sn,134.37
2024-06-26,sn,134.36
2024-06-27,sn,134.33
2024-06-28,sn,134.13
2024-06-29,sn,134.03
2024-06-30,sn,134.01
2024-07-01,sn,133.78
2024-07-02,sn,133.56
2024-07-03,sn,133.33
2024-07-04,sn,133
2024-07-05,sn,132.75
2024-07-06,sn,132.34
2024-07-07,sn,131.93
2024-07-08,sn,131.73
2024-07-09,sn,131.55
2024-07-10,sn,131.33
2024-07-11,sn,131.36
2024-07-12,sn,131.34
2024-07-13,sn,131.32
2024-07-14,sn,131.3
2024-07-15,sn,131.47
2024-07-16,sn,131.32
2024-07-17,sn,131.3
2024-07-18,sn,130.81
2024-07-19,sn,130.47
2024-07-20,sn,130.14
2024-07-21,sn,129.7
2024-07-22,sn,129.21
2024-07-23,sn,128.97
2024-07-24,sn,128.65
2024-07-25,sn,128.73
2024-07-26,sn,129.03
2024-07-27,sn,129.48
2024-07-28,sn,129.85
2024-07-29,sn,130.06
2024-07-30,sn,130.12
2024-07-31,sn,130.24
2024-08-01,sn,130.21
2024-08-02,sn,130.01
2024-08-03,sn,129.66
2024-08-04,sn,129.57
2024-08-05,sn,129.39
2024-08-06,sn,129.71
2024-08-07,sn,130.06
2024-08-08,sn,130.34
2024-08-09,sn,130.4
2024-08-10,sn,130.55
2024-08-11,sn,130.68
2024-08-12,sn,130.92
2024-08-13,sn,130.83
2024-08-14,sn,130.72
2024-08-15,sn,130.65
2024-08-16,sn,130.73
2024-08-17,sn,130.77
2024-08-18,sn,130.74
2024-08-19,sn,130.76
2024-08-20,sn,130.79
2024-08-21,sn,130.77
2024-08-22,sn,130.83
2024-08-23,sn,130.85
2024-08-24,sn,130.85
2024-08-25,sn,130.85
2024-08-26,sn,130.86
2024-08-27,sn,130.95
2024-08-28,sn,130.8
2024-08-29,sn,130.67
2024-08-30,sn,130.68
2024-08-31,sn,130.59
2024-09-01,sn,130.52
2024-09-02,sn,130.44
2024-09-03,sn,130.35
2024-09-04,sn,130.52
2024-09-05,sn,130.68
2024-09-06,sn,130.69
2024-09-07,sn,130.81
2024-09-08,sn,130.75
2024-09-09,sn,130.62
2024-09-10,sn,130.5
2024-09-11,sn,130.26
2024-09-12,sn,129.95
2024-09-13,sn,129.62
2024-09-14,sn,129.33
2024-09-15,sn,129.22
2024-09-16,sn,129.17
2024-09-17,sn,129.08
2024-09-18,sn,129.07
2024-09-19,sn,129.15
2024-09-20,sn,129.27
2024-09-21,sn,129.29
2024-09-22,sn,129.27
2024-09-23,sn,129.14
2024-09-24,sn,129
2024-09-25,sn,128.8
2024-09-26,sn,128.55
2024-09-27,sn,128.42
2024-09-28,sn,128.31
2024-09-29,sn,128.31
2024-09-30,sn,128.33
2024-10-01,sn,128.35
2024-10-02,sn,127.91
2024-10-03,sn,128.01
2024-10-04,sn,128.01
2024-10-05,sn,128.03
2024-10-06,sn,127.96
2024-10-07,sn,128.01
2024-10-08,sn,127.97
2024-10-09,sn,128.62
2024-10-10,sn,128.71
2024-10-11,sn,128.85
2024-10-12,sn,128.94
2024-10-13,sn,129.01
2024-10-14,sn,129.01
2024-10-15,sn,129
2024-10-16,sn,128.85
2024-10-17,sn,128.86
2024-10-18,sn,128.68
2024-10-19,sn,128.55
2024-10-20,sn,128.44
2024-10-21,sn,128.34
2024-10-22,sn,128.36
2024-10-23,sn,128.3
2024-10-24,sn,127.97
2024-10-25,sn,127.79
2024-10-26,sn,127.58
2024-10-27,sn,127.33
2024-10-28,sn,127.13
2024-10-29,sn,126.98
2024-10-30,sn,126.84
2024-10-31,sn,126.87
2024-11-01,sn,126.86
2024-11-02,sn,126.78
2024-11-03,sn,126.77
2024-11-04,sn,126.69
2024-11-05,sn,126.64
2024-11-06,sn,126.65
2024-11-07,sn,126.54
2024-11-08,sn,126.43
2024-11-09,sn,126.39
2024-11-10,sn,126.29
2024-11-11,sn,126.33
2024-11-12,sn,126.13
2024-11-13,sn,126
2024-11-14,sn,125.91
2024-11-15,sn,126.01
2024-11-16,sn,126.05
2024-11-17,sn,126.2
2024-11-18,sn,126.26
2024-11-19,sn,126.54
2024-11-20,sn,126.82
2024-11-21,sn,127
2024-11-22,sn,127.14
2024-11-23,sn,127.39
2024-11-24,sn,127.47
2024-11-25,sn,127.58
2024-11-26,sn,127.6
2024-11-27,sn,127.54
2024-11-28,sn,127.44
2024-11-29,sn,127.02
2024-11-30,sn,126.81
2024-12-01,sn,126.63
2024-12-02,sn,126.47
2024-12-03,sn,126.18
2024-12-04,sn,125.99
2024-12-05,sn,125.93
2024-12-06,sn,126.16
2024-12-07,sn,126.11
2024-12-08,sn,126.18
2024-12-09,sn,126.19
2024-12-10,sn,126.29
2024-12-11,sn,126.32
2024-12-12,sn,126.27
2024-12-13,sn,126.21
2024-12-14,sn,126.18
2024-12-15,sn,126.19
2024-12-16,sn,126.2
2024-12-17,sn,126.13
2024-12-18,sn,126.01
2024-12-19,sn,126.05
2024-12-20,sn,126.13
2024-12-21,sn,126.28
2024-12-22,sn,126.28
2024-12-23,sn,126.39
2024-12-24,sn,126.53
2024-12-25,sn,126.82
2024-12-26,sn,127.04
2024-12-27,sn,127.11
2024-12-28,sn,126.99
2024-12-29,sn,127.01
2024-12-30,sn,127
2024-12-31,sn,127.03
2025-01-01,sn,127.07
2025-01-02,sn,126.95
2025-01-03,sn,126.92
2025-01-04,sn,126.99
2025-01-05,sn,126.96
2025-01-06,sn,126.78
2025-01-07,sn,126.53
2025-01-08,sn,126.26
2025-01-09,sn,126.23
2025-01-10,sn,126.14
2025-01-11,sn,126
2025-01-12,sn,125.89
2025-01-13,sn,125.91
2025-01-14,sn,125.98
2025-01-15,sn,126.09
2025-01-16,sn,126.04
2025-01-17,sn,125.95
2025-01-18,sn,125.96
2025-01-19,sn,126.01
2025-01-20,sn,125.94
2025-01-21,sn,125.85
2025-01-22,sn,125.63
2025-01-23,sn,125.62
2025-01-24,sn,125.64
2025-01-25,sn,125.57
2025-01-26,sn,125.6
2025-01-27,sn,125.77
2025-01-28,sn,125.86
2025-01-29,sn,125.74
2025-01-30,sn,125.6
2025-01-31,sn,125.48
2025-02-01,sn,125.41
2025-02-02,sn,125.13
2025-02-03,sn,124.73
2025-02-04,sn,124.3
2025-02-05,sn,124.17
2025-02-06,sn,123.86
2025-02-07,sn,123.53
2025-02-08,sn,123.29
2025-02-09,sn,122.98
2025-02-10,sn,122.71
2025-02-11,sn,122.55
2025-02-12,sn,122.26
2025-02-13,sn,121.64
2025-02-14,sn,121.39
2025-02-15,sn,120.99
2025-02-16,sn,120.76
2025-02-17,sn,120.64
2025-02-18,sn,120.5
2025-02-19,sn,120.34
2025-02-20,sn,120.57
2025-02-21,sn,120.42
2025-02-22,sn,120.23
2025-02-23,sn,120.03
2025-02-24,sn,119.74
2025-02-25,sn,119.46
2025-02-26,sn,119.35
2025-02-27,sn,119.25
2025-02-28,sn,119.28
2025-03-01,sn,119.37
2025-03-02,sn,119.46
2025-03-03,sn,119.51
2025-03-04,sn,119.59
2025-03-05,sn,119.48
2025-03-06,sn,119.54
2025-03-07,sn,119.54
2025-03-08,sn,119.46
2025-03-09,sn,119.36
2025-03-10,sn,119.21
2025-03-11,sn,119.03
2025-03-12,sn,118.96
2025-03-13,sn,118.64
2025-03-14,sn,118.24
2025-03-15,sn,118.03
2025-03-16,sn,117.83
2025-03-17,sn,117.78
2025-03-18,sn,117.71
2025-03-19,sn,117.66
2025-03-20,sn,117.78
2025-03-21,sn,117.88
2025-03-22,sn,117.79
2025-03-23,sn,117.78
2025-03-24,sn,117.72
2025-03-25,sn,117.8
2025-03-26,sn,117.9
2025-03-27,sn,117.93
2025-03-28,sn,118.01
2025-03-29,sn,118.15
2025-03-30,sn,118.29
2025-03-31,sn,118.35
2025-04-01,sn,118.31
2025-04-02,sn,118.27
2025-04-03,sn,118.2
2025-04-04,sn,118.14
2025-04-05,sn,118.18
2025-04-06,sn,118.04
2025-04-07,sn,118
2025-04-08,sn,117.85
2025-04-09,sn,117.71
2025-04-10,sn,117.36
2025-04-11,sn,116.9
2025-04-12,sn,116.44
2025-04-13,sn,116.21
2025-04-14,sn,116.04
2025-04-15,sn,115.92
2025-04-16,sn,115.71
2025-04-17,sn,115.72
2025-04-18,sn,115.88
2025-04-19,sn,115.9
2025-04-20,sn,115.86
2025-04-21,sn,115.78
2025-04-22,sn,115.7
2025-04-23,sn,115.67
2025-04-24,sn,115.63
2025-04-25,sn,115.56
2025-04-26,sn,115.71
2025-04-27,sn,115.69
2025-04-28,sn,115.56
2025-04-29,sn,115.58
2025-04-30,sn,115.4
2025-05-01,sn,115.29
2025-05-02,sn,115.17
2025-05-03,sn,114.94
2025-05-04,sn,114.85
2025-05-05,sn,114.74
2025-05-06,sn,114.54
2025-05-07,sn,114.56
2025-05-08,sn,114.59
2025-05-09,sn,114.61
2025-05-10,sn,114.63
2025-05-11,sn,114.44
2025-05-12,sn,114.32
2025-05-13,sn,114.26
2025-05-14,sn,114.13
2025-05-15,sn,113.81
2025-05-16,sn,113.56
2025-05-17,sn,113.16
2025-05-18,sn,112.97
2025-05-19,sn,112.83
2025-05-20,sn,112.7
2025-05-21,sn,112.62
2025-05-22,sn,112.62
2025-05-23,sn,112.66
2025-05-24,sn,112.84
2025-05-25,sn,112.92
2025-05-26,sn,112.96
2025-05-27,sn,112.93
2025-05-28,sn,112.96
2025-05-29,sn,113.11
2025-05-30,sn,113.2
2025-05-31,sn,113.29
2025-06-01,sn,113.44
2025-06-02,sn,113.6
2025-06-03,sn,113.75
2025-06-04,sn,113.84
2025-06-05,sn,113.81
2025-06-06,sn,113.54
2025-06-07,sn,113.3
2025-06-08,sn,113.06
2025-06-09,sn,112.85
2025-06-10,sn,112.41
2025-06-11,sn,111.86
2025-06-12,sn,111.47
2025-06-13,sn,111.33
2025-06-14,sn,111.07
2025-06-15,sn,110.83
2025-06-16,sn,110.58
2025-06-17,sn,110.6
2025-06-18,sn,110.67
2025-06-19,sn,110.64
2025-06-20,sn,110.51
2025-06-21,sn,110.5
2025-06-22,sn,110.49
2025-06-23,sn,110.39
2025-06-24,sn,110.13
2025-06-25,sn,109.87
2025-06-26,sn,109.75
2025-06-27,sn,109.67
2025-06-28,sn,109.5
2025-06-29,sn,109.31
2025-06-30,sn,109.18
2025-07-01,sn,108.86
2025-07-02,sn,108.62
2025-07-03,sn,108.25
2025-07-04,sn,108.02
2025-07-05,sn,107.88
2025-07-06,sn,107.76
2025-07-07,sn,107.64
2025-07-08,sn,107.79
2025-07-09,sn,107.96
2025-07-10,sn,108.04
2025-07-11,sn,108.02
2025-07-12,sn,108.05
2025-07-13,sn,107.96
2025-07-14,sn,107.87
2025-07-15,sn,107.95
2025-07-16,sn,107.93
2025-07-17,sn,107.86
2025-07-18,sn,107.65
2025-07-19,sn,107.3
2025-07-20,sn,107
2025-07-21,sn,106.73
2025-07-22,sn,106.44
2025-07-23,sn,106.1
2025-07-24,sn,105.84
2025-07-25,sn,105.89
2025-07-26,sn,106.35
2025-07-27,sn,106.86
2025-07-28,sn,107.19
2025-07-29,sn,107.37
2025-07-30,sn,107.46
2025-07-31,sn,107.59
2025-08-01,sn,107.36
2025-08-02,sn,106.98
2025-08-03,sn,106.59
2025-08-04,sn,106.43
2025-08-05,sn,106.09
2025-08-06,sn,106.29
2025-08-07,sn,106.61
2025-08-08,sn,107.04
2025-08-09,sn,107.14
2025-08-10,sn,107.29
2025-08-11,sn,107.48
2025-08-12,sn,107.84
2025-08-13,sn,107.9
2025-08-14,sn,107.8
2025-08-15,sn,107.8
2025-08-16,sn,107.91
2025-08-17,sn,107.93
2025-08-18,sn,107.78
2025-08-19,sn,107.89
2025-08-20,sn,108.02
2025-08-21,sn,108.29
2025-08-22,sn,108.43
2025-08-23,sn,108.83
2025-08-24,sn,109.33
2025-08-25,sn,109.86
2025-08-26,sn,110.11
2025-08-27,sn,110.38
2025-08-28,sn,110.68
2025-08-29,sn,111.08
2025-08-30,sn,111.22
2025-08-31,sn,111.32
2025-09-01,sn,111.47
2025-09-02,sn,111.84
2025-09-03,sn,112.11
2025-09-04,sn,112.26
2025-09-05,sn,112.36
2025-09-06,sn,112.47
2025-09-07,sn,112.55
2025-09-08,sn,112.58
2025-09-09,sn,112.45
2025-09-10,sn,112.12
2025-09-11,sn,112.02
2025-09-12,sn,111.96
2025-09-13,sn,111.93
2025-09-14,sn,111.96
2025-09-15,sn,111.94
2025-09-16,sn,111.87
2025-09-17,sn,112.03
2025-09-18,sn,112
2025-09-19,sn,111.92
2025-09-20,sn,111.76
2025-09-21,sn,111.51
2025-09-22,sn,111.35
2025-09-23,sn,111.23
2025-09-24,sn,111.16
2025-09-25,sn,111.16
2025-09-26,sn,111.19
2025-09-27,sn,111.18
2025-09-28,sn,111.26
2025-09-29,sn,111.25
2025-09-30,sn,111.37
2025-10-01,sn,111.26
2025-10-02,sn,111.26
2025-10-03,sn,111.27
2025-10-04,sn,111.36
2025-10-05,sn,111.5
2025-10-06,sn,111.71
2025-10-07,sn,111.84
2025-10-08,sn,112.2
2025-10-09,sn,112.23
2025-10-10,sn,112.23
2025-10-11,sn,112.26
2025-10-12,sn,112.2
2025-10-13,sn,112.13
2025-10-14,sn,112.03
2025-10-15,sn,111.79
2025-10-16,sn,111.66
2025-10-17,sn,111.42
2025-10-18,sn,111.21
2025-10-19,sn,111.03
2025-10-20,sn,110.87
2025-10-21,sn,110.71
2025-10-22,sn,110.71
2025-10-23,sn,110.66
2025-10-24,sn,110.7
2025-10-25,sn,110.78
2025-10-26,sn,110.79
2025-10-27,sn,110.79
2025-10-28,sn,110.77
2025-10-29,sn,110.77
2025-10-30,sn,110.78
2025-10-31,sn,110.76
2025-11-01,sn,110.57
2025-11-02,sn,110.4
2025-11-03,sn,110.23
2025-11-04,sn,110.18
2025-11-05,sn,109.97
2025-11-06,sn,109.87
2025-11-07,sn,109.67
2025-11-08,sn,109.72
2025-11-09,sn,109.8
2025-11-10,sn,109.99
2025-11-11,sn,110.14
2025-11-12,sn,110.34
2025-11-13,sn,110.44
2025-11-14,sn,110.66
2025-11-15,sn,110.71
2025-11-16,sn,110.73
2025-11-17,sn,110.71
2025-11-18,sn,110.7
2025-11-19,sn,110.6
2025-11-20,sn,110.6
2025-11-21,sn,110.62
2025-11-22,sn,110.64
2025-11-23,sn,110.69
2025-11-24,sn,110.7
2025-11-25,sn,110.59
2025-11-26,sn,110.59
2025-11-27,sn,110.56
2025-11-28,sn,110.5
2025-11-29,sn,110.51
2025-11-30,sn,110.45
2025-12-01,sn,110.31
2025-12-02,sn,110.28
2025-12-03,sn,110.24
2025-12-04,sn,110.14
2025-12-05,sn,110.11
2025-12-06,sn,109.95
2025-12-07,sn,109.79
2025-12-08,sn,109.74
2025-12-09,sn,109.57
2025-12-10,sn,109.5
2025-12-11,sn,109.52
2025-12-12,sn,109.47
2025-12-13,sn,109.48
2025-12-14,sn,109.51
2025-12-15,sn,109.65
2025-12-16,sn,109.88
2025-12-17,sn,110.01
2025-12-18,sn,110.17
2025-12-19,sn,110.46
2025-12-20,sn,110.71
2025-12-21,sn,110.93
2025-12-22,sn,111.09
2025-12-23,sn,111.21
2025-12-24,sn,111.32
2025-12-25,sn,111.34
2025-12-26,sn,111.21
2025-12-27,sn,111.13
2025-12-28,sn,111.06
2025-12-29,sn,111.08
2025-12-30,sn,111.11
2025-12-31,sn,111.21
2026-01-01,sn,111.4
2026-01-02,sn,111.56
2026-01-03,sn,111.59
2026-01-04,sn,111.54
2026-01-05,sn,111.56
2026-01-06,sn,111.58
2026-01-07,sn,111.58
2026-01-08,sn,111.49
2026-01-09,sn,111.51
2026-01-10,sn,111.51
2026-01-11,sn,111.68
2026-01-12,sn,111.8
2026-01-13,sn,111.96
2026-01-14,sn,111.98
2026-01-15,sn,112.03
2026-01-16,sn,112.18
2026-01-17,sn,112.33
2026-01-18,sn,112.41
2026-01-19,sn,112.34
2026-01-20,sn,112.25
2026-01-21,sn,112.18
2026-01-22,sn,112.18
2026-01-23,sn,112.03
2026-01-24,sn,111.99
2026-01-25,sn,111.83
2026-01-26,sn,111.77
2026-01-27,sn,111.67
2026-01-28,sn,111.69
2026-01-29,sn,111.52
2026-01-30,sn,111.43
2026-01-31,sn,111.33
2026-02-01,sn,111.31
2026-02-02,sn,111.2
2026-02-03,sn,111.08
2026-02-04,sn,110.93
2026-02-05,sn,110.87
2026-02-06,sn,110.74
2026-02-07,sn,110.62
2026-02-08,sn,110.54
2026-02-09,sn,110.49
2026-02-10,sn,110.43
2026-02-11,sn,110.38
2026-02-12,sn,110.32
2026-02-13,sn,110.27
2026-02-14,sn,110.21
2026-02-15,sn,110.16
2026-02-16,sn,110.1
2026-02-17,sn,110.05
2026-02-18,sn,109.99
2026-02-19,sn,109.93
2026-02-20,sn,109.88
2026-02-21,sn,109.82
2026-02-22,sn,109.77
2026-02-23,sn,109.71
2026-02-24,sn,109.66
2026-02-25,sn,109.6
2026-02-26,sn,109.63
2026-02-27,sn,109.72
2026-02-28,sn,109.72
2026-03-01,sn,109.73
2026-03-02,sn,109.74
2026-03-03,sn,109.79
2026-03-04,sn,109.77
2026-03-05,sn,109.69
2026-03-06,sn,109.56
2026-03-07,sn,109.48
2026-03-08,sn,109.25
2026-03-09,sn,108.95
2026-03-10,sn,108.54
2026-03-11,sn,108.05
2026-03-12,sn,107.46
2026-03-13,sn,106.94
2026-03-14,sn,106.36
2026-03-15,sn,105.85
2026-03-16,sn,105.41
2026-03-17,sn,105.02
2026-03-18,sn,104.83
2026-03-19,sn,104.72
2026-03-20,sn,104.51
2026-03-21,sn,104.34
2026-03-22,sn,104.21
2026-03-23,sn,104.03
2026-03-24,sn,103.92
2026-03-25,sn,103.7
2026-03-26,sn,103.56
2026-03-27,sn,103.45
2026-03-28,sn,103.36
2026-03-29,sn,103.32
2026-03-30,sn,103.4
2026-03-31,sn,103.4
2026-04-01,sn,103.47
2026-04-02,sn,103.51
2026-04-03,sn,103.49
2026-04-04,sn,103.42
2026-04-05,sn,103.33
2026-04-06,sn,103.1
2026-04-07,sn,102.93
2026-04-08,sn,102.68
2026-04-09,sn,102.53
2026-04-10,sn,102.32
2026-04-11,sn,102.14
2026-04-12,sn,101.98
2026-04-13,sn,101.94
2026-04-14,sn,101.9
2026-04-15,sn,101.85
2026-04-16,sn,101.59
2026-04-17,sn,101.4
2026-04-18,sn,101.26
2026-04-19,sn,101.11
2026-04-20,sn,100.98
2026-04-21,sn,100.88
2026-04-22,sn,100.98
2026-04-23,sn,101.21
2026-04-24,sn,101.47
2026-04-25,sn,101.76
2026-04-26,sn,102.06
2026-04-27,sn,102.28
2026-04-28,sn,102.44
2026-04-29,sn,102.51
2026-04-30,sn,102.43
2026-05-01,sn,102.35
2026-05-02,sn,102.22
2026-05-03,sn,102.06
2026-05-04,sn,101.97
2026-05-05,sn,101.74
2026-05-06,sn,101.52
2026-05-07,sn,101.59
2026-05-08,sn,101.68
2026-05-09,sn,101.73
2026-05-10,sn,101.7
2026-05-11,sn,101.64
2026-05-12,sn,101.73
2026-05-13,sn,101.86
2026-05-14,sn,101.72
2026-05-15,sn,101.48
2026-05-16,sn,101.24
2026-05-17,sn,101.09
2026-05-18,sn,100.95
2026-05-19,sn,100.79
2026-05-20,sn,100.59
2026-05-21,sn,100.46
2026-05-22,sn,100.33
2026-05-23,sn,100.21
2026-05-24,sn,100.11
2026-05-25,sn,99.9
2026-05-26,sn,99.58
2026-05-27,sn,99.14
2026-05-28,sn,98.78
2026-05-29,sn,98.45
2026-05-30,sn,98.4
2026-05-31,sn,98.12
2026-06-01,sn,98.01
2026-06-02,sn,98.02
2026-06-03,sn,98.15
2026-06-04,sn,98.25
2026-06-05,sn,98.41
2026-06-06,sn,98.33
2026-06-07,sn,98.37
2026-06-08,sn,98.37
2026-06-09,sn,98.37
2026-06-10,sn,98.25
2026-06-11,sn,98.13
2026-06-12,sn,98.1
2026-06-13,sn,98.23
2026-06-14,sn,98.36
2026-06-15,sn,98.34
2026-06-16,sn,98.36
2026-06-17,sn,98.56
2026-06-18,sn,98.6
2026-06-19,sn,98.62
2026-06-20,sn,98.54
2026-06-21,sn,98.5
2026-06-22,sn,98.4
2026-06-23,sn,98.17
2026-06-24,sn,97.93
2026-06-25,sn,97.74
2026-06-26,sn,97.43
2026-06-27,sn,97.21
2026-06-28,sn,96.98
2026-06-29,sn,96.79
2026-06-30,sn,96.28
2026-07-01,sn,95.88
2026-07-02,sn,95.6
2026-07-03,sn,95.38
2026-07-04,sn,95.18
2026-07-05,sn,95.07
2026-07-06,sn,94.88
2026-07-07,sn,95.22
2026-07-08,sn,95.49
2026-07-09,sn,95.69
2026-07-10,sn,95.88
2026-07-11,sn,96.08
2026-07-12,sn,96.26
2026-07-13,sn,96.28
2026-07-14,sn,96.17
2026-07-15,sn,96.07
2026-07-16,sn,95.84
2026-07-17,sn,95.58
2026-07-18,sn,95.39
2026-07-19,sn,95.05
2026-07-20,sn,95.03
2026-07-21,sn,95.05
2026-07-22,sn,95.06
2026-07-23,sn,95.1
2026-07-24,sn,95.07
2026-07-25,sn,95.07
2026-07-26,sn,95.52
2026-07-27,sn,95.88
2026-07-28,sn,96
2026-07-29,sn,96.08
2026-07-30,sn,96.01
2026-07-31,sn,95.78
2026-08-01,sn,95.65
2026-08-02,sn,95.27
2026-08-03,sn,94.87
2026-08-04,sn,94.88
2026-08-05,sn,94.78
2026-08-06,sn,95.1
2026-08-07,sn,95.68
2026-08-08,sn,96.09
2026-08-09,sn,96.38
2026-08-10,sn,96.71
2026-08-11,sn,96.94
2026-08-12,sn,97.23
2026-08-13,sn,97.24
2026-08-14,sn,97.31
2026-08-15,sn,97.28
2026-08-16,sn,97.31
2026-08-17,sn,97.35
2026-08-18,sn,97.38
2026-08-19,sn,97.5
2026-08-20,sn,97.66
2026-08-21,sn,97.81
2026-08-22,sn,98.01
2026-08-23,sn,98.21
2026-08-24,sn,98.42
2026-08-25,sn,98.62
2026-08-26,sn,98.79
2026-08-27,sn,99.03
2026-08-28,sn,99.31
2026-08-29,sn,99.6
2026-08-30,sn,99.82
2026-08-31,sn,99.75
2026-09-01,sn,99.96
2026-09-02,sn,100.26
2026-09-03,sn,100.43
2026-09-04,sn,100.64
2026-09-05,sn,100.87
2026-09-06,sn,101.06
2026-09-07,sn,101.52
2026-09-08,sn,101.63
2026-09-09,sn,101.68
2026-09-10,sn,101.81
2026-09-11,sn,101.88
2026-09-12,sn,101.9
2026-09-13,sn,101.95
2026-09-14,sn,101.79
2026-09-15,sn,101.76
2026-09-16,sn,101.51
2026-09-17,sn,101.27
2026-09-18,sn,100.95
2020-02-01,st,100
2020-02-02,st,100.12
2020-02-03,st,100.22
2020-02-04,st,100.22
2020-02-05,st,100.33
2020-02-06,st,100.32
2020-02-07,st,100.39
2020-02-08,st,100.32
2020-02-09,st,100.24
2020-02-10,st,100.17
2020-02-11,st,100.05
2020-02-12,st,99.94
2020-02-13,st,99.83
2020-02-14,st,99.8
2020-02-15,st,99.63
2020-02-16,st,99.53
2020-02-17,st,99.61
2020-02-18,st,99.74
2020-02-19,st,99.78
2020-02-20,st,99.8
2020-02-21,st,99.77
2020-02-22,st,99.9
2020-02-23,st,99.91
2020-02-24,st,100.01
2020-02-25,st,100.04
2020-02-26,st,100.17
2020-02-27,st,101.02
2020-02-28,st,101.72
2020-02-29,st,102.56
2020-03-01,st,103.46
2020-03-02,st,104.06
2020-03-03,st,104.78
2020-03-04,st,105.3
2020-03-05,st,105.15
2020-03-06,st,105.03
2020-03-07,st,104.74
2020-03-08,st,104.51
2020-03-09,st,104.46
2020-03-10,st,104.07
2020-03-11,st,103.84
2020-03-12,st,103.73
2020-03-13,st,103.73
2020-03-14,st,103.68
2020-03-15,st,103.62
2020-03-16,st,103.42
2020-03-17,st,103.24
2020-03-18,st,102.93
2020-03-19,st,102.19
2020-03-20,st,101.27
2020-03-21,st,100.47
2020-03-22,st,99.6
2020-03-23,st,98.79
2020-03-24,st,98.12
2020-03-25,st,97.62
2020-03-26,st,97.34
2020-03-27,st,97.14
2020-03-28,st,96.79
2020-03-29,st,96.44
2020-03-30,st,96.1
2020-03-31,st,95.85
2020-04-01,st,95.49
2020-04-02,st,95.16
2020-04-03,st,94.76
2020-04-04,st,94.32
2020-04-05,st,93.83
2020-04-06,st,93.32
2020-04-07,st,92.85
2020-04-08,st,92.47
2020-04-09,st,91.98
2020-04-10,st,91.74
2020-04-11,st,91.61
2020-04-12,st,91.57
2020-04-13,st,91.6
2020-04-14,st,91.71
2020-04-15,st,91.77
2020-04-16,st,91.85
2020-04-17,st,91.94
2020-04-18,st,92.04
2020-04-19,st,91.95
2020-04-20,st,91.99
2020-04-21,st,91.92
2020-04-22,st,91.68
2020-04-23,st,91.55
2020-04-24,st,91.25
2020-04-25,st,90.91
2020-04-26,st,90.86
2020-04-27,st,90.62
2020-04-28,st,90.3
2020-04-29,st,90.29
2020-04-30,st,90.15
2020-05-01,st,90
2020-05-02,st,89.96
2020-05-03,st,89.89
2020-05-04,st,89.8
2020-05-05,st,89.79
2020-05-06,st,89.74
2020-05-07,st,89.8
2020-05-08,st,89.85
2020-05-09,st,89.78
2020-05-10,st,89.71
2020-05-11,st,89.69
2020-05-12,st,89.64
2020-05-13,st,89.63
2020-05-14,st,89.62
2020-05-15,st,89.65
2020-05-16,st,89.63
2020-05-17,st,89.61
2020-05-18,st,89.44
2020-05-19,st,89.38
2020-05-20,st,89.36
2020-05-21,st,89.48
2020-05-22,st,89.82
2020-05-23,st,90.17
2020-05-24,st,90.5
2020-05-25,st,91.01
2020-05-26,st,91.57
2020-05-27,st,91.98
2020-05-28,st,92.24
2020-05-29,st,92.32
2020-05-30,st,92.42
2020-05-31,st,92.44
2020-06-01,st,92.5
2020-06-02,st,92.42
2020-06-03,st,92.3
2020-06-04,st,92.22
2020-06-05,st,92.2
2020-06-06,st,92.15
2020-06-07,st,92.21
2020-06-08,st,92.17
2020-06-09,st,92.29
2020-06-10,st,92.41
2020-06-11,st,92.49
2020-06-12,st,92.55
2020-06-13,st,92.74
2020-06-14,st,92.83
2020-06-15,st,92.87
2020-06-16,st,92.9
2020-06-17,st,92.92
2020-06-18,st,93.05
2020-06-19,st,93.15
2020-06-20,st,93.22
2020-06-21,st,93.21
2020-06-22,st,93.22
2020-06-23,st,93.15
2020-06-24,st,93.16
2020-06-25,st,93.07
2020-06-26,st,92.98
2020-06-27,st,92.84
2020-06-28,st,92.68
2020-06-29,st,92.72
2020-06-30,st,92.71
2020-07-01,st,92.52
2020-07-02,st,92.5
2020-07-03,st,92.49
2020-07-04,st,92.56
2020-07-05,st,92.79
2020-07-06,st,92.89
2020-07-07,st,92.98
2020-07-08,st,93.34
2020-07-09,st,93.53
2020-07-10,st,93.76
2020-07-11,st,93.88
2020-07-12,st,93.9
2020-07-13,st,93.94
2020-07-14,st,94.11
2020-07-15,st,94.07
2020-07-16,st,94.13
2020-07-17,st,93.94
2020-07-18,st,93.97
2020-07-19,st,94.04
2020-07-20,st,93.98
2020-07-21,st,93.87
2020-07-22,st,93.98
2020-07-23,st,94.16
2020-07-24,st,94.48
2020-07-25,st,94.87
2020-07-26,st,95.32
2020-07-27,st,95.66
2020-07-28,st,96.1
2020-07-29,st,96.32
2020-07-30,st,96.44
2020-07-31,st,96.54
2020-08-01,st,96.36
2020-08-02,st,96.16
2020-08-03,st,96.09
2020-08-04,st,95.89
2020-08-05,st,95.74
2020-08-06,st,95.74
2020-08-07,st,95.69
2020-08-08,st,95.83
2020-08-09,st,95.95
2020-08-10,st,96.08
2020-08-11,st,96.11
2020-08-12,st,96.19
2020-08-13,st,96.2
2020-08-14,st,96.33
2020-08-15,st,96.45
2020-08-16,st,96.62
2020-08-17,st,96.78
2020-08-18,st,96.98
2020-08-19,st,97.16
2020-08-20,st,97.35
2020-08-21,st,97.4
2020-08-22,st,97.38
2020-08-23,st,97.36
2020-08-24,st,97.52
2020-08-25,st,97.54
2020-08-26,st,97.49
2020-08-27,st,97.41
2020-08-28,st,97.48
2020-08-29,st,97.57
2020-08-30,st,97.58
2020-08-31,st,97.52
2020-09-01,st,97.7
2020-09-02,st,97.88
2020-09-03,st,98.02
2020-09-04,st,98
2020-09-05,st,98.02
2020-09-06,st,98.09
2020-09-07,st,98.04
2020-09-08,st,97.98
2020-09-09,st,97.92
2020-09-10,st,97.91
2020-09-11,st,98.06
2020-09-12,st,98.04
2020-09-13,st,97.9
2020-09-14,st,97.83
2020-09-15,st,97.65
2020-09-16,st,97.74
2020-09-17,st,97.75
2020-09-18,st,97.66
2020-09-19,st,97.66
2020-09-20,st,97.77
2020-09-21,st,97.69
2020-09-22,st,97.73
2020-09-23,st,97.46
2020-09-24,st,97.24
2020-09-25,st,97.17
2020-09-26,st,97.14
2020-09-27,st,97.14
2020-09-28,st,97.3
2020-09-29,st,97.37
2020-09-30,st,97.69
2020-10-01,st,98.12
2020-10-02,st,98.65
2020-10-03,st,99.18
2020-10-04,st,99.66
2020-10-05,st,100.26
2020-10-06,st,100.94
2020-10-07,st,101.51
2020-10-08,st,101.93
2020-10-09,st,102.19
2020-10-10,st,102.51
2020-10-11,st,102.84
2020-10-12,st,102.99
2020-10-13,st,103.08
2020-10-14,st,103.17
2020-10-15,st,103.37
2020-10-16,st,103.29
2020-10-17,st,103.13
2020-10-18,st,103
2020-10-19,st,103.04
2020-10-20,st,103
2020-10-21,st,103.08
2020-10-22,st,103
2020-10-23,st,103.06
2020-10-24,st,103.15
2020-10-25,st,103.17
2020-10-26,st,103.15
2020-10-27,st,103.28
2020-10-28,st,103.28
2020-10-29,st,103.4
2020-10-30,st,103.61
2020-10-31,st,103.77
2020-11-01,st,104.09
2020-11-02,st,104.41
2020-11-03,st,104.5
2020-11-04,st,104.63
2020-11-05,st,104.63
2020-11-06,st,104.68
2020-11-07,st,104.83
2020-11-08,st,104.79
2020-11-09,st,104.76
2020-11-10,st,104.79
2020-11-11,st,104.8
2020-11-12,st,104.85
2020-11-13,st,104.71
2020-11-14,st,104.5
2020-11-15,st,104.38
2020-11-16,st,104.17
2020-11-17,st,103.96
2020-11-18,st,103.68
2020-11-19,st,103.28
2020-11-20,st,103.06
2020-11-21,st,102.82
2020-11-22,st,102.66
2020-11-23,st,102.56
2020-11-24,st,102.33
2020-11-25,st,102.3
2020-11-26,st,102.58
2020-11-27,st,102.68
2020-11-28,st,102.71
2020-11-29,st,102.7
2020-11-30,st,102.63
2020-12-01,st,102.7
2020-12-02,st,102.74
2020-12-03,st,102.6
2020-12-04,st,102.67
2020-12-05,st,102.77
2020-12-06,st,102.74
2020-12-07,st,102.69
2020-12-08,st,102.87
2020-12-09,st,102.93
2020-12-10,st,102.9
2020-12-11,st,102.81
2020-12-12,st,102.74
2020-12-13,st,102.73
2020-12-14,st,102.81
2020-12-15,st,102.78
2020-12-16,st,102.77
2020-12-17,st,102.85
2020-12-18,st,102.91
2020-12-19,st,102.94
2020-12-20,st,103.16
2020-12-21,st,103.37
2020-12-22,st,103.58
2020-12-23,st,103.8
2020-12-24,st,104.18
2020-12-25,st,104.51
2020-12-26,st,104.86
2020-12-27,st,105.05
2020-12-28,st,105.4
2020-12-29,st,105.64
2020-12-30,st,105.89
2020-12-31,st,106
2021-01-01,st,106.27
2021-01-02,st,106.53
2021-01-03,st,106.74
2021-01-04,st,106.73
2021-01-05,st,106.81
2021-01-06,st,107.02
2021-01-07,st,107.21
2021-01-08,st,107.38
2021-01-09,st,107.54
2021-01-10,st,107.63
2021-01-11,st,107.65
2021-01-12,st,107.59
2021-01-13,st,107.48
2021-01-14,st,107.49
2021-01-15,st,107.22
2021-01-16,st,107.05
2021-01-17,st,107.08
2021-01-18,st,107.2
2021-01-19,st,107.41
2021-01-20,st,107.4
2021-01-21,st,107.21
2021-01-22,st,107.3
2021-01-23,st,107.4
2021-01-24,st,107.47
2021-01-25,st,107.55
2021-01-26,st,107.6
2021-01-27,st,107.9
2021-01-28,st,108.36
2021-01-29,st,108.6
2021-01-30,st,108.86
2021-01-31,st,109.06
2021-02-01,st,109.27
2021-02-02,st,109.47
2021-02-03,st,109.56
2021-02-04,st,109.44
2021-02-05,st,109.54
2021-02-06,st,109.52
2021-02-07,st,109.45
2021-02-08,st,109.44
2021-02-09,st,109.33
2021-02-10,st,109.24
2021-02-11,st,109.33
2021-02-12,st,109.18
2021-02-13,st,109.19
2021-02-14,st,109.27
2021-02-15,st,109.24
2021-02-16,st,109.28
2021-02-17,st,109.36
2021-02-18,st,109.37
2021-02-19,st,109.6
2021-02-20,st,109.78
2021-02-21,st,109.92
2021-02-22,st,110.08
2021-02-23,st,110.26
2021-02-24,st,110.47
2021-02-25,st,110.67
2021-02-26,st,110.8
2021-02-27,st,110.92
2021-02-28,st,111
2021-03-01,st,111.3
2021-03-02,st,111.69
2021-03-03,st,111.85
2021-03-04,st,111.91
2021-03-05,st,111.96
2021-03-06,st,111.91
2021-03-07,st,111.95
2021-03-08,st,111.73
2021-03-09,st,111.29
2021-03-10,st,111.17
2021-03-11,st,111.16
2021-03-12,st,111.19
2021-03-13,st,111.36
2021-03-14,st,111.52
2021-03-15,st,111.76
2021-03-16,st,112.09
2021-03-17,st,112.33
2021-03-18,st,112.53
2021-03-19,st,112.86
2021-03-20,st,113.25
2021-03-21,st,113.65
2021-03-22,st,113.93
2021-03-23,st,114.27
2021-03-24,st,114.49
2021-03-25,st,114.83
2021-03-26,st,115.02
2021-03-27,st,115.28
2021-03-28,st,115.41
2021-03-29,st,115.69
2021-03-30,st,115.81
2021-03-31,st,116.04
2021-04-01,st,116.22
2021-04-02,st,116.51
2021-04-03,st,116.47
2021-04-04,st,116.59
2021-04-05,st,116.71
2021-04-06,st,116.9
2021-04-07,st,117.03
2021-04-08,st,117.09
2021-04-09,st,116.93
2021-04-10,st,117.06
2021-04-11,st,117.05
2021-04-12,st,117.09
2021-04-13,st,117.09
2021-04-14,st,117.13
2021-04-15,st,117.19
2021-04-16,st,117.2
2021-04-17,st,117.23
2021-04-18,st,117.32
2021-04-19,st,117.4
2021-04-20,st,117.62
2021-04-21,st,117.93
2021-04-22,st,118.3
2021-04-23,st,118.87
2021-04-24,st,119.24
2021-04-25,st,119.52
2021-04-26,st,119.78
2021-04-27,st,120.16
2021-04-28,st,120.44
2021-04-29,st,120.67
2021-04-30,st,120.77
2021-05-01,st,120.92
2021-05-02,st,121.24
2021-05-03,st,121.49
2021-05-04,st,121.6
2021-05-05,st,121.44
2021-05-06,st,121.38
2021-05-07,st,121.34
2021-05-08,st,121.44
2021-05-09,st,121.44
2021-05-10,st,121.44
2021-05-11,st,121.51
2021-05-12,st,121.84
2021-05-13,st,122.23
2021-05-14,st,122.54
2021-05-15,st,122.62
2021-05-16,st,122.75
2021-05-17,st,122.92
2021-05-18,st,123.05
2021-05-19,st,123.11
2021-05-20,st,123.21
2021-05-21,st,123.53
2021-05-22,st,123.87
2021-05-23,st,124.12
2021-05-24,st,124.42
2021-05-25,st,124.6
2021-05-26,st,124.97
2021-05-27,st,125.13
2021-05-28,st,125.25
2021-05-29,st,125.43
2021-05-30,st,125.73
2021-05-31,st,126.01
2021-06-01,st,126.34
2021-06-02,st,126.64
2021-06-03,st,127.07
2021-06-04,st,127.42
2021-06-05,st,127.8
2021-06-06,st,128.08
2021-06-07,st,128.4
2021-06-08,st,128.81
2021-06-09,st,129.2
2021-06-10,st,129.29
2021-06-11,st,129.56
2021-06-12,st,129.82
2021-06-13,st,130.18
2021-06-14,st,130.38
2021-06-15,st,130.54
2021-06-16,st,130.49
2021-06-17,st,130.85
2021-06-18,st,131.13
2021-06-19,st,131.33
2021-06-20,st,131.52
2021-06-21,st,131.77
2021-06-22,st,131.92
2021-06-23,st,132.23
2021-06-24,st,132.35
2021-06-25,st,132.48
2021-06-26,st,132.53
2021-06-27,st,132.58
2021-06-28,st,132.73
2021-06-29,st,133.01
2021-06-30,st,133.22
2021-07-01,st,133.42
2021-07-02,st,133.43
2021-07-03,st,133.73
2021-07-04,st,133.98
2021-07-05,st,134.05
2021-07-06,st,134.17
2021-07-07,st,134.24
2021-07-08,st,134.35
2021-07-09,st,134.49
2021-07-10,st,134.48
2021-07-11,st,134.52
2021-07-12,st,134.67
2021-07-13,st,134.67
2021-07-14,st,134.83
2021-07-15,st,134.93
2021-07-16,st,135.22
2021-07-17,st,135.61
2021-07-18,st,136.04
2021-07-19,st,136.52
2021-07-20,st,137.06
2021-07-21,st,137.48
2021-07-22,st,137.94
2021-07-23,st,138.3
2021-07-24,st,138.47
2021-07-25,st,138.62
2021-07-26,st,138.7
2021-07-27,st,138.72
2021-07-28,st,138.83
2021-07-29,st,138.76
2021-07-30,st,138.83
2021-07-31,st,139.01
2021-08-01,st,139.05
2021-08-02,st,139.11
2021-08-03,st,139.19
2021-08-04,st,139.29
2021-08-05,st,139.44
2021-08-06,st,139.6
2021-08-07,st,139.91
2021-08-08,st,140.22
2021-08-09,st,140.54
2021-08-10,st,141.15
2021-08-11,st,141.8
2021-08-12,st,142.68
2021-08-13,st,143.51
2021-08-14,st,144.09
2021-08-15,st,144.68
2021-08-16,st,145.3
2021-08-17,st,145.73
2021-08-18,st,146.25
2021-08-19,st,146.63
2021-08-20,st,147.06
2021-08-21,st,147.51
2021-08-22,st,148.01
2021-08-23,st,148.4
2021-08-24,st,148.87
2021-08-25,st,148.9
2021-08-26,st,148.81
2021-08-27,st,148.69
2021-08-28,st,148.62
2021-08-29,st,148.6
2021-08-30,st,148.61
2021-08-31,st,148.48
2021-09-01,st,148.44
2021-09-02,st,148.46
2021-09-03,st,148.38
2021-09-04,st,148.22
2021-09-05,st,147.96
2021-09-06,st,147.62
2021-09-07,st,147.45
2021-09-08,st,147.31
2021-09-09,st,147.28
2021-09-10,st,147.26
2021-09-11,st,147.29
2021-09-12,st,147.41
2021-09-13,st,147.6
2021-09-14,st,147.59
2021-09-15,st,147.64
2021-09-16,st,147.67
2021-09-17,st,147.76
2021-09-18,st,147.86
2021-09-19,st,147.87
2021-09-20,st,147.94
2021-09-21,st,148.08
2021-09-22,st,148.36
2021-09-23,st,148.61
2021-09-24,st,148.69
2021-09-25,st,148.71
2021-09-26,st,148.89
2021-09-27,st,149.08
2021-09-28,st,149.22
2021-09-29,st,149.28
2021-09-30,st,149.31
2021-10-01,st,149.43
2021-10-02,st,149.63
2021-10-03,st,149.72
2021-10-04,st,149.73
2021-10-05,st,150.12
2021-10-06,st,150.45
2021-10-07,st,150.97
2021-10-08,st,151.58
2021-10-09,st,152.18
2021-10-10,st,152.77
2021-10-11,st,153.28
2021-10-12,st,153.49
2021-10-13,st,153.66
2021-10-14,st,153.65
2021-10-15,st,153.44
2021-10-16,st,153.35
2021-10-17,st,153.3
2021-10-18,st,153.29
2021-10-19,st,153.31
2021-10-20,st,153.35
2021-10-21,st,153.45
2021-10-22,st,153.55
2021-10-23,st,153.5
2021-10-24,st,153.44
2021-10-25,st,153.35
2021-10-26,st,153.23
2021-10-27,st,153.25
2021-10-28,st,153.16
2021-10-29,st,153.27
2021-10-30,st,153.55
2021-10-31,st,153.79
2021-11-01,st,153.72
2021-11-02,st,153.59
2021-11-03,st,153.24
2021-11-04,st,153.36
2021-11-05,st,153.47
2021-11-06,st,153.51
2021-11-07,st,153.59
2021-11-08,st,153.91
2021-11-09,st,154.42
2021-11-10,st,155.01
2021-11-11,st,155.39
2021-11-12,st,155.72
2021-11-13,st,155.83
2021-11-14,st,155.86
2021-11-15,st,155.92
2021-11-16,st,155.84
2021-11-17,st,155.99
2021-11-18,st,155.87
2021-11-19,st,155.64
2021-11-20,st,155.57
2021-11-21,st,155.62
2021-11-22,st,155.76
2021-11-23,st,155.84
2021-11-24,st,155.71
2021-11-25,st,155.66
2021-11-26,st,155.5
2021-11-27,st,155.46
2021-11-28,st,155.46
2021-11-29,st,155.53
2021-11-30,st,155.51
2021-12-01,st,155.49
2021-12-02,st,155.66
2021-12-03,st,155.93
2021-12-04,st,156.21
2021-12-05,st,156.44
2021-12-06,st,156.52
2021-12-07,st,156.98
2021-12-08,st,157.34
2021-12-09,st,157.63
2021-12-10,st,157.81
2021-12-11,st,158.2
2021-12-12,st,158.55
2021-12-13,st,159.04
2021-12-14,st,159.2
2021-12-15,st,159.18
2021-12-16,st,159.13
2021-12-17,st,159.31
2021-12-18,st,159.15
2021-12-19,st,158.99
2021-12-20,st,158.86
2021-12-21,st,158.86
2021-12-22,st,158.99
2021-12-23,st,159
2021-12-24,st,159.19
2021-12-25,st,159.4
2021-12-26,st,159.69
2021-12-27,st,160
2021-12-28,st,160.12
2021-12-29,st,159.92
2021-12-30,st,160.1
2021-12-31,st,160.07
2022-01-01,st,159.9
2022-01-02,st,159.77
2022-01-03,st,159.51
2022-01-04,st,159.48
2022-01-05,st,159.78
2022-01-06,st,159.55
2022-01-07,st,159.17
2022-01-08,st,158.92
2022-01-09,st,158.43
2022-01-10,st,157.79
2022-01-11,st,156.49
2022-01-12,st,155.26
2022-01-13,st,154.18
2022-01-14,st,153.22
2022-01-15,st,152.42
2022-01-16,st,151.78
2022-01-17,st,151.4
2022-01-18,st,151.64
2022-01-19,st,152.01
2022-01-20,st,152.55
2022-01-21,st,153.22
2022-01-22,st,153.9
2022-01-23,st,154.41
2022-01-24,st,154.92
2022-01-25,st,155.35
2022-01-26,st,155.77
2022-01-27,st,156.33
2022-01-28,st,157.04
2022-01-29,st,157.77
2022-01-30,st,158.61
2022-01-31,st,159.31
2022-02-01,st,159.89
2022-02-02,st,160.51
2022-02-03,st,160.71
2022-02-04,st,160.67
2022-02-05,st,160.42
2022-02-06,st,160.19
2022-02-07,st,159.89
2022-02-08,st,159.61
2022-02-09,st,159.39
2022-02-10,st,159.52
2022-02-11,st,159.39
2022-02-12,st,159.51
2022-02-13,st,159.62
2022-02-14,st,159.7
2022-02-15,st,160.06
2022-02-16,st,160.29
2022-02-17,st,160.44
2022-02-18,st,160.83
2022-02-19,st,161.1
2022-02-20,st,161.4
2022-02-21,st,161.79
2022-02-22,st,162.12
2022-02-23,st,162.66
2022-02-24,st,163.07
2022-02-25,st,163.56
2022-02-26,st,163.93
2022-02-27,st,164.24
2022-02-28,st,164.6
2022-03-01,st,164.8
2022-03-02,st,164.56
2022-03-03,st,164.67
2022-03-04,st,164.67
2022-03-05,st,164.74
2022-03-06,st,164.81
2022-03-07,st,164.91
2022-03-08,st,165.03
2022-03-09,st,165.21
2022-03-10,st,164.99
2022-03-11,st,164.85
2022-03-12,st,164.68
2022-03-13,st,164.59
2022-03-14,st,164.26
2022-03-15,st,164.12
2022-03-16,st,164.06
2022-03-17,st,164.06
2022-03-18,st,164.13
2022-03-19,st,164.26
2022-03-20,st,164.26
2022-03-21,st,164.54
2022-03-22,st,164.89
2022-03-23,st,165.16
2022-03-24,st,165.51
2022-03-25,st,165.66
2022-03-26,st,165.74
2022-03-27,st,165.92
2022-03-28,st,165.96
2022-03-29,st,166.07
2022-03-30,st,166.23
2022-03-31,st,166.44
2022-04-01,st,166.54
2022-04-02,st,166.75
2022-04-03,st,166.82
2022-04-04,st,166.97
2022-04-05,st,166.94
2022-04-06,st,167.01
2022-04-07,st,166.89
2022-04-08,st,166.84
2022-04-09,st,166.63
2022-04-10,st,166.57
2022-04-11,st,166.51
2022-04-12,st,166.31
2022-04-13,st,166.12
2022-04-14,st,165.97
2022-04-15,st,166
2022-04-16,st,165.96
2022-04-17,st,165.86
2022-04-18,st,165.82
2022-04-19,st,165.75
2022-04-20,st,165.7
2022-04-21,st,165.54
2022-04-22,st,165.36
2022-04-23,st,165.33
2022-04-24,st,165.41
2022-04-25,st,165.41
2022-04-26,st,165.48
2022-04-27,st,165.58
2022-04-28,st,165.76
2022-04-29,st,166.05
2022-04-30,st,166.44
2022-05-01,st,166.61
2022-05-02,st,166.8
2022-05-03,st,167.03
2022-05-04,st,167.17
2022-05-05,st,167.43
2022-05-06,st,167.43
2022-05-07,st,167.35
2022-05-08,st,167.45
2022-05-09,st,167.63
2022-05-10,st,167.85
2022-05-11,st,168.14
2022-05-12,st,168.42
2022-05-13,st,168.46
2022-05-14,st,168.77
2022-05-15,st,169.04
2022-05-16,st,169.31
2022-05-17,st,169.5
2022-05-18,st,169.62
2022-05-19,st,169.67
2022-05-20,st,170.01
2022-05-21,st,169.93
2022-05-22,st,169.83
2022-05-23,st,169.73
2022-05-24,st,169.63
2022-05-25,st,169.53
2022-05-26,st,169.43
2022-05-27,st,169.33
2022-05-28,st,169.23
2022-05-29,st,169.13
2022-05-30,st,169.03
2022-05-31,st,169.06
2022-06-01,st,169.02
2022-06-02,st,168.86
2022-06-03,st,168.54
2022-06-04,st,168.63
2022-06-05,st,168.75
2022-06-06,st,168.8
2022-06-07,st,168.52
2022-06-08,st,168.32
2022-06-09,st,168.26
2022-06-10,st,168.61
2022-06-11,st,168.52
2022-06-12,st,168.37
2022-06-13,st,168.24
2022-06-14,st,168.54
2022-06-15,st,168.79
2022-06-16,st,169.29
2022-06-17,st,168.98
2022-06-18,st,169.17
2022-06-19,st,169.45
2022-06-20,st,169.68
2022-06-21,st,169.72
2022-06-22,st,169.89
2022-06-23,st,169.84
2022-06-24,st,170.45
2022-06-25,st,170.58
2022-06-26,st,170.82
2022-06-27,st,170.98
2022-06-28,st,171.09
2022-06-29,st,171.21
2022-06-30,st,171.13
2022-07-01,st,170.78
2022-07-02,st,170.66
2022-07-03,st,170.32
2022-07-04,st,169.88
2022-07-05,st,169.55
2022-07-06,st,169.15
2022-07-07,st,168.94
2022-07-08,st,168.97
2022-07-09,st,169.11
2022-07-10,st,169.26
2022-07-11,st,169.62
2022-07-12,st,169.83
2022-07-13,st,169.95
2022-07-14,st,170.08
2022-07-15,st,170.1
2022-07-16,st,169.89
2022-07-17,st,169.8
2022-07-18,st,169.46
2022-07-19,st,169.31
2022-07-20,st,169.31
2022-07-21,st,169.25
2022-07-22,st,169.2
2022-07-23,st,169.03
2022-07-24,st,168.82
2022-07-25,st,168.74
2022-07-26,st,168.66
2022-07-27,st,168.54
2022-07-28,st,168.2
2022-07-29,st,168.03
2022-07-30,st,168.09
2022-07-31,st,168.14
2022-08-01,st,168.13
2022-08-02,st,168.14
2022-08-03,st,168.19
2022-08-04,st,168.55
2022-08-05,st,168.79
2022-08-06,st,168.93
2022-08-07,st,168.97
2022-08-08,st,168.98
2022-08-09,st,169.13
2022-08-10,st,169.13
2022-08-11,st,169.11
2022-08-12,st,169.11
2022-08-13,st,168.88
2022-08-14,st,168.93
2022-08-15,st,169.16
2022-08-16,st,169.24
2022-08-17,st,169.39
2022-08-18,st,169.56
2022-08-19,st,169.77
2022-08-20,st,170.13
2022-08-21,st,170.32
2022-08-22,st,170.33
2022-08-23,st,170.31
2022-08-24,st,170.24
2022-08-25,st,170.19
2022-08-26,st,170.15
2022-08-27,st,170.34
2022-08-28,st,170.46
2022-08-29,st,170.45
2022-08-30,st,170.68
2022-08-31,st,171.04
2022-09-01,st,171.06
2022-09-02,st,170.78
2022-09-03,st,170.61
2022-09-04,st,170.47
2022-09-05,st,170.57
2022-09-06,st,170.18
2022-09-07,st,169.67
2022-09-08,st,169.42
2022-09-09,st,169.3
2022-09-10,st,169.06
2022-09-11,st,168.78
2022-09-12,st,168.46
2022-09-13,st,168.61
2022-09-14,st,168.87
2022-09-15,st,169.07
2022-09-16,st,169.33
2022-09-17,st,169.52
2022-09-18,st,169.69
2022-09-19,st,169.88
2022-09-20,st,169.71
2022-09-21,st,169.62
2022-09-22,st,169.67
2022-09-23,st,169.69
2022-09-24,st,169.97
2022-09-25,st,170.25
2022-09-26,st,170.61
2022-09-27,st,171.04
2022-09-28,st,171.26
2022-09-29,st,171.37
2022-09-30,st,171.54
2022-10-01,st,171.38
2022-10-02,st,171.22
2022-10-03,st,171.18
2022-10-04,st,171.01
2022-10-05,st,171.05
2022-10-06,st,170.98
2022-10-07,st,170.95
2022-10-08,st,171.03
2022-10-09,st,171.13
2022-10-10,st,171
2022-10-11,st,170.97
2022-10-12,st,171.02
2022-10-13,st,171.08
2022-10-14,st,171.26
2022-10-15,st,171.43
2022-10-16,st,171.64
2022-10-17,st,171.8
2022-10-18,st,172.16
2022-10-19,st,172.24
2022-10-20,st,172.56
2022-10-21,st,172.68
2022-10-22,st,172.76
2022-10-23,st,173.07
2022-10-24,st,173.56
2022-10-25,st,173.79
2022-10-26,st,174.02
2022-10-27,st,173.99
2022-10-28,st,173.94
2022-10-29,st,173.79
2022-10-30,st,173.72
2022-10-31,st,173.72
2022-11-01,st,173.63
2022-11-02,st,173.69
2022-11-03,st,174.03
2022-11-04,st,174.39
2022-11-05,st,174.84
2022-11-06,st,175.18
2022-11-07,st,175.36
2022-11-08,st,175.68
2022-11-09,st,175.93
2022-11-10,st,176.13
2022-11-11,st,176.08
2022-11-12,st,176.29
2022-11-13,st,176.24
2022-11-14,st,176.21
2022-11-15,st,176.22
2022-11-16,st,176.18
2022-11-17,st,176.11
2022-11-18,st,176.26
2022-11-19,st,176.12
2022-11-20,st,175.99
2022-11-21,st,175.92
2022-11-22,st,175.63
2022-11-23,st,175.27
2022-11-24,st,174.88
2022-11-25,st,174.46
2022-11-26,st,174.2
2022-11-27,st,174.04
2022-11-28,st,173.87
2022-11-29,st,174.09
2022-11-30,st,174.19
2022-12-01,st,174.31
2022-12-02,st,174.46
2022-12-03,st,174.54
2022-12-04,st,174.65
2022-12-05,st,174.79
2022-12-06,st,174.68
2022-12-07,st,174.83
2022-12-08,st,174.88
2022-12-09,st,175.08
2022-12-10,st,175.09
2022-12-11,st,175.22
2022-12-12,st,175.27
2022-12-13,st,175.32
2022-12-14,st,175.27
2022-12-15,st,175.08
2022-12-16,st,174.79
2022-12-17,st,174.67
2022-12-18,st,174.28
2022-12-19,st,173.95
2022-12-20,st,173.55
2022-12-21,st,173.15
2022-12-22,st,172.78
2022-12-23,st,172.4
2022-12-24,st,172.09
2022-12-25,st,172
2022-12-26,st,171.93
2022-12-27,st,172
2022-12-28,st,172.18
2022-12-29,st,172.5
2022-12-30,st,172.81
2022-12-31,st,172.95
2023-01-01,st,172.8
2023-01-02,st,172.68
2023-01-03,st,172.55
2023-01-04,st,172.47
2023-01-05,st,172.17
2023-01-06,st,172.02
2023-01-07,st,171.85
2023-01-08,st,171.79
2023-01-09,st,171.63
2023-01-10,st,171.39
2023-01-11,st,171.13
2023-01-12,st,171.08
2023-01-13,st,170.93
2023-01-14,st,170.91
2023-01-15,st,171.01
2023-01-16,st,171.11
2023-01-17,st,171.21
2023-01-18,st,171.21
2023-01-19,st,171.37
2023-01-20,st,171.52
2023-01-21,st,171.66
2023-01-22,st,171.64
2023-01-23,st,171.6
2023-01-24,st,171.7
2023-01-25,st,171.94
2023-01-26,st,171.93
2023-01-27,st,171.88
2023-01-28,st,171.79
2023-01-29,st,172.03
2023-01-30,st,172.23
2023-01-31,st,172.36
2023-02-01,st,172.47
2023-02-02,st,172.6
2023-02-03,st,172.91
2023-02-04,st,173.63
2023-02-05,st,174.03
2023-02-06,st,174.54
2023-02-07,st,174.75
2023-02-08,st,174.8
2023-02-09,st,175.14
2023-02-10,st,175.14
2023-02-11,st,174.79
2023-02-12,st,174.36
2023-02-13,st,173.92
2023-02-14,st,173.7
2023-02-15,st,173.51
2023-02-16,st,172.92
2023-02-17,st,172.54
2023-02-18,st,171.98
2023-02-19,st,171.54
2023-02-20,st,171.09
2023-02-21,st,170.56
2023-02-22,st,170.19
2023-02-23,st,170.04
2023-02-24,st,169.65
2023-02-25,st,169.39
2023-02-26,st,169.09
2023-02-27,st,168.83
2023-02-28,st,168.74
2023-03-01,st,168.58
2023-03-02,st,168.38
2023-03-03,st,168.33
2023-03-04,st,168.32
2023-03-05,st,168.47
2023-03-06,st,168.45
2023-03-07,st,168.37
2023-03-08,st,168.24
2023-03-09,st,168.09
2023-03-10,st,168.35
2023-03-11,st,168.51
2023-03-12,st,168.59
2023-03-13,st,168.83
2023-03-14,st,169.03
2023-03-15,st,169.26
2023-03-16,st,169.64
2023-03-17,st,169.64
2023-03-18,st,169.68
2023-03-19,st,169.72
2023-03-20,st,169.88
2023-03-21,st,170.15
2023-03-22,st,170.26
2023-03-23,st,170.32
2023-03-24,st,170.37
2023-03-25,st,170.47
2023-03-26,st,170.56
2023-03-27,st,170.17
2023-03-28,st,169.99
2023-03-29,st,169.84
2023-03-30,st,169.72
2023-03-31,st,169.63
2023-04-01,st,169.52
2023-04-02,st,169.38
2023-04-03,st,169.54
2023-04-04,st,169.53
2023-04-05,st,169.79
2023-04-06,st,169.8
2023-04-07,st,170.13
2023-04-08,st,170.4
2023-04-09,st,170.68
2023-04-10,st,171.15
2023-04-11,st,171.45
2023-04-12,st,171.5
2023-04-13,st,171.77
2023-04-14,st,171.6
2023-04-15,st,171.55
2023-04-16,st,171.51
2023-04-17,st,171.24
2023-04-18,st,171.21
2023-04-19,st,171.13
2023-04-20,st,170.83
2023-04-21,st,170.83
2023-04-22,st,170.72
2023-04-23,st,170.61
2023-04-24,st,170.61
2023-04-25,st,170.59
2023-04-26,st,170.48
2023-04-27,st,170.43
2023-04-28,st,170.31
2023-04-29,st,170.02
2023-04-30,st,169.72
2023-05-01,st,169.38
2023-05-02,st,168.71
2023-05-03,st,168.18
2023-05-04,st,167.81
2023-05-05,st,167.34
2023-05-06,st,167.29
2023-05-07,st,167.09
2023-05-08,st,166.72
2023-05-09,st,166.69
2023-05-10,st,166.8
2023-05-11,st,166.76
2023-05-12,st,166.93
2023-05-13,st,167
2023-05-14,st,167.25
2023-05-15,st,167.62
2023-05-16,st,167.87
2023-05-17,st,168.08
2023-05-18,st,168.51
2023-05-19,st,168.66
2023-05-20,st,168.73
2023-05-21,st,168.82
2023-05-22,st,168.87
2023-05-23,st,168.92
2023-05-24,st,169.02
2023-05-25,st,168.96
2023-05-26,st,168.93
2023-05-27,st,168.97
2023-05-28,st,168.89
2023-05-29,st,169.02
2023-05-30,st,169.04
2023-05-31,st,168.94
2023-06-01,st,168.75
2023-06-02,st,168.63
2023-06-03,st,168.52
2023-06-04,st,168.27
2023-06-05,st,168.06
2023-06-06,st,167.98
2023-06-07,st,168.09
2023-06-08,st,168.31
2023-06-09,st,168.49
2023-06-10,st,168.62
2023-06-11,st,168.98
2023-06-12,st,169.04
2023-06-13,st,169.11
2023-06-14,st,169.07
2023-06-15,st,169.17
2023-06-16,st,169.22
2023-06-17,st,169.37
2023-06-18,st,169.43
2023-06-19,st,169.61
2023-06-20,st,169.89
2023-06-21,st,170.05
2023-06-22,st,170.08
2023-06-23,st,170.18
2023-06-24,st,170.16
2023-06-25,st,170.22
2023-06-26,st,170.38
2023-06-27,st,170.42
2023-06-28,st,170.6
2023-06-29,st,170.82
2023-06-30,st,171.05
2023-07-01,st,171.49
2023-07-02,st,171.99
2023-07-03,st,172.16
2023-07-04,st,172.45
2023-07-05,st,172.79
2023-07-06,st,173
2023-07-07,st,173.26
2023-07-08,st,173.24
2023-07-09,st,173.11
2023-07-10,st,173.04
2023-07-11,st,172.91
2023-07-12,st,172.87
2023-07-13,st,172.87
2023-07-14,st,172.69
2023-07-15,st,172.62
2023-07-16,st,172.66
2023-07-17,st,172.87
2023-07-18,st,173.01
2023-07-19,st,173.11
2023-07-20,st,173.23
2023-07-21,st,173.24
2023-07-22,st,173.44
2023-07-23,st,173.66
2023-07-24,st,173.78
2023-07-25,st,174.07
2023-07-26,st,174.05
2023-07-27,st,174.29
2023-07-28,st,174.58
2023-07-29,st,174.56
2023-07-30,st,174.53
2023-07-31,st,174.67
2023-08-01,st,174.73
2023-08-02,st,174.9
2023-08-03,st,174.81
2023-08-04,st,174.79
2023-08-05,st,174.92
2023-08-06,st,175
2023-08-07,st,174.96
2023-08-08,st,174.89
2023-08-09,st,174.9
2023-08-10,st,174.92
2023-08-11,st,174.8
2023-08-12,st,174.76
2023-08-13,st,174.75
2023-08-14,st,174.67
2023-08-15,st,174.47
2023-08-16,st,174.11
2023-08-17,st,173.88
2023-08-18,st,173.78
2023-08-19,st,173.62
2023-08-20,st,173.43
2023-08-21,st,173.3
2023-08-22,st,173.29
2023-08-23,st,173.27
2023-08-24,st,173.14
2023-08-25,st,172.99
2023-08-26,st,172.92
2023-08-27,st,172.74
2023-08-28,st,172.67
2023-08-29,st,172.61
2023-08-30,st,172.59
2023-08-31,st,172.61
2023-09-01,st,172.59
2023-09-02,st,172.62
2023-09-03,st,172.66
2023-09-04,st,172.54
2023-09-05,st,172.49
2023-09-06,st,172.69
2023-09-07,st,172.83
2023-09-08,st,173.07
2023-09-09,st,173.3
2023-09-10,st,173.52
2023-09-11,st,173.84
2023-09-12,st,173.88
2023-09-13,st,173.83
2023-09-14,st,173.77
2023-09-15,st,173.92
2023-09-16,st,173.81
2023-09-17,st,173.79
2023-09-18,st,173.75
2023-09-19,st,173.89
2023-09-20,st,174.13
2023-09-21,st,174.49
2023-09-22,st,174.58
2023-09-23,st,174.79
2023-09-24,st,174.84
2023-09-25,st,174.98
2023-09-26,st,175.02
2023-09-27,st,174.91
2023-09-28,st,174.69
2023-09-29,st,174.52
2023-09-30,st,174.17
2023-10-01,st,173.93
2023-10-02,st,173.74
2023-10-03,st,173.83
2023-10-04,st,173.84
2023-10-05,st,173.54
2023-10-06,st,173.33
2023-10-07,st,173.32
2023-10-08,st,173.38
2023-10-09,st,173.25
2023-10-10,st,173.1
2023-10-11,st,173
2023-10-12,st,173.13
2023-10-13,st,173.23
2023-10-14,st,173.29
2023-10-15,st,173.42
2023-10-16,st,173.57
2023-10-17,st,173.41
2023-10-18,st,173.29
2023-10-19,st,173.31
2023-10-20,st,173.17
2023-10-21,st,173.03
2023-10-22,st,172.84
2023-10-23,st,172.62
2023-10-24,st,172.61
2023-10-25,st,172.74
2023-10-26,st,172.95
2023-10-27,st,173.22
2023-10-28,st,173.46
2023-10-29,st,173.41
2023-10-30,st,173.31
2023-10-31,st,173.52
2023-11-01,st,173.37
2023-11-02,st,173.15
2023-11-03,st,172.98
2023-11-04,st,172.83
2023-11-05,st,172.9
2023-11-06,st,173.03
2023-11-07,st,172.74
2023-11-08,st,172.6
2023-11-09,st,172.43
2023-11-10,st,172.22
2023-11-11,st,172.04
2023-11-12,st,171.76
2023-11-13,st,171.74
2023-11-14,st,171.87
2023-11-15,st,171.87
2023-11-16,st,171.88
2023-11-17,st,172.05
2023-11-18,st,172.19
2023-11-19,st,172.55
2023-11-20,st,172.65
2023-11-21,st,172.71
2023-11-22,st,172.6
2023-11-23,st,172.86
2023-11-24,st,172.97
2023-11-25,st,173.01
2023-11-26,st,173.05
2023-11-27,st,173.15
2023-11-28,st,173.25
2023-11-29,st,173.65
2023-11-30,st,173.74
2023-12-01,st,173.94
2023-12-02,st,174.17
2023-12-03,st,174.3
2023-12-04,st,174.43
2023-12-05,st,174.55
2023-12-06,st,174.68
2023-12-07,st,174.87
2023-12-08,st,174.89
2023-12-09,st,175.01
2023-12-10,st,175.05
2023-12-11,st,175.33
2023-12-12,st,175.41
2023-12-13,st,175.5
2023-12-14,st,175.5
2023-12-15,st,175.62
2023-12-16,st,175.45
2023-12-17,st,175.34
2023-12-18,st,175.03
2023-12-19,st,174.74
2023-12-20,st,174.44
2023-12-21,st,174.24
2023-12-22,st,174.1
2023-12-23,st,173.94
2023-12-24,st,174
2023-12-25,st,174.29
2023-12-26,st,174.7
2023-12-27,st,175.07
2023-12-28,st,175.44
2023-12-29,st,175.62
2023-12-30,st,175.82
2023-12-31,st,175.83
2024-01-01,st,175.61
2024-01-02,st,175.59
2024-01-03,st,175.54
2024-01-04,st,175.19
2024-01-05,st,175.09
2024-01-06,st,175.2
2024-01-07,st,175.26
2024-01-08,st,175.07
2024-01-09,st,174.67
2024-01-10,st,174.46
2024-01-11,st,174.42
2024-01-12,st,173.01
2024-01-13,st,171.45
2024-01-14,st,170.08
2024-01-15,st,168.6
2024-01-16,st,167.01
2024-01-17,st,165.33
2024-01-18,st,163.58
2024-01-19,st,163.05
2024-01-20,st,162.73
2024-01-21,st,162.13
2024-01-22,st,161.99
2024-01-23,st,162.05
2024-01-24,st,162.17
2024-01-25,st,162.19
2024-01-26,st,162.17
2024-01-27,st,162.09
2024-01-28,st,162.13
2024-01-29,st,162.01
2024-01-30,st,161.77
2024-01-31,st,161.42
2024-02-01,st,161.18
2024-02-02,st,161.02
2024-02-03,st,160.69
2024-02-04,st,160.36
2024-02-05,st,160.04
2024-02-06,st,159.77
2024-02-07,st,159.61
2024-02-08,st,159.54
2024-02-09,st,159.37
2024-02-10,st,159.33
2024-02-11,st,159.4
2024-02-12,st,159.4
2024-02-13,st,159.57
2024-02-14,st,159.63
2024-02-15,st,159.58
2024-02-16,st,159.54
2024-02-17,st,159.5
2024-02-18,st,159.42
2024-02-19,st,159.44
2024-02-20,st,159.43
2024-02-21,st,159.47
2024-02-22,st,159.55
2024-02-23,st,159.71
2024-02-24,st,159.83
2024-02-25,st,159.88
2024-02-26,st,160
2024-02-27,st,159.99
2024-02-28,st,159.95
2024-02-29,st,160.01
2024-03-01,st,159.94
2024-03-02,st,159.96
2024-03-03,st,159.99
2024-03-04,st,159.93
2024-03-05,st,160.01
2024-03-06,st,159.78
2024-03-07,st,159.49
2024-03-08,st,159.39
2024-03-09,st,159.33
2024-03-10,st,159.19
2024-03-11,st,159.05
2024-03-12,st,158.92
2024-03-13,st,159.04
2024-03-14,st,159.37
2024-03-15,st,159.48
2024-03-16,st,159.45
2024-03-17,st,159.51
2024-03-18,st,159.62
2024-03-19,st,159.58
2024-03-20,st,159.56
2024-03-21,st,159.36
2024-03-22,st,159.55
2024-03-23,st,159.74
2024-03-24,st,159.97
2024-03-25,st,160.17
2024-03-26,st,160.18
2024-03-27,st,160.25
2024-03-28,st,160.33
2024-03-29,st,160.24
2024-03-30,st,160.09
2024-03-31,st,159.97
2024-04-01,st,159.78
2024-04-02,st,159.71
2024-04-03,st,159.77
2024-04-04,st,159.91
2024-04-05,st,159.72
2024-04-06,st,159.9
2024-04-07,st,159.94
2024-04-08,st,160.1
2024-04-09,st,160.27
2024-04-10,st,160.37
2024-04-11,st,160.53
2024-04-12,st,160.96
2024-04-13,st,161.04
2024-04-14,st,161.11
2024-04-15,st,161.38
2024-04-16,st,161.54
2024-04-17,st,161.71
2024-04-18,st,161.75
2024-04-19,st,161.79
2024-04-20,st,161.84
2024-04-21,st,161.9
2024-04-22,st,161.68
2024-04-23,st,161.62
2024-04-24,st,161.54
2024-04-25,st,161.43
2024-04-26,st,161.29
2024-04-27,st,161.39
2024-04-28,st,161.51
2024-04-29,st,161.62
2024-04-30,st,162.13
2024-05-01,st,162.54
2024-05-02,st,162.58
2024-05-03,st,162.72
2024-05-04,st,162.79
2024-05-05,st,162.88
2024-05-06,st,162.98
2024-05-07,st,162.52
2024-05-08,st,161.79
2024-05-09,st,161.5
2024-05-10,st,160.99
2024-05-11,st,160.43
2024-05-12,st,159.87
2024-05-13,st,159.29
2024-05-14,st,158.57
2024-05-15,st,158.18
2024-05-16,st,157.52
2024-05-17,st,156.92
2024-05-18,st,156.38
2024-05-19,st,155.79
2024-05-20,st,155.24
2024-05-21,st,154.92
2024-05-22,st,154.74
2024-05-23,st,154.67
2024-05-24,st,154.5
2024-05-25,st,154.46
2024-05-26,st,154.39
2024-05-27,st,154.51
2024-05-28,st,154.54
2024-05-29,st,154.51
2024-05-30,st,154.61
2024-05-31,st,154.9
2024-06-01,st,154.97
2024-06-02,st,155.11
2024-06-03,st,155.07
2024-06-04,st,155.16
2024-06-05,st,155.11
2024-06-06,st,154.95
2024-06-07,st,154.78
2024-06-08,st,154.56
2024-06-09,st,154.03
2024-06-10,st,153.96
2024-06-11,st,153.91
2024-06-12,st,153.78
2024-06-13,st,153.7
2024-06-14,st,153.48
2024-06-15,st,153.12
2024-06-16,st,153.13
2024-06-17,st,152.85
2024-06-18,st,152.32
2024-06-19,st,152.04
2024-06-20,st,151.73
2024-06-21,st,151.51
2024-06-22,st,151.48
2024-06-23,st,151.31
2024-06-24,st,151.05
2024-06-25,st,151.09
2024-06-26,st,150.96
2024-06-27,st,150.72
2024-06-28,st,150.44
2024-06-29,st,150.26
2024-06-30,st,150.19
2024-07-01,st,150.02
2024-07-02,st,149.85
2024-07-03,st,149.71
2024-07-04,st,149.71
2024-07-05,st,149.73
2024-07-06,st,149.66
2024-07-07,st,149.61
2024-07-08,st,149.59
2024-07-09,st,149.42
2024-07-10,st,149.39
2024-07-11,st,149.44
2024-07-12,st,149.42
2024-07-13,st,149.51
2024-07-14,st,149.63
2024-07-15,st,149.72
2024-07-16,st,149.8
2024-07-17,st,149.77
2024-07-18,st,149.4
2024-07-19,st,149.1
2024-07-20,st,148.67
2024-07-21,st,148.1
2024-07-22,st,147.72
2024-07-23,st,147.5
2024-07-24,st,147.24
2024-07-25,st,147.09
2024-07-26,st,146.99
2024-07-27,st,146.85
2024-07-28,st,146.92
2024-07-29,st,146.87
2024-07-30,st,146.57
2024-07-31,st,146.39
2024-08-01,st,146.25
2024-08-02,st,146.28
2024-08-03,st,146.34
2024-08-04,st,146.27
2024-08-05,st,146.14
2024-08-06,st,146.19
2024-08-07,st,146.18
2024-08-08,st,146.18
2024-08-09,st,146.07
2024-08-10,st,145.99
2024-08-11,st,145.97
2024-08-12,st,146.04
2024-08-13,st,146.24
2024-08-14,st,146.53
2024-08-15,st,146.73
2024-08-16,st,146.91
2024-08-17,st,147.22
2024-08-18,st,147.47
2024-08-19,st,147.7
2024-08-20,st,147.84
2024-08-21,st,147.95
2024-08-22,st,148.28
2024-08-23,st,148.6
2024-08-24,st,148.81
2024-08-25,st,148.97
2024-08-26,st,149.06
2024-08-27,st,149.26
2024-08-28,st,149.23
2024-08-29,st,149.31
2024-08-30,st,149.28
2024-08-31,st,149.15
2024-09-01,st,149.03
2024-09-02,st,149.03
2024-09-03,st,148.87
2024-09-04,st,148.91
2024-09-05,st,148.77
2024-09-06,st,148.73
2024-09-07,st,148.74
2024-09-08,st,148.65
2024-09-09,st,148.31
2024-09-10,st,148.02
2024-09-11,st,147.62
2024-09-12,st,147.23
2024-09-13,st,146.73
2024-09-14,st,146.37
2024-09-15,st,146.09
2024-09-16,st,145.96
2024-09-17,st,145.87
2024-09-18,st,145.83
2024-09-19,st,145.78
2024-09-20,st,145.85
2024-09-21,st,145.83
2024-09-22,st,145.78
2024-09-23,st,145.52
2024-09-24,st,145.23
2024-09-25,st,144.96
2024-09-26,st,144.79
2024-09-27,st,144.66
2024-09-28,st,144.58
2024-09-29,st,144.66
2024-09-30,st,145
2024-10-01,st,145.26
2024-10-02,st,145.1
2024-10-03,st,145.4
2024-10-04,st,145.63
2024-10-05,st,145.68
2024-10-06,st,145.63
2024-10-07,st,145.66
2024-10-08,st,145.59
2024-10-09,st,146.03
2024-10-10,st,145.9
2024-10-11,st,145.78
2024-10-12,st,145.72
2024-10-13,st,145.61
2024-10-14,st,145.44
2024-10-15,st,145.29
2024-10-16,st,145.07
2024-10-17,st,145.29
2024-10-18,st,145.23
2024-10-19,st,145.19
2024-10-20,st,145.19
2024-10-21,st,145.1
2024-10-22,st,145.25
2024-10-23,st,145.29
2024-10-24,st,144.77
2024-10-25,st,144.63
2024-10-26,st,144.39
2024-10-27,st,144.19
2024-10-28,st,144.13
2024-10-29,st,144.1
2024-10-30,st,144.18
2024-10-31,st,144.24
2024-11-01,st,144.12
2024-11-02,st,143.92
2024-11-03,st,143.72
2024-11-04,st,143.57
2024-11-05,st,143.31
2024-11-06,st,143.18
2024-11-07,st,143.15
2024-11-08,st,143.16
2024-11-09,st,143.26
2024-11-10,st,143.45
2024-11-11,st,143.72
2024-11-12,st,143.87
2024-11-13,st,143.92
2024-11-14,st,144.09
2024-11-15,st,144.38
2024-11-16,st,144.92
2024-11-17,st,145.34
2024-11-18,st,145.6
2024-11-19,st,145.95
2024-11-20,st,146.25
2024-11-21,st,146.5
2024-11-22,st,146.81
2024-11-23,st,146.84
2024-11-24,st,146.88
2024-11-25,st,146.94
2024-11-26,st,146.98
2024-11-27,st,146.98
2024-11-28,st,146.77
2024-11-29,st,146.32
2024-11-30,st,146.34
2024-12-01,st,146.33
2024-12-02,st,146.28
2024-12-03,st,146.12
2024-12-04,st,146.05
2024-12-05,st,146.01
2024-12-06,st,146.36
2024-12-07,st,146.34
2024-12-08,st,146.4
2024-12-09,st,146.45
2024-12-10,st,146.66
2024-12-11,st,146.73
2024-12-12,st,146.92
2024-12-13,st,146.84
2024-12-14,st,146.87
2024-12-15,st,146.88
2024-12-16,st,146.94
2024-12-17,st,146.89
2024-12-18,st,146.89
2024-12-19,st,147.04
2024-12-20,st,147.2
2024-12-21,st,147.34
2024-12-22,st,147.53
2024-12-23,st,147.84
2024-12-24,st,148.14
2024-12-25,st,148.62
2024-12-26,st,148.95
2024-12-27,st,149.18
2024-12-28,st,149.31
2024-12-29,st,149.47
2024-12-30,st,149.34
2024-12-31,st,149.54
2025-01-01,st,149.56
2025-01-02,st,149.19
2025-01-03,st,149.16
2025-01-04,st,149.07
2025-01-05,st,148.95
2025-01-06,st,149.05
2025-01-07,st,148.51
2025-01-08,st,148.26
2025-01-09,st,148.46
2025-01-10,st,148.36
2025-01-11,st,148.28
2025-01-12,st,148.05
2025-01-13,st,147.78
2025-01-14,st,148.13
2025-01-15,st,148.17
2025-01-16,st,148.3
2025-01-17,st,148.3
2025-01-18,st,148.42
2025-01-19,st,148.52
2025-01-20,st,148.56
2025-01-21,st,148.28
2025-01-22,st,148.32
2025-01-23,st,148.16
2025-01-24,st,148.12
2025-01-25,st,148.08
2025-01-26,st,148.21
2025-01-27,st,148.41
2025-01-28,st,148.44
2025-01-29,st,148.11
2025-01-30,st,148.14
2025-01-31,st,148.3
2025-02-01,st,148.34
2025-02-02,st,148.3
2025-02-03,st,148.21
2025-02-04,st,148.26
2025-02-05,st,148.45
2025-02-06,st,148.43
2025-02-07,st,148.24
2025-02-08,st,148.16
2025-02-09,st,148
2025-02-10,st,147.83
2025-02-11,st,147.88
2025-02-12,st,147.75
2025-02-13,st,147.08
2025-02-14,st,146.99
2025-02-15,st,146.63
2025-02-16,st,146.45
2025-02-17,st,146.31
2025-02-18,st,146.07
2025-02-19,st,145.91
2025-02-20,st,146.21
2025-02-21,st,146.03
2025-02-22,st,145.99
2025-02-23,st,145.91
2025-02-24,st,145.79
2025-02-25,st,145.5
2025-02-26,st,145.31
2025-02-27,st,145.17
2025-02-28,st,145.15
2025-03-01,st,145.16
2025-03-02,st,145.13
2025-03-03,st,145.08
2025-03-04,st,145.3
2025-03-05,st,145.11
2025-03-06,st,145.07
2025-03-07,st,144.84
2025-03-08,st,144.7
2025-03-09,st,144.58
2025-03-10,st,144.32
2025-03-11,st,143.94
2025-03-12,st,143.99
2025-03-13,st,143.82
2025-03-14,st,143.71
2025-03-15,st,143.62
2025-03-16,st,143.48
2025-03-17,st,143.48
2025-03-18,st,143.48
2025-03-19,st,143.31
2025-03-20,st,143.47
2025-03-21,st,143.29
2025-03-22,st,142.9
2025-03-23,st,142.74
2025-03-24,st,142.65
2025-03-25,st,142.65
2025-03-26,st,142.88
2025-03-27,st,142.94
2025-03-28,st,143.32
2025-03-29,st,143.86
2025-03-30,st,144.2
2025-03-31,st,144.37
2025-04-01,st,144.56
2025-04-02,st,144.64
2025-04-03,st,144.58
2025-04-04,st,144.47
2025-04-05,st,144.33
2025-04-06,st,144.1
2025-04-07,st,144.02
2025-04-08,st,143.76
2025-04-09,st,143.5
2025-04-10,st,143.23
2025-04-11,st,142.96
2025-04-12,st,142.79
2025-04-13,st,142.74
2025-04-14,st,142.56
2025-04-15,st,142.45
2025-04-16,st,142.43
2025-04-17,st,142.38
2025-04-18,st,142.4
2025-04-19,st,142.25
2025-04-20,st,142.15
2025-04-21,st,142.29
2025-04-22,st,142.21
2025-04-23,st,142.03
2025-04-24,st,141.83
2025-04-25,st,141.51
2025-04-26,st,141.4
2025-04-27,st,141.17
2025-04-28,st,140.89
2025-04-29,st,140.93
2025-04-30,st,141.04
2025-05-01,st,141.34
2025-05-02,st,141.68
2025-05-03,st,141.9
2025-05-04,st,142.16
2025-05-05,st,142.39
2025-05-06,st,142.45
2025-05-07,st,142.4
2025-05-08,st,142.31
2025-05-09,st,142.28
2025-05-10,st,142.19
2025-05-11,st,142.07
2025-05-12,st,141.74
2025-05-13,st,141.63
2025-05-14,st,141.59
2025-05-15,st,141.55
2025-05-16,st,141.63
2025-05-17,st,141.71
2025-05-18,st,141.9
2025-05-19,st,142.22
2025-05-20,st,142.44
2025-05-21,st,142.64
2025-05-22,st,142.75
2025-05-23,st,142.78
2025-05-24,st,142.9
2025-05-25,st,142.94
2025-05-26,st,143.01
2025-05-27,st,142.94
2025-05-28,st,142.92
2025-05-29,st,142.89
2025-05-30,st,142.93
2025-05-31,st,142.71
2025-06-01,st,142.53
2025-06-02,st,142.32
2025-06-03,st,142.32
2025-06-04,st,142.33
2025-06-05,st,142.24
2025-06-06,st,141.97
2025-06-07,st,141.89
2025-06-08,st,141.8
2025-06-09,st,141.81
2025-06-10,st,141.47
2025-06-11,st,140.97
2025-06-12,st,140.8
2025-06-13,st,140.74
2025-06-14,st,140.57
2025-06-15,st,140.49
2025-06-16,st,140.24
2025-06-17,st,140.32
2025-06-18,st,140.36
2025-06-19,st,140.21
2025-06-20,st,140.01
2025-06-21,st,139.93
2025-06-22,st,139.79
2025-06-23,st,139.76
2025-06-24,st,139.52
2025-06-25,st,139.44
2025-06-26,st,139.39
2025-06-27,st,139.47
2025-06-28,st,139.51
2025-06-29,st,139.43
2025-06-30,st,139.28
2025-07-01,st,139.03
2025-07-02,st,138.84
2025-07-03,st,138.67
2025-07-04,st,138.4
2025-07-05,st,138.17
2025-07-06,st,138.06
2025-07-07,st,137.9
2025-07-08,st,137.96
2025-07-09,st,137.97
2025-07-10,st,137.84
2025-07-11,st,137.77
2025-07-12,st,137.59
2025-07-13,st,137.31
2025-07-14,st,137.06
2025-07-15,st,136.92
2025-07-16,st,136.67
2025-07-17,st,136.45
2025-07-18,st,135.96
2025-07-19,st,135.36
2025-07-20,st,135.02
2025-07-21,st,134.74
2025-07-22,st,134.31
2025-07-23,st,134.1
2025-07-24,st,134.07
2025-07-25,st,134.32
2025-07-26,st,134.81
2025-07-27,st,135.04
2025-07-28,st,135.31
2025-07-29,st,135.53
2025-07-30,st,135.61
2025-07-31,st,135.44
2025-08-01,st,134.82
2025-08-02,st,134.44
2025-08-03,st,134.24
2025-08-04,st,133.86
2025-08-05,st,133.53
2025-08-06,st,133.3
2025-08-07,st,133.26
2025-08-08,st,133.73
2025-08-09,st,133.8
2025-08-10,st,133.81
2025-08-11,st,133.89
2025-08-12,st,134.09
2025-08-13,st,134.2
2025-08-14,st,134.19
2025-08-15,st,134.17
2025-08-16,st,134.18
2025-08-17,st,134.11
2025-08-18,st,134.09
2025-08-19,st,134.2
2025-08-20,st,134.29
2025-08-21,st,134.45
2025-08-22,st,134.54
2025-08-23,st,134.74
2025-08-24,st,135.03
2025-08-25,st,135.17
2025-08-26,st,135.11
2025-08-27,st,134.97
2025-08-28,st,134.97
2025-08-29,st,135
2025-08-30,st,134.83
2025-08-31,st,134.52
2025-09-01,st,134.38
2025-09-02,st,134.3
2025-09-03,st,134.37
2025-09-04,st,134.32
2025-09-05,st,134.2
2025-09-06,st,134.3
2025-09-07,st,134.57
2025-09-08,st,134.78
2025-09-09,st,135.11
2025-09-10,st,135.24
2025-09-11,st,135.45
2025-09-12,st,135.67
2025-09-13,st,135.84
2025-09-14,st,135.96
2025-09-15,st,136.02
2025-09-16,st,135.89
2025-09-17,st,135.82
2025-09-18,st,135.75
2025-09-19,st,135.62
2025-09-20,st,135.47
2025-09-21,st,135.03
2025-09-22,st,134.71
2025-09-23,st,134.23
2025-09-24,st,133.93
2025-09-25,st,133.67
2025-09-26,st,133.47
2025-09-27,st,133.21
2025-09-28,st,133.15
2025-09-29,st,133.05
2025-09-30,st,133.16
2025-10-01,st,133.22
2025-10-02,st,133.28
2025-10-03,st,133.32
2025-10-04,st,133.27
2025-10-05,st,133.5
2025-10-06,st,133.7
2025-10-07,st,133.83
2025-10-08,st,133.87
2025-10-09,st,133.64
2025-10-10,st,133.48
2025-10-11,st,133.57
2025-10-12,st,133.51
2025-10-13,st,133.43
2025-10-14,st,133.37
2025-10-15,st,133.22
2025-10-16,st,133.25
2025-10-17,st,133.2
2025-10-18,st,133.04
2025-10-19,st,132.95
2025-10-20,st,132.88
2025-10-21,st,132.73
2025-10-22,st,132.71
2025-10-23,st,132.44
2025-10-24,st,132.36
2025-10-25,st,132.32
2025-10-26,st,132.24
2025-10-27,st,131.98
2025-10-28,st,131.81
2025-10-29,st,131.91
2025-10-30,st,132.33
2025-10-31,st,132.55
2025-11-01,st,132.55
2025-11-02,st,132.31
2025-11-03,st,132.26
2025-11-04,st,132.31
2025-11-05,st,132.21
2025-11-06,st,131.93
2025-11-07,st,131.5
2025-11-08,st,131.47
2025-11-09,st,131.56
2025-11-10,st,131.65
2025-11-11,st,131.75
2025-11-12,st,131.79
2025-11-13,st,131.81
2025-11-14,st,132.03
2025-11-15,st,131.98
2025-11-16,st,131.88
2025-11-17,st,131.85
2025-11-18,st,131.91
2025-11-19,st,131.81
2025-11-20,st,131.98
2025-11-21,st,132.13
2025-11-22,st,132.39
2025-11-23,st,132.61
2025-11-24,st,132.88
2025-11-25,st,132.93
2025-11-26,st,133.08
2025-11-27,st,133.09
2025-11-28,st,133.1
2025-11-29,st,133.01
2025-11-30,st,132.93
2025-12-01,st,132.8
2025-12-02,st,132.74
2025-12-03,st,132.65
2025-12-04,st,132.43
2025-12-05,st,132.25
2025-12-06,st,131.72
2025-12-07,st,131.52
2025-12-08,st,131.32
2025-12-09,st,131.13
2025-12-10,st,130.95
2025-12-11,st,130.96
2025-12-12,st,130.93
2025-12-13,st,131.29
2025-12-14,st,131.38
2025-12-15,st,131.48
2025-12-16,st,131.57
2025-12-17,st,131.68
2025-12-18,st,131.82
2025-12-19,st,131.99
2025-12-20,st,132.26
2025-12-21,st,132.56
2025-12-22,st,132.91
2025-12-23,st,133.23
2025-12-24,st,133.54
2025-12-25,st,133.79
2025-12-26,st,134.04
2025-12-27,st,134.16
2025-12-28,st,134.33
2025-12-29,st,134.61
2025-12-30,st,134.94
2025-12-31,st,135.19
2026-01-01,st,135.44
2026-01-02,st,135.56
2026-01-03,st,135.49
2026-01-04,st,135.34
2026-01-05,st,135.1
2026-01-06,st,134.87
2026-01-07,st,134.74
2026-01-08,st,134.58
2026-01-09,st,134.52
2026-01-10,st,134.52
2026-01-11,st,134.55
2026-01-12,st,134.69
2026-01-13,st,134.69
2026-01-14,st,134.56
2026-01-15,st,134.48
2026-01-16,st,134.68
2026-01-17,st,134.88
2026-01-18,st,135.1
2026-01-19,st,135.1
2026-01-20,st,135.14
2026-01-21,st,135.32
2026-01-22,st,135.43
2026-01-23,st,135.33
2026-01-24,st,135.22
2026-01-25,st,134.92
2026-01-26,st,134.64
2026-01-27,st,134.38
2026-01-28,st,134.09
2026-01-29,st,133.85
2026-01-30,st,133.73
2026-01-31,st,133.75
2026-02-01,st,133.97
2026-02-02,st,134.15
2026-02-03,st,134.34
2026-02-04,st,134.52
2026-02-05,st,134.63
2026-02-06,st,134.6
2026-02-07,st,134.47
2026-02-08,st,134.38
2026-02-09,st,134.33
2026-02-10,st,134.28
2026-02-11,st,134.22
2026-02-12,st,134.17
2026-02-13,st,134.12
2026-02-14,st,134.06
2026-02-15,st,134.01
2026-02-16,st,133.96
2026-02-17,st,133.9
2026-02-18,st,133.85
2026-02-19,st,133.8
2026-02-20,st,133.74
2026-02-21,st,133.69
2026-02-22,st,133.64
2026-02-23,st,133.59
2026-02-24,st,133.53
2026-02-25,st,133.48
2026-02-26,st,133.41
2026-02-27,st,133.32
2026-02-28,st,133.13
2026-03-01,st,132.9
2026-03-02,st,132.64
2026-03-03,st,132.48
2026-03-04,st,132.18
2026-03-05,st,131.93
2026-03-06,st,131.76
2026-03-07,st,131.7
2026-03-08,st,131.6
2026-03-09,st,131.54
2026-03-10,st,131.35
2026-03-11,st,131.32
2026-03-12,st,130.94
2026-03-13,st,130.68
2026-03-14,st,130.36
2026-03-15,st,129.98
2026-03-16,st,129.59
2026-03-17,st,129.27
2026-03-18,st,129.05
2026-03-19,st,129.11
2026-03-20,st,128.8
2026-03-21,st,128.39
2026-03-22,st,128.08
2026-03-23,st,127.76
2026-03-24,st,127.54
2026-03-25,st,127.13
2026-03-26,st,126.77
2026-03-27,st,126.74
2026-03-28,st,127.03
2026-03-29,st,127.35
2026-03-30,st,127.73
2026-03-31,st,128
2026-04-01,st,128.28
2026-04-02,st,128.54
2026-04-03,st,128.65
2026-04-04,st,128.54
2026-04-05,st,128.39
2026-04-06,st,128.01
2026-04-07,st,127.63
2026-04-08,st,127.35
2026-04-09,st,127.03
2026-04-10,st,126.78
2026-04-11,st,126.46
2026-04-12,st,126.19
2026-04-13,st,126.01
2026-04-14,st,125.77
2026-04-15,st,125.58
2026-04-16,st,125.36
2026-04-17,st,124.95
2026-04-18,st,124.62
2026-04-19,st,124.39
2026-04-20,st,124.27
2026-04-21,st,124.32
2026-04-22,st,124.29
2026-04-23,st,124.43
2026-04-24,st,124.67
2026-04-25,st,124.88
2026-04-26,st,125.06
2026-04-27,st,125.21
2026-04-28,st,125.21
2026-04-29,st,125.3
2026-04-30,st,125.26
2026-05-01,st,125
2026-05-02,st,124.74
2026-05-03,st,124.43
2026-05-04,st,124.06
2026-05-05,st,123.69
2026-05-06,st,123.38
2026-05-07,st,123.15
2026-05-08,st,123.18
2026-05-09,st,123.3
2026-05-10,st,123.32
2026-05-11,st,123.43
2026-05-12,st,123.76
2026-05-13,st,123.98
2026-05-14,st,124.18
2026-05-15,st,124.33
2026-05-16,st,124.35
2026-05-17,st,124.54
2026-05-18,st,124.7
2026-05-19,st,124.61
2026-05-20,st,124.51
2026-05-21,st,124.35
2026-05-22,st,124.24
2026-05-23,st,124.23
2026-05-24,st,124.11
2026-05-25,st,123.86
2026-05-26,st,123.62
2026-05-27,st,123.26
2026-05-28,st,123.18
2026-05-29,st,123.17
2026-05-30,st,123.32
2026-05-31,st,123.35
2026-06-01,st,123.61
2026-06-02,st,124.2
2026-06-03,st,124.89
2026-06-04,st,125.37
2026-06-05,st,125.88
2026-06-06,st,126.4
2026-06-07,st,126.99
2026-06-08,st,127.53
2026-06-09,st,127.9
2026-06-10,st,128.06
2026-06-11,st,128.36
2026-06-12,st,128.48
2026-06-13,st,128.64
2026-06-14,st,128.82
2026-06-15,st,128.76
2026-06-16,st,128.63
2026-06-17,st,128.59
2026-06-18,st,128.38
2026-06-19,st,128.43
2026-06-20,st,128.39
2026-06-21,st,128.34
2026-06-22,st,128.34
2026-06-23,st,128.21
2026-06-24,st,128.16
2026-06-25,st,128.17
2026-06-26,st,127.93
2026-06-27,st,127.64
2026-06-28,st,127.4
2026-06-29,st,126.97
2026-06-30,st,126.23
2026-07-01,st,125.71
2026-07-02,st,125.23
2026-07-03,st,124.76
2026-07-04,st,124.4
2026-07-05,st,123.99
2026-07-06,st,123.74
2026-07-07,st,123.95
2026-07-08,st,124.02
2026-07-09,st,124.05
2026-07-10,st,124.23
2026-07-11,st,124.39
2026-07-12,st,124.6
2026-07-13,st,124.82
2026-07-14,st,124.91
2026-07-15,st,124.89
2026-07-16,st,124.86
2026-07-17,st,124.71
2026-07-18,st,124.56
2026-07-19,st,124.32
2026-07-20,st,124.3
2026-07-21,st,124.28
2026-07-22,st,124.3
2026-07-23,st,124.34
2026-07-24,st,124.28
2026-07-25,st,124.19
2026-07-26,st,124.28
2026-07-27,st,124.11
2026-07-28,st,124.06
2026-07-29,st,123.94
2026-07-30,st,123.7
2026-07-31,st,122.92
2026-08-01,st,122.53
2026-08-02,st,122.07
2026-08-03,st,121.64
2026-08-04,st,121.52
2026-08-05,st,121.36
2026-08-06,st,121.36
2026-08-07,st,122.03
2026-08-08,st,122.4
2026-08-09,st,122.79
2026-08-10,st,123.21
2026-08-11,st,123.23
2026-08-12,st,123.22
2026-08-13,st,123.13
2026-08-14,st,122.97
2026-08-15,st,122.63
2026-08-16,st,122.25
2026-08-17,st,121.93
2026-08-18,st,121.7
2026-08-19,st,121.77
2026-08-20,st,121.94
2026-08-21,st,122.18
2026-08-22,st,122.48
2026-08-23,st,122.78
2026-08-24,st,122.99
2026-08-25,st,123.08
2026-08-26,st,123.05
2026-08-27,st,123.11
2026-08-28,st,122.97
2026-08-29,st,122.97
2026-08-30,st,122.97
2026-08-31,st,122.69
2026-09-01,st,122.8
2026-09-02,st,122.94
2026-09-03,st,123.09
2026-09-04,st,123.45
2026-09-05,st,123.72
2026-09-06,st,123.9
2026-09-07,st,124.48
2026-09-08,st,124.56
2026-09-09,st,124.67
2026-09-10,st,124.59
2026-09-11,st,124.37
2026-09-12,st,124.32
2026-09-13,st,124.27
2026-09-14,st,123.9
2026-09-15,st,123.82
2026-09-16,st,123.48
2026-09-17,st,123.26
2026-09-18,st,123.12
2020-02-01,th,100
2020-02-02,th,99.9
2020-02-03,th,99.88
2020-02-04,th,99.9
2020-02-05,th,100.01
2020-02-06,th,100.17
2020-02-07,th,100.3
2020-02-08,th,100.22
2020-02-09,th,100.08
2020-02-10,th,99.87
2020-02-11,th,99.72
2020-02-12,th,99.49
2020-02-13,th,99.36
2020-02-14,th,99.07
2020-02-15,th,98.96
2020-02-16,th,98.95
2020-02-17,th,99.01
2020-02-18,th,98.98
2020-02-19,th,98.98
2020-02-20,th,98.95
2020-02-21,th,99.04
2020-02-22,th,99.09
2020-02-23,th,99.11
2020-02-24,th,99.09
2020-02-25,th,99.14
2020-02-26,th,99.28
2020-02-27,th,99.42
2020-02-28,th,99.65
2020-02-29,th,99.99
2020-03-01,th,100.3
2020-03-02,th,100.61
2020-03-03,th,100.86
2020-03-04,th,101.07
2020-03-05,th,101.1
2020-03-06,th,101.05
2020-03-07,th,100.95
2020-03-08,th,100.81
2020-03-09,th,100.71
2020-03-10,th,100.65
2020-03-11,th,100.37
2020-03-12,th,100.23
2020-03-13,th,100.03
2020-03-14,th,99.71
2020-03-15,th,99.44
2020-03-16,th,99.09
2020-03-17,th,98.63
2020-03-18,th,98.21
2020-03-19,th,97.68
2020-03-20,th,97.11
2020-03-21,th,96.47
2020-03-22,th,95.83
2020-03-23,th,95.19
2020-03-24,th,94.69
2020-03-25,th,94.31
2020-03-26,th,94.08
2020-03-27,th,93.85
2020-03-28,th,93.63
2020-03-29,th,93.42
2020-03-30,th,93.29
2020-03-31,th,93.18
2020-04-01,th,93.06
2020-04-02,th,92.74
2020-04-03,th,92.39
2020-04-04,th,92.12
2020-04-05,th,91.88
2020-04-06,th,91.61
2020-04-07,th,91.53
2020-04-08,th,91.48
2020-04-09,th,91.32
2020-04-10,th,91.11
2020-04-11,th,90.9
2020-04-12,th,90.82
2020-04-13,th,90.64
2020-04-14,th,90.39
2020-04-15,th,90.19
2020-04-16,th,90.22
2020-04-17,th,90.45
2020-04-18,th,90.75
2020-04-19,th,90.78
2020-04-20,th,91.11
2020-04-21,th,91.25
2020-04-22,th,91.34
2020-04-23,th,91.34
2020-04-24,th,91.28
2020-04-25,th,91.27
2020-04-26,th,91.42
2020-04-27,th,91.42
2020-04-28,th,91.36
2020-04-29,th,91.43
2020-04-30,th,91.54
2020-05-01,th,91.72
2020-05-02,th,91.94
2020-05-03,th,92.11
2020-05-04,th,92.26
2020-05-05,th,92.54
2020-05-06,th,92.59
2020-05-07,th,92.62
2020-05-08,th,92.68
2020-05-09,th,92.65
2020-05-10,th,92.34
2020-05-11,th,91.93
2020-05-12,th,91.76
2020-05-13,th,91.61
2020-05-14,th,91.52
2020-05-15,th,91.4
2020-05-16,th,91.31
2020-05-17,th,91.48
2020-05-18,th,91.71
2020-05-19,th,91.58
2020-05-20,th,91.62
2020-05-21,th,91.79
2020-05-22,th,91.81
2020-05-23,th,91.69
2020-05-24,th,91.7
2020-05-25,th,91.67
2020-05-26,th,91.92
2020-05-27,th,91.96
2020-05-28,th,91.94
2020-05-29,th,91.91
2020-05-30,th,92.02
2020-05-31,th,92.11
2020-06-01,th,92.38
2020-06-02,th,92.23
2020-06-03,th,92.17
2020-06-04,th,91.98
2020-06-05,th,91.89
2020-06-06,th,91.76
2020-06-07,th,91.52
2020-06-08,th,91.11
2020-06-09,th,90.94
2020-06-10,th,90.84
2020-06-11,th,90.9
2020-06-12,th,90.87
2020-06-13,th,90.9
2020-06-14,th,90.89
2020-06-15,th,90.8
2020-06-16,th,90.81
2020-06-17,th,90.77
2020-06-18,th,90.77
2020-06-19,th,90.83
2020-06-20,th,90.9
2020-06-21,th,90.95
2020-06-22,th,91.14
2020-06-23,th,91.17
2020-06-24,th,91.15
2020-06-25,th,90.9
2020-06-26,th,90.68
2020-06-27,th,90.44
2020-06-28,th,90.27
2020-06-29,th,90
2020-06-30,th,89.83
2020-07-01,th,89.62
2020-07-02,th,89.41
2020-07-03,th,89.31
2020-07-04,th,89.46
2020-07-05,th,89.61
2020-07-06,th,89.84
2020-07-07,th,90.01
2020-07-08,th,90.37
2020-07-09,th,90.78
2020-07-10,th,91.23
2020-07-11,th,91.48
2020-07-12,th,91.59
2020-07-13,th,91.75
2020-07-14,th,91.99
2020-07-15,th,92.17
2020-07-16,th,92.41
2020-07-17,th,92.37
2020-07-18,th,92.27
2020-07-19,th,92.17
2020-07-20,th,92.03
2020-07-21,th,91.86
2020-07-22,th,91.64
2020-07-23,th,91.54
2020-07-24,th,91.5
2020-07-25,th,91.66
2020-07-26,th,92.05
2020-07-27,th,92.3
2020-07-28,th,92.69
2020-07-29,th,92.95
2020-07-30,th,93.1
2020-07-31,th,93.4
2020-08-01,th,93.49
2020-08-02,th,93.51
2020-08-03,th,93.53
2020-08-04,th,93.29
2020-08-05,th,93.18
2020-08-06,th,93.26
2020-08-07,th,93.19
2020-08-08,th,93.28
2020-08-09,th,93.39
2020-08-10,th,93.62
2020-08-11,th,93.89
2020-08-12,th,94.11
2020-08-13,th,94.26
2020-08-14,th,94.56
2020-08-15,th,94.76
2020-08-16,th,95
2020-08-17,th,95.18
2020-08-18,th,95.42
2020-08-19,th,95.79
2020-08-20,th,96.08
2020-08-21,th,96.18
2020-08-22,th,96.12
2020-08-23,th,96.09
2020-08-24,th,96.19
2020-08-25,th,96.26
2020-08-26,th,96.22
2020-08-27,th,96.19
2020-08-28,th,96.24
2020-08-29,th,96.48
2020-08-30,th,96.59
2020-08-31,th,96.72
2020-09-01,th,96.89
2020-09-02,th,97.01
2020-09-03,th,97.1
2020-09-04,th,97.15
2020-09-05,th,97.17
2020-09-06,th,97.24
2020-09-07,th,97.13
2020-09-08,th,96.99
2020-09-09,th,97
2020-09-10,th,97.06
2020-09-11,th,97.24
2020-09-12,th,97.42
2020-09-13,th,97.5
2020-09-14,th,97.73
2020-09-15,th,97.94
2020-09-16,th,98.23
2020-09-17,th,98.54
2020-09-18,th,98.71
2020-09-19,th,98.85
2020-09-20,th,99.06
2020-09-21,th,99.17
2020-09-22,th,99.42
2020-09-23,th,99.49
2020-09-24,th,99.53
2020-09-25,th,99.66
2020-09-26,th,99.83
2020-09-27,th,100.03
2020-09-28,th,100.49
2020-09-29,th,100.72
2020-09-30,th,101.09
2020-10-01,th,101.51
2020-10-02,th,102.03
2020-10-03,th,102.5
2020-10-04,th,102.94
2020-10-05,th,103.22
2020-10-06,th,103.68
2020-10-07,th,104.14
2020-10-08,th,104.44
2020-10-09,th,104.6
2020-10-10,th,104.75
2020-10-11,th,104.97
2020-10-12,th,104.95
2020-10-13,th,104.88
2020-10-14,th,104.8
2020-10-15,th,104.81
2020-10-16,th,104.68
2020-10-17,th,104.66
2020-10-18,th,104.61
2020-10-19,th,104.67
2020-10-20,th,104.82
2020-10-21,th,105.06
2020-10-22,th,105.15
2020-10-23,th,105.27
2020-10-24,th,105.25
2020-10-25,th,105.21
2020-10-26,th,105.2
2020-10-27,th,105.23
2020-10-28,th,105.01
2020-10-29,th,104.94
2020-10-30,th,104.93
2020-10-31,th,104.92
2020-11-01,th,104.96
2020-11-02,th,105.01
2020-11-03,th,104.92
2020-11-04,th,104.9
2020-11-05,th,104.83
2020-11-06,th,104.8
2020-11-07,th,104.9
2020-11-08,th,104.86
2020-11-09,th,104.9
2020-11-10,th,104.92
2020-11-11,th,104.95
2020-11-12,th,104.99
2020-11-13,th,105.03
2020-11-14,th,104.96
2020-11-15,th,105.01
2020-11-16,th,104.88
2020-11-17,th,104.89
2020-11-18,th,104.86
2020-11-19,th,104.72
2020-11-20,th,104.63
2020-11-21,th,104.5
2020-11-22,th,104.37
2020-11-23,th,104.25
2020-11-24,th,103.96
2020-11-25,th,103.86
2020-11-26,th,103.94
2020-11-27,th,103.93
2020-11-28,th,104.04
2020-11-29,th,104.19
2020-11-30,th,104.39
2020-12-01,th,104.51
2020-12-02,th,104.39
2020-12-03,th,104.25
2020-12-04,th,104.28
2020-12-05,th,104.23
2020-12-06,th,104.07
2020-12-07,th,103.82
2020-12-08,th,103.82
2020-12-09,th,103.87
2020-12-10,th,103.56
2020-12-11,th,102.96
2020-12-12,th,102.34
2020-12-13,th,101.87
2020-12-14,th,101.68
2020-12-15,th,101.39
2020-12-16,th,101.05
2020-12-17,th,101.04
2020-12-18,th,101.02
2020-12-19,th,101.06
2020-12-20,th,101.06
2020-12-21,th,101.07
2020-12-22,th,101.17
2020-12-23,th,101.31
2020-12-24,th,101.51
2020-12-25,th,101.88
2020-12-26,th,102.2
2020-12-27,th,102.44
2020-12-28,th,102.57
2020-12-29,th,102.69
2020-12-30,th,102.74
2020-12-31,th,102.68
2021-01-01,th,102.59
2021-01-02,th,102.4
2021-01-03,th,102.17
2021-01-04,th,101.96
2021-01-05,th,101.87
2021-01-06,th,102.06
2021-01-07,th,102.32
2021-01-08,th,102.63
2021-01-09,th,103.13
2021-01-10,th,103.72
2021-01-11,th,104.13
2021-01-12,th,104.38
2021-01-13,th,104.52
2021-01-14,th,104.7
2021-01-15,th,104.85
2021-01-16,th,104.94
2021-01-17,th,105.1
2021-01-18,th,105.17
2021-01-19,th,105.29
2021-01-20,th,105.17
2021-01-21,th,104.93
2021-01-22,th,104.7
2021-01-23,th,104.46
2021-01-24,th,104.19
2021-01-25,th,104.09
2021-01-26,th,103.88
2021-01-27,th,103.84
2021-01-28,th,103.99
2021-01-29,th,104.15
2021-01-30,th,104.31
2021-01-31,th,104.48
2021-02-01,th,104.71
2021-02-02,th,105.06
2021-02-03,th,105.41
2021-02-04,th,105.48
2021-02-05,th,105.55
2021-02-06,th,105.51
2021-02-07,th,105.49
2021-02-08,th,105.32
2021-02-09,th,105.01
2021-02-10,th,104.63
2021-02-11,th,104.59
2021-02-12,th,104.34
2021-02-13,th,104.27
2021-02-14,th,104.11
2021-02-15,th,103.99
2021-02-16,th,103.96
2021-02-17,th,103.94
2021-02-18,th,103.78
2021-02-19,th,103.94
2021-02-20,th,104.05
2021-02-21,th,104.08
2021-02-22,th,104.19
2021-02-23,th,104.35
2021-02-24,th,104.52
2021-02-25,th,104.64
2021-02-26,th,104.67
2021-02-27,th,104.74
2021-02-28,th,104.98
2021-03-01,th,105.3
2021-03-02,th,105.68
2021-03-03,th,106.06
2021-03-04,th,106.52
2021-03-05,th,106.91
2021-03-06,th,107.25
2021-03-07,th,107.66
2021-03-08,th,107.9
2021-03-09,th,108.11
2021-03-10,th,108.51
2021-03-11,th,108.8
2021-03-12,th,109.46
2021-03-13,th,110.18
2021-03-14,th,110.75
2021-03-15,th,111.29
2021-03-16,th,111.82
2021-03-17,th,112.32
2021-03-18,th,112.98
2021-03-19,th,113.28
2021-03-20,th,113.57
2021-03-21,th,113.86
2021-03-22,th,114.22
2021-03-23,th,114.56
2021-03-24,th,114.91
2021-03-25,th,115.06
2021-03-26,th,115.37
2021-03-27,th,115.75
2021-03-28,th,116.01
2021-03-29,th,116.34
2021-03-30,th,116.75
2021-03-31,th,117.28
2021-04-01,th,117.81
2021-04-02,th,118.26
2021-04-03,th,118.52
2021-04-04,th,118.99
2021-04-05,th,119.43
2021-04-06,th,119.91
2021-04-07,th,120.13
2021-04-08,th,120.33
2021-04-09,th,120.46
2021-04-10,th,120.63
2021-04-11,th,120.56
2021-04-12,th,120.65
2021-04-13,th,120.58
2021-04-14,th,120.62
2021-04-15,th,120.75
2021-04-16,th,120.86
2021-04-17,th,121.01
2021-04-18,th,121.26
2021-04-19,th,121.38
2021-04-20,th,121.7
2021-04-21,th,121.8
2021-04-22,th,121.93
2021-04-23,th,122.15
2021-04-24,th,122.39
2021-04-25,th,122.56
2021-04-26,th,122.7
2021-04-27,th,122.63
2021-04-28,th,122.39
2021-04-29,th,122.12
2021-04-30,th,121.71
2021-05-01,th,121.35
2021-05-02,th,121.22
2021-05-03,th,121.05
2021-05-04,th,120.99
2021-05-05,th,121.15
2021-05-06,th,121.25
2021-05-07,th,121.48
2021-05-08,th,121.83
2021-05-09,th,122.06
2021-05-10,th,121.97
2021-05-11,th,121.78
2021-05-12,th,122.02
2021-05-13,th,122.4
2021-05-14,th,122.72
2021-05-15,th,122.92
2021-05-16,th,123.14
2021-05-17,th,123.7
2021-05-18,th,124.45
2021-05-19,th,124.92
2021-05-20,th,125.58
2021-05-21,th,126.19
2021-05-22,th,126.77
2021-05-23,th,127.32
2021-05-24,th,127.96
2021-05-25,th,128.33
2021-05-26,th,128.68
2021-05-27,th,128.71
2021-05-28,th,128.93
2021-05-29,th,129.11
2021-05-30,th,129.34
2021-05-31,th,129.54
2021-06-01,th,129.86
2021-06-02,th,130.27
2021-06-03,th,130.8
2021-06-04,th,131.24
2021-06-05,th,131.69
2021-06-06,th,132.14
2021-06-07,th,132.49
2021-06-08,th,132.77
2021-06-09,th,133.06
2021-06-10,th,133.1
2021-06-11,th,133.21
2021-06-12,th,133.51
2021-06-13,th,133.85
2021-06-14,th,134.15
2021-06-15,th,134.41
2021-06-16,th,134.47
2021-06-17,th,134.75
2021-06-18,th,135.08
2021-06-19,th,135.13
2021-06-20,th,135.15
2021-06-21,th,135.08
2021-06-22,th,135.12
2021-06-23,th,135.23
2021-06-24,th,135.27
2021-06-25,th,135.23
2021-06-26,th,135.17
2021-06-27,th,135.09
2021-06-28,th,135.21
2021-06-29,th,135.33
2021-06-30,th,135.45
2021-07-01,th,135.56
2021-07-02,th,135.56
2021-07-03,th,135.78
2021-07-04,th,135.94
2021-07-05,th,135.89
2021-07-06,th,135.88
2021-07-07,th,135.85
2021-07-08,th,135.95
2021-07-09,th,136.13
2021-07-10,th,136.18
2021-07-11,th,136.3
2021-07-12,th,136.5
2021-07-13,th,136.64
2021-07-14,th,136.95
2021-07-15,th,137.06
2021-07-16,th,137.22
2021-07-17,th,137.61
2021-07-18,th,138.03
2021-07-19,th,138.4
2021-07-20,th,138.9
2021-07-21,th,139.24
2021-07-22,th,139.73
2021-07-23,th,140.15
2021-07-24,th,140.25
2021-07-25,th,140.42
2021-07-26,th,140.72
2021-07-27,th,140.9
2021-07-28,th,141.29
2021-07-29,th,141.45
2021-07-30,th,141.73
2021-07-31,th,142.09
2021-08-01,th,142.36
2021-08-02,th,142.57
2021-08-03,th,142.73
2021-08-04,th,142.72
2021-08-05,th,142.76
2021-08-06,th,142.74
2021-08-07,th,143
2021-08-08,th,143.3
2021-08-09,th,143.57
2021-08-10,th,143.9
2021-08-11,th,144.24
2021-08-12,th,144.58
2021-08-13,th,144.94
2021-08-14,th,145.01
2021-08-15,th,145.03
2021-08-16,th,145.26
2021-08-17,th,145.48
2021-08-18,th,145.79
2021-08-19,th,146.26
2021-08-20,th,146.82
2021-08-21,th,147.3
2021-08-22,th,147.77
2021-08-23,th,148.09
2021-08-24,th,148.49
2021-08-25,th,148.74
2021-08-26,th,148.92
2021-08-27,th,149.04
2021-08-28,th,149.14
2021-08-29,th,149.33
2021-08-30,th,149.49
2021-08-31,th,149.53
2021-09-01,th,149.39
2021-09-02,th,149.45
2021-09-03,th,149.44
2021-09-04,th,149.59
2021-09-05,th,149.64
2021-09-06,th,149.74
2021-09-07,th,149.93
2021-09-08,th,150.29
2021-09-09,th,150.47
2021-09-10,th,150.72
2021-09-11,th,150.94
2021-09-12,th,151.25
2021-09-13,th,151.45
2021-09-14,th,151.56
2021-09-15,th,151.7
2021-09-16,th,151.8
2021-09-17,th,151.87
2021-09-18,th,151.92
2021-09-19,th,151.96
2021-09-20,th,152.07
2021-09-21,th,152.33
2021-09-22,th,152.5
2021-09-23,th,152.75
2021-09-24,th,152.93
2021-09-25,th,153.11
2021-09-26,th,153.33
2021-09-27,th,153.52
2021-09-28,th,153.62
2021-09-29,th,153.76
2021-09-30,th,153.86
2021-10-01,th,154.06
2021-10-02,th,154.28
2021-10-03,th,154.36
2021-10-04,th,154.41
2021-10-05,th,154.62
2021-10-06,th,154.86
2021-10-07,th,155.15
2021-10-08,th,155.46
2021-10-09,th,155.66
2021-10-10,th,155.95
2021-10-11,th,156.24
2021-10-12,th,156.44
2021-10-13,th,156.7
2021-10-14,th,156.96
2021-10-15,th,157.06
2021-10-16,th,157.34
2021-10-17,th,157.58
2021-10-18,th,157.87
2021-10-19,th,158.15
2021-10-20,th,158.35
2021-10-21,th,158.56
2021-10-22,th,158.85
2021-10-23,th,159.07
2021-10-24,th,159.28
2021-10-25,th,159.45
2021-10-26,th,159.59
2021-10-27,th,159.75
2021-10-28,th,159.85
2021-10-29,th,160.05
2021-10-30,th,160.36
2021-10-31,th,160.65
2021-11-01,th,160.61
2021-11-02,th,160.63
2021-11-03,th,160.49
2021-11-04,th,160.72
2021-11-05,th,161.03
2021-11-06,th,161.05
2021-11-07,th,161.16
2021-11-08,th,161.5
2021-11-09,th,161.85
2021-11-10,th,162.24
2021-11-11,th,162.37
2021-11-12,th,162.36
2021-11-13,th,162.43
2021-11-14,th,162.41
2021-11-15,th,162.47
2021-11-16,th,162.44
2021-11-17,th,162.54
2021-11-18,th,162.36
2021-11-19,th,162.27
2021-11-20,th,162.2
2021-11-21,th,162.21
2021-11-22,th,162.12
2021-11-23,th,162.07
2021-11-24,th,161.83
2021-11-25,th,161.58
2021-11-26,th,161.13
2021-11-27,th,160.79
2021-11-28,th,160.43
2021-11-29,th,160.15
2021-11-30,th,159.8
2021-12-01,th,159.32
2021-12-02,th,159.11
2021-12-03,th,158.94
2021-12-04,th,158.72
2021-12-05,th,158.46
2021-12-06,th,158.16
2021-12-07,th,158.33
2021-12-08,th,158.56
2021-12-09,th,158.62
2021-12-10,th,158.72
2021-12-11,th,158.94
2021-12-12,th,159.21
2021-12-13,th,159.53
2021-12-14,th,159.67
2021-12-15,th,159.52
2021-12-16,th,159.32
2021-12-17,th,158.82
2021-12-18,th,158.15
2021-12-19,th,157.43
2021-12-20,th,156.71
2021-12-21,th,156.2
2021-12-22,th,156.13
2021-12-23,th,156.07
2021-12-24,th,156.52
2021-12-25,th,156.96
2021-12-26,th,157.49
2021-12-27,th,158.11
2021-12-28,th,158.19
2021-12-29,th,157.91
2021-12-30,th,158.09
2021-12-31,th,158.01
2022-01-01,th,157.79
2022-01-02,th,157.5
2022-01-03,th,157.06
2022-01-04,th,156.78
2022-01-05,th,156.86
2022-01-06,th,156.5
2022-01-07,th,156.08
2022-01-08,th,155.95
2022-01-09,th,155.77
2022-01-10,th,155.47
2022-01-11,th,155.18
2022-01-12,th,155.06
2022-01-13,th,155.15
2022-01-14,th,155.45
2022-01-15,th,155.68
2022-01-16,th,155.98
2022-01-17,th,156.63
2022-01-18,th,157.14
2022-01-19,th,157.64
2022-01-20,th,158.07
2022-01-21,th,158.19
2022-01-22,th,158.3
2022-01-23,th,158.29
2022-01-24,th,158.23
2022-01-25,th,158.03
2022-01-26,th,157.79
2022-01-27,th,157.66
2022-01-28,th,157.96
2022-01-29,th,158.31
2022-01-30,th,158.78
2022-01-31,th,159.14
2022-02-01,th,159.51
2022-02-02,th,159.92
2022-02-03,th,160.07
2022-02-04,th,160.04
2022-02-05,th,159.88
2022-02-06,th,159.74
2022-02-07,th,159.55
2022-02-08,th,159.55
2022-02-09,th,159.59
2022-02-10,th,159.82
2022-02-11,th,159.76
2022-02-12,th,159.99
2022-02-13,th,160.12
2022-02-14,th,160.31
2022-02-15,th,160.59
2022-02-16,th,160.71
2022-02-17,th,160.82
2022-02-18,th,161.32
2022-02-19,th,161.48
2022-02-20,th,161.74
2022-02-21,th,161.95
2022-02-22,th,161.96
2022-02-23,th,162.08
2022-02-24,th,162.3
2022-02-25,th,162.5
2022-02-26,th,162.82
2022-02-27,th,162.98
2022-02-28,th,163.18
2022-03-01,th,163.68
2022-03-02,th,163.67
2022-03-03,th,163.81
2022-03-04,th,164.08
2022-03-05,th,164.43
2022-03-06,th,164.78
2022-03-07,th,165.03
2022-03-08,th,165.32
2022-03-09,th,166.03
2022-03-10,th,166.41
2022-03-11,th,166.44
2022-03-12,th,166.45
2022-03-13,th,166.55
2022-03-14,th,166.71
2022-03-15,th,166.47
2022-03-16,th,166.45
2022-03-17,th,166.36
2022-03-18,th,166.36
2022-03-19,th,166.13
2022-03-20,th,166.12
2022-03-21,th,166.26
2022-03-22,th,166.46
2022-03-23,th,166.54
2022-03-24,th,167.1
2022-03-25,th,167.74
2022-03-26,th,168.6
2022-03-27,th,169.11
2022-03-28,th,169.56
2022-03-29,th,170.1
2022-03-30,th,170.5
2022-03-31,th,170.95
2022-04-01,th,171.14
2022-04-02,th,171.09
2022-04-03,th,171.06
2022-04-04,th,170.93
2022-04-05,th,171.17
2022-04-06,th,171.6
2022-04-07,th,171.64
2022-04-08,th,171.88
2022-04-09,th,171.97
2022-04-10,th,172.19
2022-04-11,th,172.22
2022-04-12,th,172.11
2022-04-13,th,171.74
2022-04-14,th,171.51
2022-04-15,th,171.43
2022-04-16,th,171.59
2022-04-17,th,171.79
2022-04-18,th,172.03
2022-04-19,th,171.92
2022-04-20,th,172.3
2022-04-21,th,172.04
2022-04-22,th,171.9
2022-04-23,th,171.92
2022-04-24,th,171.96
2022-04-25,th,172.1
2022-04-26,th,172.48
2022-04-27,th,172.54
2022-04-28,th,173
2022-04-29,th,173.39
2022-04-30,th,173.62
2022-05-01,th,173.85
2022-05-02,th,174.39
2022-05-03,th,174.77
2022-05-04,th,175.26
2022-05-05,th,175.88
2022-05-06,th,176.24
2022-05-07,th,176.68
2022-05-08,th,177
2022-05-09,th,177.29
2022-05-10,th,177.24
2022-05-11,th,177.05
2022-05-12,th,176.63
2022-05-13,th,176.22
2022-05-14,th,176.01
2022-05-15,th,176.15
2022-05-16,th,176.23
2022-05-17,th,176.72
2022-05-18,th,177.18
2022-05-19,th,177.78
2022-05-20,th,178.42
2022-05-21,th,178.78
2022-05-22,th,178.85
2022-05-23,th,178.91
2022-05-24,th,178.97
2022-05-25,th,179.04
2022-05-26,th,179.1
2022-05-27,th,179.16
2022-05-28,th,179.23
2022-05-29,th,179.29
2022-05-30,th,179.35
2022-05-31,th,179.81
2022-06-01,th,180.33
2022-06-02,th,180.72
2022-06-03,th,180.92
2022-06-04,th,181.1
2022-06-05,th,181.13
2022-06-06,th,181.29
2022-06-07,th,181.09
2022-06-08,th,180.41
2022-06-09,th,179.88
2022-06-10,th,179.79
2022-06-11,th,179.69
2022-06-12,th,179.72
2022-06-13,th,179.57
2022-06-14,th,179.33
2022-06-15,th,179.24
2022-06-16,th,179.29
2022-06-17,th,178.01
2022-06-18,th,177.65
2022-06-19,th,177.5
2022-06-20,th,177.3
2022-06-21,th,177.17
2022-06-22,th,177.04
2022-06-23,th,176.94
2022-06-24,th,178.07
2022-06-25,th,178.42
2022-06-26,th,178.72
2022-06-27,th,178.74
2022-06-28,th,178.98
2022-06-29,th,179.68
2022-06-30,th,179.96
2022-07-01,th,179.85
2022-07-02,th,179.74
2022-07-03,th,179.4
2022-07-04,th,179.66
2022-07-05,th,179.74
2022-07-06,th,179.55
2022-07-07,th,179.47
2022-07-08,th,179.64
2022-07-09,th,179.69
2022-07-10,th,180.12
2022-07-11,th,180.07
2022-07-12,th,179.79
2022-07-13,th,179.59
2022-07-14,th,179.46
2022-07-15,th,179.32
2022-07-16,th,179.17
2022-07-17,th,178.57
2022-07-18,th,178.29
2022-07-19,th,178.18
2022-07-20,th,177.88
2022-07-21,th,177.79
2022-07-22,th,177.65
2022-07-23,th,177.55
2022-07-24,th,177.65
2022-07-25,th,177.48
2022-07-26,th,177.43
2022-07-27,th,177.62
2022-07-28,th,177.25
2022-07-29,th,177.31
2022-07-30,th,177.45
2022-07-31,th,177.6
2022-08-01,th,177.44
2022-08-02,th,177.4
2022-08-03,th,177.43
2022-08-04,th,177.94
2022-08-05,th,178.16
2022-08-06,th,178.25
2022-08-07,th,178.19
2022-08-08,th,178.56
2022-08-09,th,178.82
2022-08-10,th,178.86
2022-08-11,th,178.82
2022-08-12,th,178.89
2022-08-13,th,178.87
2022-08-14,th,179.2
2022-08-15,th,179.42
2022-08-16,th,179.38
2022-08-17,th,179.41
2022-08-18,th,179.36
2022-08-19,th,179.12
2022-08-20,th,178.95
2022-08-21,th,178.62
2022-08-22,th,178.41
2022-08-23,th,178.28
2022-08-24,th,178.25
2022-08-25,th,178.22
2022-08-26,th,178.22
2022-08-27,th,178.44
2022-08-28,th,178.52
2022-08-29,th,178.42
2022-08-30,th,178.66
2022-08-31,th,178.87
2022-09-01,th,179.08
2022-09-02,th,179.04
2022-09-03,th,178.99
2022-09-04,th,178.81
2022-09-05,th,178.79
2022-09-06,th,178.51
2022-09-07,th,178.07
2022-09-08,th,177.86
2022-09-09,th,177.82
2022-09-10,th,177.8
2022-09-11,th,177.89
2022-09-12,th,177.85
2022-09-13,th,178.05
2022-09-14,th,178.41
2022-09-15,th,178.58
2022-09-16,th,178.82
2022-09-17,th,178.82
2022-09-18,th,178.96
2022-09-19,th,179.11
2022-09-20,th,179.07
2022-09-21,th,178.97
2022-09-22,th,179.11
2022-09-23,th,179.16
2022-09-24,th,179.35
2022-09-25,th,179.48
2022-09-26,th,179.72
2022-09-27,th,179.86
2022-09-28,th,180.09
2022-09-29,th,180.05
2022-09-30,th,180.04
2022-10-01,th,180.09
2022-10-02,th,180.11
2022-10-03,th,180.11
2022-10-04,th,180.18
2022-10-05,th,180.08
2022-10-06,th,179.96
2022-10-07,th,179.9
2022-10-08,th,179.95
2022-10-09,th,180.01
2022-10-10,th,180.19
2022-10-11,th,180.11
2022-10-12,th,180.35
2022-10-13,th,180.87
2022-10-14,th,181.36
2022-10-15,th,182.09
2022-10-16,th,182.67
2022-10-17,th,182.98
2022-10-18,th,183.71
2022-10-19,th,184.34
2022-10-20,th,184.63
2022-10-21,th,185.27
2022-10-22,th,185.55
2022-10-23,th,186.07
2022-10-24,th,186.61
2022-10-25,th,186.98
2022-10-26,th,187.34
2022-10-27,th,187.68
2022-10-28,th,187.56
2022-10-29,th,187.49
2022-10-30,th,187.42
2022-10-31,th,187.59
2022-11-01,th,187.69
2022-11-02,th,187.81
2022-11-03,th,188.21
2022-11-04,th,188.68
2022-11-05,th,188.98
2022-11-06,th,189.29
2022-11-07,th,189.39
2022-11-08,th,189.48
2022-11-09,th,189.47
2022-11-10,th,189.42
2022-11-11,th,188.87
2022-11-12,th,189.01
2022-11-13,th,188.72
2022-11-14,th,188.67
2022-11-15,th,188.51
2022-11-16,th,188.42
2022-11-17,th,188.1
2022-11-18,th,188.25
2022-11-19,th,187.91
2022-11-20,th,187.86
2022-11-21,th,187.69
2022-11-22,th,187.01
2022-11-23,th,186.25
2022-11-24,th,185.78
2022-11-25,th,185.25
2022-11-26,th,184.88
2022-11-27,th,184.48
2022-11-28,th,184.02
2022-11-29,th,184.24
2022-11-30,th,184.16
2022-12-01,th,184.18
2022-12-02,th,184.36
2022-12-03,th,184.35
2022-12-04,th,184.54
2022-12-05,th,184.63
2022-12-06,th,184.95
2022-12-07,th,185.38
2022-12-08,th,185.88
2022-12-09,th,186.09
2022-12-10,th,186.25
2022-12-11,th,186.09
2022-12-12,th,186.38
2022-12-13,th,186.28
2022-12-14,th,186.7
2022-12-15,th,186.52
2022-12-16,th,186.45
2022-12-17,th,186.32
2022-12-18,th,186.22
2022-12-19,th,185.78
2022-12-20,th,185.38
2022-12-21,th,184.59
2022-12-22,th,184.23
2022-12-23,th,183.89
2022-12-24,th,183.75
2022-12-25,th,183.72
2022-12-26,th,183.8
2022-12-27,th,183.88
2022-12-28,th,184.15
2022-12-29,th,184.42
2022-12-30,th,184.48
2022-12-31,th,184.56
2023-01-01,th,184.59
2023-01-02,th,184.5
2023-01-03,th,184.57
2023-01-04,th,184.5
2023-01-05,th,184.23
2023-01-06,th,184.34
2023-01-07,th,184.31
2023-01-08,th,184.44
2023-01-09,th,184.48
2023-01-10,th,184.32
2023-01-11,th,184.35
2023-01-12,th,184.4
2023-01-13,th,184.44
2023-01-14,th,184.57
2023-01-15,th,184.6
2023-01-16,th,184.82
2023-01-17,th,185.36
2023-01-18,th,185.56
2023-01-19,th,185.77
2023-01-20,th,185.93
2023-01-21,th,186.05
2023-01-22,th,186.15
2023-01-23,th,186.01
2023-01-24,th,185.75
2023-01-25,th,185.74
2023-01-26,th,185.85
2023-01-27,th,185.73
2023-01-28,th,185.75
2023-01-29,th,185.73
2023-01-30,th,185.87
2023-01-31,th,186.15
2023-02-01,th,186.22
2023-02-02,th,186.57
2023-02-03,th,186.76
2023-02-04,th,187.52
2023-02-05,th,187.94
2023-02-06,th,188.37
2023-02-07,th,188.72
2023-02-08,th,188.86
2023-02-09,th,188.68
2023-02-10,th,188.84
2023-02-11,th,188.55
2023-02-12,th,188.38
2023-02-13,th,188.18
2023-02-14,th,187.83
2023-02-15,th,187.61
2023-02-16,th,187.22
2023-02-17,th,186.83
2023-02-18,th,186.02
2023-02-19,th,185.69
2023-02-20,th,185.01
2023-02-21,th,184.62
2023-02-22,th,184.7
2023-02-23,th,184.79
2023-02-24,th,184.51
2023-02-25,th,184.58
2023-02-26,th,184.21
2023-02-27,th,184.22
2023-02-28,th,183.36
2023-03-01,th,182.35
2023-03-02,th,181.6
2023-03-03,th,181.15
2023-03-04,th,180.42
2023-03-05,th,180.09
2023-03-06,th,179.57
2023-03-07,th,179.69
2023-03-08,th,179.72
2023-03-09,th,179.34
2023-03-10,th,179.42
2023-03-11,th,179.8
2023-03-12,th,179.99
2023-03-13,th,180.47
2023-03-14,th,180.83
2023-03-15,th,181.04
2023-03-16,th,181.5
2023-03-17,th,181.6
2023-03-18,th,181.32
2023-03-19,th,181.2
2023-03-20,th,181.01
2023-03-21,th,180.89
2023-03-22,th,180.68
2023-03-23,th,180.6
2023-03-24,th,180.46
2023-03-25,th,180.32
2023-03-26,th,180.42
2023-03-27,th,180.46
2023-03-28,th,180.41
2023-03-29,th,180.47
2023-03-30,th,180.34
2023-03-31,th,180.5
2023-04-01,th,180.73
2023-04-02,th,180.63
2023-04-03,th,180.32
2023-04-04,th,180.09
2023-04-05,th,180
2023-04-06,th,180.01
2023-04-07,th,180.02
2023-04-08,th,179.94
2023-04-09,th,179.76
2023-04-10,th,179.88
2023-04-11,th,179.94
2023-04-12,th,179.81
2023-04-13,th,179.37
2023-04-14,th,178.74
2023-04-15,th,178.08
2023-04-16,th,177.67
2023-04-17,th,177.05
2023-04-18,th,176.39
2023-04-19,th,175.85
2023-04-20,th,175.88
2023-04-21,th,175.62
2023-04-22,th,175.61
2023-04-23,th,175.49
2023-04-24,th,175.64
2023-04-25,th,175.98
2023-04-26,th,176.37
2023-04-27,th,176.49
2023-04-28,th,176.87
2023-04-29,th,177.06
2023-04-30,th,177.02
2023-05-01,th,177.15
2023-05-02,th,177.16
2023-05-03,th,177.04
2023-05-04,th,176.9
2023-05-05,th,176.74
2023-05-06,th,176.61
2023-05-07,th,176.64
2023-05-08,th,176.24
2023-05-09,th,175.94
2023-05-10,th,175.61
2023-05-11,th,175.43
2023-05-12,th,175.26
2023-05-13,th,175.44
2023-05-14,th,175.69
2023-05-15,th,175.92
2023-05-16,th,176.18
2023-05-17,th,176.59
2023-05-18,th,176.97
2023-05-19,th,177.19
2023-05-20,th,177.22
2023-05-21,th,177.05
2023-05-22,th,177
2023-05-23,th,176.94
2023-05-24,th,176.88
2023-05-25,th,176.46
2023-05-26,th,176.18
2023-05-27,th,175.86
2023-05-28,th,175.7
2023-05-29,th,175.71
2023-05-30,th,175.71
2023-05-31,th,175.69
2023-06-01,th,175.82
2023-06-02,th,175.95
2023-06-03,th,176.12
2023-06-04,th,176.17
2023-06-05,th,176.1
2023-06-06,th,176.12
2023-06-07,th,176.11
2023-06-08,th,176.16
2023-06-09,th,176.29
2023-06-10,th,176.39
2023-06-11,th,176.43
2023-06-12,th,176.5
2023-06-13,th,176.61
2023-06-14,th,176.64
2023-06-15,th,176.68
2023-06-16,th,176.69
2023-06-17,th,176.71
2023-06-18,th,176.95
2023-06-19,th,177.01
2023-06-20,th,176.79
2023-06-21,th,176.62
2023-06-22,th,176.58
2023-06-23,th,176.42
2023-06-24,th,176.28
2023-06-25,th,176.02
2023-06-26,th,175.79
2023-06-27,th,175.62
2023-06-28,th,175.52
2023-06-29,th,175.54
2023-06-30,th,175.6
2023-07-01,th,175.77
2023-07-02,th,175.96
2023-07-03,th,176.15
2023-07-04,th,176.36
2023-07-05,th,176.82
2023-07-06,th,177.09
2023-07-07,th,177.37
2023-07-08,th,177.71
2023-07-09,th,177.96
2023-07-10,th,178.24
2023-07-11,th,178.46
2023-07-12,th,178.52
2023-07-13,th,178.56
2023-07-14,th,178.47
2023-07-15,th,178.2
2023-07-16,th,178.15
2023-07-17,th,178.03
2023-07-18,th,178.09
2023-07-19,th,178.14
2023-07-20,th,178.14
2023-07-21,th,178.28
2023-07-22,th,178.31
2023-07-23,th,178.36
2023-07-24,th,178.56
2023-07-25,th,178.62
2023-07-26,th,178.58
2023-07-27,th,178.79
2023-07-28,th,178.57
2023-07-29,th,178.35
2023-07-30,th,178.21
2023-07-31,th,178.11
2023-08-01,th,178.21
2023-08-02,th,178.32
2023-08-03,th,178.19
2023-08-04,th,178.58
2023-08-05,th,179.09
2023-08-06,th,179.27
2023-08-07,th,179.46
2023-08-08,th,179.46
2023-08-09,th,179.52
2023-08-10,th,179.48
2023-08-11,th,179.39
2023-08-12,th,179.24
2023-08-13,th,179.29
2023-08-14,th,179.23
2023-08-15,th,179.19
2023-08-16,th,178.99
2023-08-17,th,178.99
2023-08-18,th,178.98
2023-08-19,th,178.84
2023-08-20,th,178.73
2023-08-21,th,178.6
2023-08-22,th,178.5
2023-08-23,th,178.46
2023-08-24,th,177.97
2023-08-25,th,177.56
2023-08-26,th,177.28
2023-08-27,th,176.86
2023-08-28,th,176.59
2023-08-29,th,176.39
2023-08-30,th,176.01
2023-08-31,th,175.94
2023-09-01,th,175.83
2023-09-02,th,175.87
2023-09-03,th,175.98
2023-09-04,th,176.1
2023-09-05,th,176.11
2023-09-06,th,176.27
2023-09-07,th,176.67
2023-09-08,th,177.06
2023-09-09,th,177.31
2023-09-10,th,177.56
2023-09-11,th,177.61
2023-09-12,th,177.9
2023-09-13,th,178.21
2023-09-14,th,178.27
2023-09-15,th,178.37
2023-09-16,th,178.3
2023-09-17,th,178.15
2023-09-18,th,178.26
2023-09-19,th,178.03
2023-09-20,th,178.08
2023-09-21,th,178.21
2023-09-22,th,178.19
2023-09-23,th,178.2
2023-09-24,th,178.2
2023-09-25,th,178.18
2023-09-26,th,178.28
2023-09-27,th,178
2023-09-28,th,177.33
2023-09-29,th,176.93
2023-09-30,th,176.46
2023-10-01,th,176.06
2023-10-02,th,175.67
2023-10-03,th,175.52
2023-10-04,th,175.3
2023-10-05,th,175.25
2023-10-06,th,175.01
2023-10-07,th,174.89
2023-10-08,th,174.78
2023-10-09,th,174.58
2023-10-10,th,174.19
2023-10-11,th,173.92
2023-10-12,th,173.79
2023-10-13,th,173.64
2023-10-14,th,173.55
2023-10-15,th,173.48
2023-10-16,th,173.28
2023-10-17,th,172.9
2023-10-18,th,172.49
2023-10-19,th,172.23
2023-10-20,th,171.99
2023-10-21,th,171.64
2023-10-22,th,171.38
2023-10-23,th,171.1
2023-10-24,th,171.1
2023-10-25,th,171.15
2023-10-26,th,171.21
2023-10-27,th,171.11
2023-10-28,th,171.14
2023-10-29,th,170.87
2023-10-30,th,170.73
2023-10-31,th,170.51
2023-11-01,th,170.07
2023-11-02,th,169.8
2023-11-03,th,169.63
2023-11-04,th,169.56
2023-11-05,th,169.7
2023-11-06,th,169.8
2023-11-07,th,169.73
2023-11-08,th,169.94
2023-11-09,th,169.84
2023-11-10,th,169.69
2023-11-11,th,169.56
2023-11-12,th,169.3
2023-11-13,th,169.16
2023-11-14,th,169.14
2023-11-15,th,168.98
2023-11-16,th,168.87
2023-11-17,th,168.89
2023-11-18,th,168.82
2023-11-19,th,168.8
2023-11-20,th,168.72
2023-11-21,th,168.57
2023-11-22,th,168.57
2023-11-23,th,168.65
2023-11-24,th,168.77
2023-11-25,th,168.79
2023-11-26,th,168.81
2023-11-27,th,168.74
2023-11-28,th,168.98
2023-11-29,th,169.05
2023-11-30,th,169.05
2023-12-01,th,169.03
2023-12-02,th,169.06
2023-12-03,th,169.02
2023-12-04,th,168.91
2023-12-05,th,168.5
2023-12-06,th,168.3
2023-12-07,th,168.07
2023-12-08,th,167.72
2023-12-09,th,167.49
2023-12-10,th,167.33
2023-12-11,th,167.26
2023-12-12,th,167.21
2023-12-13,th,167.06
2023-12-14,th,166.97
2023-12-15,th,166.83
2023-12-16,th,166.65
2023-12-17,th,166.48
2023-12-18,th,166.08
2023-12-19,th,165.7
2023-12-20,th,165.29
2023-12-21,th,165.05
2023-12-22,th,164.86
2023-12-23,th,164.69
2023-12-24,th,164.52
2023-12-25,th,164.85
2023-12-26,th,165.11
2023-12-27,th,165.29
2023-12-28,th,165.25
2023-12-29,th,165.32
2023-12-30,th,165.26
2023-12-31,th,165.15
2024-01-01,th,164.65
2024-01-02,th,164.28
2024-01-03,th,163.99
2024-01-04,th,163.78
2024-01-05,th,163.53
2024-01-06,th,163.31
2024-01-07,th,163.16
2024-01-08,th,163.13
2024-01-09,th,163.14
2024-01-10,th,163.06
2024-01-11,th,162.97
2024-01-12,th,162.85
2024-01-13,th,162.7
2024-01-14,th,162.59
2024-01-15,th,162.26
2024-01-16,th,161.89
2024-01-17,th,161.64
2024-01-18,th,161.2
2024-01-19,th,160.79
2024-01-20,th,160.41
2024-01-21,th,160
2024-01-22,th,159.9
2024-01-23,th,159.95
2024-01-24,th,159.88
2024-01-25,th,159.91
2024-01-26,th,159.94
2024-01-27,th,160.17
2024-01-28,th,160.5
2024-01-29,th,160.74
2024-01-30,th,160.79
2024-01-31,th,160.75
2024-02-01,th,160.69
2024-02-02,th,160.76
2024-02-03,th,160.59
2024-02-04,th,160.37
2024-02-05,th,160
2024-02-06,th,159.62
2024-02-07,th,159.43
2024-02-08,th,159.34
2024-02-09,th,158.9
2024-02-10,th,158.54
2024-02-11,th,158.27
2024-02-12,th,157.97
2024-02-13,th,157.82
2024-02-14,th,157.66
2024-02-15,th,157.38
2024-02-16,th,157.26
2024-02-17,th,157
2024-02-18,th,156.7
2024-02-19,th,156.65
2024-02-20,th,156.48
2024-02-21,th,156.24
2024-02-22,th,156.06
2024-02-23,th,156.02
2024-02-24,th,156.2
2024-02-25,th,156.25
2024-02-26,th,156.32
2024-02-27,th,156.28
2024-02-28,th,156.56
2024-02-29,th,157.01
2024-03-01,th,157.28
2024-03-02,th,157.35
2024-03-03,th,157.57
2024-03-04,th,157.78
2024-03-05,th,158.1
2024-03-06,th,157.94
2024-03-07,th,157.63
2024-03-08,th,157.54
2024-03-09,th,157.6
2024-03-10,th,157.46
2024-03-11,th,157.19
2024-03-12,th,156.93
2024-03-13,th,156.96
2024-03-14,th,157.03
2024-03-15,th,157.13
2024-03-16,th,157.2
2024-03-17,th,157.4
2024-03-18,th,157.88
2024-03-19,th,158.26
2024-03-20,th,158.54
2024-03-21,th,158.8
2024-03-22,th,159.15
2024-03-23,th,159.29
2024-03-24,th,159.48
2024-03-25,th,159.55
2024-03-26,th,159.82
2024-03-27,th,159.96
2024-03-28,th,160.06
2024-03-29,th,160.01
2024-03-30,th,160.02
2024-03-31,th,160.19
2024-04-01,th,160.27
2024-04-02,th,159.82
2024-04-03,th,159.51
2024-04-04,th,159.22
2024-04-05,th,158.77
2024-04-06,th,158.6
2024-04-07,th,158.34
2024-04-08,th,158.14
2024-04-09,th,158.09
2024-04-10,th,158.18
2024-04-11,th,158.25
2024-04-12,th,158.66
2024-04-13,th,158.71
2024-04-14,th,158.54
2024-04-15,th,158.4
2024-04-16,th,158.61
2024-04-17,th,158.55
2024-04-18,th,158.59
2024-04-19,th,158.48
2024-04-20,th,158.63
2024-04-21,th,158.76
2024-04-22,th,158.84
2024-04-23,th,158.9
2024-04-24,th,159.03
2024-04-25,th,159.12
2024-04-26,th,159.03
2024-04-27,th,158.84
2024-04-28,th,158.73
2024-04-29,th,158.59
2024-04-30,th,158.42
2024-05-01,th,158.44
2024-05-02,th,158.38
2024-05-03,th,158.33
2024-05-04,th,158.44
2024-05-05,th,158.59
2024-05-06,th,158.66
2024-05-07,th,158.57
2024-05-08,th,158.45
2024-05-09,th,158.46
2024-05-10,th,158.21
2024-05-11,th,157.76
2024-05-12,th,157.38
2024-05-13,th,156.79
2024-05-14,th,156.26
2024-05-15,th,155.75
2024-05-16,th,155.13
2024-05-17,th,154.77
2024-05-18,th,154.37
2024-05-19,th,153.75
2024-05-20,th,153.58
2024-05-21,th,153.29
2024-05-22,th,153.04
2024-05-23,th,152.99
2024-05-24,th,152.97
2024-05-25,th,152.95
2024-05-26,th,152.91
2024-05-27,th,152.88
2024-05-28,th,152.82
2024-05-29,th,152.75
2024-05-30,th,152.61
2024-05-31,th,152.45
2024-06-01,th,152.41
2024-06-02,th,152.47
2024-06-03,th,152.27
2024-06-04,th,152.2
2024-06-05,th,152.03
2024-06-06,th,151.83
2024-06-07,th,151.63
2024-06-08,th,151.33
2024-06-09,th,150.91
2024-06-10,th,150.85
2024-06-11,th,150.83
2024-06-12,th,150.7
2024-06-13,th,150.55
2024-06-14,th,150.23
2024-06-15,th,149.98
2024-06-16,th,149.88
2024-06-17,th,149.58
2024-06-18,th,148.97
2024-06-19,th,148.7
2024-06-20,th,148.46
2024-06-21,th,148.62
2024-06-22,th,148.59
2024-06-23,th,148.59
2024-06-24,th,148.58
2024-06-25,th,148.91
2024-06-26,th,149
2024-06-27,th,149.09
2024-06-28,th,148.79
2024-06-29,th,148.92
2024-06-30,th,148.98
2024-07-01,th,148.93
2024-07-02,th,148.86
2024-07-03,th,148.8
2024-07-04,th,148.59
2024-07-05,th,148.54
2024-07-06,th,148.25
2024-07-07,th,147.97
2024-07-08,th,147.75
2024-07-09,th,147.5
2024-07-10,th,147.38
2024-07-11,th,147.29
2024-07-12,th,147.12
2024-07-13,th,146.92
2024-07-14,th,146.87
2024-07-15,th,146.96
2024-07-16,th,146.96
2024-07-17,th,147.03
2024-07-18,th,146.87
2024-07-19,th,146.87
2024-07-20,th,146.88
2024-07-21,th,146.68
2024-07-22,th,146.49
2024-07-23,th,146.36
2024-07-24,th,146.06
2024-07-25,th,146.01
2024-07-26,th,145.77
2024-07-27,th,145.44
2024-07-28,th,145.32
2024-07-29,th,145.05
2024-07-30,th,144.72
2024-07-31,th,144.41
2024-08-01,th,144.06
2024-08-02,th,144.12
2024-08-03,th,144.34
2024-08-04,th,144.44
2024-08-05,th,144.53
2024-08-06,th,144.83
2024-08-07,th,145.11
2024-08-08,th,145.36
2024-08-09,th,145.36
2024-08-10,th,145.44
2024-08-11,th,145.46
2024-08-12,th,145.56
2024-08-13,th,145.57
2024-08-14,th,145.48
2024-08-15,th,145.48
2024-08-16,th,145.32
2024-08-17,th,145.19
2024-08-18,th,145.09
2024-08-19,th,145.01
2024-08-20,th,144.93
2024-08-21,th,144.84
2024-08-22,th,144.85
2024-08-23,th,144.9
2024-08-24,th,144.86
2024-08-25,th,144.79
2024-08-26,th,144.75
2024-08-27,th,144.66
2024-08-28,th,144.63
2024-08-29,th,144.55
2024-08-30,th,144.58
2024-08-31,th,144.35
2024-09-01,th,144.33
2024-09-02,th,144.33
2024-09-03,th,144.46
2024-09-04,th,144.65
2024-09-05,th,144.71
2024-09-06,th,144.73
2024-09-07,th,144.93
2024-09-08,th,144.81
2024-09-09,th,144.37
2024-09-10,th,143.96
2024-09-11,th,143.45
2024-09-12,th,143.01
2024-09-13,th,142.68
2024-09-14,th,142.36
2024-09-15,th,142.12
2024-09-16,th,142.13
2024-09-17,th,142.12
2024-09-18,th,142.15
2024-09-19,th,142.31
2024-09-20,th,142.43
2024-09-21,th,142.48
2024-09-22,th,142.44
2024-09-23,th,142.41
2024-09-24,th,142.35
2024-09-25,th,142.26
2024-09-26,th,142.22
2024-09-27,th,142.15
2024-09-28,th,142.22
2024-09-29,th,142.53
2024-09-30,th,142.77
2024-10-01,th,142.94
2024-10-02,th,142.77
2024-10-03,th,142.96
2024-10-04,th,143.01
2024-10-05,th,142.93
2024-10-06,th,142.83
2024-10-07,th,142.81
2024-10-08,th,142.77
2024-10-09,th,143.07
2024-10-10,th,142.97
2024-10-11,th,142.97
2024-10-12,th,142.94
2024-10-13,th,142.72
2024-10-14,th,142.58
2024-10-15,th,142.33
2024-10-16,th,142.13
2024-10-17,th,142.13
2024-10-18,th,141.86
2024-10-19,th,141.7
2024-10-20,th,141.7
2024-10-21,th,141.63
2024-10-22,th,141.66
2024-10-23,th,141.61
2024-10-24,th,142.31
2024-10-25,th,143.23
2024-10-26,th,144.16
2024-10-27,th,145.08
2024-10-28,th,146.12
2024-10-29,th,147.18
2024-10-30,th,148.38
2024-10-31,th,148.56
2024-11-01,th,148.71
2024-11-02,th,148.69
2024-11-03,th,148.6
2024-11-04,th,148.55
2024-11-05,th,148.52
2024-11-06,th,148.36
2024-11-07,th,148.2
2024-11-08,th,148.07
2024-11-09,th,148.02
2024-11-10,th,148.14
2024-11-11,th,148.16
2024-11-12,th,148.16
2024-11-13,th,148.31
2024-11-14,th,148.34
2024-11-15,th,148.46
2024-11-16,th,148.82
2024-11-17,th,148.8
2024-11-18,th,148.82
2024-11-19,th,149.04
2024-11-20,th,149.16
2024-11-21,th,149.37
2024-11-22,th,149.63
2024-11-23,th,149.7
2024-11-24,th,149.92
2024-11-25,th,150.03
2024-11-26,th,150.07
2024-11-27,th,150.16
2024-11-28,th,149.92
2024-11-29,th,149.68
2024-11-30,th,149.62
2024-12-01,th,149.59
2024-12-02,th,149.7
2024-12-03,th,149.6
2024-12-04,th,149.59
2024-12-05,th,149.99
2024-12-06,th,150.33
2024-12-07,th,150.51
2024-12-08,th,150.73
2024-12-09,th,150.98
2024-12-10,th,151.3
2024-12-11,th,151.4
2024-12-12,th,151.52
2024-12-13,th,151.66
2024-12-14,th,151.99
2024-12-15,th,152.53
2024-12-16,th,152.82
2024-12-17,th,153.12
2024-12-18,th,153.42
2024-12-19,th,153.77
2024-12-20,th,153.98
2024-12-21,th,154.42
2024-12-22,th,154.66
2024-12-23,th,155.15
2024-12-24,th,155.43
2024-12-25,th,155.03
2024-12-26,th,155.37
2024-12-27,th,155.62
2024-12-28,th,155.42
2024-12-29,th,155.36
2024-12-30,th,155.29
2024-12-31,th,155.42
2025-01-01,th,156.17
2025-01-02,th,156.02
2025-01-03,th,156.07
2025-01-04,th,156.08
2025-01-05,th,155.97
2025-01-06,th,155.67
2025-01-07,th,155.31
2025-01-08,th,155.03
2025-01-09,th,154.46
2025-01-10,th,154.27
2025-01-11,th,153.86
2025-01-12,th,153.48
2025-01-13,th,153.21
2025-01-14,th,153.06
2025-01-15,th,153.05
2025-01-16,th,153.36
2025-01-17,th,152.74
2025-01-18,th,152.74
2025-01-19,th,152.73
2025-01-20,th,152.65
2025-01-21,th,152.43
2025-01-22,th,152.13
2025-01-23,th,151.88
2025-01-24,th,152.13
2025-01-25,th,151.96
2025-01-26,th,151.73
2025-01-27,th,151.56
2025-01-28,th,151.2
2025-01-29,th,150.76
2025-01-30,th,150.51
2025-01-31,th,150.4
2025-02-01,th,150.45
2025-02-02,th,150.39
2025-02-03,th,150.32
2025-02-04,th,150.45
2025-02-05,th,150.65
2025-02-06,th,150.56
2025-02-07,th,150.34
2025-02-08,th,150.06
2025-02-09,th,149.68
2025-02-10,th,149.19
2025-02-11,th,148.89
2025-02-12,th,148.5
2025-02-13,th,147.83
2025-02-14,th,147.36
2025-02-15,th,146.79
2025-02-16,th,146.5
2025-02-17,th,146.15
2025-02-18,th,145.8
2025-02-19,th,144.75
2025-02-20,th,144.69
2025-02-21,th,144.48
2025-02-22,th,144.48
2025-02-23,th,144.32
2025-02-24,th,144.3
2025-02-25,th,143.89
2025-02-26,th,144.39
2025-02-27,th,144.26
2025-02-28,th,144.27
2025-03-01,th,143.56
2025-03-02,th,143.44
2025-03-03,th,142.37
2025-03-04,th,141.95
2025-03-05,th,141.33
2025-03-06,th,141.4
2025-03-07,th,141.16
2025-03-08,th,141.35
2025-03-09,th,141.35
2025-03-10,th,141.98
2025-03-11,th,142.34
2025-03-12,th,142.91
2025-03-13,th,142.68
2025-03-14,th,142.35
2025-03-15,th,142.4
2025-03-16,th,142.11
2025-03-17,th,142.23
2025-03-18,th,142.31
2025-03-19,th,142.3
2025-03-20,th,142.53
2025-03-21,th,143.04
2025-03-22,th,143.32
2025-03-23,th,143.76
2025-03-24,th,144.2
2025-03-25,th,144.65
2025-03-26,th,144.41
2025-03-27,th,143.96
2025-03-28,th,144.11
2025-03-29,th,144.18
2025-03-30,th,144.19
2025-03-31,th,143.56
2025-04-01,th,142.65
2025-04-02,th,143.12
2025-04-03,th,143.69
2025-04-04,th,143.61
2025-04-05,th,143.79
2025-04-06,th,143.38
2025-04-07,th,143.32
2025-04-08,th,143.64
2025-04-09,th,143.33
2025-04-10,th,143.07
2025-04-11,th,142.68
2025-04-12,th,141.74
2025-04-13,th,142.15
2025-04-14,th,142.94
2025-04-15,th,142.79
2025-04-16,th,143.33
2025-04-17,th,143.73
2025-04-18,th,144.27
2025-04-19,th,145.1
2025-04-20,th,144.64
2025-04-21,th,144.56
2025-04-22,th,145.24
2025-04-23,th,145.06
2025-04-24,th,144.93
2025-04-25,th,144.58
2025-04-26,th,144.34
2025-04-27,th,144.57
2025-04-28,th,144.4
2025-04-29,th,144.28
2025-04-30,th,143.25
2025-05-01,th,143.1
2025-05-02,th,142.99
2025-05-03,th,142.92
2025-05-04,th,142.82
2025-05-05,th,142.58
2025-05-06,th,142.55
2025-05-07,th,143.53
2025-05-08,th,143.57
2025-05-09,th,143.74
2025-05-10,th,144.06
2025-05-11,th,144.25
2025-05-12,th,144.46
2025-05-13,th,143.76
2025-05-14,th,143.76
2025-05-15,th,143.92
2025-05-16,th,144.23
2025-05-17,th,144.17
2025-05-18,th,144.42
2025-05-19,th,144.68
2025-05-20,th,145.08
2025-05-21,th,145.25
2025-05-22,th,145.16
2025-05-23,th,144.58
2025-05-24,th,143.96
2025-05-25,th,143.82
2025-05-26,th,143.78
2025-05-27,th,144.12
2025-05-28,th,144.03
2025-05-29,th,144.06
2025-05-30,th,144.51
2025-05-31,th,145.09
2025-06-01,th,144.95
2025-06-02,th,144.66
2025-06-03,th,144.45
2025-06-04,th,144.17
2025-06-05,th,143.84
2025-06-06,th,143.38
2025-06-07,th,142.99
2025-06-08,th,142.62
2025-06-09,th,142.37
2025-06-10,th,141.94
2025-06-11,th,141.52
2025-06-12,th,141.16
2025-06-13,th,140.28
2025-06-14,th,139.87
2025-06-15,th,139.49
2025-06-16,th,139.12
2025-06-17,th,138.89
2025-06-18,th,138.68
2025-06-19,th,138.52
2025-06-20,th,138.97
2025-06-21,th,138.46
2025-06-22,th,138.49
2025-06-23,th,138.44
2025-06-24,th,138.44
2025-06-25,th,138.43
2025-06-26,th,138.63
2025-06-27,th,138.8
2025-06-28,th,139.53
2025-06-29,th,139.59
2025-06-30,th,139.71
2025-07-01,th,139.66
2025-07-02,th,139.6
2025-07-03,th,139.34
2025-07-04,th,139.09
2025-07-05,th,138.84
2025-07-06,th,138.71
2025-07-07,th,138.47
2025-07-08,th,138.22
2025-07-09,th,138.24
2025-07-10,th,138.04
2025-07-11,th,138.11
2025-07-12,th,138.21
2025-07-13,th,138.32
2025-07-14,th,138.4
2025-07-15,th,138.78
2025-07-16,th,138.91
2025-07-17,th,139.21
2025-07-18,th,139.08
2025-07-19,th,138.62
2025-07-20,th,138.31
2025-07-21,th,138.1
2025-07-22,th,137.8
2025-07-23,th,137.59
2025-07-24,th,137.4
2025-07-25,th,137.47
2025-07-26,th,137.79
2025-07-27,th,137.85
2025-07-28,th,138.08
2025-07-29,th,138.2
2025-07-30,th,138.12
2025-07-31,th,137.52
2025-08-01,th,136.64
2025-08-02,th,136.26
2025-08-03,th,135.98
2025-08-04,th,135.44
2025-08-05,th,134.98
2025-08-06,th,134.64
2025-08-07,th,134.75
2025-08-08,th,135.13
2025-08-09,th,134.79
2025-08-10,th,134.58
2025-08-11,th,134.43
2025-08-12,th,134.38
2025-08-13,th,134.25
2025-08-14,th,134.09
2025-08-15,th,133.86
2025-08-16,th,133.88
2025-08-17,th,133.79
2025-08-18,th,133.64
2025-08-19,th,133.54
2025-08-20,th,133.42
2025-08-21,th,133.46
2025-08-22,th,133.73
2025-08-23,th,133.99
2025-08-24,th,134.24
2025-08-25,th,134.63
2025-08-26,th,134.88
2025-08-27,th,135.22
2025-08-28,th,135.57
2025-08-29,th,135.62
2025-08-30,th,135.64
2025-08-31,th,135.65
2025-09-01,th,135.52
2025-09-02,th,134.73
2025-09-03,th,134.6
2025-09-04,th,133.86
2025-09-05,th,133.97
2025-09-06,th,134.16
2025-09-07,th,134.42
2025-09-08,th,134.86
2025-09-09,th,135.87
2025-09-10,th,136.07
2025-09-11,th,136.83
2025-09-12,th,136.82
2025-09-13,th,136.16
2025-09-14,th,135.48
2025-09-15,th,135.22
2025-09-16,th,134.94
2025-09-17,th,134.9
2025-09-18,th,135.02
2025-09-19,th,135.02
2025-09-20,th,135.57
2025-09-21,th,135.96
2025-09-22,th,135.87
2025-09-23,th,135.91
2025-09-24,th,135.85
2025-09-25,th,135.69
2025-09-26,th,135.56
2025-09-27,th,135.4
2025-09-28,th,135.17
2025-09-29,th,135.01
2025-09-30,th,134.89
2025-10-01,th,134.68
2025-10-02,th,134.65
2025-10-03,th,134.64
2025-10-04,th,134.71
2025-10-05,th,135.04
2025-10-06,th,135.19
2025-10-07,th,135.3
2025-10-08,th,135.5
2025-10-09,th,135.38
2025-10-10,th,135.26
2025-10-11,th,135.24
2025-10-12,th,135.1
2025-10-13,th,134.88
2025-10-14,th,134.78
2025-10-15,th,134.62
2025-10-16,th,134.65
2025-10-17,th,134.7
2025-10-18,th,134.6
2025-10-19,th,134.54
2025-10-20,th,134.61
2025-10-21,th,134.43
2025-10-22,th,134.3
2025-10-23,th,134.25
2025-10-24,th,134.13
2025-10-25,th,134.17
2025-10-26,th,134.18
2025-10-27,th,134.15
2025-10-28,th,134.23
2025-10-29,th,134.38
2025-10-30,th,134.37
2025-10-31,th,134.34
2025-11-01,th,133.43
2025-11-02,th,133.24
2025-11-03,th,133.11
2025-11-04,th,132.31
2025-11-05,th,132.07
2025-11-06,th,131.88
2025-11-07,th,131.68
2025-11-08,th,132.38
2025-11-09,th,132.53
2025-11-10,th,132.71
2025-11-11,th,133.57
2025-11-12,th,133.86
2025-11-13,th,134.05
2025-11-14,th,134.24
2025-11-15,th,134.47
2025-11-16,th,134.46
2025-11-17,th,134.49
2025-11-18,th,134.48
2025-11-19,th,134.19
2025-11-20,th,134.09
2025-11-21,th,134.11
2025-11-22,th,134.02
2025-11-23,th,133.95
2025-11-24,th,133.87
2025-11-25,th,133.74
2025-11-26,th,133.83
2025-11-27,th,133.81
2025-11-28,th,133.74
2025-11-29,th,133.68
2025-11-30,th,133.7
2025-12-01,th,133.61
2025-12-02,th,133.62
2025-12-03,th,133.7
2025-12-04,th,133.71
2025-12-05,th,133.72
2025-12-06,th,133.64
2025-12-07,th,133.46
2025-12-08,th,133.45
2025-12-09,th,133.39
2025-12-10,th,133.16
2025-12-11,th,133
2025-12-12,th,132.87
2025-12-13,th,132.71
2025-12-14,th,132.75
2025-12-15,th,132.78
2025-12-16,th,132.81
2025-12-17,th,132.85
2025-12-18,th,133.14
2025-12-19,th,133.32
2025-12-20,th,133.65
2025-12-21,th,134
2025-12-22,th,134.42
2025-12-23,th,134.8
2025-12-24,th,135.22
2025-12-25,th,135.35
2025-12-26,th,135.51
2025-12-27,th,135.6
2025-12-28,th,135.54
2025-12-29,th,135.54
2025-12-30,th,135.64
2025-12-31,th,135.74
2026-01-01,th,135.94
2026-01-02,th,136.06
2026-01-03,th,136.07
2026-01-04,th,136.11
2026-01-05,th,136.07
2026-01-06,th,136.12
2026-01-07,th,136.18
2026-01-08,th,136.16
2026-01-09,th,136.21
2026-01-10,th,136.25
2026-01-11,th,136.2
2026-01-12,th,136.18
2026-01-13,th,136.1
2026-01-14,th,135.7
2026-01-15,th,135.42
2026-01-16,th,135.2
2026-01-17,th,135.1
2026-01-18,th,134.98
2026-01-19,th,134.71
2026-01-20,th,134.35
2026-01-21,th,134.26
2026-01-22,th,134.02
2026-01-23,th,133.78
2026-01-24,th,133.5
2026-01-25,th,133.09
2026-01-26,th,132.75
2026-01-27,th,132.36
2026-01-28,th,132.04
2026-01-29,th,131.79
2026-01-30,th,131.51
2026-01-31,th,131.38
2026-02-01,th,131.44
2026-02-02,th,131.52
2026-02-03,th,131.66
2026-02-04,th,131.77
2026-02-05,th,131.83
2026-02-06,th,131.9
2026-02-07,th,131.81
2026-02-08,th,131.72
2026-02-09,th,131.62
2026-02-10,th,131.52
2026-02-11,th,131.42
2026-02-12,th,131.32
2026-02-13,th,131.22
2026-02-14,th,131.12
2026-02-15,th,131.02
2026-02-16,th,130.92
2026-02-17,th,130.82
2026-02-18,th,130.72
2026-02-19,th,130.62
2026-02-20,th,130.52
2026-02-21,th,130.42
2026-02-22,th,130.32
2026-02-23,th,130.22
2026-02-24,th,130.12
2026-02-25,th,130.02
2026-02-26,th,129.87
2026-02-27,th,129.69
2026-02-28,th,129.56
2026-03-01,th,129.54
2026-03-02,th,129.57
2026-03-03,th,129.7
2026-03-04,th,129.91
2026-03-05,th,129.99
2026-03-06,th,129.47
2026-03-07,th,129.54
2026-03-08,th,129.52
2026-03-09,th,129.42
2026-03-10,th,129.07
2026-03-11,th,128.44
2026-03-12,th,127.45
2026-03-13,th,127.22
2026-03-14,th,126.9
2026-03-15,th,126.54
2026-03-16,th,126.15
2026-03-17,th,125.93
2026-03-18,th,126.09
2026-03-19,th,126.68
2026-03-20,th,127.07
2026-03-21,th,126.79
2026-03-22,th,126.48
2026-03-23,th,126.12
2026-03-24,th,125.91
2026-03-25,th,125.4
2026-03-26,th,125.09
2026-03-27,th,124.9
2026-03-28,th,124.68
2026-03-29,th,124.5
2026-03-30,th,124.69
2026-03-31,th,124.88
2026-04-01,th,125.17
2026-04-02,th,125.18
2026-04-03,th,125.18
2026-04-04,th,125.29
2026-04-05,th,125.46
2026-04-06,th,125.47
2026-04-07,th,125.45
2026-04-08,th,125.48
2026-04-09,th,125.58
2026-04-10,th,125.62
2026-04-11,th,125.61
2026-04-12,th,125.78
2026-04-13,th,125.57
2026-04-14,th,125.31
2026-04-15,th,125.03
2026-04-16,th,124.87
2026-04-17,th,124.61
2026-04-18,th,124.37
2026-04-19,th,124.06
2026-04-20,th,124.26
2026-04-21,th,124.34
2026-04-22,th,124.6
2026-04-23,th,124.86
2026-04-24,th,125.25
2026-04-25,th,125.69
2026-04-26,th,125.99
2026-04-27,th,125.94
2026-04-28,th,126.14
2026-04-29,th,126.12
2026-04-30,th,126.1
2026-05-01,th,126.05
2026-05-02,th,126.09
2026-05-03,th,126.12
2026-05-04,th,126.24
2026-05-05,th,126.18
2026-05-06,th,126.02
2026-05-07,th,126.03
2026-05-08,th,126.23
2026-05-09,th,126.29
2026-05-10,th,126.05
2026-05-11,th,125.75
2026-05-12,th,125.56
2026-05-13,th,125.06
2026-05-14,th,124.96
2026-05-15,th,124.73
2026-05-16,th,124.55
2026-05-17,th,124.77
2026-05-18,th,125.11
2026-05-19,th,125.32
2026-05-20,th,125.99
2026-05-21,th,125.95
2026-05-22,th,125.81
2026-05-23,th,125.68
2026-05-24,th,125.53
2026-05-25,th,125.08
2026-05-26,th,124.54
2026-05-27,th,123.93
2026-05-28,th,123.61
2026-05-29,th,122.62
2026-05-30,th,122.49
2026-05-31,th,122.28
2026-06-01,th,122.26
2026-06-02,th,122.53
2026-06-03,th,122.14
2026-06-04,th,122.3
2026-06-05,th,123.09
2026-06-06,th,123.09
2026-06-07,th,123.13
2026-06-08,th,123.02
2026-06-09,th,122.79
2026-06-10,th,122.61
2026-06-11,th,122.4
2026-06-12,th,122.25
2026-06-13,th,122.34
2026-06-14,th,122.27
2026-06-15,th,122.16
2026-06-16,th,122.13
2026-06-17,th,122.71
2026-06-18,th,122.59
2026-06-19,th,122.61
2026-06-20,th,122.4
2026-06-21,th,122.31
2026-06-22,th,122.21
2026-06-23,th,121.9
2026-06-24,th,121.55
2026-06-25,th,121.26
2026-06-26,th,120.92
2026-06-27,th,120.61
2026-06-28,th,120.34
2026-06-29,th,119.85
2026-06-30,th,119.25
2026-07-01,th,118.91
2026-07-02,th,117.94
2026-07-03,th,117.68
2026-07-04,th,116.85
2026-07-05,th,116.58
2026-07-06,th,116.56
2026-07-07,th,116.8
2026-07-08,th,117.03
2026-07-09,th,117.95
2026-07-10,th,118.2
2026-07-11,th,119
2026-07-12,th,119.19
2026-07-13,th,119.47
2026-07-14,th,119.62
2026-07-15,th,119.68
2026-07-16,th,119.72
2026-07-17,th,119.62
2026-07-18,th,119.57
2026-07-19,th,119.44
2026-07-20,th,119.26
2026-07-21,th,119.22
2026-07-22,th,119.02
2026-07-23,th,118.73
2026-07-24,th,118.54
2026-07-25,th,118.3
2026-07-26,th,117.61
2026-07-27,th,117.51
2026-07-28,th,117.46
2026-07-29,th,117.43
2026-07-30,th,117.36
2026-07-31,th,117.05
2026-08-01,th,116.81
2026-08-02,th,117.08
2026-08-03,th,116.83
2026-08-04,th,116.79
2026-08-05,th,116.75
2026-08-06,th,116.93
2026-08-07,th,117.27
2026-08-08,th,117.71
2026-08-09,th,118.15
2026-08-10,th,118.57
2026-08-11,th,118.56
2026-08-12,th,118.61
2026-08-13,th,118.57
2026-08-14,th,118.65
2026-08-15,th,118.57
2026-08-16,th,118.52
2026-08-17,th,118.41
2026-08-18,th,118.45
2026-08-19,th,118.51
2026-08-20,th,118.58
2026-08-21,th,118.14
2026-08-22,th,118.32
2026-08-23,th,118.41
2026-08-24,th,118.61
2026-08-25,th,118.71
2026-08-26,th,118.86
2026-08-27,th,118.81
2026-08-28,th,119.22
2026-08-29,th,119.13
2026-08-30,th,119.16
2026-08-31,th,118.96
2026-09-01,th,119.05
2026-09-02,th,119.24
2026-09-03,th,119.62
2026-09-04,th,120.16
2026-09-05,th,120.6
2026-09-06,th,120.93
2026-09-07,th,121.43
2026-09-08,th,121.66
2026-09-09,th,121.64
2026-09-10,th,121.61
2026-09-11,th,121.3
2026-09-12,th,121.02
2026-09-13,th,120.8
2026-09-14,th,120.49
2026-09-15,th,120.3
2026-09-16,th,120.14
2026-09-17,th,119.89
2026-09-18,th,119.79
