date,region,indeed_job_postings_index
2020-02-01,c,100
2020-02-02,c,99.95
2020-02-03,c,99.94
2020-02-04,c,99.66
2020-02-05,c,99.43
2020-02-06,c,99.08
2020-02-07,c,98.63
2020-02-08,c,98.86
2020-02-09,c,98.66
2020-02-10,c,98.47
2020-02-11,c,97.74
2020-02-12,c,97.14
2020-02-13,c,96.41
2020-02-14,c,95.62
2020-02-15,c,94.84
2020-02-16,c,94.45
2020-02-17,c,93.93
2020-02-18,c,94.32
2020-02-19,c,94.52
2020-02-20,c,94.86
2020-02-21,c,95.43
2020-02-22,c,95.56
2020-02-23,c,95.58
2020-02-24,c,96.33
2020-02-25,c,96.97
2020-02-26,c,97.86
2020-02-27,c,98.51
2020-02-28,c,99.01
2020-02-29,c,99.7
2020-03-01,c,100.46
2020-03-02,c,100.4
2020-03-03,c,100.25
2020-03-04,c,100.08
2020-03-05,c,99.96
2020-03-06,c,99.6
2020-03-07,c,99.26
2020-03-08,c,99.13
2020-03-09,c,99.02
2020-03-10,c,98.8
2020-03-11,c,98.16
2020-03-12,c,97.64
2020-03-13,c,96.6
2020-03-14,c,95.6
2020-03-15,c,94.27
2020-03-16,c,93.08
2020-03-17,c,91.76
2020-03-18,c,90.41
2020-03-19,c,88.58
2020-03-20,c,86.9
2020-03-21,c,84.72
2020-03-22,c,82.81
2020-03-23,c,80.8
2020-03-24,c,78.61
2020-03-25,c,76.78
2020-03-26,c,75.35
2020-03-27,c,74.14
2020-03-28,c,73.08
2020-03-29,c,71.84
2020-03-30,c,70.9
2020-03-31,c,70.15
2020-04-01,c,69.07
2020-04-02,c,67.84
2020-04-03,c,66.96
2020-04-04,c,66.08
2020-04-05,c,65.11
2020-04-06,c,63.98
2020-04-07,c,62.55
2020-04-08,c,61.51
2020-04-09,c,60.56
2020-04-10,c,59.47
2020-04-11,c,58.6
2020-04-12,c,57.65
2020-04-13,c,56.78
2020-04-14,c,56.42
2020-04-15,c,55.86
2020-04-16,c,54.88
2020-04-17,c,53.9
2020-04-18,c,52.84
2020-04-19,c,51.81
2020-04-20,c,50.93
2020-04-21,c,49.98
2020-04-22,c,48.97
2020-04-23,c,48.71
2020-04-24,c,48.33
2020-04-25,c,48.02
2020-04-26,c,47.81
2020-04-27,c,47.49
2020-04-28,c,47.18
2020-04-29,c,46.73
2020-04-30,c,46.22
2020-05-01,c,45.78
2020-05-02,c,45.78
2020-05-03,c,45.54
2020-05-04,c,45.35
2020-05-05,c,44.99
2020-05-06,c,44.8
2020-05-07,c,44.49
2020-05-08,c,44.24
2020-05-09,c,43.7
2020-05-10,c,43.39
2020-05-11,c,43.04
2020-05-12,c,42.85
2020-05-13,c,42.48
2020-05-14,c,41.98
2020-05-15,c,41.77
2020-05-16,c,41.43
2020-05-17,c,41.08
2020-05-18,c,40.86
2020-05-19,c,40.58
2020-05-20,c,40.63
2020-05-21,c,40.8
2020-05-22,c,40.74
2020-05-23,c,40.65
2020-05-24,c,40.46
2020-05-25,c,40.16
2020-05-26,c,39.74
2020-05-27,c,39.44
2020-05-28,c,39.23
2020-05-29,c,39.18
2020-05-30,c,39.55
2020-05-31,c,39.96
2020-06-01,c,40.34
2020-06-02,c,40.72
2020-06-03,c,40.97
2020-06-04,c,41.08
2020-06-05,c,41.4
2020-06-06,c,41.77
2020-06-07,c,42.12
2020-06-08,c,42.41
2020-06-09,c,42.76
2020-06-10,c,43.37
2020-06-11,c,44.09
2020-06-12,c,44.65
2020-06-13,c,45.2
2020-06-14,c,45.79
2020-06-15,c,46.42
2020-06-16,c,47.07
2020-06-17,c,47.25
2020-06-18,c,47.21
2020-06-19,c,47.23
2020-06-20,c,47.01
2020-06-21,c,46.69
2020-06-22,c,46.53
2020-06-23,c,46.53
2020-06-24,c,46.73
2020-06-25,c,47.17
2020-06-26,c,47.4
2020-06-27,c,47.85
2020-06-28,c,48.34
2020-06-29,c,48.84
2020-06-30,c,49.56
2020-07-01,c,50.11
2020-07-02,c,50.73
2020-07-03,c,51.22
2020-07-04,c,51.42
2020-07-05,c,51.44
2020-07-06,c,51.22
2020-07-07,c,50.83
2020-07-08,c,50.85
2020-07-09,c,50.9
2020-07-10,c,51.02
2020-07-11,c,51.11
2020-07-12,c,51.56
2020-07-13,c,52.03
2020-07-14,c,52.5
2020-07-15,c,52.96
2020-07-16,c,53.01
2020-07-17,c,53.1
2020-07-18,c,53.17
2020-07-19,c,53.42
2020-07-20,c,53.6
2020-07-21,c,53.98
2020-07-22,c,54.22
2020-07-23,c,54.68
2020-07-24,c,55.45
2020-07-25,c,56.32
2020-07-26,c,56.93
2020-07-27,c,57.65
2020-07-28,c,58.2
2020-07-29,c,58.42
2020-07-30,c,59.04
2020-07-31,c,59.3
2020-08-01,c,59.75
2020-08-02,c,60.03
2020-08-03,c,60.37
2020-08-04,c,60.32
2020-08-05,c,60.29
2020-08-06,c,59.88
2020-08-07,c,59.7
2020-08-08,c,59.51
2020-08-09,c,59.43
2020-08-10,c,59.24
2020-08-11,c,59.46
2020-08-12,c,59.78
2020-08-13,c,60.15
2020-08-14,c,60.4
2020-08-15,c,60.06
2020-08-16,c,59.91
2020-08-17,c,59.84
2020-08-18,c,59.45
2020-08-19,c,59.21
2020-08-20,c,58.85
2020-08-21,c,58.69
2020-08-22,c,58.83
2020-08-23,c,58.77
2020-08-24,c,58.58
2020-08-25,c,58.68
2020-08-26,c,58.7
2020-08-27,c,58.71
2020-08-28,c,58.42
2020-08-29,c,58.31
2020-08-30,c,58.28
2020-08-31,c,58.35
2020-09-01,c,58.22
2020-09-02,c,58.34
2020-09-03,c,58.3
2020-09-04,c,58.45
2020-09-05,c,58.38
2020-09-06,c,58.54
2020-09-07,c,58.59
2020-09-08,c,58.87
2020-09-09,c,59.08
2020-09-10,c,59.63
2020-09-11,c,60.05
2020-09-12,c,60.69
2020-09-13,c,60.79
2020-09-14,c,61.14
2020-09-15,c,61.46
2020-09-16,c,61.6
2020-09-17,c,61.71
2020-09-18,c,61.88
2020-09-19,c,62.17
2020-09-20,c,62.73
2020-09-21,c,62.99
2020-09-22,c,63.57
2020-09-23,c,64.03
2020-09-24,c,64.75
2020-09-25,c,65.66
2020-09-26,c,66.42
2020-09-27,c,67.24
2020-09-28,c,68.09
2020-09-29,c,68.55
2020-09-30,c,69.09
2020-10-01,c,69.37
2020-10-02,c,69.51
2020-10-03,c,69.67
2020-10-04,c,69.72
2020-10-05,c,69.87
2020-10-06,c,69.98
2020-10-07,c,70.35
2020-10-08,c,70.27
2020-10-09,c,70.34
2020-10-10,c,70.05
2020-10-11,c,69.86
2020-10-12,c,69.5
2020-10-13,c,69.28
2020-10-14,c,68.86
2020-10-15,c,69.24
2020-10-16,c,69.31
2020-10-17,c,69.89
2020-10-18,c,70.04
2020-10-19,c,70.56
2020-10-20,c,71
2020-10-21,c,71.47
2020-10-22,c,71.39
2020-10-23,c,71.33
2020-10-24,c,70.96
2020-10-25,c,71.13
2020-10-26,c,71.17
2020-10-27,c,70.99
2020-10-28,c,70.8
2020-10-29,c,70.87
2020-10-30,c,70.85
2020-10-31,c,70.96
2020-11-01,c,71.21
2020-11-02,c,71.52
2020-11-03,c,71.99
2020-11-04,c,72.39
2020-11-05,c,72.97
2020-11-06,c,73.49
2020-11-07,c,74.02
2020-11-08,c,74.33
2020-11-09,c,74.19
2020-11-10,c,74.1
2020-11-11,c,74.3
2020-11-12,c,74.14
2020-11-13,c,74.41
2020-11-14,c,74.3
2020-11-15,c,74.47
2020-11-16,c,75.15
2020-11-17,c,75.65
2020-11-18,c,76.32
2020-11-19,c,76.94
2020-11-20,c,77.2
2020-11-21,c,77.91
2020-11-22,c,78.43
2020-11-23,c,78.9
2020-11-24,c,79.14
2020-11-25,c,79.13
2020-11-26,c,79.24
2020-11-27,c,79.93
2020-11-28,c,80.37
2020-11-29,c,80.94
2020-11-30,c,81.42
2020-12-01,c,82.3
2020-12-02,c,83.2
2020-12-03,c,84.13
2020-12-04,c,84.93
2020-12-05,c,85.84
2020-12-06,c,86.57
2020-12-07,c,87.24
2020-12-08,c,87.97
2020-12-09,c,88.52
2020-12-10,c,89.11
2020-12-11,c,89.79
2020-12-12,c,90.21
2020-12-13,c,90.94
2020-12-14,c,91.92
2020-12-15,c,92.76
2020-12-16,c,93.6
2020-12-17,c,94.47
2020-12-18,c,95.06
2020-12-19,c,95.94
2020-12-20,c,96.4
2020-12-21,c,96.68
2020-12-22,c,96.9
2020-12-23,c,97.11
2020-12-24,c,97.22
2020-12-25,c,97.2
2020-12-26,c,97.08
2020-12-27,c,96.97
2020-12-28,c,97.2
2020-12-29,c,97.37
2020-12-30,c,97.46
2020-12-31,c,97.38
2021-01-01,c,97.17
2021-01-02,c,96.89
2021-01-03,c,96.75
2021-01-04,c,95.84
2021-01-05,c,95.02
2021-01-06,c,94.22
2021-01-07,c,93.53
2021-01-08,c,92.72
2021-01-09,c,91.64
2021-01-10,c,90.38
2021-01-11,c,89.46
2021-01-12,c,88.62
2021-01-13,c,87.84
2021-01-14,c,86.81
2021-01-15,c,86.2
2021-01-16,c,85.91
2021-01-17,c,85.63
2021-01-18,c,85.23
2021-01-19,c,84.89
2021-01-20,c,84.52
2021-01-21,c,84.21
2021-01-22,c,83.96
2021-01-23,c,83.72
2021-01-24,c,83.76
2021-01-25,c,83.46
2021-01-26,c,83.14
2021-01-27,c,82.72
2021-01-28,c,82.21
2021-01-29,c,81.42
2021-01-30,c,80.74
2021-01-31,c,80.14
2021-02-01,c,80.19
2021-02-02,c,80.34
2021-02-03,c,80.46
2021-02-04,c,80.65
2021-02-05,c,80.84
2021-02-06,c,80.75
2021-02-07,c,80.81
2021-02-08,c,80.61
2021-02-09,c,80.44
2021-02-10,c,80.47
2021-02-11,c,81.02
2021-02-12,c,81.92
2021-02-13,c,82.85
2021-02-14,c,83.49
2021-02-15,c,84.21
2021-02-16,c,84.63
2021-02-17,c,85.13
2021-02-18,c,85.17
2021-02-19,c,84.79
2021-02-20,c,84.11
2021-02-21,c,83.58
2021-02-22,c,83.08
2021-02-23,c,82.54
2021-02-24,c,82.31
2021-02-25,c,81.98
2021-02-26,c,82.1
2021-02-27,c,82.46
2021-02-28,c,82.47
2021-03-01,c,82.36
2021-03-02,c,82.59
2021-03-03,c,82.46
2021-03-04,c,82.73
2021-03-05,c,82.51
2021-03-06,c,82.5
2021-03-07,c,82.87
2021-03-08,c,83.48
2021-03-09,c,84.07
2021-03-10,c,84.45
2021-03-11,c,84.65
2021-03-12,c,85.18
2021-03-13,c,85.84
2021-03-14,c,86.25
2021-03-15,c,86.59
2021-03-16,c,87.02
2021-03-17,c,88.21
2021-03-18,c,89.33
2021-03-19,c,90.36
2021-03-20,c,91.19
2021-03-21,c,91.69
2021-03-22,c,92.01
2021-03-23,c,92.12
2021-03-24,c,91.75
2021-03-25,c,91.69
2021-03-26,c,91.91
2021-03-27,c,92.21
2021-03-28,c,92.73
2021-03-29,c,93.42
2021-03-30,c,94.11
2021-03-31,c,94.86
2021-04-01,c,95.31
2021-04-02,c,95.59
2021-04-03,c,96.01
2021-04-04,c,96.46
2021-04-05,c,96.95
2021-04-06,c,97.42
2021-04-07,c,97.53
2021-04-08,c,97.76
2021-04-09,c,98.12
2021-04-10,c,98.49
2021-04-11,c,98.64
2021-04-12,c,98.87
2021-04-13,c,99.15
2021-04-14,c,99.76
2021-04-15,c,100.7
2021-04-16,c,101.27
2021-04-17,c,101.83
2021-04-18,c,102.83
2021-04-19,c,103.66
2021-04-20,c,104.54
2021-04-21,c,105.46
2021-04-22,c,106.17
2021-04-23,c,107.56
2021-04-24,c,108.81
2021-04-25,c,109.78
2021-04-26,c,110.96
2021-04-27,c,112.31
2021-04-28,c,113.68
2021-04-29,c,114.83
2021-04-30,c,115.57
2021-05-01,c,116.36
2021-05-02,c,117.41
2021-05-03,c,118.25
2021-05-04,c,118.66
2021-05-05,c,119.09
2021-05-06,c,119.87
2021-05-07,c,120.61
2021-05-08,c,121.31
2021-05-09,c,122.15
2021-05-10,c,123.28
2021-05-11,c,124.47
2021-05-12,c,125.48
2021-05-13,c,126.12
2021-05-14,c,126.5
2021-05-15,c,127.04
2021-05-16,c,127.14
2021-05-17,c,127.04
2021-05-18,c,127
2021-05-19,c,126.92
2021-05-20,c,127.17
2021-05-21,c,127.67
2021-05-22,c,127.42
2021-05-23,c,127.5
2021-05-24,c,127.5
2021-05-25,c,127.37
2021-05-26,c,126.97
2021-05-27,c,126.36
2021-05-28,c,125.63
2021-05-29,c,125.58
2021-05-30,c,125.4
2021-05-31,c,125.34
2021-06-01,c,125.64
2021-06-02,c,126.1
2021-06-03,c,127.1
2021-06-04,c,128.15
2021-06-05,c,129.14
2021-06-06,c,130.35
2021-06-07,c,131.36
2021-06-08,c,132.08
2021-06-09,c,132.88
2021-06-10,c,133.37
2021-06-11,c,134.07
2021-06-12,c,134.55
2021-06-13,c,134.91
2021-06-14,c,135.49
2021-06-15,c,136.31
2021-06-16,c,137.24
2021-06-17,c,137.94
2021-06-18,c,138.3
2021-06-19,c,139.1
2021-06-20,c,139.97
2021-06-21,c,140.44
2021-06-22,c,140.98
2021-06-23,c,141.52
2021-06-24,c,142.13
2021-06-25,c,142.87
2021-06-26,c,143.43
2021-06-27,c,143.81
2021-06-28,c,144.62
2021-06-29,c,145.26
2021-06-30,c,145.92
2021-07-01,c,146.59
2021-07-02,c,147.38
2021-07-03,c,148.03
2021-07-04,c,148.25
2021-07-05,c,148.07
2021-07-06,c,147.74
2021-07-07,c,147.45
2021-07-08,c,147.61
2021-07-09,c,147.14
2021-07-10,c,146.67
2021-07-11,c,146.42
2021-07-12,c,146.56
2021-07-13,c,146.86
2021-07-14,c,146.62
2021-07-15,c,145.39
2021-07-16,c,145.18
2021-07-17,c,144.96
2021-07-18,c,145
2021-07-19,c,145.01
2021-07-20,c,145.15
2021-07-21,c,145.54
2021-07-22,c,146.45
2021-07-23,c,146.82
2021-07-24,c,147.34
2021-07-25,c,147.94
2021-07-26,c,148.13
2021-07-27,c,148.18
2021-07-28,c,148.41
2021-07-29,c,148.63
2021-07-30,c,148.79
2021-07-31,c,148.9
2021-08-01,c,148.91
2021-08-02,c,149.35
2021-08-03,c,149.31
2021-08-04,c,149.27
2021-08-05,c,149.14
2021-08-06,c,149.22
2021-08-07,c,149.65
2021-08-08,c,150.2
2021-08-09,c,150.67
2021-08-10,c,151.4
2021-08-11,c,152.26
2021-08-12,c,153.14
2021-08-13,c,153.96
2021-08-14,c,154.64
2021-08-15,c,154.88
2021-08-16,c,155.12
2021-08-17,c,155.37
2021-08-18,c,155.5
2021-08-19,c,155.81
2021-08-20,c,155.86
2021-08-21,c,156.27
2021-08-22,c,156.69
2021-08-23,c,156.88
2021-08-24,c,157.23
2021-08-25,c,157.66
2021-08-26,c,157.88
2021-08-27,c,158.05
2021-08-28,c,157.74
2021-08-29,c,157.83
2021-08-30,c,158.02
2021-08-31,c,158.1
2021-09-01,c,158.37
2021-09-02,c,158.67
2021-09-03,c,158.97
2021-09-04,c,159.42
2021-09-05,c,159.8
2021-09-06,c,160.06
2021-09-07,c,160.62
2021-09-08,c,161.09
2021-09-09,c,161.81
2021-09-10,c,162.7
2021-09-11,c,163.11
2021-09-12,c,163.67
2021-09-13,c,163.97
2021-09-14,c,164.16
2021-09-15,c,164.26
2021-09-16,c,164.1
2021-09-17,c,164.29
2021-09-18,c,165.21
2021-09-19,c,165.65
2021-09-20,c,166.43
2021-09-21,c,167.34
2021-09-22,c,168.26
2021-09-23,c,168.97
2021-09-24,c,169.66
2021-09-25,c,169.78
2021-09-26,c,170.56
2021-09-27,c,171.3
2021-09-28,c,171.4
2021-09-29,c,171.51
2021-09-30,c,171.39
2021-10-01,c,171.5
2021-10-02,c,171.45
2021-10-03,c,171.09
2021-10-04,c,170.94
2021-10-05,c,171.05
2021-10-06,c,171.14
2021-10-07,c,171.88
2021-10-08,c,171.05
2021-10-09,c,171.61
2021-10-10,c,171.89
2021-10-11,c,171.9
2021-10-12,c,171.85
2021-10-13,c,171.81
2021-10-14,c,171.72
2021-10-15,c,173.01
2021-10-16,c,172.9
2021-10-17,c,172.94
2021-10-18,c,173.09
2021-10-19,c,173.69
2021-10-20,c,174.39
2021-10-21,c,175.25
2021-10-22,c,175.56
2021-10-23,c,176.29
2021-10-24,c,177.02
2021-10-25,c,177.96
2021-10-26,c,178.25
2021-10-27,c,178.58
2021-10-28,c,178.56
2021-10-29,c,178.86
2021-10-30,c,178.96
2021-10-31,c,179.06
2021-11-01,c,179.19
2021-11-02,c,179.74
2021-11-03,c,180.06
2021-11-04,c,180.59
2021-11-05,c,181.41
2021-11-06,c,181.97
2021-11-07,c,182.64
2021-11-08,c,183.03
2021-11-09,c,183.41
2021-11-10,c,183.66
2021-11-11,c,184.01
2021-11-12,c,183.54
2021-11-13,c,184.26
2021-11-14,c,184.48
2021-11-15,c,184.81
2021-11-16,c,185.05
2021-11-17,c,185.19
2021-11-18,c,185.01
2021-11-19,c,184.87
2021-11-20,c,184.03
2021-11-21,c,183.35
2021-11-22,c,182.49
2021-11-23,c,181.81
2021-11-24,c,180.76
2021-11-25,c,180.07
2021-11-26,c,179.48
2021-11-27,c,179.56
2021-11-28,c,179.03
2021-11-29,c,178.82
2021-11-30,c,178.45
2021-12-01,c,178.72
2021-12-02,c,178.62
2021-12-03,c,178.51
2021-12-04,c,178.38
2021-12-05,c,178.43
2021-12-06,c,178.43
2021-12-07,c,178.32
2021-12-08,c,178.14
2021-12-09,c,177.74
2021-12-10,c,177.12
2021-12-11,c,175.78
2021-12-12,c,174.99
2021-12-13,c,173.98
2021-12-14,c,172.94
2021-12-15,c,171.51
2021-12-16,c,170.44
2021-12-17,c,169.65
2021-12-18,c,169.35
2021-12-19,c,168.57
2021-12-20,c,168.02
2021-12-21,c,167.54
2021-12-22,c,167.3
2021-12-23,c,166.94
2021-12-24,c,166.72
2021-12-25,c,166.45
2021-12-26,c,166.32
2021-12-27,c,166.46
2021-12-28,c,166.43
2021-12-29,c,166.44
2021-12-30,c,166.22
2021-12-31,c,165.85
2022-01-01,c,165.53
2022-01-02,c,165.05
2022-01-03,c,164.29
2022-01-04,c,163.9
2022-01-05,c,163.77
2022-01-06,c,163.45
2022-01-07,c,163.79
2022-01-08,c,163.89
2022-01-09,c,163.95
2022-01-10,c,163.93
2022-01-11,c,163.91
2022-01-12,c,164.18
2022-01-13,c,165.18
2022-01-14,c,164.14
2022-01-15,c,164.82
2022-01-16,c,165.54
2022-01-17,c,166.09
2022-01-18,c,166.06
2022-01-19,c,166.22
2022-01-20,c,166.18
2022-01-21,c,167.92
2022-01-22,c,168.09
2022-01-23,c,168.62
2022-01-24,c,169.12
2022-01-25,c,169.96
2022-01-26,c,170.62
2022-01-27,c,171.51
2022-01-28,c,172.53
2022-01-29,c,173.34
2022-01-30,c,173.95
2022-01-31,c,174.91
2022-02-01,c,176.28
2022-02-02,c,177.06
2022-02-03,c,177.59
2022-02-04,c,178.03
2022-02-05,c,178.61
2022-02-06,c,179.08
2022-02-07,c,179.35
2022-02-08,c,179.46
2022-02-09,c,180.15
2022-02-10,c,180.76
2022-02-11,c,181.1
2022-02-12,c,181.92
2022-02-13,c,182.81
2022-02-14,c,183.81
2022-02-15,c,184.76
2022-02-16,c,185.5
2022-02-17,c,186.21
2022-02-18,c,187.31
2022-02-19,c,187.36
2022-02-20,c,187.66
2022-02-21,c,187.69
2022-02-22,c,187.95
2022-02-23,c,188
2022-02-24,c,188.52
2022-02-25,c,188.36
2022-02-26,c,189.19
2022-02-27,c,189.18
2022-02-28,c,189.51
2022-03-01,c,189.34
2022-03-02,c,189.1
2022-03-03,c,188.26
2022-03-04,c,188.18
2022-03-05,c,187.23
2022-03-06,c,187.04
2022-03-07,c,186.7
2022-03-08,c,186.78
2022-03-09,c,187.07
2022-03-10,c,187.38
2022-03-11,c,187.36
2022-03-12,c,187.84
2022-03-13,c,188.41
2022-03-14,c,188.73
2022-03-15,c,189.04
2022-03-16,c,189.23
2022-03-17,c,190.21
2022-03-18,c,190.34
2022-03-19,c,190.06
2022-03-20,c,189.69
2022-03-21,c,189.6
2022-03-22,c,189.04
2022-03-23,c,188.92
2022-03-24,c,188
2022-03-25,c,188.32
2022-03-26,c,189.24
2022-03-27,c,189.9
2022-03-28,c,190.35
2022-03-29,c,191.35
2022-03-30,c,192.17
2022-03-31,c,193.38
2022-04-01,c,193.83
2022-04-02,c,193.22
2022-04-03,c,192.82
2022-04-04,c,193.09
2022-04-05,c,192.85
2022-04-06,c,192.5
2022-04-07,c,191.91
2022-04-08,c,191.6
2022-04-09,c,191.58
2022-04-10,c,190.61
2022-04-11,c,188.48
2022-04-12,c,187.27
2022-04-13,c,186.74
2022-04-14,c,186.47
2022-04-15,c,186.03
2022-04-16,c,186.06
2022-04-17,c,187.29
2022-04-18,c,189.29
2022-04-19,c,190.32
2022-04-20,c,190.65
2022-04-21,c,190.68
2022-04-22,c,191.04
2022-04-23,c,192.14
2022-04-24,c,192.46
2022-04-25,c,192.56
2022-04-26,c,192.86
2022-04-27,c,192.65
2022-04-28,c,193.6
2022-04-29,c,193.92
2022-04-30,c,193.84
2022-05-01,c,194.04
2022-05-02,c,194.55
2022-05-03,c,194.55
2022-05-04,c,195.65
2022-05-05,c,195.44
2022-05-06,c,196.29
2022-05-07,c,197.03
2022-05-08,c,197.41
2022-05-09,c,198.19
2022-05-10,c,199.56
2022-05-11,c,200.22
2022-05-12,c,201.09
2022-05-13,c,200.65
2022-05-14,c,200.04
2022-05-15,c,200.86
2022-05-16,c,201.1
2022-05-17,c,201.29
2022-05-18,c,201.53
2022-05-19,c,201.5
2022-05-20,c,202.52
2022-05-21,c,203.09
2022-05-22,c,203.4
2022-05-23,c,203.56
2022-05-24,c,203.75
2022-05-25,c,203.84
2022-05-26,c,202.94
2022-05-27,c,202.67
2022-05-28,c,202.41
2022-05-29,c,201.65
2022-05-30,c,200.75
2022-05-31,c,200.45
2022-06-01,c,200.22
2022-06-02,c,201.27
2022-06-03,c,201.54
2022-06-04,c,201.28
2022-06-05,c,201.93
2022-06-06,c,202.97
2022-06-07,c,202.71
2022-06-08,c,202.7
2022-06-09,c,202.47
2022-06-10,c,202.2
2022-06-11,c,202.45
2022-06-12,c,202.11
2022-06-13,c,201.78
2022-06-14,c,202.34
2022-06-15,c,202.54
2022-06-16,c,203.06
2022-06-17,c,203.29
2022-06-18,c,202.94
2022-06-19,c,203.15
2022-06-20,c,203.17
2022-06-21,c,202.6
2022-06-22,c,202.18
2022-06-23,c,201.76
2022-06-24,c,201.33
2022-06-25,c,200.82
2022-06-26,c,200.31
2022-06-27,c,199.46
2022-06-28,c,199.45
2022-06-29,c,199.34
2022-06-30,c,199.36
2022-07-01,c,199.29
2022-07-02,c,200.33
2022-07-03,c,200.62
2022-07-04,c,200.9
2022-07-05,c,200.55
2022-07-06,c,199.83
2022-07-07,c,198.88
2022-07-08,c,198.55
2022-07-09,c,197.36
2022-07-10,c,196.72
2022-07-11,c,196.44
2022-07-12,c,196.33
2022-07-13,c,196.59
2022-07-14,c,197.03
2022-07-15,c,197.31
2022-07-16,c,197.24
2022-07-17,c,197.06
2022-07-18,c,197.11
2022-07-19,c,196.94
2022-07-20,c,196.59
2022-07-21,c,196.11
2022-07-22,c,195.41
2022-07-23,c,195.23
2022-07-24,c,194.89
2022-07-25,c,194.03
2022-07-26,c,193.62
2022-07-27,c,193.53
2022-07-28,c,193.34
2022-07-29,c,193.15
2022-07-30,c,193.04
2022-07-31,c,193.17
2022-08-01,c,193.63
2022-08-02,c,193.42
2022-08-03,c,192.81
2022-08-04,c,192.46
2022-08-05,c,192.08
2022-08-06,c,192.09
2022-08-07,c,191.69
2022-08-08,c,191.46
2022-08-09,c,191.55
2022-08-10,c,192.07
2022-08-11,c,192.36
2022-08-12,c,192.55
2022-08-13,c,192.54
2022-08-14,c,192.76
2022-08-15,c,192.27
2022-08-16,c,192.22
2022-08-17,c,192.35
2022-08-18,c,192.58
2022-08-19,c,192.87
2022-08-20,c,193.36
2022-08-21,c,193.52
2022-08-22,c,193.96
2022-08-23,c,194.04
2022-08-24,c,194.02
2022-08-25,c,194.01
2022-08-26,c,194.27
2022-08-27,c,194.27
2022-08-28,c,194.6
2022-08-29,c,194.84
2022-08-30,c,195.36
2022-08-31,c,195.94
2022-09-01,c,196.46
2022-09-02,c,196.96
2022-09-03,c,197.42
2022-09-04,c,197.96
2022-09-05,c,198.53
2022-09-06,c,199.09
2022-09-07,c,199
2022-09-08,c,199.28
2022-09-09,c,199.38
2022-09-10,c,199.21
2022-09-11,c,198.84
2022-09-12,c,198.75
2022-09-13,c,198.53
2022-09-14,c,199.15
2022-09-15,c,199.44
2022-09-16,c,199.81
2022-09-17,c,200.13
2022-09-18,c,200.46
2022-09-19,c,200.55
2022-09-20,c,199.84
2022-09-21,c,199.56
2022-09-22,c,199.37
2022-09-23,c,198.79
2022-09-24,c,198.77
2022-09-25,c,199
2022-09-26,c,199.7
2022-09-27,c,200.91
2022-09-28,c,201.38
2022-09-29,c,201.87
2022-09-30,c,201.99
2022-10-01,c,202.18
2022-10-02,c,202.4
2022-10-03,c,202.17
2022-10-04,c,201.65
2022-10-05,c,201.02
2022-10-06,c,200.1
2022-10-07,c,200.11
2022-10-08,c,199.53
2022-10-09,c,198.74
2022-10-10,c,197.93
2022-10-11,c,197.57
2022-10-12,c,197.01
2022-10-13,c,196.76
2022-10-14,c,196.09
2022-10-15,c,195.61
2022-10-16,c,195.35
2022-10-17,c,195.15
2022-10-18,c,195.03
2022-10-19,c,195.1
2022-10-20,c,194.66
2022-10-21,c,195.07
2022-10-22,c,195.13
2022-10-23,c,195.53
2022-10-24,c,195.58
2022-10-25,c,195.27
2022-10-26,c,195.04
2022-10-27,c,194.9
2022-10-28,c,194.14
2022-10-29,c,193.66
2022-10-30,c,192.98
2022-10-31,c,192.89
2022-11-01,c,192.49
2022-11-02,c,191.86
2022-11-03,c,191.29
2022-11-04,c,191.05
2022-11-05,c,190.54
2022-11-06,c,189.91
2022-11-07,c,189.07
2022-11-08,c,188.67
2022-11-09,c,188.68
2022-11-10,c,188.86
2022-11-11,c,188.46
2022-11-12,c,188.84
2022-11-13,c,188.82
2022-11-14,c,189.06
2022-11-15,c,189.32
2022-11-16,c,189.63
2022-11-17,c,189.89
2022-11-18,c,190.2
2022-11-19,c,190.56
2022-11-20,c,190.95
2022-11-21,c,190.93
2022-11-22,c,191.5
2022-11-23,c,191.71
2022-11-24,c,191.8
2022-11-25,c,191.85
2022-11-26,c,192
2022-11-27,c,192.08
2022-11-28,c,192.29
2022-11-29,c,192.13
2022-11-30,c,192.11
2022-12-01,c,191.92
2022-12-02,c,191.6
2022-12-03,c,191.2
2022-12-04,c,190.91
2022-12-05,c,190.95
2022-12-06,c,190.9
2022-12-07,c,190.65
2022-12-08,c,190.59
2022-12-09,c,191.22
2022-12-10,c,191.74
2022-12-11,c,192.04
2022-12-12,c,192.32
2022-12-13,c,192.75
2022-12-14,c,193.09
2022-12-15,c,193.45
2022-12-16,c,193.5
2022-12-17,c,193.51
2022-12-18,c,193.51
2022-12-19,c,193.43
2022-12-20,c,192.97
2022-12-21,c,192.77
2022-12-22,c,192.52
2022-12-23,c,192.03
2022-12-24,c,191.64
2022-12-25,c,191.33
2022-12-26,c,191.25
2022-12-27,c,191.49
2022-12-28,c,191.48
2022-12-29,c,191.63
2022-12-30,c,191.94
2022-12-31,c,191.87
2023-01-01,c,192.05
2023-01-02,c,192.2
2023-01-03,c,191.58
2023-01-04,c,191.04
2023-01-05,c,190.54
2023-01-06,c,190.23
2023-01-07,c,189.9
2023-01-08,c,189.53
2023-01-09,c,188.54
2023-01-10,c,188.39
2023-01-11,c,188.29
2023-01-12,c,188.01
2023-01-13,c,187.7
2023-01-14,c,186.94
2023-01-15,c,186.28
2023-01-16,c,186.12
2023-01-17,c,185.9
2023-01-18,c,185.88
2023-01-19,c,185.96
2023-01-20,c,186.06
2023-01-21,c,186.73
2023-01-22,c,187.08
2023-01-23,c,187.03
2023-01-24,c,187.04
2023-01-25,c,187.01
2023-01-26,c,186.85
2023-01-27,c,186.55
2023-01-28,c,186.48
2023-01-29,c,186.22
2023-01-30,c,186.25
2023-01-31,c,186.25
2023-02-01,c,186.15
2023-02-02,c,186.13
2023-02-03,c,186.02
2023-02-04,c,185.84
2023-02-05,c,185.75
2023-02-06,c,185.78
2023-02-07,c,185.6
2023-02-08,c,184.57
2023-02-09,c,184.42
2023-02-10,c,184.23
2023-02-11,c,184.22
2023-02-12,c,184.34
2023-02-13,c,184.23
2023-02-14,c,184.35
2023-02-15,c,185.31
2023-02-16,c,185.34
2023-02-17,c,185.31
2023-02-18,c,184.42
2023-02-19,c,183.83
2023-02-20,c,182.8
2023-02-21,c,182.08
2023-02-22,c,181.54
2023-02-23,c,181.74
2023-02-24,c,181.52
2023-02-25,c,181.71
2023-02-26,c,181.72
2023-02-27,c,182.16
2023-02-28,c,182.07
2023-03-01,c,181.82
2023-03-02,c,180.88
2023-03-03,c,180.17
2023-03-04,c,179.86
2023-03-05,c,179.29
2023-03-06,c,178.67
2023-03-07,c,177.86
2023-03-08,c,177.11
2023-03-09,c,176.66
2023-03-10,c,177.22
2023-03-11,c,177.76
2023-03-12,c,178.49
2023-03-13,c,179.52
2023-03-14,c,180.86
2023-03-15,c,182.03
2023-03-16,c,183.2
2023-03-17,c,183.55
2023-03-18,c,183.22
2023-03-19,c,182.85
2023-03-20,c,182.14
2023-03-21,c,181.79
2023-03-22,c,181.48
2023-03-23,c,181.11
2023-03-24,c,180.76
2023-03-25,c,181.4
2023-03-26,c,182.48
2023-03-27,c,183.15
2023-03-28,c,184.12
2023-03-29,c,185.12
2023-03-30,c,185.97
2023-03-31,c,187.23
2023-04-01,c,187.56
2023-04-02,c,187.6
2023-04-03,c,187.94
2023-04-04,c,187.65
2023-04-05,c,187.33
2023-04-06,c,187.01
2023-04-07,c,186.31
2023-04-08,c,186.2
2023-04-09,c,186.03
2023-04-10,c,186.18
2023-04-11,c,186.12
2023-04-12,c,185.84
2023-04-13,c,185.51
2023-04-14,c,185.01
2023-04-15,c,184.02
2023-04-16,c,183.19
2023-04-17,c,182.25
2023-04-18,c,181.6
2023-04-19,c,181.22
2023-04-20,c,180.97
2023-04-21,c,181.28
2023-04-22,c,181.72
2023-04-23,c,182.35
2023-04-24,c,182.58
2023-04-25,c,182.74
2023-04-26,c,182.94
2023-04-27,c,183.11
2023-04-28,c,183.03
2023-04-29,c,182.74
2023-04-30,c,182.15
2023-05-01,c,182.18
2023-05-02,c,181.74
2023-05-03,c,180.99
2023-05-04,c,180.32
2023-05-05,c,179.5
2023-05-06,c,179.32
2023-05-07,c,179.28
2023-05-08,c,178.74
2023-05-09,c,178.68
2023-05-10,c,178.64
2023-05-11,c,178.81
2023-05-12,c,179.23
2023-05-13,c,179.15
2023-05-14,c,178.96
2023-05-15,c,178.94
2023-05-16,c,178.94
2023-05-17,c,179.18
2023-05-18,c,179.01
2023-05-19,c,178.75
2023-05-20,c,178.68
2023-05-21,c,178.45
2023-05-22,c,178.16
2023-05-23,c,177.88
2023-05-24,c,177.53
2023-05-25,c,177.25
2023-05-26,c,176.91
2023-05-27,c,176.85
2023-05-28,c,176.91
2023-05-29,c,177.14
2023-05-30,c,177.03
2023-05-31,c,176.75
2023-06-01,c,176.4
2023-06-02,c,176.22
2023-06-03,c,175.68
2023-06-04,c,175.06
2023-06-05,c,174.7
2023-06-06,c,174.23
2023-06-07,c,173.9
2023-06-08,c,173.74
2023-06-09,c,173.31
2023-06-10,c,173.04
2023-06-11,c,172.81
2023-06-12,c,172.38
2023-06-13,c,172.34
2023-06-14,c,172.18
2023-06-15,c,171.94
2023-06-16,c,171.93
2023-06-17,c,171.72
2023-06-18,c,171.56
2023-06-19,c,171.62
2023-06-20,c,171.76
2023-06-21,c,171.78
2023-06-22,c,171.63
2023-06-23,c,171.36
2023-06-24,c,171.41
2023-06-25,c,171.39
2023-06-26,c,171.19
2023-06-27,c,170.61
2023-06-28,c,170.19
2023-06-29,c,170.07
2023-06-30,c,169.79
2023-07-01,c,168.99
2023-07-02,c,168.4
2023-07-03,c,167.53
2023-07-04,c,166.82
2023-07-05,c,165.89
2023-07-06,c,164.37
2023-07-07,c,163.17
2023-07-08,c,162.8
2023-07-09,c,162.45
2023-07-10,c,162.54
2023-07-11,c,162.72
2023-07-12,c,163.26
2023-07-13,c,164.35
2023-07-14,c,165.5
2023-07-15,c,166.32
2023-07-16,c,166.78
2023-07-17,c,167.02
2023-07-18,c,167.38
2023-07-19,c,167.69
2023-07-20,c,167.95
2023-07-21,c,167.66
2023-07-22,c,166.95
2023-07-23,c,166.83
2023-07-24,c,166.82
2023-07-25,c,166.82
2023-07-26,c,166.77
2023-07-27,c,166.72
2023-07-28,c,166.85
2023-07-29,c,167.16
2023-07-30,c,166.97
2023-07-31,c,166.51
2023-08-01,c,166.14
2023-08-02,c,165.83
2023-08-03,c,165.84
2023-08-04,c,166.23
2023-08-05,c,166.63
2023-08-06,c,167.1
2023-08-07,c,167.84
2023-08-08,c,168.11
2023-08-09,c,168.42
2023-08-10,c,168.33
2023-08-11,c,167.96
2023-08-12,c,167.76
2023-08-13,c,167.71
2023-08-14,c,167.2
2023-08-15,c,167.25
2023-08-16,c,167.03
2023-08-17,c,166.91
2023-08-18,c,166.92
2023-08-19,c,166.59
2023-08-20,c,166.14
2023-08-21,c,166.11
2023-08-22,c,165.73
2023-08-23,c,165.71
2023-08-24,c,165.43
2023-08-25,c,165.08
2023-08-26,c,164.8
2023-08-27,c,164.46
2023-08-28,c,164.07
2023-08-29,c,163.89
2023-08-30,c,163.55
2023-08-31,c,163.47
2023-09-01,c,163.45
2023-09-02,c,163.57
2023-09-03,c,163.5
2023-09-04,c,163.44
2023-09-05,c,163.13
2023-09-06,c,163.12
2023-09-07,c,163.13
2023-09-08,c,163.15
2023-09-09,c,163.13
2023-09-10,c,163.33
2023-09-11,c,163.39
2023-09-12,c,163.75
2023-09-13,c,163.55
2023-09-14,c,163.58
2023-09-15,c,163.43
2023-09-16,c,163.33
2023-09-17,c,163.27
2023-09-18,c,163.38
2023-09-19,c,163.46
2023-09-20,c,163.75
2023-09-21,c,163.7
2023-09-22,c,163.84
2023-09-23,c,164.04
2023-09-24,c,164.26
2023-09-25,c,164.41
2023-09-26,c,164.53
2023-09-27,c,164.68
2023-09-28,c,165.05
2023-09-29,c,165.67
2023-09-30,c,165.96
2023-10-01,c,166.42
2023-10-02,c,166.68
2023-10-03,c,166.92
2023-10-04,c,167.28
2023-10-05,c,167.49
2023-10-06,c,167.35
2023-10-07,c,167.47
2023-10-08,c,167.17
2023-10-09,c,167.09
2023-10-10,c,166.95
2023-10-11,c,166.55
2023-10-12,c,166.36
2023-10-13,c,166.3
2023-10-14,c,165.99
2023-10-15,c,165.99
2023-10-16,c,165.67
2023-10-17,c,165.38
2023-10-18,c,165.38
2023-10-19,c,165.12
2023-10-20,c,164.46
2023-10-21,c,163.54
2023-10-22,c,162.73
2023-10-23,c,162.22
2023-10-24,c,162.02
2023-10-25,c,162.03
2023-10-26,c,162.15
2023-10-27,c,162.53
2023-10-28,c,163.45
2023-10-29,c,164.2
2023-10-30,c,164.96
2023-10-31,c,165
2023-11-01,c,164.92
2023-11-02,c,164.67
2023-11-03,c,164.44
2023-11-04,c,164.02
2023-11-05,c,163.51
2023-11-06,c,162.95
2023-11-07,c,162.81
2023-11-08,c,162.6
2023-11-09,c,162.42
2023-11-10,c,162.17
2023-11-11,c,162.05
2023-11-12,c,161.92
2023-11-13,c,161.81
2023-11-14,c,161.65
2023-11-15,c,161.46
2023-11-16,c,161.42
2023-11-17,c,161.34
2023-11-18,c,160.98
2023-11-19,c,160.75
2023-11-20,c,160.29
2023-11-21,c,159.86
2023-11-22,c,159.3
2023-11-23,c,158.96
2023-11-24,c,158.34
2023-11-25,c,158.23
2023-11-26,c,158.02
2023-11-27,c,158.19
2023-11-28,c,158.55
2023-11-29,c,158.98
2023-11-30,c,159.02
2023-12-01,c,159.19
2023-12-02,c,159.59
2023-12-03,c,159.9
2023-12-04,c,160.21
2023-12-05,c,160.1
2023-12-06,c,159.99
2023-12-07,c,159.87
2023-12-08,c,159.96
2023-12-09,c,159.24
2023-12-10,c,158.76
2023-12-11,c,158.14
2023-12-12,c,157.65
2023-12-13,c,157.07
2023-12-14,c,156.73
2023-12-15,c,156.28
2023-12-16,c,156.16
2023-12-17,c,155.96
2023-12-18,c,155.69
2023-12-19,c,155.47
2023-12-20,c,155.49
2023-12-21,c,155.28
2023-12-22,c,155.6
2023-12-23,c,155.77
2023-12-24,c,155.8
2023-12-25,c,156.2
2023-12-26,c,156.64
2023-12-27,c,156.51
2023-12-28,c,156.62
2023-12-29,c,156.33
2023-12-30,c,156.11
2023-12-31,c,156.05
2024-01-01,c,156.14
2024-01-02,c,155.9
2024-01-03,c,156.12
2024-01-04,c,156.69
2024-01-05,c,157.27
2024-01-06,c,157.97
2024-01-07,c,158.5
2024-01-08,c,158.34
2024-01-09,c,158.49
2024-01-10,c,159.09
2024-01-11,c,159.05
2024-01-12,c,159.46
2024-01-13,c,158.8
2024-01-14,c,158.78
2024-01-15,c,159.05
2024-01-16,c,159.56
2024-01-17,c,159.29
2024-01-18,c,159.08
2024-01-19,c,158.46
2024-01-20,c,159.05
2024-01-21,c,159.77
2024-01-22,c,160.34
2024-01-23,c,160.92
2024-01-24,c,161.56
2024-01-25,c,162.2
2024-01-26,c,162.65
2024-01-27,c,162.54
2024-01-28,c,162.2
2024-01-29,c,161.96
2024-01-30,c,161.54
2024-01-31,c,161.71
2024-02-01,c,161.75
2024-02-02,c,162.04
2024-02-03,c,162.02
2024-02-04,c,162.35
2024-02-05,c,162.34
2024-02-06,c,161.69
2024-02-07,c,160.77
2024-02-08,c,160.19
2024-02-09,c,159.7
2024-02-10,c,159.2
2024-02-11,c,158.51
2024-02-12,c,158.22
2024-02-13,c,158.64
2024-02-14,c,159.09
2024-02-15,c,159.54
2024-02-16,c,159.63
2024-02-17,c,159.53
2024-02-18,c,159.85
2024-02-19,c,159.99
2024-02-20,c,159.25
2024-02-21,c,158.36
2024-02-22,c,157.81
2024-02-23,c,157.71
2024-02-24,c,158.86
2024-02-25,c,159.24
2024-02-26,c,160.17
2024-02-27,c,161.41
2024-02-28,c,162.24
2024-02-29,c,162.62
2024-03-01,c,162.74
2024-03-02,c,161.94
2024-03-03,c,161.23
2024-03-04,c,160.23
2024-03-05,c,158.7
2024-03-06,c,157.45
2024-03-07,c,156.29
2024-03-08,c,155.08
2024-03-09,c,154.31
2024-03-10,c,153.12
2024-03-11,c,151.86
2024-03-12,c,151.69
2024-03-13,c,151.71
2024-03-14,c,151.57
2024-03-15,c,151.63
2024-03-16,c,151.58
2024-03-17,c,151.99
2024-03-18,c,152.51
2024-03-19,c,152.53
2024-03-20,c,152.43
2024-03-21,c,152.18
2024-03-22,c,151.88
2024-03-23,c,151.36
2024-03-24,c,150.6
2024-03-25,c,149.39
2024-03-26,c,148.36
2024-03-27,c,147.54
2024-03-28,c,146.78
2024-03-29,c,146.06
2024-03-30,c,145.7
2024-03-31,c,145.22
2024-04-01,c,145.01
2024-04-02,c,144.73
2024-04-03,c,144.03
2024-04-04,c,143.31
2024-04-05,c,142.43
2024-04-06,c,141.66
2024-04-07,c,140.92
2024-04-08,c,140.07
2024-04-09,c,139.33
2024-04-10,c,139.02
2024-04-11,c,139.07
2024-04-12,c,138.96
2024-04-13,c,138.81
2024-04-14,c,138.75
2024-04-15,c,138.91
2024-04-16,c,139.15
2024-04-17,c,139.35
2024-04-18,c,139.4
2024-04-19,c,139.57
2024-04-20,c,139.54
2024-04-21,c,139.62
2024-04-22,c,139.67
2024-04-23,c,139.9
2024-04-24,c,139.95
2024-04-25,c,140.11
2024-04-26,c,140.35
2024-04-27,c,140.75
2024-04-28,c,141.11
2024-04-29,c,141.42
2024-04-30,c,141.81
2024-05-01,c,141.83
2024-05-02,c,141.96
2024-05-03,c,142.1
2024-05-04,c,142.33
2024-05-05,c,142.53
2024-05-06,c,142.97
2024-05-07,c,142.73
2024-05-08,c,142.99
2024-05-09,c,143.03
2024-05-10,c,143
2024-05-11,c,142.72
2024-05-12,c,142.08
2024-05-13,c,141.27
2024-05-14,c,141.08
2024-05-15,c,140.96
2024-05-16,c,140.81
2024-05-17,c,140.71
2024-05-18,c,140.39
2024-05-19,c,139.66
2024-05-20,c,138.91
2024-05-21,c,138.06
2024-05-22,c,137.85
2024-05-23,c,137.52
2024-05-24,c,137.08
2024-05-25,c,137.1
2024-05-26,c,137.57
2024-05-27,c,138.07
2024-05-28,c,138.07
2024-05-29,c,137.58
2024-05-30,c,137.5
2024-05-31,c,137.59
2024-06-01,c,137.66
2024-06-02,c,137.83
2024-06-03,c,137.89
2024-06-04,c,138.18
2024-06-05,c,138.01
2024-06-06,c,137.5
2024-06-07,c,137.01
2024-06-08,c,136.53
2024-06-09,c,136.1
2024-06-10,c,135.84
2024-06-11,c,135.67
2024-06-12,c,135.83
2024-06-13,c,135.98
2024-06-14,c,135.98
2024-06-15,c,135.4
2024-06-16,c,135.14
2024-06-17,c,134.73
2024-06-18,c,134.1
2024-06-19,c,133.24
2024-06-20,c,132.31
2024-06-21,c,131.31
2024-06-22,c,130.61
2024-06-23,c,129.77
2024-06-24,c,128.92
2024-06-25,c,128.34
2024-06-26,c,127.96
2024-06-27,c,127.94
2024-06-28,c,127.82
2024-06-29,c,127.72
2024-06-30,c,127.69
2024-07-01,c,127.64
2024-07-02,c,127.92
2024-07-03,c,128.12
2024-07-04,c,127.65
2024-07-05,c,127.69
2024-07-06,c,127.69
2024-07-07,c,127.46
2024-07-08,c,127.58
2024-07-09,c,127.47
2024-07-10,c,127.19
2024-07-11,c,127.08
2024-07-12,c,126.29
2024-07-13,c,125.9
2024-07-14,c,125.62
2024-07-15,c,125.27
2024-07-16,c,124.86
2024-07-17,c,124.62
2024-07-18,c,124.5
2024-07-19,c,124.85
2024-07-20,c,123.64
2024-07-21,c,123.54
2024-07-22,c,123.23
2024-07-23,c,123.14
2024-07-24,c,123.16
2024-07-25,c,123.17
2024-07-26,c,123.02
2024-07-27,c,124.61
2024-07-28,c,124.96
2024-07-29,c,125.04
2024-07-30,c,125.09
2024-07-31,c,124.88
2024-08-01,c,124.86
2024-08-02,c,124.88
2024-08-03,c,124.89
2024-08-04,c,124.83
2024-08-05,c,125.09
2024-08-06,c,125.2
2024-08-07,c,125.48
2024-08-08,c,125.62
2024-08-09,c,125.8
2024-08-10,c,125.55
2024-08-11,c,125.57
2024-08-12,c,125.4
2024-08-13,c,125.02
2024-08-14,c,124.8
2024-08-15,c,124.56
2024-08-16,c,124.31
2024-08-17,c,124.28
2024-08-18,c,123.99
2024-08-19,c,123.84
2024-08-20,c,123.91
2024-08-21,c,123.78
2024-08-22,c,124.05
2024-08-23,c,124.21
2024-08-24,c,124.41
2024-08-25,c,124.68
2024-08-26,c,124.79
2024-08-27,c,124.98
2024-08-28,c,125.18
2024-08-29,c,125.3
2024-08-30,c,125.6
2024-08-31,c,125.88
2024-09-01,c,126.11
2024-09-02,c,126.43
2024-09-03,c,126.88
2024-09-04,c,127.36
2024-09-05,c,127.61
2024-09-06,c,127.68
2024-09-07,c,127.79
2024-09-08,c,127.91
2024-09-09,c,128.01
2024-09-10,c,127.79
2024-09-11,c,127.36
2024-09-12,c,127.04
2024-09-13,c,126.68
2024-09-14,c,126.37
2024-09-15,c,126.23
2024-09-16,c,126.14
2024-09-17,c,126
2024-09-18,c,125.96
2024-09-19,c,125.94
2024-09-20,c,126.16
2024-09-21,c,126.14
2024-09-22,c,125.87
2024-09-23,c,125.58
2024-09-24,c,125.37
2024-09-25,c,125.08
2024-09-26,c,124.68
2024-09-27,c,124.36
2024-09-28,c,123.71
2024-09-29,c,123.37
2024-09-30,c,122.83
2024-10-01,c,122.4
2024-10-02,c,121.96
2024-10-03,c,121.63
2024-10-04,c,121.09
2024-10-05,c,120.87
2024-10-06,c,120.45
2024-10-07,c,120.17
2024-10-08,c,119.72
2024-10-09,c,119.54
2024-10-10,c,119.19
2024-10-11,c,118.84
2024-10-12,c,118.74
2024-10-13,c,118.75
2024-10-14,c,119.01
2024-10-15,c,119.5
2024-10-16,c,119.74
2024-10-17,c,120.06
2024-10-18,c,120.4
2024-10-19,c,120.53
2024-10-20,c,121.08
2024-10-21,c,121.28
2024-10-22,c,121.54
2024-10-23,c,121.8
2024-10-24,c,121.85
2024-10-25,c,121.68
2024-10-26,c,121.54
2024-10-27,c,120.94
2024-10-28,c,120.68
2024-10-29,c,120.24
2024-10-30,c,119.91
2024-10-31,c,119.99
2024-11-01,c,120.57
2024-11-02,c,121.06
2024-11-03,c,121.55
2024-11-04,c,121.68
2024-11-05,c,122.19
2024-11-06,c,122.59
2024-11-07,c,122.61
2024-11-08,c,122.49
2024-11-09,c,122.47
2024-11-10,c,122.33
2024-11-11,c,122.29
2024-11-12,c,122.03
2024-11-13,c,121.81
2024-11-14,c,121.64
2024-11-15,c,121.57
2024-11-16,c,121.57
2024-11-17,c,121.42
2024-11-18,c,121.37
2024-11-19,c,121.25
2024-11-20,c,121.23
2024-11-21,c,121.32
2024-11-22,c,121.14
2024-11-23,c,120.94
2024-11-24,c,120.65
2024-11-25,c,120.41
2024-11-26,c,120.06
2024-11-27,c,119.81
2024-11-28,c,119.38
2024-11-29,c,119.01
2024-11-30,c,118.43
2024-12-01,c,118.21
2024-12-02,c,118.01
2024-12-03,c,117.86
2024-12-04,c,117.67
2024-12-05,c,117.53
2024-12-06,c,117.37
2024-12-07,c,117.39
2024-12-08,c,117.39
2024-12-09,c,117.3
2024-12-10,c,117.32
2024-12-11,c,116.99
2024-12-12,c,116.85
2024-12-13,c,116.72
2024-12-14,c,116.49
2024-12-15,c,116.51
2024-12-16,c,116.48
2024-12-17,c,116.45
2024-12-18,c,116.58
2024-12-19,c,116.62
2024-12-20,c,117.03
2024-12-21,c,117.52
2024-12-22,c,117.76
2024-12-23,c,118.12
2024-12-24,c,118.7
2024-12-25,c,119.36
2024-12-26,c,120.02
2024-12-27,c,120.29
2024-12-28,c,120.46
2024-12-29,c,120.65
2024-12-30,c,120.95
2024-12-31,c,121.1
2025-01-01,c,121.27
2025-01-02,c,121.25
2025-01-03,c,121.46
2025-01-04,c,121.75
2025-01-05,c,121.91
2025-01-06,c,121.76
2025-01-07,c,121.95
2025-01-08,c,122.11
2025-01-09,c,122.44
2025-01-10,c,122.56
2025-01-11,c,122.79
2025-01-12,c,123.18
2025-01-13,c,123.69
2025-01-14,c,123.64
2025-01-15,c,123.56
2025-01-16,c,123.71
2025-01-17,c,123.77
2025-01-18,c,123.62
2025-01-19,c,123.4
2025-01-20,c,122.96
2025-01-21,c,122.68
2025-01-22,c,122.64
2025-01-23,c,122.58
2025-01-24,c,122.24
2025-01-25,c,122
2025-01-26,c,121.72
2025-01-27,c,121.5
2025-01-28,c,121.45
2025-01-29,c,120.81
2025-01-30,c,120.22
2025-01-31,c,120.03
2025-02-01,c,119.81
2025-02-02,c,119.6
2025-02-03,c,119.52
2025-02-04,c,118.99
2025-02-05,c,118.77
2025-02-06,c,118.26
2025-02-07,c,117.87
2025-02-08,c,117.32
2025-02-09,c,116.79
2025-02-10,c,116.15
2025-02-11,c,115.98
2025-02-12,c,115.85
2025-02-13,c,115.8
2025-02-14,c,115.66
2025-02-15,c,115.56
2025-02-16,c,115.45
2025-02-17,c,115.44
2025-02-18,c,115.42
2025-02-19,c,115.45
2025-02-20,c,115.27
2025-02-21,c,115.09
2025-02-22,c,114.84
2025-02-23,c,114.42
2025-02-24,c,114.26
2025-02-25,c,113.84
2025-02-26,c,113.76
2025-02-27,c,113.43
2025-02-28,c,113.13
2025-03-01,c,112.77
2025-03-02,c,112.64
2025-03-03,c,112.31
2025-03-04,c,112.03
2025-03-05,c,111.59
2025-03-06,c,111.76
2025-03-07,c,112.03
2025-03-08,c,112.51
2025-03-09,c,112.97
2025-03-10,c,112.96
2025-03-11,c,112.91
2025-03-12,c,112.78
2025-03-13,c,112.35
2025-03-14,c,111.98
2025-03-15,c,111.64
2025-03-16,c,111.13
2025-03-17,c,111.39
2025-03-18,c,111.43
2025-03-19,c,111.42
2025-03-20,c,111.43
2025-03-21,c,111.29
2025-03-22,c,110.98
2025-03-23,c,110.92
2025-03-24,c,110.35
2025-03-25,c,110.02
2025-03-26,c,110.03
2025-03-27,c,110.01
2025-03-28,c,110.03
2025-03-29,c,110.12
2025-03-30,c,110.22
2025-03-31,c,110.61
2025-04-01,c,111.21
2025-04-02,c,111.3
2025-04-03,c,111.75
2025-04-04,c,112.25
2025-04-05,c,112.79
2025-04-06,c,113.25
2025-04-07,c,113.58
2025-04-08,c,113.59
2025-04-09,c,113.81
2025-04-10,c,113.64
2025-04-11,c,113.28
2025-04-12,c,112.99
2025-04-13,c,112.7
2025-04-14,c,112.36
2025-04-15,c,112.27
2025-04-16,c,111.95
2025-04-17,c,111.76
2025-04-18,c,111.61
2025-04-19,c,111.2
2025-04-20,c,110.94
2025-04-21,c,110.76
2025-04-22,c,110.27
2025-04-23,c,110.25
2025-04-24,c,110.01
2025-04-25,c,109.51
2025-04-26,c,109.34
2025-04-27,c,109.13
2025-04-28,c,109.1
2025-04-29,c,109.14
2025-04-30,c,108.97
2025-05-01,c,109.02
2025-05-02,c,109.21
2025-05-03,c,109.34
2025-05-04,c,109.47
2025-05-05,c,109.48
2025-05-06,c,109.35
2025-05-07,c,109.19
2025-05-08,c,109.01
2025-05-09,c,108.9
2025-05-10,c,108.82
2025-05-11,c,108.59
2025-05-12,c,108.33
2025-05-13,c,108.39
2025-05-14,c,108.4
2025-05-15,c,108.62
2025-05-16,c,108.88
2025-05-17,c,108.86
2025-05-18,c,109.26
2025-05-19,c,109.6
2025-05-20,c,110.3
2025-05-21,c,110.99
2025-05-22,c,111.37
2025-05-23,c,111.79
2025-05-24,c,112.56
2025-05-25,c,112.85
2025-05-26,c,113.12
2025-05-27,c,113.08
2025-05-28,c,113.22
2025-05-29,c,112.54
2025-05-30,c,111.98
2025-05-31,c,111.63
2025-06-01,c,111.22
2025-06-02,c,110.94
2025-06-03,c,110.36
2025-06-04,c,109.43
2025-06-05,c,109.68
2025-06-06,c,110.19
2025-06-07,c,110.19
2025-06-08,c,110.33
2025-06-09,c,110.3
2025-06-10,c,110.26
2025-06-11,c,110.62
2025-06-12,c,110.72
2025-06-13,c,110.32
2025-06-14,c,109.87
2025-06-15,c,109.86
2025-06-16,c,109.81
2025-06-17,c,110
2025-06-18,c,110.07
2025-06-19,c,110.07
2025-06-20,c,110.02
2025-06-21,c,110.39
2025-06-22,c,110.35
2025-06-23,c,110.4
2025-06-24,c,110.28
2025-06-25,c,109.93
2025-06-26,c,109.97
2025-06-27,c,110.13
2025-06-28,c,110.18
2025-06-29,c,110.13
2025-06-30,c,110.38
2025-07-01,c,110.75
2025-07-02,c,111.16
2025-07-03,c,111.32
2025-07-04,c,111.51
2025-07-05,c,111.45
2025-07-06,c,111.35
2025-07-07,c,111.04
2025-07-08,c,110.81
2025-07-09,c,110.73
2025-07-10,c,110.57
2025-07-11,c,110.4
2025-07-12,c,110.3
2025-07-13,c,110.35
2025-07-14,c,110.34
2025-07-15,c,110.49
2025-07-16,c,110.31
2025-07-17,c,110.09
2025-07-18,c,110.12
2025-07-19,c,110.06
2025-07-20,c,110.09
2025-07-21,c,110.21
2025-07-22,c,109.92
2025-07-23,c,109.88
2025-07-24,c,109.85
2025-07-25,c,109.54
2025-07-26,c,109.71
2025-07-27,c,109.7
2025-07-28,c,109.65
2025-07-29,c,109.7
2025-07-30,c,109.83
2025-07-31,c,109.92
2025-08-01,c,110.09
2025-08-02,c,110.26
2025-08-03,c,110.39
2025-08-04,c,110.54
2025-08-05,c,110.32
2025-08-06,c,110.11
2025-08-07,c,109.93
2025-08-08,c,109.85
2025-08-09,c,109.49
2025-08-10,c,109.24
2025-08-11,c,108.89
2025-08-12,c,109.09
2025-08-13,c,109.22
2025-08-14,c,109.5
2025-08-15,c,109.73
2025-08-16,c,109.99
2025-08-17,c,110.13
2025-08-18,c,110.14
2025-08-19,c,110.31
2025-08-20,c,110.42
2025-08-21,c,110.67
2025-08-22,c,110.81
2025-08-23,c,110.81
2025-08-24,c,110.98
2025-08-25,c,111.33
2025-08-26,c,111.33
2025-08-27,c,111.4
2025-08-28,c,111.26
2025-08-29,c,111.19
2025-08-30,c,111.4
2025-08-31,c,111.39
2025-09-01,c,111.14
2025-09-02,c,111.17
2025-09-03,c,111.29
2025-09-04,c,111.33
2025-09-05,c,111.43
2025-09-06,c,111.29
2025-09-07,c,111.12
2025-09-08,c,111.18
2025-09-09,c,111.16
2025-09-10,c,111.35
2025-09-11,c,111.42
2025-09-12,c,111.71
2025-09-13,c,112.23
2025-09-14,c,112.74
2025-09-15,c,113.23
2025-09-16,c,113.51
2025-09-17,c,113.49
2025-09-18,c,113.64
2025-09-19,c,113.38
2025-09-20,c,113
2025-09-21,c,112.72
2025-09-22,c,112.41
2025-09-23,c,112.09
2025-09-24,c,111.92
2025-09-25,c,111.71
2025-09-26,c,111.62
2025-09-27,c,111.31
2025-09-28,c,111.16
2025-09-29,c,110.91
2025-09-30,c,110.61
2025-10-01,c,109.97
2025-10-02,c,109.38
2025-10-03,c,108.91
2025-10-04,c,108.57
2025-10-05,c,108.12
2025-10-06,c,107.76
2025-10-07,c,107.74
2025-10-08,c,107.89
2025-10-09,c,108.1
2025-10-10,c,108.29
2025-10-11,c,108.56
2025-10-12,c,108.74
2025-10-13,c,108.76
2025-10-14,c,108.65
2025-10-15,c,108.61
2025-10-16,c,108.51
2025-10-17,c,108.39
2025-10-18,c,108.01
2025-10-19,c,108.04
2025-10-20,c,108.24
2025-10-21,c,108.03
2025-10-22,c,108.11
2025-10-23,c,108.04
2025-10-24,c,108.02
2025-10-25,c,108.27
2025-10-26,c,108.18
2025-10-27,c,108.25
2025-10-28,c,108.48
2025-10-29,c,108.47
2025-10-30,c,108.46
2025-10-31,c,108.31
2025-11-01,c,107.89
2025-11-02,c,107.71
2025-11-03,c,107.42
2025-11-04,c,107.32
2025-11-05,c,107.23
2025-11-06,c,107.25
2025-11-07,c,107.33
2025-11-08,c,107.65
2025-11-09,c,107.73
2025-11-10,c,107.58
2025-11-11,c,107.27
2025-11-12,c,107.19
2025-11-13,c,107.04
2025-11-14,c,106.76
2025-11-15,c,106.7
2025-11-16,c,106.5
2025-11-17,c,106.49
2025-11-18,c,106.85
2025-11-19,c,106.87
2025-11-20,c,107
2025-11-21,c,107.3
2025-11-22,c,107.42
2025-11-23,c,107.57
2025-11-24,c,107.63
2025-11-25,c,107.55
2025-11-26,c,107.37
2025-11-27,c,107.34
2025-11-28,c,107.14
2025-11-29,c,106.99
2025-11-30,c,106.97
2025-12-01,c,107.17
2025-12-02,c,107.11
2025-12-03,c,107.13
2025-12-04,c,106.9
2025-12-05,c,106.79
2025-12-06,c,106.72
2025-12-07,c,106.67
2025-12-08,c,106.28
2025-12-09,c,106.2
2025-12-10,c,105.98
2025-12-11,c,106.22
2025-12-12,c,106.37
2025-12-13,c,106.48
2025-12-14,c,106.59
2025-12-15,c,106.95
2025-12-16,c,107.13
2025-12-17,c,107.6
2025-12-18,c,107.62
2025-12-19,c,107.78
2025-12-20,c,108.08
2025-12-21,c,108.34
2025-12-22,c,108.47
2025-12-23,c,108.69
2025-12-24,c,108.78
2025-12-25,c,108.83
2025-12-26,c,108.85
2025-12-27,c,108.73
2025-12-28,c,108.57
2025-12-29,c,108.59
2025-12-30,c,108.62
2025-12-31,c,108.64
2026-01-01,c,108.32
2026-01-02,c,107.95
2026-01-03,c,107.15
2026-01-04,c,106.45
2026-01-05,c,105.68
2026-01-06,c,105.13
2026-01-07,c,104.62
2026-01-08,c,104.9
2026-01-09,c,105.35
2026-01-10,c,106
2026-01-11,c,106.53
2026-01-12,c,107.02
2026-01-13,c,107.51
2026-01-14,c,107.95
2026-01-15,c,108.23
2026-01-16,c,108.93
2026-01-17,c,109.37
2026-01-18,c,109.78
2026-01-19,c,110.08
2026-01-20,c,110.27
2026-01-21,c,110.69
2026-01-22,c,110.8
2026-01-23,c,110.57
2026-01-24,c,110.6
2026-01-25,c,110.6
2026-01-26,c,110.63
2026-01-27,c,110.6
2026-01-28,c,110.38
2026-01-29,c,110.2
2026-01-30,c,109.7
2026-01-31,c,109.29
2026-02-01,c,109
2026-02-02,c,108.76
2026-02-03,c,108.3
2026-02-04,c,107.89
2026-02-05,c,107.64
2026-02-06,c,107.45
2026-02-07,c,107.19
2026-02-08,c,106.73
2026-02-09,c,106.44
2026-02-10,c,106.44
2026-02-11,c,106.69
2026-02-12,c,107.1
2026-02-13,c,107.63
2026-02-14,c,108.29
2026-02-15,c,109.18
2026-02-16,c,109.92
2026-02-17,c,110.56
2026-02-18,c,111.48
2026-02-19,c,112.01
2026-02-20,c,112.24
2026-02-21,c,112.11
2026-02-22,c,111.91
2026-02-23,c,111.65
2026-02-24,c,111.53
2026-02-25,c,110.92
2026-02-26,c,110.65
2026-02-27,c,110.32
2026-02-28,c,110.19
2026-03-01,c,110.1
2026-03-02,c,109.91
2026-03-03,c,109.63
2026-03-04,c,109.32
2026-03-05,c,108.61
2026-03-06,c,108.23
2026-03-07,c,107.87
2026-03-08,c,107.5
2026-03-09,c,107.35
2026-03-10,c,106.75
2026-03-11,c,105.77
2026-03-12,c,105.15
2026-03-13,c,104.37
2026-03-14,c,103.5
2026-03-15,c,102.6
2026-03-16,c,101.82
2026-03-17,c,101.46
2026-03-18,c,101.5
2026-03-19,c,101.34
2026-03-20,c,101.2
2026-03-21,c,101.14
2026-03-22,c,100.89
2026-03-23,c,100.82
2026-03-24,c,100.75
2026-03-25,c,100.57
2026-03-26,c,100.52
2026-03-27,c,100.42
2026-03-28,c,100.16
2026-03-29,c,100.14
2026-03-30,c,99.84
2026-03-31,c,99.55
2026-04-01,c,99.55
2026-04-02,c,99.35
2026-04-03,c,99.48
2026-04-04,c,99.75
2026-04-05,c,99.95
2026-04-06,c,100.09
2026-04-07,c,99.65
2026-04-08,c,99.06
2026-04-09,c,98.61
2026-04-10,c,98.03
2026-04-11,c,97.49
2026-04-12,c,96.88
2026-04-13,c,96.18
2026-04-14,c,95.66
2026-04-15,c,95.19
2026-04-16,c,94.76
2026-04-17,c,94.01
2026-04-18,c,93.16
2026-04-19,c,92.54
2026-04-20,c,92.22
2026-04-21,c,92.24
2026-04-22,c,92.49
2026-04-23,c,92.7
2026-04-24,c,93.22
2026-04-25,c,93.62
2026-04-26,c,94.12
2026-04-27,c,94.38
2026-04-28,c,94.49
2026-04-29,c,94.44
2026-04-30,c,94.42
2026-05-01,c,94.39
2026-05-02,c,94.56
2026-05-03,c,94.58
2026-05-04,c,94.83
2026-05-05,c,94.87
2026-05-06,c,94.79
2026-05-07,c,94.09
2026-05-08,c,93.32
2026-05-09,c,92.66
2026-05-10,c,91.8
2026-05-11,c,90.91
2026-05-12,c,90.41
2026-05-13,c,90.07
2026-05-14,c,90.41
2026-05-15,c,90.58
2026-05-16,c,90.68
2026-05-17,c,91
2026-05-18,c,91.19
2026-05-19,c,91.29
2026-05-20,c,90.96
2026-05-21,c,90.6
2026-05-22,c,90.57
2026-05-23,c,90.27
2026-05-24,c,89.93
2026-05-25,c,89.18
2026-05-26,c,88.17
2026-05-27,c,87.8
2026-05-28,c,87.54
2026-05-29,c,87.01
2026-05-30,c,87.08
2026-05-31,c,87.2
2026-06-01,c,87.58
2026-06-02,c,87.81
2026-06-03,c,87.95
2026-06-04,c,87.83
2026-06-05,c,87.8
2026-06-06,c,87.79
2026-06-07,c,87.77
2026-06-08,c,87.69
2026-06-09,c,88.08
2026-06-10,c,88.17
2026-06-11,c,88.44
2026-06-12,c,88.81
2026-06-13,c,89.07
2026-06-14,c,89.4
2026-06-15,c,89.77
2026-06-16,c,89.73
2026-06-17,c,89.56
2026-06-18,c,89.2
2026-06-19,c,88.76
2026-06-20,c,88.35
2026-06-21,c,87.71
2026-06-22,c,87.07
2026-06-23,c,86.65
2026-06-24,c,86.4
2026-06-25,c,86.23
2026-06-26,c,86.15
2026-06-27,c,86.08
2026-06-28,c,86.19
2026-06-29,c,86.15
2026-06-30,c,86.33
2026-07-01,c,86.76
2026-07-02,c,87.48
2026-07-03,c,87.84
2026-07-04,c,88.07
2026-07-05,c,88.02
2026-07-06,c,87.8
2026-07-07,c,87.52
2026-07-08,c,87.15
2026-07-09,c,86.25
2026-07-10,c,85.75
2026-07-11,c,85.25
2026-07-12,c,84.93
2026-07-13,c,84.92
2026-07-14,c,85.41
2026-07-15,c,86
2026-07-16,c,86.71
2026-07-17,c,87.27
2026-07-18,c,87.85
2026-07-19,c,88.47
2026-07-20,c,89.13
2026-07-21,c,89.39
2026-07-22,c,89.45
2026-07-23,c,89.88
2026-07-24,c,90.46
2026-07-25,c,91.09
2026-07-26,c,91.58
2026-07-27,c,91.87
2026-07-28,c,92.26
2026-07-29,c,92.38
2026-07-30,c,92.07
2026-07-31,c,91.45
2026-08-01,c,90.85
2026-08-02,c,90.33
2026-08-03,c,90.08
2026-08-04,c,89.63
2026-08-05,c,89.46
2026-08-06,c,89.25
2026-08-07,c,89.25
2026-08-08,c,89.36
2026-08-09,c,89.61
2026-08-10,c,89.7
2026-08-11,c,89.87
2026-08-12,c,90.2
2026-08-13,c,90.4
2026-08-14,c,90.74
2026-08-15,c,90.83
2026-08-16,c,90.9
2026-08-17,c,91.11
2026-08-18,c,91.34
2026-08-19,c,91.39
2026-08-20,c,91.62
2026-08-21,c,91.6
2026-08-22,c,91.7
2026-08-23,c,91.67
2026-08-24,c,91.35
2026-08-25,c,91.26
2026-08-26,c,91.06
2026-08-27,c,90.92
2026-08-28,c,91.03
2026-08-29,c,91.2
2026-08-30,c,91.41
2026-08-31,c,91.61
2026-09-01,c,91.67
2026-09-02,c,91.93
2026-09-03,c,92.04
2026-09-04,c,92.14
2026-09-05,c,92.36
2026-09-06,c,92.52
2026-09-07,c,92.76
2026-09-08,c,92.86
2026-09-09,c,93.02
2026-09-10,c,93.45
2026-09-11,c,93.72
2026-09-12,c,93.98
2026-09-13,c,94.23
2026-09-14,c,94.62
2026-09-15,c,95.05
2026-09-16,c,95.37
2026-09-17,c,95.61
2026-09-18,c,95.78
2020-02-01,d,100
2020-02-02,d,99.9
2020-02-03,d,99.73
2020-02-04,d,99.63
2020-02-05,d,99.63
2020-02-06,d,99.48
2020-02-07,d,99.4
2020-02-08,d,99.21
2020-02-09,d,99.24
2020-02-10,d,99.42
2020-02-11,d,99.34
2020-02-12,d,99.25
2020-02-13,d,99.22
2020-02-14,d,99.21
2020-02-15,d,99.19
2020-02-16,d,99
2020-02-17,d,98.84
2020-02-18,d,98.51
2020-02-19,d,98.22
2020-02-20,d,97.87
2020-02-21,d,97.54
2020-02-22,d,97.05
2020-02-23,d,96.86
2020-02-24,d,96.65
2020-02-25,d,96.8
2020-02-26,d,96.84
2020-02-27,d,96.82
2020-02-28,d,96.83
2020-02-29,d,97.11
2020-03-01,d,97.23
2020-03-02,d,97.31
2020-03-03,d,97.3
2020-03-04,d,97.18
2020-03-05,d,97.12
2020-03-06,d,96.87
2020-03-07,d,96.53
2020-03-08,d,96.08
2020-03-09,d,95.71
2020-03-10,d,95.69
2020-03-11,d,95.61
2020-03-12,d,95.66
2020-03-13,d,95.56
2020-03-14,d,95.5
2020-03-15,d,95.38
2020-03-16,d,95.15
2020-03-17,d,94.27
2020-03-18,d,93.22
2020-03-19,d,91.54
2020-03-20,d,89.51
2020-03-21,d,86.98
2020-03-22,d,84.44
2020-03-23,d,81.77
2020-03-24,d,78.87
2020-03-25,d,76.15
2020-03-26,d,73.81
2020-03-27,d,71.77
2020-03-28,d,70.01
2020-03-29,d,68.25
2020-03-30,d,66.65
2020-03-31,d,65.46
2020-04-01,d,64.12
2020-04-02,d,62.78
2020-04-03,d,61.53
2020-04-04,d,60.16
2020-04-05,d,58.96
2020-04-06,d,57.61
2020-04-07,d,56.28
2020-04-08,d,55.22
2020-04-09,d,54.17
2020-04-10,d,53.08
2020-04-11,d,52.44
2020-04-12,d,51.68
2020-04-13,d,51.21
2020-04-14,d,50.82
2020-04-15,d,50.28
2020-04-16,d,49.86
2020-04-17,d,49.59
2020-04-18,d,49.13
2020-04-19,d,48.56
2020-04-20,d,48.1
2020-04-21,d,47.53
2020-04-22,d,47.11
2020-04-23,d,46.71
2020-04-24,d,46.28
2020-04-25,d,45.82
2020-04-26,d,45.51
2020-04-27,d,44.95
2020-04-28,d,44.39
2020-04-29,d,43.85
2020-04-30,d,43.31
2020-05-01,d,42.77
2020-05-02,d,42.32
2020-05-03,d,41.72
2020-05-04,d,41.48
2020-05-05,d,41.11
2020-05-06,d,40.66
2020-05-07,d,40.25
2020-05-08,d,40.01
2020-05-09,d,39.75
2020-05-10,d,39.68
2020-05-11,d,39.24
2020-05-12,d,39.06
2020-05-13,d,38.78
2020-05-14,d,38.52
2020-05-15,d,38.14
2020-05-16,d,37.69
2020-05-17,d,37.12
2020-05-18,d,36.74
2020-05-19,d,36.41
2020-05-20,d,36.26
2020-05-21,d,36.15
2020-05-22,d,36.59
2020-05-23,d,36.7
2020-05-24,d,36.69
2020-05-25,d,36.56
2020-05-26,d,36.29
2020-05-27,d,36
2020-05-28,d,35.71
2020-05-29,d,35.1
2020-05-30,d,35.25
2020-05-31,d,35.31
2020-06-01,d,35.4
2020-06-02,d,35.33
2020-06-03,d,35.43
2020-06-04,d,35.21
2020-06-05,d,35.48
2020-06-06,d,35.62
2020-06-07,d,36.16
2020-06-08,d,36.6
2020-06-09,d,37.27
2020-06-10,d,37.83
2020-06-11,d,38.54
2020-06-12,d,38.72
2020-06-13,d,38.78
2020-06-14,d,38.63
2020-06-15,d,38.63
2020-06-16,d,38.66
2020-06-17,d,38.59
2020-06-18,d,38.53
2020-06-19,d,38.56
2020-06-20,d,38.66
2020-06-21,d,38.83
2020-06-22,d,38.87
2020-06-23,d,38.89
2020-06-24,d,39.12
2020-06-25,d,39.6
2020-06-26,d,39.75
2020-06-27,d,40.01
2020-06-28,d,40.31
2020-06-29,d,40.6
2020-06-30,d,40.72
2020-07-01,d,40.63
2020-07-02,d,40.55
2020-07-03,d,40.64
2020-07-04,d,40.53
2020-07-05,d,40.35
2020-07-06,d,40.27
2020-07-07,d,40.41
2020-07-08,d,40.61
2020-07-09,d,40.72
2020-07-10,d,40.73
2020-07-11,d,40.84
2020-07-12,d,40.96
2020-07-13,d,41.21
2020-07-14,d,41.28
2020-07-15,d,41.44
2020-07-16,d,41.52
2020-07-17,d,41.64
2020-07-18,d,41.67
2020-07-19,d,41.81
2020-07-20,d,41.86
2020-07-21,d,42.02
2020-07-22,d,42.1
2020-07-23,d,42.39
2020-07-24,d,42.7
2020-07-25,d,43.2
2020-07-26,d,43.6
2020-07-27,d,43.89
2020-07-28,d,44.22
2020-07-29,d,44.6
2020-07-30,d,44.75
2020-07-31,d,44.91
2020-08-01,d,45.07
2020-08-02,d,45.25
2020-08-03,d,45.51
2020-08-04,d,45.59
2020-08-05,d,45.55
2020-08-06,d,45.6
2020-08-07,d,45.75
2020-08-08,d,45.82
2020-08-09,d,45.83
2020-08-10,d,45.82
2020-08-11,d,45.86
2020-08-12,d,46.07
2020-08-13,d,46.32
2020-08-14,d,46.57
2020-08-15,d,46.6
2020-08-16,d,46.81
2020-08-17,d,46.97
2020-08-18,d,47.2
2020-08-19,d,47.46
2020-08-20,d,47.54
2020-08-21,d,47.53
2020-08-22,d,47.7
2020-08-23,d,47.7
2020-08-24,d,47.66
2020-08-25,d,47.85
2020-08-26,d,47.84
2020-08-27,d,47.9
2020-08-28,d,47.88
2020-08-29,d,47.9
2020-08-30,d,47.93
2020-08-31,d,48.11
2020-09-01,d,48.16
2020-09-02,d,48.33
2020-09-03,d,48.54
2020-09-04,d,48.82
2020-09-05,d,48.94
2020-09-06,d,49.06
2020-09-07,d,49.13
2020-09-08,d,49.07
2020-09-09,d,49.06
2020-09-10,d,49.11
2020-09-11,d,49.2
2020-09-12,d,49.37
2020-09-13,d,49.46
2020-09-14,d,49.53
2020-09-15,d,49.66
2020-09-16,d,49.84
2020-09-17,d,49.94
2020-09-18,d,49.8
2020-09-19,d,49.64
2020-09-20,d,49.61
2020-09-21,d,49.37
2020-09-22,d,49.29
2020-09-23,d,49.34
2020-09-24,d,49.35
2020-09-25,d,49.59
2020-09-26,d,49.76
2020-09-27,d,49.96
2020-09-28,d,50.46
2020-09-29,d,50.78
2020-09-30,d,51.06
2020-10-01,d,51.47
2020-10-02,d,51.77
2020-10-03,d,52.08
2020-10-04,d,52.24
2020-10-05,d,52.38
2020-10-06,d,52.48
2020-10-07,d,52.52
2020-10-08,d,52.39
2020-10-09,d,52.36
2020-10-10,d,52.47
2020-10-11,d,52.69
2020-10-12,d,52.73
2020-10-13,d,52.93
2020-10-14,d,52.99
2020-10-15,d,53.35
2020-10-16,d,53.47
2020-10-17,d,53.64
2020-10-18,d,53.91
2020-10-19,d,54.28
2020-10-20,d,54.46
2020-10-21,d,54.61
2020-10-22,d,54.47
2020-10-23,d,54.46
2020-10-24,d,54.4
2020-10-25,d,54.23
2020-10-26,d,54.1
2020-10-27,d,54.05
2020-10-28,d,53.9
2020-10-29,d,53.84
2020-10-30,d,53.91
2020-10-31,d,54.13
2020-11-01,d,54.32
2020-11-02,d,54.46
2020-11-03,d,54.75
2020-11-04,d,55.26
2020-11-05,d,55.72
2020-11-06,d,56.14
2020-11-07,d,56.46
2020-11-08,d,56.88
2020-11-09,d,57.23
2020-11-10,d,57.44
2020-11-11,d,57.58
2020-11-12,d,57.93
2020-11-13,d,58.08
2020-11-14,d,58
2020-11-15,d,58.16
2020-11-16,d,58.67
2020-11-17,d,59.2
2020-11-18,d,59.79
2020-11-19,d,60.25
2020-11-20,d,60.55
2020-11-21,d,61.44
2020-11-22,d,62.2
2020-11-23,d,62.81
2020-11-24,d,63.35
2020-11-25,d,63.95
2020-11-26,d,64.55
2020-11-27,d,65.43
2020-11-28,d,65.98
2020-11-29,d,66.32
2020-11-30,d,66.6
2020-12-01,d,67.02
2020-12-02,d,67.42
2020-12-03,d,67.87
2020-12-04,d,68.26
2020-12-05,d,68.61
2020-12-06,d,68.97
2020-12-07,d,69.35
2020-12-08,d,69.58
2020-12-09,d,69.73
2020-12-10,d,69.76
2020-12-11,d,69.92
2020-12-12,d,69.94
2020-12-13,d,70.19
2020-12-14,d,70.6
2020-12-15,d,70.94
2020-12-16,d,71.21
2020-12-17,d,71.44
2020-12-18,d,71.76
2020-12-19,d,72.13
2020-12-20,d,72.45
2020-12-21,d,72.58
2020-12-22,d,72.79
2020-12-23,d,73.06
2020-12-24,d,73.32
2020-12-25,d,73.52
2020-12-26,d,73.67
2020-12-27,d,73.46
2020-12-28,d,73.65
2020-12-29,d,73.77
2020-12-30,d,73.83
2020-12-31,d,73.86
2021-01-01,d,73.79
2021-01-02,d,73.63
2021-01-03,d,73.64
2021-01-04,d,73.07
2021-01-05,d,72.22
2021-01-06,d,71.57
2021-01-07,d,71.01
2021-01-08,d,70.47
2021-01-09,d,69.92
2021-01-10,d,69.38
2021-01-11,d,68.88
2021-01-12,d,68.71
2021-01-13,d,68.63
2021-01-14,d,68.63
2021-01-15,d,68.69
2021-01-16,d,68.98
2021-01-17,d,69.14
2021-01-18,d,69.33
2021-01-19,d,69.72
2021-01-20,d,69.8
2021-01-21,d,69.5
2021-01-22,d,69.55
2021-01-23,d,69.33
2021-01-24,d,69.59
2021-01-25,d,69.6
2021-01-26,d,69.87
2021-01-27,d,70.24
2021-01-28,d,70.97
2021-01-29,d,71.48
2021-01-30,d,72.12
2021-01-31,d,72.52
2021-02-01,d,73.32
2021-02-02,d,73.76
2021-02-03,d,74.24
2021-02-04,d,74.42
2021-02-05,d,74.43
2021-02-06,d,74.44
2021-02-07,d,74.41
2021-02-08,d,74.31
2021-02-09,d,74.26
2021-02-10,d,74.21
2021-02-11,d,74.37
2021-02-12,d,74.69
2021-02-13,d,75.12
2021-02-14,d,75.55
2021-02-15,d,75.93
2021-02-16,d,76.26
2021-02-17,d,76.65
2021-02-18,d,76.54
2021-02-19,d,76.4
2021-02-20,d,75.81
2021-02-21,d,75.58
2021-02-22,d,75.54
2021-02-23,d,75.3
2021-02-24,d,75.02
2021-02-25,d,75.15
2021-02-26,d,75.06
2021-02-27,d,75.09
2021-02-28,d,75.14
2021-03-01,d,74.94
2021-03-02,d,75.3
2021-03-03,d,75.7
2021-03-04,d,76.26
2021-03-05,d,76.96
2021-03-06,d,78.03
2021-03-07,d,78.76
2021-03-08,d,79.59
2021-03-09,d,79.96
2021-03-10,d,80.37
2021-03-11,d,80.64
2021-03-12,d,81.08
2021-03-13,d,81.49
2021-03-14,d,81.97
2021-03-15,d,82.33
2021-03-16,d,82.93
2021-03-17,d,83.39
2021-03-18,d,83.97
2021-03-19,d,84.3
2021-03-20,d,84.69
2021-03-21,d,84.4
2021-03-22,d,84.03
2021-03-23,d,83.44
2021-03-24,d,83.1
2021-03-25,d,82.89
2021-03-26,d,82.6
2021-03-27,d,82.4
2021-03-28,d,82.63
2021-03-29,d,83.03
2021-03-30,d,83.51
2021-03-31,d,83.81
2021-04-01,d,84.04
2021-04-02,d,84.37
2021-04-03,d,84.51
2021-04-04,d,84.86
2021-04-05,d,85.28
2021-04-06,d,85.55
2021-04-07,d,85.54
2021-04-08,d,85.46
2021-04-09,d,85.29
2021-04-10,d,84.9
2021-04-11,d,84.84
2021-04-12,d,84.89
2021-04-13,d,85.16
2021-04-14,d,85.63
2021-04-15,d,86.04
2021-04-16,d,86.75
2021-04-17,d,87.74
2021-04-18,d,88.37
2021-04-19,d,88.91
2021-04-20,d,89.42
2021-04-21,d,90.03
2021-04-22,d,90.67
2021-04-23,d,91.23
2021-04-24,d,91.78
2021-04-25,d,92.3
2021-04-26,d,92.75
2021-04-27,d,93.08
2021-04-28,d,93.34
2021-04-29,d,93.68
2021-04-30,d,93.93
2021-05-01,d,94.08
2021-05-02,d,94.3
2021-05-03,d,94.62
2021-05-04,d,94.89
2021-05-05,d,95.15
2021-05-06,d,95.32
2021-05-07,d,95.55
2021-05-08,d,96.08
2021-05-09,d,96.53
2021-05-10,d,96.94
2021-05-11,d,97.47
2021-05-12,d,98.07
2021-05-13,d,98.62
2021-05-14,d,99.17
2021-05-15,d,99.46
2021-05-16,d,99.74
2021-05-17,d,100.02
2021-05-18,d,100.41
2021-05-19,d,100.82
2021-05-20,d,101.37
2021-05-21,d,101.76
2021-05-22,d,101.75
2021-05-23,d,102.03
2021-05-24,d,102.29
2021-05-25,d,102.41
2021-05-26,d,102.27
2021-05-27,d,102.04
2021-05-28,d,102.07
2021-05-29,d,102.53
2021-05-30,d,102.84
2021-05-31,d,103.21
2021-06-01,d,103.63
2021-06-02,d,104.24
2021-06-03,d,104.9
2021-06-04,d,105.42
2021-06-05,d,105.94
2021-06-06,d,106.44
2021-06-07,d,106.97
2021-06-08,d,107.25
2021-06-09,d,107.57
2021-06-10,d,107.9
2021-06-11,d,108.27
2021-06-12,d,108.53
2021-06-13,d,108.96
2021-06-14,d,109.2
2021-06-15,d,109.8
2021-06-16,d,110.3
2021-06-17,d,110.86
2021-06-18,d,111.46
2021-06-19,d,112.12
2021-06-20,d,112.47
2021-06-21,d,112.94
2021-06-22,d,113.15
2021-06-23,d,113.53
2021-06-24,d,113.85
2021-06-25,d,114.13
2021-06-26,d,114.43
2021-06-27,d,114.82
2021-06-28,d,115.28
2021-06-29,d,115.87
2021-06-30,d,116.35
2021-07-01,d,116.84
2021-07-02,d,117.18
2021-07-03,d,117.43
2021-07-04,d,117.75
2021-07-05,d,117.97
2021-07-06,d,118.18
2021-07-07,d,118.43
2021-07-08,d,118.53
2021-07-09,d,118.65
2021-07-10,d,118.85
2021-07-11,d,119.06
2021-07-12,d,119.34
2021-07-13,d,119.51
2021-07-14,d,119.7
2021-07-15,d,120.03
2021-07-16,d,120.49
2021-07-17,d,120.73
2021-07-18,d,121.15
2021-07-19,d,121.49
2021-07-20,d,122.01
2021-07-21,d,122.47
2021-07-22,d,122.9
2021-07-23,d,123.43
2021-07-24,d,124.16
2021-07-25,d,124.86
2021-07-26,d,125.54
2021-07-27,d,126.22
2021-07-28,d,126.87
2021-07-29,d,127.57
2021-07-30,d,127.9
2021-07-31,d,128.43
2021-08-01,d,128.59
2021-08-02,d,128.88
2021-08-03,d,128.86
2021-08-04,d,128.81
2021-08-05,d,128.69
2021-08-06,d,128.97
2021-08-07,d,128.79
2021-08-08,d,129.06
2021-08-09,d,129.22
2021-08-10,d,129.75
2021-08-11,d,130.36
2021-08-12,d,131.09
2021-08-13,d,131.87
2021-08-14,d,133.04
2021-08-15,d,133.92
2021-08-16,d,134.81
2021-08-17,d,135.66
2021-08-18,d,136.42
2021-08-19,d,137.38
2021-08-20,d,138
2021-08-21,d,138.58
2021-08-22,d,139.26
2021-08-23,d,139.71
2021-08-24,d,139.74
2021-08-25,d,140.31
2021-08-26,d,140.66
2021-08-27,d,141.23
2021-08-28,d,141.56
2021-08-29,d,141.97
2021-08-30,d,142.58
2021-08-31,d,143.46
2021-09-01,d,143.89
2021-09-02,d,144.3
2021-09-03,d,144.58
2021-09-04,d,144.66
2021-09-05,d,145.22
2021-09-06,d,145.67
2021-09-07,d,146.36
2021-09-08,d,146.85
2021-09-09,d,147.36
2021-09-10,d,147.96
2021-09-11,d,149.09
2021-09-12,d,149.63
2021-09-13,d,150.18
2021-09-14,d,150.32
2021-09-15,d,150.6
2021-09-16,d,150.96
2021-09-17,d,151.29
2021-09-18,d,151.44
2021-09-19,d,151.55
2021-09-20,d,151.8
2021-09-21,d,152.2
2021-09-22,d,152.64
2021-09-23,d,152.89
2021-09-24,d,153.02
2021-09-25,d,153.22
2021-09-26,d,153.37
2021-09-27,d,153.4
2021-09-28,d,153.68
2021-09-29,d,153.79
2021-09-30,d,153.99
2021-10-01,d,154.28
2021-10-02,d,154.55
2021-10-03,d,154.81
2021-10-04,d,155.02
2021-10-05,d,155.13
2021-10-06,d,155.39
2021-10-07,d,155.8
2021-10-08,d,156.25
2021-10-09,d,156.83
2021-10-10,d,157.37
2021-10-11,d,157.93
2021-10-12,d,157.99
2021-10-13,d,158.46
2021-10-14,d,158.53
2021-10-15,d,158.8
2021-10-16,d,158.38
2021-10-17,d,158.49
2021-10-18,d,158.85
2021-10-19,d,159.74
2021-10-20,d,160.17
2021-10-21,d,160.95
2021-10-22,d,161.37
2021-10-23,d,162.25
2021-10-24,d,162.57
2021-10-25,d,162.9
2021-10-26,d,162.78
2021-10-27,d,162.73
2021-10-28,d,162.59
2021-10-29,d,162.53
2021-10-30,d,162.67
2021-10-31,d,162.96
2021-11-01,d,162.92
2021-11-02,d,163.22
2021-11-03,d,163.63
2021-11-04,d,164.17
2021-11-05,d,164.87
2021-11-06,d,165.42
2021-11-07,d,165.81
2021-11-08,d,166.35
2021-11-09,d,166.91
2021-11-10,d,167.44
2021-11-11,d,167.96
2021-11-12,d,168.09
2021-11-13,d,168.26
2021-11-14,d,168.52
2021-11-15,d,168.98
2021-11-16,d,169.53
2021-11-17,d,169.91
2021-11-18,d,169.97
2021-11-19,d,170
2021-11-20,d,169.83
2021-11-21,d,169.98
2021-11-22,d,170.1
2021-11-23,d,169.79
2021-11-24,d,169.42
2021-11-25,d,169.17
2021-11-26,d,169.03
2021-11-27,d,169.18
2021-11-28,d,168.66
2021-11-29,d,167.94
2021-11-30,d,167.53
2021-12-01,d,166.79
2021-12-02,d,166.14
2021-12-03,d,165.65
2021-12-04,d,165.17
2021-12-05,d,164.77
2021-12-06,d,164.44
2021-12-07,d,163.95
2021-12-08,d,163.57
2021-12-09,d,163.31
2021-12-10,d,162.97
2021-12-11,d,162.29
2021-12-12,d,162.24
2021-12-13,d,162.2
2021-12-14,d,162.29
2021-12-15,d,162.34
2021-12-16,d,162.18
2021-12-17,d,161.96
2021-12-18,d,162.12
2021-12-19,d,161.75
2021-12-20,d,161.48
2021-12-21,d,160.97
2021-12-22,d,160.67
2021-12-23,d,160.35
2021-12-24,d,160.07
2021-12-25,d,159.84
2021-12-26,d,159.49
2021-12-27,d,159.53
2021-12-28,d,159.58
2021-12-29,d,159.58
2021-12-30,d,159.57
2021-12-31,d,159.51
2022-01-01,d,159.39
2022-01-02,d,159.25
2022-01-03,d,158.74
2022-01-04,d,158.17
2022-01-05,d,157.63
2022-01-06,d,157.14
2022-01-07,d,157.15
2022-01-08,d,156.87
2022-01-09,d,156.79
2022-01-10,d,156.61
2022-01-11,d,156.64
2022-01-12,d,157.1
2022-01-13,d,157.81
2022-01-14,d,158.23
2022-01-15,d,159.22
2022-01-16,d,160.01
2022-01-17,d,160.79
2022-01-18,d,161.7
2022-01-19,d,162.56
2022-01-20,d,163.01
2022-01-21,d,163.48
2022-01-22,d,163.46
2022-01-23,d,163.59
2022-01-24,d,163.83
2022-01-25,d,164.11
2022-01-26,d,163.95
2022-01-27,d,164.24
2022-01-28,d,164.74
2022-01-29,d,165.61
2022-01-30,d,166.62
2022-01-31,d,167.57
2022-02-01,d,168.22
2022-02-02,d,169.18
2022-02-03,d,170.08
2022-02-04,d,170.72
2022-02-05,d,171.32
2022-02-06,d,171.88
2022-02-07,d,172.5
2022-02-08,d,173.22
2022-02-09,d,173.89
2022-02-10,d,174.5
2022-02-11,d,175.22
2022-02-12,d,176.12
2022-02-13,d,176.76
2022-02-14,d,177.17
2022-02-15,d,177.68
2022-02-16,d,178.21
2022-02-17,d,178.7
2022-02-18,d,178.95
2022-02-19,d,178.51
2022-02-20,d,178.42
2022-02-21,d,178.43
2022-02-22,d,178.6
2022-02-23,d,178.62
2022-02-24,d,178.5
2022-02-25,d,178.26
2022-02-26,d,178.42
2022-02-27,d,178.18
2022-02-28,d,178.17
2022-03-01,d,177.98
2022-03-02,d,178.08
2022-03-03,d,178.3
2022-03-04,d,178.7
2022-03-05,d,179.06
2022-03-06,d,179.87
2022-03-07,d,180.2
2022-03-08,d,180.5
2022-03-09,d,180.79
2022-03-10,d,180.82
2022-03-11,d,180.86
2022-03-12,d,180.53
2022-03-13,d,180.01
2022-03-14,d,179.92
2022-03-15,d,180.09
2022-03-16,d,180.02
2022-03-17,d,180.38
2022-03-18,d,180.72
2022-03-19,d,181.17
2022-03-20,d,182.07
2022-03-21,d,182.81
2022-03-22,d,182.57
2022-03-23,d,182.55
2022-03-24,d,182.54
2022-03-25,d,182.73
2022-03-26,d,183.13
2022-03-27,d,183.21
2022-03-28,d,183.23
2022-03-29,d,183.99
2022-03-30,d,184.61
2022-03-31,d,185.26
2022-04-01,d,185.79
2022-04-02,d,186.45
2022-04-03,d,186.99
2022-04-04,d,187.47
2022-04-05,d,187.84
2022-04-06,d,188.26
2022-04-07,d,187.94
2022-04-08,d,187.76
2022-04-09,d,187.19
2022-04-10,d,186.33
2022-04-11,d,185.67
2022-04-12,d,185.37
2022-04-13,d,184.98
2022-04-14,d,185.03
2022-04-15,d,184.79
2022-04-16,d,185.13
2022-04-17,d,185.5
2022-04-18,d,185.85
2022-04-19,d,185.78
2022-04-20,d,185.82
2022-04-21,d,185.76
2022-04-22,d,185.78
2022-04-23,d,185.83
2022-04-24,d,185.8
2022-04-25,d,185.71
2022-04-26,d,185.74
2022-04-27,d,184.47
2022-04-28,d,184.58
2022-04-29,d,184.65
2022-04-30,d,184.4
2022-05-01,d,184.47
2022-05-02,d,184.6
2022-05-03,d,184.4
2022-05-04,d,185.55
2022-05-05,d,185.49
2022-05-06,d,185.53
2022-05-07,d,185.64
2022-05-08,d,186.01
2022-05-09,d,186.2
2022-05-10,d,186.65
2022-05-11,d,187.12
2022-05-12,d,187.59
2022-05-13,d,187.65
2022-05-14,d,187.61
2022-05-15,d,187.15
2022-05-16,d,186.91
2022-05-17,d,186.82
2022-05-18,d,186.74
2022-05-19,d,186.57
2022-05-20,d,186.69
2022-05-21,d,186.32
2022-05-22,d,186.54
2022-05-23,d,186.42
2022-05-24,d,186.24
2022-05-25,d,185.91
2022-05-26,d,185.4
2022-05-27,d,184.92
2022-05-28,d,185.12
2022-05-29,d,184.76
2022-05-30,d,184.37
2022-05-31,d,184.36
2022-06-01,d,184.2
2022-06-02,d,184.05
2022-06-03,d,184.05
2022-06-04,d,183.65
2022-06-05,d,183.35
2022-06-06,d,183.34
2022-06-07,d,182.57
2022-06-08,d,181.94
2022-06-09,d,181.4
2022-06-10,d,180.86
2022-06-11,d,180.34
2022-06-12,d,179.74
2022-06-13,d,179.12
2022-06-14,d,179.11
2022-06-15,d,178.95
2022-06-16,d,178.76
2022-06-17,d,178.55
2022-06-18,d,178.44
2022-06-19,d,178.42
2022-06-20,d,178.36
2022-06-21,d,178.12
2022-06-22,d,178.14
2022-06-23,d,178.26
2022-06-24,d,178.18
2022-06-25,d,177.81
2022-06-26,d,177.5
2022-06-27,d,177.25
2022-06-28,d,177.06
2022-06-29,d,176.68
2022-06-30,d,176.31
2022-07-01,d,175.81
2022-07-02,d,175.69
2022-07-03,d,175.48
2022-07-04,d,175.2
2022-07-05,d,174.84
2022-07-06,d,174.39
2022-07-07,d,173.81
2022-07-08,d,173.66
2022-07-09,d,173.56
2022-07-10,d,173.36
2022-07-11,d,173.25
2022-07-12,d,173.13
2022-07-13,d,173.18
2022-07-14,d,173.34
2022-07-15,d,173.34
2022-07-16,d,173.17
2022-07-17,d,173.28
2022-07-18,d,173.39
2022-07-19,d,173.54
2022-07-20,d,173.56
2022-07-21,d,173.51
2022-07-22,d,173.45
2022-07-23,d,173.22
2022-07-24,d,173.09
2022-07-25,d,172.82
2022-07-26,d,172.53
2022-07-27,d,172.28
2022-07-28,d,171.95
2022-07-29,d,171.47
2022-07-30,d,171.39
2022-07-31,d,171.04
2022-08-01,d,170.92
2022-08-02,d,170.36
2022-08-03,d,169.86
2022-08-04,d,169.49
2022-08-05,d,169.35
2022-08-06,d,169.11
2022-08-07,d,168.97
2022-08-08,d,168.7
2022-08-09,d,168.84
2022-08-10,d,168.56
2022-08-11,d,168.63
2022-08-12,d,168.62
2022-08-13,d,168.45
2022-08-14,d,168.49
2022-08-15,d,168.48
2022-08-16,d,168.46
2022-08-17,d,168.91
2022-08-18,d,168.96
2022-08-19,d,168.96
2022-08-20,d,169.03
2022-08-21,d,168.82
2022-08-22,d,168.59
2022-08-23,d,168.33
2022-08-24,d,167.94
2022-08-25,d,167.67
2022-08-26,d,167.49
2022-08-27,d,167.47
2022-08-28,d,167.47
2022-08-29,d,167.46
2022-08-30,d,167.44
2022-08-31,d,167.65
2022-09-01,d,167.77
2022-09-02,d,167.8
2022-09-03,d,167.92
2022-09-04,d,167.89
2022-09-05,d,167.89
2022-09-06,d,167.79
2022-09-07,d,167.47
2022-09-08,d,167.39
2022-09-09,d,167.11
2022-09-10,d,166.77
2022-09-11,d,166.34
2022-09-12,d,165.97
2022-09-13,d,165.73
2022-09-14,d,165.41
2022-09-15,d,164.93
2022-09-16,d,164.63
2022-09-17,d,164.13
2022-09-18,d,163.84
2022-09-19,d,163.42
2022-09-20,d,162.88
2022-09-21,d,162.63
2022-09-22,d,162.54
2022-09-23,d,162.6
2022-09-24,d,162.9
2022-09-25,d,163.23
2022-09-26,d,163.65
2022-09-27,d,164.31
2022-09-28,d,164.35
2022-09-29,d,164.63
2022-09-30,d,164.86
2022-10-01,d,164.84
2022-10-02,d,164.77
2022-10-03,d,164.67
2022-10-04,d,164.34
2022-10-05,d,164.32
2022-10-06,d,164.21
2022-10-07,d,163.93
2022-10-08,d,163.77
2022-10-09,d,163.64
2022-10-10,d,163.46
2022-10-11,d,163.47
2022-10-12,d,163.6
2022-10-13,d,163.49
2022-10-14,d,163.39
2022-10-15,d,163.34
2022-10-16,d,163.4
2022-10-17,d,163.48
2022-10-18,d,163.74
2022-10-19,d,163.87
2022-10-20,d,163.97
2022-10-21,d,163.96
2022-10-22,d,163.27
2022-10-23,d,163.06
2022-10-24,d,162.86
2022-10-25,d,162.58
2022-10-26,d,162.51
2022-10-27,d,162.42
2022-10-28,d,162.39
2022-10-29,d,162.99
2022-10-30,d,163.21
2022-10-31,d,163.79
2022-11-01,d,163.65
2022-11-02,d,163.51
2022-11-03,d,163.58
2022-11-04,d,163.75
2022-11-05,d,163.79
2022-11-06,d,163.5
2022-11-07,d,162.96
2022-11-08,d,163.03
2022-11-09,d,162.94
2022-11-10,d,162.6
2022-11-11,d,162.31
2022-11-12,d,162.5
2022-11-13,d,162.35
2022-11-14,d,161.98
2022-11-15,d,161.72
2022-11-16,d,161.74
2022-11-17,d,161.93
2022-11-18,d,161.91
2022-11-19,d,161.39
2022-11-20,d,161.25
2022-11-21,d,161.34
2022-11-22,d,161.48
2022-11-23,d,161.47
2022-11-24,d,161.26
2022-11-25,d,161.18
2022-11-26,d,161.33
2022-11-27,d,161.29
2022-11-28,d,161.07
2022-11-29,d,159.69
2022-11-30,d,159.15
2022-12-01,d,158.49
2022-12-02,d,157.7
2022-12-03,d,156.74
2022-12-04,d,156.03
2022-12-05,d,155.42
2022-12-06,d,155.76
2022-12-07,d,155.09
2022-12-08,d,154.56
2022-12-09,d,154.31
2022-12-10,d,154.1
2022-12-11,d,153.97
2022-12-12,d,153.97
2022-12-13,d,154.03
2022-12-14,d,153.48
2022-12-15,d,152.82
2022-12-16,d,151.92
2022-12-17,d,150.75
2022-12-18,d,149.49
2022-12-19,d,148.12
2022-12-20,d,146.56
2022-12-21,d,145.8
2022-12-22,d,144.97
2022-12-23,d,144.32
2022-12-24,d,144.14
2022-12-25,d,143.89
2022-12-26,d,143.9
2022-12-27,d,144.06
2022-12-28,d,144.01
2022-12-29,d,144.12
2022-12-30,d,144.1
2022-12-31,d,143.94
2023-01-01,d,143.71
2023-01-02,d,143.45
2023-01-03,d,142.82
2023-01-04,d,142.25
2023-01-05,d,141.88
2023-01-06,d,141.77
2023-01-07,d,141.73
2023-01-08,d,141.69
2023-01-09,d,141.28
2023-01-10,d,141.22
2023-01-11,d,141.37
2023-01-12,d,141.41
2023-01-13,d,141.6
2023-01-14,d,141.28
2023-01-15,d,141.28
2023-01-16,d,141.39
2023-01-17,d,141.5
2023-01-18,d,141.48
2023-01-19,d,141.26
2023-01-20,d,140.67
2023-01-21,d,140.46
2023-01-22,d,140
2023-01-23,d,139.34
2023-01-24,d,138.99
2023-01-25,d,138.52
2023-01-26,d,138.23
2023-01-27,d,137.96
2023-01-28,d,137.86
2023-01-29,d,137.72
2023-01-30,d,137.79
2023-01-31,d,137.61
2023-02-01,d,137.3
2023-02-02,d,137
2023-02-03,d,136.68
2023-02-04,d,136.36
2023-02-05,d,135.9
2023-02-06,d,135.75
2023-02-07,d,135.34
2023-02-08,d,134.68
2023-02-09,d,134.28
2023-02-10,d,133.94
2023-02-11,d,133.59
2023-02-12,d,133.4
2023-02-13,d,132.95
2023-02-14,d,132.8
2023-02-15,d,133.15
2023-02-16,d,133.21
2023-02-17,d,133.41
2023-02-18,d,132.6
2023-02-19,d,132.55
2023-02-20,d,132.37
2023-02-21,d,132.21
2023-02-22,d,132.21
2023-02-23,d,132.33
2023-02-24,d,131.76
2023-02-25,d,132.17
2023-02-26,d,131.78
2023-02-27,d,131.41
2023-02-28,d,130.96
2023-03-01,d,130.28
2023-03-02,d,129.46
2023-03-03,d,129.14
2023-03-04,d,128.63
2023-03-05,d,128.44
2023-03-06,d,128.34
2023-03-07,d,128.09
2023-03-08,d,127.77
2023-03-09,d,127.64
2023-03-10,d,127.92
2023-03-11,d,128.44
2023-03-12,d,128.65
2023-03-13,d,128.86
2023-03-14,d,129.12
2023-03-15,d,129.53
2023-03-16,d,129.77
2023-03-17,d,129.69
2023-03-18,d,129.28
2023-03-19,d,129.03
2023-03-20,d,128.81
2023-03-21,d,128.64
2023-03-22,d,128.36
2023-03-23,d,128.09
2023-03-24,d,127.83
2023-03-25,d,127.8
2023-03-26,d,127.8
2023-03-27,d,127.72
2023-03-28,d,127.65
2023-03-29,d,127.5
2023-03-30,d,127.42
2023-03-31,d,127.18
2023-04-01,d,126.92
2023-04-02,d,126.61
2023-04-03,d,126.29
2023-04-04,d,126.1
2023-04-05,d,126.2
2023-04-06,d,126.25
2023-04-07,d,126.22
2023-04-08,d,126.19
2023-04-09,d,126.06
2023-04-10,d,126.09
2023-04-11,d,125.92
2023-04-12,d,125.53
2023-04-13,d,125.06
2023-04-14,d,124.89
2023-04-15,d,123.99
2023-04-16,d,123.85
2023-04-17,d,123.57
2023-04-18,d,123.48
2023-04-19,d,123.56
2023-04-20,d,123.68
2023-04-21,d,123.8
2023-04-22,d,124.71
2023-04-23,d,124.98
2023-04-24,d,125.29
2023-04-25,d,125.62
2023-04-26,d,125.82
2023-04-27,d,126.09
2023-04-28,d,126.49
2023-04-29,d,126.68
2023-04-30,d,126.76
2023-05-01,d,127.03
2023-05-02,d,126.9
2023-05-03,d,126.58
2023-05-04,d,125.82
2023-05-05,d,125.24
2023-05-06,d,124.8
2023-05-07,d,124.48
2023-05-08,d,123.87
2023-05-09,d,123.6
2023-05-10,d,123.58
2023-05-11,d,123.97
2023-05-12,d,123.98
2023-05-13,d,124.05
2023-05-14,d,124.01
2023-05-15,d,123.95
2023-05-16,d,123.86
2023-05-17,d,123.77
2023-05-18,d,123.62
2023-05-19,d,123.54
2023-05-20,d,123.2
2023-05-21,d,122.76
2023-05-22,d,122.38
2023-05-23,d,121.9
2023-05-24,d,121.46
2023-05-25,d,120.98
2023-05-26,d,120.47
2023-05-27,d,120.19
2023-05-28,d,120.13
2023-05-29,d,120.07
2023-05-30,d,120.08
2023-05-31,d,119.79
2023-06-01,d,119.71
2023-06-02,d,119.5
2023-06-03,d,119.23
2023-06-04,d,118.81
2023-06-05,d,118.64
2023-06-06,d,118.3
2023-06-07,d,118.12
2023-06-08,d,118.03
2023-06-09,d,118.11
2023-06-10,d,118.22
2023-06-11,d,118.31
2023-06-12,d,118.32
2023-06-13,d,118.51
2023-06-14,d,118.78
2023-06-15,d,118.76
2023-06-16,d,118.67
2023-06-17,d,118.46
2023-06-18,d,118.48
2023-06-19,d,118.35
2023-06-20,d,118.29
2023-06-21,d,118.09
2023-06-22,d,117.99
2023-06-23,d,117.78
2023-06-24,d,117.69
2023-06-25,d,117.58
2023-06-26,d,117.39
2023-06-27,d,117.29
2023-06-28,d,117.23
2023-06-29,d,117.07
2023-06-30,d,116.95
2023-07-01,d,116.94
2023-07-02,d,116.81
2023-07-03,d,116.72
2023-07-04,d,116.56
2023-07-05,d,116.48
2023-07-06,d,116.35
2023-07-07,d,116.19
2023-07-08,d,115.87
2023-07-09,d,115.59
2023-07-10,d,115.36
2023-07-11,d,114.91
2023-07-12,d,114.37
2023-07-13,d,114.13
2023-07-14,d,113.98
2023-07-15,d,113.8
2023-07-16,d,113.68
2023-07-17,d,113.66
2023-07-18,d,113.55
2023-07-19,d,113.55
2023-07-20,d,113.35
2023-07-21,d,113.05
2023-07-22,d,112.26
2023-07-23,d,112.12
2023-07-24,d,111.78
2023-07-25,d,111.71
2023-07-26,d,111.71
2023-07-27,d,111.82
2023-07-28,d,112
2023-07-29,d,112.72
2023-07-30,d,112.69
2023-07-31,d,112.84
2023-08-01,d,112.98
2023-08-02,d,113.12
2023-08-03,d,113.18
2023-08-04,d,113.36
2023-08-05,d,113.51
2023-08-06,d,113.7
2023-08-07,d,114.03
2023-08-08,d,114.03
2023-08-09,d,113.99
2023-08-10,d,114
2023-08-11,d,113.72
2023-08-12,d,113.43
2023-08-13,d,113.31
2023-08-14,d,112.63
2023-08-15,d,112.32
2023-08-16,d,112
2023-08-17,d,111.61
2023-08-18,d,111.47
2023-08-19,d,111.34
2023-08-20,d,111.04
2023-08-21,d,111.19
2023-08-22,d,111.27
2023-08-23,d,111.44
2023-08-24,d,111.54
2023-08-25,d,111.67
2023-08-26,d,111.7
2023-08-27,d,111.72
2023-08-28,d,111.65
2023-08-29,d,111.6
2023-08-30,d,111.29
2023-08-31,d,111.06
2023-09-01,d,110.66
2023-09-02,d,110.42
2023-09-03,d,110.14
2023-09-04,d,109.81
2023-09-05,d,109.71
2023-09-06,d,109.8
2023-09-07,d,110
2023-09-08,d,110.24
2023-09-09,d,110.56
2023-09-10,d,110.87
2023-09-11,d,111.33
2023-09-12,d,111.58
2023-09-13,d,111.69
2023-09-14,d,111.77
2023-09-15,d,111.99
2023-09-16,d,112.04
2023-09-17,d,112.11
2023-09-18,d,112.05
2023-09-19,d,112.06
2023-09-20,d,112.2
2023-09-21,d,112.26
2023-09-22,d,112.16
2023-09-23,d,111.97
2023-09-24,d,111.75
2023-09-25,d,111.57
2023-09-26,d,111.34
2023-09-27,d,111.18
2023-09-28,d,111.05
2023-09-29,d,110.74
2023-09-30,d,110.36
2023-10-01,d,110.29
2023-10-02,d,110.16
2023-10-03,d,110.14
2023-10-04,d,110.08
2023-10-05,d,109.94
2023-10-06,d,109.97
2023-10-07,d,110.23
2023-10-08,d,110.24
2023-10-09,d,110.25
2023-10-10,d,110.09
2023-10-11,d,109.92
2023-10-12,d,109.77
2023-10-13,d,109.76
2023-10-14,d,109.66
2023-10-15,d,109.62
2023-10-16,d,109.54
2023-10-17,d,109.31
2023-10-18,d,108.88
2023-10-19,d,108.71
2023-10-20,d,108.38
2023-10-21,d,107.84
2023-10-22,d,107.58
2023-10-23,d,107.26
2023-10-24,d,107.18
2023-10-25,d,107.32
2023-10-26,d,107.14
2023-10-27,d,107.13
2023-10-28,d,107.42
2023-10-29,d,107.49
2023-10-30,d,107.89
2023-10-31,d,108.02
2023-11-01,d,107.96
2023-11-02,d,107.86
2023-11-03,d,107.72
2023-11-04,d,107.45
2023-11-05,d,107.03
2023-11-06,d,106.46
2023-11-07,d,106.03
2023-11-08,d,105.62
2023-11-09,d,105.44
2023-11-10,d,105.24
2023-11-11,d,105.1
2023-11-12,d,105.03
2023-11-13,d,104.82
2023-11-14,d,104.62
2023-11-15,d,104.36
2023-11-16,d,104.22
2023-11-17,d,103.98
2023-11-18,d,103.43
2023-11-19,d,103.01
2023-11-20,d,102.72
2023-11-21,d,102.66
2023-11-22,d,102.8
2023-11-23,d,102.7
2023-11-24,d,102.57
2023-11-25,d,102.74
2023-11-26,d,102.75
2023-11-27,d,102.69
2023-11-28,d,102.37
2023-11-29,d,102.05
2023-11-30,d,101.67
2023-12-01,d,101.14
2023-12-02,d,100.8
2023-12-03,d,100.49
2023-12-04,d,100.37
2023-12-05,d,100.19
2023-12-06,d,100.12
2023-12-07,d,100.18
2023-12-08,d,100.54
2023-12-09,d,100.46
2023-12-10,d,100.66
2023-12-11,d,100.78
2023-12-12,d,101.03
2023-12-13,d,101.18
2023-12-14,d,101.43
2023-12-15,d,101.57
2023-12-16,d,101.92
2023-12-17,d,102.04
2023-12-18,d,102.27
2023-12-19,d,102.34
2023-12-20,d,102.36
2023-12-21,d,102.23
2023-12-22,d,102.13
2023-12-23,d,102
2023-12-24,d,101.92
2023-12-25,d,101.97
2023-12-26,d,102.14
2023-12-27,d,102.22
2023-12-28,d,102.29
2023-12-29,d,102.41
2023-12-30,d,102.53
2023-12-31,d,102.53
2024-01-01,d,102.53
2024-01-02,d,102.43
2024-01-03,d,102.49
2024-01-04,d,102.64
2024-01-05,d,102.77
2024-01-06,d,102.98
2024-01-07,d,103.2
2024-01-08,d,103.04
2024-01-09,d,103.08
2024-01-10,d,102.98
2024-01-11,d,102.84
2024-01-12,d,102.69
2024-01-13,d,102.37
2024-01-14,d,102.28
2024-01-15,d,102.29
2024-01-16,d,102.21
2024-01-17,d,102.21
2024-01-18,d,102.09
2024-01-19,d,102.08
2024-01-20,d,102.24
2024-01-21,d,102.17
2024-01-22,d,102.14
2024-01-23,d,102.09
2024-01-24,d,101.72
2024-01-25,d,101.72
2024-01-26,d,101.51
2024-01-27,d,101.44
2024-01-28,d,101.36
2024-01-29,d,101.23
2024-01-30,d,101.13
2024-01-31,d,101.35
2024-02-01,d,101.36
2024-02-02,d,101.46
2024-02-03,d,101.62
2024-02-04,d,101.73
2024-02-05,d,101.99
2024-02-06,d,102.04
2024-02-07,d,101.96
2024-02-08,d,102
2024-02-09,d,102.03
2024-02-10,d,101.89
2024-02-11,d,101.81
2024-02-12,d,101.64
2024-02-13,d,101.64
2024-02-14,d,101.59
2024-02-15,d,101.7
2024-02-16,d,101.78
2024-02-17,d,101.5
2024-02-18,d,101.58
2024-02-19,d,101.72
2024-02-20,d,101.79
2024-02-21,d,102.07
2024-02-22,d,102.09
2024-02-23,d,102.18
2024-02-24,d,102.7
2024-02-25,d,102.79
2024-02-26,d,102.77
2024-02-27,d,102.77
2024-02-28,d,102.64
2024-02-29,d,102.63
2024-03-01,d,102.6
2024-03-02,d,102.37
2024-03-03,d,102.31
2024-03-04,d,102.25
2024-03-05,d,102.35
2024-03-06,d,102.36
2024-03-07,d,102.18
2024-03-08,d,101.99
2024-03-09,d,101.98
2024-03-10,d,101.73
2024-03-11,d,101.59
2024-03-12,d,101.25
2024-03-13,d,101.19
2024-03-14,d,101.11
2024-03-15,d,101.13
2024-03-16,d,100.96
2024-03-17,d,101.1
2024-03-18,d,101.4
2024-03-19,d,101.55
2024-03-20,d,101.44
2024-03-21,d,101.36
2024-03-22,d,101.19
2024-03-23,d,101.16
2024-03-24,d,101
2024-03-25,d,100.48
2024-03-26,d,100.14
2024-03-27,d,100.01
2024-03-28,d,99.73
2024-03-29,d,99.6
2024-03-30,d,99.35
2024-03-31,d,99.06
2024-04-01,d,98.95
2024-04-02,d,98.82
2024-04-03,d,98.55
2024-04-04,d,98.37
2024-04-05,d,98.05
2024-04-06,d,97.84
2024-04-07,d,97.67
2024-04-08,d,97.44
2024-04-09,d,97.31
2024-04-10,d,97.21
2024-04-11,d,97.27
2024-04-12,d,97.34
2024-04-13,d,97.41
2024-04-14,d,97.48
2024-04-15,d,97.47
2024-04-16,d,97.57
2024-04-17,d,97.71
2024-04-18,d,97.76
2024-04-19,d,97.76
2024-04-20,d,97.63
2024-04-21,d,97.64
2024-04-22,d,97.69
2024-04-23,d,97.66
2024-04-24,d,97.54
2024-04-25,d,97.45
2024-04-26,d,97.48
2024-04-27,d,97.63
2024-04-28,d,97.6
2024-04-29,d,97.61
2024-04-30,d,97.64
2024-05-01,d,97.78
2024-05-02,d,97.94
2024-05-03,d,98.09
2024-05-04,d,98.35
2024-05-05,d,98.56
2024-05-06,d,98.91
2024-05-07,d,98.94
2024-05-08,d,98.83
2024-05-09,d,98.64
2024-05-10,d,98.38
2024-05-11,d,98.02
2024-05-12,d,97.7
2024-05-13,d,97.22
2024-05-14,d,97.03
2024-05-15,d,96.94
2024-05-16,d,96.91
2024-05-17,d,96.87
2024-05-18,d,96.46
2024-05-19,d,95.95
2024-05-20,d,95.47
2024-05-21,d,94.98
2024-05-22,d,95.16
2024-05-23,d,95.23
2024-05-24,d,95.14
2024-05-25,d,95.48
2024-05-26,d,95.92
2024-05-27,d,96.31
2024-05-28,d,96.63
2024-05-29,d,96.23
2024-05-30,d,95.83
2024-05-31,d,95.55
2024-06-01,d,95.05
2024-06-02,d,94.52
2024-06-03,d,94.18
2024-06-04,d,93.72
2024-06-05,d,93.36
2024-06-06,d,92.94
2024-06-07,d,92.62
2024-06-08,d,92.45
2024-06-09,d,92.39
2024-06-10,d,92.16
2024-06-11,d,92
2024-06-12,d,91.97
2024-06-13,d,92.02
2024-06-14,d,91.94
2024-06-15,d,91.58
2024-06-16,d,91.39
2024-06-17,d,91.2
2024-06-18,d,90.98
2024-06-19,d,90.68
2024-06-20,d,90.4
2024-06-21,d,90.16
2024-06-22,d,90.08
2024-06-23,d,89.86
2024-06-24,d,89.66
2024-06-25,d,89.72
2024-06-26,d,89.64
2024-06-27,d,89.65
2024-06-28,d,89.66
2024-06-29,d,89.74
2024-06-30,d,89.74
2024-07-01,d,89.67
2024-07-02,d,89.67
2024-07-03,d,89.81
2024-07-04,d,89.82
2024-07-05,d,90.01
2024-07-06,d,90.17
2024-07-07,d,90.47
2024-07-08,d,90.8
2024-07-09,d,91.01
2024-07-10,d,91.16
2024-07-11,d,91.34
2024-07-12,d,91.33
2024-07-13,d,91.4
2024-07-14,d,91.28
2024-07-15,d,91.08
2024-07-16,d,90.71
2024-07-17,d,90.31
2024-07-18,d,89.98
2024-07-19,d,89.85
2024-07-20,d,89.02
2024-07-21,d,88.83
2024-07-22,d,88.66
2024-07-23,d,88.81
2024-07-24,d,88.96
2024-07-25,d,88.99
2024-07-26,d,88.9
2024-07-27,d,89.49
2024-07-28,d,89.57
2024-07-29,d,89.71
2024-07-30,d,89.59
2024-07-31,d,89.35
2024-08-01,d,89.1
2024-08-02,d,88.93
2024-08-03,d,88.73
2024-08-04,d,88.53
2024-08-05,d,88.42
2024-08-06,d,88.27
2024-08-07,d,88.22
2024-08-08,d,88.24
2024-08-09,d,88.17
2024-08-10,d,87.99
2024-08-11,d,87.84
2024-08-12,d,87.7
2024-08-13,d,87.7
2024-08-14,d,87.78
2024-08-15,d,87.77
2024-08-16,d,87.88
2024-08-17,d,88.11
2024-08-18,d,88.23
2024-08-19,d,88.36
2024-08-20,d,88.38
2024-08-21,d,88.29
2024-08-22,d,88.35
2024-08-23,d,88.37
2024-08-24,d,88.27
2024-08-25,d,88.28
2024-08-26,d,88.17
2024-08-27,d,88.08
2024-08-28,d,88.17
2024-08-29,d,88.29
2024-08-30,d,88.43
2024-08-31,d,88.64
2024-09-01,d,88.83
2024-09-02,d,89.04
2024-09-03,d,89.32
2024-09-04,d,89.53
2024-09-05,d,89.55
2024-09-06,d,89.58
2024-09-07,d,89.71
2024-09-08,d,89.79
2024-09-09,d,89.83
2024-09-10,d,89.87
2024-09-11,d,89.9
2024-09-12,d,90.06
2024-09-13,d,90.13
2024-09-14,d,90.24
2024-09-15,d,90.29
2024-09-16,d,90.35
2024-09-17,d,90.45
2024-09-18,d,90.52
2024-09-19,d,90.64
2024-09-20,d,90.74
2024-09-21,d,90.71
2024-09-22,d,90.67
2024-09-23,d,90.61
2024-09-24,d,90.55
2024-09-25,d,90.54
2024-09-26,d,90.5
2024-09-27,d,90.48
2024-09-28,d,90.54
2024-09-29,d,90.65
2024-09-30,d,90.76
2024-10-01,d,90.65
2024-10-02,d,90.49
2024-10-03,d,90.22
2024-10-04,d,89.92
2024-10-05,d,89.66
2024-10-06,d,89.28
2024-10-07,d,88.94
2024-10-08,d,88.8
2024-10-09,d,88.63
2024-10-10,d,88.51
2024-10-11,d,88.33
2024-10-12,d,88.02
2024-10-13,d,87.87
2024-10-14,d,87.71
2024-10-15,d,87.57
2024-10-16,d,87.5
2024-10-17,d,87.47
2024-10-18,d,87.59
2024-10-19,d,87.63
2024-10-20,d,87.83
2024-10-21,d,88.07
2024-10-22,d,88.25
2024-10-23,d,88.36
2024-10-24,d,88.35
2024-10-25,d,88.28
2024-10-26,d,88.38
2024-10-27,d,88.28
2024-10-28,d,88.26
2024-10-29,d,88.12
2024-10-30,d,88.1
2024-10-31,d,88.3
2024-11-01,d,88.44
2024-11-02,d,88.6
2024-11-03,d,88.78
2024-11-04,d,88.79
2024-11-05,d,89.03
2024-11-06,d,89.07
2024-11-07,d,89.05
2024-11-08,d,89.15
2024-11-09,d,89.17
2024-11-10,d,89.06
2024-11-11,d,88.99
2024-11-12,d,88.97
2024-11-13,d,89.01
2024-11-14,d,89.07
2024-11-15,d,89.11
2024-11-16,d,89.36
2024-11-17,d,89.56
2024-11-18,d,89.85
2024-11-19,d,90
2024-11-20,d,90.18
2024-11-21,d,90.32
2024-11-22,d,90.49
2024-11-23,d,90.63
2024-11-24,d,90.78
2024-11-25,d,90.74
2024-11-26,d,90.64
2024-11-27,d,90.51
2024-11-28,d,90.33
2024-11-29,d,90.12
2024-11-30,d,89.75
2024-12-01,d,89.46
2024-12-02,d,89.37
2024-12-03,d,89.3
2024-12-04,d,89.19
2024-12-05,d,89.05
2024-12-06,d,88.88
2024-12-07,d,88.81
2024-12-08,d,88.74
2024-12-09,d,88.67
2024-12-10,d,88.56
2024-12-11,d,88.33
2024-12-12,d,88.23
2024-12-13,d,88.01
2024-12-14,d,87.64
2024-12-15,d,87.5
2024-12-16,d,87.39
2024-12-17,d,87.47
2024-12-18,d,87.75
2024-12-19,d,87.96
2024-12-20,d,88.42
2024-12-21,d,89.06
2024-12-22,d,89.53
2024-12-23,d,89.99
2024-12-24,d,90.44
2024-12-25,d,90.84
2024-12-26,d,91.23
2024-12-27,d,91.43
2024-12-28,d,91.47
2024-12-29,d,91.5
2024-12-30,d,91.59
2024-12-31,d,91.59
2025-01-01,d,91.61
2025-01-02,d,91.5
2025-01-03,d,91.4
2025-01-04,d,91.37
2025-01-05,d,91.25
2025-01-06,d,90.96
2025-01-07,d,90.76
2025-01-08,d,90.64
2025-01-09,d,90.69
2025-01-10,d,90.79
2025-01-11,d,90.75
2025-01-12,d,90.88
2025-01-13,d,91.09
2025-01-14,d,91.28
2025-01-15,d,91.3
2025-01-16,d,91.36
2025-01-17,d,91.33
2025-01-18,d,91.46
2025-01-19,d,91.57
2025-01-20,d,91.59
2025-01-21,d,91.58
2025-01-22,d,91.7
2025-01-23,d,91.8
2025-01-24,d,91.92
2025-01-25,d,92.1
2025-01-26,d,92.16
2025-01-27,d,92.2
2025-01-28,d,92.18
2025-01-29,d,92.08
2025-01-30,d,91.88
2025-01-31,d,91.62
2025-02-01,d,91.39
2025-02-02,d,91.22
2025-02-03,d,91.11
2025-02-04,d,90.89
2025-02-05,d,90.57
2025-02-06,d,90.44
2025-02-07,d,90.45
2025-02-08,d,90.36
2025-02-09,d,90.22
2025-02-10,d,89.97
2025-02-11,d,89.87
2025-02-12,d,89.86
2025-02-13,d,89.69
2025-02-14,d,89.49
2025-02-15,d,88.95
2025-02-16,d,88.78
2025-02-17,d,88.75
2025-02-18,d,88.64
2025-02-19,d,88.66
2025-02-20,d,88.67
2025-02-21,d,88.65
2025-02-22,d,89.01
2025-02-23,d,88.88
2025-02-24,d,88.73
2025-02-25,d,88.68
2025-02-26,d,88.53
2025-02-27,d,88.35
2025-02-28,d,88.29
2025-03-01,d,88.1
2025-03-02,d,88.21
2025-03-03,d,88.29
2025-03-04,d,88.44
2025-03-05,d,88.61
2025-03-06,d,88.98
2025-03-07,d,89.12
2025-03-08,d,89.41
2025-03-09,d,89.49
2025-03-10,d,89.56
2025-03-11,d,89.46
2025-03-12,d,89.44
2025-03-13,d,89.39
2025-03-14,d,89.49
2025-03-15,d,89.55
2025-03-16,d,89.75
2025-03-17,d,90.08
2025-03-18,d,90.33
2025-03-19,d,90.53
2025-03-20,d,90.63
2025-03-21,d,90.76
2025-03-22,d,90.83
2025-03-23,d,90.8
2025-03-24,d,90.69
2025-03-25,d,90.78
2025-03-26,d,90.95
2025-03-27,d,91.11
2025-03-28,d,91.21
2025-03-29,d,91.25
2025-03-30,d,91.31
2025-03-31,d,91.35
2025-04-01,d,91.38
2025-04-02,d,91.26
2025-04-03,d,91.25
2025-04-04,d,91.29
2025-04-05,d,91.49
2025-04-06,d,91.66
2025-04-07,d,91.74
2025-04-08,d,91.71
2025-04-09,d,91.66
2025-04-10,d,91.35
2025-04-11,d,90.9
2025-04-12,d,90.46
2025-04-13,d,90.08
2025-04-14,d,89.73
2025-04-15,d,89.35
2025-04-16,d,89.08
2025-04-17,d,89.04
2025-04-18,d,89.03
2025-04-19,d,88.97
2025-04-20,d,88.93
2025-04-21,d,88.89
2025-04-22,d,88.75
2025-04-23,d,88.47
2025-04-24,d,88.05
2025-04-25,d,87.49
2025-04-26,d,86.91
2025-04-27,d,86.26
2025-04-28,d,85.63
2025-04-29,d,85.18
2025-04-30,d,84.83
2025-05-01,d,84.46
2025-05-02,d,84.32
2025-05-03,d,84.3
2025-05-04,d,84.41
2025-05-05,d,84.6
2025-05-06,d,84.64
2025-05-07,d,84.76
2025-05-08,d,85.09
2025-05-09,d,85.36
2025-05-10,d,85.52
2025-05-11,d,85.51
2025-05-12,d,85.42
2025-05-13,d,85.46
2025-05-14,d,85.36
2025-05-15,d,85.23
2025-05-16,d,85.15
2025-05-17,d,84.91
2025-05-18,d,85.07
2025-05-19,d,85.3
2025-05-20,d,85.55
2025-05-21,d,85.78
2025-05-22,d,85.97
2025-05-23,d,86.06
2025-05-24,d,86.37
2025-05-25,d,86.33
2025-05-26,d,86.28
2025-05-27,d,86.23
2025-05-28,d,86.29
2025-05-29,d,86.32
2025-05-30,d,86.34
2025-05-31,d,86.41
2025-06-01,d,86.57
2025-06-02,d,86.8
2025-06-03,d,86.92
2025-06-04,d,86.97
2025-06-05,d,87.03
2025-06-06,d,87.21
2025-06-07,d,87.46
2025-06-08,d,87.62
2025-06-09,d,87.69
2025-06-10,d,87.9
2025-06-11,d,88.03
2025-06-12,d,88.16
2025-06-13,d,88.13
2025-06-14,d,87.75
2025-06-15,d,87.59
2025-06-16,d,87.33
2025-06-17,d,87.03
2025-06-18,d,86.9
2025-06-19,d,86.8
2025-06-20,d,86.85
2025-06-21,d,87.1
2025-06-22,d,87.13
2025-06-23,d,87.21
2025-06-24,d,87.45
2025-06-25,d,87.67
2025-06-26,d,87.8
2025-06-27,d,87.84
2025-06-28,d,87.79
2025-06-29,d,87.8
2025-06-30,d,87.88
2025-07-01,d,87.76
2025-07-02,d,87.53
2025-07-03,d,87.53
2025-07-04,d,87.53
2025-07-05,d,87.6
2025-07-06,d,87.67
2025-07-07,d,87.71
2025-07-08,d,87.74
2025-07-09,d,87.84
2025-07-10,d,87.8
2025-07-11,d,87.84
2025-07-12,d,87.79
2025-07-13,d,87.79
2025-07-14,d,87.67
2025-07-15,d,87.7
2025-07-16,d,87.73
2025-07-17,d,87.73
2025-07-18,d,87.59
2025-07-19,d,87.42
2025-07-20,d,87.42
2025-07-21,d,87.49
2025-07-22,d,87.47
2025-07-23,d,87.22
2025-07-24,d,86.87
2025-07-25,d,86.64
2025-07-26,d,86.62
2025-07-27,d,86.27
2025-07-28,d,85.97
2025-07-29,d,85.8
2025-07-30,d,85.78
2025-07-31,d,85.79
2025-08-01,d,85.7
2025-08-02,d,85.55
2025-08-03,d,85.47
2025-08-04,d,85.44
2025-08-05,d,85.1
2025-08-06,d,84.9
2025-08-07,d,84.79
2025-08-08,d,84.77
2025-08-09,d,84.61
2025-08-10,d,84.62
2025-08-11,d,84.46
2025-08-12,d,84.52
2025-08-13,d,84.56
2025-08-14,d,84.58
2025-08-15,d,84.68
2025-08-16,d,84.87
2025-08-17,d,84.97
2025-08-18,d,85.07
2025-08-19,d,85.33
2025-08-20,d,85.54
2025-08-21,d,85.7
2025-08-22,d,85.69
2025-08-23,d,85.58
2025-08-24,d,85.46
2025-08-25,d,85.46
2025-08-26,d,85.27
2025-08-27,d,85.19
2025-08-28,d,85.13
2025-08-29,d,85.09
2025-08-30,d,85.24
2025-08-31,d,85.25
2025-09-01,d,85.17
2025-09-02,d,85.16
2025-09-03,d,84.95
2025-09-04,d,84.83
2025-09-05,d,84.76
2025-09-06,d,84.63
2025-09-07,d,84.57
2025-09-08,d,84.41
2025-09-09,d,84.25
2025-09-10,d,84.21
2025-09-11,d,84.15
2025-09-12,d,84.13
2025-09-13,d,84.12
2025-09-14,d,84
2025-09-15,d,83.91
2025-09-16,d,83.89
2025-09-17,d,83.9
2025-09-18,d,83.9
2025-09-19,d,83.78
2025-09-20,d,83.69
2025-09-21,d,83.62
2025-09-22,d,83.57
2025-09-23,d,83.51
2025-09-24,d,83.38
2025-09-25,d,83.23
2025-09-26,d,83.14
2025-09-27,d,82.8
2025-09-28,d,82.71
2025-09-29,d,82.65
2025-09-30,d,82.6
2025-10-01,d,82.54
2025-10-02,d,82.52
2025-10-03,d,82.48
2025-10-04,d,82.68
2025-10-05,d,82.83
2025-10-06,d,82.92
2025-10-07,d,82.94
2025-10-08,d,82.96
2025-10-09,d,82.94
2025-10-10,d,83.02
2025-10-11,d,83.07
2025-10-12,d,83.02
2025-10-13,d,83.02
2025-10-14,d,83.1
2025-10-15,d,83.25
2025-10-16,d,83.31
2025-10-17,d,83.37
2025-10-18,d,83.37
2025-10-19,d,83.4
2025-10-20,d,83.42
2025-10-21,d,83.19
2025-10-22,d,83.15
2025-10-23,d,83.12
2025-10-24,d,83.04
2025-10-25,d,82.97
2025-10-26,d,82.93
2025-10-27,d,83.08
2025-10-28,d,83.15
2025-10-29,d,82.96
2025-10-30,d,82.81
2025-10-31,d,82.75
2025-11-01,d,82.41
2025-11-02,d,82.39
2025-11-03,d,82.32
2025-11-04,d,82.52
2025-11-05,d,82.7
2025-11-06,d,82.92
2025-11-07,d,83.03
2025-11-08,d,83.43
2025-11-09,d,83.4
2025-11-10,d,83.28
2025-11-11,d,83.16
2025-11-12,d,83.12
2025-11-13,d,82.89
2025-11-14,d,82.68
2025-11-15,d,82.73
2025-11-16,d,82.84
2025-11-17,d,83.06
2025-11-18,d,83.2
2025-11-19,d,83.21
2025-11-20,d,83.43
2025-11-21,d,83.76
2025-11-22,d,83.99
2025-11-23,d,84.1
2025-11-24,d,84.15
2025-11-25,d,84.14
2025-11-26,d,84.27
2025-11-27,d,84.26
2025-11-28,d,84.21
2025-11-29,d,84.08
2025-11-30,d,84.01
2025-12-01,d,84.03
2025-12-02,d,83.92
2025-12-03,d,83.83
2025-12-04,d,83.85
2025-12-05,d,83.73
2025-12-06,d,83.57
2025-12-07,d,83.39
2025-12-08,d,83.11
2025-12-09,d,82.97
2025-12-10,d,82.72
2025-12-11,d,82.83
2025-12-12,d,83.06
2025-12-13,d,83.32
2025-12-14,d,83.69
2025-12-15,d,84.18
2025-12-16,d,84.73
2025-12-17,d,85.42
2025-12-18,d,85.7
2025-12-19,d,86.06
2025-12-20,d,86.4
2025-12-21,d,86.6
2025-12-22,d,86.73
2025-12-23,d,86.86
2025-12-24,d,86.88
2025-12-25,d,86.86
2025-12-26,d,86.73
2025-12-27,d,86.62
2025-12-28,d,86.57
2025-12-29,d,86.58
2025-12-30,d,86.62
2025-12-31,d,86.62
2026-01-01,d,86.43
2026-01-02,d,86.26
2026-01-03,d,85.82
2026-01-04,d,85.33
2026-01-05,d,84.65
2026-01-06,d,84.35
2026-01-07,d,84.4
2026-01-08,d,84.89
2026-01-09,d,85.51
2026-01-10,d,86.15
2026-01-11,d,86.85
2026-01-12,d,87.45
2026-01-13,d,87.93
2026-01-14,d,88.34
2026-01-15,d,88.51
2026-01-16,d,88.62
2026-01-17,d,88.82
2026-01-18,d,89.05
2026-01-19,d,89.52
2026-01-20,d,89.78
2026-01-21,d,89.94
2026-01-22,d,90.18
2026-01-23,d,90.47
2026-01-24,d,90.73
2026-01-25,d,90.95
2026-01-26,d,90.96
2026-01-27,d,91.04
2026-01-28,d,91.08
2026-01-29,d,91.17
2026-01-30,d,91.27
2026-01-31,d,91.17
2026-02-01,d,91.2
2026-02-02,d,91.22
2026-02-03,d,90.97
2026-02-04,d,90.8
2026-02-05,d,90.66
2026-02-06,d,90.62
2026-02-07,d,90.88
2026-02-08,d,91
2026-02-09,d,91.18
2026-02-10,d,91.66
2026-02-11,d,92.02
2026-02-12,d,92.27
2026-02-13,d,92.38
2026-02-14,d,92.42
2026-02-15,d,92.61
2026-02-16,d,92.78
2026-02-17,d,93.01
2026-02-18,d,93.54
2026-02-19,d,94.14
2026-02-20,d,94.7
2026-02-21,d,95.19
2026-02-22,d,95.64
2026-02-23,d,96.03
2026-02-24,d,96.21
2026-02-25,d,95.95
2026-02-26,d,95.64
2026-02-27,d,95.24
2026-02-28,d,94.9
2026-03-01,d,94.48
2026-03-02,d,94.22
2026-03-03,d,93.92
2026-03-04,d,93.95
2026-03-05,d,93.97
2026-03-06,d,94.17
2026-03-07,d,94.23
2026-03-08,d,94.25
2026-03-09,d,94.19
2026-03-10,d,94.07
2026-03-11,d,93.74
2026-03-12,d,93.28
2026-03-13,d,92.75
2026-03-14,d,92.3
2026-03-15,d,91.85
2026-03-16,d,91.63
2026-03-17,d,91.49
2026-03-18,d,91.42
2026-03-19,d,91.39
2026-03-20,d,91.35
2026-03-21,d,91.35
2026-03-22,d,91.28
2026-03-23,d,91.09
2026-03-24,d,90.99
2026-03-25,d,90.98
2026-03-26,d,91.03
2026-03-27,d,90.89
2026-03-28,d,90.92
2026-03-29,d,91.05
2026-03-30,d,91.11
2026-03-31,d,91
2026-04-01,d,90.81
2026-04-02,d,90.7
2026-04-03,d,90.73
2026-04-04,d,90.48
2026-04-05,d,90.24
2026-04-06,d,89.98
2026-04-07,d,89.5
2026-04-08,d,88.96
2026-04-09,d,88.33
2026-04-10,d,87.75
2026-04-11,d,87.41
2026-04-12,d,87.06
2026-04-13,d,86.74
2026-04-14,d,86.71
2026-04-15,d,86.79
2026-04-16,d,86.54
2026-04-17,d,86.67
2026-04-18,d,86.64
2026-04-19,d,86.71
2026-04-20,d,86.88
2026-04-21,d,87.15
2026-04-22,d,87.65
2026-04-23,d,88.02
2026-04-24,d,88.03
2026-04-25,d,87.83
2026-04-26,d,87.58
2026-04-27,d,87.12
2026-04-28,d,86.72
2026-04-29,d,86.08
2026-04-30,d,85.98
2026-05-01,d,85.72
2026-05-02,d,85.83
2026-05-03,d,85.86
2026-05-04,d,86.16
2026-05-05,d,86.31
2026-05-06,d,86
2026-05-07,d,85.76
2026-05-08,d,85.66
2026-05-09,d,85.46
2026-05-10,d,85.23
2026-05-11,d,84.82
2026-05-12,d,84.52
2026-05-13,d,84.55
2026-05-14,d,84.39
2026-05-15,d,84.05
2026-05-16,d,83.83
2026-05-17,d,83.73
2026-05-18,d,83.74
2026-05-19,d,83.9
2026-05-20,d,84.45
2026-05-21,d,85.12
2026-05-22,d,85.82
2026-05-23,d,86.27
2026-05-24,d,86.68
2026-05-25,d,86.7
2026-05-26,d,86.36
2026-05-27,d,85.79
2026-05-28,d,85.21
2026-05-29,d,84.69
2026-05-30,d,84.54
2026-05-31,d,84.44
2026-06-01,d,84.56
2026-06-02,d,84.46
2026-06-03,d,84.14
2026-06-04,d,84.02
2026-06-05,d,84.01
2026-06-06,d,84.08
2026-06-07,d,84.07
2026-06-08,d,83.89
2026-06-09,d,84.19
2026-06-10,d,84.7
2026-06-11,d,84.59
2026-06-12,d,84.9
2026-06-13,d,85.12
2026-06-14,d,85
2026-06-15,d,84.94
2026-06-16,d,84.72
2026-06-17,d,84.44
2026-06-18,d,84.49
2026-06-19,d,84.15
2026-06-20,d,83.74
2026-06-21,d,83.72
2026-06-22,d,83.61
2026-06-23,d,83.39
2026-06-24,d,83.17
2026-06-25,d,82.91
2026-06-26,d,82.53
2026-06-27,d,82.17
2026-06-28,d,81.86
2026-06-29,d,81.42
2026-06-30,d,81.04
2026-07-01,d,80.8
2026-07-02,d,80.63
2026-07-03,d,80.52
2026-07-04,d,80.39
2026-07-05,d,80.17
2026-07-06,d,80.22
2026-07-07,d,80.38
2026-07-08,d,80.45
2026-07-09,d,80.42
2026-07-10,d,80.45
2026-07-11,d,80.51
2026-07-12,d,80.69
2026-07-13,d,80.73
2026-07-14,d,80.69
2026-07-15,d,80.69
2026-07-16,d,80.73
2026-07-17,d,80.75
2026-07-18,d,80.8
2026-07-19,d,80.78
2026-07-20,d,80.82
2026-07-21,d,80.93
2026-07-22,d,80.89
2026-07-23,d,81.07
2026-07-24,d,81.04
2026-07-25,d,81.03
2026-07-26,d,81.06
2026-07-27,d,81.11
2026-07-28,d,81.25
2026-07-29,d,81.48
2026-07-30,d,81.37
2026-07-31,d,81.27
2026-08-01,d,81.26
2026-08-02,d,81.33
2026-08-03,d,81.46
2026-08-04,d,81.13
2026-08-05,d,80.69
2026-08-06,d,80.22
2026-08-07,d,79.82
2026-08-08,d,79.29
2026-08-09,d,78.69
2026-08-10,d,78.05
2026-08-11,d,77.91
2026-08-12,d,77.91
2026-08-13,d,78.26
2026-08-14,d,78.59
2026-08-15,d,78.93
2026-08-16,d,79.28
2026-08-17,d,79.56
2026-08-18,d,79.87
2026-08-19,d,80.14
2026-08-20,d,80.25
2026-08-21,d,80.39
2026-08-22,d,80.65
2026-08-23,d,80.78
2026-08-24,d,80.86
2026-08-25,d,81.09
2026-08-26,d,81.21
2026-08-27,d,81.2
2026-08-28,d,81.19
2026-08-29,d,81.27
2026-08-30,d,81.37
2026-08-31,d,81.54
2026-09-01,d,81.5
2026-09-02,d,81.75
2026-09-03,d,82.12
2026-09-04,d,82.44
2026-09-05,d,82.59
2026-09-06,d,82.57
2026-09-07,d,82.58
2026-09-08,d,82.4
2026-09-09,d,82.04
2026-09-10,d,81.72
2026-09-11,d,81.47
2026-09-12,d,81.27
2026-09-13,d,81.27
2026-09-14,d,81.19
2026-09-15,d,81.22
2026-09-16,d,81.25
2026-09-17,d,81.18
2026-09-18,d,81.16
2020-02-01,g,100
2020-02-02,g,100.14
2020-02-03,g,100.38
2020-02-04,g,100.47
2020-02-05,g,100.04
2020-02-06,g,100.35
2020-02-07,g,99.99
2020-02-08,g,99.59
2020-02-09,g,99.55
2020-02-10,g,99.37
2020-02-11,g,99.02
2020-02-12,g,98.74
2020-02-13,g,98.12
2020-02-14,g,97.52
2020-02-15,g,96.69
2020-02-16,g,95.87
2020-02-17,g,95.17
2020-02-18,g,94.86
2020-02-19,g,94.61
2020-02-20,g,94.42
2020-02-21,g,94.5
2020-02-22,g,94.49
2020-02-23,g,94.42
2020-02-24,g,94.55
2020-02-25,g,95.11
2020-02-26,g,95.79
2020-02-27,g,96.52
2020-02-28,g,97.36
2020-02-29,g,98.32
2020-03-01,g,99.47
2020-03-02,g,100.11
2020-03-03,g,100.48
2020-03-04,g,100.47
2020-03-05,g,100.31
2020-03-06,g,100.14
2020-03-07,g,99.59
2020-03-08,g,99
2020-03-09,g,98.56
2020-03-10,g,97.95
2020-03-11,g,97.51
2020-03-12,g,97.02
2020-03-13,g,96.31
2020-03-14,g,95.55
2020-03-15,g,94.85
2020-03-16,g,94.16
2020-03-17,g,93.19
2020-03-18,g,92.1
2020-03-19,g,90.59
2020-03-20,g,88.25
2020-03-21,g,85.65
2020-03-22,g,83.01
2020-03-23,g,80.49
2020-03-24,g,77.79
2020-03-25,g,75.38
2020-03-26,g,73.24
2020-03-27,g,70.89
2020-03-28,g,69.32
2020-03-29,g,67.5
2020-03-30,g,65.54
2020-03-31,g,63.68
2020-04-01,g,61.42
2020-04-02,g,58.95
2020-04-03,g,57.32
2020-04-04,g,54.97
2020-04-05,g,52.83
2020-04-06,g,50.64
2020-04-07,g,48.33
2020-04-08,g,46.5
2020-04-09,g,45.08
2020-04-10,g,43.63
2020-04-11,g,42.7
2020-04-12,g,41.73
2020-04-13,g,41.07
2020-04-14,g,40.61
2020-04-15,g,39.98
2020-04-16,g,39.55
2020-04-17,g,39.13
2020-04-18,g,38.82
2020-04-19,g,38.45
2020-04-20,g,38.12
2020-04-21,g,38.08
2020-04-22,g,37.92
2020-04-23,g,37.62
2020-04-24,g,37.42
2020-04-25,g,37.1
2020-04-26,g,36.62
2020-04-27,g,35.8
2020-04-28,g,35.1
2020-04-29,g,34.28
2020-04-30,g,33.36
2020-05-01,g,32.07
2020-05-02,g,30.99
2020-05-03,g,29.95
2020-05-04,g,29.5
2020-05-05,g,28.85
2020-05-06,g,28.29
2020-05-07,g,27.64
2020-05-08,g,27.71
2020-05-09,g,27.44
2020-05-10,g,27.31
2020-05-11,g,26.74
2020-05-12,g,26.26
2020-05-13,g,25.76
2020-05-14,g,25.53
2020-05-15,g,25.04
2020-05-16,g,24.6
2020-05-17,g,23.99
2020-05-18,g,23.54
2020-05-19,g,23.04
2020-05-20,g,23.2
2020-05-21,g,23.09
2020-05-22,g,23.22
2020-05-23,g,23.31
2020-05-24,g,23.35
2020-05-25,g,23.28
2020-05-26,g,23.19
2020-05-27,g,22.54
2020-05-28,g,22.2
2020-05-29,g,21.95
2020-05-30,g,22
2020-05-31,g,22.15
2020-06-01,g,22.84
2020-06-02,g,23.2
2020-06-03,g,24
2020-06-04,g,24.78
2020-06-05,g,25.55
2020-06-06,g,26.18
2020-06-07,g,27.29
2020-06-08,g,27.77
2020-06-09,g,28.82
2020-06-10,g,29.47
2020-06-11,g,29.93
2020-06-12,g,30.41
2020-06-13,g,30.84
2020-06-14,g,31.01
2020-06-15,g,31.33
2020-06-16,g,31.75
2020-06-17,g,32.01
2020-06-18,g,32.5
2020-06-19,g,33
2020-06-20,g,33.51
2020-06-21,g,34.15
2020-06-22,g,35.05
2020-06-23,g,35.62
2020-06-24,g,36.43
2020-06-25,g,37.18
2020-06-26,g,37.67
2020-06-27,g,38.27
2020-06-28,g,38.82
2020-06-29,g,39.14
2020-06-30,g,39.57
2020-07-01,g,40.25
2020-07-02,g,41
2020-07-03,g,41.83
2020-07-04,g,42.47
2020-07-05,g,43.01
2020-07-06,g,43.55
2020-07-07,g,44.39
2020-07-08,g,44.76
2020-07-09,g,44.92
2020-07-10,g,45.02
2020-07-11,g,45.11
2020-07-12,g,45.3
2020-07-13,g,45.23
2020-07-14,g,45.22
2020-07-15,g,45.43
2020-07-16,g,45.84
2020-07-17,g,46.21
2020-07-18,g,47.13
2020-07-19,g,47.89
2020-07-20,g,48.82
2020-07-21,g,49.34
2020-07-22,g,49.85
2020-07-23,g,50.19
2020-07-24,g,50.5
2020-07-25,g,50.49
2020-07-26,g,50.85
2020-07-27,g,51.28
2020-07-28,g,51.63
2020-07-29,g,51.93
2020-07-30,g,52.25
2020-07-31,g,52.83
2020-08-01,g,53.55
2020-08-02,g,53.98
2020-08-03,g,54.39
2020-08-04,g,54.7
2020-08-05,g,55.14
2020-08-06,g,55.75
2020-08-07,g,56.07
2020-08-08,g,55.92
2020-08-09,g,55.69
2020-08-10,g,55.12
2020-08-11,g,54.98
2020-08-12,g,54.32
2020-08-13,g,53.86
2020-08-14,g,53.73
2020-08-15,g,53.81
2020-08-16,g,53.65
2020-08-17,g,53.7
2020-08-18,g,53.53
2020-08-19,g,53.57
2020-08-20,g,53.35
2020-08-21,g,52.87
2020-08-22,g,52.43
2020-08-23,g,52.33
2020-08-24,g,52.29
2020-08-25,g,52.38
2020-08-26,g,52.56
2020-08-27,g,52.59
2020-08-28,g,52.56
2020-08-29,g,52.68
2020-08-30,g,52.68
2020-08-31,g,52.68
2020-09-01,g,52.36
2020-09-02,g,52.12
2020-09-03,g,52.22
2020-09-04,g,52.13
2020-09-05,g,52.18
2020-09-06,g,52.24
2020-09-07,g,52.41
2020-09-08,g,52.95
2020-09-09,g,53.74
2020-09-10,g,54.29
2020-09-11,g,55.04
2020-09-12,g,55.49
2020-09-13,g,55.97
2020-09-14,g,56
2020-09-15,g,56.12
2020-09-16,g,56.06
2020-09-17,g,56.35
2020-09-18,g,56.37
2020-09-19,g,56.74
2020-09-20,g,57.21
2020-09-21,g,58.01
2020-09-22,g,58.81
2020-09-23,g,59.57
2020-09-24,g,60.14
2020-09-25,g,60.97
2020-09-26,g,61.54
2020-09-27,g,61.95
2020-09-28,g,62.23
2020-09-29,g,62.25
2020-09-30,g,62.41
2020-10-01,g,62.89
2020-10-02,g,64.45
2020-10-03,g,65.71
2020-10-04,g,67.1
2020-10-05,g,68.31
2020-10-06,g,69.54
2020-10-07,g,70.76
2020-10-08,g,71.5
2020-10-09,g,71.37
2020-10-10,g,71.36
2020-10-11,g,71.52
2020-10-12,g,72.17
2020-10-13,g,73.02
2020-10-14,g,72.27
2020-10-15,g,72.65
2020-10-16,g,71.53
2020-10-17,g,71.76
2020-10-18,g,70.45
2020-10-19,g,69.02
2020-10-20,g,66.9
2020-10-21,g,66.4
2020-10-22,g,64.59
2020-10-23,g,64.17
2020-10-24,g,62.63
2020-10-25,g,62.57
2020-10-26,g,62.46
2020-10-27,g,62.66
2020-10-28,g,62.46
2020-10-29,g,62.56
2020-10-30,g,62.5
2020-10-31,g,62.79
2020-11-01,g,62.99
2020-11-02,g,63
2020-11-03,g,63.37
2020-11-04,g,63.42
2020-11-05,g,63.42
2020-11-06,g,63.49
2020-11-07,g,63.37
2020-11-08,g,63.04
2020-11-09,g,63.15
2020-11-10,g,62.97
2020-11-11,g,63.9
2020-11-12,g,64.56
2020-11-13,g,65.44
2020-11-14,g,66.06
2020-11-15,g,66.78
2020-11-16,g,67.44
2020-11-17,g,68.29
2020-11-18,g,68.82
2020-11-19,g,69.36
2020-11-20,g,69.86
2020-11-21,g,70.55
2020-11-22,g,71.26
2020-11-23,g,71.84
2020-11-24,g,72.45
2020-11-25,g,72.67
2020-11-26,g,73.47
2020-11-27,g,74.1
2020-11-28,g,74.72
2020-11-29,g,75.27
2020-11-30,g,75.72
2020-12-01,g,76.17
2020-12-02,g,76.82
2020-12-03,g,77.4
2020-12-04,g,78.11
2020-12-05,g,78.56
2020-12-06,g,79.08
2020-12-07,g,79.62
2020-12-08,g,80.13
2020-12-09,g,80.65
2020-12-10,g,80.81
2020-12-11,g,81.1
2020-12-12,g,81.44
2020-12-13,g,82.02
2020-12-14,g,82.64
2020-12-15,g,82.92
2020-12-16,g,82.98
2020-12-17,g,83.06
2020-12-18,g,82.89
2020-12-19,g,82.69
2020-12-20,g,82.49
2020-12-21,g,82.06
2020-12-22,g,82.04
2020-12-23,g,82.21
2020-12-24,g,82.55
2020-12-25,g,82.92
2020-12-26,g,83.29
2020-12-27,g,83.35
2020-12-28,g,83.71
2020-12-29,g,83.79
2020-12-30,g,83.67
2020-12-31,g,83.24
2021-01-01,g,82.78
2021-01-02,g,82.25
2021-01-03,g,81.51
2021-01-04,g,80.62
2021-01-05,g,79.87
2021-01-06,g,79.08
2021-01-07,g,78.43
2021-01-08,g,77.67
2021-01-09,g,77.17
2021-01-10,g,76.72
2021-01-11,g,76.54
2021-01-12,g,76.53
2021-01-13,g,76.73
2021-01-14,g,77.15
2021-01-15,g,77.53
2021-01-16,g,78.21
2021-01-17,g,79.07
2021-01-18,g,79.73
2021-01-19,g,80.13
2021-01-20,g,80.39
2021-01-21,g,80.35
2021-01-22,g,80.69
2021-01-23,g,80.83
2021-01-24,g,80.88
2021-01-25,g,80.7
2021-01-26,g,80.52
2021-01-27,g,80.33
2021-01-28,g,80.3
2021-01-29,g,80.43
2021-01-30,g,80.34
2021-01-31,g,80.57
2021-02-01,g,81.15
2021-02-02,g,81.95
2021-02-03,g,82.56
2021-02-04,g,83.2
2021-02-05,g,83.54
2021-02-06,g,83.74
2021-02-07,g,83.87
2021-02-08,g,83.86
2021-02-09,g,83.79
2021-02-10,g,84.26
2021-02-11,g,84.95
2021-02-12,g,85.48
2021-02-13,g,86.1
2021-02-14,g,86.61
2021-02-15,g,87.21
2021-02-16,g,87.38
2021-02-17,g,87.44
2021-02-18,g,87.34
2021-02-19,g,87.18
2021-02-20,g,86.81
2021-02-21,g,86.76
2021-02-22,g,86.7
2021-02-23,g,86.78
2021-02-24,g,87.12
2021-02-25,g,87.35
2021-02-26,g,87.77
2021-02-27,g,88.21
2021-02-28,g,88.38
2021-03-01,g,88.5
2021-03-02,g,88.9
2021-03-03,g,89.08
2021-03-04,g,89.27
2021-03-05,g,89.57
2021-03-06,g,89.47
2021-03-07,g,89.71
2021-03-08,g,89.99
2021-03-09,g,90.32
2021-03-10,g,90.57
2021-03-11,g,90.82
2021-03-12,g,91.07
2021-03-13,g,91.86
2021-03-14,g,92.64
2021-03-15,g,93.23
2021-03-16,g,93.89
2021-03-17,g,94.79
2021-03-18,g,95.57
2021-03-19,g,96.54
2021-03-20,g,97.66
2021-03-21,g,98.31
2021-03-22,g,99.07
2021-03-23,g,99.64
2021-03-24,g,99.82
2021-03-25,g,100.13
2021-03-26,g,100.22
2021-03-27,g,99.94
2021-03-28,g,99.89
2021-03-29,g,99.73
2021-03-30,g,99.62
2021-03-31,g,99.48
2021-04-01,g,99.41
2021-04-02,g,99.23
2021-04-03,g,99.68
2021-04-04,g,99.97
2021-04-05,g,100.6
2021-04-06,g,101.08
2021-04-07,g,101.61
2021-04-08,g,102.1
2021-04-09,g,102.59
2021-04-10,g,102.43
2021-04-11,g,102.39
2021-04-12,g,102.31
2021-04-13,g,102.25
2021-04-14,g,102.45
2021-04-15,g,102.66
2021-04-16,g,102.84
2021-04-17,g,103.42
2021-04-18,g,104.05
2021-04-19,g,104.53
2021-04-20,g,105.08
2021-04-21,g,105.5
2021-04-22,g,106.03
2021-04-23,g,106.77
2021-04-24,g,107.49
2021-04-25,g,108.16
2021-04-26,g,108.65
2021-04-27,g,109.13
2021-04-28,g,110.01
2021-04-29,g,110.64
2021-04-30,g,111.15
2021-05-01,g,111.56
2021-05-02,g,111.92
2021-05-03,g,112.14
2021-05-04,g,112.48
2021-05-05,g,112.31
2021-05-06,g,112.16
2021-05-07,g,112.15
2021-05-08,g,112.38
2021-05-09,g,112.7
2021-05-10,g,113.3
2021-05-11,g,113.74
2021-05-12,g,114.37
2021-05-13,g,114.78
2021-05-14,g,115.41
2021-05-15,g,115.87
2021-05-16,g,116.02
2021-05-17,g,116.17
2021-05-18,g,116.12
2021-05-19,g,115.99
2021-05-20,g,116.51
2021-05-21,g,116.21
2021-05-22,g,115.73
2021-05-23,g,115.58
2021-05-24,g,115.29
2021-05-25,g,115.38
2021-05-26,g,115.55
2021-05-27,g,115.54
2021-05-28,g,116.05
2021-05-29,g,116.7
2021-05-30,g,117.48
2021-05-31,g,118.49
2021-06-01,g,119.4
2021-06-02,g,120.34
2021-06-03,g,121.14
2021-06-04,g,121.96
2021-06-05,g,122.81
2021-06-06,g,123.42
2021-06-07,g,123.92
2021-06-08,g,123.95
2021-06-09,g,123.89
2021-06-10,g,123.58
2021-06-11,g,123.29
2021-06-12,g,123.01
2021-06-13,g,122.99
2021-06-14,g,123.16
2021-06-15,g,124.46
2021-06-16,g,125.62
2021-06-17,g,127.09
2021-06-18,g,128.46
2021-06-19,g,130.15
2021-06-20,g,131.68
2021-06-21,g,133.03
2021-06-22,g,133.06
2021-06-23,g,133.88
2021-06-24,g,134.73
2021-06-25,g,135.75
2021-06-26,g,136.55
2021-06-27,g,137.37
2021-06-28,g,138.51
2021-06-29,g,140.38
2021-06-30,g,141.76
2021-07-01,g,143.13
2021-07-02,g,144.78
2021-07-03,g,146.03
2021-07-04,g,147.08
2021-07-05,g,147.54
2021-07-06,g,148.22
2021-07-07,g,149.18
2021-07-08,g,149.98
2021-07-09,g,149.62
2021-07-10,g,149.69
2021-07-11,g,150.17
2021-07-12,g,151
2021-07-13,g,151.66
2021-07-14,g,151.94
2021-07-15,g,152
2021-07-16,g,153.28
2021-07-17,g,154.41
2021-07-18,g,155.64
2021-07-19,g,156.66
2021-07-20,g,157.9
2021-07-21,g,158.44
2021-07-22,g,159.13
2021-07-23,g,158.8
2021-07-24,g,158.89
2021-07-25,g,158.7
2021-07-26,g,158.84
2021-07-27,g,159.24
2021-07-28,g,160.1
2021-07-29,g,161.31
2021-07-30,g,162.62
2021-07-31,g,163.54
2021-08-01,g,164.64
2021-08-02,g,165.81
2021-08-03,g,165.76
2021-08-04,g,165.92
2021-08-05,g,165.81
2021-08-06,g,166.4
2021-08-07,g,166.98
2021-08-08,g,167.04
2021-08-09,g,166.87
2021-08-10,g,167.28
2021-08-11,g,167.76
2021-08-12,g,168.16
2021-08-13,g,168.42
2021-08-14,g,168.59
2021-08-15,g,168.86
2021-08-16,g,169.16
2021-08-17,g,169.23
2021-08-18,g,169.15
2021-08-19,g,169.33
2021-08-20,g,169.65
2021-08-21,g,169.74
2021-08-22,g,169.7
2021-08-23,g,169.35
2021-08-24,g,169.56
2021-08-25,g,170.02
2021-08-26,g,170.1
2021-08-27,g,170
2021-08-28,g,170.4
2021-08-29,g,170.92
2021-08-30,g,171.8
2021-08-31,g,172.06
2021-09-01,g,171.95
2021-09-02,g,171.82
2021-09-03,g,171.67
2021-09-04,g,171.25
2021-09-05,g,171.46
2021-09-06,g,171.5
2021-09-07,g,172.39
2021-09-08,g,173.59
2021-09-09,g,174.81
2021-09-10,g,176.27
2021-09-11,g,177.79
2021-09-12,g,178.63
2021-09-13,g,179.63
2021-09-14,g,179.69
2021-09-15,g,179.64
2021-09-16,g,179.53
2021-09-17,g,179.52
2021-09-18,g,179.78
2021-09-19,g,180.34
2021-09-20,g,180.9
2021-09-21,g,181.42
2021-09-22,g,182.52
2021-09-23,g,183.7
2021-09-24,g,184.37
2021-09-25,g,184.75
2021-09-26,g,185
2021-09-27,g,184.84
2021-09-28,g,185.33
2021-09-29,g,185.27
2021-09-30,g,185.13
2021-10-01,g,184.98
2021-10-02,g,185.31
2021-10-03,g,185.42
2021-10-04,g,185.5
2021-10-05,g,185.6
2021-10-06,g,186.06
2021-10-07,g,186.75
2021-10-08,g,187.53
2021-10-09,g,188.01
2021-10-10,g,188.62
2021-10-11,g,189.59
2021-10-12,g,189.86
2021-10-13,g,189.97
2021-10-14,g,190.03
2021-10-15,g,190.4
2021-10-16,g,190.44
2021-10-17,g,190.71
2021-10-18,g,190.75
2021-10-19,g,191.28
2021-10-20,g,191.32
2021-10-21,g,191.3
2021-10-22,g,191.26
2021-10-23,g,191.45
2021-10-24,g,191.72
2021-10-25,g,192.53
2021-10-26,g,192.85
2021-10-27,g,193.5
2021-10-28,g,194.46
2021-10-29,g,195.29
2021-10-30,g,196.21
2021-10-31,g,197.25
2021-11-01,g,198.03
2021-11-02,g,199.02
2021-11-03,g,200.45
2021-11-04,g,201.57
2021-11-05,g,202.71
2021-11-06,g,203.61
2021-11-07,g,204.1
2021-11-08,g,204.35
2021-11-09,g,205.37
2021-11-10,g,205.66
2021-11-11,g,206.38
2021-11-12,g,206.99
2021-11-13,g,207.41
2021-11-14,g,207.97
2021-11-15,g,208.79
2021-11-16,g,209.34
2021-11-17,g,210.21
2021-11-18,g,210.51
2021-11-19,g,210.82
2021-11-20,g,211.12
2021-11-21,g,211.94
2021-11-22,g,212.61
2021-11-23,g,212.57
2021-11-24,g,212.2
2021-11-25,g,212.44
2021-11-26,g,212.15
2021-11-27,g,212.36
2021-11-28,g,211.67
2021-11-29,g,211.08
2021-11-30,g,210.88
2021-12-01,g,210.92
2021-12-02,g,210
2021-12-03,g,209.52
2021-12-04,g,208.58
2021-12-05,g,207.91
2021-12-06,g,207.21
2021-12-07,g,206.53
2021-12-08,g,205.76
2021-12-09,g,205.4
2021-12-10,g,205.07
2021-12-11,g,204.6
2021-12-12,g,204.33
2021-12-13,g,204.4
2021-12-14,g,204.23
2021-12-15,g,203.36
2021-12-16,g,202.08
2021-12-17,g,200.62
2021-12-18,g,199.59
2021-12-19,g,198.18
2021-12-20,g,196.38
2021-12-21,g,194.03
2021-12-22,g,192.66
2021-12-23,g,191.98
2021-12-24,g,191.67
2021-12-25,g,191.46
2021-12-26,g,191.2
2021-12-27,g,191.42
2021-12-28,g,191.91
2021-12-29,g,192
2021-12-30,g,191.55
2021-12-31,g,189.97
2022-01-01,g,188.45
2022-01-02,g,186.79
2022-01-03,g,185.05
2022-01-04,g,183.53
2022-01-05,g,182.2
2022-01-06,g,181.21
2022-01-07,g,181.08
2022-01-08,g,181
2022-01-09,g,181.24
2022-01-10,g,181
2022-01-11,g,181.48
2022-01-12,g,181.77
2022-01-13,g,182.22
2022-01-14,g,182.43
2022-01-15,g,183.01
2022-01-16,g,183.46
2022-01-17,g,184.23
2022-01-18,g,184.42
2022-01-19,g,184.79
2022-01-20,g,184.96
2022-01-21,g,185.76
2022-01-22,g,186.23
2022-01-23,g,187.07
2022-01-24,g,187.48
2022-01-25,g,188.23
2022-01-26,g,189.56
2022-01-27,g,191.56
2022-01-28,g,193.84
2022-01-29,g,196.29
2022-01-30,g,199.52
2022-01-31,g,203.25
2022-02-01,g,206.14
2022-02-02,g,208.06
2022-02-03,g,209.46
2022-02-04,g,210.3
2022-02-05,g,211.19
2022-02-06,g,210.92
2022-02-07,g,210.51
2022-02-08,g,210.88
2022-02-09,g,211.84
2022-02-10,g,212.86
2022-02-11,g,213.99
2022-02-12,g,214.73
2022-02-13,g,215.86
2022-02-14,g,216.59
2022-02-15,g,217.31
2022-02-16,g,218.29
2022-02-17,g,219.3
2022-02-18,g,220.38
2022-02-19,g,220.78
2022-02-20,g,221.05
2022-02-21,g,221.87
2022-02-22,g,222.59
2022-02-23,g,222.74
2022-02-24,g,223.32
2022-02-25,g,223.39
2022-02-26,g,224.21
2022-02-27,g,224.85
2022-02-28,g,225.07
2022-03-01,g,225.43
2022-03-02,g,225.72
2022-03-03,g,225.59
2022-03-04,g,225.85
2022-03-05,g,225.99
2022-03-06,g,226.43
2022-03-07,g,226.94
2022-03-08,g,227.38
2022-03-09,g,228.06
2022-03-10,g,227.9
2022-03-11,g,227.3
2022-03-12,g,226.73
2022-03-13,g,226
2022-03-14,g,225.12
2022-03-15,g,224.05
2022-03-16,g,223.32
2022-03-17,g,222.8
2022-03-18,g,222.72
2022-03-19,g,222.42
2022-03-20,g,221.89
2022-03-21,g,221.9
2022-03-22,g,222.07
2022-03-23,g,222.4
2022-03-24,g,222.59
2022-03-25,g,223.26
2022-03-26,g,224.22
2022-03-27,g,224.91
2022-03-28,g,225.24
2022-03-29,g,225.1
2022-03-30,g,224.89
2022-03-31,g,225.19
2022-04-01,g,224.75
2022-04-02,g,224.09
2022-04-03,g,223.92
2022-04-04,g,223.41
2022-04-05,g,223.07
2022-04-06,g,222.3
2022-04-07,g,221.86
2022-04-08,g,221.54
2022-04-09,g,221.18
2022-04-10,g,220.59
2022-04-11,g,220.57
2022-04-12,g,220.56
2022-04-13,g,220.7
2022-04-14,g,220.27
2022-04-15,g,220.2
2022-04-16,g,220.42
2022-04-17,g,220.49
2022-04-18,g,220.75
2022-04-19,g,220.83
2022-04-20,g,220.71
2022-04-21,g,220.53
2022-04-22,g,220.24
2022-04-23,g,219.97
2022-04-24,g,219.54
2022-04-25,g,218.89
2022-04-26,g,218.32
2022-04-27,g,216.53
2022-04-28,g,216.78
2022-04-29,g,216.99
2022-04-30,g,216.78
2022-05-01,g,216.68
2022-05-02,g,216.56
2022-05-03,g,216.18
2022-05-04,g,217.74
2022-05-05,g,218.02
2022-05-06,g,218.21
2022-05-07,g,217.74
2022-05-08,g,218.33
2022-05-09,g,218.44
2022-05-10,g,218.95
2022-05-11,g,218.57
2022-05-12,g,218.01
2022-05-13,g,217.27
2022-05-14,g,217.75
2022-05-15,g,217.65
2022-05-16,g,218.05
2022-05-17,g,218.22
2022-05-18,g,217.63
2022-05-19,g,217.27
2022-05-20,g,218
2022-05-21,g,216.92
2022-05-22,g,216.48
2022-05-23,g,215.91
2022-05-24,g,214.55
2022-05-25,g,213.86
2022-05-26,g,212.64
2022-05-27,g,210.32
2022-05-28,g,209.3
2022-05-29,g,207.44
2022-05-30,g,205.64
2022-05-31,g,204.89
2022-06-01,g,204.19
2022-06-02,g,203.46
2022-06-03,g,203.03
2022-06-04,g,202.76
2022-06-05,g,202.65
2022-06-06,g,202.89
2022-06-07,g,202.59
2022-06-08,g,202.91
2022-06-09,g,203.22
2022-06-10,g,203.8
2022-06-11,g,204.18
2022-06-12,g,204.34
2022-06-13,g,204.17
2022-06-14,g,204.92
2022-06-15,g,204.98
2022-06-16,g,204.31
2022-06-17,g,203.48
2022-06-18,g,202.88
2022-06-19,g,202.3
2022-06-20,g,201.64
2022-06-21,g,201.06
2022-06-22,g,200.7
2022-06-23,g,201.12
2022-06-24,g,201.44
2022-06-25,g,201.09
2022-06-26,g,201.19
2022-06-27,g,201.34
2022-06-28,g,200.94
2022-06-29,g,200.75
2022-06-30,g,200.43
2022-07-01,g,199.99
2022-07-02,g,200.11
2022-07-03,g,199.58
2022-07-04,g,199.19
2022-07-05,g,198.95
2022-07-06,g,198.5
2022-07-07,g,197.79
2022-07-08,g,197.74
2022-07-09,g,197.7
2022-07-10,g,197.86
2022-07-11,g,197.9
2022-07-12,g,198.11
2022-07-13,g,198.17
2022-07-14,g,199.23
2022-07-15,g,199.65
2022-07-16,g,200.31
2022-07-17,g,201.3
2022-07-18,g,202.21
2022-07-19,g,202.54
2022-07-20,g,203.41
2022-07-21,g,203.66
2022-07-22,g,204.16
2022-07-23,g,204.18
2022-07-24,g,204.18
2022-07-25,g,204.39
2022-07-26,g,204.88
2022-07-27,g,204.79
2022-07-28,g,204.65
2022-07-29,g,204.27
2022-07-30,g,204.09
2022-07-31,g,203.7
2022-08-01,g,203.2
2022-08-02,g,202.51
2022-08-03,g,201.63
2022-08-04,g,201.31
2022-08-05,g,201.39
2022-08-06,g,201.77
2022-08-07,g,202.13
2022-08-08,g,202.49
2022-08-09,g,202.82
2022-08-10,g,203.96
2022-08-11,g,204.32
2022-08-12,g,204.71
2022-08-13,g,204.47
2022-08-14,g,204.65
2022-08-15,g,204.92
2022-08-16,g,205.47
2022-08-17,g,205.82
2022-08-18,g,206.59
2022-08-19,g,206.77
2022-08-20,g,207.5
2022-08-21,g,208.01
2022-08-22,g,208.16
2022-08-23,g,208.33
2022-08-24,g,208.17
2022-08-25,g,207.74
2022-08-26,g,207.78
2022-08-27,g,208
2022-08-28,g,208.24
2022-08-29,g,208.57
2022-08-30,g,209.15
2022-08-31,g,209.87
2022-09-01,g,210.71
2022-09-02,g,210.6
2022-09-03,g,210.26
2022-09-04,g,209.77
2022-09-05,g,209.16
2022-09-06,g,208.51
2022-09-07,g,207.87
2022-09-08,g,207.49
2022-09-09,g,207.58
2022-09-10,g,207.69
2022-09-11,g,207.64
2022-09-12,g,207.7
2022-09-13,g,207.45
2022-09-14,g,207.1
2022-09-15,g,206.77
2022-09-16,g,206.87
2022-09-17,g,206.56
2022-09-18,g,206.26
2022-09-19,g,205.78
2022-09-20,g,205.47
2022-09-21,g,205.37
2022-09-22,g,205.01
2022-09-23,g,204
2022-09-24,g,203.57
2022-09-25,g,203.24
2022-09-26,g,203.29
2022-09-27,g,203.31
2022-09-28,g,203.01
2022-09-29,g,202.59
2022-09-30,g,202.24
2022-10-01,g,201.51
2022-10-02,g,200.98
2022-10-03,g,200.24
2022-10-04,g,199.54
2022-10-05,g,199.6
2022-10-06,g,199.87
2022-10-07,g,200.67
2022-10-08,g,201.79
2022-10-09,g,202.85
2022-10-10,g,204.07
2022-10-11,g,205.29
2022-10-12,g,206.02
2022-10-13,g,206.78
2022-10-14,g,207.31
2022-10-15,g,207.7
2022-10-16,g,207.97
2022-10-17,g,208.15
2022-10-18,g,208.63
2022-10-19,g,209.28
2022-10-20,g,209.93
2022-10-21,g,210.77
2022-10-22,g,210.82
2022-10-23,g,211.92
2022-10-24,g,212.92
2022-10-25,g,213.78
2022-10-26,g,215.2
2022-10-27,g,216.54
2022-10-28,g,217.67
2022-10-29,g,219.61
2022-10-30,g,220.83
2022-10-31,g,223.11
2022-11-01,g,224.76
2022-11-02,g,224.9
2022-11-03,g,225.01
2022-11-04,g,224.95
2022-11-05,g,224.59
2022-11-06,g,224.01
2022-11-07,g,222.58
2022-11-08,g,221.36
2022-11-09,g,221.24
2022-11-10,g,221.59
2022-11-11,g,222.23
2022-11-12,g,223.55
2022-11-13,g,224.4
2022-11-14,g,225.16
2022-11-15,g,226.16
2022-11-16,g,226.88
2022-11-17,g,226.89
2022-11-18,g,227.06
2022-11-19,g,226.01
2022-11-20,g,225.4
2022-11-21,g,224.88
2022-11-22,g,224.67
2022-11-23,g,223.9
2022-11-24,g,223.43
2022-11-25,g,222.63
2022-11-26,g,222.82
2022-11-27,g,222.61
2022-11-28,g,222.36
2022-11-29,g,221.61
2022-11-30,g,221.51
2022-12-01,g,221.19
2022-12-02,g,220.93
2022-12-03,g,220.13
2022-12-04,g,219.84
2022-12-05,g,219.9
2022-12-06,g,220.02
2022-12-07,g,219.66
2022-12-08,g,219.14
2022-12-09,g,219.54
2022-12-10,g,220.91
2022-12-11,g,222.21
2022-12-12,g,223.35
2022-12-13,g,224.87
2022-12-14,g,226.09
2022-12-15,g,226.84
2022-12-16,g,226.51
2022-12-17,g,225.42
2022-12-18,g,224.39
2022-12-19,g,223.39
2022-12-20,g,221.31
2022-12-21,g,220.17
2022-12-22,g,219.36
2022-12-23,g,217.93
2022-12-24,g,217.01
2022-12-25,g,216.04
2022-12-26,g,215.16
2022-12-27,g,215.08
2022-12-28,g,214.15
2022-12-29,g,213.81
2022-12-30,g,214.58
2022-12-31,g,214.78
2023-01-01,g,214.81
2023-01-02,g,214.76
2023-01-03,g,214.27
2023-01-04,g,214.12
2023-01-05,g,213.6
2023-01-06,g,213.46
2023-01-07,g,213.72
2023-01-08,g,214.05
2023-01-09,g,213.93
2023-01-10,g,214.2
2023-01-11,g,214.68
2023-01-12,g,215.26
2023-01-13,g,215.4
2023-01-14,g,214.65
2023-01-15,g,214.25
2023-01-16,g,213.86
2023-01-17,g,213.34
2023-01-18,g,212.73
2023-01-19,g,212.38
2023-01-20,g,211.74
2023-01-21,g,211.98
2023-01-22,g,211.59
2023-01-23,g,211.07
2023-01-24,g,211.25
2023-01-25,g,211.58
2023-01-26,g,211.73
2023-01-27,g,211.53
2023-01-28,g,211.38
2023-01-29,g,211.55
2023-01-30,g,212.11
2023-01-31,g,211.87
2023-02-01,g,211.8
2023-02-02,g,211.74
2023-02-03,g,212.27
2023-02-04,g,212.75
2023-02-05,g,213.23
2023-02-06,g,213.93
2023-02-07,g,214.21
2023-02-08,g,213.29
2023-02-09,g,212.85
2023-02-10,g,212.11
2023-02-11,g,211.57
2023-02-12,g,210.77
2023-02-13,g,209.82
2023-02-14,g,209.45
2023-02-15,g,209.93
2023-02-16,g,210.13
2023-02-17,g,210.83
2023-02-18,g,210.71
2023-02-19,g,211.23
2023-02-20,g,211.47
2023-02-21,g,211.85
2023-02-22,g,212.3
2023-02-23,g,212.45
2023-02-24,g,211.26
2023-02-25,g,210.22
2023-02-26,g,208.58
2023-02-27,g,206.87
2023-02-28,g,205.36
2023-03-01,g,203.84
2023-03-02,g,202.51
2023-03-03,g,201.99
2023-03-04,g,202.66
2023-03-05,g,203.32
2023-03-06,g,204.01
2023-03-07,g,204.68
2023-03-08,g,205.63
2023-03-09,g,206.55
2023-03-10,g,208.14
2023-03-11,g,209.36
2023-03-12,g,210.85
2023-03-13,g,212.71
2023-03-14,g,214.39
2023-03-15,g,215.9
2023-03-16,g,217.78
2023-03-17,g,219.09
2023-03-18,g,218.85
2023-03-19,g,219.61
2023-03-20,g,219.91
2023-03-21,g,219.97
2023-03-22,g,220.29
2023-03-23,g,220.4
2023-03-24,g,220.05
2023-03-25,g,221.03
2023-03-26,g,221.04
2023-03-27,g,220.32
2023-03-28,g,220.51
2023-03-29,g,219.94
2023-03-30,g,218.97
2023-03-31,g,218.38
2023-04-01,g,217.44
2023-04-02,g,216.58
2023-04-03,g,216.5
2023-04-04,g,215.98
2023-04-05,g,215.96
2023-04-06,g,216.53
2023-04-07,g,216.87
2023-04-08,g,217.37
2023-04-09,g,217.75
2023-04-10,g,218.34
2023-04-11,g,218.3
2023-04-12,g,218.64
2023-04-13,g,218.64
2023-04-14,g,219.06
2023-04-15,g,218.83
2023-04-16,g,218.93
2023-04-17,g,218.73
2023-04-18,g,218.7
2023-04-19,g,218.81
2023-04-20,g,218.45
2023-04-21,g,217.82
2023-04-22,g,218.07
2023-04-23,g,217.88
2023-04-24,g,217.72
2023-04-25,g,217.74
2023-04-26,g,216.96
2023-04-27,g,216.17
2023-04-28,g,216.12
2023-04-29,g,215.35
2023-04-30,g,214.3
2023-05-01,g,213.77
2023-05-02,g,212.35
2023-05-03,g,211.56
2023-05-04,g,210.67
2023-05-05,g,209.89
2023-05-06,g,209.89
2023-05-07,g,210.14
2023-05-08,g,210.22
2023-05-09,g,210.66
2023-05-10,g,211.09
2023-05-11,g,211.64
2023-05-12,g,211.17
2023-05-13,g,210.37
2023-05-14,g,209.71
2023-05-15,g,208.36
2023-05-16,g,207.85
2023-05-17,g,206.91
2023-05-18,g,206.5
2023-05-19,g,206.72
2023-05-20,g,207.46
2023-05-21,g,207.64
2023-05-22,g,208.38
2023-05-23,g,208.86
2023-05-24,g,209.05
2023-05-25,g,209.42
2023-05-26,g,209.36
2023-05-27,g,208.41
2023-05-28,g,208.15
2023-05-29,g,207.82
2023-05-30,g,207.27
2023-05-31,g,206.85
2023-06-01,g,205.94
2023-06-02,g,205.72
2023-06-03,g,205.38
2023-06-04,g,204.93
2023-06-05,g,204.66
2023-06-06,g,204.19
2023-06-07,g,204.21
2023-06-08,g,204.39
2023-06-09,g,203.8
2023-06-10,g,203.62
2023-06-11,g,203.28
2023-06-12,g,202.64
2023-06-13,g,202.35
2023-06-14,g,201.53
2023-06-15,g,200.5
2023-06-16,g,200.41
2023-06-17,g,199.93
2023-06-18,g,200.07
2023-06-19,g,200.34
2023-06-20,g,200.61
2023-06-21,g,200.67
2023-06-22,g,200.76
2023-06-23,g,199.78
2023-06-24,g,198.99
2023-06-25,g,198.04
2023-06-26,g,197.11
2023-06-27,g,196.45
2023-06-28,g,195.99
2023-06-29,g,195.62
2023-06-30,g,195.61
2023-07-01,g,195.78
2023-07-02,g,195.81
2023-07-03,g,195.97
2023-07-04,g,196.15
2023-07-05,g,196.64
2023-07-06,g,197.23
2023-07-07,g,197.64
2023-07-08,g,198.52
2023-07-09,g,198.97
2023-07-10,g,198.95
2023-07-11,g,198.74
2023-07-12,g,198.49
2023-07-13,g,198.34
2023-07-14,g,198.22
2023-07-15,g,197.36
2023-07-16,g,196.87
2023-07-17,g,196.56
2023-07-18,g,195.61
2023-07-19,g,194.74
2023-07-20,g,194.12
2023-07-21,g,193.74
2023-07-22,g,193.44
2023-07-23,g,193.16
2023-07-24,g,192.89
2023-07-25,g,193.71
2023-07-26,g,194.19
2023-07-27,g,194.51
2023-07-28,g,195.05
2023-07-29,g,195.72
2023-07-30,g,196.25
2023-07-31,g,197.1
2023-08-01,g,197.31
2023-08-02,g,197.76
2023-08-03,g,198.6
2023-08-04,g,199.32
2023-08-05,g,199.68
2023-08-06,g,200.08
2023-08-07,g,200.47
2023-08-08,g,200.47
2023-08-09,g,200.66
2023-08-10,g,200.19
2023-08-11,g,199.77
2023-08-12,g,199.8
2023-08-13,g,199.84
2023-08-14,g,199.32
2023-08-15,g,199.54
2023-08-16,g,199.66
2023-08-17,g,199.95
2023-08-18,g,200.3
2023-08-19,g,201.02
2023-08-20,g,201.63
2023-08-21,g,202.76
2023-08-22,g,203.79
2023-08-23,g,205.07
2023-08-24,g,206.03
2023-08-25,g,206.6
2023-08-26,g,206.95
2023-08-27,g,207.26
2023-08-28,g,207.26
2023-08-29,g,207.18
2023-08-30,g,206.83
2023-08-31,g,206.77
2023-09-01,g,206.6
2023-09-02,g,206.47
2023-09-03,g,206.4
2023-09-04,g,206.22
2023-09-05,g,206.61
2023-09-06,g,207.18
2023-09-07,g,208.56
2023-09-08,g,209.82
2023-09-09,g,210.91
2023-09-10,g,212.07
2023-09-11,g,213.13
2023-09-12,g,212.42
2023-09-13,g,211.91
2023-09-14,g,209.93
2023-09-15,g,208.5
2023-09-16,g,206.52
2023-09-17,g,204.72
2023-09-18,g,203.39
2023-09-19,g,203.1
2023-09-20,g,202.65
2023-09-21,g,202.69
2023-09-22,g,202.85
2023-09-23,g,203.16
2023-09-24,g,203.06
2023-09-25,g,202.85
2023-09-26,g,203.18
2023-09-27,g,203.18
2023-09-28,g,203.1
2023-09-29,g,202.41
2023-09-30,g,201.49
2023-10-01,g,201.22
2023-10-02,g,201.14
2023-10-03,g,200.45
2023-10-04,g,199.65
2023-10-05,g,198.92
2023-10-06,g,198.35
2023-10-07,g,198.42
2023-10-08,g,197.9
2023-10-09,g,197.23
2023-10-10,g,196.69
2023-10-11,g,195.99
2023-10-12,g,195.48
2023-10-13,g,195.13
2023-10-14,g,194.4
2023-10-15,g,193.81
2023-10-16,g,193.13
2023-10-17,g,192.58
2023-10-18,g,192.18
2023-10-19,g,191.62
2023-10-20,g,190.84
2023-10-21,g,190.42
2023-10-22,g,189.88
2023-10-23,g,189.28
2023-10-24,g,188.75
2023-10-25,g,188.58
2023-10-26,g,188.61
2023-10-27,g,188.92
2023-10-28,g,189.03
2023-10-29,g,189.17
2023-10-30,g,189.69
2023-10-31,g,189.81
2023-11-01,g,189.68
2023-11-02,g,189.29
2023-11-03,g,188.89
2023-11-04,g,188.59
2023-11-05,g,188.27
2023-11-06,g,187.83
2023-11-07,g,187.69
2023-11-08,g,187.29
2023-11-09,g,187.05
2023-11-10,g,186.59
2023-11-11,g,186.4
2023-11-12,g,186.11
2023-11-13,g,185.44
2023-11-14,g,184.59
2023-11-15,g,184.13
2023-11-16,g,183.89
2023-11-17,g,183.36
2023-11-18,g,182.49
2023-11-19,g,181.62
2023-11-20,g,181.01
2023-11-21,g,180.59
2023-11-22,g,179.93
2023-11-23,g,179.13
2023-11-24,g,178.59
2023-11-25,g,178.3
2023-11-26,g,178.03
2023-11-27,g,177.65
2023-11-28,g,177.11
2023-11-29,g,176.77
2023-11-30,g,176.42
2023-12-01,g,175.94
2023-12-02,g,175.62
2023-12-03,g,175.45
2023-12-04,g,175.35
2023-12-05,g,175.46
2023-12-06,g,175.32
2023-12-07,g,174.71
2023-12-08,g,174.66
2023-12-09,g,173.91
2023-12-10,g,173.36
2023-12-11,g,173
2023-12-12,g,172.73
2023-12-13,g,172.65
2023-12-14,g,172.91
2023-12-15,g,172.43
2023-12-16,g,172.29
2023-12-17,g,171.99
2023-12-18,g,171.45
2023-12-19,g,170.7
2023-12-20,g,169.84
2023-12-21,g,168.95
2023-12-22,g,168.54
2023-12-23,g,168.17
2023-12-24,g,167.64
2023-12-25,g,167.59
2023-12-26,g,167.53
2023-12-27,g,167.35
2023-12-28,g,167.12
2023-12-29,g,166.82
2023-12-30,g,166.36
2023-12-31,g,165.61
2024-01-01,g,165.07
2024-01-02,g,164.62
2024-01-03,g,164.92
2024-01-04,g,165.85
2024-01-05,g,167.01
2024-01-06,g,168.02
2024-01-07,g,169.42
2024-01-08,g,169.78
2024-01-09,g,170.45
2024-01-10,g,170.86
2024-01-11,g,170.61
2024-01-12,g,170.31
2024-01-13,g,170.14
2024-01-14,g,170.29
2024-01-15,g,170.75
2024-01-16,g,170.65
2024-01-17,g,170.14
2024-01-18,g,169.68
2024-01-19,g,169.2
2024-01-20,g,169.1
2024-01-21,g,168.36
2024-01-22,g,167.83
2024-01-23,g,167.64
2024-01-24,g,167.19
2024-01-25,g,167.09
2024-01-26,g,167.13
2024-01-27,g,167.27
2024-01-28,g,167.55
2024-01-29,g,167.98
2024-01-30,g,168.62
2024-01-31,g,169.27
2024-02-01,g,169.62
2024-02-02,g,169.81
2024-02-03,g,169.93
2024-02-04,g,169.91
2024-02-05,g,169.86
2024-02-06,g,168.98
2024-02-07,g,168.58
2024-02-08,g,168.5
2024-02-09,g,168.33
2024-02-10,g,167.89
2024-02-11,g,167.5
2024-02-12,g,167.05
2024-02-13,g,166.85
2024-02-14,g,166.6
2024-02-15,g,166.35
2024-02-16,g,166.03
2024-02-17,g,165.47
2024-02-18,g,165.48
2024-02-19,g,165.34
2024-02-20,g,165.74
2024-02-21,g,165.84
2024-02-22,g,165.66
2024-02-23,g,165.79
2024-02-24,g,166.28
2024-02-25,g,166.45
2024-02-26,g,166.62
2024-02-27,g,166.54
2024-02-28,g,166.72
2024-02-29,g,167.24
2024-03-01,g,167.24
2024-03-02,g,166.91
2024-03-03,g,166.69
2024-03-04,g,165.98
2024-03-05,g,165.34
2024-03-06,g,164.68
2024-03-07,g,163.7
2024-03-08,g,162.9
2024-03-09,g,162.16
2024-03-10,g,160.74
2024-03-11,g,159.62
2024-03-12,g,159.21
2024-03-13,g,158.86
2024-03-14,g,158.84
2024-03-15,g,158.96
2024-03-16,g,158.87
2024-03-17,g,159.82
2024-03-18,g,161.31
2024-03-19,g,161.91
2024-03-20,g,162.38
2024-03-21,g,162.55
2024-03-22,g,162.86
2024-03-23,g,163.31
2024-03-24,g,163.27
2024-03-25,g,162.95
2024-03-26,g,162.85
2024-03-27,g,162.71
2024-03-28,g,162.72
2024-03-29,g,162.71
2024-03-30,g,162.67
2024-03-31,g,162.71
2024-04-01,g,162.62
2024-04-02,g,162.47
2024-04-03,g,161.63
2024-04-04,g,161.17
2024-04-05,g,160.38
2024-04-06,g,160.05
2024-04-07,g,159.71
2024-04-08,g,159.45
2024-04-09,g,159.39
2024-04-10,g,160.38
2024-04-11,g,160.74
2024-04-12,g,160.95
2024-04-13,g,161.13
2024-04-14,g,161.18
2024-04-15,g,160.89
2024-04-16,g,160.74
2024-04-17,g,160.21
2024-04-18,g,159.84
2024-04-19,g,159.86
2024-04-20,g,159.54
2024-04-21,g,159.37
2024-04-22,g,159.29
2024-04-23,g,158.96
2024-04-24,g,158.44
2024-04-25,g,158.01
2024-04-26,g,157.6
2024-04-27,g,157.55
2024-04-28,g,157.57
2024-04-29,g,157.84
2024-04-30,g,158.37
2024-05-01,g,158.92
2024-05-02,g,159.53
2024-05-03,g,159.96
2024-05-04,g,160.32
2024-05-05,g,160.58
2024-05-06,g,160.87
2024-05-07,g,160.26
2024-05-08,g,160.02
2024-05-09,g,159.58
2024-05-10,g,159.04
2024-05-11,g,158.49
2024-05-12,g,158.04
2024-05-13,g,157.61
2024-05-14,g,157.58
2024-05-15,g,157.68
2024-05-16,g,157.94
2024-05-17,g,158.33
2024-05-18,g,157.45
2024-05-19,g,156.14
2024-05-20,g,155.06
2024-05-21,g,154.06
2024-05-22,g,153.79
2024-05-23,g,153.25
2024-05-24,g,152.81
2024-05-25,g,153.22
2024-05-26,g,154.09
2024-05-27,g,154.52
2024-05-28,g,155.41
2024-05-29,g,155.49
2024-05-30,g,155.58
2024-05-31,g,155.66
2024-06-01,g,155.97
2024-06-02,g,155.96
2024-06-03,g,156.45
2024-06-04,g,156.44
2024-06-05,g,155.96
2024-06-06,g,155.73
2024-06-07,g,155.5
2024-06-08,g,155.43
2024-06-09,g,155.76
2024-06-10,g,155.65
2024-06-11,g,155.83
2024-06-12,g,156.39
2024-06-13,g,156.81
2024-06-14,g,154.97
2024-06-15,g,152.19
2024-06-16,g,149.82
2024-06-17,g,147.48
2024-06-18,g,144.6
2024-06-19,g,141.33
2024-06-20,g,138.14
2024-06-21,g,137.06
2024-06-22,g,137.03
2024-06-23,g,136.34
2024-06-24,g,135.76
2024-06-25,g,135.6
2024-06-26,g,135.74
2024-06-27,g,135.87
2024-06-28,g,136.1
2024-06-29,g,136.24
2024-06-30,g,136.56
2024-07-01,g,136.79
2024-07-02,g,136.99
2024-07-03,g,136.93
2024-07-04,g,136.86
2024-07-05,g,136.53
2024-07-06,g,136.01
2024-07-07,g,135.55
2024-07-08,g,134.84
2024-07-09,g,133.85
2024-07-10,g,133.59
2024-07-11,g,133.13
2024-07-12,g,133.26
2024-07-13,g,133.74
2024-07-14,g,134.09
2024-07-15,g,134.52
2024-07-16,g,135.11
2024-07-17,g,135.14
2024-07-18,g,135.53
2024-07-19,g,136.11
2024-07-20,g,135.34
2024-07-21,g,135.06
2024-07-22,g,134.66
2024-07-23,g,134.46
2024-07-24,g,134.36
2024-07-25,g,133.43
2024-07-26,g,132.48
2024-07-27,g,132.55
2024-07-28,g,132.04
2024-07-29,g,131.9
2024-07-30,g,131.94
2024-07-31,g,131.77
2024-08-01,g,132.26
2024-08-02,g,132.36
2024-08-03,g,132.36
2024-08-04,g,132.49
2024-08-05,g,132.57
2024-08-06,g,132.17
2024-08-07,g,131.95
2024-08-08,g,131.87
2024-08-09,g,131.72
2024-08-10,g,131.42
2024-08-11,g,131.2
2024-08-12,g,130.91
2024-08-13,g,131.01
2024-08-14,g,131
2024-08-15,g,130.99
2024-08-16,g,130.99
2024-08-17,g,131.37
2024-08-18,g,131.55
2024-08-19,g,131.61
2024-08-20,g,131.56
2024-08-21,g,131.33
2024-08-22,g,131.05
2024-08-23,g,130.79
2024-08-24,g,130.19
2024-08-25,g,129.85
2024-08-26,g,129.48
2024-08-27,g,129.09
2024-08-28,g,128.92
2024-08-29,g,128.64
2024-08-30,g,128.41
2024-08-31,g,128.63
2024-09-01,g,128.58
2024-09-02,g,128.98
2024-09-03,g,129.32
2024-09-04,g,129.52
2024-09-05,g,129.98
2024-09-06,g,130.34
2024-09-07,g,130.78
2024-09-08,g,131.28
2024-09-09,g,131.34
2024-09-10,g,131.53
2024-09-11,g,131.87
2024-09-12,g,131.97
2024-09-13,g,132.16
2024-09-14,g,132.31
2024-09-15,g,132.36
2024-09-16,g,132.46
2024-09-17,g,132.75
2024-09-18,g,133.17
2024-09-19,g,133.56
2024-09-20,g,133.96
2024-09-21,g,133.89
2024-09-22,g,134.04
2024-09-23,g,134.23
2024-09-24,g,134.07
2024-09-25,g,133.96
2024-09-26,g,133.84
2024-09-27,g,133.88
2024-09-28,g,133.93
2024-09-29,g,134.01
2024-09-30,g,134
2024-10-01,g,134.11
2024-10-02,g,133.66
2024-10-03,g,133.32
2024-10-04,g,132.59
2024-10-05,g,131.91
2024-10-06,g,131.03
2024-10-07,g,130.44
2024-10-08,g,129.64
2024-10-09,g,129.23
2024-10-10,g,128.41
2024-10-11,g,127.87
2024-10-12,g,127.79
2024-10-13,g,127.7
2024-10-14,g,127.39
2024-10-15,g,127.33
2024-10-16,g,127.42
2024-10-17,g,127.65
2024-10-18,g,127.74
2024-10-19,g,127.38
2024-10-20,g,127.18
2024-10-21,g,127
2024-10-22,g,126.88
2024-10-23,g,126.75
2024-10-24,g,127
2024-10-25,g,127.08
2024-10-26,g,127.23
2024-10-27,g,127.18
2024-10-28,g,127.61
2024-10-29,g,127.71
2024-10-30,g,127.95
2024-10-31,g,128.28
2024-11-01,g,128.64
2024-11-02,g,128.64
2024-11-03,g,128.8
2024-11-04,g,128.36
2024-11-05,g,128.37
2024-11-06,g,128.16
2024-11-07,g,127.53
2024-11-08,g,127.34
2024-11-09,g,127.49
2024-11-10,g,127.46
2024-11-11,g,127.42
2024-11-12,g,127.65
2024-11-13,g,127.67
2024-11-14,g,128.04
2024-11-15,g,128.4
2024-11-16,g,128.87
2024-11-17,g,129.31
2024-11-18,g,130.08
2024-11-19,g,130.33
2024-11-20,g,130.97
2024-11-21,g,131.17
2024-11-22,g,131.19
2024-11-23,g,131.25
2024-11-24,g,131.43
2024-11-25,g,131.46
2024-11-26,g,131.61
2024-11-27,g,131.47
2024-11-28,g,131.63
2024-11-29,g,132.11
2024-11-30,g,132.48
2024-12-01,g,132.73
2024-12-02,g,133.06
2024-12-03,g,132.95
2024-12-04,g,132.94
2024-12-05,g,132.94
2024-12-06,g,132.73
2024-12-07,g,132.65
2024-12-08,g,132.63
2024-12-09,g,132.64
2024-12-10,g,133.15
2024-12-11,g,133.35
2024-12-12,g,133.44
2024-12-13,g,133.29
2024-12-14,g,132.68
2024-12-15,g,132.43
2024-12-16,g,132.25
2024-12-17,g,131.73
2024-12-18,g,131.25
2024-12-19,g,130.74
2024-12-20,g,130.44
2024-12-21,g,130.79
2024-12-22,g,130.82
2024-12-23,g,130.83
2024-12-24,g,131.17
2024-12-25,g,131.81
2024-12-26,g,132.37
2024-12-27,g,132.57
2024-12-28,g,132.43
2024-12-29,g,132.11
2024-12-30,g,131.69
2024-12-31,g,131.14
2025-01-01,g,130.5
2025-01-02,g,129.83
2025-01-03,g,129.27
2025-01-04,g,128.82
2025-01-05,g,128.59
2025-01-06,g,128.25
2025-01-07,g,127.75
2025-01-08,g,127.47
2025-01-09,g,127.46
2025-01-10,g,127.48
2025-01-11,g,127.45
2025-01-12,g,127.39
2025-01-13,g,127.32
2025-01-14,g,127.85
2025-01-15,g,128.08
2025-01-16,g,128.35
2025-01-17,g,128.82
2025-01-18,g,129
2025-01-19,g,129.29
2025-01-20,g,129.7
2025-01-21,g,129.87
2025-01-22,g,130.26
2025-01-23,g,130.5
2025-01-24,g,130.38
2025-01-25,g,130.55
2025-01-26,g,130.52
2025-01-27,g,130.31
2025-01-28,g,130.08
2025-01-29,g,129.65
2025-01-30,g,129.19
2025-01-31,g,128.8
2025-02-01,g,128.29
2025-02-02,g,127.82
2025-02-03,g,127.58
2025-02-04,g,126.94
2025-02-05,g,126.47
2025-02-06,g,126.16
2025-02-07,g,126.32
2025-02-08,g,126.7
2025-02-09,g,127.22
2025-02-10,g,127.69
2025-02-11,g,128.28
2025-02-12,g,128.63
2025-02-13,g,129.32
2025-02-14,g,129.4
2025-02-15,g,129.52
2025-02-16,g,129.73
2025-02-17,g,129.92
2025-02-18,g,130.16
2025-02-19,g,130.32
2025-02-20,g,129.86
2025-02-21,g,129.91
2025-02-22,g,129.81
2025-02-23,g,129.54
2025-02-24,g,129.51
2025-02-25,g,129.76
2025-02-26,g,130.52
2025-02-27,g,131.35
2025-02-28,g,131.85
2025-03-01,g,131.98
2025-03-02,g,132.42
2025-03-03,g,132.36
2025-03-04,g,132.02
2025-03-05,g,131.57
2025-03-06,g,131.27
2025-03-07,g,131.13
2025-03-08,g,131.45
2025-03-09,g,131.43
2025-03-10,g,131.4
2025-03-11,g,131.19
2025-03-12,g,130.4
2025-03-13,g,129.34
2025-03-14,g,128.28
2025-03-15,g,127.05
2025-03-16,g,125.88
2025-03-17,g,125.06
2025-03-18,g,124.29
2025-03-19,g,123.76
2025-03-20,g,123.43
2025-03-21,g,123.28
2025-03-22,g,123.2
2025-03-23,g,123.16
2025-03-24,g,122.97
2025-03-25,g,122.9
2025-03-26,g,123.02
2025-03-27,g,122.95
2025-03-28,g,122.72
2025-03-29,g,122.27
2025-03-30,g,121.89
2025-03-31,g,121.86
2025-04-01,g,121.82
2025-04-02,g,121.92
2025-04-03,g,122.24
2025-04-04,g,122.44
2025-04-05,g,122.88
2025-04-06,g,123.18
2025-04-07,g,123.15
2025-04-08,g,122.96
2025-04-09,g,122.71
2025-04-10,g,122.16
2025-04-11,g,121.89
2025-04-12,g,121.61
2025-04-13,g,121.28
2025-04-14,g,121.13
2025-04-15,g,121.21
2025-04-16,g,121.23
2025-04-17,g,121.27
2025-04-18,g,121.12
2025-04-19,g,120.89
2025-04-20,g,120.69
2025-04-21,g,120.41
2025-04-22,g,119.97
2025-04-23,g,119.4
2025-04-24,g,118.92
2025-04-25,g,118.43
2025-04-26,g,117.88
2025-04-27,g,117.02
2025-04-28,g,116.32
2025-04-29,g,115.83
2025-04-30,g,115.33
2025-05-01,g,114.94
2025-05-02,g,114.95
2025-05-03,g,115.31
2025-05-04,g,116.23
2025-05-05,g,117.05
2025-05-06,g,117.41
2025-05-07,g,118.06
2025-05-08,g,118.82
2025-05-09,g,119.21
2025-05-10,g,119.24
2025-05-11,g,118.94
2025-05-12,g,118.74
2025-05-13,g,118.87
2025-05-14,g,118.93
2025-05-15,g,118.95
2025-05-16,g,119.03
2025-05-17,g,119.07
2025-05-18,g,119.45
2025-05-19,g,119.47
2025-05-20,g,119.57
2025-05-21,g,119.34
2025-05-22,g,118.84
2025-05-23,g,118.38
2025-05-24,g,117.95
2025-05-25,g,117.3
2025-05-26,g,116.87
2025-05-27,g,116.31
2025-05-28,g,116.15
2025-05-29,g,115.96
2025-05-30,g,115.51
2025-05-31,g,115.35
2025-06-01,g,115.49
2025-06-02,g,115.49
2025-06-03,g,115.48
2025-06-04,g,115.06
2025-06-05,g,114.79
2025-06-06,g,114.8
2025-06-07,g,114.81
2025-06-08,g,114.36
2025-06-09,g,114.07
2025-06-10,g,114.13
2025-06-11,g,114.55
2025-06-12,g,115.27
2025-06-13,g,115.68
2025-06-14,g,115.43
2025-06-15,g,115.9
2025-06-16,g,116.13
2025-06-17,g,116
2025-06-18,g,115.78
2025-06-19,g,115.26
2025-06-20,g,115.01
2025-06-21,g,115.3
2025-06-22,g,115.38
2025-06-23,g,115.6
2025-06-24,g,116.18
2025-06-25,g,116.66
2025-06-26,g,117.23
2025-06-27,g,117.18
2025-06-28,g,117.2
2025-06-29,g,116.93
2025-06-30,g,116.77
2025-07-01,g,116.33
2025-07-02,g,116.08
2025-07-03,g,115.95
2025-07-04,g,116.26
2025-07-05,g,116.56
2025-07-06,g,117.02
2025-07-07,g,117.56
2025-07-08,g,117.81
2025-07-09,g,117.87
2025-07-10,g,117.93
2025-07-11,g,117.65
2025-07-12,g,117.09
2025-07-13,g,116.19
2025-07-14,g,115.13
2025-07-15,g,114.49
2025-07-16,g,114.04
2025-07-17,g,113.58
2025-07-18,g,113.8
2025-07-19,g,114.08
2025-07-20,g,114.76
2025-07-21,g,115.08
2025-07-22,g,115.27
2025-07-23,g,115.24
2025-07-24,g,115.24
2025-07-25,g,114.87
2025-07-26,g,114.9
2025-07-27,g,114.64
2025-07-28,g,114.57
2025-07-29,g,114.47
2025-07-30,g,114.57
2025-07-31,g,114.35
2025-08-01,g,113.93
2025-08-02,g,113.57
2025-08-03,g,113.11
2025-08-04,g,112.88
2025-08-05,g,112.29
2025-08-06,g,111.55
2025-08-07,g,111.26
2025-08-08,g,111.26
2025-08-09,g,111.02
2025-08-10,g,110.69
2025-08-11,g,110.24
2025-08-12,g,110.11
2025-08-13,g,110.48
2025-08-14,g,110.62
2025-08-15,g,110.51
2025-08-16,g,110.37
2025-08-17,g,110.4
2025-08-18,g,110.41
2025-08-19,g,110.68
2025-08-20,g,110.81
2025-08-21,g,111
2025-08-22,g,111.56
2025-08-23,g,112.03
2025-08-24,g,112.45
2025-08-25,g,113.09
2025-08-26,g,113.31
2025-08-27,g,113.2
2025-08-28,g,112.91
2025-08-29,g,112.71
2025-08-30,g,112.49
2025-08-31,g,112.34
2025-09-01,g,111.98
2025-09-02,g,112.21
2025-09-03,g,112.51
2025-09-04,g,113.02
2025-09-05,g,113.18
2025-09-06,g,113.64
2025-09-07,g,114.2
2025-09-08,g,114.8
2025-09-09,g,115.23
2025-09-10,g,115.71
2025-09-11,g,115.94
2025-09-12,g,115.87
2025-09-13,g,115.36
2025-09-14,g,114.63
2025-09-15,g,113.78
2025-09-16,g,112.68
2025-09-17,g,111.67
2025-09-18,g,110.77
2025-09-19,g,110.51
2025-09-20,g,110.15
2025-09-21,g,109.94
2025-09-22,g,109.83
2025-09-23,g,109.78
2025-09-24,g,109.73
2025-09-25,g,109.69
2025-09-26,g,109.28
2025-09-27,g,109.18
2025-09-28,g,109.21
2025-09-29,g,109.29
2025-09-30,g,109.68
2025-10-01,g,110.15
2025-10-02,g,110.89
2025-10-03,g,111.69
2025-10-04,g,112.56
2025-10-05,g,113.24
2025-10-06,g,113.82
2025-10-07,g,113.96
2025-10-08,g,114.19
2025-10-09,g,114.04
2025-10-10,g,114.34
2025-10-11,g,114.33
2025-10-12,g,114.08
2025-10-13,g,113.99
2025-10-14,g,114.36
2025-10-15,g,114.47
2025-10-16,g,114.33
2025-10-17,g,114.16
2025-10-18,g,114.01
2025-10-19,g,114.2
2025-10-20,g,114.23
2025-10-21,g,113.74
2025-10-22,g,113.7
2025-10-23,g,113.61
2025-10-24,g,113.16
2025-10-25,g,112.91
2025-10-26,g,112.5
2025-10-27,g,112.37
2025-10-28,g,112.05
2025-10-29,g,111.25
2025-10-30,g,110.81
2025-10-31,g,110.81
2025-11-01,g,110.49
2025-11-02,g,110.55
2025-11-03,g,110.38
2025-11-04,g,110.51
2025-11-05,g,110.49
2025-11-06,g,110.51
2025-11-07,g,110.15
2025-11-08,g,110.2
2025-11-09,g,110.17
2025-11-10,g,109.88
2025-11-11,g,110.06
2025-11-12,g,110.44
2025-11-13,g,111.28
2025-11-14,g,111.71
2025-11-15,g,112.07
2025-11-16,g,112.18
2025-11-17,g,112.61
2025-11-18,g,112.7
2025-11-19,g,112.28
2025-11-20,g,111.46
2025-11-21,g,111.25
2025-11-22,g,111.2
2025-11-23,g,110.97
2025-11-24,g,110.84
2025-11-25,g,110.63
2025-11-26,g,110.56
2025-11-27,g,110.26
2025-11-28,g,109.88
2025-11-29,g,109.17
2025-11-30,g,108.66
2025-12-01,g,108.06
2025-12-02,g,107.35
2025-12-03,g,106.9
2025-12-04,g,106.44
2025-12-05,g,105.99
2025-12-06,g,105.75
2025-12-07,g,105.38
2025-12-08,g,105.28
2025-12-09,g,105.03
2025-12-10,g,104.73
2025-12-11,g,104.68
2025-12-12,g,104.56
2025-12-13,g,104.4
2025-12-14,g,104.24
2025-12-15,g,103.75
2025-12-16,g,103.79
2025-12-17,g,104.03
2025-12-18,g,104.19
2025-12-19,g,104.39
2025-12-20,g,104.82
2025-12-21,g,105.24
2025-12-22,g,105.72
2025-12-23,g,106.21
2025-12-24,g,106.7
2025-12-25,g,107.2
2025-12-26,g,107.58
2025-12-27,g,107.88
2025-12-28,g,108.21
2025-12-29,g,108.89
2025-12-30,g,109.1
2025-12-31,g,109.08
2026-01-01,g,108.53
2026-01-02,g,107.99
2026-01-03,g,107.16
2026-01-04,g,106.31
2026-01-05,g,105.22
2026-01-06,g,104.57
2026-01-07,g,104.16
2026-01-08,g,104.72
2026-01-09,g,105.9
2026-01-10,g,107.18
2026-01-11,g,108.49
2026-01-12,g,109.66
2026-01-13,g,110.68
2026-01-14,g,111.95
2026-01-15,g,112.92
2026-01-16,g,113.61
2026-01-17,g,114.36
2026-01-18,g,115.06
2026-01-19,g,115.97
2026-01-20,g,116.79
2026-01-21,g,117.21
2026-01-22,g,117.54
2026-01-23,g,117.74
2026-01-24,g,117.57
2026-01-25,g,117.34
2026-01-26,g,116.61
2026-01-27,g,116.08
2026-01-28,g,115.6
2026-01-29,g,115.25
2026-01-30,g,114.6
2026-01-31,g,114.26
2026-02-01,g,114.25
2026-02-02,g,114.62
2026-02-03,g,114.52
2026-02-04,g,114.46
2026-02-05,g,114.41
2026-02-06,g,114.76
2026-02-07,g,115.02
2026-02-08,g,115.03
2026-02-09,g,115.02
2026-02-10,g,115.37
2026-02-11,g,115.75
2026-02-12,g,115.95
2026-02-13,g,116.13
2026-02-14,g,116.49
2026-02-15,g,116.97
2026-02-16,g,117.45
2026-02-17,g,118.02
2026-02-18,g,118.51
2026-02-19,g,119.09
2026-02-20,g,119.26
2026-02-21,g,119.2
2026-02-22,g,118.89
2026-02-23,g,118.53
2026-02-24,g,118.29
2026-02-25,g,118.07
2026-02-26,g,118.08
2026-02-27,g,118.3
2026-02-28,g,118.45
2026-03-01,g,118.82
2026-03-02,g,119.18
2026-03-03,g,119.44
2026-03-04,g,119.66
2026-03-05,g,119.87
2026-03-06,g,119.89
2026-03-07,g,120.18
2026-03-08,g,120.44
2026-03-09,g,120.8
2026-03-10,g,120.56
2026-03-11,g,119.94
2026-03-12,g,119.38
2026-03-13,g,118.78
2026-03-14,g,117.85
2026-03-15,g,116.8
2026-03-16,g,115.78
2026-03-17,g,115.35
2026-03-18,g,114.88
2026-03-19,g,114.04
2026-03-20,g,113.1
2026-03-21,g,112.15
2026-03-22,g,111.17
2026-03-23,g,110.29
2026-03-24,g,109.5
2026-03-25,g,109.44
2026-03-26,g,109.2
2026-03-27,g,108.96
2026-03-28,g,108.74
2026-03-29,g,108.59
2026-03-30,g,108.36
2026-03-31,g,107.71
2026-04-01,g,107.07
2026-04-02,g,106.51
2026-04-03,g,106.51
2026-04-04,g,106.68
2026-04-05,g,106.8
2026-04-06,g,106.29
2026-04-07,g,105.73
2026-04-08,g,104.88
2026-04-09,g,104.17
2026-04-10,g,103.1
2026-04-11,g,101.88
2026-04-12,g,100.7
2026-04-13,g,100.09
2026-04-14,g,99.4
2026-04-15,g,98.46
2026-04-16,g,97.6
2026-04-17,g,97.34
2026-04-18,g,97
2026-04-19,g,96.97
2026-04-20,g,96.82
2026-04-21,g,97.26
2026-04-22,g,98.57
2026-04-23,g,99.81
2026-04-24,g,100.66
2026-04-25,g,101.16
2026-04-26,g,101.22
2026-04-27,g,101.13
2026-04-28,g,101.07
2026-04-29,g,101.23
2026-04-30,g,101.39
2026-05-01,g,101.31
2026-05-02,g,101.86
2026-05-03,g,102.6
2026-05-04,g,103.76
2026-05-05,g,104.38
2026-05-06,g,104.57
2026-05-07,g,104.62
2026-05-08,g,104.91
2026-05-09,g,104.91
2026-05-10,g,104.92
2026-05-11,g,104.5
2026-05-12,g,104.54
2026-05-13,g,104.3
2026-05-14,g,103.91
2026-05-15,g,103.17
2026-05-16,g,102.59
2026-05-17,g,101.93
2026-05-18,g,101.62
2026-05-19,g,100.95
2026-05-20,g,100.11
2026-05-21,g,99.2
2026-05-22,g,98.64
2026-05-23,g,98.14
2026-05-24,g,97.52
2026-05-25,g,96.23
2026-05-26,g,95.06
2026-05-27,g,94.03
2026-05-28,g,93.31
2026-05-29,g,92.59
2026-05-30,g,92.56
2026-05-31,g,92.77
2026-06-01,g,93.85
2026-06-02,g,94.21
2026-06-03,g,95.15
2026-06-04,g,96
2026-06-05,g,95.98
2026-06-06,g,96.27
2026-06-07,g,96.44
2026-06-08,g,95.7
2026-06-09,g,95.61
2026-06-10,g,94.84
2026-06-11,g,94.04
2026-06-12,g,94.16
2026-06-13,g,93.76
2026-06-14,g,93.28
2026-06-15,g,93.24
2026-06-16,g,93.26
2026-06-17,g,93.36
2026-06-18,g,93.38
2026-06-19,g,93.28
2026-06-20,g,93.31
2026-06-21,g,93.61
2026-06-22,g,93.75
2026-06-23,g,93.96
2026-06-24,g,94.35
2026-06-25,g,94.8
2026-06-26,g,95.08
2026-06-27,g,94.98
2026-06-28,g,94.7
2026-06-29,g,94.62
2026-06-30,g,94.28
2026-07-01,g,94.04
2026-07-02,g,93.67
2026-07-03,g,93.51
2026-07-04,g,93.67
2026-07-05,g,93.81
2026-07-06,g,93.77
2026-07-07,g,94.27
2026-07-08,g,94.63
2026-07-09,g,95.2
2026-07-10,g,95.46
2026-07-11,g,95.62
2026-07-12,g,95.74
2026-07-13,g,95.68
2026-07-14,g,94.85
2026-07-15,g,94.34
2026-07-16,g,93.87
2026-07-17,g,93.57
2026-07-18,g,93.46
2026-07-19,g,93.44
2026-07-20,g,93.64
2026-07-21,g,94.2
2026-07-22,g,94.1
2026-07-23,g,94.08
2026-07-24,g,94.1
2026-07-25,g,94.1
2026-07-26,g,94.26
2026-07-27,g,94.57
2026-07-28,g,94.86
2026-07-29,g,95.32
2026-07-30,g,95.68
2026-07-31,g,95.71
2026-08-01,g,95.89
2026-08-02,g,95.74
2026-08-03,g,95.75
2026-08-04,g,95.41
2026-08-05,g,95.34
2026-08-06,g,95.05
2026-08-07,g,95.28
2026-08-08,g,94.96
2026-08-09,g,94.81
2026-08-10,g,94.11
2026-08-11,g,93.99
2026-08-12,g,93.97
2026-08-13,g,94.37
2026-08-14,g,94.56
2026-08-15,g,95.04
2026-08-16,g,95.35
2026-08-17,g,95.81
2026-08-18,g,96.42
2026-08-19,g,96.73
2026-08-20,g,96.98
2026-08-21,g,97.19
2026-08-22,g,97.37
2026-08-23,g,97.9
2026-08-24,g,98.23
2026-08-25,g,98.72
2026-08-26,g,98.8
2026-08-27,g,98.32
2026-08-28,g,97.83
2026-08-29,g,97.83
2026-08-30,g,97.69
2026-08-31,g,97.52
2026-09-01,g,97.26
2026-09-02,g,97.23
2026-09-03,g,98.09
2026-09-04,g,99.06
2026-09-05,g,99.93
2026-09-06,g,100.49
2026-09-07,g,101.64
2026-09-08,g,102.28
2026-09-09,g,102.82
2026-09-10,g,103.5
2026-09-11,g,104.18
2026-09-12,g,104.73
2026-09-13,g,105.69
2026-09-14,g,106.24
2026-09-15,g,106.96
2026-09-16,g,107.81
2026-09-17,g,107.96
2026-09-18,g,108.06
2020-02-01,ke,100
2020-02-02,ke,98.81
2020-02-03,ke,97.47
2020-02-04,ke,96.17
2020-02-05,ke,95.55
2020-02-06,ke,95.13
2020-02-07,ke,94.78
2020-02-08,ke,94.75
2020-02-09,ke,94.66
2020-02-10,ke,94.64
2020-02-11,ke,94.31
2020-02-12,ke,93.9
2020-02-13,ke,93.39
2020-02-14,ke,92.61
2020-02-15,ke,91.94
2020-02-16,ke,91.32
2020-02-17,ke,90.91
2020-02-18,ke,90.43
2020-02-19,ke,90.04
2020-02-20,ke,89.45
2020-02-21,ke,89.39
2020-02-22,ke,89.23
2020-02-23,ke,89.26
2020-02-24,ke,89.71
2020-02-25,ke,90.06
2020-02-26,ke,90.29
2020-02-27,ke,90.42
2020-02-28,ke,90.42
2020-02-29,ke,90.62
2020-03-01,ke,90.77
2020-03-02,ke,90.12
2020-03-03,ke,89.83
2020-03-04,ke,89.42
2020-03-05,ke,89.22
2020-03-06,ke,88.52
2020-03-07,ke,87.73
2020-03-08,ke,86.83
2020-03-09,ke,86.17
2020-03-10,ke,85.75
2020-03-11,ke,85.5
2020-03-12,ke,85.4
2020-03-13,ke,85.44
2020-03-14,ke,85.04
2020-03-15,ke,84.84
2020-03-16,ke,84.59
2020-03-17,ke,83.68
2020-03-18,ke,82.26
2020-03-19,ke,80.21
2020-03-20,ke,77.69
2020-03-21,ke,75.09
2020-03-22,ke,72.23
2020-03-23,ke,69.18
2020-03-24,ke,66.24
2020-03-25,ke,63.57
2020-03-26,ke,60.86
2020-03-27,ke,58.31
2020-03-28,ke,55.99
2020-03-29,ke,53.83
2020-03-30,ke,51.96
2020-03-31,ke,50.17
2020-04-01,ke,48.35
2020-04-02,ke,47.12
2020-04-03,ke,45.75
2020-04-04,ke,44.18
2020-04-05,ke,42.56
2020-04-06,ke,41.02
2020-04-07,ke,39.84
2020-04-08,ke,38.55
2020-04-09,ke,37.29
2020-04-10,ke,36.35
2020-04-11,ke,35.67
2020-04-12,ke,35.22
2020-04-13,ke,34.83
2020-04-14,ke,34.41
2020-04-15,ke,34.23
2020-04-16,ke,33.91
2020-04-17,ke,34.04
2020-04-18,ke,34.31
2020-04-19,ke,34.48
2020-04-20,ke,34.62
2020-04-21,ke,34.43
2020-04-22,ke,34.31
2020-04-23,ke,34.27
2020-04-24,ke,34.1
2020-04-25,ke,33.94
2020-04-26,ke,33.76
2020-04-27,ke,33.67
2020-04-28,ke,33.47
2020-04-29,ke,33.57
2020-04-30,ke,33.87
2020-05-01,ke,33.89
2020-05-02,ke,34.5
2020-05-03,ke,35.04
2020-05-04,ke,35.54
2020-05-05,ke,35.99
2020-05-06,ke,36.28
2020-05-07,ke,36.4
2020-05-08,ke,36.68
2020-05-09,ke,36.27
2020-05-10,ke,35.91
2020-05-11,ke,35.45
2020-05-12,ke,35.25
2020-05-13,ke,34.89
2020-05-14,ke,34.49
2020-05-15,ke,33.95
2020-05-16,ke,33.68
2020-05-17,ke,33.2
2020-05-18,ke,33.05
2020-05-19,ke,32.98
2020-05-20,ke,32.97
2020-05-21,ke,33.56
2020-05-22,ke,34.19
2020-05-23,ke,34.79
2020-05-24,ke,35.51
2020-05-25,ke,35.8
2020-05-26,ke,36.29
2020-05-27,ke,37.16
2020-05-28,ke,37.59
2020-05-29,ke,38.23
2020-05-30,ke,38.75
2020-05-31,ke,39.04
2020-06-01,ke,39.58
2020-06-02,ke,39.64
2020-06-03,ke,39.52
2020-06-04,ke,39.43
2020-06-05,ke,39.67
2020-06-06,ke,40.27
2020-06-07,ke,41.07
2020-06-08,ke,41.87
2020-06-09,ke,42.83
2020-06-10,ke,43.79
2020-06-11,ke,44.81
2020-06-12,ke,45.31
2020-06-13,ke,45.65
2020-06-14,ke,46.16
2020-06-15,ke,46.55
2020-06-16,ke,47.2
2020-06-17,ke,47.52
2020-06-18,ke,47.87
2020-06-19,ke,48.5
2020-06-20,ke,49.2
2020-06-21,ke,49.89
2020-06-22,ke,50.56
2020-06-23,ke,51.08
2020-06-24,ke,51.92
2020-06-25,ke,52.59
2020-06-26,ke,53.19
2020-06-27,ke,53.63
2020-06-28,ke,54.05
2020-06-29,ke,54.26
2020-06-30,ke,54.77
2020-07-01,ke,55.19
2020-07-02,ke,55.83
2020-07-03,ke,56.36
2020-07-04,ke,56.77
2020-07-05,ke,57.18
2020-07-06,ke,57.85
2020-07-07,ke,57.94
2020-07-08,ke,57.81
2020-07-09,ke,57.52
2020-07-10,ke,57.19
2020-07-11,ke,57.07
2020-07-12,ke,56.87
2020-07-13,ke,56.62
2020-07-14,ke,56.75
2020-07-15,ke,57.08
2020-07-16,ke,57.65
2020-07-17,ke,58.44
2020-07-18,ke,59.23
2020-07-19,ke,60.16
2020-07-20,ke,61.06
2020-07-21,ke,61.75
2020-07-22,ke,62.42
2020-07-23,ke,62.88
2020-07-24,ke,63.43
2020-07-25,ke,64.31
2020-07-26,ke,65.01
2020-07-27,ke,65.93
2020-07-28,ke,67.13
2020-07-29,ke,68.53
2020-07-30,ke,70.02
2020-07-31,ke,71.17
2020-08-01,ke,71.69
2020-08-02,ke,72.39
2020-08-03,ke,72.97
2020-08-04,ke,72.92
2020-08-05,ke,72.67
2020-08-06,ke,72.61
2020-08-07,ke,72.88
2020-08-08,ke,73.37
2020-08-09,ke,73.59
2020-08-10,ke,73.42
2020-08-11,ke,73.61
2020-08-12,ke,73.73
2020-08-13,ke,73.32
2020-08-14,ke,72.94
2020-08-15,ke,72.37
2020-08-16,ke,71.93
2020-08-17,ke,71.6
2020-08-18,ke,71.35
2020-08-19,ke,70.81
2020-08-20,ke,70.3
2020-08-21,ke,69.45
2020-08-22,ke,68.57
2020-08-23,ke,67.66
2020-08-24,ke,66.73
2020-08-25,ke,66.16
2020-08-26,ke,65.7
2020-08-27,ke,65.75
2020-08-28,ke,65.56
2020-08-29,ke,65.41
2020-08-30,ke,65.15
2020-08-31,ke,65.21
2020-09-01,ke,64.83
2020-09-02,ke,64.91
2020-09-03,ke,64.43
2020-09-04,ke,64.83
2020-09-05,ke,65.65
2020-09-06,ke,66.23
2020-09-07,ke,66.64
2020-09-08,ke,67.24
2020-09-09,ke,68.31
2020-09-10,ke,69.54
2020-09-11,ke,69.87
2020-09-12,ke,70.24
2020-09-13,ke,70.55
2020-09-14,ke,71.01
2020-09-15,ke,71.55
2020-09-16,ke,71.33
2020-09-17,ke,71.34
2020-09-18,ke,71.51
2020-09-19,ke,71.76
2020-09-20,ke,72.55
2020-09-21,ke,73.27
2020-09-22,ke,73.93
2020-09-23,ke,74.95
2020-09-24,ke,75.79
2020-09-25,ke,76.88
2020-09-26,ke,77.3
2020-09-27,ke,77.76
2020-09-28,ke,78.2
2020-09-29,ke,78.73
2020-09-30,ke,79.13
2020-10-01,ke,79.76
2020-10-02,ke,80.15
2020-10-03,ke,80.62
2020-10-04,ke,80.98
2020-10-05,ke,80.96
2020-10-06,ke,80.85
2020-10-07,ke,80.55
2020-10-08,ke,80.01
2020-10-09,ke,79.81
2020-10-10,ke,79.58
2020-10-11,ke,79.31
2020-10-12,ke,79.49
2020-10-13,ke,79.68
2020-10-14,ke,79.96
2020-10-15,ke,80.25
2020-10-16,ke,79.91
2020-10-17,ke,79.75
2020-10-18,ke,79.68
2020-10-19,ke,79.46
2020-10-20,ke,78.75
2020-10-21,ke,77.73
2020-10-22,ke,76.51
2020-10-23,ke,75.58
2020-10-24,ke,74.6
2020-10-25,ke,73.43
2020-10-26,ke,72.53
2020-10-27,ke,71.65
2020-10-28,ke,71.22
2020-10-29,ke,71.17
2020-10-30,ke,71.39
2020-10-31,ke,71.51
2020-11-01,ke,71.92
2020-11-02,ke,72.1
2020-11-03,ke,72.67
2020-11-04,ke,73.17
2020-11-05,ke,73.57
2020-11-06,ke,73.93
2020-11-07,ke,74.65
2020-11-08,ke,75.2
2020-11-09,ke,75.57
2020-11-10,ke,76.2
2020-11-11,ke,76.66
2020-11-12,ke,76.97
2020-11-13,ke,77.48
2020-11-14,ke,77.83
2020-11-15,ke,78.21
2020-11-16,ke,78.91
2020-11-17,ke,79.26
2020-11-18,ke,79.57
2020-11-19,ke,79.85
2020-11-20,ke,79.96
2020-11-21,ke,79.99
2020-11-22,ke,80.01
2020-11-23,ke,79.91
2020-11-24,ke,79.32
2020-11-25,ke,79.21
2020-11-26,ke,79.14
2020-11-27,ke,79.09
2020-11-28,ke,79.21
2020-11-29,ke,79.43
2020-11-30,ke,79.96
2020-12-01,ke,81.14
2020-12-02,ke,82.18
2020-12-03,ke,83.7
2020-12-04,ke,84.76
2020-12-05,ke,86.07
2020-12-06,ke,87.23
2020-12-07,ke,87.85
2020-12-08,ke,88.68
2020-12-09,ke,89.41
2020-12-10,ke,89.68
2020-12-11,ke,90.39
2020-12-12,ke,90.83
2020-12-13,ke,91.49
2020-12-14,ke,91.98
2020-12-15,ke,92.17
2020-12-16,ke,92.05
2020-12-17,ke,92.13
2020-12-18,ke,92.26
2020-12-19,ke,92.05
2020-12-20,ke,91.72
2020-12-21,ke,91.73
2020-12-22,ke,91.87
2020-12-23,ke,92.01
2020-12-24,ke,92.44
2020-12-25,ke,92.79
2020-12-26,ke,93.37
2020-12-27,ke,93.7
2020-12-28,ke,94.33
2020-12-29,ke,94.7
2020-12-30,ke,95.19
2020-12-31,ke,95.18
2021-01-01,ke,94.94
2021-01-02,ke,94.39
2021-01-03,ke,93.94
2021-01-04,ke,92.98
2021-01-05,ke,92.54
2021-01-06,ke,91.88
2021-01-07,ke,91.09
2021-01-08,ke,90.33
2021-01-09,ke,89.89
2021-01-10,ke,89.21
2021-01-11,ke,88.62
2021-01-12,ke,87.46
2021-01-13,ke,86.74
2021-01-14,ke,86.52
2021-01-15,ke,86
2021-01-16,ke,85.43
2021-01-17,ke,84.95
2021-01-18,ke,84.49
2021-01-19,ke,84.45
2021-01-20,ke,83.99
2021-01-21,ke,82.84
2021-01-22,ke,82.18
2021-01-23,ke,81.16
2021-01-24,ke,80.58
2021-01-25,ke,79.83
2021-01-26,ke,78.86
2021-01-27,ke,77.79
2021-01-28,ke,76.97
2021-01-29,ke,75.85
2021-01-30,ke,75.44
2021-01-31,ke,74.71
2021-02-01,ke,74.82
2021-02-02,ke,74.6
2021-02-03,ke,74.46
2021-02-04,ke,74.44
2021-02-05,ke,74.34
2021-02-06,ke,74.09
2021-02-07,ke,73.92
2021-02-08,ke,73.37
2021-02-09,ke,73.47
2021-02-10,ke,73.94
2021-02-11,ke,74.55
2021-02-12,ke,75.67
2021-02-13,ke,77.22
2021-02-14,ke,78.57
2021-02-15,ke,79.79
2021-02-16,ke,80.59
2021-02-17,ke,81.23
2021-02-18,ke,81.34
2021-02-19,ke,81.06
2021-02-20,ke,80.37
2021-02-21,ke,80.03
2021-02-22,ke,79.55
2021-02-23,ke,79.02
2021-02-24,ke,78.66
2021-02-25,ke,78.44
2021-02-26,ke,78.3
2021-02-27,ke,77.6
2021-02-28,ke,76.71
2021-03-01,ke,75.92
2021-03-02,ke,75.36
2021-03-03,ke,74.79
2021-03-04,ke,74.9
2021-03-05,ke,75
2021-03-06,ke,75.78
2021-03-07,ke,76.74
2021-03-08,ke,77.72
2021-03-09,ke,77.89
2021-03-10,ke,77.52
2021-03-11,ke,76.68
2021-03-12,ke,75.76
2021-03-13,ke,74.6
2021-03-14,ke,73.39
2021-03-15,ke,71.97
2021-03-16,ke,71.6
2021-03-17,ke,71.68
2021-03-18,ke,71.59
2021-03-19,ke,71.49
2021-03-20,ke,71.52
2021-03-21,ke,70.9
2021-03-22,ke,70.6
2021-03-23,ke,69.77
2021-03-24,ke,69.28
2021-03-25,ke,69
2021-03-26,ke,69.08
2021-03-27,ke,69.34
2021-03-28,ke,70.09
2021-03-29,ke,70.96
2021-03-30,ke,71.67
2021-03-31,ke,72.14
2021-04-01,ke,72.88
2021-04-02,ke,73.71
2021-04-03,ke,73.94
2021-04-04,ke,74.3
2021-04-05,ke,74.35
2021-04-06,ke,74.27
2021-04-07,ke,74.3
2021-04-08,ke,73.82
2021-04-09,ke,73.17
2021-04-10,ke,73.15
2021-04-11,ke,73.12
2021-04-12,ke,73.74
2021-04-13,ke,74.94
2021-04-14,ke,76.1
2021-04-15,ke,77.81
2021-04-16,ke,79.11
2021-04-17,ke,80.3
2021-04-18,ke,81.43
2021-04-19,ke,82.08
2021-04-20,ke,82.96
2021-04-21,ke,83.85
2021-04-22,ke,84.38
2021-04-23,ke,85.22
2021-04-24,ke,86.26
2021-04-25,ke,87.14
2021-04-26,ke,88.2
2021-04-27,ke,89.55
2021-04-28,ke,90.34
2021-04-29,ke,91.31
2021-04-30,ke,92.79
2021-05-01,ke,94.31
2021-05-02,ke,96.28
2021-05-03,ke,98.28
2021-05-04,ke,99.27
2021-05-05,ke,100.45
2021-05-06,ke,101.87
2021-05-07,ke,103.51
2021-05-08,ke,104.79
2021-05-09,ke,105.82
2021-05-10,ke,106.72
2021-05-11,ke,107.9
2021-05-12,ke,108.89
2021-05-13,ke,109.56
2021-05-14,ke,109.05
2021-05-15,ke,108.5
2021-05-16,ke,108.11
2021-05-17,ke,107.34
2021-05-18,ke,107
2021-05-19,ke,106.59
2021-05-20,ke,106.91
2021-05-21,ke,108.1
2021-05-22,ke,108.89
2021-05-23,ke,110.1
2021-05-24,ke,111.34
2021-05-25,ke,112.21
2021-05-26,ke,113.7
2021-05-27,ke,114.72
2021-05-28,ke,115.63
2021-05-29,ke,117.24
2021-05-30,ke,118.08
2021-05-31,ke,119.23
2021-06-01,ke,120.48
2021-06-02,ke,121.02
2021-06-03,ke,121.5
2021-06-04,ke,121.97
2021-06-05,ke,122.49
2021-06-06,ke,123.09
2021-06-07,ke,123.91
2021-06-08,ke,124.56
2021-06-09,ke,125.36
2021-06-10,ke,126.15
2021-06-11,ke,126.87
2021-06-12,ke,126.59
2021-06-13,ke,126.4
2021-06-14,ke,126.31
2021-06-15,ke,126.66
2021-06-16,ke,127.79
2021-06-17,ke,129
2021-06-18,ke,130
2021-06-19,ke,131.62
2021-06-20,ke,133.23
2021-06-21,ke,134.41
2021-06-22,ke,135.55
2021-06-23,ke,136.3
2021-06-24,ke,136.78
2021-06-25,ke,137.34
2021-06-26,ke,137.82
2021-06-27,ke,138.26
2021-06-28,ke,138.9
2021-06-29,ke,139.27
2021-06-30,ke,139.61
2021-07-01,ke,139.96
2021-07-02,ke,140.38
2021-07-03,ke,141.2
2021-07-04,ke,141.86
2021-07-05,ke,142.2
2021-07-06,ke,142.66
2021-07-07,ke,143.37
2021-07-08,ke,144.29
2021-07-09,ke,144.81
2021-07-10,ke,145.16
2021-07-11,ke,145.5
2021-07-12,ke,145.99
2021-07-13,ke,146.21
2021-07-14,ke,146.05
2021-07-15,ke,145.8
2021-07-16,ke,145.65
2021-07-17,ke,145.51
2021-07-18,ke,145.64
2021-07-19,ke,146.02
2021-07-20,ke,146.83
2021-07-21,ke,147.76
2021-07-22,ke,148.43
2021-07-23,ke,149.44
2021-07-24,ke,150.5
2021-07-25,ke,151.79
2021-07-26,ke,152.79
2021-07-27,ke,154.47
2021-07-28,ke,155.76
2021-07-29,ke,157.13
2021-07-30,ke,158.15
2021-07-31,ke,159.02
2021-08-01,ke,159.35
2021-08-02,ke,160.1
2021-08-03,ke,159.36
2021-08-04,ke,159.39
2021-08-05,ke,158.86
2021-08-06,ke,158.85
2021-08-07,ke,158.68
2021-08-08,ke,158.77
2021-08-09,ke,158.3
2021-08-10,ke,158.48
2021-08-11,ke,158.43
2021-08-12,ke,159.09
2021-08-13,ke,159.52
2021-08-14,ke,160.07
2021-08-15,ke,160.74
2021-08-16,ke,161.61
2021-08-17,ke,162.16
2021-08-18,ke,163.21
2021-08-19,ke,164.06
2021-08-20,ke,164.58
2021-08-21,ke,165.23
2021-08-22,ke,165.73
2021-08-23,ke,165.98
2021-08-24,ke,166.22
2021-08-25,ke,166.35
2021-08-26,ke,167.25
2021-08-27,ke,169.11
2021-08-28,ke,170.85
2021-08-29,ke,172.03
2021-08-30,ke,173.49
2021-08-31,ke,174.38
2021-09-01,ke,174.44
2021-09-02,ke,174.7
2021-09-03,ke,174.24
2021-09-04,ke,174.7
2021-09-05,ke,175.53
2021-09-06,ke,175.85
2021-09-07,ke,177.08
2021-09-08,ke,178.39
2021-09-09,ke,179.18
2021-09-10,ke,180.04
2021-09-11,ke,180.35
2021-09-12,ke,181.07
2021-09-13,ke,182.11
2021-09-14,ke,183.31
2021-09-15,ke,185.1
2021-09-16,ke,186.46
2021-09-17,ke,187.97
2021-09-18,ke,188.96
2021-09-19,ke,189.46
2021-09-20,ke,190.1
2021-09-21,ke,190.49
2021-09-22,ke,191.62
2021-09-23,ke,192.64
2021-09-24,ke,193.06
2021-09-25,ke,193.48
2021-09-26,ke,193.78
2021-09-27,ke,193.82
2021-09-28,ke,193.99
2021-09-29,ke,193.68
2021-09-30,ke,193.59
2021-10-01,ke,194.21
2021-10-02,ke,195.04
2021-10-03,ke,196.04
2021-10-04,ke,197.21
2021-10-05,ke,197.87
2021-10-06,ke,199.04
2021-10-07,ke,199.58
2021-10-08,ke,200.45
2021-10-09,ke,200.93
2021-10-10,ke,201.46
2021-10-11,ke,202
2021-10-12,ke,202.35
2021-10-13,ke,201.88
2021-10-14,ke,201.85
2021-10-15,ke,201.37
2021-10-16,ke,200.85
2021-10-17,ke,200.62
2021-10-18,ke,200.45
2021-10-19,ke,200.92
2021-10-20,ke,201.06
2021-10-21,ke,201.53
2021-10-22,ke,201.67
2021-10-23,ke,202.33
2021-10-24,ke,202.99
2021-10-25,ke,203.89
2021-10-26,ke,204.12
2021-10-27,ke,204.08
2021-10-28,ke,204.08
2021-10-29,ke,204.21
2021-10-30,ke,204.21
2021-10-31,ke,204.12
2021-11-01,ke,203.98
2021-11-02,ke,204.45
2021-11-03,ke,206.15
2021-11-04,ke,207.94
2021-11-05,ke,210
2021-11-06,ke,211.59
2021-11-07,ke,213.43
2021-11-08,ke,214.69
2021-11-09,ke,215.93
2021-11-10,ke,215.65
2021-11-11,ke,215.06
2021-11-12,ke,214.74
2021-11-13,ke,213.92
2021-11-14,ke,212.49
2021-11-15,ke,211.97
2021-11-16,ke,211.25
2021-11-17,ke,210.83
2021-11-18,ke,210.5
2021-11-19,ke,209.11
2021-11-20,ke,208.6
2021-11-21,ke,208.24
2021-11-22,ke,206.82
2021-11-23,ke,205.87
2021-11-24,ke,203.98
2021-11-25,ke,202.54
2021-11-26,ke,201.27
2021-11-27,ke,200.49
2021-11-28,ke,200.19
2021-11-29,ke,200.34
2021-11-30,ke,200.47
2021-12-01,ke,201.56
2021-12-02,ke,202.52
2021-12-03,ke,203.85
2021-12-04,ke,203.53
2021-12-05,ke,203.12
2021-12-06,ke,203.26
2021-12-07,ke,202.89
2021-12-08,ke,202.65
2021-12-09,ke,201.63
2021-12-10,ke,200.1
2021-12-11,ke,200.34
2021-12-12,ke,200.75
2021-12-13,ke,201.04
2021-12-14,ke,200.41
2021-12-15,ke,199.44
2021-12-16,ke,198.64
2021-12-17,ke,198.04
2021-12-18,ke,196.64
2021-12-19,ke,194.93
2021-12-20,ke,193.19
2021-12-21,ke,192.01
2021-12-22,ke,191.42
2021-12-23,ke,190.67
2021-12-24,ke,189.67
2021-12-25,ke,188.8
2021-12-26,ke,187.73
2021-12-27,ke,187.15
2021-12-28,ke,186.86
2021-12-29,ke,186.37
2021-12-30,ke,185.7
2021-12-31,ke,185.23
2022-01-01,ke,184.52
2022-01-02,ke,184.06
2022-01-03,ke,182.96
2022-01-04,ke,182.11
2022-01-05,ke,180.97
2022-01-06,ke,180.52
2022-01-07,ke,180.9
2022-01-08,ke,181.78
2022-01-09,ke,182.22
2022-01-10,ke,182.1
2022-01-11,ke,182.18
2022-01-12,ke,183.16
2022-01-13,ke,183.81
2022-01-14,ke,183.87
2022-01-15,ke,183.93
2022-01-16,ke,184.23
2022-01-17,ke,184.75
2022-01-18,ke,184.83
2022-01-19,ke,184.67
2022-01-20,ke,184.67
2022-01-21,ke,184.78
2022-01-22,ke,185
2022-01-23,ke,185.58
2022-01-24,ke,186.2
2022-01-25,ke,187.12
2022-01-26,ke,187.97
2022-01-27,ke,189.18
2022-01-28,ke,190.77
2022-01-29,ke,192.34
2022-01-30,ke,193.99
2022-01-31,ke,195.3
2022-02-01,ke,197.09
2022-02-02,ke,198.42
2022-02-03,ke,199.74
2022-02-04,ke,200.76
2022-02-05,ke,201.18
2022-02-06,ke,201.25
2022-02-07,ke,201.93
2022-02-08,ke,201.52
2022-02-09,ke,202.03
2022-02-10,ke,202.44
2022-02-11,ke,202.72
2022-02-12,ke,203.64
2022-02-13,ke,204.67
2022-02-14,ke,205.14
2022-02-15,ke,206.23
2022-02-16,ke,206.68
2022-02-17,ke,207.37
2022-02-18,ke,208.08
2022-02-19,ke,208.65
2022-02-20,ke,209.09
2022-02-21,ke,210.25
2022-02-22,ke,211.05
2022-02-23,ke,212.59
2022-02-24,ke,213.73
2022-02-25,ke,214.31
2022-02-26,ke,215.35
2022-02-27,ke,215.52
2022-02-28,ke,215.28
2022-03-01,ke,214.59
2022-03-02,ke,213.08
2022-03-03,ke,211.12
2022-03-04,ke,209.95
2022-03-05,ke,208.24
2022-03-06,ke,207.19
2022-03-07,ke,206.13
2022-03-08,ke,205.76
2022-03-09,ke,205.84
2022-03-10,ke,205.31
2022-03-11,ke,205.51
2022-03-12,ke,205.45
2022-03-13,ke,205.71
2022-03-14,ke,206.45
2022-03-15,ke,206.78
2022-03-16,ke,207.14
2022-03-17,ke,208.63
2022-03-18,ke,208.89
2022-03-19,ke,208.54
2022-03-20,ke,207.92
2022-03-21,ke,206.54
2022-03-22,ke,205.8
2022-03-23,ke,205.65
2022-03-24,ke,205.64
2022-03-25,ke,205.75
2022-03-26,ke,206.4
2022-03-27,ke,207.48
2022-03-28,ke,208.51
2022-03-29,ke,209.7
2022-03-30,ke,209.94
2022-03-31,ke,210.23
2022-04-01,ke,209.45
2022-04-02,ke,209.09
2022-04-03,ke,208.28
2022-04-04,ke,207.69
2022-04-05,ke,206.68
2022-04-06,ke,205.56
2022-04-07,ke,203.82
2022-04-08,ke,203.27
2022-04-09,ke,202.86
2022-04-10,ke,202.27
2022-04-11,ke,201.73
2022-04-12,ke,201.69
2022-04-13,ke,201.85
2022-04-14,ke,202.36
2022-04-15,ke,202.62
2022-04-16,ke,202.88
2022-04-17,ke,203.56
2022-04-18,ke,204.43
2022-04-19,ke,204.49
2022-04-20,ke,204.57
2022-04-21,ke,204.85
2022-04-22,ke,205.62
2022-04-23,ke,206.31
2022-04-24,ke,206.71
2022-04-25,ke,207.35
2022-04-26,ke,208.57
2022-04-27,ke,209.35
2022-04-28,ke,209.56
2022-04-29,ke,209.1
2022-04-30,ke,208.69
2022-05-01,ke,208.51
2022-05-02,ke,208.61
2022-05-03,ke,208.19
2022-05-04,ke,207.63
2022-05-05,ke,206.92
2022-05-06,ke,207.51
2022-05-07,ke,207.75
2022-05-08,ke,208.21
2022-05-09,ke,207.97
2022-05-10,ke,208.34
2022-05-11,ke,208.67
2022-05-12,ke,209.49
2022-05-13,ke,209.02
2022-05-14,ke,209.25
2022-05-15,ke,209.21
2022-05-16,ke,209.2
2022-05-17,ke,209.08
2022-05-18,ke,210.16
2022-05-19,ke,210.72
2022-05-20,ke,212
2022-05-21,ke,211.68
2022-05-22,ke,211.89
2022-05-23,ke,212.39
2022-05-24,ke,212.98
2022-05-25,ke,212.44
2022-05-26,ke,212.33
2022-05-27,ke,211.12
2022-05-28,ke,211
2022-05-29,ke,210.58
2022-05-30,ke,210.14
2022-05-31,ke,209.49
2022-06-01,ke,209.02
2022-06-02,ke,208.52
2022-06-03,ke,208.73
2022-06-04,ke,209.04
2022-06-05,ke,209.16
2022-06-06,ke,209.44
2022-06-07,ke,208.82
2022-06-08,ke,208.93
2022-06-09,ke,208.81
2022-06-10,ke,209.35
2022-06-11,ke,209.34
2022-06-12,ke,209.11
2022-06-13,ke,208.53
2022-06-14,ke,208.79
2022-06-15,ke,208.6
2022-06-16,ke,208.46
2022-06-17,ke,208.4
2022-06-18,ke,208.56
2022-06-19,ke,209.05
2022-06-20,ke,209.66
2022-06-21,ke,210.4
2022-06-22,ke,211.35
2022-06-23,ke,212.2
2022-06-24,ke,211.81
2022-06-25,ke,211.35
2022-06-26,ke,210.72
2022-06-27,ke,210.16
2022-06-28,ke,209.3
2022-06-29,ke,208.15
2022-06-30,ke,206.87
2022-07-01,ke,206.3
2022-07-02,ke,205.89
2022-07-03,ke,205.37
2022-07-04,ke,204.66
2022-07-05,ke,204.01
2022-07-06,ke,203.45
2022-07-07,ke,203.81
2022-07-08,ke,203.84
2022-07-09,ke,204.26
2022-07-10,ke,204.52
2022-07-11,ke,204.62
2022-07-12,ke,204.77
2022-07-13,ke,204.68
2022-07-14,ke,204.17
2022-07-15,ke,204.17
2022-07-16,ke,203.74
2022-07-17,ke,203.61
2022-07-18,ke,203.96
2022-07-19,ke,204.46
2022-07-20,ke,204.96
2022-07-21,ke,205.39
2022-07-22,ke,205.81
2022-07-23,ke,206.28
2022-07-24,ke,206.79
2022-07-25,ke,207.05
2022-07-26,ke,207.63
2022-07-27,ke,208.56
2022-07-28,ke,209.13
2022-07-29,ke,209.26
2022-07-30,ke,209.3
2022-07-31,ke,209.45
2022-08-01,ke,209.51
2022-08-02,ke,208.78
2022-08-03,ke,208.15
2022-08-04,ke,208.2
2022-08-05,ke,208.14
2022-08-06,ke,208.22
2022-08-07,ke,208.19
2022-08-08,ke,208.43
2022-08-09,ke,208.63
2022-08-10,ke,208.44
2022-08-11,ke,208.52
2022-08-12,ke,208.74
2022-08-13,ke,208.91
2022-08-14,ke,209.35
2022-08-15,ke,209.35
2022-08-16,ke,209.62
2022-08-17,ke,210.46
2022-08-18,ke,210.97
2022-08-19,ke,212.03
2022-08-20,ke,213.34
2022-08-21,ke,214.08
2022-08-22,ke,214.52
2022-08-23,ke,214.64
2022-08-24,ke,214.15
2022-08-25,ke,213.8
2022-08-26,ke,212.92
2022-08-27,ke,211.63
2022-08-28,ke,210.39
2022-08-29,ke,209.24
2022-08-30,ke,208.51
2022-08-31,ke,208.19
2022-09-01,ke,207.96
2022-09-02,ke,208.04
2022-09-03,ke,208.37
2022-09-04,ke,209.23
2022-09-05,ke,210.4
2022-09-06,ke,211.6
2022-09-07,ke,212.43
2022-09-08,ke,212.8
2022-09-09,ke,212.72
2022-09-10,ke,212.85
2022-09-11,ke,212.8
2022-09-12,ke,212.75
2022-09-13,ke,212.34
2022-09-14,ke,212.06
2022-09-15,ke,211.69
2022-09-16,ke,211.68
2022-09-17,ke,211.14
2022-09-18,ke,210.36
2022-09-19,ke,209.78
2022-09-20,ke,209.22
2022-09-21,ke,208.59
2022-09-22,ke,208.04
2022-09-23,ke,206.76
2022-09-24,ke,206.02
2022-09-25,ke,205.46
2022-09-26,ke,204.67
2022-09-27,ke,204.84
2022-09-28,ke,204.95
2022-09-29,ke,204.84
2022-09-30,ke,205.2
2022-10-01,ke,204.74
2022-10-02,ke,204.03
2022-10-03,ke,203.19
2022-10-04,ke,201.47
2022-10-05,ke,200.57
2022-10-06,ke,200.02
2022-10-07,ke,199.95
2022-10-08,ke,200.76
2022-10-09,ke,201.38
2022-10-10,ke,202.65
2022-10-11,ke,203.81
2022-10-12,ke,204.12
2022-10-13,ke,204.6
2022-10-14,ke,204.38
2022-10-15,ke,204.23
2022-10-16,ke,204.48
2022-10-17,ke,204.36
2022-10-18,ke,204.41
2022-10-19,ke,204.72
2022-10-20,ke,205.1
2022-10-21,ke,205.7
2022-10-22,ke,206.04
2022-10-23,ke,206.15
2022-10-24,ke,206.48
2022-10-25,ke,207.15
2022-10-26,ke,207.51
2022-10-27,ke,208.15
2022-10-28,ke,209.39
2022-10-29,ke,210.54
2022-10-30,ke,212.27
2022-10-31,ke,213.97
2022-11-01,ke,214.89
2022-11-02,ke,215.58
2022-11-03,ke,215.53
2022-11-04,ke,215.4
2022-11-05,ke,215.34
2022-11-06,ke,214.57
2022-11-07,ke,214.04
2022-11-08,ke,213.86
2022-11-09,ke,214.02
2022-11-10,ke,214.53
2022-11-11,ke,214.44
2022-11-12,ke,214.95
2022-11-13,ke,216.12
2022-11-14,ke,216.7
2022-11-15,ke,217.8
2022-11-16,ke,219.51
2022-11-17,ke,221.06
2022-11-18,ke,222.29
2022-11-19,ke,222.44
2022-11-20,ke,222.24
2022-11-21,ke,222.01
2022-11-22,ke,221.04
2022-11-23,ke,219.94
2022-11-24,ke,218.32
2022-11-25,ke,217.47
2022-11-26,ke,216.58
2022-11-27,ke,215.82
2022-11-28,ke,215.41
2022-11-29,ke,215.02
2022-11-30,ke,213.94
2022-12-01,ke,212.96
2022-12-02,ke,211.5
2022-12-03,ke,210.47
2022-12-04,ke,208.57
2022-12-05,ke,206.64
2022-12-06,ke,205.42
2022-12-07,ke,204.33
2022-12-08,ke,203.49
2022-12-09,ke,202.76
2022-12-10,ke,202.1
2022-12-11,ke,202.18
2022-12-12,ke,202.41
2022-12-13,ke,202.75
2022-12-14,ke,203.1
2022-12-15,ke,203.26
2022-12-16,ke,203.62
2022-12-17,ke,203.84
2022-12-18,ke,203.88
2022-12-19,ke,203.7
2022-12-20,ke,202.74
2022-12-21,ke,201.82
2022-12-22,ke,201.16
2022-12-23,ke,200.19
2022-12-24,ke,199.81
2022-12-25,ke,199.49
2022-12-26,ke,199.42
2022-12-27,ke,199.31
2022-12-28,ke,199.31
2022-12-29,ke,199.24
2022-12-30,ke,199.25
2022-12-31,ke,198.77
2023-01-01,ke,198.2
2023-01-02,ke,197.69
2023-01-03,ke,196.78
2023-01-04,ke,196.46
2023-01-05,ke,196.27
2023-01-06,ke,196.22
2023-01-07,ke,196.16
2023-01-08,ke,195.93
2023-01-09,ke,195.3
2023-01-10,ke,195.97
2023-01-11,ke,196.34
2023-01-12,ke,196.4
2023-01-13,ke,196.55
2023-01-14,ke,196.25
2023-01-15,ke,196.02
2023-01-16,ke,195.69
2023-01-17,ke,194.75
2023-01-18,ke,193.48
2023-01-19,ke,192.62
2023-01-20,ke,191.62
2023-01-21,ke,190.82
2023-01-22,ke,190.12
2023-01-23,ke,189.46
2023-01-24,ke,189.28
2023-01-25,ke,188.86
2023-01-26,ke,188.26
2023-01-27,ke,187.56
2023-01-28,ke,187.24
2023-01-29,ke,186.89
2023-01-30,ke,186.98
2023-01-31,ke,186.5
2023-02-01,ke,186.49
2023-02-02,ke,186.93
2023-02-03,ke,187.53
2023-02-04,ke,188.35
2023-02-05,ke,189.19
2023-02-06,ke,190.03
2023-02-07,ke,190.15
2023-02-08,ke,189.59
2023-02-09,ke,189.51
2023-02-10,ke,189.22
2023-02-11,ke,188.75
2023-02-12,ke,188.15
2023-02-13,ke,187.35
2023-02-14,ke,187.55
2023-02-15,ke,188.53
2023-02-16,ke,188.43
2023-02-17,ke,188.61
2023-02-18,ke,188.55
2023-02-19,ke,188.8
2023-02-20,ke,189.15
2023-02-21,ke,189.46
2023-02-22,ke,189.6
2023-02-23,ke,190.55
2023-02-24,ke,190.67
2023-02-25,ke,190.68
2023-02-26,ke,190.98
2023-02-27,ke,190.91
2023-02-28,ke,190.5
2023-03-01,ke,189.87
2023-03-02,ke,188.7
2023-03-03,ke,188.34
2023-03-04,ke,188.07
2023-03-05,ke,187.82
2023-03-06,ke,187.88
2023-03-07,ke,188.19
2023-03-08,ke,188.84
2023-03-09,ke,189.9
2023-03-10,ke,192.25
2023-03-11,ke,194.37
2023-03-12,ke,196.18
2023-03-13,ke,197.81
2023-03-14,ke,199.58
2023-03-15,ke,200.89
2023-03-16,ke,201.86
2023-03-17,ke,201.74
2023-03-18,ke,201.61
2023-03-19,ke,201.63
2023-03-20,ke,201.58
2023-03-21,ke,201.49
2023-03-22,ke,201.09
2023-03-23,ke,200.56
2023-03-24,ke,199.62
2023-03-25,ke,199.16
2023-03-26,ke,198.82
2023-03-27,ke,198.52
2023-03-28,ke,198.08
2023-03-29,ke,197.76
2023-03-30,ke,197.14
2023-03-31,ke,196.24
2023-04-01,ke,195.23
2023-04-02,ke,194.05
2023-04-03,ke,192.85
2023-04-04,ke,192.38
2023-04-05,ke,192.33
2023-04-06,ke,192.63
2023-04-07,ke,193.28
2023-04-08,ke,193.97
2023-04-09,ke,194.78
2023-04-10,ke,195.87
2023-04-11,ke,196.44
2023-04-12,ke,196.57
2023-04-13,ke,196.49
2023-04-14,ke,196.35
2023-04-15,ke,196.34
2023-04-16,ke,195.77
2023-04-17,ke,195.22
2023-04-18,ke,194.51
2023-04-19,ke,194.47
2023-04-20,ke,194.57
2023-04-21,ke,194.7
2023-04-22,ke,194.72
2023-04-23,ke,194.95
2023-04-24,ke,194.56
2023-04-25,ke,194.36
2023-04-26,ke,193.88
2023-04-27,ke,193.37
2023-04-28,ke,193.67
2023-04-29,ke,194.01
2023-04-30,ke,194.22
2023-05-01,ke,195.05
2023-05-02,ke,194.9
2023-05-03,ke,194.81
2023-05-04,ke,194.69
2023-05-05,ke,194.09
2023-05-06,ke,193.77
2023-05-07,ke,193.71
2023-05-08,ke,193.24
2023-05-09,ke,193.61
2023-05-10,ke,194.06
2023-05-11,ke,194.93
2023-05-12,ke,196.04
2023-05-13,ke,196.72
2023-05-14,ke,197.07
2023-05-15,ke,197.12
2023-05-16,ke,196.9
2023-05-17,ke,196.55
2023-05-18,ke,195.19
2023-05-19,ke,193.27
2023-05-20,ke,191.92
2023-05-21,ke,190.95
2023-05-22,ke,190.25
2023-05-23,ke,189.55
2023-05-24,ke,188.89
2023-05-25,ke,188.93
2023-05-26,ke,188.97
2023-05-27,ke,188.81
2023-05-28,ke,188.61
2023-05-29,ke,188.75
2023-05-30,ke,189.08
2023-05-31,ke,189.55
2023-06-01,ke,190.14
2023-06-02,ke,190.56
2023-06-03,ke,190.98
2023-06-04,ke,191.32
2023-06-05,ke,191.96
2023-06-06,ke,192.1
2023-06-07,ke,191.99
2023-06-08,ke,191.37
2023-06-09,ke,191.07
2023-06-10,ke,190.49
2023-06-11,ke,189.98
2023-06-12,ke,189.12
2023-06-13,ke,189.28
2023-06-14,ke,189.42
2023-06-15,ke,189.51
2023-06-16,ke,189.46
2023-06-17,ke,189.22
2023-06-18,ke,189.11
2023-06-19,ke,188.94
2023-06-20,ke,187.78
2023-06-21,ke,187.29
2023-06-22,ke,187.28
2023-06-23,ke,187.53
2023-06-24,ke,188.03
2023-06-25,ke,188.24
2023-06-26,ke,188.55
2023-06-27,ke,189.46
2023-06-28,ke,189.88
2023-06-29,ke,190.25
2023-06-30,ke,189.95
2023-07-01,ke,189.78
2023-07-02,ke,189.62
2023-07-03,ke,189.21
2023-07-04,ke,188.73
2023-07-05,ke,188.15
2023-07-06,ke,187.32
2023-07-07,ke,186.71
2023-07-08,ke,185.92
2023-07-09,ke,185.36
2023-07-10,ke,184.81
2023-07-11,ke,184.47
2023-07-12,ke,184.77
2023-07-13,ke,185.56
2023-07-14,ke,186.56
2023-07-15,ke,187.89
2023-07-16,ke,189.33
2023-07-17,ke,191.08
2023-07-18,ke,192.39
2023-07-19,ke,193.23
2023-07-20,ke,193.95
2023-07-21,ke,194.54
2023-07-22,ke,194.53
2023-07-23,ke,194.2
2023-07-24,ke,193.54
2023-07-25,ke,193.05
2023-07-26,ke,192.27
2023-07-27,ke,191.4
2023-07-28,ke,190.92
2023-07-29,ke,190.69
2023-07-30,ke,190.68
2023-07-31,ke,190.82
2023-08-01,ke,190.7
2023-08-02,ke,190.32
2023-08-03,ke,189.95
2023-08-04,ke,189.64
2023-08-05,ke,189.23
2023-08-06,ke,188.51
2023-08-07,ke,187.62
2023-08-08,ke,186.6
2023-08-09,ke,185.96
2023-08-10,ke,185.57
2023-08-11,ke,184.73
2023-08-12,ke,183.64
2023-08-13,ke,182.83
2023-08-14,ke,181.72
2023-08-15,ke,180.87
2023-08-16,ke,179.85
2023-08-17,ke,178.47
2023-08-18,ke,177.51
2023-08-19,ke,176.58
2023-08-20,ke,175.57
2023-08-21,ke,174.95
2023-08-22,ke,174.89
2023-08-23,ke,175.37
2023-08-24,ke,176.01
2023-08-25,ke,176.53
2023-08-26,ke,177.44
2023-08-27,ke,178.78
2023-08-28,ke,179.93
2023-08-29,ke,180.98
2023-08-30,ke,181.93
2023-08-31,ke,183.05
2023-09-01,ke,183.44
2023-09-02,ke,184.1
2023-09-03,ke,184.13
2023-09-04,ke,184.4
2023-09-05,ke,184.29
2023-09-06,ke,184.22
2023-09-07,ke,184.05
2023-09-08,ke,184.58
2023-09-09,ke,184.75
2023-09-10,ke,184.97
2023-09-11,ke,185.36
2023-09-12,ke,186.06
2023-09-13,ke,186.52
2023-09-14,ke,186.8
2023-09-15,ke,186.9
2023-09-16,ke,187.41
2023-09-17,ke,188.1
2023-09-18,ke,187.93
2023-09-19,ke,187.67
2023-09-20,ke,187.04
2023-09-21,ke,186.34
2023-09-22,ke,185.56
2023-09-23,ke,184.08
2023-09-24,ke,182.47
2023-09-25,ke,181.64
2023-09-26,ke,180.87
2023-09-27,ke,180.07
2023-09-28,ke,179.4
2023-09-29,ke,178.89
2023-09-30,ke,178.49
2023-10-01,ke,178.34
2023-10-02,ke,178.46
2023-10-03,ke,178.81
2023-10-04,ke,179.54
2023-10-05,ke,180.14
2023-10-06,ke,180.46
2023-10-07,ke,181.17
2023-10-08,ke,181.86
2023-10-09,ke,182.24
2023-10-10,ke,182.64
2023-10-11,ke,182.73
2023-10-12,ke,183.45
2023-10-13,ke,184.16
2023-10-14,ke,184.29
2023-10-15,ke,184.34
2023-10-16,ke,184.08
2023-10-17,ke,183.4
2023-10-18,ke,183.07
2023-10-19,ke,181.83
2023-10-20,ke,180.64
2023-10-21,ke,179.81
2023-10-22,ke,178.82
2023-10-23,ke,178.05
2023-10-24,ke,177.53
2023-10-25,ke,176.71
2023-10-26,ke,176.34
2023-10-27,ke,176.1
2023-10-28,ke,175.85
2023-10-29,ke,175.78
2023-10-30,ke,176.01
2023-10-31,ke,175.76
2023-11-01,ke,175.54
2023-11-02,ke,175.34
2023-11-03,ke,175.08
2023-11-04,ke,174.79
2023-11-05,ke,174.38
2023-11-06,ke,173.6
2023-11-07,ke,173.14
2023-11-08,ke,173.05
2023-11-09,ke,172.93
2023-11-10,ke,172.56
2023-11-11,ke,172.24
2023-11-12,ke,171.99
2023-11-13,ke,171.86
2023-11-14,ke,171.92
2023-11-15,ke,171.66
2023-11-16,ke,171.53
2023-11-17,ke,171.61
2023-11-18,ke,171.37
2023-11-19,ke,171.08
2023-11-20,ke,170.97
2023-11-21,ke,170.71
2023-11-22,ke,170.61
2023-11-23,ke,170.2
2023-11-24,ke,169.85
2023-11-25,ke,169.87
2023-11-26,ke,169.87
2023-11-27,ke,169.92
2023-11-28,ke,169.82
2023-11-29,ke,169.46
2023-11-30,ke,169.18
2023-12-01,ke,168.72
2023-12-02,ke,168.45
2023-12-03,ke,168.06
2023-12-04,ke,167.23
2023-12-05,ke,166.64
2023-12-06,ke,166.25
2023-12-07,ke,165.99
2023-12-08,ke,165.94
2023-12-09,ke,165.35
2023-12-10,ke,164.76
2023-12-11,ke,164.63
2023-12-12,ke,164.37
2023-12-13,ke,164.14
2023-12-14,ke,163.46
2023-12-15,ke,163.11
2023-12-16,ke,162.85
2023-12-17,ke,162.79
2023-12-18,ke,162.55
2023-12-19,ke,162.01
2023-12-20,ke,161.54
2023-12-21,ke,160.82
2023-12-22,ke,160.31
2023-12-23,ke,159.8
2023-12-24,ke,159.59
2023-12-25,ke,159.61
2023-12-26,ke,159.76
2023-12-27,ke,159.44
2023-12-28,ke,159.78
2023-12-29,ke,159.95
2023-12-30,ke,160.45
2023-12-31,ke,160.83
2024-01-01,ke,161.01
2024-01-02,ke,161.08
2024-01-03,ke,161.88
2024-01-04,ke,162.67
2024-01-05,ke,163.14
2024-01-06,ke,163.69
2024-01-07,ke,163.75
2024-01-08,ke,163.34
2024-01-09,ke,163.57
2024-01-10,ke,163.71
2024-01-11,ke,163.56
2024-01-12,ke,163.73
2024-01-13,ke,163.88
2024-01-14,ke,164.55
2024-01-15,ke,165.48
2024-01-16,ke,166.42
2024-01-17,ke,167.13
2024-01-18,ke,168.24
2024-01-19,ke,168.96
2024-01-20,ke,169.84
2024-01-21,ke,170.41
2024-01-22,ke,170.88
2024-01-23,ke,170.65
2024-01-24,ke,170.44
2024-01-25,ke,169.84
2024-01-26,ke,169.11
2024-01-27,ke,168.46
2024-01-28,ke,168.03
2024-01-29,ke,167.59
2024-01-30,ke,167.3
2024-01-31,ke,167.34
2024-02-01,ke,167.21
2024-02-02,ke,167.52
2024-02-03,ke,167.89
2024-02-04,ke,168
2024-02-05,ke,168.21
2024-02-06,ke,168.1
2024-02-07,ke,167.59
2024-02-08,ke,167.76
2024-02-09,ke,167.57
2024-02-10,ke,166.73
2024-02-11,ke,166.32
2024-02-12,ke,166.15
2024-02-13,ke,166.22
2024-02-14,ke,166.43
2024-02-15,ke,166.36
2024-02-16,ke,166.59
2024-02-17,ke,166.88
2024-02-18,ke,166.91
2024-02-19,ke,166.51
2024-02-20,ke,166.29
2024-02-21,ke,166.24
2024-02-22,ke,166.06
2024-02-23,ke,165.62
2024-02-24,ke,165.75
2024-02-25,ke,165.79
2024-02-26,ke,166.28
2024-02-27,ke,166.78
2024-02-28,ke,167.02
2024-02-29,ke,167.38
2024-03-01,ke,167.94
2024-03-02,ke,168.37
2024-03-03,ke,168.93
2024-03-04,ke,169.21
2024-03-05,ke,169.98
2024-03-06,ke,170.13
2024-03-07,ke,170.01
2024-03-08,ke,169.98
2024-03-09,ke,169.44
2024-03-10,ke,168.47
2024-03-11,ke,167.84
2024-03-12,ke,167.05
2024-03-13,ke,166.49
2024-03-14,ke,166.4
2024-03-15,ke,166.62
2024-03-16,ke,166.83
2024-03-17,ke,167.7
2024-03-18,ke,168.72
2024-03-19,ke,169.25
2024-03-20,ke,170.13
2024-03-21,ke,171
2024-03-22,ke,171.09
2024-03-23,ke,171.12
2024-03-24,ke,170.91
2024-03-25,ke,170.14
2024-03-26,ke,169.5
2024-03-27,ke,169.26
2024-03-28,ke,168.6
2024-03-29,ke,168.53
2024-03-30,ke,168.58
2024-03-31,ke,168.63
2024-04-01,ke,168.9
2024-04-02,ke,169.3
2024-04-03,ke,169.39
2024-04-04,ke,170.03
2024-04-05,ke,170.35
2024-04-06,ke,170.94
2024-04-07,ke,171.89
2024-04-08,ke,172.65
2024-04-09,ke,173.06
2024-04-10,ke,173.79
2024-04-11,ke,174.11
2024-04-12,ke,174.27
2024-04-13,ke,174.3
2024-04-14,ke,173.91
2024-04-15,ke,173.95
2024-04-16,ke,173.98
2024-04-17,ke,173.95
2024-04-18,ke,173.73
2024-04-19,ke,173.8
2024-04-20,ke,173.64
2024-04-21,ke,173.52
2024-04-22,ke,172.89
2024-04-23,ke,172.36
2024-04-24,ke,171.85
2024-04-25,ke,171.71
2024-04-26,ke,171.47
2024-04-27,ke,171.47
2024-04-28,ke,171.42
2024-04-29,ke,171.58
2024-04-30,ke,171.7
2024-05-01,ke,171.41
2024-05-02,ke,171.27
2024-05-03,ke,171.05
2024-05-04,ke,171.14
2024-05-05,ke,170.96
2024-05-06,ke,171.13
2024-05-07,ke,171.07
2024-05-08,ke,170.41
2024-05-09,ke,169.47
2024-05-10,ke,168.36
2024-05-11,ke,166.77
2024-05-12,ke,165.29
2024-05-13,ke,163.75
2024-05-14,ke,162.39
2024-05-15,ke,162
2024-05-16,ke,162.07
2024-05-17,ke,162.06
2024-05-18,ke,162.41
2024-05-19,ke,162.61
2024-05-20,ke,162.53
2024-05-21,ke,163.35
2024-05-22,ke,163.8
2024-05-23,ke,164.19
2024-05-24,ke,164.29
2024-05-25,ke,164.71
2024-05-26,ke,165.5
2024-05-27,ke,166.46
2024-05-28,ke,167.02
2024-05-29,ke,167.96
2024-05-30,ke,168.23
2024-05-31,ke,169.19
2024-06-01,ke,169.3
2024-06-02,ke,169.36
2024-06-03,ke,169.39
2024-06-04,ke,168.94
2024-06-05,ke,167.85
2024-06-06,ke,167.47
2024-06-07,ke,167.45
2024-06-08,ke,167.84
2024-06-09,ke,168.06
2024-06-10,ke,168.06
2024-06-11,ke,168.23
2024-06-12,ke,168.68
2024-06-13,ke,168.68
2024-06-14,ke,167.64
2024-06-15,ke,166.32
2024-06-16,ke,165.26
2024-06-17,ke,164.08
2024-06-18,ke,162.97
2024-06-19,ke,161.72
2024-06-20,ke,160.52
2024-06-21,ke,159.48
2024-06-22,ke,158.13
2024-06-23,ke,156.76
2024-06-24,ke,155.68
2024-06-25,ke,154.91
2024-06-26,ke,153.96
2024-06-27,ke,152.8
2024-06-28,ke,152.3
2024-06-29,ke,152.06
2024-06-30,ke,152.07
2024-07-01,ke,152.17
2024-07-02,ke,152.15
2024-07-03,ke,152.75
2024-07-04,ke,153.41
2024-07-05,ke,154.45
2024-07-06,ke,155.56
2024-07-07,ke,156.11
2024-07-08,ke,156.51
2024-07-09,ke,156.68
2024-07-10,ke,156.37
2024-07-11,ke,155.91
2024-07-12,ke,154.85
2024-07-13,ke,153.63
2024-07-14,ke,152.8
2024-07-15,ke,151.7
2024-07-16,ke,150.65
2024-07-17,ke,149.91
2024-07-18,ke,149.78
2024-07-19,ke,149.48
2024-07-20,ke,149.12
2024-07-21,ke,148.59
2024-07-22,ke,148.31
2024-07-23,ke,148.38
2024-07-24,ke,148.57
2024-07-25,ke,148.29
2024-07-26,ke,148.03
2024-07-27,ke,147.95
2024-07-28,ke,147.95
2024-07-29,ke,147.84
2024-07-30,ke,147.02
2024-07-31,ke,146.22
2024-08-01,ke,145.76
2024-08-02,ke,145.65
2024-08-03,ke,145.83
2024-08-04,ke,145.86
2024-08-05,ke,146.22
2024-08-06,ke,146.7
2024-08-07,ke,146.91
2024-08-08,ke,146.97
2024-08-09,ke,146.72
2024-08-10,ke,146.65
2024-08-11,ke,146.59
2024-08-12,ke,146.31
2024-08-13,ke,146.03
2024-08-14,ke,146.26
2024-08-15,ke,145.9
2024-08-16,ke,146
2024-08-17,ke,145.72
2024-08-18,ke,145.55
2024-08-19,ke,145.37
2024-08-20,ke,145.6
2024-08-21,ke,145.2
2024-08-22,ke,145.17
2024-08-23,ke,145.07
2024-08-24,ke,144.92
2024-08-25,ke,144.91
2024-08-26,ke,144.8
2024-08-27,ke,144.63
2024-08-28,ke,144.78
2024-08-29,ke,145.61
2024-08-30,ke,146.32
2024-08-31,ke,146.91
2024-09-01,ke,147.33
2024-09-02,ke,147.81
2024-09-03,ke,148.18
2024-09-04,ke,148.24
2024-09-05,ke,147.94
2024-09-06,ke,147.44
2024-09-07,ke,147.14
2024-09-08,ke,146.84
2024-09-09,ke,146.47
2024-09-10,ke,146.34
2024-09-11,ke,145.68
2024-09-12,ke,144.75
2024-09-13,ke,144.09
2024-09-14,ke,143.48
2024-09-15,ke,142.93
2024-09-16,ke,142.59
2024-09-17,ke,142.25
2024-09-18,ke,142.94
2024-09-19,ke,143.93
2024-09-20,ke,145.13
2024-09-21,ke,146.09
2024-09-22,ke,147.15
2024-09-23,ke,148.31
2024-09-24,ke,149.14
2024-09-25,ke,149.58
2024-09-26,ke,149.97
2024-09-27,ke,149.85
2024-09-28,ke,150.04
2024-09-29,ke,150.12
2024-09-30,ke,150.15
2024-10-01,ke,150.09
2024-10-02,ke,149.79
2024-10-03,ke,149.41
2024-10-04,ke,148.76
2024-10-05,ke,148.05
2024-10-06,ke,147.08
2024-10-07,ke,145.71
2024-10-08,ke,144.19
2024-10-09,ke,142.26
2024-10-10,ke,140.21
2024-10-11,ke,137.97
2024-10-12,ke,136.44
2024-10-13,ke,135.2
2024-10-14,ke,134.25
2024-10-15,ke,133.59
2024-10-16,ke,133.37
2024-10-17,ke,133.45
2024-10-18,ke,134.02
2024-10-19,ke,134.02
2024-10-20,ke,133.98
2024-10-21,ke,133.38
2024-10-22,ke,132.69
2024-10-23,ke,132.41
2024-10-24,ke,131.95
2024-10-25,ke,131.58
2024-10-26,ke,131.04
2024-10-27,ke,130.28
2024-10-28,ke,130.66
2024-10-29,ke,130.79
2024-10-30,ke,131.5
2024-10-31,ke,132.21
2024-11-01,ke,132.98
2024-11-02,ke,133.74
2024-11-03,ke,134.73
2024-11-04,ke,134.94
2024-11-05,ke,135.87
2024-11-06,ke,135.92
2024-11-07,ke,135.89
2024-11-08,ke,135.87
2024-11-09,ke,136.04
2024-11-10,ke,136.15
2024-11-11,ke,136.5
2024-11-12,ke,136.73
2024-11-13,ke,137.45
2024-11-14,ke,138.06
2024-11-15,ke,138.9
2024-11-16,ke,139.73
2024-11-17,ke,140.66
2024-11-18,ke,141.57
2024-11-19,ke,142.15
2024-11-20,ke,142.01
2024-11-21,ke,141.96
2024-11-22,ke,141.82
2024-11-23,ke,141.38
2024-11-24,ke,140.56
2024-11-25,ke,140.03
2024-11-26,ke,139.34
2024-11-27,ke,139.16
2024-11-28,ke,139.07
2024-11-29,ke,138.99
2024-11-30,ke,139.11
2024-12-01,ke,139.55
2024-12-02,ke,139.8
2024-12-03,ke,140.27
2024-12-04,ke,140.58
2024-12-05,ke,140.69
2024-12-06,ke,140.52
2024-12-07,ke,140.65
2024-12-08,ke,140.56
2024-12-09,ke,140.61
2024-12-10,ke,140.61
2024-12-11,ke,140.58
2024-12-12,ke,140.74
2024-12-13,ke,140.71
2024-12-14,ke,140.21
2024-12-15,ke,139.95
2024-12-16,ke,139.45
2024-12-17,ke,138.82
2024-12-18,ke,138.43
2024-12-19,ke,138.12
2024-12-20,ke,138.32
2024-12-21,ke,138.96
2024-12-22,ke,139.68
2024-12-23,ke,140.3
2024-12-24,ke,141.72
2024-12-25,ke,142.9
2024-12-26,ke,144.03
2024-12-27,ke,144.59
2024-12-28,ke,144.77
2024-12-29,ke,144.95
2024-12-30,ke,145.65
2024-12-31,ke,145.97
2025-01-01,ke,146.83
2025-01-02,ke,147.29
2025-01-03,ke,147.92
2025-01-04,ke,148.99
2025-01-05,ke,149.71
2025-01-06,ke,149.93
2025-01-07,ke,150.02
2025-01-08,ke,150.07
2025-01-09,ke,150.29
2025-01-10,ke,150.64
2025-01-11,ke,150.89
2025-01-12,ke,151.21
2025-01-13,ke,151.67
2025-01-14,ke,152.32
2025-01-15,ke,152.15
2025-01-16,ke,152.16
2025-01-17,ke,152.09
2025-01-18,ke,152.02
2025-01-19,ke,152.09
2025-01-20,ke,151.82
2025-01-21,ke,151.54
2025-01-22,ke,151.7
2025-01-23,ke,151.5
2025-01-24,ke,151.35
2025-01-25,ke,150.76
2025-01-26,ke,150.04
2025-01-27,ke,149.6
2025-01-28,ke,148.89
2025-01-29,ke,147.9
2025-01-30,ke,147.2
2025-01-31,ke,146.43
2025-02-01,ke,145.82
2025-02-02,ke,145.25
2025-02-03,ke,144.5
2025-02-04,ke,143.45
2025-02-05,ke,142.46
2025-02-06,ke,141.88
2025-02-07,ke,141.78
2025-02-08,ke,141.79
2025-02-09,ke,141.86
2025-02-10,ke,142.22
2025-02-11,ke,142.59
2025-02-12,ke,143.25
2025-02-13,ke,144
2025-02-14,ke,144.34
2025-02-15,ke,144.49
2025-02-16,ke,144.65
2025-02-17,ke,144.63
2025-02-18,ke,145.06
2025-02-19,ke,145.59
2025-02-20,ke,145.56
2025-02-21,ke,145.59
2025-02-22,ke,145.52
2025-02-23,ke,145.57
2025-02-24,ke,146.06
2025-02-25,ke,146.49
2025-02-26,ke,146.81
2025-02-27,ke,146.82
2025-02-28,ke,146.75
2025-03-01,ke,146.52
2025-03-02,ke,146.09
2025-03-03,ke,145.33
2025-03-04,ke,144.4
2025-03-05,ke,142.96
2025-03-06,ke,142.65
2025-03-07,ke,141.9
2025-03-08,ke,141.43
2025-03-09,ke,140.67
2025-03-10,ke,139.25
2025-03-11,ke,137.71
2025-03-12,ke,136.44
2025-03-13,ke,134.87
2025-03-14,ke,133.87
2025-03-15,ke,132.86
2025-03-16,ke,132.24
2025-03-17,ke,132.14
2025-03-18,ke,132.03
2025-03-19,ke,132.09
2025-03-20,ke,131.73
2025-03-21,ke,131.45
2025-03-22,ke,131.3
2025-03-23,ke,131.02
2025-03-24,ke,130.73
2025-03-25,ke,130.6
2025-03-26,ke,130.31
2025-03-27,ke,129.96
2025-03-28,ke,129.5
2025-03-29,ke,128.99
2025-03-30,ke,128.75
2025-03-31,ke,128.76
2025-04-01,ke,128.79
2025-04-02,ke,129.23
2025-04-03,ke,129.47
2025-04-04,ke,129.34
2025-04-05,ke,129.35
2025-04-06,ke,129.03
2025-04-07,ke,128.59
2025-04-08,ke,128.29
2025-04-09,ke,127.38
2025-04-10,ke,126.79
2025-04-11,ke,126.4
2025-04-12,ke,126.21
2025-04-13,ke,126.19
2025-04-14,ke,126.13
2025-04-15,ke,125.83
2025-04-16,ke,126
2025-04-17,ke,126.3
2025-04-18,ke,126.62
2025-04-19,ke,126.69
2025-04-20,ke,126.67
2025-04-21,ke,126.66
2025-04-22,ke,126.55
2025-04-23,ke,126.64
2025-04-24,ke,126.41
2025-04-25,ke,125.7
2025-04-26,ke,124.61
2025-04-27,ke,123.56
2025-04-28,ke,123.03
2025-04-29,ke,122.95
2025-04-30,ke,122.15
2025-05-01,ke,121.78
2025-05-02,ke,122.65
2025-05-03,ke,124.39
2025-05-04,ke,126.26
2025-05-05,ke,127.54
2025-05-06,ke,128.36
2025-05-07,ke,129.91
2025-05-08,ke,131.48
2025-05-09,ke,132.77
2025-05-10,ke,133.31
2025-05-11,ke,133.62
2025-05-12,ke,133.8
2025-05-13,ke,134.01
2025-05-14,ke,134.03
2025-05-15,ke,133.77
2025-05-16,ke,133.15
2025-05-17,ke,132.74
2025-05-18,ke,132.91
2025-05-19,ke,133.37
2025-05-20,ke,134.16
2025-05-21,ke,134.64
2025-05-22,ke,134.81
2025-05-23,ke,134.86
2025-05-24,ke,134.98
2025-05-25,ke,134.59
2025-05-26,ke,134.27
2025-05-27,ke,133.99
2025-05-28,ke,133.82
2025-05-29,ke,133.86
2025-05-30,ke,133.67
2025-05-31,ke,133.21
2025-06-01,ke,132.65
2025-06-02,ke,132.18
2025-06-03,ke,131.31
2025-06-04,ke,130.24
2025-06-05,ke,129.32
2025-06-06,ke,129.1
2025-06-07,ke,129.26
2025-06-08,ke,129.55
2025-06-09,ke,129.69
2025-06-10,ke,129.79
2025-06-11,ke,130.23
2025-06-12,ke,130.75
2025-06-13,ke,130.83
2025-06-14,ke,131.29
2025-06-15,ke,131.88
2025-06-16,ke,132.38
2025-06-17,ke,132.87
2025-06-18,ke,133.08
2025-06-19,ke,132.99
2025-06-20,ke,133.29
2025-06-21,ke,133.01
2025-06-22,ke,132.73
2025-06-23,ke,132.28
2025-06-24,ke,132.43
2025-06-25,ke,132.93
2025-06-26,ke,133.61
2025-06-27,ke,133.72
2025-06-28,ke,133.61
2025-06-29,ke,133.43
2025-06-30,ke,133.71
2025-07-01,ke,133.35
2025-07-02,ke,133.15
2025-07-03,ke,132.58
2025-07-04,ke,132.03
2025-07-05,ke,131.75
2025-07-06,ke,131.66
2025-07-07,ke,130.89
2025-07-08,ke,130.68
2025-07-09,ke,129.81
2025-07-10,ke,129.8
2025-07-11,ke,130.33
2025-07-12,ke,130.48
2025-07-13,ke,130.48
2025-07-14,ke,130.63
2025-07-15,ke,130.41
2025-07-16,ke,130.55
2025-07-17,ke,130.18
2025-07-18,ke,129.15
2025-07-19,ke,128.17
2025-07-20,ke,127.26
2025-07-21,ke,126.65
2025-07-22,ke,126.4
2025-07-23,ke,125.85
2025-07-24,ke,125.57
2025-07-25,ke,125.71
2025-07-26,ke,126.15
2025-07-27,ke,126.29
2025-07-28,ke,126.33
2025-07-29,ke,126.16
2025-07-30,ke,126.58
2025-07-31,ke,126.73
2025-08-01,ke,126.75
2025-08-02,ke,127.01
2025-08-03,ke,127.45
2025-08-04,ke,127.89
2025-08-05,ke,127.86
2025-08-06,ke,127.74
2025-08-07,ke,127.75
2025-08-08,ke,127.75
2025-08-09,ke,127.61
2025-08-10,ke,127.48
2025-08-11,ke,127.32
2025-08-12,ke,127.69
2025-08-13,ke,127.84
2025-08-14,ke,127.49
2025-08-15,ke,127.69
2025-08-16,ke,127.94
2025-08-17,ke,128.04
2025-08-18,ke,127.86
2025-08-19,ke,127.75
2025-08-20,ke,127.71
2025-08-21,ke,127.85
2025-08-22,ke,127.46
2025-08-23,ke,126.95
2025-08-24,ke,126.27
2025-08-25,ke,125.99
2025-08-26,ke,125.36
2025-08-27,ke,125.22
2025-08-28,ke,125.26
2025-08-29,ke,124.78
2025-08-30,ke,124.42
2025-08-31,ke,124.05
2025-09-01,ke,123.59
2025-09-02,ke,123.42
2025-09-03,ke,122.85
2025-09-04,ke,122.42
2025-09-05,ke,122.93
2025-09-06,ke,123.06
2025-09-07,ke,123.32
2025-09-08,ke,123.28
2025-09-09,ke,123.39
2025-09-10,ke,123.96
2025-09-11,ke,124.56
2025-09-12,ke,124.94
2025-09-13,ke,125.76
2025-09-14,ke,126.72
2025-09-15,ke,128.18
2025-09-16,ke,128.98
2025-09-17,ke,129.48
2025-09-18,ke,129.91
2025-09-19,ke,130.44
2025-09-20,ke,131.06
2025-09-21,ke,131.67
2025-09-22,ke,132.09
2025-09-23,ke,133.19
2025-09-24,ke,134.1
2025-09-25,ke,134.49
2025-09-26,ke,134.2
2025-09-27,ke,133.53
2025-09-28,ke,132.94
2025-09-29,ke,132.34
2025-09-30,ke,131.21
2025-10-01,ke,130.42
2025-10-02,ke,130.43
2025-10-03,ke,130.75
2025-10-04,ke,131.41
2025-10-05,ke,132.11
2025-10-06,ke,132.81
2025-10-07,ke,133.67
2025-10-08,ke,133.91
2025-10-09,ke,133.82
2025-10-10,ke,133.4
2025-10-11,ke,133.01
2025-10-12,ke,132.53
2025-10-13,ke,132.02
2025-10-14,ke,131.64
2025-10-15,ke,131.5
2025-10-16,ke,131.33
2025-10-17,ke,131.66
2025-10-18,ke,131.6
2025-10-19,ke,131.57
2025-10-20,ke,131.81
2025-10-21,ke,131.64
2025-10-22,ke,132.15
2025-10-23,ke,132.38
2025-10-24,ke,132.36
2025-10-25,ke,132.71
2025-10-26,ke,133.01
2025-10-27,ke,133.18
2025-10-28,ke,133.54
2025-10-29,ke,133.27
2025-10-30,ke,133.1
2025-10-31,ke,132.99
2025-11-01,ke,132.49
2025-11-02,ke,132.46
2025-11-03,ke,132.71
2025-11-04,ke,133.45
2025-11-05,ke,133.95
2025-11-06,ke,134.57
2025-11-07,ke,135.03
2025-11-08,ke,135.77
2025-11-09,ke,135.81
2025-11-10,ke,135.5
2025-11-11,ke,134.98
2025-11-12,ke,134.47
2025-11-13,ke,134.01
2025-11-14,ke,133.76
2025-11-15,ke,133.58
2025-11-16,ke,133.59
2025-11-17,ke,133.86
2025-11-18,ke,134.24
2025-11-19,ke,134.43
2025-11-20,ke,134.81
2025-11-21,ke,134.91
2025-11-22,ke,134.56
2025-11-23,ke,134.11
2025-11-24,ke,133.28
2025-11-25,ke,132.09
2025-11-26,ke,131.19
2025-11-27,ke,129.54
2025-11-28,ke,128.71
2025-11-29,ke,127.96
2025-11-30,ke,127.19
2025-12-01,ke,126.45
2025-12-02,ke,125.64
2025-12-03,ke,124.76
2025-12-04,ke,124.17
2025-12-05,ke,123.55
2025-12-06,ke,123.08
2025-12-07,ke,122.78
2025-12-08,ke,122.52
2025-12-09,ke,122.33
2025-12-10,ke,121.83
2025-12-11,ke,121.55
2025-12-12,ke,120.88
2025-12-13,ke,120.01
2025-12-14,ke,118.98
2025-12-15,ke,118.22
2025-12-16,ke,117.56
2025-12-17,ke,117.36
2025-12-18,ke,117.36
2025-12-19,ke,117.53
2025-12-20,ke,117.8
2025-12-21,ke,117.96
2025-12-22,ke,117.98
2025-12-23,ke,117.87
2025-12-24,ke,117.91
2025-12-25,ke,117.61
2025-12-26,ke,117.1
2025-12-27,ke,116.45
2025-12-28,ke,116.5
2025-12-29,ke,116.74
2025-12-30,ke,117.22
2025-12-31,ke,117.61
2026-01-01,ke,117.43
2026-01-02,ke,117.39
2026-01-03,ke,117.33
2026-01-04,ke,116.52
2026-01-05,ke,115.44
2026-01-06,ke,114.89
2026-01-07,ke,114.67
2026-01-08,ke,115.67
2026-01-09,ke,116.94
2026-01-10,ke,119.03
2026-01-11,ke,121.05
2026-01-12,ke,122.76
2026-01-13,ke,124.42
2026-01-14,ke,125.82
2026-01-15,ke,126.33
2026-01-16,ke,126.4
2026-01-17,ke,125.38
2026-01-18,ke,124.54
2026-01-19,ke,124.26
2026-01-20,ke,124.01
2026-01-21,ke,123.68
2026-01-22,ke,123.77
2026-01-23,ke,124.27
2026-01-24,ke,125.18
2026-01-25,ke,126.03
2026-01-26,ke,126.58
2026-01-27,ke,126.65
2026-01-28,ke,126.94
2026-01-29,ke,127.59
2026-01-30,ke,127.89
2026-01-31,ke,128.09
2026-02-01,ke,128.55
2026-02-02,ke,128.75
2026-02-03,ke,128.38
2026-02-04,ke,127.39
2026-02-05,ke,126.29
2026-02-06,ke,125.01
2026-02-07,ke,124.16
2026-02-08,ke,123.14
2026-02-09,ke,122.48
2026-02-10,ke,122.57
2026-02-11,ke,123.44
2026-02-12,ke,124.22
2026-02-13,ke,125.05
2026-02-14,ke,125.91
2026-02-15,ke,126.78
2026-02-16,ke,127.06
2026-02-17,ke,127.3
2026-02-18,ke,127.42
2026-02-19,ke,127.02
2026-02-20,ke,127.16
2026-02-21,ke,126.7
2026-02-22,ke,126.06
2026-02-23,ke,125.8
2026-02-24,ke,124.96
2026-02-25,ke,124.45
2026-02-26,ke,124.41
2026-02-27,ke,123.81
2026-02-28,ke,123.73
2026-03-01,ke,123.65
2026-03-02,ke,123.85
2026-03-03,ke,124.25
2026-03-04,ke,124.35
2026-03-05,ke,124.6
2026-03-06,ke,125.13
2026-03-07,ke,125.75
2026-03-08,ke,126.33
2026-03-09,ke,126.75
2026-03-10,ke,126.88
2026-03-11,ke,126.52
2026-03-12,ke,125.7
2026-03-13,ke,124.44
2026-03-14,ke,122.2
2026-03-15,ke,119.86
2026-03-16,ke,117.61
2026-03-17,ke,115.97
2026-03-18,ke,114.36
2026-03-19,ke,113.11
2026-03-20,ke,112.54
2026-03-21,ke,112.25
2026-03-22,ke,111.99
2026-03-23,ke,111.61
2026-03-24,ke,111.78
2026-03-25,ke,111.6
2026-03-26,ke,111.09
2026-03-27,ke,110.27
2026-03-28,ke,110.01
2026-03-29,ke,110.1
2026-03-30,ke,110.22
2026-03-31,ke,109.79
2026-04-01,ke,109.97
2026-04-02,ke,110.62
2026-04-03,ke,111.31
2026-04-04,ke,111.66
2026-04-05,ke,111.82
2026-04-06,ke,112.1
2026-04-07,ke,111.97
2026-04-08,ke,111.92
2026-04-09,ke,111.61
2026-04-10,ke,110.93
2026-04-11,ke,110.51
2026-04-12,ke,110.54
2026-04-13,ke,110.46
2026-04-14,ke,110.84
2026-04-15,ke,110.95
2026-04-16,ke,110.9
2026-04-17,ke,111.14
2026-04-18,ke,111.32
2026-04-19,ke,111.28
2026-04-20,ke,111.4
2026-04-21,ke,111.63
2026-04-22,ke,111.58
2026-04-23,ke,111.17
2026-04-24,ke,110.03
2026-04-25,ke,108.45
2026-04-26,ke,106.98
2026-04-27,ke,105.45
2026-04-28,ke,103.75
2026-04-29,ke,102.9
2026-04-30,ke,102.9
2026-05-01,ke,103.56
2026-05-02,ke,104.9
2026-05-03,ke,106.02
2026-05-04,ke,107.14
2026-05-05,ke,107.89
2026-05-06,ke,108.26
2026-05-07,ke,108.45
2026-05-08,ke,108.66
2026-05-09,ke,108.36
2026-05-10,ke,108.11
2026-05-11,ke,107.93
2026-05-12,ke,108
2026-05-13,ke,108.16
2026-05-14,ke,107.95
2026-05-15,ke,107.17
2026-05-16,ke,106.55
2026-05-17,ke,105.89
2026-05-18,ke,105.09
2026-05-19,ke,104.65
2026-05-20,ke,104.43
2026-05-21,ke,104.3
2026-05-22,ke,104.32
2026-05-23,ke,104.34
2026-05-24,ke,104.36
2026-05-25,ke,104.14
2026-05-26,ke,103.16
2026-05-27,ke,101.52
2026-05-28,ke,99.69
2026-05-29,ke,98.36
2026-05-30,ke,97.37
2026-05-31,ke,96.51
2026-06-01,ke,96.05
2026-06-02,ke,95.59
2026-06-03,ke,96.03
2026-06-04,ke,96.64
2026-06-05,ke,96.85
2026-06-06,ke,97.14
2026-06-07,ke,97.38
2026-06-08,ke,97.24
2026-06-09,ke,98.02
2026-06-10,ke,98.31
2026-06-11,ke,98.92
2026-06-12,ke,99.62
2026-06-13,ke,100.41
2026-06-14,ke,101.4
2026-06-15,ke,102.18
2026-06-16,ke,102.37
2026-06-17,ke,102.13
2026-06-18,ke,101.57
2026-06-19,ke,101.42
2026-06-20,ke,100.98
2026-06-21,ke,100.28
2026-06-22,ke,99.6
2026-06-23,ke,99.2
2026-06-24,ke,98.83
2026-06-25,ke,98.29
2026-06-26,ke,97.75
2026-06-27,ke,97.02
2026-06-28,ke,96.5
2026-06-29,ke,96.3
2026-06-30,ke,96.06
2026-07-01,ke,96.14
2026-07-02,ke,97.03
2026-07-03,ke,97.79
2026-07-04,ke,99.02
2026-07-05,ke,100.04
2026-07-06,ke,101
2026-07-07,ke,101.61
2026-07-08,ke,102.17
2026-07-09,ke,102.51
2026-07-10,ke,102.87
2026-07-11,ke,103.06
2026-07-12,ke,103.15
2026-07-13,ke,102.88
2026-07-14,ke,103.18
2026-07-15,ke,103.5
2026-07-16,ke,103.56
2026-07-17,ke,103.35
2026-07-18,ke,103.33
2026-07-19,ke,103.31
2026-07-20,ke,103.42
2026-07-21,ke,103.48
2026-07-22,ke,103.74
2026-07-23,ke,103.47
2026-07-24,ke,102.94
2026-07-25,ke,102.59
2026-07-26,ke,102.35
2026-07-27,ke,102.05
2026-07-28,ke,102
2026-07-29,ke,102.23
2026-07-30,ke,103.12
2026-07-31,ke,103.82
2026-08-01,ke,104.33
2026-08-02,ke,105.02
2026-08-03,ke,106.08
2026-08-04,ke,106.3
2026-08-05,ke,106
2026-08-06,ke,105.28
2026-08-07,ke,104.92
2026-08-08,ke,104.34
2026-08-09,ke,103.4
2026-08-10,ke,102.2
2026-08-11,ke,101.39
2026-08-12,ke,100.87
2026-08-13,ke,100.42
2026-08-14,ke,100.38
2026-08-15,ke,100.53
2026-08-16,ke,100.9
2026-08-17,ke,101.51
2026-08-18,ke,103.01
2026-08-19,ke,104.44
2026-08-20,ke,105.94
2026-08-21,ke,107.12
2026-08-22,ke,108.38
2026-08-23,ke,109.05
2026-08-24,ke,109.85
2026-08-25,ke,109.84
2026-08-26,ke,109.5
2026-08-27,ke,108.93
2026-08-28,ke,108.85
2026-08-29,ke,108.28
2026-08-30,ke,108
2026-08-31,ke,107.26
2026-09-01,ke,106.98
2026-09-02,ke,106.89
2026-09-03,ke,106.96
2026-09-04,ke,107.4
2026-09-05,ke,108.35
2026-09-06,ke,109.25
2026-09-07,ke,110.39
2026-09-08,ke,110.81
2026-09-09,ke,111.49
2026-09-10,ke,112.49
2026-09-11,ke,112.66
2026-09-12,ke,112.84
2026-09-13,ke,113.12
2026-09-14,ke,113.24
2026-09-15,ke,113.56
2026-09-16,ke,113.44
2026-09-17,ke,113.38
2026-09-18,ke,113.14
2020-02-01,lk,100
2020-02-02,lk,102.76
2020-02-03,lk,105.77
2020-02-04,lk,108.89
2020-02-05,lk,110.15
2020-02-06,lk,111.13
2020-02-07,lk,111.79
2020-02-08,lk,112.04
2020-02-09,lk,111.63
2020-02-10,lk,110.78
2020-02-11,lk,108.76
2020-02-12,lk,105.41
2020-02-13,lk,102.34
2020-02-14,lk,99.34
2020-02-15,lk,96.68
2020-02-16,lk,94.15
2020-02-17,lk,92.09
2020-02-18,lk,90.2
2020-02-19,lk,89.79
2020-02-20,lk,89.42
2020-02-21,lk,89.1
2020-02-22,lk,88.71
2020-02-23,lk,88.36
2020-02-24,lk,88.22
2020-02-25,lk,88.23
2020-02-26,lk,88.16
2020-02-27,lk,87.99
2020-02-28,lk,87.61
2020-02-29,lk,86.8
2020-03-01,lk,86.33
2020-03-02,lk,85.8
2020-03-03,lk,85.53
2020-03-04,lk,85.33
2020-03-05,lk,85.08
2020-03-06,lk,85
2020-03-07,lk,84.98
2020-03-08,lk,84.74
2020-03-09,lk,84.34
2020-03-10,lk,84.1
2020-03-11,lk,83.61
2020-03-12,lk,82.98
2020-03-13,lk,82.05
2020-03-14,lk,81.57
2020-03-15,lk,80.66
2020-03-16,lk,79.63
2020-03-17,lk,78.33
2020-03-18,lk,77.18
2020-03-19,lk,75.64
2020-03-20,lk,74.25
2020-03-21,lk,72.35
2020-03-22,lk,70.65
2020-03-23,lk,68.92
2020-03-24,lk,67.35
2020-03-25,lk,66.04
2020-03-26,lk,64.91
2020-03-27,lk,64.13
2020-03-28,lk,63.71
2020-03-29,lk,63.22
2020-03-30,lk,62.75
2020-03-31,lk,62.11
2020-04-01,lk,60.98
2020-04-02,lk,60.09
2020-04-03,lk,58.95
2020-04-04,lk,57.29
2020-04-05,lk,55.71
2020-04-06,lk,54.31
2020-04-07,lk,53.05
2020-04-08,lk,51.84
2020-04-09,lk,50.28
2020-04-10,lk,48.95
2020-04-11,lk,47.98
2020-04-12,lk,47.02
2020-04-13,lk,45.98
2020-04-14,lk,45
2020-04-15,lk,44.36
2020-04-16,lk,43.81
2020-04-17,lk,43
2020-04-18,lk,42.32
2020-04-19,lk,41.68
2020-04-20,lk,41.12
2020-04-21,lk,40.3
2020-04-22,lk,39.22
2020-04-23,lk,38.48
2020-04-24,lk,37.76
2020-04-25,lk,37.11
2020-04-26,lk,36.62
2020-04-27,lk,35.94
2020-04-28,lk,35.83
2020-04-29,lk,36.1
2020-04-30,lk,36.32
2020-05-01,lk,36.65
2020-05-02,lk,36.97
2020-05-03,lk,37.45
2020-05-04,lk,38.09
2020-05-05,lk,38.39
2020-05-06,lk,38.43
2020-05-07,lk,38.5
2020-05-08,lk,38.74
2020-05-09,lk,38.65
2020-05-10,lk,38.43
2020-05-11,lk,37.91
2020-05-12,lk,37.57
2020-05-13,lk,37.62
2020-05-14,lk,37.57
2020-05-15,lk,37.47
2020-05-16,lk,37.45
2020-05-17,lk,37.47
2020-05-18,lk,37.82
2020-05-19,lk,38.28
2020-05-20,lk,38.39
2020-05-21,lk,39.11
2020-05-22,lk,39.42
2020-05-23,lk,39.94
2020-05-24,lk,40.19
2020-05-25,lk,40.46
2020-05-26,lk,40.56
2020-05-27,lk,40.57
2020-05-28,lk,39.95
2020-05-29,lk,39.74
2020-05-30,lk,39.6
2020-05-31,lk,39.62
2020-06-01,lk,39.59
2020-06-02,lk,39.68
2020-06-03,lk,39.87
2020-06-04,lk,39.99
2020-06-05,lk,40.07
2020-06-06,lk,40.41
2020-06-07,lk,41.17
2020-06-08,lk,41.72
2020-06-09,lk,42.11
2020-06-10,lk,42.72
2020-06-11,lk,43.55
2020-06-12,lk,44.33
2020-06-13,lk,44.75
2020-06-14,lk,44.69
2020-06-15,lk,44.88
2020-06-16,lk,45.17
2020-06-17,lk,45.16
2020-06-18,lk,45.02
2020-06-19,lk,44.93
2020-06-20,lk,44.72
2020-06-21,lk,44.7
2020-06-22,lk,44.62
2020-06-23,lk,44.41
2020-06-24,lk,44.59
2020-06-25,lk,44.84
2020-06-26,lk,45.15
2020-06-27,lk,45.64
2020-06-28,lk,46.04
2020-06-29,lk,46.32
2020-06-30,lk,46.78
2020-07-01,lk,46.81
2020-07-02,lk,46.97
2020-07-03,lk,47.03
2020-07-04,lk,47.04
2020-07-05,lk,47.1
2020-07-06,lk,47.07
2020-07-07,lk,46.96
2020-07-08,lk,46.92
2020-07-09,lk,46.93
2020-07-10,lk,46.83
2020-07-11,lk,46.61
2020-07-12,lk,46.18
2020-07-13,lk,45.58
2020-07-14,lk,45.37
2020-07-15,lk,45.2
2020-07-16,lk,44.52
2020-07-17,lk,44.01
2020-07-18,lk,43.4
2020-07-19,lk,42.95
2020-07-20,lk,42.85
2020-07-21,lk,42.57
2020-07-22,lk,42.18
2020-07-23,lk,42.14
2020-07-24,lk,42.05
2020-07-25,lk,42.33
2020-07-26,lk,42.7
2020-07-27,lk,43.03
2020-07-28,lk,43.1
2020-07-29,lk,43.59
2020-07-30,lk,44.12
2020-07-31,lk,44.84
2020-08-01,lk,45.21
2020-08-02,lk,45.46
2020-08-03,lk,45.83
2020-08-04,lk,46.07
2020-08-05,lk,46.15
2020-08-06,lk,46.5
2020-08-07,lk,46.85
2020-08-08,lk,47.55
2020-08-09,lk,48.32
2020-08-10,lk,49.02
2020-08-11,lk,49.94
2020-08-12,lk,51.1
2020-08-13,lk,52.01
2020-08-14,lk,52.89
2020-08-15,lk,53.6
2020-08-16,lk,54.23
2020-08-17,lk,55.01
2020-08-18,lk,55.62
2020-08-19,lk,55.8
2020-08-20,lk,55.99
2020-08-21,lk,55.94
2020-08-22,lk,55.87
2020-08-23,lk,55.96
2020-08-24,lk,55.64
2020-08-25,lk,55.7
2020-08-26,lk,56.03
2020-08-27,lk,56.6
2020-08-28,lk,57.2
2020-08-29,lk,57.96
2020-08-30,lk,58.82
2020-08-31,lk,59.66
2020-09-01,lk,60.21
2020-09-02,lk,60.7
2020-09-03,lk,60.92
2020-09-04,lk,61.21
2020-09-05,lk,61.26
2020-09-06,lk,60.99
2020-09-07,lk,60.87
2020-09-08,lk,60.69
2020-09-09,lk,60.76
2020-09-10,lk,60.57
2020-09-11,lk,60.39
2020-09-12,lk,60.28
2020-09-13,lk,60.2
2020-09-14,lk,60.45
2020-09-15,lk,60.79
2020-09-16,lk,60.63
2020-09-17,lk,61.07
2020-09-18,lk,61.62
2020-09-19,lk,62.24
2020-09-20,lk,63.06
2020-09-21,lk,63.6
2020-09-22,lk,64.26
2020-09-23,lk,65.1
2020-09-24,lk,65.52
2020-09-25,lk,65.84
2020-09-26,lk,66.02
2020-09-27,lk,66.12
2020-09-28,lk,66.12
2020-09-29,lk,66.11
2020-09-30,lk,66.43
2020-10-01,lk,66.81
2020-10-02,lk,67.77
2020-10-03,lk,68.94
2020-10-04,lk,69.98
2020-10-05,lk,71.07
2020-10-06,lk,72.11
2020-10-07,lk,73.2
2020-10-08,lk,74.33
2020-10-09,lk,74.92
2020-10-10,lk,75.64
2020-10-11,lk,76.62
2020-10-12,lk,77.67
2020-10-13,lk,78.64
2020-10-14,lk,78.4
2020-10-15,lk,78.53
2020-10-16,lk,77.84
2020-10-17,lk,77.21
2020-10-18,lk,76
2020-10-19,lk,74.58
2020-10-20,lk,73.26
2020-10-21,lk,72.42
2020-10-22,lk,70.71
2020-10-23,lk,69.95
2020-10-24,lk,68.51
2020-10-25,lk,68.1
2020-10-26,lk,68.29
2020-10-27,lk,67.93
2020-10-28,lk,67.15
2020-10-29,lk,67.12
2020-10-30,lk,66.6
2020-10-31,lk,66.49
2020-11-01,lk,65.81
2020-11-02,lk,64.86
2020-11-03,lk,63.84
2020-11-04,lk,63.72
2020-11-05,lk,63.44
2020-11-06,lk,63.58
2020-11-07,lk,63.64
2020-11-08,lk,63.66
2020-11-09,lk,63.64
2020-11-10,lk,63.84
2020-11-11,lk,64.21
2020-11-12,lk,64.2
2020-11-13,lk,63.93
2020-11-14,lk,63.57
2020-11-15,lk,63.41
2020-11-16,lk,63.65
2020-11-17,lk,63.98
2020-11-18,lk,64.42
2020-11-19,lk,65.57
2020-11-20,lk,66.52
2020-11-21,lk,67.86
2020-11-22,lk,69.07
2020-11-23,lk,69.9
2020-11-24,lk,71.19
2020-11-25,lk,72.35
2020-11-26,lk,73.09
2020-11-27,lk,74.32
2020-11-28,lk,75.29
2020-11-29,lk,76.35
2020-11-30,lk,77.48
2020-12-01,lk,78.45
2020-12-02,lk,79.02
2020-12-03,lk,79.77
2020-12-04,lk,80.24
2020-12-05,lk,80.85
2020-12-06,lk,81.24
2020-12-07,lk,81.49
2020-12-08,lk,81.72
2020-12-09,lk,81.98
2020-12-10,lk,82.03
2020-12-11,lk,82.39
2020-12-12,lk,82.48
2020-12-13,lk,82.7
2020-12-14,lk,82.69
2020-12-15,lk,82.69
2020-12-16,lk,83.13
2020-12-17,lk,83.53
2020-12-18,lk,84.27
2020-12-19,lk,85.05
2020-12-20,lk,85.73
2020-12-21,lk,86.72
2020-12-22,lk,87.61
2020-12-23,lk,88.2
2020-12-24,lk,88.57
2020-12-25,lk,88.35
2020-12-26,lk,88.24
2020-12-27,lk,88.06
2020-12-28,lk,87.83
2020-12-29,lk,87.76
2020-12-30,lk,87.47
2020-12-31,lk,87.17
2021-01-01,lk,86.79
2021-01-02,lk,86.47
2021-01-03,lk,86.03
2021-01-04,lk,85.56
2021-01-05,lk,84.74
2021-01-06,lk,84.22
2021-01-07,lk,83.77
2021-01-08,lk,83.71
2021-01-09,lk,83.74
2021-01-10,lk,83.85
2021-01-11,lk,83.58
2021-01-12,lk,83.51
2021-01-13,lk,83.17
2021-01-14,lk,83.08
2021-01-15,lk,82.65
2021-01-16,lk,81.8
2021-01-17,lk,80.99
2021-01-18,lk,80.2
2021-01-19,lk,79.53
2021-01-20,lk,78.97
2021-01-21,lk,77.82
2021-01-22,lk,76.57
2021-01-23,lk,75.09
2021-01-24,lk,74.42
2021-01-25,lk,73.81
2021-01-26,lk,72.85
2021-01-27,lk,71.88
2021-01-28,lk,71.52
2021-01-29,lk,71.27
2021-01-30,lk,71.55
2021-01-31,lk,71.25
2021-02-01,lk,71.07
2021-02-02,lk,72.2
2021-02-03,lk,73.73
2021-02-04,lk,74.86
2021-02-05,lk,76.03
2021-02-06,lk,77.66
2021-02-07,lk,78.8
2021-02-08,lk,80.02
2021-02-09,lk,80.12
2021-02-10,lk,79.85
2021-02-11,lk,79.98
2021-02-12,lk,79.93
2021-02-13,lk,79.26
2021-02-14,lk,78.89
2021-02-15,lk,78.73
2021-02-16,lk,78.78
2021-02-17,lk,79.21
2021-02-18,lk,79.19
2021-02-19,lk,79.18
2021-02-20,lk,79.12
2021-02-21,lk,79.1
2021-02-22,lk,78.82
2021-02-23,lk,78.35
2021-02-24,lk,78.27
2021-02-25,lk,78.64
2021-02-26,lk,79.29
2021-02-27,lk,79.78
2021-02-28,lk,80.19
2021-03-01,lk,80.64
2021-03-02,lk,82.04
2021-03-03,lk,82.69
2021-03-04,lk,83.56
2021-03-05,lk,84.28
2021-03-06,lk,85.33
2021-03-07,lk,86.53
2021-03-08,lk,87.68
2021-03-09,lk,88.25
2021-03-10,lk,88.89
2021-03-11,lk,89.08
2021-03-12,lk,89.07
2021-03-13,lk,89.8
2021-03-14,lk,90.42
2021-03-15,lk,91.19
2021-03-16,lk,91.73
2021-03-17,lk,92.33
2021-03-18,lk,92.95
2021-03-19,lk,94.01
2021-03-20,lk,94
2021-03-21,lk,93.56
2021-03-22,lk,92.97
2021-03-23,lk,92
2021-03-24,lk,91.11
2021-03-25,lk,90.82
2021-03-26,lk,90.73
2021-03-27,lk,90.87
2021-03-28,lk,91.75
2021-03-29,lk,92.77
2021-03-30,lk,94.09
2021-03-31,lk,95.01
2021-04-01,lk,95.29
2021-04-02,lk,95.55
2021-04-03,lk,95.88
2021-04-04,lk,96.13
2021-04-05,lk,96.4
2021-04-06,lk,96.76
2021-04-07,lk,97.4
2021-04-08,lk,98.14
2021-04-09,lk,98.52
2021-04-10,lk,98.78
2021-04-11,lk,98.92
2021-04-12,lk,99.19
2021-04-13,lk,99.22
2021-04-14,lk,99.39
2021-04-15,lk,99.43
2021-04-16,lk,99.51
2021-04-17,lk,100.03
2021-04-18,lk,100.57
2021-04-19,lk,100.8
2021-04-20,lk,101.72
2021-04-21,lk,102.31
2021-04-22,lk,103.35
2021-04-23,lk,104.46
2021-04-24,lk,105.26
2021-04-25,lk,106.04
2021-04-26,lk,106.96
2021-04-27,lk,107.04
2021-04-28,lk,107.25
2021-04-29,lk,107.11
2021-04-30,lk,106.97
2021-05-01,lk,106.97
2021-05-02,lk,107.02
2021-05-03,lk,106.82
2021-05-04,lk,106.97
2021-05-05,lk,106.99
2021-05-06,lk,107.01
2021-05-07,lk,107.14
2021-05-08,lk,107.36
2021-05-09,lk,107.56
2021-05-10,lk,107.97
2021-05-11,lk,108.19
2021-05-12,lk,108.93
2021-05-13,lk,109.45
2021-05-14,lk,109.8
2021-05-15,lk,109.99
2021-05-16,lk,110.18
2021-05-17,lk,110.3
2021-05-18,lk,110.99
2021-05-19,lk,111.47
2021-05-20,lk,112.06
2021-05-21,lk,112.88
2021-05-22,lk,113.29
2021-05-23,lk,113.73
2021-05-24,lk,114.2
2021-05-25,lk,114.01
2021-05-26,lk,113.78
2021-05-27,lk,113.7
2021-05-28,lk,113.16
2021-05-29,lk,112.7
2021-05-30,lk,112.42
2021-05-31,lk,112.04
2021-06-01,lk,111.97
2021-06-02,lk,112.09
2021-06-03,lk,112.28
2021-06-04,lk,112.73
2021-06-05,lk,113.22
2021-06-06,lk,113.6
2021-06-07,lk,113.58
2021-06-08,lk,113.17
2021-06-09,lk,112.48
2021-06-10,lk,111.79
2021-06-11,lk,111.22
2021-06-12,lk,110.6
2021-06-13,lk,110.08
2021-06-14,lk,110.06
2021-06-15,lk,110.36
2021-06-16,lk,110.54
2021-06-17,lk,110.41
2021-06-18,lk,110.08
2021-06-19,lk,109.93
2021-06-20,lk,109.59
2021-06-21,lk,109.18
2021-06-22,lk,108.65
2021-06-23,lk,108.86
2021-06-24,lk,109.33
2021-06-25,lk,110.01
2021-06-26,lk,110.79
2021-06-27,lk,111.64
2021-06-28,lk,112.72
2021-06-29,lk,114.03
2021-06-30,lk,114.81
2021-07-01,lk,115.6
2021-07-02,lk,116.4
2021-07-03,lk,117.48
2021-07-04,lk,118.61
2021-07-05,lk,119.32
2021-07-06,lk,120.19
2021-07-07,lk,121.11
2021-07-08,lk,121.41
2021-07-09,lk,121.13
2021-07-10,lk,120.67
2021-07-11,lk,119.98
2021-07-12,lk,119.63
2021-07-13,lk,119.01
2021-07-14,lk,118.68
2021-07-15,lk,118.42
2021-07-16,lk,119.17
2021-07-17,lk,119.8
2021-07-18,lk,120.74
2021-07-19,lk,121.53
2021-07-20,lk,122.43
2021-07-21,lk,122.61
2021-07-22,lk,123.2
2021-07-23,lk,123.22
2021-07-24,lk,123.29
2021-07-25,lk,123.26
2021-07-26,lk,123.2
2021-07-27,lk,122.58
2021-07-28,lk,122.59
2021-07-29,lk,122.63
2021-07-30,lk,122.75
2021-07-31,lk,122.89
2021-08-01,lk,122.92
2021-08-02,lk,123.28
2021-08-03,lk,123.76
2021-08-04,lk,123.99
2021-08-05,lk,123.9
2021-08-06,lk,123.57
2021-08-07,lk,123.84
2021-08-08,lk,124.01
2021-08-09,lk,124.06
2021-08-10,lk,124.36
2021-08-11,lk,125.04
2021-08-12,lk,126.43
2021-08-13,lk,127.62
2021-08-14,lk,128.34
2021-08-15,lk,129.15
2021-08-16,lk,129.74
2021-08-17,lk,130.65
2021-08-18,lk,131.01
2021-08-19,lk,131.05
2021-08-20,lk,131.43
2021-08-21,lk,131.74
2021-08-22,lk,131.97
2021-08-23,lk,132.27
2021-08-24,lk,132.12
2021-08-25,lk,132.03
2021-08-26,lk,131.26
2021-08-27,lk,131.32
2021-08-28,lk,131.06
2021-08-29,lk,130.82
2021-08-30,lk,129.79
2021-08-31,lk,129.67
2021-09-01,lk,129.62
2021-09-02,lk,129.8
2021-09-03,lk,129.63
2021-09-04,lk,130.03
2021-09-05,lk,130.4
2021-09-06,lk,131.3
2021-09-07,lk,131.96
2021-09-08,lk,132.33
2021-09-09,lk,132.33
2021-09-10,lk,132.79
2021-09-11,lk,132.91
2021-09-12,lk,132.96
2021-09-13,lk,133.11
2021-09-14,lk,132.89
2021-09-15,lk,132.64
2021-09-16,lk,133.28
2021-09-17,lk,132.91
2021-09-18,lk,132.54
2021-09-19,lk,132.39
2021-09-20,lk,132.26
2021-09-21,lk,132.6
2021-09-22,lk,133.31
2021-09-23,lk,134.04
2021-09-24,lk,134.67
2021-09-25,lk,135.06
2021-09-26,lk,135.29
2021-09-27,lk,135.77
2021-09-28,lk,136.23
2021-09-29,lk,136.51
2021-09-30,lk,136.26
2021-10-01,lk,136.94
2021-10-02,lk,137.75
2021-10-03,lk,138.87
2021-10-04,lk,139.65
2021-10-05,lk,140.01
2021-10-06,lk,141.11
2021-10-07,lk,141.59
2021-10-08,lk,141.24
2021-10-09,lk,141.2
2021-10-10,lk,140.85
2021-10-11,lk,140.57
2021-10-12,lk,140.25
2021-10-13,lk,139.43
2021-10-14,lk,139.6
2021-10-15,lk,140.15
2021-10-16,lk,140.54
2021-10-17,lk,141.06
2021-10-18,lk,141.71
2021-10-19,lk,142.58
2021-10-20,lk,143.53
2021-10-21,lk,144.55
2021-10-22,lk,144.92
2021-10-23,lk,145.79
2021-10-24,lk,146.49
2021-10-25,lk,147.61
2021-10-26,lk,148.59
2021-10-27,lk,147.75
2021-10-28,lk,147.46
2021-10-29,lk,147
2021-10-30,lk,146.66
2021-10-31,lk,146.34
2021-11-01,lk,145.5
2021-11-02,lk,144.77
2021-11-03,lk,145.59
2021-11-04,lk,145.72
2021-11-05,lk,146.56
2021-11-06,lk,147.07
2021-11-07,lk,147.46
2021-11-08,lk,147.09
2021-11-09,lk,147.36
2021-11-10,lk,147.46
2021-11-11,lk,147.82
2021-11-12,lk,148.11
2021-11-13,lk,147.96
2021-11-14,lk,147.66
2021-11-15,lk,148.53
2021-11-16,lk,149.38
2021-11-17,lk,150.22
2021-11-18,lk,150.43
2021-11-19,lk,151.36
2021-11-20,lk,151.42
2021-11-21,lk,152.13
2021-11-22,lk,152.54
2021-11-23,lk,151.94
2021-11-24,lk,151.55
2021-11-25,lk,151.55
2021-11-26,lk,150.22
2021-11-27,lk,150.23
2021-11-28,lk,149.87
2021-11-29,lk,149.11
2021-11-30,lk,148.15
2021-12-01,lk,146.49
2021-12-02,lk,145.91
2021-12-03,lk,145.86
2021-12-04,lk,145.49
2021-12-05,lk,145.29
2021-12-06,lk,145.5
2021-12-07,lk,145.96
2021-12-08,lk,146.86
2021-12-09,lk,146.66
2021-12-10,lk,146.45
2021-12-11,lk,145.98
2021-12-12,lk,145.63
2021-12-13,lk,145.54
2021-12-14,lk,145.35
2021-12-15,lk,145.31
2021-12-16,lk,145.3
2021-12-17,lk,145.11
2021-12-18,lk,145.27
2021-12-19,lk,145.2
2021-12-20,lk,144.93
2021-12-21,lk,144.65
2021-12-22,lk,144.4
2021-12-23,lk,144.6
2021-12-24,lk,145.15
2021-12-25,lk,145.55
2021-12-26,lk,145.76
2021-12-27,lk,146.39
2021-12-28,lk,147.3
2021-12-29,lk,148.46
2021-12-30,lk,148.33
2021-12-31,lk,148.24
2022-01-01,lk,148.01
2022-01-02,lk,147.9
2022-01-03,lk,146.91
2022-01-04,lk,145.38
2022-01-05,lk,144.22
2022-01-06,lk,143.61
2022-01-07,lk,143.74
2022-01-08,lk,143.48
2022-01-09,lk,143.89
2022-01-10,lk,144.68
2022-01-11,lk,145.6
2022-01-12,lk,146.29
2022-01-13,lk,147.58
2022-01-14,lk,147.57
2022-01-15,lk,148.42
2022-01-16,lk,148.98
2022-01-17,lk,149.69
2022-01-18,lk,150.7
2022-01-19,lk,151.46
2022-01-20,lk,151.97
2022-01-21,lk,152.62
2022-01-22,lk,152.94
2022-01-23,lk,152.56
2022-01-24,lk,152.37
2022-01-25,lk,151.9
2022-01-26,lk,151.69
2022-01-27,lk,151.52
2022-01-28,lk,151.63
2022-01-29,lk,151.64
2022-01-30,lk,152.58
2022-01-31,lk,153.05
2022-02-01,lk,153.94
2022-02-02,lk,155.17
2022-02-03,lk,157.17
2022-02-04,lk,159.69
2022-02-05,lk,161.92
2022-02-06,lk,163.78
2022-02-07,lk,165.18
2022-02-08,lk,166.35
2022-02-09,lk,167.26
2022-02-10,lk,167.27
2022-02-11,lk,166.33
2022-02-12,lk,165.58
2022-02-13,lk,164.85
2022-02-14,lk,164.49
2022-02-15,lk,164.18
2022-02-16,lk,163.52
2022-02-17,lk,163.39
2022-02-18,lk,163.52
2022-02-19,lk,162.79
2022-02-20,lk,162.38
2022-02-21,lk,162.05
2022-02-22,lk,161.89
2022-02-23,lk,161.42
2022-02-24,lk,160.48
2022-02-25,lk,159.95
2022-02-26,lk,160.07
2022-02-27,lk,159.38
2022-02-28,lk,158.96
2022-03-01,lk,158.65
2022-03-02,lk,157.73
2022-03-03,lk,156.88
2022-03-04,lk,156.03
2022-03-05,lk,155.5
2022-03-06,lk,155.43
2022-03-07,lk,155.3
2022-03-08,lk,154.88
2022-03-09,lk,155.16
2022-03-10,lk,155.12
2022-03-11,lk,155.34
2022-03-12,lk,155.55
2022-03-13,lk,155.79
2022-03-14,lk,155.72
2022-03-15,lk,156.51
2022-03-16,lk,157.2
2022-03-17,lk,158.35
2022-03-18,lk,158.55
2022-03-19,lk,159.07
2022-03-20,lk,159.62
2022-03-21,lk,160.12
2022-03-22,lk,159.73
2022-03-23,lk,159.41
2022-03-24,lk,158.65
2022-03-25,lk,158.86
2022-03-26,lk,158.49
2022-03-27,lk,158.23
2022-03-28,lk,158.12
2022-03-29,lk,157.81
2022-03-30,lk,157.96
2022-03-31,lk,158.45
2022-04-01,lk,159.08
2022-04-02,lk,158.87
2022-04-03,lk,158.22
2022-04-04,lk,157.52
2022-04-05,lk,157.19
2022-04-06,lk,156.4
2022-04-07,lk,155.4
2022-04-08,lk,153.89
2022-04-09,lk,153.3
2022-04-10,lk,153.07
2022-04-11,lk,152.92
2022-04-12,lk,152.7
2022-04-13,lk,152.79
2022-04-14,lk,152.97
2022-04-15,lk,152.82
2022-04-16,lk,152.94
2022-04-17,lk,152.94
2022-04-18,lk,153.03
2022-04-19,lk,152.64
2022-04-20,lk,152.21
2022-04-21,lk,151.58
2022-04-22,lk,150.55
2022-04-23,lk,149.72
2022-04-24,lk,148.37
2022-04-25,lk,147.21
2022-04-26,lk,146.96
2022-04-27,lk,146.14
2022-04-28,lk,146.01
2022-04-29,lk,146.49
2022-04-30,lk,146.59
2022-05-01,lk,147.43
2022-05-02,lk,148.04
2022-05-03,lk,148.16
2022-05-04,lk,148.85
2022-05-05,lk,149.36
2022-05-06,lk,149.93
2022-05-07,lk,150.49
2022-05-08,lk,150.93
2022-05-09,lk,151.11
2022-05-10,lk,151.45
2022-05-11,lk,151.75
2022-05-12,lk,151.81
2022-05-13,lk,151.78
2022-05-14,lk,151.99
2022-05-15,lk,152.16
2022-05-16,lk,152.71
2022-05-17,lk,153.56
2022-05-18,lk,154.28
2022-05-19,lk,154.85
2022-05-20,lk,156.08
2022-05-21,lk,156.55
2022-05-22,lk,157.23
2022-05-23,lk,157.77
2022-05-24,lk,157.9
2022-05-25,lk,158.48
2022-05-26,lk,158.7
2022-05-27,lk,158.26
2022-05-28,lk,159.56
2022-05-29,lk,160.68
2022-05-30,lk,161.81
2022-05-31,lk,163.06
2022-06-01,lk,163.62
2022-06-02,lk,164.61
2022-06-03,lk,165.64
2022-06-04,lk,165.37
2022-06-05,lk,165.19
2022-06-06,lk,165.27
2022-06-07,lk,165.3
2022-06-08,lk,165.58
2022-06-09,lk,166.05
2022-06-10,lk,166.8
2022-06-11,lk,167.49
2022-06-12,lk,167.76
2022-06-13,lk,167.73
2022-06-14,lk,168.12
2022-06-15,lk,168.69
2022-06-16,lk,168.95
2022-06-17,lk,168.77
2022-06-18,lk,169.3
2022-06-19,lk,169.71
2022-06-20,lk,170.1
2022-06-21,lk,169.64
2022-06-22,lk,169.23
2022-06-23,lk,168.94
2022-06-24,lk,168.72
2022-06-25,lk,168.03
2022-06-26,lk,167.67
2022-06-27,lk,167.42
2022-06-28,lk,167.65
2022-06-29,lk,167.58
2022-06-30,lk,167.58
2022-07-01,lk,167.25
2022-07-02,lk,167.14
2022-07-03,lk,166.98
2022-07-04,lk,166.8
2022-07-05,lk,166.68
2022-07-06,lk,166.36
2022-07-07,lk,166.3
2022-07-08,lk,166.65
2022-07-09,lk,166.9
2022-07-10,lk,167.22
2022-07-11,lk,167.59
2022-07-12,lk,167.75
2022-07-13,lk,168.32
2022-07-14,lk,167.73
2022-07-15,lk,167.85
2022-07-16,lk,167.84
2022-07-17,lk,167.75
2022-07-18,lk,167.43
2022-07-19,lk,167.46
2022-07-20,lk,166.96
2022-07-21,lk,167.51
2022-07-22,lk,167.21
2022-07-23,lk,166.85
2022-07-24,lk,166.36
2022-07-25,lk,166.2
2022-07-26,lk,166.25
2022-07-27,lk,166.86
2022-07-28,lk,167.14
2022-07-29,lk,167.33
2022-07-30,lk,167.78
2022-07-31,lk,168.39
2022-08-01,lk,169.13
2022-08-02,lk,168.93
2022-08-03,lk,168.59
2022-08-04,lk,168.34
2022-08-05,lk,168.28
2022-08-06,lk,168.08
2022-08-07,lk,167.71
2022-08-08,lk,167.08
2022-08-09,lk,166.74
2022-08-10,lk,166.6
2022-08-11,lk,166.19
2022-08-12,lk,165.8
2022-08-13,lk,165.23
2022-08-14,lk,164.93
2022-08-15,lk,164.49
2022-08-16,lk,164.12
2022-08-17,lk,163.7
2022-08-18,lk,163.89
2022-08-19,lk,164.24
2022-08-20,lk,164.67
2022-08-21,lk,164.99
2022-08-22,lk,165.13
2022-08-23,lk,165.25
2022-08-24,lk,165.69
2022-08-25,lk,165.74
2022-08-26,lk,165.64
2022-08-27,lk,165.73
2022-08-28,lk,165.86
2022-08-29,lk,166.34
2022-08-30,lk,167.06
2022-08-31,lk,167.68
2022-09-01,lk,168.47
2022-09-02,lk,168.8
2022-09-03,lk,168.62
2022-09-04,lk,168.33
2022-09-05,lk,168.14
2022-09-06,lk,168.13
2022-09-07,lk,167.98
2022-09-08,lk,167.41
2022-09-09,lk,167.43
2022-09-10,lk,167.96
2022-09-11,lk,168.38
2022-09-12,lk,168.53
2022-09-13,lk,168.64
2022-09-14,lk,168.83
2022-09-15,lk,169.32
2022-09-16,lk,170.21
2022-09-17,lk,170.68
2022-09-18,lk,171.34
2022-09-19,lk,171.81
2022-09-20,lk,171.69
2022-09-21,lk,171.18
2022-09-22,lk,170.86
2022-09-23,lk,169.88
2022-09-24,lk,168.72
2022-09-25,lk,168.51
2022-09-26,lk,168.66
2022-09-27,lk,169.08
2022-09-28,lk,169.36
2022-09-29,lk,168.75
2022-09-30,lk,168.2
2022-10-01,lk,168.01
2022-10-02,lk,166.89
2022-10-03,lk,165.67
2022-10-04,lk,164.51
2022-10-05,lk,163.95
2022-10-06,lk,164.29
2022-10-07,lk,164.82
2022-10-08,lk,165.46
2022-10-09,lk,165.87
2022-10-10,lk,166.29
2022-10-11,lk,167
2022-10-12,lk,167.16
2022-10-13,lk,167.26
2022-10-14,lk,167.13
2022-10-15,lk,167.27
2022-10-16,lk,167.68
2022-10-17,lk,168.1
2022-10-18,lk,168.28
2022-10-19,lk,168.63
2022-10-20,lk,168.96
2022-10-21,lk,169.45
2022-10-22,lk,169.78
2022-10-23,lk,170.43
2022-10-24,lk,170.7
2022-10-25,lk,171.26
2022-10-26,lk,172.69
2022-10-27,lk,173.52
2022-10-28,lk,173.65
2022-10-29,lk,173.94
2022-10-30,lk,173.81
2022-10-31,lk,174.3
2022-11-01,lk,174.28
2022-11-02,lk,173.48
2022-11-03,lk,172.96
2022-11-04,lk,173.36
2022-11-05,lk,173.42
2022-11-06,lk,173.73
2022-11-07,lk,173.81
2022-11-08,lk,173.86
2022-11-09,lk,173.9
2022-11-10,lk,173.9
2022-11-11,lk,174.03
2022-11-12,lk,174.54
2022-11-13,lk,174.1
2022-11-14,lk,174.04
2022-11-15,lk,174.07
2022-11-16,lk,174.03
2022-11-17,lk,174.38
2022-11-18,lk,174.3
2022-11-19,lk,174.01
2022-11-20,lk,174.65
2022-11-21,lk,174.6
2022-11-22,lk,174.54
2022-11-23,lk,174.98
2022-11-24,lk,175.48
2022-11-25,lk,176.41
2022-11-26,lk,176.4
2022-11-27,lk,176.32
2022-11-28,lk,176.66
2022-11-29,lk,176.99
2022-11-30,lk,176.73
2022-12-01,lk,176.75
2022-12-02,lk,175.57
2022-12-03,lk,174.96
2022-12-04,lk,174.45
2022-12-05,lk,173.98
2022-12-06,lk,173.97
2022-12-07,lk,173.44
2022-12-08,lk,173.1
2022-12-09,lk,173.86
2022-12-10,lk,174.83
2022-12-11,lk,175.57
2022-12-12,lk,176.02
2022-12-13,lk,175.41
2022-12-14,lk,176.21
2022-12-15,lk,175.76
2022-12-16,lk,175.13
2022-12-17,lk,174.53
2022-12-18,lk,173
2022-12-19,lk,172.51
2022-12-20,lk,172.53
2022-12-21,lk,171.86
2022-12-22,lk,171.76
2022-12-23,lk,171.46
2022-12-24,lk,171.18
2022-12-25,lk,171.91
2022-12-26,lk,172.1
2022-12-27,lk,172.36
2022-12-28,lk,172.38
2022-12-29,lk,171.88
2022-12-30,lk,173.43
2022-12-31,lk,174.93
2023-01-01,lk,176.01
2023-01-02,lk,177.64
2023-01-03,lk,178.58
2023-01-04,lk,179.88
2023-01-05,lk,181.77
2023-01-06,lk,181.97
2023-01-07,lk,182.31
2023-01-08,lk,182.91
2023-01-09,lk,183.11
2023-01-10,lk,184.14
2023-01-11,lk,184.22
2023-01-12,lk,185.16
2023-01-13,lk,185.4
2023-01-14,lk,185.52
2023-01-15,lk,186.92
2023-01-16,lk,186.39
2023-01-17,lk,186.93
2023-01-18,lk,188.53
2023-01-19,lk,189.11
2023-01-20,lk,190.06
2023-01-21,lk,189.64
2023-01-22,lk,188.4
2023-01-23,lk,187.9
2023-01-24,lk,187.22
2023-01-25,lk,186.21
2023-01-26,lk,185.1
2023-01-27,lk,183.68
2023-01-28,lk,183.59
2023-01-29,lk,182.28
2023-01-30,lk,182.29
2023-01-31,lk,181.41
2023-02-01,lk,180.58
2023-02-02,lk,180.49
2023-02-03,lk,180.84
2023-02-04,lk,181.44
2023-02-05,lk,182.66
2023-02-06,lk,183.91
2023-02-07,lk,184.35
2023-02-08,lk,183.51
2023-02-09,lk,181.95
2023-02-10,lk,180.57
2023-02-11,lk,179.04
2023-02-12,lk,177.25
2023-02-13,lk,175
2023-02-14,lk,173.14
2023-02-15,lk,172.62
2023-02-16,lk,172.36
2023-02-17,lk,172.03
2023-02-18,lk,171.74
2023-02-19,lk,171.93
2023-02-20,lk,171.72
2023-02-21,lk,171.87
2023-02-22,lk,171.81
2023-02-23,lk,171.7
2023-02-24,lk,170.97
2023-02-25,lk,170.45
2023-02-26,lk,169.91
2023-02-27,lk,169.59
2023-02-28,lk,169.27
2023-03-01,lk,169.08
2023-03-02,lk,168.41
2023-03-03,lk,168.88
2023-03-04,lk,169.15
2023-03-05,lk,169.59
2023-03-06,lk,169.9
2023-03-07,lk,170.2
2023-03-08,lk,170.55
2023-03-09,lk,171.38
2023-03-10,lk,172.46
2023-03-11,lk,174.08
2023-03-12,lk,174.52
2023-03-13,lk,175.81
2023-03-14,lk,177.32
2023-03-15,lk,177.52
2023-03-16,lk,177.77
2023-03-17,lk,176.63
2023-03-18,lk,174.92
2023-03-19,lk,174.38
2023-03-20,lk,173.02
2023-03-21,lk,171.6
2023-03-22,lk,171.62
2023-03-23,lk,171.76
2023-03-24,lk,171.9
2023-03-25,lk,171.72
2023-03-26,lk,171.55
2023-03-27,lk,171.19
2023-03-28,lk,170.84
2023-03-29,lk,170.42
2023-03-30,lk,170.06
2023-03-31,lk,169.66
2023-04-01,lk,169.57
2023-04-02,lk,169.65
2023-04-03,lk,170.28
2023-04-04,lk,170.58
2023-04-05,lk,171.08
2023-04-06,lk,171.56
2023-04-07,lk,172.28
2023-04-08,lk,172.71
2023-04-09,lk,173.04
2023-04-10,lk,173.17
2023-04-11,lk,173.25
2023-04-12,lk,173
2023-04-13,lk,172.72
2023-04-14,lk,172.43
2023-04-15,lk,172.31
2023-04-16,lk,171.82
2023-04-17,lk,171.33
2023-04-18,lk,170.91
2023-04-19,lk,170.65
2023-04-20,lk,170.18
2023-04-21,lk,169.69
2023-04-22,lk,169.57
2023-04-23,lk,169.49
2023-04-24,lk,169.22
2023-04-25,lk,169.13
2023-04-26,lk,169.39
2023-04-27,lk,169.68
2023-04-28,lk,170.59
2023-04-29,lk,171.07
2023-04-30,lk,171.63
2023-05-01,lk,173.04
2023-05-02,lk,173.8
2023-05-03,lk,174.15
2023-05-04,lk,174.37
2023-05-05,lk,174.15
2023-05-06,lk,174.23
2023-05-07,lk,174.43
2023-05-08,lk,173.69
2023-05-09,lk,173.45
2023-05-10,lk,173.03
2023-05-11,lk,172.49
2023-05-12,lk,171.56
2023-05-13,lk,170.84
2023-05-14,lk,169.88
2023-05-15,lk,168.91
2023-05-16,lk,167.95
2023-05-17,lk,166.82
2023-05-18,lk,165.71
2023-05-19,lk,165.15
2023-05-20,lk,164.19
2023-05-21,lk,163.48
2023-05-22,lk,162.41
2023-05-23,lk,161.52
2023-05-24,lk,161.49
2023-05-25,lk,161.61
2023-05-26,lk,161.83
2023-05-27,lk,161.76
2023-05-28,lk,161.53
2023-05-29,lk,162.02
2023-05-30,lk,162.6
2023-05-31,lk,162.52
2023-06-01,lk,162.19
2023-06-02,lk,161.76
2023-06-03,lk,161.9
2023-06-04,lk,162.15
2023-06-05,lk,162.55
2023-06-06,lk,162.39
2023-06-07,lk,161.96
2023-06-08,lk,160.14
2023-06-09,lk,159.6
2023-06-10,lk,159.38
2023-06-11,lk,158.95
2023-06-12,lk,158.41
2023-06-13,lk,157.58
2023-06-14,lk,157.32
2023-06-15,lk,159.17
2023-06-16,lk,159.76
2023-06-17,lk,159.49
2023-06-18,lk,159.35
2023-06-19,lk,159.06
2023-06-20,lk,159.45
2023-06-21,lk,160.19
2023-06-22,lk,160.32
2023-06-23,lk,160.19
2023-06-24,lk,160.49
2023-06-25,lk,160.61
2023-06-26,lk,160.62
2023-06-27,lk,160.6
2023-06-28,lk,159.53
2023-06-29,lk,158.61
2023-06-30,lk,158.05
2023-07-01,lk,157.42
2023-07-02,lk,156.78
2023-07-03,lk,156.1
2023-07-04,lk,155.5
2023-07-05,lk,155.79
2023-07-06,lk,156.22
2023-07-07,lk,156.67
2023-07-08,lk,157.6
2023-07-09,lk,158.83
2023-07-10,lk,160.07
2023-07-11,lk,161.19
2023-07-12,lk,161.43
2023-07-13,lk,163.13
2023-07-14,lk,165.02
2023-07-15,lk,165.99
2023-07-16,lk,166.74
2023-07-17,lk,167.64
2023-07-18,lk,168.26
2023-07-19,lk,169.47
2023-07-20,lk,169.25
2023-07-21,lk,168.48
2023-07-22,lk,168.02
2023-07-23,lk,167.88
2023-07-24,lk,167.8
2023-07-25,lk,168.01
2023-07-26,lk,167.66
2023-07-27,lk,167.43
2023-07-28,lk,167.13
2023-07-29,lk,167.02
2023-07-30,lk,166.49
2023-07-31,lk,165.88
2023-08-01,lk,165.2
2023-08-02,lk,164.89
2023-08-03,lk,164.81
2023-08-04,lk,164.96
2023-08-05,lk,165.31
2023-08-06,lk,165.98
2023-08-07,lk,166.47
2023-08-08,lk,166.84
2023-08-09,lk,167.04
2023-08-10,lk,166.91
2023-08-11,lk,165.98
2023-08-12,lk,164.32
2023-08-13,lk,163.23
2023-08-14,lk,162.13
2023-08-15,lk,161.54
2023-08-16,lk,160.95
2023-08-17,lk,160.44
2023-08-18,lk,160.38
2023-08-19,lk,161.09
2023-08-20,lk,160.88
2023-08-21,lk,160.93
2023-08-22,lk,160.67
2023-08-23,lk,160.65
2023-08-24,lk,160.62
2023-08-25,lk,160.76
2023-08-26,lk,160.8
2023-08-27,lk,160.64
2023-08-28,lk,160.64
2023-08-29,lk,160.47
2023-08-30,lk,160.73
2023-08-31,lk,160.73
2023-09-01,lk,160.47
2023-09-02,lk,160.68
2023-09-03,lk,161.29
2023-09-04,lk,161.62
2023-09-05,lk,161.89
2023-09-06,lk,161.75
2023-09-07,lk,161.95
2023-09-08,lk,162.45
2023-09-09,lk,163
2023-09-10,lk,162.99
2023-09-11,lk,163.16
2023-09-12,lk,163.52
2023-09-13,lk,163.83
2023-09-14,lk,164.22
2023-09-15,lk,164.33
2023-09-16,lk,163.91
2023-09-17,lk,163.9
2023-09-18,lk,163.88
2023-09-19,lk,163.92
2023-09-20,lk,164.4
2023-09-21,lk,164.79
2023-09-22,lk,164.75
2023-09-23,lk,164.8
2023-09-24,lk,165.08
2023-09-25,lk,165.02
2023-09-26,lk,165.16
2023-09-27,lk,164.68
2023-09-28,lk,163.97
2023-09-29,lk,164
2023-09-30,lk,163.96
2023-10-01,lk,163.83
2023-10-02,lk,163.96
2023-10-03,lk,164
2023-10-04,lk,164.95
2023-10-05,lk,165.19
2023-10-06,lk,165.42
2023-10-07,lk,165.85
2023-10-08,lk,165.92
2023-10-09,lk,166.04
2023-10-10,lk,165.58
2023-10-11,lk,164.36
2023-10-12,lk,163.84
2023-10-13,lk,163.38
2023-10-14,lk,162.38
2023-10-15,lk,161.54
2023-10-16,lk,160.67
2023-10-17,lk,159.9
2023-10-18,lk,159.23
2023-10-19,lk,158.6
2023-10-20,lk,158.05
2023-10-21,lk,157.15
2023-10-22,lk,156.4
2023-10-23,lk,155.62
2023-10-24,lk,155.1
2023-10-25,lk,154.74
2023-10-26,lk,154.47
2023-10-27,lk,153.11
2023-10-28,lk,153.43
2023-10-29,lk,153.72
2023-10-30,lk,154.01
2023-10-31,lk,154.16
2023-11-01,lk,154.11
2023-11-02,lk,153.85
2023-11-03,lk,154.49
2023-11-04,lk,153.7
2023-11-05,lk,152.72
2023-11-06,lk,151.83
2023-11-07,lk,151.41
2023-11-08,lk,151.28
2023-11-09,lk,151.26
2023-11-10,lk,151.14
2023-11-11,lk,151.7
2023-11-12,lk,152.47
2023-11-13,lk,153.4
2023-11-14,lk,153.65
2023-11-15,lk,153.55
2023-11-16,lk,153.52
2023-11-17,lk,153.45
2023-11-18,lk,152.63
2023-11-19,lk,152.59
2023-11-20,lk,152.04
2023-11-21,lk,151.88
2023-11-22,lk,152.21
2023-11-23,lk,152.37
2023-11-24,lk,152.37
2023-11-25,lk,152.31
2023-11-26,lk,151.55
2023-11-27,lk,151.02
2023-11-28,lk,150.77
2023-11-29,lk,150.07
2023-11-30,lk,149.47
2023-12-01,lk,148.81
2023-12-02,lk,148.63
2023-12-03,lk,148.49
2023-12-04,lk,148.44
2023-12-05,lk,147.96
2023-12-06,lk,147.53
2023-12-07,lk,146.98
2023-12-08,lk,147.1
2023-12-09,lk,145.96
2023-12-10,lk,145.9
2023-12-11,lk,145.97
2023-12-12,lk,146.23
2023-12-13,lk,146.51
2023-12-14,lk,146.79
2023-12-15,lk,147.22
2023-12-16,lk,148.58
2023-12-17,lk,148.98
2023-12-18,lk,149.38
2023-12-19,lk,149.74
2023-12-20,lk,150.07
2023-12-21,lk,150.44
2023-12-22,lk,150.23
2023-12-23,lk,150.02
2023-12-24,lk,149.81
2023-12-25,lk,149.74
2023-12-26,lk,149.55
2023-12-27,lk,148.95
2023-12-28,lk,148.5
2023-12-29,lk,148.4
2023-12-30,lk,148.35
2023-12-31,lk,148.2
2024-01-01,lk,147.94
2024-01-02,lk,147.82
2024-01-03,lk,148.36
2024-01-04,lk,149.14
2024-01-05,lk,149.78
2024-01-06,lk,150.63
2024-01-07,lk,151.06
2024-01-08,lk,151.07
2024-01-09,lk,151.13
2024-01-10,lk,150.85
2024-01-11,lk,150.43
2024-01-12,lk,150.16
2024-01-13,lk,149.72
2024-01-14,lk,149.76
2024-01-15,lk,150.01
2024-01-16,lk,150.1
2024-01-17,lk,150.47
2024-01-18,lk,150.55
2024-01-19,lk,150.24
2024-01-20,lk,150.13
2024-01-21,lk,149.7
2024-01-22,lk,149.12
2024-01-23,lk,148.74
2024-01-24,lk,148.68
2024-01-25,lk,148.72
2024-01-26,lk,148.74
2024-01-27,lk,148.68
2024-01-28,lk,148.98
2024-01-29,lk,149.5
2024-01-30,lk,149.67
2024-01-31,lk,149.41
2024-02-01,lk,149.2
2024-02-02,lk,149.45
2024-02-03,lk,149.79
2024-02-04,lk,151.04
2024-02-05,lk,152.27
2024-02-06,lk,152.74
2024-02-07,lk,153.02
2024-02-08,lk,153.25
2024-02-09,lk,153.17
2024-02-10,lk,152.81
2024-02-11,lk,151.44
2024-02-12,lk,150.04
2024-02-13,lk,149.53
2024-02-14,lk,149.17
2024-02-15,lk,148.89
2024-02-16,lk,148.68
2024-02-17,lk,148.01
2024-02-18,lk,147.84
2024-02-19,lk,147.57
2024-02-20,lk,147.35
2024-02-21,lk,147.19
2024-02-22,lk,147.15
2024-02-23,lk,147.34
2024-02-24,lk,148.71
2024-02-25,lk,149.61
2024-02-26,lk,150.78
2024-02-27,lk,152.06
2024-02-28,lk,152.91
2024-02-29,lk,153.55
2024-03-01,lk,153.75
2024-03-02,lk,154.1
2024-03-03,lk,154.43
2024-03-04,lk,154.72
2024-03-05,lk,155.26
2024-03-06,lk,155.49
2024-03-07,lk,155.72
2024-03-08,lk,156.37
2024-03-09,lk,156.45
2024-03-10,lk,156.29
2024-03-11,lk,155.9
2024-03-12,lk,154.91
2024-03-13,lk,154.88
2024-03-14,lk,155.13
2024-03-15,lk,154.76
2024-03-16,lk,155.17
2024-03-17,lk,155.08
2024-03-18,lk,155.45
2024-03-19,lk,155.81
2024-03-20,lk,155.97
2024-03-21,lk,155.45
2024-03-22,lk,155.39
2024-03-23,lk,155.1
2024-03-24,lk,154.98
2024-03-25,lk,154.77
2024-03-26,lk,154.83
2024-03-27,lk,154.94
2024-03-28,lk,155.52
2024-03-29,lk,155.75
2024-03-30,lk,155.82
2024-03-31,lk,155.4
2024-04-01,lk,154.63
2024-04-02,lk,154.27
2024-04-03,lk,153.13
2024-04-04,lk,152.14
2024-04-05,lk,151.33
2024-04-06,lk,150.35
2024-04-07,lk,150.23
2024-04-08,lk,150
2024-04-09,lk,149.46
2024-04-10,lk,149.66
2024-04-11,lk,149.42
2024-04-12,lk,149.26
2024-04-13,lk,148.69
2024-04-14,lk,148.25
2024-04-15,lk,148.21
2024-04-16,lk,148.04
2024-04-17,lk,147.58
2024-04-18,lk,147.02
2024-04-19,lk,146.37
2024-04-20,lk,145.13
2024-04-21,lk,144.66
2024-04-22,lk,143.77
2024-04-23,lk,143.26
2024-04-24,lk,142.9
2024-04-25,lk,142.73
2024-04-26,lk,142.86
2024-04-27,lk,144.03
2024-04-28,lk,144.08
2024-04-29,lk,144.34
2024-04-30,lk,144.26
2024-05-01,lk,143.92
2024-05-02,lk,143.75
2024-05-03,lk,143.39
2024-05-04,lk,142.65
2024-05-05,lk,142.31
2024-05-06,lk,142.13
2024-05-07,lk,141.55
2024-05-08,lk,140.78
2024-05-09,lk,140.62
2024-05-10,lk,140.62
2024-05-11,lk,141.14
2024-05-12,lk,141.09
2024-05-13,lk,140.9
2024-05-14,lk,141.33
2024-05-15,lk,142.45
2024-05-16,lk,142.68
2024-05-17,lk,143.04
2024-05-18,lk,141.84
2024-05-19,lk,140.52
2024-05-20,lk,139.12
2024-05-21,lk,138.04
2024-05-22,lk,138.15
2024-05-23,lk,138.35
2024-05-24,lk,138.02
2024-05-25,lk,139.01
2024-05-26,lk,140.7
2024-05-27,lk,142.31
2024-05-28,lk,143.13
2024-05-29,lk,142.8
2024-05-30,lk,142.25
2024-05-31,lk,142.15
2024-06-01,lk,142.3
2024-06-02,lk,141.82
2024-06-03,lk,141.62
2024-06-04,lk,141.44
2024-06-05,lk,141.12
2024-06-06,lk,140.83
2024-06-07,lk,141.15
2024-06-08,lk,141.15
2024-06-09,lk,141.14
2024-06-10,lk,140.98
2024-06-11,lk,140.97
2024-06-12,lk,140.8
2024-06-13,lk,140.91
2024-06-14,lk,140.4
2024-06-15,lk,138.62
2024-06-16,lk,138.37
2024-06-17,lk,138.09
2024-06-18,lk,137.9
2024-06-19,lk,137.32
2024-06-20,lk,137.06
2024-06-21,lk,136.37
2024-06-22,lk,136.66
2024-06-23,lk,136.06
2024-06-24,lk,135.56
2024-06-25,lk,135.3
2024-06-26,lk,135.38
2024-06-27,lk,135.01
2024-06-28,lk,134.73
2024-06-29,lk,134.3
2024-06-30,lk,133.95
2024-07-01,lk,133.61
2024-07-02,lk,133.19
2024-07-03,lk,132.56
2024-07-04,lk,131.98
2024-07-05,lk,131.65
2024-07-06,lk,131.45
2024-07-07,lk,131.06
2024-07-08,lk,130.47
2024-07-09,lk,129.95
2024-07-10,lk,129.51
2024-07-11,lk,129.02
2024-07-12,lk,128.24
2024-07-13,lk,127.36
2024-07-14,lk,127.22
2024-07-15,lk,127.05
2024-07-16,lk,126.51
2024-07-17,lk,126.34
2024-07-18,lk,126.3
2024-07-19,lk,126.58
2024-07-20,lk,125.01
2024-07-21,lk,124.26
2024-07-22,lk,123.59
2024-07-23,lk,123.48
2024-07-24,lk,123.16
2024-07-25,lk,122.93
2024-07-26,lk,122.73
2024-07-27,lk,124.78
2024-07-28,lk,125.67
2024-07-29,lk,126.35
2024-07-30,lk,126.72
2024-07-31,lk,127.63
2024-08-01,lk,128.41
2024-08-02,lk,128.89
2024-08-03,lk,128.73
2024-08-04,lk,128.6
2024-08-05,lk,128.86
2024-08-06,lk,129.64
2024-08-07,lk,130.14
2024-08-08,lk,130.62
2024-08-09,lk,131.39
2024-08-10,lk,131.82
2024-08-11,lk,132.72
2024-08-12,lk,133.49
2024-08-13,lk,133.7
2024-08-14,lk,133.63
2024-08-15,lk,133.48
2024-08-16,lk,133.52
2024-08-17,lk,133.42
2024-08-18,lk,133.05
2024-08-19,lk,132.37
2024-08-20,lk,131.88
2024-08-21,lk,131.36
2024-08-22,lk,131.33
2024-08-23,lk,131.07
2024-08-24,lk,130.61
2024-08-25,lk,130.56
2024-08-26,lk,130.87
2024-08-27,lk,130.97
2024-08-28,lk,131.05
2024-08-29,lk,130.84
2024-08-30,lk,130.68
2024-08-31,lk,130.94
2024-09-01,lk,131.11
2024-09-02,lk,131.18
2024-09-03,lk,131.33
2024-09-04,lk,131.6
2024-09-05,lk,131.75
2024-09-06,lk,131.88
2024-09-07,lk,131.53
2024-09-08,lk,130.94
2024-09-09,lk,130.53
2024-09-10,lk,130.28
2024-09-11,lk,130.27
2024-09-12,lk,130.53
2024-09-13,lk,130.56
2024-09-14,lk,130.99
2024-09-15,lk,131.64
2024-09-16,lk,131.94
2024-09-17,lk,132.11
2024-09-18,lk,132.04
2024-09-19,lk,131.86
2024-09-20,lk,131.62
2024-09-21,lk,130.9
2024-09-22,lk,130.3
2024-09-23,lk,129.78
2024-09-24,lk,129.47
2024-09-25,lk,129.2
2024-09-26,lk,128.88
2024-09-27,lk,128.85
2024-09-28,lk,128.89
2024-09-29,lk,129.08
2024-09-30,lk,129.39
2024-10-01,lk,129.26
2024-10-02,lk,128.86
2024-10-03,lk,128.24
2024-10-04,lk,127.41
2024-10-05,lk,126.75
2024-10-06,lk,126.08
2024-10-07,lk,125.26
2024-10-08,lk,124.96
2024-10-09,lk,124.97
2024-10-10,lk,125.34
2024-10-11,lk,125.55
2024-10-12,lk,127.14
2024-10-13,lk,127.38
2024-10-14,lk,127.94
2024-10-15,lk,128.15
2024-10-16,lk,128.29
2024-10-17,lk,127.97
2024-10-18,lk,128.13
2024-10-19,lk,126.1
2024-10-20,lk,125.52
2024-10-21,lk,125.53
2024-10-22,lk,125.2
2024-10-23,lk,124.93
2024-10-24,lk,124.96
2024-10-25,lk,125.01
2024-10-26,lk,126.02
2024-10-27,lk,126.71
2024-10-28,lk,126.38
2024-10-29,lk,126.45
2024-10-30,lk,126.42
2024-10-31,lk,126.35
2024-11-01,lk,125.87
2024-11-02,lk,125.05
2024-11-03,lk,124.41
2024-11-04,lk,124.01
2024-11-05,lk,123.49
2024-11-06,lk,121.49
2024-11-07,lk,119.87
2024-11-08,lk,118.45
2024-11-09,lk,118.35
2024-11-10,lk,116.56
2024-11-11,lk,114.76
2024-11-12,lk,112.77
2024-11-13,lk,112.19
2024-11-14,lk,110.71
2024-11-15,lk,109.56
2024-11-16,lk,108.96
2024-11-17,lk,108.19
2024-11-18,lk,107.47
2024-11-19,lk,107.7
2024-11-20,lk,107.93
2024-11-21,lk,107.96
2024-11-22,lk,108.18
2024-11-23,lk,108.44
2024-11-24,lk,109.18
2024-11-25,lk,110.28
2024-11-26,lk,110.58
2024-11-27,lk,111
2024-11-28,lk,112.16
2024-11-29,lk,113.17
2024-11-30,lk,113.62
2024-12-01,lk,114.5
2024-12-02,lk,115.09
2024-12-03,lk,115.67
2024-12-04,lk,116.54
2024-12-05,lk,117
2024-12-06,lk,117.17
2024-12-07,lk,117.48
2024-12-08,lk,117.47
2024-12-09,lk,117.28
2024-12-10,lk,117.45
2024-12-11,lk,117.24
2024-12-12,lk,116.93
2024-12-13,lk,116.75
2024-12-14,lk,115.44
2024-12-15,lk,114.88
2024-12-16,lk,114.6
2024-12-17,lk,114.02
2024-12-18,lk,113.8
2024-12-19,lk,113.29
2024-12-20,lk,112.83
2024-12-21,lk,113.56
2024-12-22,lk,113.89
2024-12-23,lk,114.06
2024-12-24,lk,114.46
2024-12-25,lk,114.6
2024-12-26,lk,115.31
2024-12-27,lk,115.52
2024-12-28,lk,115.31
2024-12-29,lk,115.13
2024-12-30,lk,115.11
2024-12-31,lk,115.13
2025-01-01,lk,115.17
2025-01-02,lk,115.32
2025-01-03,lk,115.48
2025-01-04,lk,116.04
2025-01-05,lk,116.25
2025-01-06,lk,116
2025-01-07,lk,115.84
2025-01-08,lk,115.64
2025-01-09,lk,115.53
2025-01-10,lk,115.57
2025-01-11,lk,114.74
2025-01-12,lk,114.36
2025-01-13,lk,114.35
2025-01-14,lk,114.21
2025-01-15,lk,114.21
2025-01-16,lk,114.06
2025-01-17,lk,114.23
2025-01-18,lk,115.23
2025-01-19,lk,115.76
2025-01-20,lk,116.25
2025-01-21,lk,116.54
2025-01-22,lk,116.96
2025-01-23,lk,117.45
2025-01-24,lk,118.13
2025-01-25,lk,118.22
2025-01-26,lk,118.36
2025-01-27,lk,118.26
2025-01-28,lk,118.25
2025-01-29,lk,118.02
2025-01-30,lk,117.82
2025-01-31,lk,117.16
2025-02-01,lk,116.85
2025-02-02,lk,116.93
2025-02-03,lk,117.18
2025-02-04,lk,117.37
2025-02-05,lk,117.36
2025-02-06,lk,117.8
2025-02-07,lk,117.85
2025-02-08,lk,117.71
2025-02-09,lk,117.36
2025-02-10,lk,116.98
2025-02-11,lk,116.72
2025-02-12,lk,116.53
2025-02-13,lk,115.98
2025-02-14,lk,116
2025-02-15,lk,115.6
2025-02-16,lk,115.53
2025-02-17,lk,115.89
2025-02-18,lk,116.15
2025-02-19,lk,116.5
2025-02-20,lk,116.95
2025-02-21,lk,117.01
2025-02-22,lk,117.19
2025-02-23,lk,116.7
2025-02-24,lk,115.86
2025-02-25,lk,115.22
2025-02-26,lk,114.61
2025-02-27,lk,113.66
2025-02-28,lk,113.14
2025-03-01,lk,112.89
2025-03-02,lk,113.42
2025-03-03,lk,113.69
2025-03-04,lk,113.64
2025-03-05,lk,113.68
2025-03-06,lk,114.16
2025-03-07,lk,114.23
2025-03-08,lk,114.72
2025-03-09,lk,114.65
2025-03-10,lk,114.81
2025-03-11,lk,114.96
2025-03-12,lk,114.85
2025-03-13,lk,114.57
2025-03-14,lk,114.48
2025-03-15,lk,114.03
2025-03-16,lk,113.66
2025-03-17,lk,113.4
2025-03-18,lk,113.04
2025-03-19,lk,112.88
2025-03-20,lk,112.66
2025-03-21,lk,112.26
2025-03-22,lk,112.02
2025-03-23,lk,111.76
2025-03-24,lk,111.41
2025-03-25,lk,111.29
2025-03-26,lk,110.97
2025-03-27,lk,110.65
2025-03-28,lk,110.27
2025-03-29,lk,109.77
2025-03-30,lk,109.31
2025-03-31,lk,108.71
2025-04-01,lk,108.2
2025-04-02,lk,108.11
2025-04-03,lk,108.44
2025-04-04,lk,108.89
2025-04-05,lk,109.39
2025-04-06,lk,109.89
2025-04-07,lk,110.57
2025-04-08,lk,111.23
2025-04-09,lk,111.55
2025-04-10,lk,111.54
2025-04-11,lk,111.77
2025-04-12,lk,112.1
2025-04-13,lk,112.4
2025-04-14,lk,112.47
2025-04-15,lk,112.85
2025-04-16,lk,113.24
2025-04-17,lk,113.4
2025-04-18,lk,113.99
2025-04-19,lk,114.43
2025-04-20,lk,114.9
2025-04-21,lk,115.24
2025-04-22,lk,114.93
2025-04-23,lk,114.59
2025-04-24,lk,114.07
2025-04-25,lk,112.95
2025-04-26,lk,111.93
2025-04-27,lk,110.49
2025-04-28,lk,109.63
2025-04-29,lk,109.34
2025-04-30,lk,109.08
2025-05-01,lk,109.08
2025-05-02,lk,109.15
2025-05-03,lk,109.41
2025-05-04,lk,109.99
2025-05-05,lk,110.43
2025-05-06,lk,110.24
2025-05-07,lk,110.25
2025-05-08,lk,110.31
2025-05-09,lk,110.21
2025-05-10,lk,109.97
2025-05-11,lk,109.46
2025-05-12,lk,109
2025-05-13,lk,109.27
2025-05-14,lk,109.27
2025-05-15,lk,109.16
2025-05-16,lk,109.33
2025-05-17,lk,108.82
2025-05-18,lk,109.53
2025-05-19,lk,110.23
2025-05-20,lk,110.6
2025-05-21,lk,110.84
2025-05-22,lk,110.61
2025-05-23,lk,110.46
2025-05-24,lk,110.91
2025-05-25,lk,110.44
2025-05-26,lk,109.92
2025-05-27,lk,109.5
2025-05-28,lk,109.28
2025-05-29,lk,109.14
2025-05-30,lk,108.87
2025-05-31,lk,108.74
2025-06-01,lk,108.61
2025-06-02,lk,108.71
2025-06-03,lk,108.22
2025-06-04,lk,107.72
2025-06-05,lk,107.91
2025-06-06,lk,108.14
2025-06-07,lk,108.36
2025-06-08,lk,108.41
2025-06-09,lk,108.01
2025-06-10,lk,107.79
2025-06-11,lk,107.66
2025-06-12,lk,107.38
2025-06-13,lk,107.23
2025-06-14,lk,106.3
2025-06-15,lk,106.52
2025-06-16,lk,106.43
2025-06-17,lk,107.17
2025-06-18,lk,107.94
2025-06-19,lk,108.92
2025-06-20,lk,109.64
2025-06-21,lk,111.17
2025-06-22,lk,111.68
2025-06-23,lk,112.56
2025-06-24,lk,112.93
2025-06-25,lk,113.09
2025-06-26,lk,113.13
2025-06-27,lk,113.22
2025-06-28,lk,113.42
2025-06-29,lk,113.92
2025-06-30,lk,114.38
2025-07-01,lk,114.76
2025-07-02,lk,114.73
2025-07-03,lk,115.01
2025-07-04,lk,115.31
2025-07-05,lk,115.49
2025-07-06,lk,115.25
2025-07-07,lk,114.86
2025-07-08,lk,114.15
2025-07-09,lk,114.18
2025-07-10,lk,113.8
2025-07-11,lk,113.3
2025-07-12,lk,112.59
2025-07-13,lk,111.66
2025-07-14,lk,111.19
2025-07-15,lk,110.97
2025-07-16,lk,110.25
2025-07-17,lk,109.51
2025-07-18,lk,108.8
2025-07-19,lk,108.04
2025-07-20,lk,107.64
2025-07-21,lk,106.98
2025-07-22,lk,106.72
2025-07-23,lk,107.02
2025-07-24,lk,107.13
2025-07-25,lk,107.11
2025-07-26,lk,107.21
2025-07-27,lk,107.31
2025-07-28,lk,107.34
2025-07-29,lk,106.83
2025-07-30,lk,106.35
2025-07-31,lk,105.66
2025-08-01,lk,104.96
2025-08-02,lk,104.62
2025-08-03,lk,104.23
2025-08-04,lk,104.04
2025-08-05,lk,103.76
2025-08-06,lk,102.86
2025-08-07,lk,102.25
2025-08-08,lk,101.76
2025-08-09,lk,101.32
2025-08-10,lk,101.03
2025-08-11,lk,100.54
2025-08-12,lk,100.76
2025-08-13,lk,101.38
2025-08-14,lk,101.99
2025-08-15,lk,102.78
2025-08-16,lk,103.27
2025-08-17,lk,103.93
2025-08-18,lk,104.35
2025-08-19,lk,104.4
2025-08-20,lk,104.51
2025-08-21,lk,104.66
2025-08-22,lk,104.76
2025-08-23,lk,103.97
2025-08-24,lk,103.79
2025-08-25,lk,103.82
2025-08-26,lk,103.93
2025-08-27,lk,103.91
2025-08-28,lk,103.94
2025-08-29,lk,103.84
2025-08-30,lk,104.36
2025-08-31,lk,103.88
2025-09-01,lk,103.25
2025-09-02,lk,102.86
2025-09-03,lk,102.51
2025-09-04,lk,102.39
2025-09-05,lk,102.3
2025-09-06,lk,102.47
2025-09-07,lk,102.85
2025-09-08,lk,103.42
2025-09-09,lk,103.64
2025-09-10,lk,103.51
2025-09-11,lk,103.18
2025-09-12,lk,103.07
2025-09-13,lk,102.79
2025-09-14,lk,102.57
2025-09-15,lk,102.18
2025-09-16,lk,101.55
2025-09-17,lk,101.25
2025-09-18,lk,100.9
2025-09-19,lk,100.35
2025-09-20,lk,100.19
2025-09-21,lk,100.03
2025-09-22,lk,99.86
2025-09-23,lk,99.92
2025-09-24,lk,99.91
2025-09-25,lk,100.14
2025-09-26,lk,100.23
2025-09-27,lk,100.07
2025-09-28,lk,100.09
2025-09-29,lk,100.33
2025-09-30,lk,100.62
2025-10-01,lk,100.81
2025-10-02,lk,101.38
2025-10-03,lk,101.97
2025-10-04,lk,102.62
2025-10-05,lk,102.77
2025-10-06,lk,102.67
2025-10-07,lk,102.21
2025-10-08,lk,102
2025-10-09,lk,101.09
2025-10-10,lk,100.39
2025-10-11,lk,99.47
2025-10-12,lk,98.73
2025-10-13,lk,98.19
2025-10-14,lk,98.32
2025-10-15,lk,98.25
2025-10-16,lk,98.37
2025-10-17,lk,98.31
2025-10-18,lk,98.57
2025-10-19,lk,98.81
2025-10-20,lk,99.25
2025-10-21,lk,98.73
2025-10-22,lk,98.96
2025-10-23,lk,99.17
2025-10-24,lk,99.42
2025-10-25,lk,99.36
2025-10-26,lk,99.63
2025-10-27,lk,99.57
2025-10-28,lk,99.59
2025-10-29,lk,98.87
2025-10-30,lk,98.02
2025-10-31,lk,97.47
2025-11-01,lk,96.71
2025-11-02,lk,96.44
2025-11-03,lk,96.19
2025-11-04,lk,96.43
2025-11-05,lk,96.92
2025-11-06,lk,97.66
2025-11-07,lk,98.13
2025-11-08,lk,99.01
2025-11-09,lk,98.96
2025-11-10,lk,98.57
2025-11-11,lk,98.21
2025-11-12,lk,97.58
2025-11-13,lk,96.51
2025-11-14,lk,95.45
2025-11-15,lk,94.61
2025-11-16,lk,94.24
2025-11-17,lk,94.19
2025-11-18,lk,94.12
2025-11-19,lk,94.37
2025-11-20,lk,94.63
2025-11-21,lk,94.76
2025-11-22,lk,94.78
2025-11-23,lk,94.41
2025-11-24,lk,94.44
2025-11-25,lk,94.62
2025-11-26,lk,94.65
2025-11-27,lk,94.68
2025-11-28,lk,94.76
2025-11-29,lk,94.68
2025-11-30,lk,94.51
2025-12-01,lk,94.28
2025-12-02,lk,93.79
2025-12-03,lk,93.45
2025-12-04,lk,93.23
2025-12-05,lk,93.11
2025-12-06,lk,92.9
2025-12-07,lk,92.76
2025-12-08,lk,92.47
2025-12-09,lk,92.14
2025-12-10,lk,91.77
2025-12-11,lk,91.94
2025-12-12,lk,92.4
2025-12-13,lk,93.03
2025-12-14,lk,93.48
2025-12-15,lk,94.07
2025-12-16,lk,94.86
2025-12-17,lk,95.21
2025-12-18,lk,95.42
2025-12-19,lk,95.19
2025-12-20,lk,95.08
2025-12-21,lk,95.23
2025-12-22,lk,95.31
2025-12-23,lk,95.49
2025-12-24,lk,96.01
2025-12-25,lk,96.11
2025-12-26,lk,96.5
2025-12-27,lk,96.65
2025-12-28,lk,96.69
2025-12-29,lk,97.16
2025-12-30,lk,97.49
2025-12-31,lk,97.73
2026-01-01,lk,97.71
2026-01-02,lk,97.68
2026-01-03,lk,97.49
2026-01-04,lk,97.44
2026-01-05,lk,96.95
2026-01-06,lk,96.64
2026-01-07,lk,96.49
2026-01-08,lk,97.13
2026-01-09,lk,97.46
2026-01-10,lk,97.93
2026-01-11,lk,97.91
2026-01-12,lk,97.99
2026-01-13,lk,98.49
2026-01-14,lk,98.75
2026-01-15,lk,98.99
2026-01-16,lk,99.23
2026-01-17,lk,99.43
2026-01-18,lk,99.87
2026-01-19,lk,100.35
2026-01-20,lk,100.42
2026-01-21,lk,100.53
2026-01-22,lk,100.47
2026-01-23,lk,100.72
2026-01-24,lk,101.12
2026-01-25,lk,101.45
2026-01-26,lk,101.46
2026-01-27,lk,101.16
2026-01-28,lk,100.94
2026-01-29,lk,100.4
2026-01-30,lk,99.52
2026-01-31,lk,98.58
2026-02-01,lk,98.02
2026-02-02,lk,97.49
2026-02-03,lk,97.33
2026-02-04,lk,97.27
2026-02-05,lk,97.35
2026-02-06,lk,98.23
2026-02-07,lk,98.83
2026-02-08,lk,99.16
2026-02-09,lk,99.68
2026-02-10,lk,100.57
2026-02-11,lk,101.37
2026-02-12,lk,102.47
2026-02-13,lk,103.05
2026-02-14,lk,103.66
2026-02-15,lk,104.47
2026-02-16,lk,105.19
2026-02-17,lk,105.9
2026-02-18,lk,106.32
2026-02-19,lk,106.3
2026-02-20,lk,106.23
2026-02-21,lk,106.14
2026-02-22,lk,105.85
2026-02-23,lk,105.52
2026-02-24,lk,105.15
2026-02-25,lk,104.9
2026-02-26,lk,104.92
2026-02-27,lk,105.15
2026-02-28,lk,105.17
2026-03-01,lk,105.11
2026-03-02,lk,105.51
2026-03-03,lk,105.49
2026-03-04,lk,105.9
2026-03-05,lk,106.52
2026-03-06,lk,106.67
2026-03-07,lk,107.12
2026-03-08,lk,107.55
2026-03-09,lk,107.76
2026-03-10,lk,107.96
2026-03-11,lk,107.78
2026-03-12,lk,107.07
2026-03-13,lk,106.55
2026-03-14,lk,106.08
2026-03-15,lk,105.42
2026-03-16,lk,104.88
2026-03-17,lk,103.76
2026-03-18,lk,102.74
2026-03-19,lk,101.55
2026-03-20,lk,100.45
2026-03-21,lk,99.02
2026-03-22,lk,97.93
2026-03-23,lk,96.7
2026-03-24,lk,96.06
2026-03-25,lk,95.55
2026-03-26,lk,95.42
2026-03-27,lk,94.96
2026-03-28,lk,95.18
2026-03-29,lk,95.31
2026-03-30,lk,95.67
2026-03-31,lk,95.74
2026-04-01,lk,95.77
2026-04-02,lk,95.72
2026-04-03,lk,96.09
2026-04-04,lk,95.89
2026-04-05,lk,95.57
2026-04-06,lk,95.24
2026-04-07,lk,94.71
2026-04-08,lk,93.98
2026-04-09,lk,93.49
2026-04-10,lk,92.46
2026-04-11,lk,92.01
2026-04-12,lk,91.53
2026-04-13,lk,90.94
2026-04-14,lk,90.48
2026-04-15,lk,89.89
2026-04-16,lk,89.15
2026-04-17,lk,88.94
2026-04-18,lk,88.47
2026-04-19,lk,88.23
2026-04-20,lk,87.92
2026-04-21,lk,87.46
2026-04-22,lk,87.03
2026-04-23,lk,87.3
2026-04-24,lk,87.4
2026-04-25,lk,87.15
2026-04-26,lk,86.92
2026-04-27,lk,86.34
2026-04-28,lk,86.57
2026-04-29,lk,87.45
2026-04-30,lk,87.77
2026-05-01,lk,88.32
2026-05-02,lk,89.38
2026-05-03,lk,90.34
2026-05-04,lk,91.6
2026-05-05,lk,94.15
2026-05-06,lk,96.25
2026-05-07,lk,98.76
2026-05-08,lk,101.44
2026-05-09,lk,103.74
2026-05-10,lk,106.02
2026-05-11,lk,108.22
2026-05-12,lk,108.99
2026-05-13,lk,109.68
2026-05-14,lk,109.54
2026-05-15,lk,108.55
2026-05-16,lk,107.8
2026-05-17,lk,107.45
2026-05-18,lk,107.32
2026-05-19,lk,106.98
2026-05-20,lk,106.74
2026-05-21,lk,106.64
2026-05-22,lk,106.99
2026-05-23,lk,107.48
2026-05-24,lk,107.48
2026-05-25,lk,106.94
2026-05-26,lk,106.26
2026-05-27,lk,105.52
2026-05-28,lk,104.68
2026-05-29,lk,103.55
2026-05-30,lk,102.54
2026-05-31,lk,101.56
2026-06-01,lk,100.95
2026-06-02,lk,99.98
2026-06-03,lk,99.29
2026-06-04,lk,99.31
2026-06-05,lk,99.53
2026-06-06,lk,99.99
2026-06-07,lk,100.65
2026-06-08,lk,100.92
2026-06-09,lk,101.85
2026-06-10,lk,102.52
2026-06-11,lk,102.74
2026-06-12,lk,103.12
2026-06-13,lk,103.12
2026-06-14,lk,103.03
2026-06-15,lk,102.96
2026-06-16,lk,102.33
2026-06-17,lk,101.93
2026-06-18,lk,101.44
2026-06-19,lk,100.87
2026-06-20,lk,99.96
2026-06-21,lk,99.01
2026-06-22,lk,98.48
2026-06-23,lk,97.87
2026-06-24,lk,97.31
2026-06-25,lk,96.83
2026-06-26,lk,96.3
2026-06-27,lk,96.13
2026-06-28,lk,96.04
2026-06-29,lk,95.48
2026-06-30,lk,95.15
2026-07-01,lk,94.73
2026-07-02,lk,94.42
2026-07-03,lk,94.17
2026-07-04,lk,94.21
2026-07-05,lk,94.33
2026-07-06,lk,94.67
2026-07-07,lk,94.82
2026-07-08,lk,95.18
2026-07-09,lk,94.17
2026-07-10,lk,95.02
2026-07-11,lk,95.76
2026-07-12,lk,96.28
2026-07-13,lk,96.51
2026-07-14,lk,97.47
2026-07-15,lk,98.25
2026-07-16,lk,100.19
2026-07-17,lk,100.56
2026-07-18,lk,100.62
2026-07-19,lk,100.71
2026-07-20,lk,101.27
2026-07-21,lk,101.49
2026-07-22,lk,101.53
2026-07-23,lk,101.72
2026-07-24,lk,101.26
2026-07-25,lk,101.02
2026-07-26,lk,100.78
2026-07-27,lk,100.26
2026-07-28,lk,99.76
2026-07-29,lk,99.58
2026-07-30,lk,99.29
2026-07-31,lk,99.39
2026-08-01,lk,99.52
2026-08-02,lk,99.7
2026-08-03,lk,100.14
2026-08-04,lk,99.95
2026-08-05,lk,99.63
2026-08-06,lk,99.33
2026-08-07,lk,98.75
2026-08-08,lk,98.21
2026-08-09,lk,97.68
2026-08-10,lk,97.28
2026-08-11,lk,97.38
2026-08-12,lk,97.55
2026-08-13,lk,97.94
2026-08-14,lk,98.84
2026-08-15,lk,99.45
2026-08-16,lk,99.96
2026-08-17,lk,100.34
2026-08-18,lk,100.29
2026-08-19,lk,100.21
2026-08-20,lk,100.09
2026-08-21,lk,99.62
2026-08-22,lk,99.27
2026-08-23,lk,98.86
2026-08-24,lk,97.69
2026-08-25,lk,97.73
2026-08-26,lk,97.38
2026-08-27,lk,96.81
2026-08-28,lk,95.52
2026-08-29,lk,94.22
2026-08-30,lk,92.76
2026-08-31,lk,92.22
2026-09-01,lk,90.89
2026-09-02,lk,90.93
2026-09-03,lk,91.31
2026-09-04,lk,92.62
2026-09-05,lk,93.69
2026-09-06,lk,95.37
2026-09-07,lk,96.72
2026-09-08,lk,97.19
2026-09-09,lk,96.75
2026-09-10,lk,96.69
2026-09-11,lk,96.1
2026-09-12,lk,96.13
2026-09-13,lk,95.79
2026-09-14,lk,95.19
2026-09-15,lk,95.71
2026-09-16,lk,95.94
2026-09-17,lk,95.67
2026-09-18,lk,95.8
