date,region,indeed_job_postings_index
2020-02-01,act,100
2020-02-02,act,100.36
2020-02-03,act,100.27
2020-02-04,act,100.49
2020-02-05,act,100.57
2020-02-06,act,100.58
2020-02-07,act,100.08
2020-02-08,act,99.74
2020-02-09,act,99.28
2020-02-10,act,98.98
2020-02-11,act,98.87
2020-02-12,act,98.54
2020-02-13,act,98.2
2020-02-14,act,98.1
2020-02-15,act,98.01
2020-02-16,act,97.9
2020-02-17,act,97.94
2020-02-18,act,97.7
2020-02-19,act,97.67
2020-02-20,act,97.56
2020-02-21,act,97.43
2020-02-22,act,97.03
2020-02-23,act,96.85
2020-02-24,act,96.66
2020-02-25,act,96.69
2020-02-26,act,96.77
2020-02-27,act,96.91
2020-02-28,act,97.32
2020-02-29,act,97.9
2020-03-01,act,98.37
2020-03-02,act,98.85
2020-03-03,act,99.44
2020-03-04,act,99.69
2020-03-05,act,99.78
2020-03-06,act,99.56
2020-03-07,act,99.36
2020-03-08,act,99.41
2020-03-09,act,99.3
2020-03-10,act,98.56
2020-03-11,act,98.04
2020-03-12,act,97.44
2020-03-13,act,97.06
2020-03-14,act,96.58
2020-03-15,act,95.88
2020-03-16,act,95.18
2020-03-17,act,94.72
2020-03-18,act,94.13
2020-03-19,act,93.4
2020-03-20,act,92.09
2020-03-21,act,90.52
2020-03-22,act,88.68
2020-03-23,act,86.73
2020-03-24,act,84.47
2020-03-25,act,81.9
2020-03-26,act,79.2
2020-03-27,act,76.33
2020-03-28,act,73.71
2020-03-29,act,71.39
2020-03-30,act,69.06
2020-03-31,act,67.05
2020-04-01,act,65.11
2020-04-02,act,63.19
2020-04-03,act,61.61
2020-04-04,act,59.86
2020-04-05,act,58.19
2020-04-06,act,56.85
2020-04-07,act,55.78
2020-04-08,act,54.87
2020-04-09,act,54.1
2020-04-10,act,53.66
2020-04-11,act,53.42
2020-04-12,act,53.05
2020-04-13,act,52.82
2020-04-14,act,52.02
2020-04-15,act,51.28
2020-04-16,act,50.68
2020-04-17,act,49.6
2020-04-18,act,48.85
2020-04-19,act,48.12
2020-04-20,act,47.5
2020-04-21,act,47.31
2020-04-22,act,47.08
2020-04-23,act,47.05
2020-04-24,act,47.52
2020-04-25,act,47.95
2020-04-26,act,48.54
2020-04-27,act,49.26
2020-04-28,act,49.88
2020-04-29,act,50.44
2020-04-30,act,50.98
2020-05-01,act,51.86
2020-05-02,act,52.37
2020-05-03,act,52.83
2020-05-04,act,53.07
2020-05-05,act,53.26
2020-05-06,act,53.31
2020-05-07,act,53.14
2020-05-08,act,52.56
2020-05-09,act,51.75
2020-05-10,act,51.1
2020-05-11,act,50.33
2020-05-12,act,49.69
2020-05-13,act,49.26
2020-05-14,act,49.09
2020-05-15,act,49.03
2020-05-16,act,49.28
2020-05-17,act,48.74
2020-05-18,act,49.18
2020-05-19,act,49.38
2020-05-20,act,49.63
2020-05-21,act,50.03
2020-05-22,act,50.8
2020-05-23,act,51.31
2020-05-24,act,52.73
2020-05-25,act,53.09
2020-05-26,act,53.77
2020-05-27,act,54.64
2020-05-28,act,55.46
2020-05-29,act,56.12
2020-05-30,act,57.31
2020-05-31,act,57.72
2020-06-01,act,58.74
2020-06-02,act,59.7
2020-06-03,act,60.72
2020-06-04,act,61.59
2020-06-05,act,62.28
2020-06-06,act,62.63
2020-06-07,act,63.36
2020-06-08,act,63.4
2020-06-09,act,63.1
2020-06-10,act,62.41
2020-06-11,act,61.9
2020-06-12,act,61.45
2020-06-13,act,61.24
2020-06-14,act,61.29
2020-06-15,act,61.63
2020-06-16,act,62.37
2020-06-17,act,63.21
2020-06-18,act,63.85
2020-06-19,act,64.25
2020-06-20,act,64.78
2020-06-21,act,65.08
2020-06-22,act,65.02
2020-06-23,act,64.92
2020-06-24,act,65.18
2020-06-25,act,65.43
2020-06-26,act,65.74
2020-06-27,act,65.85
2020-06-28,act,65.95
2020-06-29,act,66.4
2020-06-30,act,66.78
2020-07-01,act,66.83
2020-07-02,act,67.04
2020-07-03,act,67.15
2020-07-04,act,67.66
2020-07-05,act,68.31
2020-07-06,act,69.35
2020-07-07,act,69.85
2020-07-08,act,70.75
2020-07-09,act,71.54
2020-07-10,act,72.49
2020-07-11,act,72.98
2020-07-12,act,73.52
2020-07-13,act,73.31
2020-07-14,act,73.83
2020-07-15,act,74
2020-07-16,act,74.07
2020-07-17,act,74.32
2020-07-18,act,74.5
2020-07-19,act,74.64
2020-07-20,act,75.11
2020-07-21,act,75.11
2020-07-22,act,75.34
2020-07-23,act,75.57
2020-07-24,act,75.6
2020-07-25,act,75.63
2020-07-26,act,75.81
2020-07-27,act,75.89
2020-07-28,act,76.34
2020-07-29,act,75.85
2020-07-30,act,75.92
2020-07-31,act,75.74
2020-08-01,act,75.76
2020-08-02,act,75.51
2020-08-03,act,75.06
2020-08-04,act,74.79
2020-08-05,act,75.43
2020-08-06,act,75.28
2020-08-07,act,75.18
2020-08-08,act,75.07
2020-08-09,act,75.06
2020-08-10,act,75.08
2020-08-11,act,74.99
2020-08-12,act,74.69
2020-08-13,act,74.65
2020-08-14,act,74.89
2020-08-15,act,75.11
2020-08-16,act,75.13
2020-08-17,act,75.33
2020-08-18,act,75.32
2020-08-19,act,75.4
2020-08-20,act,75.77
2020-08-21,act,76.14
2020-08-22,act,76.78
2020-08-23,act,77.66
2020-08-24,act,78.68
2020-08-25,act,79.91
2020-08-26,act,81.15
2020-08-27,act,82.2
2020-08-28,act,83.01
2020-08-29,act,83.53
2020-08-30,act,83.84
2020-08-31,act,84.08
2020-09-01,act,84.14
2020-09-02,act,84.12
2020-09-03,act,84.02
2020-09-04,act,83.86
2020-09-05,act,83.68
2020-09-06,act,83.89
2020-09-07,act,84.05
2020-09-08,act,84.46
2020-09-09,act,84.72
2020-09-10,act,84.88
2020-09-11,act,85.27
2020-09-12,act,85.71
2020-09-13,act,85.71
2020-09-14,act,85.61
2020-09-15,act,85.48
2020-09-16,act,85.74
2020-09-17,act,85.99
2020-09-18,act,85.94
2020-09-19,act,85.81
2020-09-20,act,85.75
2020-09-21,act,85.66
2020-09-22,act,85.44
2020-09-23,act,84.94
2020-09-24,act,84.83
2020-09-25,act,84.96
2020-09-26,act,85.24
2020-09-27,act,85.73
2020-09-28,act,86.39
2020-09-29,act,86.76
2020-09-30,act,87.26
2020-10-01,act,87.05
2020-10-02,act,87.64
2020-10-03,act,87.78
2020-10-04,act,87.15
2020-10-05,act,86.48
2020-10-06,act,85.74
2020-10-07,act,85.08
2020-10-08,act,86.02
2020-10-09,act,86.56
2020-10-10,act,87.45
2020-10-11,act,89.13
2020-10-12,act,90.67
2020-10-13,act,92.45
2020-10-14,act,94.19
2020-10-15,act,95.11
2020-10-16,act,95.43
2020-10-17,act,95.72
2020-10-18,act,95.61
2020-10-19,act,95.94
2020-10-20,act,96.12
2020-10-21,act,96.59
2020-10-22,act,96.74
2020-10-23,act,96.75
2020-10-24,act,96.51
2020-10-25,act,96.41
2020-10-26,act,95.95
2020-10-27,act,95.97
2020-10-28,act,95.63
2020-10-29,act,95.44
2020-10-30,act,95.6
2020-10-31,act,96.15
2020-11-01,act,96.87
2020-11-02,act,97.38
2020-11-03,act,97.92
2020-11-04,act,98.09
2020-11-05,act,98.28
2020-11-06,act,98.33
2020-11-07,act,98.39
2020-11-08,act,98.37
2020-11-09,act,98.28
2020-11-10,act,97.9
2020-11-11,act,98.14
2020-11-12,act,98.2
2020-11-13,act,98.38
2020-11-14,act,98.47
2020-11-15,act,98.62
2020-11-16,act,99.16
2020-11-17,act,99.4
2020-11-18,act,99.73
2020-11-19,act,99.76
2020-11-20,act,99.99
2020-11-21,act,100.11
2020-11-22,act,100.26
2020-11-23,act,100.08
2020-11-24,act,100.37
2020-11-25,act,98.92
2020-11-26,act,99.16
2020-11-27,act,99.23
2020-11-28,act,99.56
2020-11-29,act,99.85
2020-11-30,act,100.28
2020-12-01,act,100.75
2020-12-02,act,102.61
2020-12-03,act,102.81
2020-12-04,act,102.93
2020-12-05,act,103.19
2020-12-06,act,103.43
2020-12-07,act,103.54
2020-12-08,act,103.46
2020-12-09,act,103.17
2020-12-10,act,103.14
2020-12-11,act,103.01
2020-12-12,act,102.64
2020-12-13,act,102.33
2020-12-14,act,102.42
2020-12-15,act,102.35
2020-12-16,act,102.82
2020-12-17,act,103.2
2020-12-18,act,103.78
2020-12-19,act,104.61
2020-12-20,act,105.49
2020-12-21,act,106.04
2020-12-22,act,106.62
2020-12-23,act,106.82
2020-12-24,act,107.26
2020-12-25,act,107.63
2020-12-26,act,107.72
2020-12-27,act,107.85
2020-12-28,act,108.27
2020-12-29,act,108.78
2020-12-30,act,109.26
2020-12-31,act,109.52
2021-01-01,act,109.82
2021-01-02,act,110.05
2021-01-03,act,110.07
2021-01-04,act,109.68
2021-01-05,act,109.2
2021-01-06,act,108.95
2021-01-07,act,108.68
2021-01-08,act,108.72
2021-01-09,act,108.76
2021-01-10,act,108.68
2021-01-11,act,108.62
2021-01-12,act,108.87
2021-01-13,act,109.09
2021-01-14,act,109.62
2021-01-15,act,109.88
2021-01-16,act,110.44
2021-01-17,act,110.9
2021-01-18,act,111.48
2021-01-19,act,111.63
2021-01-20,act,111.81
2021-01-21,act,111.83
2021-01-22,act,112.08
2021-01-23,act,112.15
2021-01-24,act,112.48
2021-01-25,act,112.76
2021-01-26,act,113.33
2021-01-27,act,113.23
2021-01-28,act,112.78
2021-01-29,act,112.09
2021-01-30,act,111.46
2021-01-31,act,110.93
2021-02-01,act,110.61
2021-02-02,act,110.36
2021-02-03,act,110.89
2021-02-04,act,111.42
2021-02-05,act,111.84
2021-02-06,act,112.16
2021-02-07,act,112.46
2021-02-08,act,112.89
2021-02-09,act,113.16
2021-02-10,act,113.16
2021-02-11,act,113.67
2021-02-12,act,114.42
2021-02-13,act,115.17
2021-02-14,act,116.06
2021-02-15,act,116.76
2021-02-16,act,117.05
2021-02-17,act,117.96
2021-02-18,act,118.96
2021-02-19,act,119.81
2021-02-20,act,120.68
2021-02-21,act,121.51
2021-02-22,act,122.23
2021-02-23,act,123.32
2021-02-24,act,123.84
2021-02-25,act,123.95
2021-02-26,act,124.35
2021-02-27,act,124.63
2021-02-28,act,124.64
2021-03-01,act,124.79
2021-03-02,act,124.8
2021-03-03,act,124.67
2021-03-04,act,124.64
2021-03-05,act,124.37
2021-03-06,act,124.17
2021-03-07,act,124.25
2021-03-08,act,124.38
2021-03-09,act,124.6
2021-03-10,act,124.76
2021-03-11,act,125.1
2021-03-12,act,125.6
2021-03-13,act,126.48
2021-03-14,act,126.9
2021-03-15,act,127.22
2021-03-16,act,126.91
2021-03-17,act,127.12
2021-03-18,act,127.17
2021-03-19,act,127.27
2021-03-20,act,126.77
2021-03-21,act,126.21
2021-03-22,act,125.64
2021-03-23,act,125.62
2021-03-24,act,125.29
2021-03-25,act,124.86
2021-03-26,act,123.99
2021-03-27,act,123.2
2021-03-28,act,122.65
2021-03-29,act,122.22
2021-03-30,act,122.06
2021-03-31,act,121.94
2021-04-01,act,121.88
2021-04-02,act,122.04
2021-04-03,act,121.95
2021-04-04,act,121.87
2021-04-05,act,122
2021-04-06,act,121.9
2021-04-07,act,121.28
2021-04-08,act,120.72
2021-04-09,act,120.59
2021-04-10,act,121.69
2021-04-11,act,122.08
2021-04-12,act,122.36
2021-04-13,act,123.38
2021-04-14,act,125.19
2021-04-15,act,126.55
2021-04-16,act,127.61
2021-04-17,act,128.03
2021-04-18,act,129.43
2021-04-19,act,130.62
2021-04-20,act,131.86
2021-04-21,act,132.47
2021-04-22,act,133.3
2021-04-23,act,134.19
2021-04-24,act,135.23
2021-04-25,act,136.23
2021-04-26,act,137.35
2021-04-27,act,137.34
2021-04-28,act,137.61
2021-04-29,act,138.05
2021-04-30,act,138.36
2021-05-01,act,138.28
2021-05-02,act,138.12
2021-05-03,act,137.43
2021-05-04,act,137.68
2021-05-05,act,137.79
2021-05-06,act,137.84
2021-05-07,act,138.15
2021-05-08,act,138.78
2021-05-09,act,139.48
2021-05-10,act,140.7
2021-05-11,act,140.39
2021-05-12,act,140.04
2021-05-13,act,139.77
2021-05-14,act,139.13
2021-05-15,act,138.43
2021-05-16,act,137.51
2021-05-17,act,136.41
2021-05-18,act,136.8
2021-05-19,act,137.4
2021-05-20,act,138.4
2021-05-21,act,139.43
2021-05-22,act,139.72
2021-05-23,act,140.14
2021-05-24,act,140.64
2021-05-25,act,141.33
2021-05-26,act,141.58
2021-05-27,act,141.51
2021-05-28,act,141.05
2021-05-29,act,141.48
2021-05-30,act,141.67
2021-05-31,act,141.49
2021-06-01,act,140.29
2021-06-02,act,139.58
2021-06-03,act,138.9
2021-06-04,act,138.66
2021-06-05,act,138.19
2021-06-06,act,137.76
2021-06-07,act,137.54
2021-06-08,act,137.66
2021-06-09,act,138.18
2021-06-10,act,138.41
2021-06-11,act,138.84
2021-06-12,act,139.18
2021-06-13,act,139.72
2021-06-14,act,140.49
2021-06-15,act,140.98
2021-06-16,act,141.03
2021-06-17,act,141.49
2021-06-18,act,141.88
2021-06-19,act,142.17
2021-06-20,act,142.3
2021-06-21,act,141.94
2021-06-22,act,142.17
2021-06-23,act,142.47
2021-06-24,act,142.56
2021-06-25,act,142.53
2021-06-26,act,142.3
2021-06-27,act,142.23
2021-06-28,act,142.92
2021-06-29,act,143.45
2021-06-30,act,143.91
2021-07-01,act,144.37
2021-07-02,act,144.62
2021-07-03,act,145.43
2021-07-04,act,146.4
2021-07-05,act,147.23
2021-07-06,act,148.55
2021-07-07,act,149.05
2021-07-08,act,149.71
2021-07-09,act,150.4
2021-07-10,act,150.86
2021-07-11,act,150.96
2021-07-12,act,150.78
2021-07-13,act,150.2
2021-07-14,act,150.09
2021-07-15,act,149.59
2021-07-16,act,148.93
2021-07-17,act,148.12
2021-07-18,act,147.48
2021-07-19,act,147.32
2021-07-20,act,146.7
2021-07-21,act,146.55
2021-07-22,act,146.95
2021-07-23,act,147.67
2021-07-24,act,148.69
2021-07-25,act,149.71
2021-07-26,act,149.95
2021-07-27,act,150.65
2021-07-28,act,151.26
2021-07-29,act,151.45
2021-07-30,act,151.76
2021-07-31,act,151.92
2021-08-01,act,152.04
2021-08-02,act,151.99
2021-08-03,act,152.27
2021-08-04,act,152.6
2021-08-05,act,153.04
2021-08-06,act,153.51
2021-08-07,act,153.76
2021-08-08,act,154.45
2021-08-09,act,154.8
2021-08-10,act,154.93
2021-08-11,act,154.64
2021-08-12,act,154.56
2021-08-13,act,154.42
2021-08-14,act,154.56
2021-08-15,act,154.35
2021-08-16,act,154.96
2021-08-17,act,154.96
2021-08-18,act,154.87
2021-08-19,act,154.49
2021-08-20,act,153.81
2021-08-21,act,153.02
2021-08-22,act,152.02
2021-08-23,act,151.1
2021-08-24,act,150.25
2021-08-25,act,149.41
2021-08-26,act,148.49
2021-08-27,act,147.55
2021-08-28,act,146.37
2021-08-29,act,145.41
2021-08-30,act,144.13
2021-08-31,act,143.14
2021-09-01,act,142.17
2021-09-02,act,141.31
2021-09-03,act,140.7
2021-09-04,act,140.06
2021-09-05,act,139.76
2021-09-06,act,139.4
2021-09-07,act,139.44
2021-09-08,act,139.99
2021-09-09,act,140.4
2021-09-10,act,140.95
2021-09-11,act,141.6
2021-09-12,act,141.92
2021-09-13,act,142.37
2021-09-14,act,142.27
2021-09-15,act,142.46
2021-09-16,act,142.93
2021-09-17,act,143.16
2021-09-18,act,143.5
2021-09-19,act,143.72
2021-09-20,act,143.62
2021-09-21,act,143.27
2021-09-22,act,142.83
2021-09-23,act,142.01
2021-09-24,act,141.58
2021-09-25,act,141.15
2021-09-26,act,140.78
2021-09-27,act,141.03
2021-09-28,act,141.89
2021-09-29,act,142.22
2021-09-30,act,142.59
2021-10-01,act,142.15
2021-10-02,act,142.88
2021-10-03,act,143.24
2021-10-04,act,142.8
2021-10-05,act,141.59
2021-10-06,act,140.46
2021-10-07,act,139.68
2021-10-08,act,140.2
2021-10-09,act,139.78
2021-10-10,act,139.47
2021-10-11,act,139.64
2021-10-12,act,140.7
2021-10-13,act,141.92
2021-10-14,act,143.19
2021-10-15,act,144.17
2021-10-16,act,144.6
2021-10-17,act,145.01
2021-10-18,act,145.61
2021-10-19,act,146.15
2021-10-20,act,147.41
2021-10-21,act,148.32
2021-10-22,act,148.4
2021-10-23,act,149.21
2021-10-24,act,150.18
2021-10-25,act,151.23
2021-10-26,act,152.28
2021-10-27,act,152.72
2021-10-28,act,153.37
2021-10-29,act,154.25
2021-10-30,act,154.81
2021-10-31,act,155.52
2021-11-01,act,156.05
2021-11-02,act,156.34
2021-11-03,act,156.44
2021-11-04,act,156.62
2021-11-05,act,156.4
2021-11-06,act,156.99
2021-11-07,act,157.26
2021-11-08,act,157.56
2021-11-09,act,158.07
2021-11-10,act,158.27
2021-11-11,act,158.51
2021-11-12,act,159.37
2021-11-13,act,159.62
2021-11-14,act,160.23
2021-11-15,act,160.64
2021-11-16,act,160.63
2021-11-17,act,161.16
2021-11-18,act,161.24
2021-11-19,act,161.28
2021-11-20,act,161.06
2021-11-21,act,160.64
2021-11-22,act,160.36
2021-11-23,act,160.27
2021-11-24,act,160.32
2021-11-25,act,160.43
2021-11-26,act,160.32
2021-11-27,act,160.36
2021-11-28,act,160.66
2021-11-29,act,161.07
2021-11-30,act,161.43
2021-12-01,act,161.4
2021-12-02,act,161.57
2021-12-03,act,162.03
2021-12-04,act,162.42
2021-12-05,act,162.68
2021-12-06,act,162.86
2021-12-07,act,162.99
2021-12-08,act,163.41
2021-12-09,act,164.03
2021-12-10,act,164.52
2021-12-11,act,164.93
2021-12-12,act,165.62
2021-12-13,act,166.39
2021-12-14,act,167.35
2021-12-15,act,168.33
2021-12-16,act,169.35
2021-12-17,act,169.71
2021-12-18,act,169.92
2021-12-19,act,170
2021-12-20,act,170.28
2021-12-21,act,170.2
2021-12-22,act,169.77
2021-12-23,act,168.81
2021-12-24,act,168.25
2021-12-25,act,167.79
2021-12-26,act,167.58
2021-12-27,act,167.43
2021-12-28,act,167.44
2021-12-29,act,167.22
2021-12-30,act,167.14
2021-12-31,act,166.94
2022-01-01,act,166.59
2022-01-02,act,165.78
2022-01-03,act,165.09
2022-01-04,act,164.35
2022-01-05,act,163.78
2022-01-06,act,163.09
2022-01-07,act,162.73
2022-01-08,act,162.39
2022-01-09,act,162.1
2022-01-10,act,161.31
2022-01-11,act,160.67
2022-01-12,act,160.57
2022-01-13,act,160.84
2022-01-14,act,161.03
2022-01-15,act,161.46
2022-01-16,act,162.1
2022-01-17,act,162.83
2022-01-18,act,163.43
2022-01-19,act,163.79
2022-01-20,act,164.44
2022-01-21,act,165.12
2022-01-22,act,165.08
2022-01-23,act,164.95
2022-01-24,act,164.47
2022-01-25,act,164.36
2022-01-26,act,164.36
2022-01-27,act,164.09
2022-01-28,act,164.06
2022-01-29,act,164.45
2022-01-30,act,164.84
2022-01-31,act,165.25
2022-02-01,act,165.58
2022-02-02,act,165.61
2022-02-03,act,166.02
2022-02-04,act,166.28
2022-02-05,act,166.84
2022-02-06,act,167.56
2022-02-07,act,168.63
2022-02-08,act,169.62
2022-02-09,act,170.73
2022-02-10,act,171.5
2022-02-11,act,172
2022-02-12,act,172.85
2022-02-13,act,173.55
2022-02-14,act,174.02
2022-02-15,act,174.4
2022-02-16,act,175.02
2022-02-17,act,175.45
2022-02-18,act,176.32
2022-02-19,act,176.68
2022-02-20,act,176.78
2022-02-21,act,177.21
2022-02-22,act,177.84
2022-02-23,act,178.21
2022-02-24,act,178.67
2022-02-25,act,178.99
2022-02-26,act,179.17
2022-02-27,act,179.43
2022-02-28,act,179.53
2022-03-01,act,179.81
2022-03-02,act,180.32
2022-03-03,act,180.94
2022-03-04,act,181.66
2022-03-05,act,182.61
2022-03-06,act,183.95
2022-03-07,act,185.05
2022-03-08,act,185.89
2022-03-09,act,186.48
2022-03-10,act,186.33
2022-03-11,act,186.1
2022-03-12,act,185.88
2022-03-13,act,185.71
2022-03-14,act,185.62
2022-03-15,act,185.06
2022-03-16,act,184.39
2022-03-17,act,183.94
2022-03-18,act,183.6
2022-03-19,act,183.67
2022-03-20,act,183
2022-03-21,act,182.55
2022-03-22,act,182.48
2022-03-23,act,182.46
2022-03-24,act,182.96
2022-03-25,act,183.41
2022-03-26,act,183.93
2022-03-27,act,184.57
2022-03-28,act,184.93
2022-03-29,act,185.13
2022-03-30,act,185.61
2022-03-31,act,185.88
2022-04-01,act,186.14
2022-04-02,act,186.14
2022-04-03,act,186.42
2022-04-04,act,186.85
2022-04-05,act,187.45
2022-04-06,act,187.86
2022-04-07,act,188.29
2022-04-08,act,188.77
2022-04-09,act,189.19
2022-04-10,act,189.19
2022-04-11,act,188.97
2022-04-12,act,188.94
2022-04-13,act,188.95
2022-04-14,act,188.95
2022-04-15,act,189.26
2022-04-16,act,189.36
2022-04-17,act,189.24
2022-04-18,act,189.73
2022-04-19,act,189.14
2022-04-20,act,188.5
2022-04-21,act,187.76
2022-04-22,act,186.45
2022-04-23,act,185.65
2022-04-24,act,185.26
2022-04-25,act,184.63
2022-04-26,act,184.18
2022-04-27,act,183.55
2022-04-28,act,183.27
2022-04-29,act,182.8
2022-04-30,act,182.32
2022-05-01,act,181.89
2022-05-02,act,181.2
2022-05-03,act,181.67
2022-05-04,act,182.04
2022-05-05,act,182.18
2022-05-06,act,182.51
2022-05-07,act,182.63
2022-05-08,act,182.85
2022-05-09,act,183.26
2022-05-10,act,183.42
2022-05-11,act,183.96
2022-05-12,act,184.24
2022-05-13,act,184.74
2022-05-14,act,184.79
2022-05-15,act,184.85
2022-05-16,act,184.91
2022-05-17,act,184.91
2022-05-18,act,185.23
2022-05-19,act,185.31
2022-05-20,act,185.61
2022-05-21,act,186.06
2022-05-22,act,186.61
2022-05-23,act,187.75
2022-05-24,act,188.46
2022-05-25,act,188.87
2022-05-26,act,189.71
2022-05-27,act,190.41
2022-05-28,act,191.38
2022-05-29,act,192.51
2022-05-30,act,193.09
2022-05-31,act,193.62
2022-06-01,act,193.65
2022-06-02,act,193.95
2022-06-03,act,194.5
2022-06-04,act,195.08
2022-06-05,act,195.24
2022-06-06,act,194.96
2022-06-07,act,194.84
2022-06-08,act,195.13
2022-06-09,act,195.06
2022-06-10,act,194.36
2022-06-11,act,193
2022-06-12,act,191.73
2022-06-13,act,191.16
2022-06-14,act,190.56
2022-06-15,act,189.64
2022-06-16,act,188.84
2022-06-17,act,188.09
2022-06-18,act,188.08
2022-06-19,act,188
2022-06-20,act,187.41
2022-06-21,act,187.24
2022-06-22,act,187.16
2022-06-23,act,187.27
2022-06-24,act,187.45
2022-06-25,act,187.48
2022-06-26,act,187.49
2022-06-27,act,187.68
2022-06-28,act,187.83
2022-06-29,act,187.97
2022-06-30,act,188.02
2022-07-01,act,188.12
2022-07-02,act,188.68
2022-07-03,act,189.01
2022-07-04,act,190.22
2022-07-05,act,191.21
2022-07-06,act,192.58
2022-07-07,act,193.06
2022-07-08,act,194.14
2022-07-09,act,194.74
2022-07-10,act,195.71
2022-07-11,act,195.62
2022-07-12,act,195.55
2022-07-13,act,195.42
2022-07-14,act,196.4
2022-07-15,act,196.79
2022-07-16,act,197.38
2022-07-17,act,198.03
2022-07-18,act,198.82
2022-07-19,act,199.48
2022-07-20,act,200.64
2022-07-21,act,201.59
2022-07-22,act,202.25
2022-07-23,act,202.65
2022-07-24,act,203.21
2022-07-25,act,203.4
2022-07-26,act,203.8
2022-07-27,act,203.72
2022-07-28,act,203.37
2022-07-29,act,203.27
2022-07-30,act,201.66
2022-07-31,act,201.51
2022-08-01,act,201.49
2022-08-02,act,201.11
2022-08-03,act,200.91
2022-08-04,act,200.6
2022-08-05,act,200.53
2022-08-06,act,202.1
2022-08-07,act,202.19
2022-08-08,act,201.81
2022-08-09,act,201.77
2022-08-10,act,201.62
2022-08-11,act,201.95
2022-08-12,act,201.88
2022-08-13,act,201.57
2022-08-14,act,201.67
2022-08-15,act,202.14
2022-08-16,act,202.57
2022-08-17,act,202.58
2022-08-18,act,202.37
2022-08-19,act,202.18
2022-08-20,act,202.79
2022-08-21,act,202.59
2022-08-22,act,202.62
2022-08-23,act,202.96
2022-08-24,act,203.64
2022-08-25,act,204.37
2022-08-26,act,205.29
2022-08-27,act,205.78
2022-08-28,act,206.44
2022-08-29,act,206.77
2022-08-30,act,206.87
2022-08-31,act,207.02
2022-09-01,act,207.13
2022-09-02,act,207.3
2022-09-03,act,207.57
2022-09-04,act,207.46
2022-09-05,act,207.99
2022-09-06,act,208.31
2022-09-07,act,208.73
2022-09-08,act,208.77
2022-09-09,act,208.09
2022-09-10,act,207.3
2022-09-11,act,206.56
2022-09-12,act,205.13
2022-09-13,act,203.36
2022-09-14,act,201.41
2022-09-15,act,200.2
2022-09-16,act,199.73
2022-09-17,act,199.35
2022-09-18,act,199.04
2022-09-19,act,199.26
2022-09-20,act,199.64
2022-09-21,act,200.31
2022-09-22,act,200.75
2022-09-23,act,200.16
2022-09-24,act,199.42
2022-09-25,act,198.94
2022-09-26,act,198.1
2022-09-27,act,197.83
2022-09-28,act,197.23
2022-09-29,act,196.52
2022-09-30,act,196.73
2022-10-01,act,196.19
2022-10-02,act,196.79
2022-10-03,act,197.41
2022-10-04,act,196.33
2022-10-05,act,194.98
2022-10-06,act,193.82
2022-10-07,act,192.89
2022-10-08,act,193.49
2022-10-09,act,192.99
2022-10-10,act,192.55
2022-10-11,act,193.83
2022-10-12,act,195.26
2022-10-13,act,196.51
2022-10-14,act,197.71
2022-10-15,act,198.23
2022-10-16,act,198.45
2022-10-17,act,198.17
2022-10-18,act,197.09
2022-10-19,act,197.8
2022-10-20,act,198.63
2022-10-21,act,199.48
2022-10-22,act,199.7
2022-10-23,act,200.85
2022-10-24,act,202.7
2022-10-25,act,205.07
2022-10-26,act,205.15
2022-10-27,act,205.08
2022-10-28,act,204.46
2022-10-29,act,204.17
2022-10-30,act,203.74
2022-10-31,act,203.21
2022-11-01,act,201.91
2022-11-02,act,201.59
2022-11-03,act,201.16
2022-11-04,act,200.56
2022-11-05,act,200.29
2022-11-06,act,199.33
2022-11-07,act,198.16
2022-11-08,act,197.9
2022-11-09,act,197.37
2022-11-10,act,196.23
2022-11-11,act,195.59
2022-11-12,act,194.99
2022-11-13,act,194.92
2022-11-14,act,195.06
2022-11-15,act,194.93
2022-11-16,act,194.9
2022-11-17,act,195.54
2022-11-18,act,195.95
2022-11-19,act,195.83
2022-11-20,act,195.79
2022-11-21,act,195.5
2022-11-22,act,195.44
2022-11-23,act,194.52
2022-11-24,act,193.36
2022-11-25,act,192.83
2022-11-26,act,192.33
2022-11-27,act,191.56
2022-11-28,act,190.8
2022-11-29,act,189.06
2022-11-30,act,188.5
2022-12-01,act,188.65
2022-12-02,act,187.91
2022-12-03,act,187.38
2022-12-04,act,187.06
2022-12-05,act,187.12
2022-12-06,act,188.05
2022-12-07,act,188.45
2022-12-08,act,188.19
2022-12-09,act,188.24
2022-12-10,act,188.06
2022-12-11,act,187.96
2022-12-12,act,187.69
2022-12-13,act,187.16
2022-12-14,act,185.72
2022-12-15,act,184.35
2022-12-16,act,183.06
2022-12-17,act,181.92
2022-12-18,act,180.6
2022-12-19,act,179.43
2022-12-20,act,178.19
2022-12-21,act,177.93
2022-12-22,act,177.62
2022-12-23,act,177.45
2022-12-24,act,177.47
2022-12-25,act,177.6
2022-12-26,act,178.02
2022-12-27,act,178.66
2022-12-28,act,178.81
2022-12-29,act,179.12
2022-12-30,act,179.17
2022-12-31,act,179.04
2023-01-01,act,178.64
2023-01-02,act,178.09
2023-01-03,act,177.7
2023-01-04,act,177.49
2023-01-05,act,177.69
2023-01-06,act,178.31
2023-01-07,act,178.7
2023-01-08,act,179.16
2023-01-09,act,179.24
2023-01-10,act,179.62
2023-01-11,act,180.04
2023-01-12,act,180.14
2023-01-13,act,180.13
2023-01-14,act,180.29
2023-01-15,act,180.34
2023-01-16,act,180.09
2023-01-17,act,179.57
2023-01-18,act,179.48
2023-01-19,act,179.27
2023-01-20,act,178.98
2023-01-21,act,179.08
2023-01-22,act,179.09
2023-01-23,act,179.23
2023-01-24,act,179.31
2023-01-25,act,179.16
2023-01-26,act,179.8
2023-01-27,act,179.78
2023-01-28,act,179.43
2023-01-29,act,179.34
2023-01-30,act,179.22
2023-01-31,act,179.08
2023-02-01,act,178.66
2023-02-02,act,177.71
2023-02-03,act,176.91
2023-02-04,act,176.75
2023-02-05,act,176.35
2023-02-06,act,176.14
2023-02-07,act,175.89
2023-02-08,act,175.18
2023-02-09,act,174.72
2023-02-10,act,174.89
2023-02-11,act,174.17
2023-02-12,act,173.54
2023-02-13,act,173.04
2023-02-14,act,172.66
2023-02-15,act,172.89
2023-02-16,act,172.86
2023-02-17,act,172.36
2023-02-18,act,171.81
2023-02-19,act,171.6
2023-02-20,act,171.27
2023-02-21,act,170.78
2023-02-22,act,170.44
2023-02-23,act,170.32
2023-02-24,act,170.11
2023-02-25,act,169.96
2023-02-26,act,169.65
2023-02-27,act,169.76
2023-02-28,act,169.62
2023-03-01,act,169.56
2023-03-02,act,169.02
2023-03-03,act,168.54
2023-03-04,act,168.3
2023-03-05,act,168
2023-03-06,act,167.59
2023-03-07,act,167.51
2023-03-08,act,167.24
2023-03-09,act,167.26
2023-03-10,act,168.1
2023-03-11,act,168.89
2023-03-12,act,169.64
2023-03-13,act,169.97
2023-03-14,act,170.37
2023-03-15,act,170.41
2023-03-16,act,170.75
2023-03-17,act,170.41
2023-03-18,act,170.15
2023-03-19,act,169.86
2023-03-20,act,169.61
2023-03-21,act,169.17
2023-03-22,act,169.24
2023-03-23,act,168.88
2023-03-24,act,168.45
2023-03-25,act,168.1
2023-03-26,act,167.89
2023-03-27,act,167.82
2023-03-28,act,167.9
2023-03-29,act,167.58
2023-03-30,act,167.57
2023-03-31,act,167.71
2023-04-01,act,167.48
2023-04-02,act,167.22
2023-04-03,act,167.21
2023-04-04,act,167.53
2023-04-05,act,168.08
2023-04-06,act,167.81
2023-04-07,act,168.01
2023-04-08,act,168.1
2023-04-09,act,168.03
2023-04-10,act,167.88
2023-04-11,act,166.99
2023-04-12,act,165.94
2023-04-13,act,164.75
2023-04-14,act,163.01
2023-04-15,act,161.7
2023-04-16,act,160.79
2023-04-17,act,159.79
2023-04-18,act,159.06
2023-04-19,act,158.72
2023-04-20,act,158.82
2023-04-21,act,159.33
2023-04-22,act,160.14
2023-04-23,act,160.59
2023-04-24,act,161.07
2023-04-25,act,162.14
2023-04-26,act,162.62
2023-04-27,act,163.47
2023-04-28,act,164.05
2023-04-29,act,164.27
2023-04-30,act,164.35
2023-05-01,act,164.21
2023-05-02,act,163.75
2023-05-03,act,163.26
2023-05-04,act,162.31
2023-05-05,act,161.51
2023-05-06,act,161.15
2023-05-07,act,160.78
2023-05-08,act,160.74
2023-05-09,act,160.97
2023-05-10,act,161.53
2023-05-11,act,162.35
2023-05-12,act,163.37
2023-05-13,act,163.89
2023-05-14,act,164.77
2023-05-15,act,165.57
2023-05-16,act,165.63
2023-05-17,act,165.86
2023-05-18,act,164.99
2023-05-19,act,163.58
2023-05-20,act,162.04
2023-05-21,act,160.51
2023-05-22,act,158.94
2023-05-23,act,156.98
2023-05-24,act,155.22
2023-05-25,act,154.6
2023-05-26,act,154.25
2023-05-27,act,154.01
2023-05-28,act,153.52
2023-05-29,act,153.12
2023-05-30,act,153.32
2023-05-31,act,152.49
2023-06-01,act,151.96
2023-06-02,act,151.63
2023-06-03,act,151.4
2023-06-04,act,151.27
2023-06-05,act,151.1
2023-06-06,act,150.94
2023-06-07,act,151.18
2023-06-08,act,151.55
2023-06-09,act,151.47
2023-06-10,act,151.39
2023-06-11,act,151.37
2023-06-12,act,151.48
2023-06-13,act,151.4
2023-06-14,act,151.32
2023-06-15,act,150.7
2023-06-16,act,149.78
2023-06-17,act,148.81
2023-06-18,act,147.61
2023-06-19,act,146.28
2023-06-20,act,145.05
2023-06-21,act,143.99
2023-06-22,act,142.83
2023-06-23,act,141.84
2023-06-24,act,140.58
2023-06-25,act,139.58
2023-06-26,act,138.71
2023-06-27,act,138.16
2023-06-28,act,137.61
2023-06-29,act,137.6
2023-06-30,act,138.12
2023-07-01,act,138.38
2023-07-02,act,138.66
2023-07-03,act,138.66
2023-07-04,act,138.78
2023-07-05,act,139.23
2023-07-06,act,139.4
2023-07-07,act,138.73
2023-07-08,act,138.98
2023-07-09,act,139.04
2023-07-10,act,139.45
2023-07-11,act,139.76
2023-07-12,act,140
2023-07-13,act,140.26
2023-07-14,act,141.06
2023-07-15,act,141.6
2023-07-16,act,142.08
2023-07-17,act,142.61
2023-07-18,act,142.63
2023-07-19,act,142.6
2023-07-20,act,142.85
2023-07-21,act,143.04
2023-07-22,act,142.9
2023-07-23,act,143.09
2023-07-24,act,142.85
2023-07-25,act,143.33
2023-07-26,act,143.82
2023-07-27,act,143.87
2023-07-28,act,144.06
2023-07-29,act,144.43
2023-07-30,act,144.55
2023-07-31,act,144.64
2023-08-01,act,144.7
2023-08-02,act,144.46
2023-08-03,act,144.27
2023-08-04,act,144.24
2023-08-05,act,144.31
2023-08-06,act,144.2
2023-08-07,act,144.49
2023-08-08,act,144.67
2023-08-09,act,144.85
2023-08-10,act,145.3
2023-08-11,act,145.34
2023-08-12,act,145.03
2023-08-13,act,144.91
2023-08-14,act,144.55
2023-08-15,act,143.7
2023-08-16,act,143.48
2023-08-17,act,143.08
2023-08-18,act,143.21
2023-08-19,act,143.64
2023-08-20,act,144.15
2023-08-21,act,144.67
2023-08-22,act,145.46
2023-08-23,act,145.49
2023-08-24,act,145.72
2023-08-25,act,145.54
2023-08-26,act,145.29
2023-08-27,act,145.03
2023-08-28,act,144.88
2023-08-29,act,144.71
2023-08-30,act,144.9
2023-08-31,act,144.95
2023-09-01,act,144.88
2023-09-02,act,145.02
2023-09-03,act,144.74
2023-09-04,act,144.17
2023-09-05,act,143.69
2023-09-06,act,143.05
2023-09-07,act,142.45
2023-09-08,act,141.96
2023-09-09,act,141.37
2023-09-10,act,140.89
2023-09-11,act,140.83
2023-09-12,act,141.33
2023-09-13,act,142.18
2023-09-14,act,142.96
2023-09-15,act,143.87
2023-09-16,act,144.64
2023-09-17,act,145.81
2023-09-18,act,146.72
2023-09-19,act,147.08
2023-09-20,act,146.75
2023-09-21,act,146.51
2023-09-22,act,146.48
2023-09-23,act,146.45
2023-09-24,act,146.44
2023-09-25,act,146.3
2023-09-26,act,146.09
2023-09-27,act,146.19
2023-09-28,act,146.15
2023-09-29,act,145.99
2023-09-30,act,145.53
2023-10-01,act,144.54
2023-10-02,act,144.16
2023-10-03,act,143.6
2023-10-04,act,142.77
2023-10-05,act,141.82
2023-10-06,act,140.73
2023-10-07,act,140.11
2023-10-08,act,140.39
2023-10-09,act,140.31
2023-10-10,act,140.46
2023-10-11,act,141.07
2023-10-12,act,141.93
2023-10-13,act,142.87
2023-10-14,act,143.66
2023-10-15,act,144.14
2023-10-16,act,144.55
2023-10-17,act,144.48
2023-10-18,act,144.46
2023-10-19,act,144.45
2023-10-20,act,144.27
2023-10-21,act,143.8
2023-10-22,act,143.12
2023-10-23,act,141.28
2023-10-24,act,141.09
2023-10-25,act,140.53
2023-10-26,act,139.62
2023-10-27,act,138.88
2023-10-28,act,138.2
2023-10-29,act,137.55
2023-10-30,act,138.28
2023-10-31,act,137.54
2023-11-01,act,137.28
2023-11-02,act,136.97
2023-11-03,act,136.6
2023-11-04,act,136.25
2023-11-05,act,135.89
2023-11-06,act,135.26
2023-11-07,act,134.64
2023-11-08,act,133.62
2023-11-09,act,133.11
2023-11-10,act,132.4
2023-11-11,act,131.73
2023-11-12,act,131.04
2023-11-13,act,130.38
2023-11-14,act,130.2
2023-11-15,act,130.26
2023-11-16,act,129.69
2023-11-17,act,129.61
2023-11-18,act,129.42
2023-11-19,act,129.51
2023-11-20,act,129.41
2023-11-21,act,128.03
2023-11-22,act,127.19
2023-11-23,act,126.35
2023-11-24,act,125.09
2023-11-25,act,125.11
2023-11-26,act,124.73
2023-11-27,act,124.59
2023-11-28,act,125.56
2023-11-29,act,126
2023-11-30,act,126.69
2023-12-01,act,127.68
2023-12-02,act,127.33
2023-12-03,act,127.28
2023-12-04,act,127.15
2023-12-05,act,126.87
2023-12-06,act,126.89
2023-12-07,act,127.02
2023-12-08,act,126.91
2023-12-09,act,126.94
2023-12-10,act,126.83
2023-12-11,act,126.86
2023-12-12,act,126.92
2023-12-13,act,126.26
2023-12-14,act,126.02
2023-12-15,act,125.67
2023-12-16,act,125.45
2023-12-17,act,125.38
2023-12-18,act,125.16
2023-12-19,act,124.79
2023-12-20,act,125.05
2023-12-21,act,124.61
2023-12-22,act,124.24
2023-12-23,act,123.74
2023-12-24,act,123.36
2023-12-25,act,123.65
2023-12-26,act,124.14
2023-12-27,act,124.02
2023-12-28,act,124.18
2023-12-29,act,124.38
2023-12-30,act,125.01
2023-12-31,act,125.43
2024-01-01,act,125.75
2024-01-02,act,126.15
2024-01-03,act,126.78
2024-01-04,act,127.45
2024-01-05,act,128.31
2024-01-06,act,128.72
2024-01-07,act,128.7
2024-01-08,act,128.53
2024-01-09,act,128.45
2024-01-10,act,128.1
2024-01-11,act,128.43
2024-01-12,act,128.79
2024-01-13,act,129.22
2024-01-14,act,129.88
2024-01-15,act,130.34
2024-01-16,act,130.9
2024-01-17,act,131.84
2024-01-18,act,131.98
2024-01-19,act,132.29
2024-01-20,act,132.64
2024-01-21,act,133.12
2024-01-22,act,133.42
2024-01-23,act,132.87
2024-01-24,act,132.76
2024-01-25,act,132.93
2024-01-26,act,133.1
2024-01-27,act,133.14
2024-01-28,act,133.1
2024-01-29,act,133.28
2024-01-30,act,133.82
2024-01-31,act,133.49
2024-02-01,act,133.13
2024-02-02,act,132.45
2024-02-03,act,131.94
2024-02-04,act,131.31
2024-02-05,act,130.64
2024-02-06,act,130.05
2024-02-07,act,129.97
2024-02-08,act,129.81
2024-02-09,act,129.51
2024-02-10,act,129.05
2024-02-11,act,128.55
2024-02-12,act,128.11
2024-02-13,act,127.84
2024-02-14,act,127.53
2024-02-15,act,127.09
2024-02-16,act,126.83
2024-02-17,act,126.45
2024-02-18,act,126.35
2024-02-19,act,126.03
2024-02-20,act,125.52
2024-02-21,act,125.34
2024-02-22,act,124.93
2024-02-23,act,124.6
2024-02-24,act,124.69
2024-02-25,act,124.79
2024-02-26,act,124.9
2024-02-27,act,124.95
2024-02-28,act,124.89
2024-02-29,act,124.92
2024-03-01,act,124.94
2024-03-02,act,124.82
2024-03-03,act,124.61
2024-03-04,act,124.7
2024-03-05,act,125.2
2024-03-06,act,125.46
2024-03-07,act,126.04
2024-03-08,act,126.67
2024-03-09,act,127.53
2024-03-10,act,128.24
2024-03-11,act,128.93
2024-03-12,act,129.32
2024-03-13,act,129.62
2024-03-14,act,129.57
2024-03-15,act,129.6
2024-03-16,act,129.65
2024-03-17,act,129.89
2024-03-18,act,129.76
2024-03-19,act,129.35
2024-03-20,act,129.48
2024-03-21,act,129.83
2024-03-22,act,129.65
2024-03-23,act,129.46
2024-03-24,act,129.11
2024-03-25,act,129.05
2024-03-26,act,129.24
2024-03-27,act,129.32
2024-03-28,act,129.15
2024-03-29,act,129.93
2024-03-30,act,129.79
2024-03-31,act,129.61
2024-04-01,act,129.63
2024-04-02,act,129.69
2024-04-03,act,129.3
2024-04-04,act,129.22
2024-04-05,act,128.27
2024-04-06,act,128.07
2024-04-07,act,128.06
2024-04-08,act,127.58
2024-04-09,act,127.14
2024-04-10,act,126.92
2024-04-11,act,126.51
2024-04-12,act,126.58
2024-04-13,act,126.5
2024-04-14,act,126.45
2024-04-15,act,126.83
2024-04-16,act,126.76
2024-04-17,act,126.74
2024-04-18,act,126.87
2024-04-19,act,126.93
2024-04-20,act,126.81
2024-04-21,act,126.66
2024-04-22,act,126.29
2024-04-23,act,126.35
2024-04-24,act,126.02
2024-04-25,act,126.08
2024-04-26,act,125.85
2024-04-27,act,126.02
2024-04-28,act,126.06
2024-04-29,act,126.26
2024-04-30,act,126.48
2024-05-01,act,127.17
2024-05-02,act,127.26
2024-05-03,act,127.45
2024-05-04,act,127.6
2024-05-05,act,127.59
2024-05-06,act,127.33
2024-05-07,act,127.15
2024-05-08,act,126.63
2024-05-09,act,126.19
2024-05-10,act,125.68
2024-05-11,act,124.88
2024-05-12,act,124.25
2024-05-13,act,123.61
2024-05-14,act,123.05
2024-05-15,act,122.62
2024-05-16,act,122.28
2024-05-17,act,121.81
2024-05-18,act,121.8
2024-05-19,act,121.77
2024-05-20,act,121.9
2024-05-21,act,121.33
2024-05-22,act,121.3
2024-05-23,act,121.43
2024-05-24,act,121.27
2024-05-25,act,121.05
2024-05-26,act,120.92
2024-05-27,act,120.9
2024-05-28,act,121.39
2024-05-29,act,121.39
2024-05-30,act,121.21
2024-05-31,act,121.89
2024-06-01,act,122.2
2024-06-02,act,122.45
2024-06-03,act,122.59
2024-06-04,act,122.42
2024-06-05,act,122.24
2024-06-06,act,122
2024-06-07,act,121.75
2024-06-08,act,121.53
2024-06-09,act,121.37
2024-06-10,act,121.22
2024-06-11,act,121.18
2024-06-12,act,121.37
2024-06-13,act,121.48
2024-06-14,act,121.3
2024-06-15,act,121.06
2024-06-16,act,121.16
2024-06-17,act,121
2024-06-18,act,120.89
2024-06-19,act,120.55
2024-06-20,act,120.44
2024-06-21,act,120.42
2024-06-22,act,120.52
2024-06-23,act,120.26
2024-06-24,act,120.13
2024-06-25,act,120.35
2024-06-26,act,120.38
2024-06-27,act,120.1
2024-06-28,act,119.67
2024-06-29,act,119.28
2024-06-30,act,119.09
2024-07-01,act,118.87
2024-07-02,act,118.66
2024-07-03,act,118.41
2024-07-04,act,118.8
2024-07-05,act,119.32
2024-07-06,act,119.91
2024-07-07,act,119.59
2024-07-08,act,119.82
2024-07-09,act,119.99
2024-07-10,act,120.51
2024-07-11,act,120.56
2024-07-12,act,120.04
2024-07-13,act,119.8
2024-07-14,act,120.39
2024-07-15,act,120.5
2024-07-16,act,120.39
2024-07-17,act,120.25
2024-07-18,act,120.18
2024-07-19,act,120.71
2024-07-20,act,120.72
2024-07-21,act,120.89
2024-07-22,act,120.94
2024-07-23,act,121.31
2024-07-24,act,121.69
2024-07-25,act,122.05
2024-07-26,act,122.22
2024-07-27,act,122.66
2024-07-28,act,122.8
2024-07-29,act,122.91
2024-07-30,act,122.97
2024-07-31,act,123.03
2024-08-01,act,123
2024-08-02,act,123.24
2024-08-03,act,123.39
2024-08-04,act,123.6
2024-08-05,act,123.74
2024-08-06,act,123.91
2024-08-07,act,123.91
2024-08-08,act,124.09
2024-08-09,act,124.06
2024-08-10,act,123.76
2024-08-11,act,123.57
2024-08-12,act,123.44
2024-08-13,act,123.12
2024-08-14,act,122.81
2024-08-15,act,122.48
2024-08-16,act,122.29
2024-08-17,act,122.59
2024-08-18,act,122.68
2024-08-19,act,122.89
2024-08-20,act,122.98
2024-08-21,act,123.4
2024-08-22,act,123.6
2024-08-23,act,123.78
2024-08-24,act,123.87
2024-08-25,act,124.17
2024-08-26,act,124.49
2024-08-27,act,125.02
2024-08-28,act,125.24
2024-08-29,act,125.56
2024-08-30,act,125.72
2024-08-31,act,125.82
2024-09-01,act,125.74
2024-09-02,act,125.01
2024-09-03,act,124.95
2024-09-04,act,124.75
2024-09-05,act,124.78
2024-09-06,act,124.93
2024-09-07,act,125.07
2024-09-08,act,125.1
2024-09-09,act,125.68
2024-09-10,act,125.72
2024-09-11,act,125.75
2024-09-12,act,125.62
2024-09-13,act,125.36
2024-09-14,act,125.22
2024-09-15,act,125.16
2024-09-16,act,125.06
2024-09-17,act,124.54
2024-09-18,act,124.37
2024-09-19,act,124.2
2024-09-20,act,124.13
2024-09-21,act,123.87
2024-09-22,act,123.71
2024-09-23,act,123.44
2024-09-24,act,123.75
2024-09-25,act,123.66
2024-09-26,act,123.7
2024-09-27,act,123.96
2024-09-28,act,124.21
2024-09-29,act,124.56
2024-09-30,act,125
2024-10-01,act,124.98
2024-10-02,act,125.59
2024-10-03,act,125.77
2024-10-04,act,125.37
2024-10-05,act,125.13
2024-10-06,act,124.86
2024-10-07,act,124.78
2024-10-08,act,125.32
2024-10-09,act,124.83
2024-10-10,act,124.67
2024-10-11,act,124.92
2024-10-12,act,125.09
2024-10-13,act,125.22
2024-10-14,act,125.07
2024-10-15,act,124.33
2024-10-16,act,124.64
2024-10-17,act,124.79
2024-10-18,act,124.9
2024-10-19,act,125
2024-10-20,act,125.02
2024-10-21,act,125.2
2024-10-22,act,125.47
2024-10-23,act,125.81
2024-10-24,act,126.36
2024-10-25,act,126.91
2024-10-26,act,127.47
2024-10-27,act,128
2024-10-28,act,128.39
2024-10-29,act,128.7
2024-10-30,act,128.57
2024-10-31,act,128.55
2024-11-01,act,128.31
2024-11-02,act,128.09
2024-11-03,act,128
2024-11-04,act,128.09
2024-11-05,act,128.59
2024-11-06,act,128.62
2024-11-07,act,128.35
2024-11-08,act,128.3
2024-11-09,act,128.13
2024-11-10,act,127.73
2024-11-11,act,127.28
2024-11-12,act,126.42
2024-11-13,act,126.15
2024-11-14,act,126
2024-11-15,act,125.7
2024-11-16,act,125.49
2024-11-17,act,125.42
2024-11-18,act,125.42
2024-11-19,act,124.93
2024-11-20,act,124.58
2024-11-21,act,124.39
2024-11-22,act,124.44
2024-11-23,act,124.13
2024-11-24,act,123.7
2024-11-25,act,123.42
2024-11-26,act,123.7
2024-11-27,act,123.64
2024-11-28,act,123.42
2024-11-29,act,123.1
2024-11-30,act,122.88
2024-12-01,act,122.58
2024-12-02,act,122.28
2024-12-03,act,122.07
2024-12-04,act,121.74
2024-12-05,act,121.47
2024-12-06,act,121.32
2024-12-07,act,121.14
2024-12-08,act,121.11
2024-12-09,act,121.15
2024-12-10,act,121.06
2024-12-11,act,121.46
2024-12-12,act,121.83
2024-12-13,act,122.03
2024-12-14,act,122.5
2024-12-15,act,123.11
2024-12-16,act,123.46
2024-12-17,act,123.88
2024-12-18,act,124.17
2024-12-19,act,124.03
2024-12-20,act,123.88
2024-12-21,act,123.59
2024-12-22,act,123.42
2024-12-23,act,123.43
2024-12-24,act,123.85
2024-12-25,act,123.96
2024-12-26,act,124.17
2024-12-27,act,124.37
2024-12-28,act,124.5
2024-12-29,act,124.67
2024-12-30,act,125.23
2024-12-31,act,125.33
2025-01-01,act,124.98
2025-01-02,act,124.71
2025-01-03,act,124.31
2025-01-04,act,123.86
2025-01-05,act,123.08
2025-01-06,act,121.83
2025-01-07,act,120.97
2025-01-08,act,120.55
2025-01-09,act,120.38
2025-01-10,act,120.77
2025-01-11,act,120.99
2025-01-12,act,121.25
2025-01-13,act,121.46
2025-01-14,act,121.57
2025-01-15,act,121.69
2025-01-16,act,121.76
2025-01-17,act,121.61
2025-01-18,act,121.61
2025-01-19,act,121.17
2025-01-20,act,120.61
2025-01-21,act,119.57
2025-01-22,act,119.16
2025-01-23,act,118.87
2025-01-24,act,118.54
2025-01-25,act,118.49
2025-01-26,act,118.99
2025-01-27,act,119.76
2025-01-28,act,120.87
2025-01-29,act,121.14
2025-01-30,act,121.28
2025-01-31,act,121.44
2025-02-01,act,121.29
2025-02-02,act,121.1
2025-02-03,act,121.01
2025-02-04,act,120.72
2025-02-05,act,120.88
2025-02-06,act,120.9
2025-02-07,act,120.57
2025-02-08,act,120.39
2025-02-09,act,120.12
2025-02-10,act,119.51
2025-02-11,act,119.22
2025-02-12,act,118.72
2025-02-13,act,118.42
2025-02-14,act,118.31
2025-02-15,act,117.88
2025-02-16,act,117.76
2025-02-17,act,117.74
2025-02-18,act,117.64
2025-02-19,act,117.22
2025-02-20,act,116.85
2025-02-21,act,116.55
2025-02-22,act,116.6
2025-02-23,act,116.22
2025-02-24,act,115.8
2025-02-25,act,115.49
2025-02-26,act,115.51
2025-02-27,act,115.4
2025-02-28,act,115.15
2025-03-01,act,114.61
2025-03-02,act,114.04
2025-03-03,act,113.96
2025-03-04,act,113.76
2025-03-05,act,113.22
2025-03-06,act,112.9
2025-03-07,act,112.66
2025-03-08,act,112.67
2025-03-09,act,112.75
2025-03-10,act,112.26
2025-03-11,act,111.54
2025-03-12,act,110.99
2025-03-13,act,110.24
2025-03-14,act,109.79
2025-03-15,act,109.62
2025-03-16,act,109.57
2025-03-17,act,109.67
2025-03-18,act,109.27
2025-03-19,act,109.81
2025-03-20,act,110.28
2025-03-21,act,110.72
2025-03-22,act,110.89
2025-03-23,act,111.14
2025-03-24,act,111.18
2025-03-25,act,111.35
2025-03-26,act,111.15
2025-03-27,act,110.94
2025-03-28,act,110.8
2025-03-29,act,110.76
2025-03-30,act,110.59
2025-03-31,act,110.84
2025-04-01,act,111.86
2025-04-02,act,112.61
2025-04-03,act,113.42
2025-04-04,act,113.87
2025-04-05,act,114.43
2025-04-06,act,115.13
2025-04-07,act,115.59
2025-04-08,act,115.77
2025-04-09,act,115.57
2025-04-10,act,115.51
2025-04-11,act,115.46
2025-04-12,act,115.26
2025-04-13,act,115.06
2025-04-14,act,114.56
2025-04-15,act,113.34
2025-04-16,act,112.85
2025-04-17,act,111.85
2025-04-18,act,111.46
2025-04-19,act,110.55
2025-04-20,act,109.69
2025-04-21,act,109.27
2025-04-22,act,109.51
2025-04-23,act,109.2
2025-04-24,act,109.39
2025-04-25,act,109.12
2025-04-26,act,108.88
2025-04-27,act,108.79
2025-04-28,act,108.43
2025-04-29,act,108.1
2025-04-30,act,107.22
2025-05-01,act,106.75
2025-05-02,act,106.12
2025-05-03,act,106.35
2025-05-04,act,106.39
2025-05-05,act,106.45
2025-05-06,act,106.7
2025-05-07,act,107.44
2025-05-08,act,107.36
2025-05-09,act,107.5
2025-05-10,act,107.48
2025-05-11,act,107.24
2025-05-12,act,107.1
2025-05-13,act,106.82
2025-05-14,act,106.64
2025-05-15,act,106.69
2025-05-16,act,106.62
2025-05-17,act,106.07
2025-05-18,act,106.44
2025-05-19,act,106.94
2025-05-20,act,107.38
2025-05-21,act,108.14
2025-05-22,act,108.92
2025-05-23,act,109.78
2025-05-24,act,110.83
2025-05-25,act,111.19
2025-05-26,act,111.08
2025-05-27,act,111.01
2025-05-28,act,110.76
2025-05-29,act,110.71
2025-05-30,act,110.54
2025-05-31,act,110.69
2025-06-01,act,110.75
2025-06-02,act,111.54
2025-06-03,act,112.12
2025-06-04,act,112.7
2025-06-05,act,113.15
2025-06-06,act,113.76
2025-06-07,act,114.21
2025-06-08,act,114.31
2025-06-09,act,114.27
2025-06-10,act,113.88
2025-06-11,act,113.52
2025-06-12,act,113.08
2025-06-13,act,112.55
2025-06-14,act,111.94
2025-06-15,act,112.03
2025-06-16,act,111.85
2025-06-17,act,112.18
2025-06-18,act,112.38
2025-06-19,act,112.84
2025-06-20,act,113.32
2025-06-21,act,113.85
2025-06-22,act,113.89
2025-06-23,act,113.81
2025-06-24,act,113.84
2025-06-25,act,113.76
2025-06-26,act,113.52
2025-06-27,act,113.13
2025-06-28,act,112.66
2025-06-29,act,112.27
2025-06-30,act,111.76
2025-07-01,act,111.05
2025-07-02,act,110.47
2025-07-03,act,109.82
2025-07-04,act,109.64
2025-07-05,act,109.54
2025-07-06,act,109.66
2025-07-07,act,109.96
2025-07-08,act,110.55
2025-07-09,act,111.19
2025-07-10,act,111.48
2025-07-11,act,111.9
2025-07-12,act,112.55
2025-07-13,act,113.04
2025-07-14,act,113.56
2025-07-15,act,113.91
2025-07-16,act,114.51
2025-07-17,act,115.44
2025-07-18,act,115.99
2025-07-19,act,116.24
2025-07-20,act,116.29
2025-07-21,act,116.36
2025-07-22,act,116.42
2025-07-23,act,115.68
2025-07-24,act,115.18
2025-07-25,act,114.15
2025-07-26,act,113.77
2025-07-27,act,113.55
2025-07-28,act,113.5
2025-07-29,act,113.49
2025-07-30,act,113.85
2025-07-31,act,112.62
2025-08-01,act,113.08
2025-08-02,act,112.73
2025-08-03,act,112.35
2025-08-04,act,111.44
2025-08-05,act,110.88
2025-08-06,act,110.38
2025-08-07,act,110.98
2025-08-08,act,110.23
2025-08-09,act,109.55
2025-08-10,act,109.09
2025-08-11,act,109.21
2025-08-12,act,109.09
2025-08-13,act,108.95
2025-08-14,act,109.14
2025-08-15,act,109.56
2025-08-16,act,110.13
2025-08-17,act,110.41
2025-08-18,act,110.61
2025-08-19,act,110.66
2025-08-20,act,111.05
2025-08-21,act,111.19
2025-08-22,act,111.26
2025-08-23,act,111.34
2025-08-24,act,111.63
2025-08-25,act,112.02
2025-08-26,act,112.4
2025-08-27,act,112.61
2025-08-28,act,113.22
2025-08-29,act,113.79
2025-08-30,act,114.36
2025-08-31,act,114.81
2025-09-01,act,115.06
2025-09-02,act,115.49
2025-09-03,act,115.58
2025-09-04,act,116.17
2025-09-05,act,116.54
2025-09-06,act,116.82
2025-09-07,act,117.19
2025-09-08,act,117.61
2025-09-09,act,118.07
2025-09-10,act,118.57
2025-09-11,act,118.24
2025-09-12,act,117.99
2025-09-13,act,117.3
2025-09-14,act,116.57
2025-09-15,act,115.9
2025-09-16,act,115.05
2025-09-17,act,114.49
2025-09-18,act,113.86
2025-09-19,act,112.73
2025-09-20,act,113.01
2025-09-21,act,113.18
2025-09-22,act,113.03
2025-09-23,act,112.94
2025-09-24,act,112.67
2025-09-25,act,112.98
2025-09-26,act,113.71
2025-09-27,act,113.56
2025-09-28,act,113.63
2025-09-29,act,113.77
2025-09-30,act,114.05
2025-10-01,act,114.4
2025-10-02,act,114.78
2025-10-03,act,115.18
2025-10-04,act,115.1
2025-10-05,act,114.89
2025-10-06,act,114.9
2025-10-07,act,114.64
2025-10-08,act,114.31
2025-10-09,act,114.24
2025-10-10,act,114.01
2025-10-11,act,114.27
2025-10-12,act,114.56
2025-10-13,act,114.78
2025-10-14,act,115.14
2025-10-15,act,115.66
2025-10-16,act,115.14
2025-10-17,act,114.87
2025-10-18,act,114.33
2025-10-19,act,113.98
2025-10-20,act,113.64
2025-10-21,act,113.12
2025-10-22,act,112.66
2025-10-23,act,112.47
2025-10-24,act,112.35
2025-10-25,act,112.49
2025-10-26,act,112.42
2025-10-27,act,111.78
2025-10-28,act,111.33
2025-10-29,act,110.84
2025-10-30,act,110.52
2025-10-31,act,110.23
2025-11-01,act,109.93
2025-11-02,act,109.82
2025-11-03,act,110.37
2025-11-04,act,110.89
2025-11-05,act,111.32
2025-11-06,act,111.53
2025-11-07,act,112.71
2025-11-08,act,113.6
2025-11-09,act,114.41
2025-11-10,act,115.18
2025-11-11,act,115.97
2025-11-12,act,116.6
2025-11-13,act,117.11
2025-11-14,act,116.71
2025-11-15,act,116.56
2025-11-16,act,116.27
2025-11-17,act,115.99
2025-11-18,act,115.75
2025-11-19,act,115.69
2025-11-20,act,115.85
2025-11-21,act,115.97
2025-11-22,act,116.23
2025-11-23,act,116.18
2025-11-24,act,115.96
2025-11-25,act,115.95
2025-11-26,act,116.01
2025-11-27,act,116.11
2025-11-28,act,116.19
2025-11-29,act,116.15
2025-11-30,act,116.46
2025-12-01,act,116.9
2025-12-02,act,117.1
2025-12-03,act,117.1
2025-12-04,act,117.31
2025-12-05,act,117.64
2025-12-06,act,118.04
2025-12-07,act,118.35
2025-12-08,act,118.41
2025-12-09,act,118.45
2025-12-10,act,118.46
2025-12-11,act,118.1
2025-12-12,act,117.68
2025-12-13,act,117.22
2025-12-14,act,116.77
2025-12-15,act,116.65
2025-12-16,act,116.54
2025-12-17,act,116.78
2025-12-18,act,117.03
2025-12-19,act,117.46
2025-12-20,act,117.99
2025-12-21,act,118.44
2025-12-22,act,118.88
2025-12-23,act,119.53
2025-12-24,act,120.19
2025-12-25,act,121.08
2025-12-26,act,121.72
2025-12-27,act,122.13
2025-12-28,act,122.65
2025-12-29,act,123.46
2025-12-30,act,124.27
2025-12-31,act,124.57
2026-01-01,act,124.68
2026-01-02,act,124.61
2026-01-03,act,124.17
2026-01-04,act,123.87
2026-01-05,act,123.53
2026-01-06,act,123.08
2026-01-07,act,123.17
2026-01-08,act,123.41
2026-01-09,act,123.94
2026-01-10,act,124.59
2026-01-11,act,124.84
2026-01-12,act,124.61
2026-01-13,act,123.72
2026-01-14,act,122.34
2026-01-15,act,121.24
2026-01-16,act,121.43
2026-01-17,act,121.7
2026-01-18,act,122.01
2026-01-19,act,122.21
2026-01-20,act,123.1
2026-01-21,act,124.71
2026-01-22,act,125.82
2026-01-23,act,125.61
2026-01-24,act,125.2
2026-01-25,act,124.85
2026-01-26,act,124.88
2026-01-27,act,124.51
2026-01-28,act,124.21
2026-01-29,act,123.86
2026-01-30,act,123.63
2026-01-31,act,123.34
2026-02-01,act,123.35
2026-02-02,act,122.94
2026-02-03,act,122.95
2026-02-04,act,122.34
2026-02-05,act,121.97
2026-02-06,act,121.44
2026-02-07,act,121.32
2026-02-08,act,120.9
2026-02-09,act,120.68
2026-02-10,act,120.16
2026-02-11,act,119.91
2026-02-12,act,119.89
2026-02-13,act,119.67
2026-02-14,act,119.44
2026-02-15,act,119.3
2026-02-16,act,119.07
2026-02-17,act,119.39
2026-02-18,act,119.37
2026-02-19,act,119.52
2026-02-20,act,118.74
2026-02-21,act,117.66
2026-02-22,act,116.24
2026-02-23,act,115.28
2026-02-24,act,113.81
2026-02-25,act,113.24
2026-02-26,act,112.25
2026-02-27,act,112.34
2026-02-28,act,112.32
2026-03-01,act,112.5
2026-03-02,act,112.84
2026-03-03,act,113.26
2026-03-04,act,113
2026-03-05,act,112.62
2026-03-06,act,112.13
2026-03-07,act,111.73
2026-03-08,act,111.29
2026-03-09,act,110.73
2026-03-10,act,109.83
2026-03-11,act,108.96
2026-03-12,act,107.99
2026-03-13,act,107.35
2026-03-14,act,106.66
2026-03-15,act,106.27
2026-03-16,act,106.04
2026-03-17,act,105.94
2026-03-18,act,105.83
2026-03-19,act,106.29
2026-03-20,act,106.31
2026-03-21,act,106.4
2026-03-22,act,105.99
2026-03-23,act,105.54
2026-03-24,act,105.28
2026-03-25,act,104.75
2026-03-26,act,104.87
2026-03-27,act,105.05
2026-03-28,act,105.29
2026-03-29,act,105.96
2026-03-30,act,106.81
2026-03-31,act,107.53
2026-04-01,act,108.73
2026-04-02,act,108.98
2026-04-03,act,109.33
2026-04-04,act,109.47
2026-04-05,act,109.56
2026-04-06,act,109.19
2026-04-07,act,108.58
2026-04-08,act,107.82
2026-04-09,act,106.93
2026-04-10,act,106.26
2026-04-11,act,105.81
2026-04-12,act,105.39
2026-04-13,act,104.9
2026-04-14,act,104.77
2026-04-15,act,104.85
2026-04-16,act,105.04
2026-04-17,act,105.06
2026-04-18,act,105.5
2026-04-19,act,105.84
2026-04-20,act,106.47
2026-04-21,act,107.05
2026-04-22,act,107.5
2026-04-23,act,108.01
2026-04-24,act,108.79
2026-04-25,act,109.28
2026-04-26,act,110.03
2026-04-27,act,110.62
2026-04-28,act,111.19
2026-04-29,act,111.44
2026-04-30,act,111.44
2026-05-01,act,110.92
2026-05-02,act,109.78
2026-05-03,act,108.6
2026-05-04,act,107.5
2026-05-05,act,107.28
2026-05-06,act,107.13
2026-05-07,act,107.08
2026-05-08,act,107.01
2026-05-09,act,107.56
2026-05-10,act,107.93
2026-05-11,act,108.13
2026-05-12,act,107.99
2026-05-13,act,108.03
2026-05-14,act,108.13
2026-05-15,act,108.48
2026-05-16,act,108.76
2026-05-17,act,109
2026-05-18,act,110.01
2026-05-19,act,110.69
2026-05-20,act,111.49
2026-05-21,act,112.15
2026-05-22,act,112.15
2026-05-23,act,112.26
2026-05-24,act,112.27
2026-05-25,act,111.72
2026-05-26,act,111.32
2026-05-27,act,110.77
2026-05-28,act,110.4
2026-05-29,act,110.73
2026-05-30,act,111.35
2026-05-31,act,111.94
2026-06-01,act,112.19
2026-06-02,act,111.88
2026-06-03,act,111.84
2026-06-04,act,111.88
2026-06-05,act,111.78
2026-06-06,act,111.49
2026-06-07,act,111.24
2026-06-08,act,110.94
2026-06-09,act,110.63
2026-06-10,act,109.79
2026-06-11,act,108.89
2026-06-12,act,108.37
2026-06-13,act,107.93
2026-06-14,act,107.41
2026-06-15,act,107.01
2026-06-16,act,106.91
2026-06-17,act,107.21
2026-06-18,act,107.39
2026-06-19,act,107.34
2026-06-20,act,107.25
2026-06-21,act,106.9
2026-06-22,act,106.52
2026-06-23,act,106.12
2026-06-24,act,105.35
2026-06-25,act,104.82
2026-06-26,act,104.15
2026-06-27,act,103.59
2026-06-28,act,103.25
2026-06-29,act,102.69
2026-06-30,act,102.68
2026-07-01,act,102.83
2026-07-02,act,103.27
2026-07-03,act,104
2026-07-04,act,105.07
2026-07-05,act,106.12
2026-07-06,act,107.41
2026-07-07,act,107.93
2026-07-08,act,108.91
2026-07-09,act,109.32
2026-07-10,act,109.87
2026-07-11,act,109.72
2026-07-12,act,109.59
2026-07-13,act,109.5
2026-07-14,act,109.66
2026-07-15,act,109.62
2026-07-16,act,109.63
2026-07-17,act,109.62
2026-07-18,act,109.73
2026-07-19,act,109.79
2026-07-20,act,110.03
2026-07-21,act,110.22
2026-07-22,act,110.23
2026-07-23,act,110.13
2026-07-24,act,109.93
2026-07-25,act,109.7
2026-07-26,act,109.54
2026-07-27,act,109.15
2026-07-28,act,108.83
2026-07-29,act,108.37
2026-07-30,act,108.13
2026-07-31,act,107.93
2026-08-01,act,108.01
2026-08-02,act,107.56
2026-08-03,act,106.9
2026-08-04,act,106.27
2026-08-05,act,105.94
2026-08-06,act,105.58
2026-08-07,act,105.01
2026-08-08,act,104.21
2026-08-09,act,104.08
2026-08-10,act,104.13
2026-08-11,act,104.28
2026-08-12,act,104.61
2026-08-13,act,104.83
2026-08-14,act,105.23
2026-08-15,act,105.85
2026-08-16,act,106.23
2026-08-17,act,106.77
2026-08-18,act,107.02
2026-08-19,act,106.95
2026-08-20,act,107.39
2026-08-21,act,107.7
2026-08-22,act,108.12
2026-08-23,act,108.76
2026-08-24,act,109.46
2026-08-25,act,110.55
2026-08-26,act,111.49
2026-08-27,act,112.05
2026-08-28,act,112.41
2026-08-29,act,112.72
2026-08-30,act,112.72
2026-08-31,act,112.57
2026-09-01,act,112.33
2026-09-02,act,112.37
2026-09-03,act,112.6
2026-09-04,act,112.86
2026-09-05,act,112.74
2026-09-06,act,112.66
2026-09-07,act,112.65
2026-09-08,act,112.68
2026-09-09,act,112.29
2026-09-10,act,111.99
2026-09-11,act,112.18
2026-09-12,act,112.45
2026-09-13,act,112.55
2026-09-14,act,112.57
2026-09-15,act,112.68
2026-09-16,act,112.85
2026-09-17,act,113.07
2026-09-18,act,112.56
2020-02-01,nsw,100
2020-02-02,nsw,99.55
2020-02-03,nsw,98.93
2020-02-04,nsw,98.69
2020-02-05,nsw,98.74
2020-02-06,nsw,98.69
2020-02-07,nsw,98.62
2020-02-08,nsw,98.66
2020-02-09,nsw,98.73
2020-02-10,nsw,99
2020-02-11,nsw,99.2
2020-02-12,nsw,99.22
2020-02-13,nsw,99.33
2020-02-14,nsw,99.24
2020-02-15,nsw,99.08
2020-02-16,nsw,99.08
2020-02-17,nsw,99.09
2020-02-18,nsw,99.09
2020-02-19,nsw,99.28
2020-02-20,nsw,99.48
2020-02-21,nsw,99.75
2020-02-22,nsw,99.99
2020-02-23,nsw,100.22
2020-02-24,nsw,100.26
2020-02-25,nsw,100.33
2020-02-26,nsw,100.32
2020-02-27,nsw,100.42
2020-02-28,nsw,100.8
2020-02-29,nsw,101.15
2020-03-01,nsw,101.4
2020-03-02,nsw,101.76
2020-03-03,nsw,102.08
2020-03-04,nsw,102.29
2020-03-05,nsw,102.34
2020-03-06,nsw,102.23
2020-03-07,nsw,102.21
2020-03-08,nsw,102.23
2020-03-09,nsw,102.13
2020-03-10,nsw,101.89
2020-03-11,nsw,101.62
2020-03-12,nsw,101.34
2020-03-13,nsw,100.98
2020-03-14,nsw,100.76
2020-03-15,nsw,100.4
2020-03-16,nsw,100.01
2020-03-17,nsw,98.93
2020-03-18,nsw,98.15
2020-03-19,nsw,96.99
2020-03-20,nsw,95.05
2020-03-21,nsw,93.42
2020-03-22,nsw,91.78
2020-03-23,nsw,89.63
2020-03-24,nsw,87.98
2020-03-25,nsw,85.81
2020-03-26,nsw,83.57
2020-03-27,nsw,81.41
2020-03-28,nsw,78.92
2020-03-29,nsw,76.44
2020-03-30,nsw,74.27
2020-03-31,nsw,71.96
2020-04-01,nsw,69.55
2020-04-02,nsw,67.7
2020-04-03,nsw,66.36
2020-04-04,nsw,64.67
2020-04-05,nsw,63.33
2020-04-06,nsw,62.23
2020-04-07,nsw,61.46
2020-04-08,nsw,60.91
2020-04-09,nsw,59.83
2020-04-10,nsw,59.44
2020-04-11,nsw,59.23
2020-04-12,nsw,58.56
2020-04-13,nsw,58.19
2020-04-14,nsw,57.3
2020-04-15,nsw,56.97
2020-04-16,nsw,56.76
2020-04-17,nsw,55.92
2020-04-18,nsw,55.02
2020-04-19,nsw,54.2
2020-04-20,nsw,53.29
2020-04-21,nsw,52.79
2020-04-22,nsw,51.78
2020-04-23,nsw,51.04
2020-04-24,nsw,50.42
2020-04-25,nsw,50.25
2020-04-26,nsw,50.33
2020-04-27,nsw,50.56
2020-04-28,nsw,50.78
2020-04-29,nsw,50.95
2020-04-30,nsw,51.16
2020-05-01,nsw,51.28
2020-05-02,nsw,51.17
2020-05-03,nsw,50.76
2020-05-04,nsw,50.34
2020-05-05,nsw,50.01
2020-05-06,nsw,49.84
2020-05-07,nsw,49.53
2020-05-08,nsw,49.34
2020-05-09,nsw,49.21
2020-05-10,nsw,49.33
2020-05-11,nsw,49.25
2020-05-12,nsw,49.36
2020-05-13,nsw,49.31
2020-05-14,nsw,49.34
2020-05-15,nsw,49.43
2020-05-16,nsw,49.49
2020-05-17,nsw,49.37
2020-05-18,nsw,49.36
2020-05-19,nsw,49.22
2020-05-20,nsw,49.42
2020-05-21,nsw,49.72
2020-05-22,nsw,50.06
2020-05-23,nsw,50.35
2020-05-24,nsw,50.55
2020-05-25,nsw,50.6
2020-05-26,nsw,50.68
2020-05-27,nsw,50.56
2020-05-28,nsw,50.44
2020-05-29,nsw,50.46
2020-05-30,nsw,50.7
2020-05-31,nsw,50.82
2020-06-01,nsw,51.02
2020-06-02,nsw,50.99
2020-06-03,nsw,51.17
2020-06-04,nsw,51.3
2020-06-05,nsw,51.72
2020-06-06,nsw,51.92
2020-06-07,nsw,52.38
2020-06-08,nsw,52.73
2020-06-09,nsw,53.03
2020-06-10,nsw,53.44
2020-06-11,nsw,53.95
2020-06-12,nsw,54.18
2020-06-13,nsw,54.59
2020-06-14,nsw,55.08
2020-06-15,nsw,55.76
2020-06-16,nsw,56.81
2020-06-17,nsw,57.53
2020-06-18,nsw,58.14
2020-06-19,nsw,58.3
2020-06-20,nsw,58.36
2020-06-21,nsw,58.25
2020-06-22,nsw,58.03
2020-06-23,nsw,57.89
2020-06-24,nsw,57.9
2020-06-25,nsw,58.01
2020-06-26,nsw,58.22
2020-06-27,nsw,58.62
2020-06-28,nsw,59.03
2020-06-29,nsw,59.55
2020-06-30,nsw,59.99
2020-07-01,nsw,60.45
2020-07-02,nsw,60.9
2020-07-03,nsw,61.61
2020-07-04,nsw,62.22
2020-07-05,nsw,62.82
2020-07-06,nsw,63.44
2020-07-07,nsw,64.02
2020-07-08,nsw,64.5
2020-07-09,nsw,64.93
2020-07-10,nsw,65.41
2020-07-11,nsw,65.72
2020-07-12,nsw,66.15
2020-07-13,nsw,66.49
2020-07-14,nsw,66.85
2020-07-15,nsw,67.26
2020-07-16,nsw,67.68
2020-07-17,nsw,67.94
2020-07-18,nsw,67.98
2020-07-19,nsw,68.03
2020-07-20,nsw,67.91
2020-07-21,nsw,67.76
2020-07-22,nsw,67.66
2020-07-23,nsw,67.72
2020-07-24,nsw,67.9
2020-07-25,nsw,68.32
2020-07-26,nsw,68.67
2020-07-27,nsw,69.12
2020-07-28,nsw,69.4
2020-07-29,nsw,69.44
2020-07-30,nsw,69.28
2020-07-31,nsw,68.95
2020-08-01,nsw,68.84
2020-08-02,nsw,68.63
2020-08-03,nsw,68.43
2020-08-04,nsw,68.34
2020-08-05,nsw,68.43
2020-08-06,nsw,68.5
2020-08-07,nsw,68.76
2020-08-08,nsw,68.95
2020-08-09,nsw,69.46
2020-08-10,nsw,69.91
2020-08-11,nsw,70.46
2020-08-12,nsw,71.01
2020-08-13,nsw,71.48
2020-08-14,nsw,71.88
2020-08-15,nsw,71.96
2020-08-16,nsw,71.55
2020-08-17,nsw,71.14
2020-08-18,nsw,70.65
2020-08-19,nsw,70.17
2020-08-20,nsw,69.8
2020-08-21,nsw,69.27
2020-08-22,nsw,69.07
2020-08-23,nsw,69.15
2020-08-24,nsw,69.27
2020-08-25,nsw,69.47
2020-08-26,nsw,69.67
2020-08-27,nsw,69.83
2020-08-28,nsw,70.02
2020-08-29,nsw,70.12
2020-08-30,nsw,70.21
2020-08-31,nsw,70.37
2020-09-01,nsw,70.47
2020-09-02,nsw,70.49
2020-09-03,nsw,70.5
2020-09-04,nsw,70.53
2020-09-05,nsw,70.33
2020-09-06,nsw,70.39
2020-09-07,nsw,70.39
2020-09-08,nsw,70.53
2020-09-09,nsw,70.68
2020-09-10,nsw,71.03
2020-09-11,nsw,71.41
2020-09-12,nsw,71.9
2020-09-13,nsw,72.05
2020-09-14,nsw,72.28
2020-09-15,nsw,72.56
2020-09-16,nsw,73.06
2020-09-17,nsw,73.48
2020-09-18,nsw,73.74
2020-09-19,nsw,74
2020-09-20,nsw,74.31
2020-09-21,nsw,74.54
2020-09-22,nsw,74.63
2020-09-23,nsw,74.4
2020-09-24,nsw,74.2
2020-09-25,nsw,74.25
2020-09-26,nsw,74.46
2020-09-27,nsw,74.75
2020-09-28,nsw,75.16
2020-09-29,nsw,75.69
2020-09-30,nsw,76.37
2020-10-01,nsw,76.96
2020-10-02,nsw,77.44
2020-10-03,nsw,78.01
2020-10-04,nsw,78.46
2020-10-05,nsw,78.93
2020-10-06,nsw,79.02
2020-10-07,nsw,79.1
2020-10-08,nsw,79.32
2020-10-09,nsw,79.77
2020-10-10,nsw,80.17
2020-10-11,nsw,80.67
2020-10-12,nsw,81.24
2020-10-13,nsw,82.18
2020-10-14,nsw,83.15
2020-10-15,nsw,84.2
2020-10-16,nsw,84.87
2020-10-17,nsw,85.59
2020-10-18,nsw,86.2
2020-10-19,nsw,86.57
2020-10-20,nsw,86.85
2020-10-21,nsw,87.28
2020-10-22,nsw,87.22
2020-10-23,nsw,87.35
2020-10-24,nsw,87.15
2020-10-25,nsw,86.96
2020-10-26,nsw,86.79
2020-10-27,nsw,86.58
2020-10-28,nsw,86.22
2020-10-29,nsw,86.13
2020-10-30,nsw,85.95
2020-10-31,nsw,86.1
2020-11-01,nsw,86.38
2020-11-02,nsw,86.54
2020-11-03,nsw,86.75
2020-11-04,nsw,86.81
2020-11-05,nsw,86.91
2020-11-06,nsw,87.16
2020-11-07,nsw,87.2
2020-11-08,nsw,87.3
2020-11-09,nsw,87.55
2020-11-10,nsw,87.7
2020-11-11,nsw,87.82
2020-11-12,nsw,87.87
2020-11-13,nsw,87.86
2020-11-14,nsw,87.72
2020-11-15,nsw,87.72
2020-11-16,nsw,87.85
2020-11-17,nsw,87.99
2020-11-18,nsw,88.27
2020-11-19,nsw,88.75
2020-11-20,nsw,89.19
2020-11-21,nsw,89.87
2020-11-22,nsw,90.3
2020-11-23,nsw,90.61
2020-11-24,nsw,91
2020-11-25,nsw,91.39
2020-11-26,nsw,91.69
2020-11-27,nsw,91.9
2020-11-28,nsw,92.25
2020-11-29,nsw,92.42
2020-11-30,nsw,92.64
2020-12-01,nsw,92.71
2020-12-02,nsw,92.68
2020-12-03,nsw,92.7
2020-12-04,nsw,92.93
2020-12-05,nsw,93.3
2020-12-06,nsw,93.79
2020-12-07,nsw,94.14
2020-12-08,nsw,94.56
2020-12-09,nsw,95.11
2020-12-10,nsw,95.55
2020-12-11,nsw,96.19
2020-12-12,nsw,96.26
2020-12-13,nsw,96.62
2020-12-14,nsw,97.13
2020-12-15,nsw,97.64
2020-12-16,nsw,98.21
2020-12-17,nsw,98.7
2020-12-18,nsw,98.65
2020-12-19,nsw,98.93
2020-12-20,nsw,99.16
2020-12-21,nsw,99.21
2020-12-22,nsw,99.02
2020-12-23,nsw,98.73
2020-12-24,nsw,98.49
2020-12-25,nsw,98.55
2020-12-26,nsw,98.5
2020-12-27,nsw,98.33
2020-12-28,nsw,98.55
2020-12-29,nsw,98.78
2020-12-30,nsw,98.95
2020-12-31,nsw,99.19
2021-01-01,nsw,99.29
2021-01-02,nsw,99.41
2021-01-03,nsw,99.37
2021-01-04,nsw,99.12
2021-01-05,nsw,99.28
2021-01-06,nsw,99.61
2021-01-07,nsw,99.73
2021-01-08,nsw,99.98
2021-01-09,nsw,100.13
2021-01-10,nsw,100.26
2021-01-11,nsw,100.25
2021-01-12,nsw,100.16
2021-01-13,nsw,99.92
2021-01-14,nsw,99.91
2021-01-15,nsw,99.78
2021-01-16,nsw,99.93
2021-01-17,nsw,99.95
2021-01-18,nsw,99.9
2021-01-19,nsw,99.78
2021-01-20,nsw,99.61
2021-01-21,nsw,99.44
2021-01-22,nsw,99.54
2021-01-23,nsw,99.29
2021-01-24,nsw,99.63
2021-01-25,nsw,100.03
2021-01-26,nsw,100.53
2021-01-27,nsw,100.87
2021-01-28,nsw,101.26
2021-01-29,nsw,101.46
2021-01-30,nsw,101.88
2021-01-31,nsw,102.08
2021-02-01,nsw,102.46
2021-02-02,nsw,102.7
2021-02-03,nsw,103.17
2021-02-04,nsw,103.28
2021-02-05,nsw,103.59
2021-02-06,nsw,103.75
2021-02-07,nsw,103.85
2021-02-08,nsw,103.94
2021-02-09,nsw,104.17
2021-02-10,nsw,104.38
2021-02-11,nsw,105
2021-02-12,nsw,105.35
2021-02-13,nsw,105.73
2021-02-14,nsw,106.7
2021-02-15,nsw,107.76
2021-02-16,nsw,108.22
2021-02-17,nsw,108.86
2021-02-18,nsw,109.4
2021-02-19,nsw,110
2021-02-20,nsw,110.54
2021-02-21,nsw,110.67
2021-02-22,nsw,110.69
2021-02-23,nsw,111.35
2021-02-24,nsw,111.9
2021-02-25,nsw,112.53
2021-02-26,nsw,113.16
2021-02-27,nsw,113.74
2021-02-28,nsw,114.17
2021-03-01,nsw,114.49
2021-03-02,nsw,114.85
2021-03-03,nsw,115.2
2021-03-04,nsw,115.46
2021-03-05,nsw,115.67
2021-03-06,nsw,115.93
2021-03-07,nsw,116.37
2021-03-08,nsw,116.85
2021-03-09,nsw,117.27
2021-03-10,nsw,117.59
2021-03-11,nsw,117.93
2021-03-12,nsw,118.34
2021-03-13,nsw,119.17
2021-03-14,nsw,119.78
2021-03-15,nsw,120.42
2021-03-16,nsw,121.09
2021-03-17,nsw,122.05
2021-03-18,nsw,122.96
2021-03-19,nsw,123.89
2021-03-20,nsw,125.43
2021-03-21,nsw,126.69
2021-03-22,nsw,127.05
2021-03-23,nsw,127.17
2021-03-24,nsw,127.18
2021-03-25,nsw,127.12
2021-03-26,nsw,126.96
2021-03-27,nsw,126.18
2021-03-28,nsw,125.55
2021-03-29,nsw,125.81
2021-03-30,nsw,126.13
2021-03-31,nsw,126.34
2021-04-01,nsw,126.56
2021-04-02,nsw,127.16
2021-04-03,nsw,127.27
2021-04-04,nsw,127.45
2021-04-05,nsw,127.76
2021-04-06,nsw,127.76
2021-04-07,nsw,127.63
2021-04-08,nsw,127.39
2021-04-09,nsw,126.96
2021-04-10,nsw,126.79
2021-04-11,nsw,126.67
2021-04-12,nsw,126.49
2021-04-13,nsw,126.77
2021-04-14,nsw,127.31
2021-04-15,nsw,128.16
2021-04-16,nsw,128.79
2021-04-17,nsw,129.53
2021-04-18,nsw,130.11
2021-04-19,nsw,130.48
2021-04-20,nsw,130.81
2021-04-21,nsw,131.09
2021-04-22,nsw,131.21
2021-04-23,nsw,131.64
2021-04-24,nsw,132.21
2021-04-25,nsw,132.98
2021-04-26,nsw,133.94
2021-04-27,nsw,134.91
2021-04-28,nsw,135.57
2021-04-29,nsw,136.22
2021-04-30,nsw,136.62
2021-05-01,nsw,136.64
2021-05-02,nsw,136.54
2021-05-03,nsw,136.15
2021-05-04,nsw,136.06
2021-05-05,nsw,136.37
2021-05-06,nsw,136.77
2021-05-07,nsw,137.05
2021-05-08,nsw,137.59
2021-05-09,nsw,138.27
2021-05-10,nsw,139.16
2021-05-11,nsw,139.45
2021-05-12,nsw,139.73
2021-05-13,nsw,139.7
2021-05-14,nsw,139.61
2021-05-15,nsw,139.42
2021-05-16,nsw,139.11
2021-05-17,nsw,138.8
2021-05-18,nsw,138.62
2021-05-19,nsw,138.26
2021-05-20,nsw,138.43
2021-05-21,nsw,138.64
2021-05-22,nsw,138.19
2021-05-23,nsw,137.97
2021-05-24,nsw,137.64
2021-05-25,nsw,137.49
2021-05-26,nsw,137.4
2021-05-27,nsw,136.92
2021-05-28,nsw,136.45
2021-05-29,nsw,136.57
2021-05-30,nsw,136.61
2021-05-31,nsw,136.69
2021-06-01,nsw,136.77
2021-06-02,nsw,136.98
2021-06-03,nsw,137.24
2021-06-04,nsw,137.64
2021-06-05,nsw,138.38
2021-06-06,nsw,138.92
2021-06-07,nsw,139.47
2021-06-08,nsw,139.73
2021-06-09,nsw,139.99
2021-06-10,nsw,140.33
2021-06-11,nsw,140.74
2021-06-12,nsw,140.91
2021-06-13,nsw,141.42
2021-06-14,nsw,142.01
2021-06-15,nsw,142.48
2021-06-16,nsw,142.74
2021-06-17,nsw,143
2021-06-18,nsw,143.22
2021-06-19,nsw,143.59
2021-06-20,nsw,143.53
2021-06-21,nsw,143.3
2021-06-22,nsw,143.46
2021-06-23,nsw,143.8
2021-06-24,nsw,144.05
2021-06-25,nsw,144.26
2021-06-26,nsw,144.04
2021-06-27,nsw,143.87
2021-06-28,nsw,144
2021-06-29,nsw,144.02
2021-06-30,nsw,143.9
2021-07-01,nsw,143.79
2021-07-02,nsw,143.61
2021-07-03,nsw,143.68
2021-07-04,nsw,143.81
2021-07-05,nsw,143.51
2021-07-06,nsw,143.42
2021-07-07,nsw,144.02
2021-07-08,nsw,144.6
2021-07-09,nsw,145.2
2021-07-10,nsw,145.78
2021-07-11,nsw,146.45
2021-07-12,nsw,147.1
2021-07-13,nsw,147.54
2021-07-14,nsw,147.2
2021-07-15,nsw,146.93
2021-07-16,nsw,146.59
2021-07-17,nsw,146.07
2021-07-18,nsw,145.59
2021-07-19,nsw,145.27
2021-07-20,nsw,144.73
2021-07-21,nsw,144.29
2021-07-22,nsw,144.24
2021-07-23,nsw,143.92
2021-07-24,nsw,143.96
2021-07-25,nsw,143.81
2021-07-26,nsw,143.28
2021-07-27,nsw,143.12
2021-07-28,nsw,142.64
2021-07-29,nsw,141.6
2021-07-30,nsw,140.75
2021-07-31,nsw,139.82
2021-08-01,nsw,138.86
2021-08-02,nsw,138.13
2021-08-03,nsw,137.27
2021-08-04,nsw,136.57
2021-08-05,nsw,135.97
2021-08-06,nsw,135.74
2021-08-07,nsw,135.66
2021-08-08,nsw,135.77
2021-08-09,nsw,136.24
2021-08-10,nsw,136.49
2021-08-11,nsw,136.9
2021-08-12,nsw,137.33
2021-08-13,nsw,137.04
2021-08-14,nsw,136.63
2021-08-15,nsw,136.26
2021-08-16,nsw,135.65
2021-08-17,nsw,135.02
2021-08-18,nsw,134.45
2021-08-19,nsw,133.88
2021-08-20,nsw,133.79
2021-08-21,nsw,133.6
2021-08-22,nsw,133.31
2021-08-23,nsw,133.02
2021-08-24,nsw,132.97
2021-08-25,nsw,132.77
2021-08-26,nsw,132.55
2021-08-27,nsw,132.37
2021-08-28,nsw,132.26
2021-08-29,nsw,132.18
2021-08-30,nsw,132.1
2021-08-31,nsw,132.07
2021-09-01,nsw,131.96
2021-09-02,nsw,131.88
2021-09-03,nsw,131.85
2021-09-04,nsw,131.38
2021-09-05,nsw,131.31
2021-09-06,nsw,131.25
2021-09-07,nsw,131.19
2021-09-08,nsw,131.39
2021-09-09,nsw,131.64
2021-09-10,nsw,131.85
2021-09-11,nsw,132.6
2021-09-12,nsw,132.88
2021-09-13,nsw,133.09
2021-09-14,nsw,133.27
2021-09-15,nsw,133.69
2021-09-16,nsw,134.36
2021-09-17,nsw,135.13
2021-09-18,nsw,135.83
2021-09-19,nsw,136.49
2021-09-20,nsw,137.14
2021-09-21,nsw,137.91
2021-09-22,nsw,138.36
2021-09-23,nsw,138.45
2021-09-24,nsw,138.61
2021-09-25,nsw,138.74
2021-09-26,nsw,138.98
2021-09-27,nsw,139.41
2021-09-28,nsw,139.89
2021-09-29,nsw,140.58
2021-09-30,nsw,141.39
2021-10-01,nsw,142.22
2021-10-02,nsw,143.58
2021-10-03,nsw,144.73
2021-10-04,nsw,145.89
2021-10-05,nsw,146.55
2021-10-06,nsw,147.03
2021-10-07,nsw,147.67
2021-10-08,nsw,148.55
2021-10-09,nsw,149.16
2021-10-10,nsw,150.02
2021-10-11,nsw,150.82
2021-10-12,nsw,152.36
2021-10-13,nsw,154.23
2021-10-14,nsw,156.12
2021-10-15,nsw,157.8
2021-10-16,nsw,158.98
2021-10-17,nsw,160.49
2021-10-18,nsw,162
2021-10-19,nsw,163.4
2021-10-20,nsw,164.57
2021-10-21,nsw,165.69
2021-10-22,nsw,166.56
2021-10-23,nsw,167.9
2021-10-24,nsw,168.72
2021-10-25,nsw,169.51
2021-10-26,nsw,170.04
2021-10-27,nsw,170.61
2021-10-28,nsw,171.29
2021-10-29,nsw,172.02
2021-10-30,nsw,172.81
2021-10-31,nsw,173.62
2021-11-01,nsw,174.39
2021-11-02,nsw,175.21
2021-11-03,nsw,175.87
2021-11-04,nsw,176.36
2021-11-05,nsw,177.06
2021-11-06,nsw,177.61
2021-11-07,nsw,178.07
2021-11-08,nsw,178.56
2021-11-09,nsw,179.13
2021-11-10,nsw,179.56
2021-11-11,nsw,180.02
2021-11-12,nsw,180.27
2021-11-13,nsw,180.39
2021-11-14,nsw,180.9
2021-11-15,nsw,181.16
2021-11-16,nsw,181.55
2021-11-17,nsw,182.13
2021-11-18,nsw,182.62
2021-11-19,nsw,183.13
2021-11-20,nsw,183.28
2021-11-21,nsw,183.44
2021-11-22,nsw,183.66
2021-11-23,nsw,183.66
2021-11-24,nsw,183.47
2021-11-25,nsw,183.27
2021-11-26,nsw,183.04
2021-11-27,nsw,183.2
2021-11-28,nsw,183.19
2021-11-29,nsw,183.19
2021-11-30,nsw,184.04
2021-12-01,nsw,184.66
2021-12-02,nsw,185.03
2021-12-03,nsw,185.54
2021-12-04,nsw,186.18
2021-12-05,nsw,186.77
2021-12-06,nsw,187.26
2021-12-07,nsw,186.9
2021-12-08,nsw,186.9
2021-12-09,nsw,187.13
2021-12-10,nsw,187.26
2021-12-11,nsw,186.67
2021-12-12,nsw,186.81
2021-12-13,nsw,186.91
2021-12-14,nsw,187.16
2021-12-15,nsw,187.17
2021-12-16,nsw,187.16
2021-12-17,nsw,187.07
2021-12-18,nsw,187.67
2021-12-19,nsw,187.51
2021-12-20,nsw,187.72
2021-12-21,nsw,187.44
2021-12-22,nsw,187.44
2021-12-23,nsw,187.45
2021-12-24,nsw,187.52
2021-12-25,nsw,187.71
2021-12-26,nsw,187.89
2021-12-27,nsw,188.42
2021-12-28,nsw,188.94
2021-12-29,nsw,189.11
2021-12-30,nsw,189.28
2021-12-31,nsw,189.38
2022-01-01,nsw,189.41
2022-01-02,nsw,189.2
2022-01-03,nsw,188.91
2022-01-04,nsw,188.49
2022-01-05,nsw,188.39
2022-01-06,nsw,187.99
2022-01-07,nsw,187.7
2022-01-08,nsw,187.23
2022-01-09,nsw,186.8
2022-01-10,nsw,185.68
2022-01-11,nsw,185.11
2022-01-12,nsw,184.79
2022-01-13,nsw,184.81
2022-01-14,nsw,184.82
2022-01-15,nsw,185.03
2022-01-16,nsw,185.35
2022-01-17,nsw,185.95
2022-01-18,nsw,186.41
2022-01-19,nsw,186.72
2022-01-20,nsw,187.08
2022-01-21,nsw,187.45
2022-01-22,nsw,187.59
2022-01-23,nsw,187.72
2022-01-24,nsw,187.72
2022-01-25,nsw,188
2022-01-26,nsw,188.18
2022-01-27,nsw,188.42
2022-01-28,nsw,188.86
2022-01-29,nsw,189.31
2022-01-30,nsw,189.83
2022-01-31,nsw,190.55
2022-02-01,nsw,191.14
2022-02-02,nsw,191.79
2022-02-03,nsw,192.51
2022-02-04,nsw,193.08
2022-02-05,nsw,195.18
2022-02-06,nsw,197.22
2022-02-07,nsw,199.16
2022-02-08,nsw,201.23
2022-02-09,nsw,203.5
2022-02-10,nsw,205.68
2022-02-11,nsw,207.86
2022-02-12,nsw,208.62
2022-02-13,nsw,208.89
2022-02-14,nsw,208.75
2022-02-15,nsw,208.66
2022-02-16,nsw,208.63
2022-02-17,nsw,208.52
2022-02-18,nsw,208.29
2022-02-19,nsw,207.79
2022-02-20,nsw,207.82
2022-02-21,nsw,208.44
2022-02-22,nsw,209.04
2022-02-23,nsw,209.51
2022-02-24,nsw,210.19
2022-02-25,nsw,211.23
2022-02-26,nsw,212.54
2022-02-27,nsw,213.65
2022-02-28,nsw,214.46
2022-03-01,nsw,215.08
2022-03-02,nsw,215.61
2022-03-03,nsw,215.93
2022-03-04,nsw,215.87
2022-03-05,nsw,215.56
2022-03-06,nsw,215.55
2022-03-07,nsw,215.71
2022-03-08,nsw,215.8
2022-03-09,nsw,214.89
2022-03-10,nsw,213.49
2022-03-11,nsw,212.1
2022-03-12,nsw,211.07
2022-03-13,nsw,209.61
2022-03-14,nsw,208.12
2022-03-15,nsw,206.88
2022-03-16,nsw,206.79
2022-03-17,nsw,207.25
2022-03-18,nsw,207.74
2022-03-19,nsw,208.39
2022-03-20,nsw,209.54
2022-03-21,nsw,210.73
2022-03-22,nsw,211.55
2022-03-23,nsw,212.15
2022-03-24,nsw,212.9
2022-03-25,nsw,213.85
2022-03-26,nsw,214.87
2022-03-27,nsw,215.56
2022-03-28,nsw,216.21
2022-03-29,nsw,217.04
2022-03-30,nsw,218.03
2022-03-31,nsw,218.75
2022-04-01,nsw,219.22
2022-04-02,nsw,219.75
2022-04-03,nsw,220.25
2022-04-04,nsw,220.02
2022-04-05,nsw,220.47
2022-04-06,nsw,220.91
2022-04-07,nsw,220.16
2022-04-08,nsw,219.52
2022-04-09,nsw,218.21
2022-04-10,nsw,216.92
2022-04-11,nsw,216.34
2022-04-12,nsw,214.96
2022-04-13,nsw,213.37
2022-04-14,nsw,213.08
2022-04-15,nsw,213.28
2022-04-16,nsw,213.48
2022-04-17,nsw,213.48
2022-04-18,nsw,213.54
2022-04-19,nsw,212.88
2022-04-20,nsw,212.08
2022-04-21,nsw,210.93
2022-04-22,nsw,208.98
2022-04-23,nsw,207.94
2022-04-24,nsw,206.94
2022-04-25,nsw,206.32
2022-04-26,nsw,205.49
2022-04-27,nsw,204.58
2022-04-28,nsw,204.41
2022-04-29,nsw,204.27
2022-04-30,nsw,204.03
2022-05-01,nsw,203.9
2022-05-02,nsw,203.27
2022-05-03,nsw,203.8
2022-05-04,nsw,204.7
2022-05-05,nsw,205.2
2022-05-06,nsw,205.9
2022-05-07,nsw,206.06
2022-05-08,nsw,206.56
2022-05-09,nsw,207.14
2022-05-10,nsw,207.86
2022-05-11,nsw,208.54
2022-05-12,nsw,209.27
2022-05-13,nsw,209.72
2022-05-14,nsw,210.35
2022-05-15,nsw,210.83
2022-05-16,nsw,211.29
2022-05-17,nsw,211.78
2022-05-18,nsw,212.42
2022-05-19,nsw,212.85
2022-05-20,nsw,213.65
2022-05-21,nsw,214.03
2022-05-22,nsw,214.54
2022-05-23,nsw,215.28
2022-05-24,nsw,215.41
2022-05-25,nsw,215.41
2022-05-26,nsw,215.43
2022-05-27,nsw,215.34
2022-05-28,nsw,215.86
2022-05-29,nsw,216.23
2022-05-30,nsw,216.24
2022-05-31,nsw,216.91
2022-06-01,nsw,217.36
2022-06-02,nsw,217.86
2022-06-03,nsw,218.38
2022-06-04,nsw,218.97
2022-06-05,nsw,219.55
2022-06-06,nsw,219.99
2022-06-07,nsw,220.11
2022-06-08,nsw,220.23
2022-06-09,nsw,220.54
2022-06-10,nsw,221.14
2022-06-11,nsw,221.02
2022-06-12,nsw,220.92
2022-06-13,nsw,221.56
2022-06-14,nsw,221.35
2022-06-15,nsw,221.34
2022-06-16,nsw,221.17
2022-06-17,nsw,220.7
2022-06-18,nsw,220.6
2022-06-19,nsw,220.54
2022-06-20,nsw,219.79
2022-06-21,nsw,219.95
2022-06-22,nsw,220.09
2022-06-23,nsw,220.25
2022-06-24,nsw,220.34
2022-06-25,nsw,220.62
2022-06-26,nsw,220.81
2022-06-27,nsw,221.21
2022-06-28,nsw,221.43
2022-06-29,nsw,221.78
2022-06-30,nsw,221.8
2022-07-01,nsw,221.63
2022-07-02,nsw,221.58
2022-07-03,nsw,221.23
2022-07-04,nsw,221.05
2022-07-05,nsw,220.8
2022-07-06,nsw,220.29
2022-07-07,nsw,219.84
2022-07-08,nsw,219.52
2022-07-09,nsw,219.43
2022-07-10,nsw,219.39
2022-07-11,nsw,219.08
2022-07-12,nsw,218.96
2022-07-13,nsw,218.87
2022-07-14,nsw,219.14
2022-07-15,nsw,219.65
2022-07-16,nsw,219.99
2022-07-17,nsw,220.47
2022-07-18,nsw,220.79
2022-07-19,nsw,220.97
2022-07-20,nsw,221.08
2022-07-21,nsw,220.98
2022-07-22,nsw,220.83
2022-07-23,nsw,219.87
2022-07-24,nsw,219.72
2022-07-25,nsw,219.46
2022-07-26,nsw,219.94
2022-07-27,nsw,220.44
2022-07-28,nsw,220.75
2022-07-29,nsw,220.74
2022-07-30,nsw,221.5
2022-07-31,nsw,221.67
2022-08-01,nsw,222.24
2022-08-02,nsw,221.95
2022-08-03,nsw,221.76
2022-08-04,nsw,222
2022-08-05,nsw,222.46
2022-08-06,nsw,222.97
2022-08-07,nsw,223.43
2022-08-08,nsw,223.78
2022-08-09,nsw,224.84
2022-08-10,nsw,226
2022-08-11,nsw,226.93
2022-08-12,nsw,227.93
2022-08-13,nsw,228.3
2022-08-14,nsw,229.19
2022-08-15,nsw,229.69
2022-08-16,nsw,229.93
2022-08-17,nsw,228.75
2022-08-18,nsw,227.81
2022-08-19,nsw,226.52
2022-08-20,nsw,226.01
2022-08-21,nsw,224.9
2022-08-22,nsw,224.01
2022-08-23,nsw,222.93
2022-08-24,nsw,223.26
2022-08-25,nsw,222.08
2022-08-26,nsw,221.31
2022-08-27,nsw,220.28
2022-08-28,nsw,219.1
2022-08-29,nsw,218.29
2022-08-30,nsw,217.24
2022-08-31,nsw,216.27
2022-09-01,nsw,216.69
2022-09-02,nsw,216.75
2022-09-03,nsw,217.21
2022-09-04,nsw,217.3
2022-09-05,nsw,217.53
2022-09-06,nsw,217.87
2022-09-07,nsw,218.07
2022-09-08,nsw,218.15
2022-09-09,nsw,218.06
2022-09-10,nsw,217.64
2022-09-11,nsw,217.28
2022-09-12,nsw,216.67
2022-09-13,nsw,216.14
2022-09-14,nsw,215.82
2022-09-15,nsw,215.66
2022-09-16,nsw,216.07
2022-09-17,nsw,216.3
2022-09-18,nsw,216.79
2022-09-19,nsw,217.05
2022-09-20,nsw,217.09
2022-09-21,nsw,217.12
2022-09-22,nsw,217.33
2022-09-23,nsw,216.73
2022-09-24,nsw,216.11
2022-09-25,nsw,215.63
2022-09-26,nsw,215.2
2022-09-27,nsw,215.15
2022-09-28,nsw,214.91
2022-09-29,nsw,214.42
2022-09-30,nsw,214.65
2022-10-01,nsw,214.52
2022-10-02,nsw,215.02
2022-10-03,nsw,215.95
2022-10-04,nsw,215.92
2022-10-05,nsw,216.07
2022-10-06,nsw,215.87
2022-10-07,nsw,215.91
2022-10-08,nsw,216.58
2022-10-09,nsw,216.52
2022-10-10,nsw,216.41
2022-10-11,nsw,217.05
2022-10-12,nsw,217.73
2022-10-13,nsw,218.62
2022-10-14,nsw,219.2
2022-10-15,nsw,219.86
2022-10-16,nsw,220.63
2022-10-17,nsw,220.96
2022-10-18,nsw,221.69
2022-10-19,nsw,222.03
2022-10-20,nsw,222.44
2022-10-21,nsw,222.92
2022-10-22,nsw,222.19
2022-10-23,nsw,222.48
2022-10-24,nsw,223.02
2022-10-25,nsw,223
2022-10-26,nsw,223.24
2022-10-27,nsw,223.59
2022-10-28,nsw,223.77
2022-10-29,nsw,224.74
2022-10-30,nsw,224.88
2022-10-31,nsw,224.97
2022-11-01,nsw,225.31
2022-11-02,nsw,225.36
2022-11-03,nsw,225.39
2022-11-04,nsw,225.45
2022-11-05,nsw,225.74
2022-11-06,nsw,225.84
2022-11-07,nsw,225.97
2022-11-08,nsw,226.13
2022-11-09,nsw,226.6
2022-11-10,nsw,226.67
2022-11-11,nsw,226.43
2022-11-12,nsw,226.31
2022-11-13,nsw,226.15
2022-11-14,nsw,226.13
2022-11-15,nsw,225.91
2022-11-16,nsw,225.44
2022-11-17,nsw,224.96
2022-11-18,nsw,225.04
2022-11-19,nsw,224.62
2022-11-20,nsw,224.54
2022-11-21,nsw,224.08
2022-11-22,nsw,223.73
2022-11-23,nsw,223.24
2022-11-24,nsw,222.87
2022-11-25,nsw,222.43
2022-11-26,nsw,222.16
2022-11-27,nsw,221.73
2022-11-28,nsw,221.68
2022-11-29,nsw,221.24
2022-11-30,nsw,221.13
2022-12-01,nsw,220.65
2022-12-02,nsw,219.9
2022-12-03,nsw,218.99
2022-12-04,nsw,218.25
2022-12-05,nsw,217.75
2022-12-06,nsw,217.13
2022-12-07,nsw,216.36
2022-12-08,nsw,215.93
2022-12-09,nsw,215.96
2022-12-10,nsw,215.95
2022-12-11,nsw,216.16
2022-12-12,nsw,216.08
2022-12-13,nsw,216.44
2022-12-14,nsw,216.49
2022-12-15,nsw,216.24
2022-12-16,nsw,215.5
2022-12-17,nsw,214.9
2022-12-18,nsw,214.05
2022-12-19,nsw,213.24
2022-12-20,nsw,212.23
2022-12-21,nsw,211.39
2022-12-22,nsw,210.86
2022-12-23,nsw,210.66
2022-12-24,nsw,210.71
2022-12-25,nsw,210.7
2022-12-26,nsw,211.19
2022-12-27,nsw,211.65
2022-12-28,nsw,211.97
2022-12-29,nsw,212.24
2022-12-30,nsw,212.17
2022-12-31,nsw,212.03
2023-01-01,nsw,211.7
2023-01-02,nsw,211.23
2023-01-03,nsw,210.62
2023-01-04,nsw,210.35
2023-01-05,nsw,210.31
2023-01-06,nsw,210.42
2023-01-07,nsw,210.13
2023-01-08,nsw,209.85
2023-01-09,nsw,209.11
2023-01-10,nsw,208.79
2023-01-11,nsw,208.66
2023-01-12,nsw,208.5
2023-01-13,nsw,208.45
2023-01-14,nsw,208.34
2023-01-15,nsw,208.27
2023-01-16,nsw,208.38
2023-01-17,nsw,208.62
2023-01-18,nsw,208.54
2023-01-19,nsw,208.37
2023-01-20,nsw,208.01
2023-01-21,nsw,207.92
2023-01-22,nsw,207.84
2023-01-23,nsw,207.29
2023-01-24,nsw,207
2023-01-25,nsw,206.74
2023-01-26,nsw,207.11
2023-01-27,nsw,207.12
2023-01-28,nsw,207.25
2023-01-29,nsw,207.32
2023-01-30,nsw,207.48
2023-01-31,nsw,206.91
2023-02-01,nsw,206.49
2023-02-02,nsw,205.31
2023-02-03,nsw,204.54
2023-02-04,nsw,203.72
2023-02-05,nsw,202.93
2023-02-06,nsw,202.41
2023-02-07,nsw,202.16
2023-02-08,nsw,201.56
2023-02-09,nsw,201.38
2023-02-10,nsw,201.21
2023-02-11,nsw,201.15
2023-02-12,nsw,200.87
2023-02-13,nsw,200.54
2023-02-14,nsw,200.04
2023-02-15,nsw,199.93
2023-02-16,nsw,199.63
2023-02-17,nsw,199.34
2023-02-18,nsw,198.43
2023-02-19,nsw,198.17
2023-02-20,nsw,197.9
2023-02-21,nsw,197.77
2023-02-22,nsw,197.54
2023-02-23,nsw,197.35
2023-02-24,nsw,196.9
2023-02-25,nsw,196.82
2023-02-26,nsw,196.33
2023-02-27,nsw,195.64
2023-02-28,nsw,195.08
2023-03-01,nsw,194.48
2023-03-02,nsw,193.81
2023-03-03,nsw,193.04
2023-03-04,nsw,192.5
2023-03-05,nsw,192.22
2023-03-06,nsw,192.03
2023-03-07,nsw,191.86
2023-03-08,nsw,191.6
2023-03-09,nsw,191.36
2023-03-10,nsw,192.07
2023-03-11,nsw,192.65
2023-03-12,nsw,192.94
2023-03-13,nsw,193.09
2023-03-14,nsw,193.21
2023-03-15,nsw,193.47
2023-03-16,nsw,193.72
2023-03-17,nsw,193.55
2023-03-18,nsw,193.56
2023-03-19,nsw,193.39
2023-03-20,nsw,193.51
2023-03-21,nsw,193.39
2023-03-22,nsw,193.4
2023-03-23,nsw,193.27
2023-03-24,nsw,192.95
2023-03-25,nsw,192.48
2023-03-26,nsw,192.29
2023-03-27,nsw,192.03
2023-03-28,nsw,191.84
2023-03-29,nsw,191.61
2023-03-30,nsw,191.42
2023-03-31,nsw,191.31
2023-04-01,nsw,191.36
2023-04-02,nsw,191.29
2023-04-03,nsw,191.09
2023-04-04,nsw,191.11
2023-04-05,nsw,191
2023-04-06,nsw,190.83
2023-04-07,nsw,191.34
2023-04-08,nsw,191.43
2023-04-09,nsw,191.45
2023-04-10,nsw,191.93
2023-04-11,nsw,191.62
2023-04-12,nsw,191.36
2023-04-13,nsw,191.06
2023-04-14,nsw,189.98
2023-04-15,nsw,188.9
2023-04-16,nsw,188.35
2023-04-17,nsw,187.38
2023-04-18,nsw,186.98
2023-04-19,nsw,186.63
2023-04-20,nsw,186.19
2023-04-21,nsw,185.91
2023-04-22,nsw,186.17
2023-04-23,nsw,185.79
2023-04-24,nsw,185.56
2023-04-25,nsw,185.58
2023-04-26,nsw,185
2023-04-27,nsw,184.89
2023-04-28,nsw,184.63
2023-04-29,nsw,184.32
2023-04-30,nsw,184.07
2023-05-01,nsw,183.72
2023-05-02,nsw,183.42
2023-05-03,nsw,183.48
2023-05-04,nsw,183.08
2023-05-05,nsw,183.02
2023-05-06,nsw,182.86
2023-05-07,nsw,182.64
2023-05-08,nsw,182.38
2023-05-09,nsw,182.27
2023-05-10,nsw,182.31
2023-05-11,nsw,182.6
2023-05-12,nsw,182.77
2023-05-13,nsw,182.86
2023-05-14,nsw,182.94
2023-05-15,nsw,182.93
2023-05-16,nsw,182.6
2023-05-17,nsw,182.63
2023-05-18,nsw,182.73
2023-05-19,nsw,182.5
2023-05-20,nsw,182.02
2023-05-21,nsw,181.97
2023-05-22,nsw,182.1
2023-05-23,nsw,182.06
2023-05-24,nsw,181.75
2023-05-25,nsw,181.39
2023-05-26,nsw,181.2
2023-05-27,nsw,181.56
2023-05-28,nsw,181.59
2023-05-29,nsw,181.67
2023-05-30,nsw,181.77
2023-05-31,nsw,181.53
2023-06-01,nsw,181.35
2023-06-02,nsw,181.18
2023-06-03,nsw,180.66
2023-06-04,nsw,180.15
2023-06-05,nsw,179.61
2023-06-06,nsw,179.08
2023-06-07,nsw,178.25
2023-06-08,nsw,177.71
2023-06-09,nsw,177.27
2023-06-10,nsw,176.94
2023-06-11,nsw,176.81
2023-06-12,nsw,176.85
2023-06-13,nsw,176.35
2023-06-14,nsw,176.46
2023-06-15,nsw,176.29
2023-06-16,nsw,175.71
2023-06-17,nsw,175.36
2023-06-18,nsw,174.84
2023-06-19,nsw,174.14
2023-06-20,nsw,174.04
2023-06-21,nsw,173.91
2023-06-22,nsw,173.81
2023-06-23,nsw,173.61
2023-06-24,nsw,173.46
2023-06-25,nsw,173.38
2023-06-26,nsw,173.14
2023-06-27,nsw,173.1
2023-06-28,nsw,172.91
2023-06-29,nsw,172.69
2023-06-30,nsw,172.81
2023-07-01,nsw,172.69
2023-07-02,nsw,172.5
2023-07-03,nsw,172.5
2023-07-04,nsw,172.18
2023-07-05,nsw,172.37
2023-07-06,nsw,172.35
2023-07-07,nsw,172.41
2023-07-08,nsw,172.55
2023-07-09,nsw,172.76
2023-07-10,nsw,172.93
2023-07-11,nsw,173.29
2023-07-12,nsw,173.33
2023-07-13,nsw,173.6
2023-07-14,nsw,173.67
2023-07-15,nsw,173.72
2023-07-16,nsw,173.62
2023-07-17,nsw,173.59
2023-07-18,nsw,173.61
2023-07-19,nsw,173.66
2023-07-20,nsw,173.68
2023-07-21,nsw,173.55
2023-07-22,nsw,173.03
2023-07-23,nsw,172.99
2023-07-24,nsw,172.9
2023-07-25,nsw,172.87
2023-07-26,nsw,172.71
2023-07-27,nsw,172.39
2023-07-28,nsw,172.47
2023-07-29,nsw,173
2023-07-30,nsw,173.18
2023-07-31,nsw,173.36
2023-08-01,nsw,173.46
2023-08-02,nsw,173.48
2023-08-03,nsw,173.43
2023-08-04,nsw,173.39
2023-08-05,nsw,173.35
2023-08-06,nsw,173.43
2023-08-07,nsw,173.68
2023-08-08,nsw,173.68
2023-08-09,nsw,173.52
2023-08-10,nsw,173.59
2023-08-11,nsw,173.18
2023-08-12,nsw,172.53
2023-08-13,nsw,172.07
2023-08-14,nsw,171.38
2023-08-15,nsw,170.79
2023-08-16,nsw,170.7
2023-08-17,nsw,170.59
2023-08-18,nsw,170.75
2023-08-19,nsw,171.13
2023-08-20,nsw,171.27
2023-08-21,nsw,171.42
2023-08-22,nsw,171.81
2023-08-23,nsw,171.97
2023-08-24,nsw,172.13
2023-08-25,nsw,172.1
2023-08-26,nsw,172.16
2023-08-27,nsw,172.12
2023-08-28,nsw,172.07
2023-08-29,nsw,171.96
2023-08-30,nsw,171.9
2023-08-31,nsw,171.72
2023-09-01,nsw,171.58
2023-09-02,nsw,171.32
2023-09-03,nsw,171.02
2023-09-04,nsw,170.76
2023-09-05,nsw,170.64
2023-09-06,nsw,170.46
2023-09-07,nsw,170.39
2023-09-08,nsw,170.26
2023-09-09,nsw,170.04
2023-09-10,nsw,169.8
2023-09-11,nsw,169.55
2023-09-12,nsw,169.13
2023-09-13,nsw,168.61
2023-09-14,nsw,168.16
2023-09-15,nsw,167.92
2023-09-16,nsw,167.66
2023-09-17,nsw,167.47
2023-09-18,nsw,167.24
2023-09-19,nsw,167.06
2023-09-20,nsw,166.77
2023-09-21,nsw,166.64
2023-09-22,nsw,166.38
2023-09-23,nsw,166.23
2023-09-24,nsw,166.03
2023-09-25,nsw,165.92
2023-09-26,nsw,165.76
2023-09-27,nsw,165.82
2023-09-28,nsw,165.67
2023-09-29,nsw,165.72
2023-09-30,nsw,165.3
2023-10-01,nsw,164.81
2023-10-02,nsw,164.76
2023-10-03,nsw,164.23
2023-10-04,nsw,163.72
2023-10-05,nsw,162.96
2023-10-06,nsw,162.44
2023-10-07,nsw,162.3
2023-10-08,nsw,162.35
2023-10-09,nsw,162.07
2023-10-10,nsw,162.37
2023-10-11,nsw,162.72
2023-10-12,nsw,163.4
2023-10-13,nsw,163.7
2023-10-14,nsw,163.97
2023-10-15,nsw,164.3
2023-10-16,nsw,164.44
2023-10-17,nsw,164.49
2023-10-18,nsw,164.59
2023-10-19,nsw,164.43
2023-10-20,nsw,164.25
2023-10-21,nsw,163.68
2023-10-22,nsw,163.14
2023-10-23,nsw,162.66
2023-10-24,nsw,162.26
2023-10-25,nsw,161.62
2023-10-26,nsw,161.06
2023-10-27,nsw,160.55
2023-10-28,nsw,160.29
2023-10-29,nsw,159.9
2023-10-30,nsw,159.59
2023-10-31,nsw,159.2
2023-11-01,nsw,158.9
2023-11-02,nsw,158.62
2023-11-03,nsw,158.41
2023-11-04,nsw,158.3
2023-11-05,nsw,158.11
2023-11-06,nsw,157.91
2023-11-07,nsw,157.6
2023-11-08,nsw,157.43
2023-11-09,nsw,157.16
2023-11-10,nsw,156.68
2023-11-11,nsw,156
2023-11-12,nsw,155.43
2023-11-13,nsw,154.95
2023-11-14,nsw,154.63
2023-11-15,nsw,154.19
2023-11-16,nsw,153.69
2023-11-17,nsw,153.4
2023-11-18,nsw,153.12
2023-11-19,nsw,152.98
2023-11-20,nsw,152.8
2023-11-21,nsw,152.55
2023-11-22,nsw,152.09
2023-11-23,nsw,151.79
2023-11-24,nsw,151.17
2023-11-25,nsw,150.83
2023-11-26,nsw,150.3
2023-11-27,nsw,149.89
2023-11-28,nsw,149.46
2023-11-29,nsw,149.29
2023-11-30,nsw,148.87
2023-12-01,nsw,148.65
2023-12-02,nsw,148.15
2023-12-03,nsw,147.8
2023-12-04,nsw,147.44
2023-12-05,nsw,147.11
2023-12-06,nsw,146.73
2023-12-07,nsw,146.61
2023-12-08,nsw,146.5
2023-12-09,nsw,146.42
2023-12-10,nsw,146.38
2023-12-11,nsw,146.46
2023-12-12,nsw,146.4
2023-12-13,nsw,145.99
2023-12-14,nsw,145.96
2023-12-15,nsw,145.84
2023-12-16,nsw,145.71
2023-12-17,nsw,145.51
2023-12-18,nsw,145.2
2023-12-19,nsw,144.97
2023-12-20,nsw,145.12
2023-12-21,nsw,144.96
2023-12-22,nsw,144.91
2023-12-23,nsw,144.91
2023-12-24,nsw,145.13
2023-12-25,nsw,145.77
2023-12-26,nsw,146.24
2023-12-27,nsw,146.48
2023-12-28,nsw,146.77
2023-12-29,nsw,147.02
2023-12-30,nsw,147.26
2023-12-31,nsw,147.42
2024-01-01,nsw,147.55
2024-01-02,nsw,147.59
2024-01-03,nsw,147.75
2024-01-04,nsw,147.93
2024-01-05,nsw,148.39
2024-01-06,nsw,148.88
2024-01-07,nsw,148.97
2024-01-08,nsw,148.84
2024-01-09,nsw,148.98
2024-01-10,nsw,149.28
2024-01-11,nsw,149.75
2024-01-12,nsw,150.05
2024-01-13,nsw,150
2024-01-14,nsw,150.27
2024-01-15,nsw,150.28
2024-01-16,nsw,150.37
2024-01-17,nsw,150.38
2024-01-18,nsw,150.11
2024-01-19,nsw,149.89
2024-01-20,nsw,149.93
2024-01-21,nsw,149.93
2024-01-22,nsw,149.74
2024-01-23,nsw,149.43
2024-01-24,nsw,149.17
2024-01-25,nsw,149
2024-01-26,nsw,149.05
2024-01-27,nsw,148.97
2024-01-28,nsw,148.9
2024-01-29,nsw,148.93
2024-01-30,nsw,149.18
2024-01-31,nsw,149.38
2024-02-01,nsw,149.52
2024-02-02,nsw,149.27
2024-02-03,nsw,149.34
2024-02-04,nsw,149.26
2024-02-05,nsw,149.4
2024-02-06,nsw,149.32
2024-02-07,nsw,149.31
2024-02-08,nsw,149.44
2024-02-09,nsw,149.62
2024-02-10,nsw,149.53
2024-02-11,nsw,149.49
2024-02-12,nsw,149.38
2024-02-13,nsw,149.51
2024-02-14,nsw,149.38
2024-02-15,nsw,149.38
2024-02-16,nsw,149.2
2024-02-17,nsw,148.63
2024-02-18,nsw,148.61
2024-02-19,nsw,148.64
2024-02-20,nsw,148.55
2024-02-21,nsw,148.65
2024-02-22,nsw,148.67
2024-02-23,nsw,148.81
2024-02-24,nsw,149.67
2024-02-25,nsw,150.08
2024-02-26,nsw,150.54
2024-02-27,nsw,150.99
2024-02-28,nsw,151.49
2024-02-29,nsw,151.86
2024-03-01,nsw,152.33
2024-03-02,nsw,152.42
2024-03-03,nsw,152.63
2024-03-04,nsw,152.85
2024-03-05,nsw,152.9
2024-03-06,nsw,152.82
2024-03-07,nsw,152.69
2024-03-08,nsw,152.51
2024-03-09,nsw,152.7
2024-03-10,nsw,152.3
2024-03-11,nsw,151.88
2024-03-12,nsw,151.42
2024-03-13,nsw,151.07
2024-03-14,nsw,150.73
2024-03-15,nsw,150.42
2024-03-16,nsw,150.21
2024-03-17,nsw,150.46
2024-03-18,nsw,150.68
2024-03-19,nsw,151.17
2024-03-20,nsw,151.49
2024-03-21,nsw,151.79
2024-03-22,nsw,151.98
2024-03-23,nsw,152.03
2024-03-24,nsw,151.96
2024-03-25,nsw,151.96
2024-03-26,nsw,151.73
2024-03-27,nsw,151.65
2024-03-28,nsw,150.72
2024-03-29,nsw,150.42
2024-03-30,nsw,149.43
2024-03-31,nsw,148.46
2024-04-01,nsw,147.64
2024-04-02,nsw,146.73
2024-04-03,nsw,145.59
2024-04-04,nsw,145.5
2024-04-05,nsw,144.75
2024-04-06,nsw,144.78
2024-04-07,nsw,145
2024-04-08,nsw,145
2024-04-09,nsw,145.2
2024-04-10,nsw,145.67
2024-04-11,nsw,146.06
2024-04-12,nsw,146.64
2024-04-13,nsw,147.08
2024-04-14,nsw,147.6
2024-04-15,nsw,148.06
2024-04-16,nsw,148.25
2024-04-17,nsw,148.48
2024-04-18,nsw,148.55
2024-04-19,nsw,148.64
2024-04-20,nsw,148.07
2024-04-21,nsw,147.79
2024-04-22,nsw,147.42
2024-04-23,nsw,147.43
2024-04-24,nsw,147.08
2024-04-25,nsw,147.39
2024-04-26,nsw,147.46
2024-04-27,nsw,148.28
2024-04-28,nsw,148.49
2024-04-29,nsw,148.67
2024-04-30,nsw,148.81
2024-05-01,nsw,149.02
2024-05-02,nsw,148.63
2024-05-03,nsw,148.35
2024-05-04,nsw,148.16
2024-05-05,nsw,147.97
2024-05-06,nsw,147.88
2024-05-07,nsw,147.46
2024-05-08,nsw,147.3
2024-05-09,nsw,147.04
2024-05-10,nsw,146.87
2024-05-11,nsw,146.45
2024-05-12,nsw,146.24
2024-05-13,nsw,145.77
2024-05-14,nsw,146.04
2024-05-15,nsw,146.27
2024-05-16,nsw,146.78
2024-05-17,nsw,147.01
2024-05-18,nsw,146.77
2024-05-19,nsw,146.2
2024-05-20,nsw,145.83
2024-05-21,nsw,145.03
2024-05-22,nsw,144.95
2024-05-23,nsw,144.66
2024-05-24,nsw,144.48
2024-05-25,nsw,145
2024-05-26,nsw,145.62
2024-05-27,nsw,146.13
2024-05-28,nsw,146.78
2024-05-29,nsw,146.68
2024-05-30,nsw,146.74
2024-05-31,nsw,146.96
2024-06-01,nsw,147.1
2024-06-02,nsw,147.14
2024-06-03,nsw,147.32
2024-06-04,nsw,147.27
2024-06-05,nsw,147.32
2024-06-06,nsw,147.14
2024-06-07,nsw,147.09
2024-06-08,nsw,147.2
2024-06-09,nsw,147.47
2024-06-10,nsw,147.77
2024-06-11,nsw,147.55
2024-06-12,nsw,147.33
2024-06-13,nsw,147.41
2024-06-14,nsw,147.48
2024-06-15,nsw,146.97
2024-06-16,nsw,146.86
2024-06-17,nsw,146.57
2024-06-18,nsw,146.98
2024-06-19,nsw,147.04
2024-06-20,nsw,147.16
2024-06-21,nsw,147.17
2024-06-22,nsw,147.46
2024-06-23,nsw,147.4
2024-06-24,nsw,147.36
2024-06-25,nsw,147.21
2024-06-26,nsw,147.18
2024-06-27,nsw,146.98
2024-06-28,nsw,146.75
2024-06-29,nsw,146.55
2024-06-30,nsw,146.4
2024-07-01,nsw,146.25
2024-07-02,nsw,146.04
2024-07-03,nsw,146.01
2024-07-04,nsw,145.98
2024-07-05,nsw,145.92
2024-07-06,nsw,145.81
2024-07-07,nsw,145.62
2024-07-08,nsw,145.47
2024-07-09,nsw,145.34
2024-07-10,nsw,145.07
2024-07-11,nsw,144.76
2024-07-12,nsw,144.51
2024-07-13,nsw,144.34
2024-07-14,nsw,144.31
2024-07-15,nsw,144.17
2024-07-16,nsw,144.34
2024-07-17,nsw,144.57
2024-07-18,nsw,144.74
2024-07-19,nsw,144.92
2024-07-20,nsw,144.39
2024-07-21,nsw,144.43
2024-07-22,nsw,144.61
2024-07-23,nsw,144.45
2024-07-24,nsw,144.32
2024-07-25,nsw,144.18
2024-07-26,nsw,144.05
2024-07-27,nsw,144.75
2024-07-28,nsw,144.69
2024-07-29,nsw,144.56
2024-07-30,nsw,144.52
2024-07-31,nsw,144.39
2024-08-01,nsw,144.21
2024-08-02,nsw,144.08
2024-08-03,nsw,143.69
2024-08-04,nsw,143.26
2024-08-05,nsw,143.01
2024-08-06,nsw,142.8
2024-08-07,nsw,142.33
2024-08-08,nsw,142.03
2024-08-09,nsw,141.89
2024-08-10,nsw,141.66
2024-08-11,nsw,141.76
2024-08-12,nsw,141.81
2024-08-13,nsw,141.8
2024-08-14,nsw,142.06
2024-08-15,nsw,142.29
2024-08-16,nsw,142.38
2024-08-17,nsw,142.68
2024-08-18,nsw,142.68
2024-08-19,nsw,142.66
2024-08-20,nsw,142.67
2024-08-21,nsw,142.9
2024-08-22,nsw,142.97
2024-08-23,nsw,143.1
2024-08-24,nsw,143.19
2024-08-25,nsw,143.29
2024-08-26,nsw,143.39
2024-08-27,nsw,143.54
2024-08-28,nsw,143.46
2024-08-29,nsw,143.65
2024-08-30,nsw,143.68
2024-08-31,nsw,143.87
2024-09-01,nsw,144.13
2024-09-02,nsw,144.28
2024-09-03,nsw,144.41
2024-09-04,nsw,144.69
2024-09-05,nsw,144.82
2024-09-06,nsw,144.97
2024-09-07,nsw,144.98
2024-09-08,nsw,144.91
2024-09-09,nsw,144.83
2024-09-10,nsw,144.83
2024-09-11,nsw,144.64
2024-09-12,nsw,144.6
2024-09-13,nsw,144.7
2024-09-14,nsw,144.96
2024-09-15,nsw,145.27
2024-09-16,nsw,145.55
2024-09-17,nsw,145.67
2024-09-18,nsw,145.99
2024-09-19,nsw,146.03
2024-09-20,nsw,145.87
2024-09-21,nsw,145.72
2024-09-22,nsw,145.43
2024-09-23,nsw,145.11
2024-09-24,nsw,144.89
2024-09-25,nsw,144.64
2024-09-26,nsw,144.53
2024-09-27,nsw,144.5
2024-09-28,nsw,144.13
2024-09-29,nsw,144.08
2024-09-30,nsw,144.24
2024-10-01,nsw,144.24
2024-10-02,nsw,144.23
2024-10-03,nsw,144.22
2024-10-04,nsw,144.29
2024-10-05,nsw,144.52
2024-10-06,nsw,144.63
2024-10-07,nsw,144.9
2024-10-08,nsw,145
2024-10-09,nsw,144.89
2024-10-10,nsw,144.71
2024-10-11,nsw,144.56
2024-10-12,nsw,144.43
2024-10-13,nsw,144.33
2024-10-14,nsw,143.91
2024-10-15,nsw,144.02
2024-10-16,nsw,144.14
2024-10-17,nsw,144.41
2024-10-18,nsw,144.13
2024-10-19,nsw,144.1
2024-10-20,nsw,144.08
2024-10-21,nsw,144.3
2024-10-22,nsw,144.21
2024-10-23,nsw,144.42
2024-10-24,nsw,144.54
2024-10-25,nsw,145.11
2024-10-26,nsw,145.34
2024-10-27,nsw,145.46
2024-10-28,nsw,145.36
2024-10-29,nsw,145.44
2024-10-30,nsw,145.36
2024-10-31,nsw,145.48
2024-11-01,nsw,145.53
2024-11-02,nsw,145.67
2024-11-03,nsw,145.72
2024-11-04,nsw,145.84
2024-11-05,nsw,145.93
2024-11-06,nsw,145.9
2024-11-07,nsw,145.73
2024-11-08,nsw,145.34
2024-11-09,nsw,145.16
2024-11-10,nsw,144.96
2024-11-11,nsw,144.8
2024-11-12,nsw,144.64
2024-11-13,nsw,144.63
2024-11-14,nsw,144.7
2024-11-15,nsw,145.07
2024-11-16,nsw,145.09
2024-11-17,nsw,145.24
2024-11-18,nsw,145.3
2024-11-19,nsw,145.37
2024-11-20,nsw,145.29
2024-11-21,nsw,145.24
2024-11-22,nsw,145.1
2024-11-23,nsw,145.01
2024-11-24,nsw,144.97
2024-11-25,nsw,144.83
2024-11-26,nsw,144.8
2024-11-27,nsw,144.93
2024-11-28,nsw,145.05
2024-11-29,nsw,145.21
2024-11-30,nsw,145.29
2024-12-01,nsw,145.15
2024-12-02,nsw,145.2
2024-12-03,nsw,144.93
2024-12-04,nsw,144.5
2024-12-05,nsw,143.85
2024-12-06,nsw,143.17
2024-12-07,nsw,142.48
2024-12-08,nsw,142.02
2024-12-09,nsw,141.76
2024-12-10,nsw,141.67
2024-12-11,nsw,141.85
2024-12-12,nsw,141.91
2024-12-13,nsw,141.99
2024-12-14,nsw,141.84
2024-12-15,nsw,142.1
2024-12-16,nsw,142.33
2024-12-17,nsw,142.56
2024-12-18,nsw,142.58
2024-12-19,nsw,142.78
2024-12-20,nsw,142.95
2024-12-21,nsw,143.58
2024-12-22,nsw,143.87
2024-12-23,nsw,144.19
2024-12-24,nsw,144.65
2024-12-25,nsw,145.03
2024-12-26,nsw,145.2
2024-12-27,nsw,145.4
2024-12-28,nsw,145.35
2024-12-29,nsw,145.32
2024-12-30,nsw,145.53
2024-12-31,nsw,145.67
2025-01-01,nsw,145.56
2025-01-02,nsw,145.53
2025-01-03,nsw,145.56
2025-01-04,nsw,145.68
2025-01-05,nsw,145.61
2025-01-06,nsw,145.36
2025-01-07,nsw,145.26
2025-01-08,nsw,145.57
2025-01-09,nsw,146.08
2025-01-10,nsw,146.63
2025-01-11,nsw,146.97
2025-01-12,nsw,147.36
2025-01-13,nsw,147.53
2025-01-14,nsw,147.58
2025-01-15,nsw,147.45
2025-01-16,nsw,146.99
2025-01-17,nsw,146.67
2025-01-18,nsw,146.36
2025-01-19,nsw,146.04
2025-01-20,nsw,145.63
2025-01-21,nsw,145.06
2025-01-22,nsw,144.65
2025-01-23,nsw,144.61
2025-01-24,nsw,144.5
2025-01-25,nsw,144.67
2025-01-26,nsw,145
2025-01-27,nsw,145.61
2025-01-28,nsw,145.87
2025-01-29,nsw,145.86
2025-01-30,nsw,145.75
2025-01-31,nsw,145.56
2025-02-01,nsw,145.21
2025-02-02,nsw,144.72
2025-02-03,nsw,143.97
2025-02-04,nsw,143.61
2025-02-05,nsw,143.63
2025-02-06,nsw,143.61
2025-02-07,nsw,143.39
2025-02-08,nsw,143.33
2025-02-09,nsw,143.16
2025-02-10,nsw,142.98
2025-02-11,nsw,142.84
2025-02-12,nsw,142.5
2025-02-13,nsw,142.27
2025-02-14,nsw,142.1
2025-02-15,nsw,141.25
2025-02-16,nsw,141.12
2025-02-17,nsw,140.99
2025-02-18,nsw,140.88
2025-02-19,nsw,140.74
2025-02-20,nsw,140.46
2025-02-21,nsw,140.27
2025-02-22,nsw,140.84
2025-02-23,nsw,140.63
2025-02-24,nsw,140.43
2025-02-25,nsw,140.16
2025-02-26,nsw,139.88
2025-02-27,nsw,139.74
2025-02-28,nsw,139.54
2025-03-01,nsw,139.11
2025-03-02,nsw,138.74
2025-03-03,nsw,138.51
2025-03-04,nsw,138.2
2025-03-05,nsw,137.88
2025-03-06,nsw,137.49
2025-03-07,nsw,137.39
2025-03-08,nsw,137.31
2025-03-09,nsw,137.33
2025-03-10,nsw,137.02
2025-03-11,nsw,136.78
2025-03-12,nsw,136.61
2025-03-13,nsw,136.4
2025-03-14,nsw,136.04
2025-03-15,nsw,135.8
2025-03-16,nsw,135.67
2025-03-17,nsw,135.61
2025-03-18,nsw,135.83
2025-03-19,nsw,136.13
2025-03-20,nsw,136.51
2025-03-21,nsw,137.02
2025-03-22,nsw,137.46
2025-03-23,nsw,137.72
2025-03-24,nsw,138.06
2025-03-25,nsw,138.17
2025-03-26,nsw,138.21
2025-03-27,nsw,138.26
2025-03-28,nsw,138.32
2025-03-29,nsw,138.45
2025-03-30,nsw,138.62
2025-03-31,nsw,138.76
2025-04-01,nsw,138.85
2025-04-02,nsw,138.96
2025-04-03,nsw,139.11
2025-04-04,nsw,139.23
2025-04-05,nsw,139.31
2025-04-06,nsw,139.45
2025-04-07,nsw,139.75
2025-04-08,nsw,140.05
2025-04-09,nsw,140.29
2025-04-10,nsw,140.46
2025-04-11,nsw,140.49
2025-04-12,nsw,140.56
2025-04-13,nsw,140.64
2025-04-14,nsw,140.43
2025-04-15,nsw,140.41
2025-04-16,nsw,140.25
2025-04-17,nsw,139.95
2025-04-18,nsw,140.04
2025-04-19,nsw,139.48
2025-04-20,nsw,138.92
2025-04-21,nsw,138.75
2025-04-22,nsw,138.02
2025-04-23,nsw,137.54
2025-04-24,nsw,136.97
2025-04-25,nsw,136.18
2025-04-26,nsw,135.63
2025-04-27,nsw,135.33
2025-04-28,nsw,134.72
2025-04-29,nsw,134.34
2025-04-30,nsw,133.91
2025-05-01,nsw,133.55
2025-05-02,nsw,133.12
2025-05-03,nsw,133.32
2025-05-04,nsw,133.36
2025-05-05,nsw,133.58
2025-05-06,nsw,134.02
2025-05-07,nsw,134.42
2025-05-08,nsw,134.91
2025-05-09,nsw,135.34
2025-05-10,nsw,135.66
2025-05-11,nsw,135.75
2025-05-12,nsw,135.92
2025-05-13,nsw,135.92
2025-05-14,nsw,135.73
2025-05-15,nsw,135.5
2025-05-16,nsw,135.49
2025-05-17,nsw,134.97
2025-05-18,nsw,135.21
2025-05-19,nsw,135.37
2025-05-20,nsw,135.71
2025-05-21,nsw,136.22
2025-05-22,nsw,136.73
2025-05-23,nsw,137.01
2025-05-24,nsw,137.74
2025-05-25,nsw,137.74
2025-05-26,nsw,137.55
2025-05-27,nsw,137.31
2025-05-28,nsw,137.18
2025-05-29,nsw,137.07
2025-05-30,nsw,136.84
2025-05-31,nsw,136.58
2025-06-01,nsw,136.3
2025-06-02,nsw,136.2
2025-06-03,nsw,136.11
2025-06-04,nsw,135.95
2025-06-05,nsw,135.83
2025-06-06,nsw,135.87
2025-06-07,nsw,136.01
2025-06-08,nsw,136.16
2025-06-09,nsw,136.25
2025-06-10,nsw,136.09
2025-06-11,nsw,136
2025-06-12,nsw,136.04
2025-06-13,nsw,136.05
2025-06-14,nsw,135.92
2025-06-15,nsw,136.22
2025-06-16,nsw,136.44
2025-06-17,nsw,136.87
2025-06-18,nsw,137.27
2025-06-19,nsw,137.7
2025-06-20,nsw,138.05
2025-06-21,nsw,138.48
2025-06-22,nsw,138.58
2025-06-23,nsw,138.8
2025-06-24,nsw,139.1
2025-06-25,nsw,139.43
2025-06-26,nsw,139.62
2025-06-27,nsw,139.83
2025-06-28,nsw,140.01
2025-06-29,nsw,140.17
2025-06-30,nsw,140.23
2025-07-01,nsw,140.13
2025-07-02,nsw,140.05
2025-07-03,nsw,140.01
2025-07-04,nsw,139.93
2025-07-05,nsw,139.88
2025-07-06,nsw,139.82
2025-07-07,nsw,139.78
2025-07-08,nsw,139.75
2025-07-09,nsw,139.68
2025-07-10,nsw,139.69
2025-07-11,nsw,139.79
2025-07-12,nsw,139.83
2025-07-13,nsw,139.93
2025-07-14,nsw,139.98
2025-07-15,nsw,140.64
2025-07-16,nsw,141.25
2025-07-17,nsw,141.77
2025-07-18,nsw,142.16
2025-07-19,nsw,142.24
2025-07-20,nsw,142.66
2025-07-21,nsw,143.06
2025-07-22,nsw,143.11
2025-07-23,nsw,142.9
2025-07-24,nsw,142.73
2025-07-25,nsw,142.38
2025-07-26,nsw,142.45
2025-07-27,nsw,142.07
2025-07-28,nsw,141.56
2025-07-29,nsw,140.92
2025-07-30,nsw,140.49
2025-07-31,nsw,139.94
2025-08-01,nsw,139.55
2025-08-02,nsw,139.15
2025-08-03,nsw,138.86
2025-08-04,nsw,138.74
2025-08-05,nsw,138.51
2025-08-06,nsw,137.99
2025-08-07,nsw,137.71
2025-08-08,nsw,137.5
2025-08-09,nsw,137.26
2025-08-10,nsw,137.23
2025-08-11,nsw,137.18
2025-08-12,nsw,137.24
2025-08-13,nsw,137.59
2025-08-14,nsw,137.85
2025-08-15,nsw,138.03
2025-08-16,nsw,138.32
2025-08-17,nsw,138.27
2025-08-18,nsw,138.21
2025-08-19,nsw,138.18
2025-08-20,nsw,138.26
2025-08-21,nsw,138.3
2025-08-22,nsw,138.44
2025-08-23,nsw,138.4
2025-08-24,nsw,138.5
2025-08-25,nsw,138.6
2025-08-26,nsw,138.51
2025-08-27,nsw,138.45
2025-08-28,nsw,138.55
2025-08-29,nsw,138.4
2025-08-30,nsw,138.33
2025-08-31,nsw,138.18
2025-09-01,nsw,137.96
2025-09-02,nsw,137.95
2025-09-03,nsw,137.88
2025-09-04,nsw,137.59
2025-09-05,nsw,137.56
2025-09-06,nsw,137.53
2025-09-07,nsw,137.51
2025-09-08,nsw,137.58
2025-09-09,nsw,137.55
2025-09-10,nsw,137.62
2025-09-11,nsw,137.71
2025-09-12,nsw,137.74
2025-09-13,nsw,137.47
2025-09-14,nsw,137.15
2025-09-15,nsw,136.92
2025-09-16,nsw,136.78
2025-09-17,nsw,136.5
2025-09-18,nsw,136.43
2025-09-19,nsw,136.23
2025-09-20,nsw,136.41
2025-09-21,nsw,136.68
2025-09-22,nsw,136.83
2025-09-23,nsw,136.89
2025-09-24,nsw,137
2025-09-25,nsw,137.01
2025-09-26,nsw,137.11
2025-09-27,nsw,137.11
2025-09-28,nsw,137.15
2025-09-29,nsw,137.27
2025-09-30,nsw,137.55
2025-10-01,nsw,137.69
2025-10-02,nsw,137.94
2025-10-03,nsw,138.24
2025-10-04,nsw,138.4
2025-10-05,nsw,138.64
2025-10-06,nsw,139.01
2025-10-07,nsw,138.89
2025-10-08,nsw,138.95
2025-10-09,nsw,138.71
2025-10-10,nsw,138.61
2025-10-11,nsw,138.57
2025-10-12,nsw,138.52
2025-10-13,nsw,138.29
2025-10-14,nsw,138.46
2025-10-15,nsw,138.75
2025-10-16,nsw,138.98
2025-10-17,nsw,139.03
2025-10-18,nsw,139.1
2025-10-19,nsw,139.16
2025-10-20,nsw,139.31
2025-10-21,nsw,139.34
2025-10-22,nsw,139.18
2025-10-23,nsw,139.25
2025-10-24,nsw,139.28
2025-10-25,nsw,139.28
2025-10-26,nsw,139.35
2025-10-27,nsw,139.37
2025-10-28,nsw,139.43
2025-10-29,nsw,139.47
2025-10-30,nsw,139.29
2025-10-31,nsw,139.22
2025-11-01,nsw,139.08
2025-11-02,nsw,138.91
2025-11-03,nsw,138.68
2025-11-04,nsw,138.36
2025-11-05,nsw,138.03
2025-11-06,nsw,137.9
2025-11-07,nsw,137.7
2025-11-08,nsw,137.72
2025-11-09,nsw,137.58
2025-11-10,nsw,137.53
2025-11-11,nsw,137.57
2025-11-12,nsw,137.6
2025-11-13,nsw,137.48
2025-11-14,nsw,137.36
2025-11-15,nsw,137.18
2025-11-16,nsw,136.84
2025-11-17,nsw,136.6
2025-11-18,nsw,136.5
2025-11-19,nsw,136.17
2025-11-20,nsw,136.11
2025-11-21,nsw,136.13
2025-11-22,nsw,136.14
2025-11-23,nsw,136.16
2025-11-24,nsw,136.05
2025-11-25,nsw,135.76
2025-11-26,nsw,135.8
2025-11-27,nsw,135.71
2025-11-28,nsw,135.59
2025-11-29,nsw,135.51
2025-11-30,nsw,135.45
2025-12-01,nsw,135.33
2025-12-02,nsw,135.14
2025-12-03,nsw,135.01
2025-12-04,nsw,134.78
2025-12-05,nsw,134.55
2025-12-06,nsw,134.23
2025-12-07,nsw,134
2025-12-08,nsw,133.96
2025-12-09,nsw,133.92
2025-12-10,nsw,133.76
2025-12-11,nsw,133.83
2025-12-12,nsw,133.64
2025-12-13,nsw,133.53
2025-12-14,nsw,133.56
2025-12-15,nsw,133.5
2025-12-16,nsw,133.62
2025-12-17,nsw,133.77
2025-12-18,nsw,133.65
2025-12-19,nsw,133.85
2025-12-20,nsw,134.09
2025-12-21,nsw,134.22
2025-12-22,nsw,134.61
2025-12-23,nsw,135
2025-12-24,nsw,135.32
2025-12-25,nsw,135.77
2025-12-26,nsw,136
2025-12-27,nsw,136.09
2025-12-28,nsw,136.29
2025-12-29,nsw,136.6
2025-12-30,nsw,136.92
2025-12-31,nsw,137.22
2026-01-01,nsw,137.18
2026-01-02,nsw,137.11
2026-01-03,nsw,136.5
2026-01-04,nsw,135.89
2026-01-05,nsw,135.27
2026-01-06,nsw,135.05
2026-01-07,nsw,135.49
2026-01-08,nsw,136.12
2026-01-09,nsw,137.16
2026-01-10,nsw,138.11
2026-01-11,nsw,138.91
2026-01-12,nsw,139.19
2026-01-13,nsw,139.37
2026-01-14,nsw,139.43
2026-01-15,nsw,139.74
2026-01-16,nsw,140.13
2026-01-17,nsw,140.65
2026-01-18,nsw,141.19
2026-01-19,nsw,141.87
2026-01-20,nsw,142.46
2026-01-21,nsw,142.99
2026-01-22,nsw,143.75
2026-01-23,nsw,144.46
2026-01-24,nsw,145.15
2026-01-25,nsw,145.73
2026-01-26,nsw,146.31
2026-01-27,nsw,146.65
2026-01-28,nsw,146.92
2026-01-29,nsw,146.97
2026-01-30,nsw,146.88
2026-01-31,nsw,146.9
2026-02-01,nsw,147.08
2026-02-02,nsw,147.06
2026-02-03,nsw,147.17
2026-02-04,nsw,147.01
2026-02-05,nsw,146.97
2026-02-06,nsw,146.89
2026-02-07,nsw,146.82
2026-02-08,nsw,146.81
2026-02-09,nsw,147
2026-02-10,nsw,147.37
2026-02-11,nsw,148.03
2026-02-12,nsw,148.52
2026-02-13,nsw,148.89
2026-02-14,nsw,149.33
2026-02-15,nsw,149.78
2026-02-16,nsw,150.24
2026-02-17,nsw,150.79
2026-02-18,nsw,151.22
2026-02-19,nsw,151.78
2026-02-20,nsw,152.49
2026-02-21,nsw,153.2
2026-02-22,nsw,153.72
2026-02-23,nsw,154.1
2026-02-24,nsw,154.43
2026-02-25,nsw,154.83
2026-02-26,nsw,154.99
2026-02-27,nsw,155.17
2026-02-28,nsw,155.1
2026-03-01,nsw,155.17
2026-03-02,nsw,155.4
2026-03-03,nsw,155.39
2026-03-04,nsw,155.43
2026-03-05,nsw,155.33
2026-03-06,nsw,155.04
2026-03-07,nsw,154.83
2026-03-08,nsw,154.53
2026-03-09,nsw,154.26
2026-03-10,nsw,153.42
2026-03-11,nsw,152.18
2026-03-12,nsw,150.95
2026-03-13,nsw,149.92
2026-03-14,nsw,148.93
2026-03-15,nsw,148.09
2026-03-16,nsw,147.34
2026-03-17,nsw,146.82
2026-03-18,nsw,146.61
2026-03-19,nsw,146.55
2026-03-20,nsw,146.42
2026-03-21,nsw,146.27
2026-03-22,nsw,145.93
2026-03-23,nsw,145.4
2026-03-24,nsw,145.05
2026-03-25,nsw,144.72
2026-03-26,nsw,144.2
2026-03-27,nsw,143.56
2026-03-28,nsw,142.96
2026-03-29,nsw,142.61
2026-03-30,nsw,142.37
2026-03-31,nsw,142.03
2026-04-01,nsw,141.57
2026-04-02,nsw,141.42
2026-04-03,nsw,141.35
2026-04-04,nsw,141.12
2026-04-05,nsw,140.72
2026-04-06,nsw,140.35
2026-04-07,nsw,139.76
2026-04-08,nsw,139.35
2026-04-09,nsw,138.66
2026-04-10,nsw,138.16
2026-04-11,nsw,137.89
2026-04-12,nsw,137.51
2026-04-13,nsw,137.09
2026-04-14,nsw,137.3
2026-04-15,nsw,137.48
2026-04-16,nsw,137.67
2026-04-17,nsw,137.56
2026-04-18,nsw,137.61
2026-04-19,nsw,137.73
2026-04-20,nsw,137.95
2026-04-21,nsw,138.03
2026-04-22,nsw,138.45
2026-04-23,nsw,138.87
2026-04-24,nsw,139.43
2026-04-25,nsw,139.92
2026-04-26,nsw,140.76
2026-04-27,nsw,141.52
2026-04-28,nsw,141.86
2026-04-29,nsw,141.78
2026-04-30,nsw,141.93
2026-05-01,nsw,141.92
2026-05-02,nsw,141.69
2026-05-03,nsw,141.14
2026-05-04,nsw,140.89
2026-05-05,nsw,141.08
2026-05-06,nsw,141.22
2026-05-07,nsw,141.11
2026-05-08,nsw,141.18
2026-05-09,nsw,141.17
2026-05-10,nsw,141.18
2026-05-11,nsw,140.87
2026-05-12,nsw,140.7
2026-05-13,nsw,140.4
2026-05-14,nsw,140.1
2026-05-15,nsw,139.76
2026-05-16,nsw,139.64
2026-05-17,nsw,139.61
2026-05-18,nsw,139.67
2026-05-19,nsw,139.53
2026-05-20,nsw,139.67
2026-05-21,nsw,139.65
2026-05-22,nsw,139.05
2026-05-23,nsw,138.41
2026-05-24,nsw,137.56
2026-05-25,nsw,136.52
2026-05-26,nsw,135.52
2026-05-27,nsw,134.28
2026-05-28,nsw,133.54
2026-05-29,nsw,133.21
2026-05-30,nsw,133.15
2026-05-31,nsw,132.61
2026-06-01,nsw,132.43
2026-06-02,nsw,132.12
2026-06-03,nsw,131.93
2026-06-04,nsw,131.49
2026-06-05,nsw,131.34
2026-06-06,nsw,131.22
2026-06-07,nsw,131.61
2026-06-08,nsw,131.3
2026-06-09,nsw,130.85
2026-06-10,nsw,130.4
2026-06-11,nsw,130.06
2026-06-12,nsw,130.08
2026-06-13,nsw,130.13
2026-06-14,nsw,129.73
2026-06-15,nsw,130.23
2026-06-16,nsw,130.84
2026-06-17,nsw,131.49
2026-06-18,nsw,132.07
2026-06-19,nsw,132.39
2026-06-20,nsw,132.57
2026-06-21,nsw,132.83
2026-06-22,nsw,132.94
2026-06-23,nsw,132.92
2026-06-24,nsw,132.83
2026-06-25,nsw,132.75
2026-06-26,nsw,132.35
2026-06-27,nsw,132.18
2026-06-28,nsw,132.05
2026-06-29,nsw,131.53
2026-06-30,nsw,131.13
2026-07-01,nsw,130.72
2026-07-02,nsw,130.44
2026-07-03,nsw,130.67
2026-07-04,nsw,130.9
2026-07-05,nsw,131.09
2026-07-06,nsw,131.33
2026-07-07,nsw,131.62
2026-07-08,nsw,131.96
2026-07-09,nsw,132.19
2026-07-10,nsw,132.02
2026-07-11,nsw,131.71
2026-07-12,nsw,131.49
2026-07-13,nsw,131.34
2026-07-14,nsw,131.79
2026-07-15,nsw,132.34
2026-07-16,nsw,132.8
2026-07-17,nsw,133.14
2026-07-18,nsw,133.35
2026-07-19,nsw,133.57
2026-07-20,nsw,133.82
2026-07-21,nsw,133.39
2026-07-22,nsw,132.87
2026-07-23,nsw,132.22
2026-07-24,nsw,131.76
2026-07-25,nsw,131.31
2026-07-26,nsw,130.77
2026-07-27,nsw,130.24
2026-07-28,nsw,129.6
2026-07-29,nsw,128.93
2026-07-30,nsw,128.41
2026-07-31,nsw,127.77
2026-08-01,nsw,127.37
2026-08-02,nsw,127.27
2026-08-03,nsw,127.01
2026-08-04,nsw,126.83
2026-08-05,nsw,126.68
2026-08-06,nsw,126.6
2026-08-07,nsw,126.58
2026-08-08,nsw,126.4
2026-08-09,nsw,126.37
2026-08-10,nsw,126.58
2026-08-11,nsw,126.97
2026-08-12,nsw,127.54
2026-08-13,nsw,128.07
2026-08-14,nsw,128.72
2026-08-15,nsw,129.42
2026-08-16,nsw,129.62
2026-08-17,nsw,129.82
2026-08-18,nsw,130.04
2026-08-19,nsw,130.03
2026-08-20,nsw,130.13
2026-08-21,nsw,130.19
2026-08-22,nsw,130.32
2026-08-23,nsw,130.57
2026-08-24,nsw,130.73
2026-08-25,nsw,130.79
2026-08-26,nsw,130.77
2026-08-27,nsw,130.57
2026-08-28,nsw,130.19
2026-08-29,nsw,129.89
2026-08-30,nsw,129.54
2026-08-31,nsw,129.24
2026-09-01,nsw,129.05
2026-09-02,nsw,129.39
2026-09-03,nsw,130.01
2026-09-04,nsw,130.6
2026-09-05,nsw,131.79
2026-09-06,nsw,132.77
2026-09-07,nsw,133.78
2026-09-08,nsw,134.78
2026-09-09,nsw,135.16
2026-09-10,nsw,135.55
2026-09-11,nsw,136.21
2026-09-12,nsw,136.2
2026-09-13,nsw,136.3
2026-09-14,nsw,136.41
2026-09-15,nsw,136.69
2026-09-16,nsw,137.1
2026-09-17,nsw,137.39
2026-09-18,nsw,137.27
2020-02-01,nt,100
2020-02-02,nt,99.7
2020-02-03,nt,99.12
2020-02-04,nt,99.07
2020-02-05,nt,99.57
2020-02-06,nt,100.15
2020-02-07,nt,99.94
2020-02-08,nt,99.97
2020-02-09,nt,100.22
2020-02-10,nt,100.35
2020-02-11,nt,100.35
2020-02-12,nt,100.43
2020-02-13,nt,100.74
2020-02-14,nt,101.46
2020-02-15,nt,101.53
2020-02-16,nt,101.63
2020-02-17,nt,101.88
2020-02-18,nt,102.04
2020-02-19,nt,101.93
2020-02-20,nt,101.6
2020-02-21,nt,101.36
2020-02-22,nt,101.17
2020-02-23,nt,100.93
2020-02-24,nt,100.47
2020-02-25,nt,99.98
2020-02-26,nt,99.39
2020-02-27,nt,99.13
2020-02-28,nt,99.17
2020-02-29,nt,99.47
2020-03-01,nt,99.49
2020-03-02,nt,99.81
2020-03-03,nt,100.45
2020-03-04,nt,100.96
2020-03-05,nt,100.91
2020-03-06,nt,100.69
2020-03-07,nt,100.23
2020-03-08,nt,99.97
2020-03-09,nt,99.43
2020-03-10,nt,98.33
2020-03-11,nt,97.42
2020-03-12,nt,97.17
2020-03-13,nt,96.51
2020-03-14,nt,96.4
2020-03-15,nt,96.08
2020-03-16,nt,95.77
2020-03-17,nt,95.06
2020-03-18,nt,93.84
2020-03-19,nt,92.2
2020-03-20,nt,89.71
2020-03-21,nt,86.95
2020-03-22,nt,84.84
2020-03-23,nt,82.25
2020-03-24,nt,79.3
2020-03-25,nt,76.04
2020-03-26,nt,72.71
2020-03-27,nt,70.26
2020-03-28,nt,67.71
2020-03-29,nt,64.85
2020-03-30,nt,62.44
2020-03-31,nt,61
2020-04-01,nt,60.36
2020-04-02,nt,59.7
2020-04-03,nt,59.32
2020-04-04,nt,58.98
2020-04-05,nt,58.66
2020-04-06,nt,58.47
2020-04-07,nt,58.32
2020-04-08,nt,57.83
2020-04-09,nt,57.73
2020-04-10,nt,57.61
2020-04-11,nt,57.14
2020-04-12,nt,56.79
2020-04-13,nt,56.66
2020-04-14,nt,56.23
2020-04-15,nt,55.9
2020-04-16,nt,55.48
2020-04-17,nt,54.73
2020-04-18,nt,54.1
2020-04-19,nt,53.54
2020-04-20,nt,52.88
2020-04-21,nt,52.18
2020-04-22,nt,51.42
2020-04-23,nt,50.84
2020-04-24,nt,50.17
2020-04-25,nt,50.22
2020-04-26,nt,50.3
2020-04-27,nt,50.55
2020-04-28,nt,51.1
2020-04-29,nt,52.34
2020-04-30,nt,53.21
2020-05-01,nt,54.22
2020-05-02,nt,54.58
2020-05-03,nt,54.83
2020-05-04,nt,54.9
2020-05-05,nt,54.75
2020-05-06,nt,54
2020-05-07,nt,53.36
2020-05-08,nt,52.94
2020-05-09,nt,52.92
2020-05-10,nt,52.29
2020-05-11,nt,51.91
2020-05-12,nt,51.55
2020-05-13,nt,51.11
2020-05-14,nt,50.8
2020-05-15,nt,50.51
2020-05-16,nt,50.01
2020-05-17,nt,49.89
2020-05-18,nt,49.93
2020-05-19,nt,50.39
2020-05-20,nt,51.06
2020-05-21,nt,52.15
2020-05-22,nt,52.41
2020-05-23,nt,52.78
2020-05-24,nt,53.49
2020-05-25,nt,53.71
2020-05-26,nt,53.72
2020-05-27,nt,53.6
2020-05-28,nt,53.15
2020-05-29,nt,53.65
2020-05-30,nt,54.21
2020-05-31,nt,54.63
2020-06-01,nt,55.45
2020-06-02,nt,56.29
2020-06-03,nt,57.29
2020-06-04,nt,58.32
2020-06-05,nt,59.46
2020-06-06,nt,60.41
2020-06-07,nt,61.37
2020-06-08,nt,61.82
2020-06-09,nt,62.28
2020-06-10,nt,62.93
2020-06-11,nt,63.61
2020-06-12,nt,63.89
2020-06-13,nt,64.25
2020-06-14,nt,64.8
2020-06-15,nt,65.55
2020-06-16,nt,66.39
2020-06-17,nt,67.19
2020-06-18,nt,67.76
2020-06-19,nt,68.36
2020-06-20,nt,69.36
2020-06-21,nt,70.2
2020-06-22,nt,70.95
2020-06-23,nt,72.08
2020-06-24,nt,73.45
2020-06-25,nt,74.69
2020-06-26,nt,75.95
2020-06-27,nt,76.85
2020-06-28,nt,77.49
2020-06-29,nt,78.37
2020-06-30,nt,78.94
2020-07-01,nt,78.96
2020-07-02,nt,79.55
2020-07-03,nt,79.61
2020-07-04,nt,79.87
2020-07-05,nt,80.27
2020-07-06,nt,80.26
2020-07-07,nt,80.08
2020-07-08,nt,79.93
2020-07-09,nt,79.54
2020-07-10,nt,79.68
2020-07-11,nt,79.65
2020-07-12,nt,79.66
2020-07-13,nt,79.64
2020-07-14,nt,79.86
2020-07-15,nt,79.44
2020-07-16,nt,79.07
2020-07-17,nt,78.9
2020-07-18,nt,78.86
2020-07-19,nt,78.58
2020-07-20,nt,79.24
2020-07-21,nt,79.83
2020-07-22,nt,80.94
2020-07-23,nt,82.27
2020-07-24,nt,83.31
2020-07-25,nt,84.39
2020-07-26,nt,85.9
2020-07-27,nt,86.74
2020-07-28,nt,87.53
2020-07-29,nt,88.81
2020-07-30,nt,89.2
2020-07-31,nt,89.54
2020-08-01,nt,90.1
2020-08-02,nt,90.13
2020-08-03,nt,89.63
2020-08-04,nt,88.87
2020-08-05,nt,87.89
2020-08-06,nt,87.63
2020-08-07,nt,87.71
2020-08-08,nt,87.06
2020-08-09,nt,86.9
2020-08-10,nt,87.52
2020-08-11,nt,87.9
2020-08-12,nt,88.14
2020-08-13,nt,88.27
2020-08-14,nt,88.44
2020-08-15,nt,88.48
2020-08-16,nt,88.31
2020-08-17,nt,87.42
2020-08-18,nt,86.49
2020-08-19,nt,86.03
2020-08-20,nt,85.8
2020-08-21,nt,85.12
2020-08-22,nt,85.25
2020-08-23,nt,85.58
2020-08-24,nt,85.91
2020-08-25,nt,86.79
2020-08-26,nt,87.31
2020-08-27,nt,87.32
2020-08-28,nt,87.58
2020-08-29,nt,87.96
2020-08-30,nt,88.24
2020-08-31,nt,88.81
2020-09-01,nt,88.99
2020-09-02,nt,89.46
2020-09-03,nt,89.44
2020-09-04,nt,89.53
2020-09-05,nt,88.63
2020-09-06,nt,88.52
2020-09-07,nt,89.27
2020-09-08,nt,89.85
2020-09-09,nt,90.47
2020-09-10,nt,92.17
2020-09-11,nt,93.35
2020-09-12,nt,95.21
2020-09-13,nt,96.25
2020-09-14,nt,96.61
2020-09-15,nt,97.31
2020-09-16,nt,97.62
2020-09-17,nt,98.16
2020-09-18,nt,98.48
2020-09-19,nt,98.75
2020-09-20,nt,99.03
2020-09-21,nt,99.18
2020-09-22,nt,99.08
2020-09-23,nt,98.77
2020-09-24,nt,98.1
2020-09-25,nt,97.86
2020-09-26,nt,97.51
2020-09-27,nt,97
2020-09-28,nt,96.29
2020-09-29,nt,95.88
2020-09-30,nt,95.68
2020-10-01,nt,95.57
2020-10-02,nt,95.53
2020-10-03,nt,95.92
2020-10-04,nt,96.43
2020-10-05,nt,97.31
2020-10-06,nt,98.07
2020-10-07,nt,98.15
2020-10-08,nt,98.29
2020-10-09,nt,98.34
2020-10-10,nt,98.21
2020-10-11,nt,97.99
2020-10-12,nt,97.64
2020-10-13,nt,97.61
2020-10-14,nt,98.54
2020-10-15,nt,99.28
2020-10-16,nt,99.72
2020-10-17,nt,100.31
2020-10-18,nt,100.88
2020-10-19,nt,101.42
2020-10-20,nt,101.95
2020-10-21,nt,102.79
2020-10-22,nt,103.33
2020-10-23,nt,104.11
2020-10-24,nt,104.45
2020-10-25,nt,105.05
2020-10-26,nt,105.56
2020-10-27,nt,106.17
2020-10-28,nt,106.03
2020-10-29,nt,106.26
2020-10-30,nt,106.72
2020-10-31,nt,107.26
2020-11-01,nt,107.89
2020-11-02,nt,108.52
2020-11-03,nt,109.05
2020-11-04,nt,110.07
2020-11-05,nt,111
2020-11-06,nt,111.46
2020-11-07,nt,112.18
2020-11-08,nt,112.55
2020-11-09,nt,112.92
2020-11-10,nt,113.43
2020-11-11,nt,113.26
2020-11-12,nt,111.87
2020-11-13,nt,110.9
2020-11-14,nt,109.78
2020-11-15,nt,108.92
2020-11-16,nt,108.63
2020-11-17,nt,108.16
2020-11-18,nt,108.35
2020-11-19,nt,109.51
2020-11-20,nt,110.12
2020-11-21,nt,110.8
2020-11-22,nt,111.52
2020-11-23,nt,112.1
2020-11-24,nt,112.62
2020-11-25,nt,113.04
2020-11-26,nt,113.69
2020-11-27,nt,114.8
2020-11-28,nt,116.11
2020-11-29,nt,116.96
2020-11-30,nt,117.9
2020-12-01,nt,118.43
2020-12-02,nt,119.95
2020-12-03,nt,121.43
2020-12-04,nt,123.34
2020-12-05,nt,124.89
2020-12-06,nt,126.85
2020-12-07,nt,128.32
2020-12-08,nt,130.08
2020-12-09,nt,130.89
2020-12-10,nt,131.26
2020-12-11,nt,131.2
2020-12-12,nt,130.94
2020-12-13,nt,130.59
2020-12-14,nt,130.4
2020-12-15,nt,129.54
2020-12-16,nt,128.41
2020-12-17,nt,127.52
2020-12-18,nt,126.3
2020-12-19,nt,125.32
2020-12-20,nt,124.45
2020-12-21,nt,122.22
2020-12-22,nt,120.6
2020-12-23,nt,118.96
2020-12-24,nt,117.7
2020-12-25,nt,117.03
2020-12-26,nt,116.09
2020-12-27,nt,115.1
2020-12-28,nt,115.7
2020-12-29,nt,116.14
2020-12-30,nt,116.54
2020-12-31,nt,116.65
2021-01-01,nt,116.46
2021-01-02,nt,116.34
2021-01-03,nt,116.03
2021-01-04,nt,115.14
2021-01-05,nt,114.71
2021-01-06,nt,114.63
2021-01-07,nt,114.24
2021-01-08,nt,114.28
2021-01-09,nt,114.24
2021-01-10,nt,114.25
2021-01-11,nt,113.96
2021-01-12,nt,114.18
2021-01-13,nt,113.86
2021-01-14,nt,114.37
2021-01-15,nt,114.94
2021-01-16,nt,116.05
2021-01-17,nt,117.12
2021-01-18,nt,118.36
2021-01-19,nt,118.67
2021-01-20,nt,119.68
2021-01-21,nt,120.41
2021-01-22,nt,120.58
2021-01-23,nt,120.8
2021-01-24,nt,120.87
2021-01-25,nt,121.22
2021-01-26,nt,121.9
2021-01-27,nt,121.66
2021-01-28,nt,121.44
2021-01-29,nt,121.33
2021-01-30,nt,121.49
2021-01-31,nt,122.32
2021-02-01,nt,123.24
2021-02-02,nt,124
2021-02-03,nt,124.8
2021-02-04,nt,125.69
2021-02-05,nt,126.8
2021-02-06,nt,127.52
2021-02-07,nt,127.55
2021-02-08,nt,127.69
2021-02-09,nt,127.85
2021-02-10,nt,128.37
2021-02-11,nt,128.65
2021-02-12,nt,128.8
2021-02-13,nt,128.56
2021-02-14,nt,128.61
2021-02-15,nt,128.63
2021-02-16,nt,127.91
2021-02-17,nt,127.43
2021-02-18,nt,127.35
2021-02-19,nt,126.88
2021-02-20,nt,126.92
2021-02-21,nt,126.96
2021-02-22,nt,126.23
2021-02-23,nt,126.75
2021-02-24,nt,126.8
2021-02-25,nt,126.55
2021-02-26,nt,126.18
2021-02-27,nt,125.4
2021-02-28,nt,124.82
2021-03-01,nt,124.92
2021-03-02,nt,124.75
2021-03-03,nt,124.83
2021-03-04,nt,124.77
2021-03-05,nt,125.31
2021-03-06,nt,125.96
2021-03-07,nt,126.24
2021-03-08,nt,126.64
2021-03-09,nt,127.09
2021-03-10,nt,127.58
2021-03-11,nt,128.29
2021-03-12,nt,129.12
2021-03-13,nt,129.95
2021-03-14,nt,131.41
2021-03-15,nt,132.44
2021-03-16,nt,133.39
2021-03-17,nt,134.26
2021-03-18,nt,134.75
2021-03-19,nt,134.66
2021-03-20,nt,134.43
2021-03-21,nt,133.56
2021-03-22,nt,133.49
2021-03-23,nt,133.11
2021-03-24,nt,132.51
2021-03-25,nt,132.52
2021-03-26,nt,132.61
2021-03-27,nt,133.3
2021-03-28,nt,134.19
2021-03-29,nt,134.68
2021-03-30,nt,135.25
2021-03-31,nt,136.17
2021-04-01,nt,136.72
2021-04-02,nt,137.81
2021-04-03,nt,138.06
2021-04-04,nt,138.32
2021-04-05,nt,138.41
2021-04-06,nt,137.82
2021-04-07,nt,137.34
2021-04-08,nt,136.64
2021-04-09,nt,135.63
2021-04-10,nt,135.37
2021-04-11,nt,134.43
2021-04-12,nt,133.91
2021-04-13,nt,133.73
2021-04-14,nt,134.16
2021-04-15,nt,134.4
2021-04-16,nt,134.14
2021-04-17,nt,133.82
2021-04-18,nt,133.82
2021-04-19,nt,133.36
2021-04-20,nt,133.31
2021-04-21,nt,132.46
2021-04-22,nt,131.85
2021-04-23,nt,131.84
2021-04-24,nt,132.04
2021-04-25,nt,132.89
2021-04-26,nt,134.05
2021-04-27,nt,134.87
2021-04-28,nt,135.6
2021-04-29,nt,136.19
2021-04-30,nt,136.91
2021-05-01,nt,136.9
2021-05-02,nt,136.4
2021-05-03,nt,135.72
2021-05-04,nt,135.69
2021-05-05,nt,135.27
2021-05-06,nt,135.83
2021-05-07,nt,136.4
2021-05-08,nt,137.56
2021-05-09,nt,139.18
2021-05-10,nt,140.55
2021-05-11,nt,141.39
2021-05-12,nt,142.72
2021-05-13,nt,143.35
2021-05-14,nt,143.64
2021-05-15,nt,143.62
2021-05-16,nt,142.93
2021-05-17,nt,142.39
2021-05-18,nt,141.95
2021-05-19,nt,141.6
2021-05-20,nt,141.06
2021-05-21,nt,140.71
2021-05-22,nt,139.88
2021-05-23,nt,139.24
2021-05-24,nt,138.96
2021-05-25,nt,138.64
2021-05-26,nt,138.63
2021-05-27,nt,139.11
2021-05-28,nt,139.05
2021-05-29,nt,139.91
2021-05-30,nt,140.98
2021-05-31,nt,141.55
2021-06-01,nt,142.54
2021-06-02,nt,143.29
2021-06-03,nt,143.5
2021-06-04,nt,144.06
2021-06-05,nt,144.56
2021-06-06,nt,144.71
2021-06-07,nt,144.92
2021-06-08,nt,144.64
2021-06-09,nt,144.57
2021-06-10,nt,144.28
2021-06-11,nt,144.97
2021-06-12,nt,145.45
2021-06-13,nt,145.87
2021-06-14,nt,146.41
2021-06-15,nt,146.86
2021-06-16,nt,146.77
2021-06-17,nt,147.19
2021-06-18,nt,146.88
2021-06-19,nt,146.57
2021-06-20,nt,146.47
2021-06-21,nt,146.41
2021-06-22,nt,146.39
2021-06-23,nt,147.35
2021-06-24,nt,148.29
2021-06-25,nt,149.22
2021-06-26,nt,149.68
2021-06-27,nt,150.33
2021-06-28,nt,151.36
2021-06-29,nt,152.73
2021-06-30,nt,153.41
2021-07-01,nt,154.09
2021-07-02,nt,154.33
2021-07-03,nt,155.09
2021-07-04,nt,155.67
2021-07-05,nt,155.35
2021-07-06,nt,155.12
2021-07-07,nt,154.86
2021-07-08,nt,154.55
2021-07-09,nt,154.54
2021-07-10,nt,153.99
2021-07-11,nt,153.56
2021-07-12,nt,153.33
2021-07-13,nt,153.03
2021-07-14,nt,153.07
2021-07-15,nt,152.9
2021-07-16,nt,152.97
2021-07-17,nt,153.3
2021-07-18,nt,153.82
2021-07-19,nt,154.57
2021-07-20,nt,155.13
2021-07-21,nt,155.09
2021-07-22,nt,155.04
2021-07-23,nt,154.82
2021-07-24,nt,154.19
2021-07-25,nt,153.52
2021-07-26,nt,151.92
2021-07-27,nt,151.02
2021-07-28,nt,151.06
2021-07-29,nt,151.33
2021-07-30,nt,151.48
2021-07-31,nt,152.24
2021-08-01,nt,152.45
2021-08-02,nt,153.37
2021-08-03,nt,153.76
2021-08-04,nt,153.44
2021-08-05,nt,153.04
2021-08-06,nt,151.93
2021-08-07,nt,151.39
2021-08-08,nt,151.1
2021-08-09,nt,151.01
2021-08-10,nt,151.05
2021-08-11,nt,150.91
2021-08-12,nt,151.7
2021-08-13,nt,153.35
2021-08-14,nt,154.42
2021-08-15,nt,155.62
2021-08-16,nt,156.7
2021-08-17,nt,157.13
2021-08-18,nt,158.14
2021-08-19,nt,158.57
2021-08-20,nt,158.71
2021-08-21,nt,159.11
2021-08-22,nt,159.32
2021-08-23,nt,159.49
2021-08-24,nt,160.11
2021-08-25,nt,160.52
2021-08-26,nt,160.41
2021-08-27,nt,160
2021-08-28,nt,159.83
2021-08-29,nt,159.56
2021-08-30,nt,159.28
2021-08-31,nt,158.88
2021-09-01,nt,158.28
2021-09-02,nt,157.92
2021-09-03,nt,157.92
2021-09-04,nt,157.41
2021-09-05,nt,157.11
2021-09-06,nt,156.55
2021-09-07,nt,156.52
2021-09-08,nt,156.42
2021-09-09,nt,155.58
2021-09-10,nt,155.34
2021-09-11,nt,154.92
2021-09-12,nt,154.73
2021-09-13,nt,154.55
2021-09-14,nt,154.14
2021-09-15,nt,153.91
2021-09-16,nt,154.39
2021-09-17,nt,154.46
2021-09-18,nt,154.42
2021-09-19,nt,153.84
2021-09-20,nt,153.93
2021-09-21,nt,154.05
2021-09-22,nt,154.02
2021-09-23,nt,153.37
2021-09-24,nt,152.76
2021-09-25,nt,152.37
2021-09-26,nt,152.39
2021-09-27,nt,151.92
2021-09-28,nt,151.14
2021-09-29,nt,150.79
2021-09-30,nt,151.44
2021-10-01,nt,152.11
2021-10-02,nt,153.82
2021-10-03,nt,155.22
2021-10-04,nt,156.96
2021-10-05,nt,158.14
2021-10-06,nt,159.32
2021-10-07,nt,159.74
2021-10-08,nt,160.29
2021-10-09,nt,160.29
2021-10-10,nt,160.63
2021-10-11,nt,160.95
2021-10-12,nt,162.17
2021-10-13,nt,162.81
2021-10-14,nt,163.91
2021-10-15,nt,163.97
2021-10-16,nt,164.44
2021-10-17,nt,165.34
2021-10-18,nt,165.83
2021-10-19,nt,166.49
2021-10-20,nt,166.69
2021-10-21,nt,167.12
2021-10-22,nt,168.53
2021-10-23,nt,169.38
2021-10-24,nt,169.66
2021-10-25,nt,170.05
2021-10-26,nt,169.97
2021-10-27,nt,170.19
2021-10-28,nt,170.41
2021-10-29,nt,170.47
2021-10-30,nt,171.04
2021-10-31,nt,171.56
2021-11-01,nt,171.87
2021-11-02,nt,172.52
2021-11-03,nt,173.85
2021-11-04,nt,174.82
2021-11-05,nt,175.93
2021-11-06,nt,175.99
2021-11-07,nt,176.25
2021-11-08,nt,176.48
2021-11-09,nt,176.45
2021-11-10,nt,176.2
2021-11-11,nt,176.39
2021-11-12,nt,176.78
2021-11-13,nt,177.55
2021-11-14,nt,178.66
2021-11-15,nt,180.22
2021-11-16,nt,181.93
2021-11-17,nt,183.64
2021-11-18,nt,184.86
2021-11-19,nt,186.26
2021-11-20,nt,187.63
2021-11-21,nt,188.66
2021-11-22,nt,190.01
2021-11-23,nt,191.39
2021-11-24,nt,192.51
2021-11-25,nt,194.24
2021-11-26,nt,195.72
2021-11-27,nt,197.1
2021-11-28,nt,198.84
2021-11-29,nt,199.93
2021-11-30,nt,200.25
2021-12-01,nt,200.75
2021-12-02,nt,200.79
2021-12-03,nt,200.83
2021-12-04,nt,200.4
2021-12-05,nt,199.54
2021-12-06,nt,199.13
2021-12-07,nt,199.68
2021-12-08,nt,200.18
2021-12-09,nt,200.71
2021-12-10,nt,201.07
2021-12-11,nt,201.8
2021-12-12,nt,202.73
2021-12-13,nt,203.07
2021-12-14,nt,203.41
2021-12-15,nt,203.09
2021-12-16,nt,202.47
2021-12-17,nt,200.81
2021-12-18,nt,199.39
2021-12-19,nt,197.62
2021-12-20,nt,196.72
2021-12-21,nt,194.9
2021-12-22,nt,193.26
2021-12-23,nt,191.72
2021-12-24,nt,191.68
2021-12-25,nt,191.41
2021-12-26,nt,191.32
2021-12-27,nt,191.34
2021-12-28,nt,191.85
2021-12-29,nt,192.25
2021-12-30,nt,192.7
2021-12-31,nt,192.59
2022-01-01,nt,192.12
2022-01-02,nt,191.68
2022-01-03,nt,190.29
2022-01-04,nt,189.17
2022-01-05,nt,188.72
2022-01-06,nt,187.54
2022-01-07,nt,187.2
2022-01-08,nt,186.71
2022-01-09,nt,186.49
2022-01-10,nt,186.3
2022-01-11,nt,185.95
2022-01-12,nt,184.5
2022-01-13,nt,184.94
2022-01-14,nt,184.18
2022-01-15,nt,184.54
2022-01-16,nt,184.06
2022-01-17,nt,183.74
2022-01-18,nt,183.3
2022-01-19,nt,184.04
2022-01-20,nt,184.35
2022-01-21,nt,184.94
2022-01-22,nt,184.84
2022-01-23,nt,185.42
2022-01-24,nt,185.86
2022-01-25,nt,187.04
2022-01-26,nt,187.97
2022-01-27,nt,188.19
2022-01-28,nt,188.51
2022-01-29,nt,188.39
2022-01-30,nt,189.04
2022-01-31,nt,188.55
2022-02-01,nt,188.17
2022-02-02,nt,187.48
2022-02-03,nt,187.66
2022-02-04,nt,186.94
2022-02-05,nt,187.1
2022-02-06,nt,187
2022-02-07,nt,188.36
2022-02-08,nt,189.05
2022-02-09,nt,190.33
2022-02-10,nt,190.77
2022-02-11,nt,191.87
2022-02-12,nt,192.46
2022-02-13,nt,192.18
2022-02-14,nt,191.1
2022-02-15,nt,190.23
2022-02-16,nt,188.96
2022-02-17,nt,188.15
2022-02-18,nt,186.52
2022-02-19,nt,185.55
2022-02-20,nt,184.44
2022-02-21,nt,184.47
2022-02-22,nt,184.24
2022-02-23,nt,184.95
2022-02-24,nt,185.56
2022-02-25,nt,187.98
2022-02-26,nt,189.76
2022-02-27,nt,191.54
2022-02-28,nt,191.61
2022-03-01,nt,192.22
2022-03-02,nt,192.19
2022-03-03,nt,192.01
2022-03-04,nt,191.02
2022-03-05,nt,190.1
2022-03-06,nt,189.62
2022-03-07,nt,190.15
2022-03-08,nt,190.55
2022-03-09,nt,190.6
2022-03-10,nt,190.11
2022-03-11,nt,190.22
2022-03-12,nt,190.61
2022-03-13,nt,190.76
2022-03-14,nt,190.99
2022-03-15,nt,190.73
2022-03-16,nt,190.85
2022-03-17,nt,191.1
2022-03-18,nt,191.44
2022-03-19,nt,191.73
2022-03-20,nt,192.2
2022-03-21,nt,192.89
2022-03-22,nt,193.61
2022-03-23,nt,194.17
2022-03-24,nt,194.68
2022-03-25,nt,194.79
2022-03-26,nt,195.67
2022-03-27,nt,196.4
2022-03-28,nt,196.82
2022-03-29,nt,198.18
2022-03-30,nt,199.36
2022-03-31,nt,200.27
2022-04-01,nt,201.16
2022-04-02,nt,200.92
2022-04-03,nt,200.83
2022-04-04,nt,200.4
2022-04-05,nt,200.22
2022-04-06,nt,200.33
2022-04-07,nt,199.97
2022-04-08,nt,199.64
2022-04-09,nt,199.24
2022-04-10,nt,198.32
2022-04-11,nt,198.52
2022-04-12,nt,197.72
2022-04-13,nt,197.06
2022-04-14,nt,196.36
2022-04-15,nt,196.83
2022-04-16,nt,197.47
2022-04-17,nt,198.39
2022-04-18,nt,199.31
2022-04-19,nt,199.28
2022-04-20,nt,198.95
2022-04-21,nt,199.68
2022-04-22,nt,198.74
2022-04-23,nt,197.89
2022-04-24,nt,197.28
2022-04-25,nt,196.1
2022-04-26,nt,195
2022-04-27,nt,193.98
2022-04-28,nt,193.6
2022-04-29,nt,192.85
2022-04-30,nt,192.74
2022-05-01,nt,192.09
2022-05-02,nt,192.33
2022-05-03,nt,193.12
2022-05-04,nt,193.58
2022-05-05,nt,193.36
2022-05-06,nt,193.54
2022-05-07,nt,193.9
2022-05-08,nt,195.05
2022-05-09,nt,194.52
2022-05-10,nt,195.25
2022-05-11,nt,195.55
2022-05-12,nt,196.6
2022-05-13,nt,197.79
2022-05-14,nt,198.37
2022-05-15,nt,198.7
2022-05-16,nt,199.99
2022-05-17,nt,200.37
2022-05-18,nt,202.64
2022-05-19,nt,203.27
2022-05-20,nt,204.61
2022-05-21,nt,206.02
2022-05-22,nt,207.96
2022-05-23,nt,210.12
2022-05-24,nt,212.65
2022-05-25,nt,214.16
2022-05-26,nt,217.21
2022-05-27,nt,219.52
2022-05-28,nt,221.95
2022-05-29,nt,223.79
2022-05-30,nt,225.57
2022-05-31,nt,226.18
2022-06-01,nt,226.83
2022-06-02,nt,226.8
2022-06-03,nt,226.61
2022-06-04,nt,226.66
2022-06-05,nt,226.34
2022-06-06,nt,224.84
2022-06-07,nt,225.12
2022-06-08,nt,225.38
2022-06-09,nt,225.28
2022-06-10,nt,225.42
2022-06-11,nt,224.21
2022-06-12,nt,223.19
2022-06-13,nt,223.42
2022-06-14,nt,222.21
2022-06-15,nt,220.71
2022-06-16,nt,218.87
2022-06-17,nt,217.48
2022-06-18,nt,216.51
2022-06-19,nt,215.61
2022-06-20,nt,214.14
2022-06-21,nt,212.74
2022-06-22,nt,211.38
2022-06-23,nt,209.97
2022-06-24,nt,208.56
2022-06-25,nt,207.95
2022-06-26,nt,207.52
2022-06-27,nt,207.93
2022-06-28,nt,208.45
2022-06-29,nt,208.81
2022-06-30,nt,208.97
2022-07-01,nt,208.85
2022-07-02,nt,208.51
2022-07-03,nt,208.3
2022-07-04,nt,208.15
2022-07-05,nt,207.97
2022-07-06,nt,207.66
2022-07-07,nt,208.83
2022-07-08,nt,209.66
2022-07-09,nt,211.38
2022-07-10,nt,211.93
2022-07-11,nt,211.83
2022-07-12,nt,211.07
2022-07-13,nt,210.51
2022-07-14,nt,209.36
2022-07-15,nt,208.48
2022-07-16,nt,207.04
2022-07-17,nt,206.47
2022-07-18,nt,205.68
2022-07-19,nt,205.9
2022-07-20,nt,205.76
2022-07-21,nt,206.45
2022-07-22,nt,206.96
2022-07-23,nt,206.98
2022-07-24,nt,207.46
2022-07-25,nt,207.99
2022-07-26,nt,208.33
2022-07-27,nt,208.45
2022-07-28,nt,208.33
2022-07-29,nt,207.69
2022-07-30,nt,207.57
2022-07-31,nt,207.38
2022-08-01,nt,207.47
2022-08-02,nt,206.98
2022-08-03,nt,206.9
2022-08-04,nt,207.76
2022-08-05,nt,208.49
2022-08-06,nt,209.02
2022-08-07,nt,209.4
2022-08-08,nt,209.7
2022-08-09,nt,210.5
2022-08-10,nt,212.63
2022-08-11,nt,212.89
2022-08-12,nt,214.27
2022-08-13,nt,215.29
2022-08-14,nt,216.49
2022-08-15,nt,217.54
2022-08-16,nt,218.89
2022-08-17,nt,218.36
2022-08-18,nt,218.72
2022-08-19,nt,219.13
2022-08-20,nt,220.03
2022-08-21,nt,219.88
2022-08-22,nt,219.73
2022-08-23,nt,220.38
2022-08-24,nt,221.27
2022-08-25,nt,221.67
2022-08-26,nt,222.34
2022-08-27,nt,221.99
2022-08-28,nt,222.44
2022-08-29,nt,222.7
2022-08-30,nt,222.34
2022-08-31,nt,222.16
2022-09-01,nt,222.63
2022-09-02,nt,222.61
2022-09-03,nt,223.08
2022-09-04,nt,223.06
2022-09-05,nt,222.67
2022-09-06,nt,222.41
2022-09-07,nt,222.67
2022-09-08,nt,221.22
2022-09-09,nt,219.76
2022-09-10,nt,219.51
2022-09-11,nt,218.93
2022-09-12,nt,218.91
2022-09-13,nt,218.65
2022-09-14,nt,218.69
2022-09-15,nt,220.42
2022-09-16,nt,222.4
2022-09-17,nt,223.4
2022-09-18,nt,224.9
2022-09-19,nt,224.86
2022-09-20,nt,224.72
2022-09-21,nt,226.17
2022-09-22,nt,226.96
2022-09-23,nt,225.49
2022-09-24,nt,223.87
2022-09-25,nt,222.35
2022-09-26,nt,222.18
2022-09-27,nt,222.75
2022-09-28,nt,221.75
2022-09-29,nt,220.35
2022-09-30,nt,220.83
2022-10-01,nt,221.75
2022-10-02,nt,223.09
2022-10-03,nt,224.5
2022-10-04,nt,224.83
2022-10-05,nt,224.86
2022-10-06,nt,223.21
2022-10-07,nt,221.45
2022-10-08,nt,219.6
2022-10-09,nt,217.45
2022-10-10,nt,215.36
2022-10-11,nt,213.23
2022-10-12,nt,210.46
2022-10-13,nt,209.59
2022-10-14,nt,208.97
2022-10-15,nt,208.11
2022-10-16,nt,207.2
2022-10-17,nt,205.76
2022-10-18,nt,204.37
2022-10-19,nt,203.49
2022-10-20,nt,202.37
2022-10-21,nt,201.24
2022-10-22,nt,199.48
2022-10-23,nt,198.29
2022-10-24,nt,197.57
2022-10-25,nt,197.23
2022-10-26,nt,197.18
2022-10-27,nt,197.55
2022-10-28,nt,198.47
2022-10-29,nt,199.59
2022-10-30,nt,200.28
2022-10-31,nt,201.37
2022-11-01,nt,202.44
2022-11-02,nt,203.01
2022-11-03,nt,203.48
2022-11-04,nt,203.15
2022-11-05,nt,203.5
2022-11-06,nt,203.73
2022-11-07,nt,203.74
2022-11-08,nt,204.14
2022-11-09,nt,204.47
2022-11-10,nt,204.74
2022-11-11,nt,204.51
2022-11-12,nt,204.12
2022-11-13,nt,203.93
2022-11-14,nt,203.58
2022-11-15,nt,202.45
2022-11-16,nt,201.47
2022-11-17,nt,200.67
2022-11-18,nt,200.71
2022-11-19,nt,200.45
2022-11-20,nt,200.1
2022-11-21,nt,199.95
2022-11-22,nt,200.07
2022-11-23,nt,200.51
2022-11-24,nt,200.87
2022-11-25,nt,200.75
2022-11-26,nt,200.81
2022-11-27,nt,200.89
2022-11-28,nt,201.02
2022-11-29,nt,200.46
2022-11-30,nt,200.07
2022-12-01,nt,200.68
2022-12-02,nt,201.56
2022-12-03,nt,202.02
2022-12-04,nt,202.62
2022-12-05,nt,202.92
2022-12-06,nt,203.59
2022-12-07,nt,204.25
2022-12-08,nt,203.39
2022-12-09,nt,202.5
2022-12-10,nt,201.7
2022-12-11,nt,201.09
2022-12-12,nt,200.84
2022-12-13,nt,200.91
2022-12-14,nt,200.37
2022-12-15,nt,201.03
2022-12-16,nt,201.91
2022-12-17,nt,202.25
2022-12-18,nt,202.58
2022-12-19,nt,202.74
2022-12-20,nt,202.59
2022-12-21,nt,203.3
2022-12-22,nt,203.12
2022-12-23,nt,203.1
2022-12-24,nt,203.95
2022-12-25,nt,204.56
2022-12-26,nt,205.95
2022-12-27,nt,207.72
2022-12-28,nt,208.36
2022-12-29,nt,209.09
2022-12-30,nt,209.29
2022-12-31,nt,209.46
2023-01-01,nt,209.44
2023-01-02,nt,208.82
2023-01-03,nt,208.66
2023-01-04,nt,208.46
2023-01-05,nt,208.25
2023-01-06,nt,208.46
2023-01-07,nt,208.2
2023-01-08,nt,207.9
2023-01-09,nt,206.86
2023-01-10,nt,205.72
2023-01-11,nt,205.51
2023-01-12,nt,205.24
2023-01-13,nt,205
2023-01-14,nt,205.13
2023-01-15,nt,204.95
2023-01-16,nt,204.79
2023-01-17,nt,204.3
2023-01-18,nt,203.96
2023-01-19,nt,203.85
2023-01-20,nt,203.2
2023-01-21,nt,203.27
2023-01-22,nt,203.35
2023-01-23,nt,203.27
2023-01-24,nt,203
2023-01-25,nt,202.8
2023-01-26,nt,204.14
2023-01-27,nt,205.17
2023-01-28,nt,205.31
2023-01-29,nt,205.65
2023-01-30,nt,206.19
2023-01-31,nt,206.6
2023-02-01,nt,205.48
2023-02-02,nt,203.46
2023-02-03,nt,201.93
2023-02-04,nt,200.24
2023-02-05,nt,199.12
2023-02-06,nt,198.53
2023-02-07,nt,197.96
2023-02-08,nt,197.89
2023-02-09,nt,197.33
2023-02-10,nt,196.4
2023-02-11,nt,196.63
2023-02-12,nt,196.42
2023-02-13,nt,195.05
2023-02-14,nt,195.37
2023-02-15,nt,195.82
2023-02-16,nt,196.45
2023-02-17,nt,197.5
2023-02-18,nt,197.83
2023-02-19,nt,198.57
2023-02-20,nt,200.08
2023-02-21,nt,199.97
2023-02-22,nt,200.49
2023-02-23,nt,200.49
2023-02-24,nt,201.41
2023-02-25,nt,201.92
2023-02-26,nt,201.93
2023-02-27,nt,202.39
2023-02-28,nt,201.71
2023-03-01,nt,201.82
2023-03-02,nt,202.6
2023-03-03,nt,202
2023-03-04,nt,201.91
2023-03-05,nt,202.31
2023-03-06,nt,202.24
2023-03-07,nt,203.9
2023-03-08,nt,203.95
2023-03-09,nt,203.94
2023-03-10,nt,204.77
2023-03-11,nt,205.44
2023-03-12,nt,205.94
2023-03-13,nt,206.94
2023-03-14,nt,208.42
2023-03-15,nt,209.66
2023-03-16,nt,210.7
2023-03-17,nt,211.54
2023-03-18,nt,212.57
2023-03-19,nt,212.87
2023-03-20,nt,212.89
2023-03-21,nt,211.33
2023-03-22,nt,210.89
2023-03-23,nt,210.18
2023-03-24,nt,209.2
2023-03-25,nt,207.52
2023-03-26,nt,206.42
2023-03-27,nt,204.81
2023-03-28,nt,203.85
2023-03-29,nt,201.84
2023-03-30,nt,200.18
2023-03-31,nt,198.25
2023-04-01,nt,196.59
2023-04-02,nt,194.72
2023-04-03,nt,193.92
2023-04-04,nt,193.09
2023-04-05,nt,192.95
2023-04-06,nt,192.75
2023-04-07,nt,193.37
2023-04-08,nt,193.78
2023-04-09,nt,194.36
2023-04-10,nt,194.65
2023-04-11,nt,194.94
2023-04-12,nt,194.3
2023-04-13,nt,192.69
2023-04-14,nt,190.25
2023-04-15,nt,187.93
2023-04-16,nt,186.08
2023-04-17,nt,184.08
2023-04-18,nt,181.53
2023-04-19,nt,180.46
2023-04-20,nt,180.32
2023-04-21,nt,180.16
2023-04-22,nt,180.04
2023-04-23,nt,179.23
2023-04-24,nt,178.27
2023-04-25,nt,178.46
2023-04-26,nt,177.25
2023-04-27,nt,176.36
2023-04-28,nt,175.75
2023-04-29,nt,176.2
2023-04-30,nt,176.38
2023-05-01,nt,175.96
2023-05-02,nt,175.68
2023-05-03,nt,176.85
2023-05-04,nt,177.43
2023-05-05,nt,178.03
2023-05-06,nt,178.12
2023-05-07,nt,178.5
2023-05-08,nt,179.76
2023-05-09,nt,180.98
2023-05-10,nt,181.26
2023-05-11,nt,183.48
2023-05-12,nt,186.11
2023-05-13,nt,188.79
2023-05-14,nt,191.49
2023-05-15,nt,194.03
2023-05-16,nt,196.44
2023-05-17,nt,199.47
2023-05-18,nt,200.79
2023-05-19,nt,201.91
2023-05-20,nt,202.52
2023-05-21,nt,203.25
2023-05-22,nt,204.16
2023-05-23,nt,204.55
2023-05-24,nt,204.84
2023-05-25,nt,205.32
2023-05-26,nt,205.47
2023-05-27,nt,205.82
2023-05-28,nt,206.46
2023-05-29,nt,206.93
2023-05-30,nt,207.31
2023-05-31,nt,206.62
2023-06-01,nt,205.64
2023-06-02,nt,204.95
2023-06-03,nt,204.78
2023-06-04,nt,204.37
2023-06-05,nt,203.77
2023-06-06,nt,203.3
2023-06-07,nt,203.8
2023-06-08,nt,204.09
2023-06-09,nt,203.93
2023-06-10,nt,203.35
2023-06-11,nt,202.52
2023-06-12,nt,202.29
2023-06-13,nt,200.83
2023-06-14,nt,199.21
2023-06-15,nt,198.12
2023-06-16,nt,196.2
2023-06-17,nt,194.48
2023-06-18,nt,192.79
2023-06-19,nt,190.84
2023-06-20,nt,190.6
2023-06-21,nt,189.53
2023-06-22,nt,188.5
2023-06-23,nt,188.26
2023-06-24,nt,187.77
2023-06-25,nt,187.67
2023-06-26,nt,187.73
2023-06-27,nt,187.11
2023-06-28,nt,187.2
2023-06-29,nt,186.63
2023-06-30,nt,186.92
2023-07-01,nt,187.06
2023-07-02,nt,186.67
2023-07-03,nt,186.07
2023-07-04,nt,186.01
2023-07-05,nt,186.33
2023-07-06,nt,186.77
2023-07-07,nt,186.91
2023-07-08,nt,187.14
2023-07-09,nt,187.54
2023-07-10,nt,188.11
2023-07-11,nt,188.16
2023-07-12,nt,187.94
2023-07-13,nt,188.64
2023-07-14,nt,189.4
2023-07-15,nt,190.35
2023-07-16,nt,191.34
2023-07-17,nt,192.38
2023-07-18,nt,193.36
2023-07-19,nt,194.37
2023-07-20,nt,195.44
2023-07-21,nt,195.58
2023-07-22,nt,195.32
2023-07-23,nt,195.16
2023-07-24,nt,195.04
2023-07-25,nt,194.84
2023-07-26,nt,194.94
2023-07-27,nt,193.77
2023-07-28,nt,193.38
2023-07-29,nt,193.26
2023-07-30,nt,193.51
2023-07-31,nt,192.66
2023-08-01,nt,192.21
2023-08-02,nt,191.88
2023-08-03,nt,191.71
2023-08-04,nt,191.62
2023-08-05,nt,191.84
2023-08-06,nt,192.07
2023-08-07,nt,192.94
2023-08-08,nt,193.14
2023-08-09,nt,193
2023-08-10,nt,193.38
2023-08-11,nt,193.32
2023-08-12,nt,192.69
2023-08-13,nt,192.06
2023-08-14,nt,191.73
2023-08-15,nt,192.32
2023-08-16,nt,192.26
2023-08-17,nt,192.51
2023-08-18,nt,192.8
2023-08-19,nt,193.36
2023-08-20,nt,193.58
2023-08-21,nt,193.63
2023-08-22,nt,193.37
2023-08-23,nt,193.8
2023-08-24,nt,193.69
2023-08-25,nt,193.74
2023-08-26,nt,194.22
2023-08-27,nt,194.38
2023-08-28,nt,194.58
2023-08-29,nt,195.13
2023-08-30,nt,195.42
2023-08-31,nt,195.9
2023-09-01,nt,196.07
2023-09-02,nt,196.79
2023-09-03,nt,197.55
2023-09-04,nt,197.82
2023-09-05,nt,197.57
2023-09-06,nt,197.78
2023-09-07,nt,198.44
2023-09-08,nt,199.56
2023-09-09,nt,199.7
2023-09-10,nt,200.58
2023-09-11,nt,201.67
2023-09-12,nt,203.12
2023-09-13,nt,204.42
2023-09-14,nt,205.22
2023-09-15,nt,206.05
2023-09-16,nt,206.52
2023-09-17,nt,206.54
2023-09-18,nt,206.3
2023-09-19,nt,205.56
2023-09-20,nt,204.9
2023-09-21,nt,204.25
2023-09-22,nt,203.3
2023-09-23,nt,202.49
2023-09-24,nt,201.48
2023-09-25,nt,200.7
2023-09-26,nt,200.14
2023-09-27,nt,199.67
2023-09-28,nt,199.13
2023-09-29,nt,198.54
2023-09-30,nt,197.73
2023-10-01,nt,196.57
2023-10-02,nt,195.44
2023-10-03,nt,193.84
2023-10-04,nt,192.13
2023-10-05,nt,190.68
2023-10-06,nt,189.11
2023-10-07,nt,188.14
2023-10-08,nt,187.5
2023-10-09,nt,186.79
2023-10-10,nt,186.86
2023-10-11,nt,186.86
2023-10-12,nt,186.89
2023-10-13,nt,187.35
2023-10-14,nt,187.35
2023-10-15,nt,187.74
2023-10-16,nt,188.16
2023-10-17,nt,188.48
2023-10-18,nt,188.51
2023-10-19,nt,188.29
2023-10-20,nt,188.15
2023-10-21,nt,187.62
2023-10-22,nt,187.39
2023-10-23,nt,187.03
2023-10-24,nt,187.06
2023-10-25,nt,187.27
2023-10-26,nt,187.47
2023-10-27,nt,187.5
2023-10-28,nt,188.15
2023-10-29,nt,188.29
2023-10-30,nt,189.07
2023-10-31,nt,188.89
2023-11-01,nt,189.32
2023-11-02,nt,189.28
2023-11-03,nt,189.18
2023-11-04,nt,189.01
2023-11-05,nt,188.47
2023-11-06,nt,187.48
2023-11-07,nt,187.27
2023-11-08,nt,186.55
2023-11-09,nt,186.51
2023-11-10,nt,186.75
2023-11-11,nt,186.93
2023-11-12,nt,187.59
2023-11-13,nt,188.43
2023-11-14,nt,188.25
2023-11-15,nt,188.58
2023-11-16,nt,188.42
2023-11-17,nt,188.21
2023-11-18,nt,187.94
2023-11-19,nt,187.6
2023-11-20,nt,187.59
2023-11-21,nt,188.13
2023-11-22,nt,187.94
2023-11-23,nt,187.94
2023-11-24,nt,187.63
2023-11-25,nt,187.56
2023-11-26,nt,187.36
2023-11-27,nt,186.8
2023-11-28,nt,185.73
2023-11-29,nt,184.76
2023-11-30,nt,183.91
2023-12-01,nt,182.86
2023-12-02,nt,181.94
2023-12-03,nt,181.11
2023-12-04,nt,180.05
2023-12-05,nt,180.12
2023-12-06,nt,180.59
2023-12-07,nt,180.78
2023-12-08,nt,181.35
2023-12-09,nt,181.54
2023-12-10,nt,181.71
2023-12-11,nt,182.25
2023-12-12,nt,181.25
2023-12-13,nt,180.32
2023-12-14,nt,179.51
2023-12-15,nt,178.3
2023-12-16,nt,177.43
2023-12-17,nt,176.35
2023-12-18,nt,174.87
2023-12-19,nt,174.78
2023-12-20,nt,174.31
2023-12-21,nt,173.68
2023-12-22,nt,173.67
2023-12-23,nt,173.63
2023-12-24,nt,174
2023-12-25,nt,175.33
2023-12-26,nt,175.98
2023-12-27,nt,176.36
2023-12-28,nt,177.02
2023-12-29,nt,177.34
2023-12-30,nt,177.58
2023-12-31,nt,177.52
2024-01-01,nt,176.91
2024-01-02,nt,176.72
2024-01-03,nt,176.52
2024-01-04,nt,176.16
2024-01-05,nt,176
2024-01-06,nt,176.06
2024-01-07,nt,175.88
2024-01-08,nt,176.24
2024-01-09,nt,176.82
2024-01-10,nt,177.85
2024-01-11,nt,179.12
2024-01-12,nt,180.16
2024-01-13,nt,180.2
2024-01-14,nt,180.78
2024-01-15,nt,180.93
2024-01-16,nt,180.44
2024-01-17,nt,180.78
2024-01-18,nt,181.21
2024-01-19,nt,181.46
2024-01-20,nt,182.63
2024-01-21,nt,183.71
2024-01-22,nt,184.32
2024-01-23,nt,185.09
2024-01-24,nt,184.81
2024-01-25,nt,184.99
2024-01-26,nt,185.87
2024-01-27,nt,186.26
2024-01-28,nt,186.38
2024-01-29,nt,186.71
2024-01-30,nt,187.18
2024-01-31,nt,187.59
2024-02-01,nt,187.29
2024-02-02,nt,187.17
2024-02-03,nt,187.19
2024-02-04,nt,187.31
2024-02-05,nt,187
2024-02-06,nt,186.81
2024-02-07,nt,186.63
2024-02-08,nt,187
2024-02-09,nt,186.96
2024-02-10,nt,186.77
2024-02-11,nt,186.48
2024-02-12,nt,186.71
2024-02-13,nt,187.15
2024-02-14,nt,187.68
2024-02-15,nt,187.88
2024-02-16,nt,187.88
2024-02-17,nt,187.51
2024-02-18,nt,187.76
2024-02-19,nt,188.34
2024-02-20,nt,188.49
2024-02-21,nt,188.91
2024-02-22,nt,188.59
2024-02-23,nt,188.43
2024-02-24,nt,188.83
2024-02-25,nt,188.88
2024-02-26,nt,189.1
2024-02-27,nt,189.67
2024-02-28,nt,190.43
2024-02-29,nt,191.39
2024-03-01,nt,192.19
2024-03-02,nt,193.26
2024-03-03,nt,194.27
2024-03-04,nt,195.28
2024-03-05,nt,196.04
2024-03-06,nt,196.82
2024-03-07,nt,198.05
2024-03-08,nt,199.29
2024-03-09,nt,200.36
2024-03-10,nt,201.15
2024-03-11,nt,201.11
2024-03-12,nt,200.03
2024-03-13,nt,198.39
2024-03-14,nt,197.07
2024-03-15,nt,195.76
2024-03-16,nt,194.77
2024-03-17,nt,194.07
2024-03-18,nt,193.56
2024-03-19,nt,193.88
2024-03-20,nt,193.8
2024-03-21,nt,193.43
2024-03-22,nt,193.26
2024-03-23,nt,192.81
2024-03-24,nt,192.45
2024-03-25,nt,191.93
2024-03-26,nt,191.5
2024-03-27,nt,191.85
2024-03-28,nt,191.8
2024-03-29,nt,192.09
2024-03-30,nt,191.65
2024-03-31,nt,190.73
2024-04-01,nt,190.15
2024-04-02,nt,189.18
2024-04-03,nt,188.18
2024-04-04,nt,187.48
2024-04-05,nt,186.38
2024-04-06,nt,186.13
2024-04-07,nt,186.31
2024-04-08,nt,186.32
2024-04-09,nt,187.15
2024-04-10,nt,187.79
2024-04-11,nt,188.28
2024-04-12,nt,188.85
2024-04-13,nt,188.83
2024-04-14,nt,188.65
2024-04-15,nt,188.46
2024-04-16,nt,187.31
2024-04-17,nt,186.85
2024-04-18,nt,186.17
2024-04-19,nt,186.38
2024-04-20,nt,186.45
2024-04-21,nt,186.93
2024-04-22,nt,187.54
2024-04-23,nt,189
2024-04-24,nt,189.74
2024-04-25,nt,191.38
2024-04-26,nt,191.78
2024-04-27,nt,192.69
2024-04-28,nt,193.22
2024-04-29,nt,194.12
2024-04-30,nt,194.03
2024-05-01,nt,193.93
2024-05-02,nt,193.47
2024-05-03,nt,193.44
2024-05-04,nt,193.2
2024-05-05,nt,192.89
2024-05-06,nt,192.34
2024-05-07,nt,191.81
2024-05-08,nt,191.15
2024-05-09,nt,190.1
2024-05-10,nt,188.55
2024-05-11,nt,187.63
2024-05-12,nt,186.36
2024-05-13,nt,185.03
2024-05-14,nt,184.57
2024-05-15,nt,184.25
2024-05-16,nt,183.9
2024-05-17,nt,184
2024-05-18,nt,183.38
2024-05-19,nt,182.69
2024-05-20,nt,182.04
2024-05-21,nt,181.03
2024-05-22,nt,179.66
2024-05-23,nt,179.76
2024-05-24,nt,179.09
2024-05-25,nt,179.15
2024-05-26,nt,179.49
2024-05-27,nt,179.91
2024-05-28,nt,180.85
2024-05-29,nt,182.18
2024-05-30,nt,182.57
2024-05-31,nt,183.65
2024-06-01,nt,184.14
2024-06-02,nt,184.77
2024-06-03,nt,185.28
2024-06-04,nt,185.14
2024-06-05,nt,185.16
2024-06-06,nt,184.98
2024-06-07,nt,184.73
2024-06-08,nt,184.96
2024-06-09,nt,185.25
2024-06-10,nt,185.62
2024-06-11,nt,185.71
2024-06-12,nt,185.3
2024-06-13,nt,184.89
2024-06-14,nt,184.93
2024-06-15,nt,184.36
2024-06-16,nt,184.14
2024-06-17,nt,183.21
2024-06-18,nt,182.83
2024-06-19,nt,182.52
2024-06-20,nt,182.31
2024-06-21,nt,181.84
2024-06-22,nt,181.5
2024-06-23,nt,181.1
2024-06-24,nt,181.12
2024-06-25,nt,180.27
2024-06-26,nt,179.52
2024-06-27,nt,178.55
2024-06-28,nt,177.45
2024-06-29,nt,176.87
2024-06-30,nt,176.3
2024-07-01,nt,174.62
2024-07-02,nt,175.1
2024-07-03,nt,175.74
2024-07-04,nt,176.24
2024-07-05,nt,176.77
2024-07-06,nt,177.16
2024-07-07,nt,177.2
2024-07-08,nt,178.69
2024-07-09,nt,179.02
2024-07-10,nt,179.48
2024-07-11,nt,179.83
2024-07-12,nt,180.02
2024-07-13,nt,179.81
2024-07-14,nt,179.68
2024-07-15,nt,179.72
2024-07-16,nt,179.43
2024-07-17,nt,178.92
2024-07-18,nt,178.51
2024-07-19,nt,178.19
2024-07-20,nt,178.09
2024-07-21,nt,178.4
2024-07-22,nt,178.44
2024-07-23,nt,178.99
2024-07-24,nt,179.58
2024-07-25,nt,180.48
2024-07-26,nt,181.21
2024-07-27,nt,182.51
2024-07-28,nt,183.25
2024-07-29,nt,183.9
2024-07-30,nt,184.26
2024-07-31,nt,184.63
2024-08-01,nt,185.14
2024-08-02,nt,185.79
2024-08-03,nt,185.83
2024-08-04,nt,185.8
2024-08-05,nt,185.86
2024-08-06,nt,185.71
2024-08-07,nt,185.64
2024-08-08,nt,185.21
2024-08-09,nt,184.89
2024-08-10,nt,184.49
2024-08-11,nt,184.45
2024-08-12,nt,184.1
2024-08-13,nt,183.97
2024-08-14,nt,183.74
2024-08-15,nt,183.37
2024-08-16,nt,182.71
2024-08-17,nt,182.18
2024-08-18,nt,181.44
2024-08-19,nt,181
2024-08-20,nt,180.17
2024-08-21,nt,179.25
2024-08-22,nt,179.12
2024-08-23,nt,178.93
2024-08-24,nt,178.52
2024-08-25,nt,177.96
2024-08-26,nt,177.71
2024-08-27,nt,177.74
2024-08-28,nt,177.98
2024-08-29,nt,177.57
2024-08-30,nt,177.67
2024-08-31,nt,177.84
2024-09-01,nt,178.15
2024-09-02,nt,178.15
2024-09-03,nt,178.07
2024-09-04,nt,177.73
2024-09-05,nt,178.26
2024-09-06,nt,178.68
2024-09-07,nt,179.18
2024-09-08,nt,179.65
2024-09-09,nt,179.74
2024-09-10,nt,179.56
2024-09-11,nt,178.93
2024-09-12,nt,177.8
2024-09-13,nt,176.39
2024-09-14,nt,175.39
2024-09-15,nt,174.38
2024-09-16,nt,173.58
2024-09-17,nt,173.55
2024-09-18,nt,174.06
2024-09-19,nt,174.24
2024-09-20,nt,174.83
2024-09-21,nt,175.2
2024-09-22,nt,175.18
2024-09-23,nt,175.04
2024-09-24,nt,174.75
2024-09-25,nt,174.46
2024-09-26,nt,174.62
2024-09-27,nt,174.86
2024-09-28,nt,175
2024-09-29,nt,175.98
2024-09-30,nt,177.11
2024-10-01,nt,177.92
2024-10-02,nt,178.89
2024-10-03,nt,179.4
2024-10-04,nt,179.67
2024-10-05,nt,179.59
2024-10-06,nt,179.27
2024-10-07,nt,179.44
2024-10-08,nt,179.45
2024-10-09,nt,179.34
2024-10-10,nt,179.25
2024-10-11,nt,179.27
2024-10-12,nt,179.6
2024-10-13,nt,180
2024-10-14,nt,180.1
2024-10-15,nt,180.75
2024-10-16,nt,181.16
2024-10-17,nt,181.46
2024-10-18,nt,181.59
2024-10-19,nt,181.62
2024-10-20,nt,181.77
2024-10-21,nt,181.88
2024-10-22,nt,181.58
2024-10-23,nt,181.5
2024-10-24,nt,181.47
2024-10-25,nt,181.23
2024-10-26,nt,180.71
2024-10-27,nt,180.03
2024-10-28,nt,179.3
2024-10-29,nt,178.48
2024-10-30,nt,177.67
2024-10-31,nt,177.67
2024-11-01,nt,177.75
2024-11-02,nt,178.09
2024-11-03,nt,178.08
2024-11-04,nt,178.27
2024-11-05,nt,178.74
2024-11-06,nt,179.61
2024-11-07,nt,179.76
2024-11-08,nt,180.07
2024-11-09,nt,180.43
2024-11-10,nt,181.18
2024-11-11,nt,181.73
2024-11-12,nt,182.39
2024-11-13,nt,182.77
2024-11-14,nt,183.23
2024-11-15,nt,183.06
2024-11-16,nt,182.76
2024-11-17,nt,182.25
2024-11-18,nt,181.72
2024-11-19,nt,180.54
2024-11-20,nt,179.75
2024-11-21,nt,179.04
2024-11-22,nt,178.8
2024-11-23,nt,178.36
2024-11-24,nt,178.34
2024-11-25,nt,178.48
2024-11-26,nt,179.31
2024-11-27,nt,179.53
2024-11-28,nt,179.43
2024-11-29,nt,179.34
2024-11-30,nt,179.91
2024-12-01,nt,179.8
2024-12-02,nt,179.9
2024-12-03,nt,179.35
2024-12-04,nt,179.17
2024-12-05,nt,178.89
2024-12-06,nt,178.83
2024-12-07,nt,178.7
2024-12-08,nt,179.07
2024-12-09,nt,179.25
2024-12-10,nt,179.88
2024-12-11,nt,180.17
2024-12-12,nt,180.53
2024-12-13,nt,180.67
2024-12-14,nt,180.23
2024-12-15,nt,179.63
2024-12-16,nt,178.83
2024-12-17,nt,178.29
2024-12-18,nt,177.71
2024-12-19,nt,177.41
2024-12-20,nt,177.27
2024-12-21,nt,177.41
2024-12-22,nt,177.76
2024-12-23,nt,178.31
2024-12-24,nt,178.7
2024-12-25,nt,179.12
2024-12-26,nt,179.12
2024-12-27,nt,178.93
2024-12-28,nt,178.43
2024-12-29,nt,178.11
2024-12-30,nt,178.19
2024-12-31,nt,178.19
2025-01-01,nt,177.27
2025-01-02,nt,176.47
2025-01-03,nt,175.31
2025-01-04,nt,174.38
2025-01-05,nt,172.9
2025-01-06,nt,171.64
2025-01-07,nt,170.41
2025-01-08,nt,170.41
2025-01-09,nt,170.77
2025-01-10,nt,171.89
2025-01-11,nt,173.04
2025-01-12,nt,174.41
2025-01-13,nt,175.12
2025-01-14,nt,175.89
2025-01-15,nt,176.51
2025-01-16,nt,177.62
2025-01-17,nt,178.64
2025-01-18,nt,179.6
2025-01-19,nt,180.34
2025-01-20,nt,181.15
2025-01-21,nt,181.89
2025-01-22,nt,183
2025-01-23,nt,183.65
2025-01-24,nt,184.1
2025-01-25,nt,184.7
2025-01-26,nt,185.54
2025-01-27,nt,186.52
2025-01-28,nt,188.24
2025-01-29,nt,189.25
2025-01-30,nt,190.17
2025-01-31,nt,192.15
2025-02-01,nt,193.99
2025-02-02,nt,195.81
2025-02-03,nt,197.3
2025-02-04,nt,197.44
2025-02-05,nt,198.3
2025-02-06,nt,199.29
2025-02-07,nt,198.77
2025-02-08,nt,196.62
2025-02-09,nt,194.22
2025-02-10,nt,191.54
2025-02-11,nt,191.19
2025-02-12,nt,191.03
2025-02-13,nt,190.6
2025-02-14,nt,190.63
2025-02-15,nt,192.34
2025-02-16,nt,194.3
2025-02-17,nt,196.36
2025-02-18,nt,196.74
2025-02-19,nt,196.13
2025-02-20,nt,195.38
2025-02-21,nt,194.54
2025-02-22,nt,193.82
2025-02-23,nt,192.91
2025-02-24,nt,191.8
2025-02-25,nt,190.9
2025-02-26,nt,190.09
2025-02-27,nt,189.67
2025-02-28,nt,189.57
2025-03-01,nt,189.47
2025-03-02,nt,189.2
2025-03-03,nt,189.65
2025-03-04,nt,189.68
2025-03-05,nt,189.86
2025-03-06,nt,189.51
2025-03-07,nt,188.75
2025-03-08,nt,187.92
2025-03-09,nt,187.42
2025-03-10,nt,186.76
2025-03-11,nt,186.17
2025-03-12,nt,185.72
2025-03-13,nt,185.77
2025-03-14,nt,186.31
2025-03-15,nt,186.76
2025-03-16,nt,187
2025-03-17,nt,187.23
2025-03-18,nt,187.58
2025-03-19,nt,187.74
2025-03-20,nt,187.64
2025-03-21,nt,186.9
2025-03-22,nt,186.48
2025-03-23,nt,185.91
2025-03-24,nt,185.25
2025-03-25,nt,184.44
2025-03-26,nt,183.75
2025-03-27,nt,183.25
2025-03-28,nt,182.95
2025-03-29,nt,182.69
2025-03-30,nt,182.63
2025-03-31,nt,183.16
2025-04-01,nt,183.73
2025-04-02,nt,184.65
2025-04-03,nt,185.62
2025-04-04,nt,186.87
2025-04-05,nt,187.77
2025-04-06,nt,188.77
2025-04-07,nt,189.32
2025-04-08,nt,190.2
2025-04-09,nt,190.53
2025-04-10,nt,191.23
2025-04-11,nt,191.2
2025-04-12,nt,191.52
2025-04-13,nt,191.76
2025-04-14,nt,191.5
2025-04-15,nt,191.14
2025-04-16,nt,190.91
2025-04-17,nt,190.1
2025-04-18,nt,190.15
2025-04-19,nt,189.73
2025-04-20,nt,189.36
2025-04-21,nt,189.48
2025-04-22,nt,189.01
2025-04-23,nt,188.83
2025-04-24,nt,188.31
2025-04-25,nt,187.96
2025-04-26,nt,187.56
2025-04-27,nt,187.24
2025-04-28,nt,186.34
2025-04-29,nt,186.19
2025-04-30,nt,185.91
2025-05-01,nt,186.74
2025-05-02,nt,187.14
2025-05-03,nt,188.24
2025-05-04,nt,189.07
2025-05-05,nt,190.59
2025-05-06,nt,191.54
2025-05-07,nt,192
2025-05-08,nt,192.03
2025-05-09,nt,191.94
2025-05-10,nt,191.13
2025-05-11,nt,190.04
2025-05-12,nt,188.56
2025-05-13,nt,186.96
2025-05-14,nt,185.94
2025-05-15,nt,184.64
2025-05-16,nt,183.72
2025-05-17,nt,182.6
2025-05-18,nt,182.31
2025-05-19,nt,182.77
2025-05-20,nt,183.39
2025-05-21,nt,184.02
2025-05-22,nt,184.32
2025-05-23,nt,184.35
2025-05-24,nt,185.09
2025-05-25,nt,185.49
2025-05-26,nt,185.1
2025-05-27,nt,184.74
2025-05-28,nt,183.81
2025-05-29,nt,183.16
2025-05-30,nt,181.68
2025-05-31,nt,179.94
2025-06-01,nt,177.89
2025-06-02,nt,176.86
2025-06-03,nt,175.74
2025-06-04,nt,175.36
2025-06-05,nt,174.8
2025-06-06,nt,175.04
2025-06-07,nt,175.61
2025-06-08,nt,176.31
2025-06-09,nt,176.4
2025-06-10,nt,176.46
2025-06-11,nt,176.36
2025-06-12,nt,176.63
2025-06-13,nt,176.92
2025-06-14,nt,176.88
2025-06-15,nt,177.2
2025-06-16,nt,177.4
2025-06-17,nt,178.21
2025-06-18,nt,178.74
2025-06-19,nt,178.94
2025-06-20,nt,179.31
2025-06-21,nt,179.8
2025-06-22,nt,179.96
2025-06-23,nt,180.06
2025-06-24,nt,179.68
2025-06-25,nt,179.48
2025-06-26,nt,179.44
2025-06-27,nt,179.33
2025-06-28,nt,179.43
2025-06-29,nt,179.59
2025-06-30,nt,179.01
2025-07-01,nt,178.92
2025-07-02,nt,178.53
2025-07-03,nt,177.8
2025-07-04,nt,177.13
2025-07-05,nt,176.23
2025-07-06,nt,175.51
2025-07-07,nt,175.37
2025-07-08,nt,174.86
2025-07-09,nt,174.63
2025-07-10,nt,174.64
2025-07-11,nt,175.06
2025-07-12,nt,175.64
2025-07-13,nt,175.92
2025-07-14,nt,176.36
2025-07-15,nt,176.35
2025-07-16,nt,176.07
2025-07-17,nt,175.96
2025-07-18,nt,175.04
2025-07-19,nt,173.9
2025-07-20,nt,173.32
2025-07-21,nt,172.47
2025-07-22,nt,172.41
2025-07-23,nt,172.83
2025-07-24,nt,173.27
2025-07-25,nt,174.46
2025-07-26,nt,175.81
2025-07-27,nt,176.94
2025-07-28,nt,178.45
2025-07-29,nt,179.88
2025-07-30,nt,180.81
2025-07-31,nt,181.31
2025-08-01,nt,181.57
2025-08-02,nt,181.82
2025-08-03,nt,181.7
2025-08-04,nt,181.51
2025-08-05,nt,180.64
2025-08-06,nt,180.45
2025-08-07,nt,180.55
2025-08-08,nt,180.5
2025-08-09,nt,180.13
2025-08-10,nt,180.41
2025-08-11,nt,180.12
2025-08-12,nt,180.36
2025-08-13,nt,179.77
2025-08-14,nt,179.2
2025-08-15,nt,178.27
2025-08-16,nt,177.97
2025-08-17,nt,176.64
2025-08-18,nt,176.32
2025-08-19,nt,176.09
2025-08-20,nt,176.31
2025-08-21,nt,176.06
2025-08-22,nt,176.2
2025-08-23,nt,176.33
2025-08-24,nt,176.94
2025-08-25,nt,176.89
2025-08-26,nt,176.5
2025-08-27,nt,176.01
2025-08-28,nt,176.15
2025-08-29,nt,176.16
2025-08-30,nt,175.89
2025-08-31,nt,175.58
2025-09-01,nt,175.41
2025-09-02,nt,175.4
2025-09-03,nt,175.17
2025-09-04,nt,174.93
2025-09-05,nt,173.97
2025-09-06,nt,172.95
2025-09-07,nt,172.11
2025-09-08,nt,170.91
2025-09-09,nt,170.06
2025-09-10,nt,170.04
2025-09-11,nt,169.72
2025-09-12,nt,170.41
2025-09-13,nt,171.6
2025-09-14,nt,172.72
2025-09-15,nt,174.48
2025-09-16,nt,176.04
2025-09-17,nt,177.41
2025-09-18,nt,178.58
2025-09-19,nt,179.36
2025-09-20,nt,178.7
2025-09-21,nt,178.03
2025-09-22,nt,178.23
2025-09-23,nt,178.13
2025-09-24,nt,177.58
2025-09-25,nt,177.78
2025-09-26,nt,177.8
2025-09-27,nt,178.71
2025-09-28,nt,179.61
2025-09-29,nt,179.06
2025-09-30,nt,178.98
2025-10-01,nt,179.58
2025-10-02,nt,180.07
2025-10-03,nt,181.07
2025-10-04,nt,182.06
2025-10-05,nt,183.35
2025-10-06,nt,184.93
2025-10-07,nt,185.99
2025-10-08,nt,186.39
2025-10-09,nt,186.52
2025-10-10,nt,186.55
2025-10-11,nt,186.43
2025-10-12,nt,186.17
2025-10-13,nt,185.96
2025-10-14,nt,186.07
2025-10-15,nt,186.57
2025-10-16,nt,187.14
2025-10-17,nt,187.78
2025-10-18,nt,188.21
2025-10-19,nt,188.92
2025-10-20,nt,189.78
2025-10-21,nt,190.21
2025-10-22,nt,190.36
2025-10-23,nt,190.21
2025-10-24,nt,190.15
2025-10-25,nt,190.18
2025-10-26,nt,189.94
2025-10-27,nt,189.5
2025-10-28,nt,188.88
2025-10-29,nt,188.07
2025-10-30,nt,187.42
2025-10-31,nt,185.92
2025-11-01,nt,184.65
2025-11-02,nt,183.4
2025-11-03,nt,182.65
2025-11-04,nt,182.51
2025-11-05,nt,182.54
2025-11-06,nt,182.37
2025-11-07,nt,182.46
2025-11-08,nt,182.63
2025-11-09,nt,182.73
2025-11-10,nt,181.3
2025-11-11,nt,181.16
2025-11-12,nt,181.31
2025-11-13,nt,181.97
2025-11-14,nt,183.1
2025-11-15,nt,184.83
2025-11-16,nt,186.08
2025-11-17,nt,188.35
2025-11-18,nt,189.48
2025-11-19,nt,189.85
2025-11-20,nt,190.33
2025-11-21,nt,190.12
2025-11-22,nt,189.18
2025-11-23,nt,188.55
2025-11-24,nt,188.44
2025-11-25,nt,188.07
2025-11-26,nt,188.18
2025-11-27,nt,188.08
2025-11-28,nt,188.03
2025-11-29,nt,187.37
2025-11-30,nt,186.93
2025-12-01,nt,185.57
2025-12-02,nt,184.05
2025-12-03,nt,182.46
2025-12-04,nt,180.49
2025-12-05,nt,179.15
2025-12-06,nt,178.1
2025-12-07,nt,177.01
2025-12-08,nt,176.49
2025-12-09,nt,176.51
2025-12-10,nt,176.16
2025-12-11,nt,176.27
2025-12-12,nt,176.02
2025-12-13,nt,175.93
2025-12-14,nt,175.72
2025-12-15,nt,175.2
2025-12-16,nt,174.7
2025-12-17,nt,174.16
2025-12-18,nt,173.37
2025-12-19,nt,172.99
2025-12-20,nt,173.14
2025-12-21,nt,173.18
2025-12-22,nt,173.55
2025-12-23,nt,173.45
2025-12-24,nt,173.73
2025-12-25,nt,174.1
2025-12-26,nt,174.16
2025-12-27,nt,173.92
2025-12-28,nt,173.84
2025-12-29,nt,174.01
2025-12-30,nt,174.39
2025-12-31,nt,174.63
2026-01-01,nt,174.95
2026-01-02,nt,174.7
2026-01-03,nt,173.49
2026-01-04,nt,172.46
2026-01-05,nt,171.35
2026-01-06,nt,171.42
2026-01-07,nt,172.21
2026-01-08,nt,172.92
2026-01-09,nt,174.35
2026-01-10,nt,175.91
2026-01-11,nt,177.23
2026-01-12,nt,178.77
2026-01-13,nt,179.43
2026-01-14,nt,179.95
2026-01-15,nt,181.07
2026-01-16,nt,181.9
2026-01-17,nt,182.93
2026-01-18,nt,184.01
2026-01-19,nt,184.29
2026-01-20,nt,184.45
2026-01-21,nt,184.21
2026-01-22,nt,183.6
2026-01-23,nt,183.96
2026-01-24,nt,183.72
2026-01-25,nt,183.31
2026-01-26,nt,183.46
2026-01-27,nt,183.55
2026-01-28,nt,183.65
2026-01-29,nt,183.6
2026-01-30,nt,183.21
2026-01-31,nt,183.85
2026-02-01,nt,184.25
2026-02-02,nt,184.58
2026-02-03,nt,184.74
2026-02-04,nt,184.78
2026-02-05,nt,185.26
2026-02-06,nt,185.45
2026-02-07,nt,185.28
2026-02-08,nt,185.55
2026-02-09,nt,185.72
2026-02-10,nt,186.47
2026-02-11,nt,187.35
2026-02-12,nt,186.55
2026-02-13,nt,186.37
2026-02-14,nt,185.87
2026-02-15,nt,185.28
2026-02-16,nt,185.14
2026-02-17,nt,184.97
2026-02-18,nt,184.97
2026-02-19,nt,186.27
2026-02-20,nt,186.68
2026-02-21,nt,187.6
2026-02-22,nt,188.26
2026-02-23,nt,188.1
2026-02-24,nt,187.76
2026-02-25,nt,187.71
2026-02-26,nt,187.6
2026-02-27,nt,187.83
2026-02-28,nt,187.62
2026-03-01,nt,187.15
2026-03-02,nt,187.2
2026-03-03,nt,186.91
2026-03-04,nt,186.8
2026-03-05,nt,186.23
2026-03-06,nt,185.74
2026-03-07,nt,185.51
2026-03-08,nt,185.15
2026-03-09,nt,184.67
2026-03-10,nt,183.82
2026-03-11,nt,182.31
2026-03-12,nt,181.61
2026-03-13,nt,180.51
2026-03-14,nt,179.66
2026-03-15,nt,179.24
2026-03-16,nt,179.05
2026-03-17,nt,179.14
2026-03-18,nt,179.07
2026-03-19,nt,178.36
2026-03-20,nt,177.65
2026-03-21,nt,176.36
2026-03-22,nt,175.36
2026-03-23,nt,174.67
2026-03-24,nt,173.96
2026-03-25,nt,173.8
2026-03-26,nt,173.39
2026-03-27,nt,173.11
2026-03-28,nt,173.69
2026-03-29,nt,174.26
2026-03-30,nt,174.7
2026-03-31,nt,174.41
2026-04-01,nt,174.17
2026-04-02,nt,174.3
2026-04-03,nt,174.15
2026-04-04,nt,173.28
2026-04-05,nt,172.08
2026-04-06,nt,170.9
2026-04-07,nt,169.98
2026-04-08,nt,169.25
2026-04-09,nt,168.44
2026-04-10,nt,167.81
2026-04-11,nt,167.04
2026-04-12,nt,166.75
2026-04-13,nt,166.12
2026-04-14,nt,166.45
2026-04-15,nt,166.64
2026-04-16,nt,166.82
2026-04-17,nt,166.87
2026-04-18,nt,167.39
2026-04-19,nt,167.59
2026-04-20,nt,168.12
2026-04-21,nt,168.79
2026-04-22,nt,169.39
2026-04-23,nt,170.03
2026-04-24,nt,170.77
2026-04-25,nt,171.92
2026-04-26,nt,173.23
2026-04-27,nt,174.6
2026-04-28,nt,175.42
2026-04-29,nt,176.3
2026-04-30,nt,177.38
2026-05-01,nt,178.27
2026-05-02,nt,178.22
2026-05-03,nt,178.26
2026-05-04,nt,178.34
2026-05-05,nt,178.22
2026-05-06,nt,177.8
2026-05-07,nt,177.02
2026-05-08,nt,176.6
2026-05-09,nt,176.82
2026-05-10,nt,176.44
2026-05-11,nt,176.09
2026-05-12,nt,175.78
2026-05-13,nt,175.06
2026-05-14,nt,174.44
2026-05-15,nt,173.65
2026-05-16,nt,172.44
2026-05-17,nt,171.66
2026-05-18,nt,170.61
2026-05-19,nt,170.02
2026-05-20,nt,170.03
2026-05-21,nt,169.99
2026-05-22,nt,169.39
2026-05-23,nt,168.84
2026-05-24,nt,168.39
2026-05-25,nt,167.61
2026-05-26,nt,166.42
2026-05-27,nt,164.84
2026-05-28,nt,163.24
2026-05-29,nt,162.27
2026-05-30,nt,162.04
2026-05-31,nt,161.12
2026-06-01,nt,160.69
2026-06-02,nt,161
2026-06-03,nt,161.49
2026-06-04,nt,162.41
2026-06-05,nt,163.06
2026-06-06,nt,163.34
2026-06-07,nt,163.92
2026-06-08,nt,164.29
2026-06-09,nt,163.08
2026-06-10,nt,161.92
2026-06-11,nt,160.75
2026-06-12,nt,161.19
2026-06-13,nt,161.65
2026-06-14,nt,161.09
2026-06-15,nt,161.19
2026-06-16,nt,162.04
2026-06-17,nt,163.13
2026-06-18,nt,163.62
2026-06-19,nt,162.64
2026-06-20,nt,162.03
2026-06-21,nt,162.04
2026-06-22,nt,161.69
2026-06-23,nt,161.03
2026-06-24,nt,160.02
2026-06-25,nt,159.64
2026-06-26,nt,159.27
2026-06-27,nt,158.25
2026-06-28,nt,157.67
2026-06-29,nt,156.78
2026-06-30,nt,156.33
2026-07-01,nt,156.08
2026-07-02,nt,155.58
2026-07-03,nt,154.87
2026-07-04,nt,154.37
2026-07-05,nt,153.93
2026-07-06,nt,153.18
2026-07-07,nt,152.62
2026-07-08,nt,152.23
2026-07-09,nt,156.41
2026-07-10,nt,156.09
2026-07-11,nt,156
2026-07-12,nt,155.8
2026-07-13,nt,155.87
2026-07-14,nt,156.36
2026-07-15,nt,156.35
2026-07-16,nt,156.01
2026-07-17,nt,161.23
2026-07-18,nt,166.47
2026-07-19,nt,171.05
2026-07-20,nt,175.82
2026-07-21,nt,179.14
2026-07-22,nt,182.8
2026-07-23,nt,182.53
2026-07-24,nt,181.98
2026-07-25,nt,181.19
2026-07-26,nt,180.92
2026-07-27,nt,180.64
2026-07-28,nt,181.09
2026-07-29,nt,181.48
2026-07-30,nt,181.2
2026-07-31,nt,181.62
2026-08-01,nt,182.56
2026-08-02,nt,183.65
2026-08-03,nt,183.56
2026-08-04,nt,183.42
2026-08-05,nt,183.18
2026-08-06,nt,183.18
2026-08-07,nt,182.39
2026-08-08,nt,180.99
2026-08-09,nt,179.71
2026-08-10,nt,180.05
2026-08-11,nt,181.04
2026-08-12,nt,182.3
2026-08-13,nt,183.35
2026-08-14,nt,184.82
2026-08-15,nt,186.49
2026-08-16,nt,188.09
2026-08-17,nt,188.83
2026-08-18,nt,189.05
2026-08-19,nt,189.29
2026-08-20,nt,189.67
2026-08-21,nt,189.72
2026-08-22,nt,189.95
2026-08-23,nt,189.97
2026-08-24,nt,190.37
2026-08-25,nt,190.85
2026-08-26,nt,190.79
2026-08-27,nt,190.67
2026-08-28,nt,189.91
2026-08-29,nt,189.35
2026-08-30,nt,188.66
2026-08-31,nt,187.24
2026-09-01,nt,186.56
2026-09-02,nt,187.01
2026-09-03,nt,187.62
2026-09-04,nt,188.78
2026-09-05,nt,189.03
2026-09-06,nt,189.04
2026-09-07,nt,190.05
2026-09-08,nt,190.03
2026-09-09,nt,188.79
2026-09-10,nt,188.75
2026-09-11,nt,188.38
2026-09-12,nt,188.78
2026-09-13,nt,189.59
2026-09-14,nt,190.37
2026-09-15,nt,191.49
2026-09-16,nt,193.07
2026-09-17,nt,193.24
2026-09-18,nt,193.22
2020-02-01,qld,100
2020-02-02,qld,99.48
2020-02-03,qld,98.83
2020-02-04,qld,98.34
2020-02-05,qld,98.08
2020-02-06,qld,97.77
2020-02-07,qld,97.6
2020-02-08,qld,97.46
2020-02-09,qld,97.32
2020-02-10,qld,97.37
2020-02-11,qld,97.51
2020-02-12,qld,97.53
2020-02-13,qld,97.59
2020-02-14,qld,97.78
2020-02-15,qld,98.04
2020-02-16,qld,98.31
2020-02-17,qld,98.54
2020-02-18,qld,98.61
2020-02-19,qld,98.81
2020-02-20,qld,98.99
2020-02-21,qld,99.03
2020-02-22,qld,98.86
2020-02-23,qld,98.75
2020-02-24,qld,98.44
2020-02-25,qld,98.31
2020-02-26,qld,98.16
2020-02-27,qld,98.02
2020-02-28,qld,98.01
2020-02-29,qld,98.14
2020-03-01,qld,98.24
2020-03-02,qld,98.51
2020-03-03,qld,98.69
2020-03-04,qld,98.77
2020-03-05,qld,99.09
2020-03-06,qld,99.22
2020-03-07,qld,99.36
2020-03-08,qld,99.53
2020-03-09,qld,99.65
2020-03-10,qld,99.66
2020-03-11,qld,99.62
2020-03-12,qld,99.45
2020-03-13,qld,99.21
2020-03-14,qld,99.02
2020-03-15,qld,98.74
2020-03-16,qld,98.25
2020-03-17,qld,97.54
2020-03-18,qld,96.91
2020-03-19,qld,96.04
2020-03-20,qld,94.68
2020-03-21,qld,93.17
2020-03-22,qld,91.68
2020-03-23,qld,89.75
2020-03-24,qld,87.46
2020-03-25,qld,84.79
2020-03-26,qld,82.01
2020-03-27,qld,79.33
2020-03-28,qld,76.63
2020-03-29,qld,74.01
2020-03-30,qld,71.9
2020-03-31,qld,70.11
2020-04-01,qld,68.65
2020-04-02,qld,67.24
2020-04-03,qld,66.22
2020-04-04,qld,65.14
2020-04-05,qld,63.99
2020-04-06,qld,62.99
2020-04-07,qld,62.33
2020-04-08,qld,61.59
2020-04-09,qld,60.94
2020-04-10,qld,60.48
2020-04-11,qld,60.15
2020-04-12,qld,59.75
2020-04-13,qld,59.7
2020-04-14,qld,59.46
2020-04-15,qld,59.28
2020-04-16,qld,58.99
2020-04-17,qld,58.4
2020-04-18,qld,57.96
2020-04-19,qld,57.58
2020-04-20,qld,57.16
2020-04-21,qld,56.82
2020-04-22,qld,56.26
2020-04-23,qld,56
2020-04-24,qld,55.97
2020-04-25,qld,56.26
2020-04-26,qld,56.67
2020-04-27,qld,56.98
2020-04-28,qld,57.29
2020-04-29,qld,57.74
2020-04-30,qld,58.15
2020-05-01,qld,58.54
2020-05-02,qld,58.71
2020-05-03,qld,58.84
2020-05-04,qld,58.78
2020-05-05,qld,58.75
2020-05-06,qld,58.97
2020-05-07,qld,59.31
2020-05-08,qld,59.72
2020-05-09,qld,59.95
2020-05-10,qld,60.07
2020-05-11,qld,60.34
2020-05-12,qld,60.71
2020-05-13,qld,60.93
2020-05-14,qld,60.99
2020-05-15,qld,61.03
2020-05-16,qld,61.11
2020-05-17,qld,61.21
2020-05-18,qld,61.41
2020-05-19,qld,61.58
2020-05-20,qld,61.79
2020-05-21,qld,62.2
2020-05-22,qld,62.62
2020-05-23,qld,63.04
2020-05-24,qld,63.45
2020-05-25,qld,63.66
2020-05-26,qld,63.9
2020-05-27,qld,64.12
2020-05-28,qld,64.24
2020-05-29,qld,64.38
2020-05-30,qld,64.58
2020-05-31,qld,64.76
2020-06-01,qld,64.98
2020-06-02,qld,65.18
2020-06-03,qld,65.39
2020-06-04,qld,65.62
2020-06-05,qld,65.85
2020-06-06,qld,66
2020-06-07,qld,66.23
2020-06-08,qld,66.46
2020-06-09,qld,66.81
2020-06-10,qld,67.31
2020-06-11,qld,67.59
2020-06-12,qld,67.87
2020-06-13,qld,68.17
2020-06-14,qld,68.64
2020-06-15,qld,69.3
2020-06-16,qld,69.81
2020-06-17,qld,70.06
2020-06-18,qld,70.54
2020-06-19,qld,71.09
2020-06-20,qld,71.78
2020-06-21,qld,72.32
2020-06-22,qld,70.45
2020-06-23,qld,68.84
2020-06-24,qld,67.39
2020-06-25,qld,66.07
2020-06-26,qld,64.54
2020-06-27,qld,62.98
2020-06-28,qld,61.42
2020-06-29,qld,62.18
2020-06-30,qld,62.68
2020-07-01,qld,63.08
2020-07-02,qld,63.44
2020-07-03,qld,64.06
2020-07-04,qld,64.57
2020-07-05,qld,65.09
2020-07-06,qld,65.51
2020-07-07,qld,66.03
2020-07-08,qld,66.68
2020-07-09,qld,67.29
2020-07-10,qld,67.87
2020-07-11,qld,68.33
2020-07-12,qld,68.79
2020-07-13,qld,69.21
2020-07-14,qld,69.54
2020-07-15,qld,69.95
2020-07-16,qld,70.23
2020-07-17,qld,70.4
2020-07-18,qld,70.65
2020-07-19,qld,70.77
2020-07-20,qld,70.87
2020-07-21,qld,71.07
2020-07-22,qld,71.17
2020-07-23,qld,71.36
2020-07-24,qld,71.61
2020-07-25,qld,71.77
2020-07-26,qld,72.33
2020-07-27,qld,72.75
2020-07-28,qld,73.1
2020-07-29,qld,73.43
2020-07-30,qld,73.62
2020-07-31,qld,73.52
2020-08-01,qld,73.59
2020-08-02,qld,73.37
2020-08-03,qld,73.15
2020-08-04,qld,72.95
2020-08-05,qld,72.88
2020-08-06,qld,72.66
2020-08-07,qld,72.8
2020-08-08,qld,72.97
2020-08-09,qld,73.05
2020-08-10,qld,73.27
2020-08-11,qld,73.53
2020-08-12,qld,73.88
2020-08-13,qld,74.48
2020-08-14,qld,75.03
2020-08-15,qld,75.27
2020-08-16,qld,75.8
2020-08-17,qld,76.27
2020-08-18,qld,76.65
2020-08-19,qld,76.85
2020-08-20,qld,76.96
2020-08-21,qld,76.86
2020-08-22,qld,76.97
2020-08-23,qld,76.79
2020-08-24,qld,76.76
2020-08-25,qld,76.8
2020-08-26,qld,76.91
2020-08-27,qld,77.11
2020-08-28,qld,77.3
2020-08-29,qld,77.6
2020-08-30,qld,77.84
2020-08-31,qld,78.22
2020-09-01,qld,78.69
2020-09-02,qld,78.84
2020-09-03,qld,79.06
2020-09-04,qld,79.19
2020-09-05,qld,79.25
2020-09-06,qld,79.49
2020-09-07,qld,79.42
2020-09-08,qld,79.36
2020-09-09,qld,79.58
2020-09-10,qld,79.86
2020-09-11,qld,80.3
2020-09-12,qld,80.63
2020-09-13,qld,80.72
2020-09-14,qld,80.94
2020-09-15,qld,81.04
2020-09-16,qld,81.12
2020-09-17,qld,81.06
2020-09-18,qld,80.83
2020-09-19,qld,80.59
2020-09-20,qld,80.7
2020-09-21,qld,80.68
2020-09-22,qld,80.83
2020-09-23,qld,80.85
2020-09-24,qld,80.98
2020-09-25,qld,81.33
2020-09-26,qld,81.79
2020-09-27,qld,82.31
2020-09-28,qld,82.7
2020-09-29,qld,82.98
2020-09-30,qld,83.58
2020-10-01,qld,84.12
2020-10-02,qld,84.46
2020-10-03,qld,84.54
2020-10-04,qld,84.36
2020-10-05,qld,84.56
2020-10-06,qld,84.58
2020-10-07,qld,87.01
2020-10-08,qld,89.51
2020-10-09,qld,92.44
2020-10-10,qld,95.7
2020-10-11,qld,99.1
2020-10-12,qld,102.21
2020-10-13,qld,105.41
2020-10-14,qld,105.99
2020-10-15,qld,106.53
2020-10-16,qld,106.76
2020-10-17,qld,106.93
2020-10-18,qld,107
2020-10-19,qld,107.13
2020-10-20,qld,107.29
2020-10-21,qld,107.65
2020-10-22,qld,107.82
2020-10-23,qld,107.92
2020-10-24,qld,107.72
2020-10-25,qld,107.58
2020-10-26,qld,107.54
2020-10-27,qld,107.67
2020-10-28,qld,107.54
2020-10-29,qld,107.82
2020-10-30,qld,108.19
2020-10-31,qld,108.98
2020-11-01,qld,109.9
2020-11-02,qld,110.77
2020-11-03,qld,111.51
2020-11-04,qld,112.19
2020-11-05,qld,112.7
2020-11-06,qld,113.09
2020-11-07,qld,113.46
2020-11-08,qld,113.7
2020-11-09,qld,113.73
2020-11-10,qld,113.75
2020-11-11,qld,113.63
2020-11-12,qld,113.34
2020-11-13,qld,113.34
2020-11-14,qld,112.97
2020-11-15,qld,112.79
2020-11-16,qld,112.7
2020-11-17,qld,112.61
2020-11-18,qld,112.72
2020-11-19,qld,113.14
2020-11-20,qld,113.38
2020-11-21,qld,113.82
2020-11-22,qld,114.01
2020-11-23,qld,114.31
2020-11-24,qld,114.6
2020-11-25,qld,114.86
2020-11-26,qld,115.07
2020-11-27,qld,115.52
2020-11-28,qld,116.05
2020-11-29,qld,116.61
2020-11-30,qld,117.22
2020-12-01,qld,117.79
2020-12-02,qld,118.48
2020-12-03,qld,119.02
2020-12-04,qld,119.43
2020-12-05,qld,119.93
2020-12-06,qld,120.47
2020-12-07,qld,120.75
2020-12-08,qld,121.1
2020-12-09,qld,121.53
2020-12-10,qld,121.97
2020-12-11,qld,122.43
2020-12-12,qld,122.54
2020-12-13,qld,122.8
2020-12-14,qld,123.24
2020-12-15,qld,123.35
2020-12-16,qld,123.26
2020-12-17,qld,123
2020-12-18,qld,122.52
2020-12-19,qld,122.38
2020-12-20,qld,122.08
2020-12-21,qld,121.57
2020-12-22,qld,118.71
2020-12-23,qld,115.79
2020-12-24,qld,113.03
2020-12-25,qld,110.64
2020-12-26,qld,107.86
2020-12-27,qld,105.12
2020-12-28,qld,102.71
2020-12-29,qld,102.65
2020-12-30,qld,102.68
2020-12-31,qld,102.88
2021-01-01,qld,102.85
2021-01-02,qld,102.9
2021-01-03,qld,102.95
2021-01-04,qld,102.57
2021-01-05,qld,102.88
2021-01-06,qld,103.29
2021-01-07,qld,103.27
2021-01-08,qld,103.23
2021-01-09,qld,103.31
2021-01-10,qld,103.36
2021-01-11,qld,103.8
2021-01-12,qld,103.94
2021-01-13,qld,103.85
2021-01-14,qld,104.17
2021-01-15,qld,104.54
2021-01-16,qld,105.18
2021-01-17,qld,105.68
2021-01-18,qld,106.12
2021-01-19,qld,106.47
2021-01-20,qld,106.88
2021-01-21,qld,107.13
2021-01-22,qld,107.5
2021-01-23,qld,107.51
2021-01-24,qld,107.86
2021-01-25,qld,108.06
2021-01-26,qld,108.49
2021-01-27,qld,108.54
2021-01-28,qld,108.74
2021-01-29,qld,108.71
2021-01-30,qld,108.82
2021-01-31,qld,108.55
2021-02-01,qld,108.52
2021-02-02,qld,108.26
2021-02-03,qld,108.36
2021-02-04,qld,108.2
2021-02-05,qld,108.21
2021-02-06,qld,108.23
2021-02-07,qld,108.52
2021-02-08,qld,108.59
2021-02-09,qld,108.73
2021-02-10,qld,108.97
2021-02-11,qld,109.3
2021-02-12,qld,109.63
2021-02-13,qld,110.03
2021-02-14,qld,110.45
2021-02-15,qld,111.06
2021-02-16,qld,111.59
2021-02-17,qld,112.04
2021-02-18,qld,112.67
2021-02-19,qld,113.31
2021-02-20,qld,113.84
2021-02-21,qld,114.39
2021-02-22,qld,114.79
2021-02-23,qld,115.38
2021-02-24,qld,116
2021-02-25,qld,116.59
2021-02-26,qld,117.11
2021-02-27,qld,117.59
2021-02-28,qld,117.94
2021-03-01,qld,118.34
2021-03-02,qld,118.81
2021-03-03,qld,119.29
2021-03-04,qld,119.68
2021-03-05,qld,120.17
2021-03-06,qld,120.63
2021-03-07,qld,121.27
2021-03-08,qld,121.9
2021-03-09,qld,122.38
2021-03-10,qld,122.82
2021-03-11,qld,123.23
2021-03-12,qld,123.44
2021-03-13,qld,124.17
2021-03-14,qld,124.72
2021-03-15,qld,125.3
2021-03-16,qld,125.75
2021-03-17,qld,126.34
2021-03-18,qld,126.8
2021-03-19,qld,127.37
2021-03-20,qld,127.68
2021-03-21,qld,127.91
2021-03-22,qld,127.82
2021-03-23,qld,127.74
2021-03-24,qld,127.45
2021-03-25,qld,127.19
2021-03-26,qld,126.83
2021-03-27,qld,126.57
2021-03-28,qld,126.35
2021-03-29,qld,126.46
2021-03-30,qld,126.59
2021-03-31,qld,126.7
2021-04-01,qld,127.22
2021-04-02,qld,128.16
2021-04-03,qld,128.62
2021-04-04,qld,129.03
2021-04-05,qld,129.63
2021-04-06,qld,129.85
2021-04-07,qld,129.89
2021-04-08,qld,129.53
2021-04-09,qld,129
2021-04-10,qld,129.14
2021-04-11,qld,129.25
2021-04-12,qld,129.35
2021-04-13,qld,130.02
2021-04-14,qld,131.39
2021-04-15,qld,132.75
2021-04-16,qld,133.88
2021-04-17,qld,134.8
2021-04-18,qld,135.83
2021-04-19,qld,136.5
2021-04-20,qld,137.38
2021-04-21,qld,137.14
2021-04-22,qld,137.07
2021-04-23,qld,137.46
2021-04-24,qld,137.52
2021-04-25,qld,137.83
2021-04-26,qld,138.49
2021-04-27,qld,138.25
2021-04-28,qld,138.21
2021-04-29,qld,138.06
2021-04-30,qld,137.59
2021-05-01,qld,137.21
2021-05-02,qld,136.74
2021-05-03,qld,135.59
2021-05-04,qld,135.2
2021-05-05,qld,135.24
2021-05-06,qld,135.4
2021-05-07,qld,135.6
2021-05-08,qld,136.05
2021-05-09,qld,136.31
2021-05-10,qld,136.97
2021-05-11,qld,137.25
2021-05-12,qld,137.79
2021-05-13,qld,138.26
2021-05-14,qld,138.35
2021-05-15,qld,138.4
2021-05-16,qld,138.48
2021-05-17,qld,138.46
2021-05-18,qld,138.65
2021-05-19,qld,139.04
2021-05-20,qld,139.36
2021-05-21,qld,139.86
2021-05-22,qld,139.56
2021-05-23,qld,139.28
2021-05-24,qld,139.01
2021-05-25,qld,138.68
2021-05-26,qld,137.92
2021-05-27,qld,137.2
2021-05-28,qld,136.35
2021-05-29,qld,136.37
2021-05-30,qld,136.36
2021-05-31,qld,136.4
2021-06-01,qld,136.7
2021-06-02,qld,137.19
2021-06-03,qld,138.02
2021-06-04,qld,139.21
2021-06-05,qld,140.55
2021-06-06,qld,141.77
2021-06-07,qld,142.85
2021-06-08,qld,143.72
2021-06-09,qld,143.98
2021-06-10,qld,143.93
2021-06-11,qld,143.77
2021-06-12,qld,143.16
2021-06-13,qld,142.86
2021-06-14,qld,142.67
2021-06-15,qld,142.24
2021-06-16,qld,142.17
2021-06-17,qld,142.23
2021-06-18,qld,142.34
2021-06-19,qld,142.53
2021-06-20,qld,142.59
2021-06-21,qld,142.7
2021-06-22,qld,143.1
2021-06-23,qld,143.55
2021-06-24,qld,143.91
2021-06-25,qld,144.28
2021-06-26,qld,144.37
2021-06-27,qld,144.49
2021-06-28,qld,145.11
2021-06-29,qld,145.68
2021-06-30,qld,146.41
2021-07-01,qld,147.13
2021-07-02,qld,147.72
2021-07-03,qld,148.75
2021-07-04,qld,149.76
2021-07-05,qld,149.95
2021-07-06,qld,150.37
2021-07-07,qld,150.62
2021-07-08,qld,149.86
2021-07-09,qld,149.16
2021-07-10,qld,148.31
2021-07-11,qld,147.47
2021-07-12,qld,146.79
2021-07-13,qld,145.85
2021-07-14,qld,144.89
2021-07-15,qld,144.89
2021-07-16,qld,144.77
2021-07-17,qld,144.66
2021-07-18,qld,144.6
2021-07-19,qld,144.6
2021-07-20,qld,144.67
2021-07-21,qld,144.85
2021-07-22,qld,145.21
2021-07-23,qld,145.55
2021-07-24,qld,145.96
2021-07-25,qld,146.1
2021-07-26,qld,146.11
2021-07-27,qld,146.22
2021-07-28,qld,146.29
2021-07-29,qld,146.09
2021-07-30,qld,146.02
2021-07-31,qld,145.75
2021-08-01,qld,145.6
2021-08-02,qld,145.62
2021-08-03,qld,145.51
2021-08-04,qld,145.57
2021-08-05,qld,145.53
2021-08-06,qld,145.43
2021-08-07,qld,145.43
2021-08-08,qld,145.53
2021-08-09,qld,145.43
2021-08-10,qld,145.07
2021-08-11,qld,144.5
2021-08-12,qld,144.01
2021-08-13,qld,143.5
2021-08-14,qld,142.99
2021-08-15,qld,142.51
2021-08-16,qld,142.31
2021-08-17,qld,142.11
2021-08-18,qld,142.12
2021-08-19,qld,142.32
2021-08-20,qld,142.38
2021-08-21,qld,142.56
2021-08-22,qld,142.57
2021-08-23,qld,142.4
2021-08-24,qld,142.62
2021-08-25,qld,142.81
2021-08-26,qld,143
2021-08-27,qld,143.42
2021-08-28,qld,143.8
2021-08-29,qld,144.26
2021-08-30,qld,144.66
2021-08-31,qld,145.04
2021-09-01,qld,145.35
2021-09-02,qld,145.66
2021-09-03,qld,145.93
2021-09-04,qld,145.68
2021-09-05,qld,145.76
2021-09-06,qld,146.06
2021-09-07,qld,146.41
2021-09-08,qld,146.85
2021-09-09,qld,147.1
2021-09-10,qld,147.51
2021-09-11,qld,148.54
2021-09-12,qld,149.06
2021-09-13,qld,149.52
2021-09-14,qld,150.02
2021-09-15,qld,150.54
2021-09-16,qld,151.34
2021-09-17,qld,152.26
2021-09-18,qld,152.93
2021-09-19,qld,153.78
2021-09-20,qld,154.49
2021-09-21,qld,155
2021-09-22,qld,155.44
2021-09-23,qld,155.69
2021-09-24,qld,155.78
2021-09-25,qld,155.74
2021-09-26,qld,155.86
2021-09-27,qld,156.12
2021-09-28,qld,156.36
2021-09-29,qld,156.69
2021-09-30,qld,157.06
2021-10-01,qld,157.35
2021-10-02,qld,158.13
2021-10-03,qld,158.67
2021-10-04,qld,159.32
2021-10-05,qld,159.48
2021-10-06,qld,159.47
2021-10-07,qld,159.28
2021-10-08,qld,159.19
2021-10-09,qld,159.03
2021-10-10,qld,158.92
2021-10-11,qld,158.6
2021-10-12,qld,158.83
2021-10-13,qld,159.11
2021-10-14,qld,159.63
2021-10-15,qld,159.95
2021-10-16,qld,159.8
2021-10-17,qld,159.9
2021-10-18,qld,160.05
2021-10-19,qld,160.16
2021-10-20,qld,160.28
2021-10-21,qld,160.37
2021-10-22,qld,160.51
2021-10-23,qld,161.13
2021-10-24,qld,161.5
2021-10-25,qld,162.05
2021-10-26,qld,162.5
2021-10-27,qld,162.87
2021-10-28,qld,163.24
2021-10-29,qld,163.75
2021-10-30,qld,164
2021-10-31,qld,164.26
2021-11-01,qld,164.33
2021-11-02,qld,164.56
2021-11-03,qld,164.7
2021-11-04,qld,164.85
2021-11-05,qld,164.92
2021-11-06,qld,165.25
2021-11-07,qld,165.45
2021-11-08,qld,165.76
2021-11-09,qld,166.06
2021-11-10,qld,166.51
2021-11-11,qld,166.99
2021-11-12,qld,167.69
2021-11-13,qld,168.11
2021-11-14,qld,168.95
2021-11-15,qld,169.51
2021-11-16,qld,169.94
2021-11-17,qld,170.39
2021-11-18,qld,170.7
2021-11-19,qld,170.61
2021-11-20,qld,170.49
2021-11-21,qld,170.41
2021-11-22,qld,170.46
2021-11-23,qld,170.64
2021-11-24,qld,170.79
2021-11-25,qld,170.87
2021-11-26,qld,171.14
2021-11-27,qld,171.45
2021-11-28,qld,171.61
2021-11-29,qld,171.81
2021-11-30,qld,172.03
2021-12-01,qld,172.02
2021-12-02,qld,172.06
2021-12-03,qld,172.1
2021-12-04,qld,172.33
2021-12-05,qld,172.42
2021-12-06,qld,172.58
2021-12-07,qld,172.59
2021-12-08,qld,172.66
2021-12-09,qld,172.7
2021-12-10,qld,172.76
2021-12-11,qld,172.41
2021-12-12,qld,172.4
2021-12-13,qld,172.23
2021-12-14,qld,172.08
2021-12-15,qld,171.71
2021-12-16,qld,171.49
2021-12-17,qld,171.17
2021-12-18,qld,171.27
2021-12-19,qld,171.22
2021-12-20,qld,171.35
2021-12-21,qld,171.25
2021-12-22,qld,171.45
2021-12-23,qld,171.88
2021-12-24,qld,172.62
2021-12-25,qld,173.32
2021-12-26,qld,173.98
2021-12-27,qld,174.84
2021-12-28,qld,175.61
2021-12-29,qld,176.01
2021-12-30,qld,175.99
2021-12-31,qld,175.77
2022-01-01,qld,175.38
2022-01-02,qld,174.83
2022-01-03,qld,174.45
2022-01-04,qld,173.86
2022-01-05,qld,173.96
2022-01-06,qld,173.99
2022-01-07,qld,174.08
2022-01-08,qld,174.04
2022-01-09,qld,173.92
2022-01-10,qld,173.38
2022-01-11,qld,173.52
2022-01-12,qld,173.57
2022-01-13,qld,173.84
2022-01-14,qld,174.01
2022-01-15,qld,174.56
2022-01-16,qld,175.15
2022-01-17,qld,175.95
2022-01-18,qld,176.57
2022-01-19,qld,177.16
2022-01-20,qld,177.84
2022-01-21,qld,178.61
2022-01-22,qld,178.98
2022-01-23,qld,179.33
2022-01-24,qld,179.56
2022-01-25,qld,179.95
2022-01-26,qld,180.53
2022-01-27,qld,181.1
2022-01-28,qld,181.76
2022-01-29,qld,182.38
2022-01-30,qld,183.27
2022-01-31,qld,183.99
2022-02-01,qld,184.61
2022-02-02,qld,185.1
2022-02-03,qld,185.6
2022-02-04,qld,186.08
2022-02-05,qld,189.22
2022-02-06,qld,192.35
2022-02-07,qld,195.36
2022-02-08,qld,198.66
2022-02-09,qld,201.76
2022-02-10,qld,204.74
2022-02-11,qld,207.64
2022-02-12,qld,208.2
2022-02-13,qld,208.33
2022-02-14,qld,208.29
2022-02-15,qld,207.97
2022-02-16,qld,207.76
2022-02-17,qld,207.58
2022-02-18,qld,207.4
2022-02-19,qld,206.95
2022-02-20,qld,206.82
2022-02-21,qld,206.92
2022-02-22,qld,207.23
2022-02-23,qld,207.6
2022-02-24,qld,208.12
2022-02-25,qld,208.92
2022-02-26,qld,209.89
2022-02-27,qld,210.66
2022-02-28,qld,211.33
2022-03-01,qld,211.84
2022-03-02,qld,212.15
2022-03-03,qld,212.31
2022-03-04,qld,212.1
2022-03-05,qld,211.73
2022-03-06,qld,211.6
2022-03-07,qld,211.79
2022-03-08,qld,211.94
2022-03-09,qld,209.46
2022-03-10,qld,206.82
2022-03-11,qld,204.39
2022-03-12,qld,202.38
2022-03-13,qld,200.06
2022-03-14,qld,197.45
2022-03-15,qld,194.83
2022-03-16,qld,195.09
2022-03-17,qld,195.55
2022-03-18,qld,195.9
2022-03-19,qld,196.13
2022-03-20,qld,196.58
2022-03-21,qld,197.31
2022-03-22,qld,198.14
2022-03-23,qld,198.52
2022-03-24,qld,198.94
2022-03-25,qld,199.5
2022-03-26,qld,200.09
2022-03-27,qld,200.6
2022-03-28,qld,201.08
2022-03-29,qld,201.49
2022-03-30,qld,202.4
2022-03-31,qld,203.05
2022-04-01,qld,203.81
2022-04-02,qld,204.67
2022-04-03,qld,205.56
2022-04-04,qld,206.25
2022-04-05,qld,206.85
2022-04-06,qld,207.39
2022-04-07,qld,206.9
2022-04-08,qld,206.41
2022-04-09,qld,205.39
2022-04-10,qld,204.3
2022-04-11,qld,203.39
2022-04-12,qld,202.26
2022-04-13,qld,200.87
2022-04-14,qld,200.73
2022-04-15,qld,200.83
2022-04-16,qld,200.62
2022-04-17,qld,200.41
2022-04-18,qld,200.48
2022-04-19,qld,200.05
2022-04-20,qld,199.93
2022-04-21,qld,199.54
2022-04-22,qld,198.56
2022-04-23,qld,198.5
2022-04-24,qld,198.45
2022-04-25,qld,198.58
2022-04-26,qld,198.54
2022-04-27,qld,198.5
2022-04-28,qld,198.84
2022-04-29,qld,199.09
2022-04-30,qld,199.25
2022-05-01,qld,199.31
2022-05-02,qld,198.65
2022-05-03,qld,198.93
2022-05-04,qld,199.02
2022-05-05,qld,198.68
2022-05-06,qld,198.61
2022-05-07,qld,198.57
2022-05-08,qld,198.81
2022-05-09,qld,198.93
2022-05-10,qld,199.17
2022-05-11,qld,199.64
2022-05-12,qld,200.21
2022-05-13,qld,200.57
2022-05-14,qld,201.02
2022-05-15,qld,201.45
2022-05-16,qld,202.17
2022-05-17,qld,203
2022-05-18,qld,203.86
2022-05-19,qld,204.78
2022-05-20,qld,205.92
2022-05-21,qld,206.63
2022-05-22,qld,207.29
2022-05-23,qld,208.28
2022-05-24,qld,208.7
2022-05-25,qld,209.27
2022-05-26,qld,209.98
2022-05-27,qld,210.3
2022-05-28,qld,210.99
2022-05-29,qld,211.52
2022-05-30,qld,211.84
2022-05-31,qld,212.86
2022-06-01,qld,213.17
2022-06-02,qld,213.51
2022-06-03,qld,214.07
2022-06-04,qld,214.6
2022-06-05,qld,215.05
2022-06-06,qld,215.25
2022-06-07,qld,215.22
2022-06-08,qld,215.33
2022-06-09,qld,215.45
2022-06-10,qld,215.81
2022-06-11,qld,215.45
2022-06-12,qld,215.22
2022-06-13,qld,215.7
2022-06-14,qld,215.63
2022-06-15,qld,216.25
2022-06-16,qld,216.44
2022-06-17,qld,216.43
2022-06-18,qld,216.81
2022-06-19,qld,217.31
2022-06-20,qld,217.21
2022-06-21,qld,217.68
2022-06-22,qld,217.79
2022-06-23,qld,218.15
2022-06-24,qld,218.57
2022-06-25,qld,219.42
2022-06-26,qld,220.06
2022-06-27,qld,220.76
2022-06-28,qld,221.09
2022-06-29,qld,221.22
2022-06-30,qld,221.29
2022-07-01,qld,221.12
2022-07-02,qld,220.79
2022-07-03,qld,220.34
2022-07-04,qld,220.25
2022-07-05,qld,220.17
2022-07-06,qld,219.98
2022-07-07,qld,219.32
2022-07-08,qld,219.09
2022-07-09,qld,218.96
2022-07-10,qld,218.98
2022-07-11,qld,218.53
2022-07-12,qld,218.23
2022-07-13,qld,218.03
2022-07-14,qld,218.43
2022-07-15,qld,218.89
2022-07-16,qld,219.35
2022-07-17,qld,219.83
2022-07-18,qld,220.3
2022-07-19,qld,220.55
2022-07-20,qld,220.93
2022-07-21,qld,221.11
2022-07-22,qld,220.9
2022-07-23,qld,220.03
2022-07-24,qld,219.69
2022-07-25,qld,219.05
2022-07-26,qld,218.76
2022-07-27,qld,218.05
2022-07-28,qld,217.22
2022-07-29,qld,216.33
2022-07-30,qld,215.94
2022-07-31,qld,215.2
2022-08-01,qld,214.94
2022-08-02,qld,214.36
2022-08-03,qld,214.18
2022-08-04,qld,214.71
2022-08-05,qld,215.5
2022-08-06,qld,216.23
2022-08-07,qld,216.68
2022-08-08,qld,217.08
2022-08-09,qld,217.71
2022-08-10,qld,218.51
2022-08-11,qld,218.77
2022-08-12,qld,219.02
2022-08-13,qld,219.08
2022-08-14,qld,219.65
2022-08-15,qld,219.68
2022-08-16,qld,220.15
2022-08-17,qld,220.3
2022-08-18,qld,220.65
2022-08-19,qld,220.66
2022-08-20,qld,220.97
2022-08-21,qld,221.03
2022-08-22,qld,221.34
2022-08-23,qld,221.45
2022-08-24,qld,221.75
2022-08-25,qld,221.99
2022-08-26,qld,222.74
2022-08-27,qld,223.26
2022-08-28,qld,223.46
2022-08-29,qld,224.03
2022-08-30,qld,224.03
2022-08-31,qld,224.34
2022-09-01,qld,224.95
2022-09-02,qld,224.89
2022-09-03,qld,225.48
2022-09-04,qld,225.48
2022-09-05,qld,225.47
2022-09-06,qld,225.66
2022-09-07,qld,225.43
2022-09-08,qld,225.13
2022-09-09,qld,224.63
2022-09-10,qld,224.07
2022-09-11,qld,223.78
2022-09-12,qld,223.14
2022-09-13,qld,222.81
2022-09-14,qld,222.71
2022-09-15,qld,222.62
2022-09-16,qld,223.43
2022-09-17,qld,223.64
2022-09-18,qld,224.26
2022-09-19,qld,224.76
2022-09-20,qld,225.09
2022-09-21,qld,225.71
2022-09-22,qld,226.37
2022-09-23,qld,226.48
2022-09-24,qld,226.79
2022-09-25,qld,227.16
2022-09-26,qld,227.6
2022-09-27,qld,228.55
2022-09-28,qld,228.93
2022-09-29,qld,228.92
2022-09-30,qld,229.47
2022-10-01,qld,229.62
2022-10-02,qld,230.49
2022-10-03,qld,231.77
2022-10-04,qld,231.72
2022-10-05,qld,231.96
2022-10-06,qld,232.32
2022-10-07,qld,232.56
2022-10-08,qld,233.48
2022-10-09,qld,233.64
2022-10-10,qld,233.72
2022-10-11,qld,234.54
2022-10-12,qld,235.15
2022-10-13,qld,235.59
2022-10-14,qld,236.15
2022-10-15,qld,236.55
2022-10-16,qld,237.19
2022-10-17,qld,237.22
2022-10-18,qld,237.72
2022-10-19,qld,238.48
2022-10-20,qld,239.33
2022-10-21,qld,240
2022-10-22,qld,239.82
2022-10-23,qld,240.57
2022-10-24,qld,241.75
2022-10-25,qld,242.47
2022-10-26,qld,242.98
2022-10-27,qld,243.59
2022-10-28,qld,243.98
2022-10-29,qld,245.03
2022-10-30,qld,245.29
2022-10-31,qld,245.39
2022-11-01,qld,245.59
2022-11-02,qld,245.85
2022-11-03,qld,245.97
2022-11-04,qld,246.09
2022-11-05,qld,246.41
2022-11-06,qld,246.52
2022-11-07,qld,246.62
2022-11-08,qld,246.4
2022-11-09,qld,246.06
2022-11-10,qld,245.53
2022-11-11,qld,244.74
2022-11-12,qld,243.95
2022-11-13,qld,243.17
2022-11-14,qld,242.56
2022-11-15,qld,242.2
2022-11-16,qld,241.45
2022-11-17,qld,240.64
2022-11-18,qld,240.49
2022-11-19,qld,239.79
2022-11-20,qld,239.45
2022-11-21,qld,238.98
2022-11-22,qld,238.46
2022-11-23,qld,238.2
2022-11-24,qld,237.9
2022-11-25,qld,237.5
2022-11-26,qld,237.39
2022-11-27,qld,236.89
2022-11-28,qld,236.63
2022-11-29,qld,236.33
2022-11-30,qld,235.96
2022-12-01,qld,235.64
2022-12-02,qld,235.17
2022-12-03,qld,234.63
2022-12-04,qld,234.41
2022-12-05,qld,234.34
2022-12-06,qld,233.83
2022-12-07,qld,233.43
2022-12-08,qld,233.16
2022-12-09,qld,233.15
2022-12-10,qld,233.07
2022-12-11,qld,232.85
2022-12-12,qld,232.58
2022-12-13,qld,232.61
2022-12-14,qld,232.38
2022-12-15,qld,231.7
2022-12-16,qld,230.61
2022-12-17,qld,229.66
2022-12-18,qld,228.97
2022-12-19,qld,228.46
2022-12-20,qld,227.57
2022-12-21,qld,227.19
2022-12-22,qld,226.66
2022-12-23,qld,226.47
2022-12-24,qld,226.48
2022-12-25,qld,226.52
2022-12-26,qld,226.74
2022-12-27,qld,227.2
2022-12-28,qld,226.94
2022-12-29,qld,227.08
2022-12-30,qld,226.91
2022-12-31,qld,226.45
2023-01-01,qld,225.67
2023-01-02,qld,224.88
2023-01-03,qld,224.09
2023-01-04,qld,223.71
2023-01-05,qld,223.75
2023-01-06,qld,223.94
2023-01-07,qld,223.7
2023-01-08,qld,223.32
2023-01-09,qld,222.25
2023-01-10,qld,221.92
2023-01-11,qld,221.94
2023-01-12,qld,221.95
2023-01-13,qld,222
2023-01-14,qld,222.25
2023-01-15,qld,222.61
2023-01-16,qld,222.92
2023-01-17,qld,223.54
2023-01-18,qld,223.82
2023-01-19,qld,224.03
2023-01-20,qld,224.15
2023-01-21,qld,224.33
2023-01-22,qld,224.57
2023-01-23,qld,224.6
2023-01-24,qld,224.23
2023-01-25,qld,223.93
2023-01-26,qld,224.76
2023-01-27,qld,225.07
2023-01-28,qld,225.7
2023-01-29,qld,226.1
2023-01-30,qld,226.91
2023-01-31,qld,227.12
2023-02-01,qld,227.25
2023-02-02,qld,226.09
2023-02-03,qld,225.21
2023-02-04,qld,224.21
2023-02-05,qld,223.26
2023-02-06,qld,222.43
2023-02-07,qld,221.85
2023-02-08,qld,221.18
2023-02-09,qld,220.93
2023-02-10,qld,221
2023-02-11,qld,221.07
2023-02-12,qld,220.99
2023-02-13,qld,220.95
2023-02-14,qld,221.14
2023-02-15,qld,221.28
2023-02-16,qld,220.97
2023-02-17,qld,220.29
2023-02-18,qld,219.16
2023-02-19,qld,218.67
2023-02-20,qld,217.97
2023-02-21,qld,217.01
2023-02-22,qld,216.23
2023-02-23,qld,215.77
2023-02-24,qld,215.22
2023-02-25,qld,214.95
2023-02-26,qld,214.27
2023-02-27,qld,213.48
2023-02-28,qld,212.97
2023-03-01,qld,212.34
2023-03-02,qld,211.63
2023-03-03,qld,211.04
2023-03-04,qld,210.7
2023-03-05,qld,210.49
2023-03-06,qld,210.39
2023-03-07,qld,210.37
2023-03-08,qld,210.28
2023-03-09,qld,210.12
2023-03-10,qld,210.92
2023-03-11,qld,211.52
2023-03-12,qld,211.84
2023-03-13,qld,212.22
2023-03-14,qld,212.48
2023-03-15,qld,212.81
2023-03-16,qld,213.28
2023-03-17,qld,212.88
2023-03-18,qld,212.91
2023-03-19,qld,212.89
2023-03-20,qld,213.12
2023-03-21,qld,212.79
2023-03-22,qld,213.01
2023-03-23,qld,213.13
2023-03-24,qld,213.11
2023-03-25,qld,212.79
2023-03-26,qld,212.77
2023-03-27,qld,212.45
2023-03-28,qld,212.38
2023-03-29,qld,211.81
2023-03-30,qld,211.37
2023-03-31,qld,211.17
2023-04-01,qld,211.02
2023-04-02,qld,210.67
2023-04-03,qld,210.52
2023-04-04,qld,210.56
2023-04-05,qld,210.65
2023-04-06,qld,210.65
2023-04-07,qld,211.41
2023-04-08,qld,211.7
2023-04-09,qld,212.05
2023-04-10,qld,212.63
2023-04-11,qld,212.34
2023-04-12,qld,212.07
2023-04-13,qld,211.62
2023-04-14,qld,210.42
2023-04-15,qld,209.24
2023-04-16,qld,208.41
2023-04-17,qld,207.29
2023-04-18,qld,207.02
2023-04-19,qld,206.7
2023-04-20,qld,206.4
2023-04-21,qld,206.22
2023-04-22,qld,206.59
2023-04-23,qld,206.29
2023-04-24,qld,205.91
2023-04-25,qld,205.81
2023-04-26,qld,204.95
2023-04-27,qld,204.47
2023-04-28,qld,203.96
2023-04-29,qld,203.26
2023-04-30,qld,202.73
2023-05-01,qld,202.36
2023-05-02,qld,201.6
2023-05-03,qld,201.54
2023-05-04,qld,200.92
2023-05-05,qld,200.45
2023-05-06,qld,200.21
2023-05-07,qld,200.07
2023-05-08,qld,199.63
2023-05-09,qld,199.87
2023-05-10,qld,200.22
2023-05-11,qld,200.86
2023-05-12,qld,201.34
2023-05-13,qld,201.64
2023-05-14,qld,202
2023-05-15,qld,202.16
2023-05-16,qld,201.84
2023-05-17,qld,201.62
2023-05-18,qld,201.55
2023-05-19,qld,201.42
2023-05-20,qld,200.91
2023-05-21,qld,200.67
2023-05-22,qld,200.65
2023-05-23,qld,200.35
2023-05-24,qld,199.89
2023-05-25,qld,199.35
2023-05-26,qld,198.8
2023-05-27,qld,198.7
2023-05-28,qld,198.25
2023-05-29,qld,198.07
2023-05-30,qld,198.11
2023-05-31,qld,197.63
2023-06-01,qld,197.43
2023-06-02,qld,197.14
2023-06-03,qld,196.66
2023-06-04,qld,196.2
2023-06-05,qld,195.55
2023-06-06,qld,195.11
2023-06-07,qld,194.71
2023-06-08,qld,194.51
2023-06-09,qld,194.56
2023-06-10,qld,194.98
2023-06-11,qld,195.25
2023-06-12,qld,195.66
2023-06-13,qld,195.68
2023-06-14,qld,196.16
2023-06-15,qld,196.36
2023-06-16,qld,195.91
2023-06-17,qld,195.34
2023-06-18,qld,195.05
2023-06-19,qld,194.8
2023-06-20,qld,194.81
2023-06-21,qld,194.62
2023-06-22,qld,194.33
2023-06-23,qld,193.9
2023-06-24,qld,193.61
2023-06-25,qld,193.47
2023-06-26,qld,193.27
2023-06-27,qld,193.15
2023-06-28,qld,193.15
2023-06-29,qld,193.04
2023-06-30,qld,193.62
2023-07-01,qld,193.78
2023-07-02,qld,193.66
2023-07-03,qld,193.64
2023-07-04,qld,193.32
2023-07-05,qld,193.45
2023-07-06,qld,193.52
2023-07-07,qld,193.59
2023-07-08,qld,193.89
2023-07-09,qld,194.18
2023-07-10,qld,194.42
2023-07-11,qld,194.87
2023-07-12,qld,194.89
2023-07-13,qld,195.06
2023-07-14,qld,194.95
2023-07-15,qld,194.88
2023-07-16,qld,194.84
2023-07-17,qld,194.9
2023-07-18,qld,194.79
2023-07-19,qld,194.73
2023-07-20,qld,194.91
2023-07-21,qld,195.11
2023-07-22,qld,194.78
2023-07-23,qld,194.8
2023-07-24,qld,194.87
2023-07-25,qld,195.2
2023-07-26,qld,195.63
2023-07-27,qld,195.55
2023-07-28,qld,196.01
2023-07-29,qld,196.9
2023-07-30,qld,197.48
2023-07-31,qld,197.92
2023-08-01,qld,198.16
2023-08-02,qld,198.25
2023-08-03,qld,198.21
2023-08-04,qld,198.27
2023-08-05,qld,198.41
2023-08-06,qld,198.46
2023-08-07,qld,198.53
2023-08-08,qld,198.42
2023-08-09,qld,198.26
2023-08-10,qld,198.67
2023-08-11,qld,198.22
2023-08-12,qld,197.83
2023-08-13,qld,197.79
2023-08-14,qld,197.89
2023-08-15,qld,197.9
2023-08-16,qld,198.32
2023-08-17,qld,198.29
2023-08-18,qld,198.42
2023-08-19,qld,198.53
2023-08-20,qld,198.45
2023-08-21,qld,198.18
2023-08-22,qld,198.31
2023-08-23,qld,198.01
2023-08-24,qld,198.07
2023-08-25,qld,197.98
2023-08-26,qld,197.99
2023-08-27,qld,197.82
2023-08-28,qld,197.91
2023-08-29,qld,197.87
2023-08-30,qld,197.97
2023-08-31,qld,198.05
2023-09-01,qld,198.22
2023-09-02,qld,198.51
2023-09-03,qld,198.83
2023-09-04,qld,198.58
2023-09-05,qld,198.53
2023-09-06,qld,198.34
2023-09-07,qld,198.3
2023-09-08,qld,198.08
2023-09-09,qld,197.76
2023-09-10,qld,197.46
2023-09-11,qld,197.31
2023-09-12,qld,196.84
2023-09-13,qld,196.45
2023-09-14,qld,196.1
2023-09-15,qld,196.15
2023-09-16,qld,196.02
2023-09-17,qld,195.76
2023-09-18,qld,195.48
2023-09-19,qld,195.52
2023-09-20,qld,195.43
2023-09-21,qld,195.24
2023-09-22,qld,194.89
2023-09-23,qld,194.81
2023-09-24,qld,194.84
2023-09-25,qld,195.15
2023-09-26,qld,195.33
2023-09-27,qld,195.41
2023-09-28,qld,195.44
2023-09-29,qld,195.62
2023-09-30,qld,195.04
2023-10-01,qld,194.14
2023-10-02,qld,193.51
2023-10-03,qld,192.51
2023-10-04,qld,192.04
2023-10-05,qld,191.14
2023-10-06,qld,190.87
2023-10-07,qld,191.15
2023-10-08,qld,191.8
2023-10-09,qld,191.98
2023-10-10,qld,192.57
2023-10-11,qld,193.07
2023-10-12,qld,193.91
2023-10-13,qld,193.86
2023-10-14,qld,193.99
2023-10-15,qld,194.18
2023-10-16,qld,194.44
2023-10-17,qld,194.56
2023-10-18,qld,194.64
2023-10-19,qld,194.64
2023-10-20,qld,194.92
2023-10-21,qld,194.53
2023-10-22,qld,194.23
2023-10-23,qld,193.65
2023-10-24,qld,193.68
2023-10-25,qld,193.41
2023-10-26,qld,193.13
2023-10-27,qld,192.96
2023-10-28,qld,192.97
2023-10-29,qld,192.85
2023-10-30,qld,193.11
2023-10-31,qld,192.82
2023-11-01,qld,192.69
2023-11-02,qld,192.43
2023-11-03,qld,192.25
2023-11-04,qld,192.16
2023-11-05,qld,191.86
2023-11-06,qld,191.51
2023-11-07,qld,190.94
2023-11-08,qld,190.49
2023-11-09,qld,190.28
2023-11-10,qld,189.83
2023-11-11,qld,189.3
2023-11-12,qld,188.84
2023-11-13,qld,188.56
2023-11-14,qld,188.42
2023-11-15,qld,188.26
2023-11-16,qld,187.75
2023-11-17,qld,187.62
2023-11-18,qld,187.41
2023-11-19,qld,187.48
2023-11-20,qld,187.57
2023-11-21,qld,187.44
2023-11-22,qld,187.38
2023-11-23,qld,187.53
2023-11-24,qld,187.11
2023-11-25,qld,187.02
2023-11-26,qld,186.75
2023-11-27,qld,186.2
2023-11-28,qld,185.95
2023-11-29,qld,185.66
2023-11-30,qld,185.17
2023-12-01,qld,184.82
2023-12-02,qld,184.25
2023-12-03,qld,183.73
2023-12-04,qld,183.39
2023-12-05,qld,183.14
2023-12-06,qld,182.71
2023-12-07,qld,182.43
2023-12-08,qld,182.32
2023-12-09,qld,182.07
2023-12-10,qld,182.03
2023-12-11,qld,182.23
2023-12-12,qld,182.37
2023-12-13,qld,182.03
2023-12-14,qld,182.13
2023-12-15,qld,181.99
2023-12-16,qld,181.78
2023-12-17,qld,181.49
2023-12-18,qld,181.06
2023-12-19,qld,180.64
2023-12-20,qld,180.42
2023-12-21,qld,179.77
2023-12-22,qld,179.27
2023-12-23,qld,178.87
2023-12-24,qld,178.64
2023-12-25,qld,178.98
2023-12-26,qld,178.98
2023-12-27,qld,178.89
2023-12-28,qld,178.8
2023-12-29,qld,178.65
2023-12-30,qld,178.69
2023-12-31,qld,178.59
2024-01-01,qld,178.28
2024-01-02,qld,177.83
2024-01-03,qld,178.05
2024-01-04,qld,178.23
2024-01-05,qld,178.58
2024-01-06,qld,178.71
2024-01-07,qld,178.16
2024-01-08,qld,177.44
2024-01-09,qld,177.46
2024-01-10,qld,177.3
2024-01-11,qld,177.55
2024-01-12,qld,177.82
2024-01-13,qld,178.01
2024-01-14,qld,178.7
2024-01-15,qld,179.16
2024-01-16,qld,179.48
2024-01-17,qld,179.98
2024-01-18,qld,180.23
2024-01-19,qld,180.42
2024-01-20,qld,180.8
2024-01-21,qld,181.2
2024-01-22,qld,181.4
2024-01-23,qld,181.36
2024-01-24,qld,181.55
2024-01-25,qld,181.92
2024-01-26,qld,182.9
2024-01-27,qld,183.71
2024-01-28,qld,184.49
2024-01-29,qld,185.28
2024-01-30,qld,186.13
2024-01-31,qld,186.23
2024-02-01,qld,186.08
2024-02-02,qld,185.11
2024-02-03,qld,184.68
2024-02-04,qld,184.4
2024-02-05,qld,184.16
2024-02-06,qld,183.77
2024-02-07,qld,183.72
2024-02-08,qld,183.85
2024-02-09,qld,184.22
2024-02-10,qld,184.21
2024-02-11,qld,184.03
2024-02-12,qld,183.91
2024-02-13,qld,184.25
2024-02-14,qld,184.55
2024-02-15,qld,184.8
2024-02-16,qld,184.95
2024-02-17,qld,184.66
2024-02-18,qld,184.92
2024-02-19,qld,185.19
2024-02-20,qld,185.21
2024-02-21,qld,185.25
2024-02-22,qld,185.18
2024-02-23,qld,185.01
2024-02-24,qld,185.58
2024-02-25,qld,185.66
2024-02-26,qld,185.71
2024-02-27,qld,185.88
2024-02-28,qld,186.23
2024-02-29,qld,186.59
2024-03-01,qld,187.04
2024-03-02,qld,187.13
2024-03-03,qld,187.43
2024-03-04,qld,187.78
2024-03-05,qld,187.97
2024-03-06,qld,187.85
2024-03-07,qld,187.71
2024-03-08,qld,187.52
2024-03-09,qld,187.8
2024-03-10,qld,187.67
2024-03-11,qld,187.51
2024-03-12,qld,187.26
2024-03-13,qld,187.04
2024-03-14,qld,186.88
2024-03-15,qld,186.5
2024-03-16,qld,186.13
2024-03-17,qld,186.15
2024-03-18,qld,186.07
2024-03-19,qld,186.28
2024-03-20,qld,186.51
2024-03-21,qld,186.87
2024-03-22,qld,187.23
2024-03-23,qld,187.42
2024-03-24,qld,187.39
2024-03-25,qld,187.48
2024-03-26,qld,187.3
2024-03-27,qld,187.07
2024-03-28,qld,186.82
2024-03-29,qld,187.5
2024-03-30,qld,187.28
2024-03-31,qld,186.92
2024-04-01,qld,186.86
2024-04-02,qld,186.61
2024-04-03,qld,186.31
2024-04-04,qld,185.92
2024-04-05,qld,184.61
2024-04-06,qld,184.43
2024-04-07,qld,184.58
2024-04-08,qld,184.31
2024-04-09,qld,184.43
2024-04-10,qld,184.66
2024-04-11,qld,184.94
2024-04-12,qld,185.72
2024-04-13,qld,186.13
2024-04-14,qld,186.6
2024-04-15,qld,187.18
2024-04-16,qld,187.16
2024-04-17,qld,187.65
2024-04-18,qld,188.15
2024-04-19,qld,188.75
2024-04-20,qld,188.89
2024-04-21,qld,189.2
2024-04-22,qld,189.46
2024-04-23,qld,190.32
2024-04-24,qld,190.57
2024-04-25,qld,191.49
2024-04-26,qld,191.86
2024-04-27,qld,192.58
2024-04-28,qld,192.94
2024-04-29,qld,193.29
2024-04-30,qld,193.58
2024-05-01,qld,193.98
2024-05-02,qld,194.02
2024-05-03,qld,194.26
2024-05-04,qld,194.83
2024-05-05,qld,195.31
2024-05-06,qld,195.82
2024-05-07,qld,195.76
2024-05-08,qld,195.68
2024-05-09,qld,195.19
2024-05-10,qld,194.81
2024-05-11,qld,194.25
2024-05-12,qld,193.74
2024-05-13,qld,193.19
2024-05-14,qld,193.03
2024-05-15,qld,192.96
2024-05-16,qld,192.98
2024-05-17,qld,192.55
2024-05-18,qld,191.74
2024-05-19,qld,190.64
2024-05-20,qld,189.65
2024-05-21,qld,188.82
2024-05-22,qld,188.65
2024-05-23,qld,188.32
2024-05-24,qld,188.17
2024-05-25,qld,188.82
2024-05-26,qld,189.63
2024-05-27,qld,190.33
2024-05-28,qld,191.2
2024-05-29,qld,191.35
2024-05-30,qld,191.58
2024-05-31,qld,192.11
2024-06-01,qld,192.18
2024-06-02,qld,192.37
2024-06-03,qld,192.65
2024-06-04,qld,192.64
2024-06-05,qld,192.64
2024-06-06,qld,192.66
2024-06-07,qld,192.68
2024-06-08,qld,192.85
2024-06-09,qld,193.07
2024-06-10,qld,193.14
2024-06-11,qld,193.05
2024-06-12,qld,193.05
2024-06-13,qld,193.09
2024-06-14,qld,193.3
2024-06-15,qld,192.87
2024-06-16,qld,192.83
2024-06-17,qld,192.6
2024-06-18,qld,192.55
2024-06-19,qld,192.04
2024-06-20,qld,191.88
2024-06-21,qld,191.51
2024-06-22,qld,191.55
2024-06-23,qld,191.26
2024-06-24,qld,191.16
2024-06-25,qld,191.06
2024-06-26,qld,191.21
2024-06-27,qld,190.78
2024-06-28,qld,190.45
2024-06-29,qld,190.03
2024-06-30,qld,189.64
2024-07-01,qld,189.16
2024-07-02,qld,188.73
2024-07-03,qld,188.39
2024-07-04,qld,188.28
2024-07-05,qld,188.16
2024-07-06,qld,188.03
2024-07-07,qld,187.93
2024-07-08,qld,188.18
2024-07-09,qld,188.49
2024-07-10,qld,188.85
2024-07-11,qld,189.23
2024-07-12,qld,189.59
2024-07-13,qld,190.1
2024-07-14,qld,190.6
2024-07-15,qld,190.97
2024-07-16,qld,191.34
2024-07-17,qld,191.73
2024-07-18,qld,192.05
2024-07-19,qld,192.38
2024-07-20,qld,192.21
2024-07-21,qld,192.4
2024-07-22,qld,192.53
2024-07-23,qld,192.75
2024-07-24,qld,192.91
2024-07-25,qld,193.09
2024-07-26,qld,193.42
2024-07-27,qld,194.17
2024-07-28,qld,194.49
2024-07-29,qld,194.85
2024-07-30,qld,195.19
2024-07-31,qld,195.31
2024-08-01,qld,195.17
2024-08-02,qld,194.96
2024-08-03,qld,194.58
2024-08-04,qld,194.13
2024-08-05,qld,193.66
2024-08-06,qld,193.14
2024-08-07,qld,192.93
2024-08-08,qld,192.85
2024-08-09,qld,192.78
2024-08-10,qld,192.66
2024-08-11,qld,192.72
2024-08-12,qld,192.94
2024-08-13,qld,193.19
2024-08-14,qld,193.01
2024-08-15,qld,193.03
2024-08-16,qld,192.99
2024-08-17,qld,193.41
2024-08-18,qld,193.59
2024-08-19,qld,193.52
2024-08-20,qld,193.39
2024-08-21,qld,193.66
2024-08-22,qld,193.82
2024-08-23,qld,193.99
2024-08-24,qld,193.98
2024-08-25,qld,193.96
2024-08-26,qld,194.07
2024-08-27,qld,194.26
2024-08-28,qld,194.04
2024-08-29,qld,193.84
2024-08-30,qld,193.55
2024-08-31,qld,193.34
2024-09-01,qld,193.26
2024-09-02,qld,193.12
2024-09-03,qld,193.19
2024-09-04,qld,193.31
2024-09-05,qld,193.56
2024-09-06,qld,193.82
2024-09-07,qld,194.14
2024-09-08,qld,194.35
2024-09-09,qld,194.42
2024-09-10,qld,194.28
2024-09-11,qld,194.51
2024-09-12,qld,194.91
2024-09-13,qld,195.42
2024-09-14,qld,195.99
2024-09-15,qld,196.55
2024-09-16,qld,197.08
2024-09-17,qld,197.29
2024-09-18,qld,197.44
2024-09-19,qld,197.39
2024-09-20,qld,197.28
2024-09-21,qld,197.04
2024-09-22,qld,196.68
2024-09-23,qld,196.44
2024-09-24,qld,196.6
2024-09-25,qld,196.7
2024-09-26,qld,196.66
2024-09-27,qld,196.79
2024-09-28,qld,196.48
2024-09-29,qld,196.67
2024-09-30,qld,196.97
2024-10-01,qld,197.14
2024-10-02,qld,197.57
2024-10-03,qld,197.85
2024-10-04,qld,198.03
2024-10-05,qld,198.64
2024-10-06,qld,199.01
2024-10-07,qld,199.51
2024-10-08,qld,199.62
2024-10-09,qld,199.49
2024-10-10,qld,199.57
2024-10-11,qld,199.7
2024-10-12,qld,199.6
2024-10-13,qld,199.44
2024-10-14,qld,199.05
2024-10-15,qld,199.03
2024-10-16,qld,199.18
2024-10-17,qld,199.41
2024-10-18,qld,199.28
2024-10-19,qld,199.3
2024-10-20,qld,199.43
2024-10-21,qld,199.66
2024-10-22,qld,199.89
2024-10-23,qld,200.11
2024-10-24,qld,200.04
2024-10-25,qld,200.37
2024-10-26,qld,200.54
2024-10-27,qld,200.63
2024-10-28,qld,200.65
2024-10-29,qld,200.66
2024-10-30,qld,200.55
2024-10-31,qld,200.91
2024-11-01,qld,201.19
2024-11-02,qld,201.67
2024-11-03,qld,202
2024-11-04,qld,202.24
2024-11-05,qld,202.61
2024-11-06,qld,202.83
2024-11-07,qld,202.84
2024-11-08,qld,202.87
2024-11-09,qld,202.82
2024-11-10,qld,202.78
2024-11-11,qld,202.82
2024-11-12,qld,202.8
2024-11-13,qld,203.11
2024-11-14,qld,203.36
2024-11-15,qld,203.48
2024-11-16,qld,203.53
2024-11-17,qld,203.56
2024-11-18,qld,203.61
2024-11-19,qld,203.49
2024-11-20,qld,203.22
2024-11-21,qld,203.02
2024-11-22,qld,202.7
2024-11-23,qld,202.42
2024-11-24,qld,202.4
2024-11-25,qld,202.27
2024-11-26,qld,202.34
2024-11-27,qld,202.31
2024-11-28,qld,201.93
2024-11-29,qld,201.91
2024-11-30,qld,201.81
2024-12-01,qld,201.49
2024-12-02,qld,201.5
2024-12-03,qld,201.13
2024-12-04,qld,200.56
2024-12-05,qld,200.29
2024-12-06,qld,199.76
2024-12-07,qld,199.3
2024-12-08,qld,198.9
2024-12-09,qld,198.76
2024-12-10,qld,198.89
2024-12-11,qld,199.51
2024-12-12,qld,199.75
2024-12-13,qld,199.99
2024-12-14,qld,199.83
2024-12-15,qld,199.99
2024-12-16,qld,199.84
2024-12-17,qld,199.72
2024-12-18,qld,199.32
2024-12-19,qld,199.19
2024-12-20,qld,198.88
2024-12-21,qld,199.13
2024-12-22,qld,199.05
2024-12-23,qld,199.06
2024-12-24,qld,199.27
2024-12-25,qld,199.56
2024-12-26,qld,199.54
2024-12-27,qld,199.47
2024-12-28,qld,198.94
2024-12-29,qld,198.59
2024-12-30,qld,198.41
2024-12-31,qld,198.11
2025-01-01,qld,197.13
2025-01-02,qld,196.31
2025-01-03,qld,195.9
2025-01-04,qld,195.63
2025-01-05,qld,195.04
2025-01-06,qld,194.09
2025-01-07,qld,193.19
2025-01-08,qld,193.44
2025-01-09,qld,194.17
2025-01-10,qld,194.92
2025-01-11,qld,195.88
2025-01-12,qld,196.94
2025-01-13,qld,198.01
2025-01-14,qld,199.08
2025-01-15,qld,199.73
2025-01-16,qld,200.15
2025-01-17,qld,200.58
2025-01-18,qld,200.96
2025-01-19,qld,201.37
2025-01-20,qld,201.6
2025-01-21,qld,201.62
2025-01-22,qld,201.6
2025-01-23,qld,201.64
2025-01-24,qld,201.75
2025-01-25,qld,201.94
2025-01-26,qld,202.67
2025-01-27,qld,203.67
2025-01-28,qld,204.21
2025-01-29,qld,204.4
2025-01-30,qld,204.74
2025-01-31,qld,204.65
2025-02-01,qld,204.38
2025-02-02,qld,203.57
2025-02-03,qld,202.5
2025-02-04,qld,201.92
2025-02-05,qld,201.64
2025-02-06,qld,201
2025-02-07,qld,200.31
2025-02-08,qld,199.72
2025-02-09,qld,199.05
2025-02-10,qld,198.41
2025-02-11,qld,197.67
2025-02-12,qld,196.89
2025-02-13,qld,196.21
2025-02-14,qld,195.81
2025-02-15,qld,195.01
2025-02-16,qld,194.72
2025-02-17,qld,194.45
2025-02-18,qld,194.47
2025-02-19,qld,194.35
2025-02-20,qld,194.19
2025-02-21,qld,193.74
2025-02-22,qld,193.8
2025-02-23,qld,193.37
2025-02-24,qld,192.77
2025-02-25,qld,191.99
2025-02-26,qld,191.3
2025-02-27,qld,190.89
2025-02-28,qld,190.51
2025-03-01,qld,189.96
2025-03-02,qld,189.44
2025-03-03,qld,189.3
2025-03-04,qld,189.08
2025-03-05,qld,188.77
2025-03-06,qld,187.77
2025-03-07,qld,186.91
2025-03-08,qld,185.92
2025-03-09,qld,184.99
2025-03-10,qld,183.61
2025-03-11,qld,181.97
2025-03-12,qld,180.37
2025-03-13,qld,179.25
2025-03-14,qld,178.2
2025-03-15,qld,177.33
2025-03-16,qld,176.52
2025-03-17,qld,175.99
2025-03-18,qld,175.73
2025-03-19,qld,175.74
2025-03-20,qld,175.69
2025-03-21,qld,176.05
2025-03-22,qld,176.33
2025-03-23,qld,176.42
2025-03-24,qld,176.33
2025-03-25,qld,176.09
2025-03-26,qld,175.74
2025-03-27,qld,175.46
2025-03-28,qld,174.92
2025-03-29,qld,174.55
2025-03-30,qld,174.32
2025-03-31,qld,174.12
2025-04-01,qld,174.31
2025-04-02,qld,174.63
2025-04-03,qld,175.1
2025-04-04,qld,175.44
2025-04-05,qld,175.82
2025-04-06,qld,176.26
2025-04-07,qld,176.99
2025-04-08,qld,177.62
2025-04-09,qld,178.26
2025-04-10,qld,178.75
2025-04-11,qld,179.34
2025-04-12,qld,179.95
2025-04-13,qld,180.64
2025-04-14,qld,181.05
2025-04-15,qld,181.58
2025-04-16,qld,181.88
2025-04-17,qld,182.05
2025-04-18,qld,182.56
2025-04-19,qld,182.34
2025-04-20,qld,182.06
2025-04-21,qld,182.13
2025-04-22,qld,181.38
2025-04-23,qld,180.9
2025-04-24,qld,180.61
2025-04-25,qld,180.18
2025-04-26,qld,179.76
2025-04-27,qld,179.46
2025-04-28,qld,179.01
2025-04-29,qld,179.09
2025-04-30,qld,178.82
2025-05-01,qld,178.54
2025-05-02,qld,178.42
2025-05-03,qld,179.22
2025-05-04,qld,179.77
2025-05-05,qld,180.31
2025-05-06,qld,180.77
2025-05-07,qld,181.44
2025-05-08,qld,181.93
2025-05-09,qld,181.86
2025-05-10,qld,181.57
2025-05-11,qld,181.28
2025-05-12,qld,180.84
2025-05-13,qld,180.7
2025-05-14,qld,180.3
2025-05-15,qld,179.97
2025-05-16,qld,179.96
2025-05-17,qld,179.74
2025-05-18,qld,180.04
2025-05-19,qld,180.47
2025-05-20,qld,180.88
2025-05-21,qld,181.51
2025-05-22,qld,182.12
2025-05-23,qld,182.46
2025-05-24,qld,182.93
2025-05-25,qld,182.9
2025-05-26,qld,182.81
2025-05-27,qld,182.68
2025-05-28,qld,182.52
2025-05-29,qld,182.41
2025-05-30,qld,182.27
2025-05-31,qld,182.05
2025-06-01,qld,181.71
2025-06-02,qld,181.48
2025-06-03,qld,181.11
2025-06-04,qld,180.65
2025-06-05,qld,180.42
2025-06-06,qld,180.38
2025-06-07,qld,180.47
2025-06-08,qld,180.63
2025-06-09,qld,180.91
2025-06-10,qld,181.38
2025-06-11,qld,182.08
2025-06-12,qld,182.77
2025-06-13,qld,183.26
2025-06-14,qld,183.58
2025-06-15,qld,184.27
2025-06-16,qld,184.6
2025-06-17,qld,184.9
2025-06-18,qld,185.11
2025-06-19,qld,185.23
2025-06-20,qld,185.37
2025-06-21,qld,185.67
2025-06-22,qld,185.65
2025-06-23,qld,185.74
2025-06-24,qld,185.81
2025-06-25,qld,185.96
2025-06-26,qld,185.99
2025-06-27,qld,186
2025-06-28,qld,185.94
2025-06-29,qld,185.91
2025-06-30,qld,185.67
2025-07-01,qld,185.37
2025-07-02,qld,185.01
2025-07-03,qld,184.59
2025-07-04,qld,184.29
2025-07-05,qld,183.94
2025-07-06,qld,183.7
2025-07-07,qld,183.63
2025-07-08,qld,183.6
2025-07-09,qld,183.53
2025-07-10,qld,183.4
2025-07-11,qld,183.28
2025-07-12,qld,183.35
2025-07-13,qld,183.35
2025-07-14,qld,183.42
2025-07-15,qld,183.65
2025-07-16,qld,183.84
2025-07-17,qld,184.14
2025-07-18,qld,184.38
2025-07-19,qld,184.29
2025-07-20,qld,184.38
2025-07-21,qld,184.29
2025-07-22,qld,184.03
2025-07-23,qld,183.84
2025-07-24,qld,183.63
2025-07-25,qld,183.28
2025-07-26,qld,183.34
2025-07-27,qld,183.18
2025-07-28,qld,183.14
2025-07-29,qld,183.19
2025-07-30,qld,183.18
2025-07-31,qld,183.15
2025-08-01,qld,183.26
2025-08-02,qld,183.34
2025-08-03,qld,183.39
2025-08-04,qld,183.47
2025-08-05,qld,183.3
2025-08-06,qld,183.3
2025-08-07,qld,183.44
2025-08-08,qld,183.67
2025-08-09,qld,183.68
2025-08-10,qld,183.87
2025-08-11,qld,184.03
2025-08-12,qld,184.36
2025-08-13,qld,184.55
2025-08-14,qld,184.61
2025-08-15,qld,184.53
2025-08-16,qld,184.78
2025-08-17,qld,184.67
2025-08-18,qld,184.8
2025-08-19,qld,185
2025-08-20,qld,185.18
2025-08-21,qld,185.36
2025-08-22,qld,185.59
2025-08-23,qld,185.55
2025-08-24,qld,185.9
2025-08-25,qld,186.15
2025-08-26,qld,186.3
2025-08-27,qld,186.63
2025-08-28,qld,186.95
2025-08-29,qld,187.27
2025-08-30,qld,187.48
2025-08-31,qld,187.48
2025-09-01,qld,187.25
2025-09-02,qld,187.1
2025-09-03,qld,187.07
2025-09-04,qld,187
2025-09-05,qld,187.11
2025-09-06,qld,187.49
2025-09-07,qld,187.82
2025-09-08,qld,188.37
2025-09-09,qld,188.78
2025-09-10,qld,189.1
2025-09-11,qld,189.58
2025-09-12,qld,189.9
2025-09-13,qld,189.61
2025-09-14,qld,189.24
2025-09-15,qld,188.85
2025-09-16,qld,188.6
2025-09-17,qld,188.16
2025-09-18,qld,187.63
2025-09-19,qld,186.95
2025-09-20,qld,187.06
2025-09-21,qld,187.27
2025-09-22,qld,187.5
2025-09-23,qld,187.73
2025-09-24,qld,188.04
2025-09-25,qld,188.23
2025-09-26,qld,188.39
2025-09-27,qld,188.28
2025-09-28,qld,188.24
2025-09-29,qld,188.09
2025-09-30,qld,187.99
2025-10-01,qld,187.72
2025-10-02,qld,187.73
2025-10-03,qld,187.88
2025-10-04,qld,187.94
2025-10-05,qld,188.16
2025-10-06,qld,188.48
2025-10-07,qld,188.29
2025-10-08,qld,188.13
2025-10-09,qld,187.82
2025-10-10,qld,187.53
2025-10-11,qld,187.19
2025-10-12,qld,186.67
2025-10-13,qld,185.96
2025-10-14,qld,185.68
2025-10-15,qld,185.72
2025-10-16,qld,185.84
2025-10-17,qld,185.88
2025-10-18,qld,185.95
2025-10-19,qld,186.11
2025-10-20,qld,186.48
2025-10-21,qld,186.69
2025-10-22,qld,186.85
2025-10-23,qld,186.99
2025-10-24,qld,187.2
2025-10-25,qld,187.25
2025-10-26,qld,187.35
2025-10-27,qld,187.44
2025-10-28,qld,187.65
2025-10-29,qld,187.67
2025-10-30,qld,187.62
2025-10-31,qld,187.52
2025-11-01,qld,187.62
2025-11-02,qld,187.55
2025-11-03,qld,187.57
2025-11-04,qld,187.56
2025-11-05,qld,187.78
2025-11-06,qld,188.06
2025-11-07,qld,188.33
2025-11-08,qld,188.65
2025-11-09,qld,189.01
2025-11-10,qld,189.4
2025-11-11,qld,189.77
2025-11-12,qld,189.83
2025-11-13,qld,189.71
2025-11-14,qld,189.57
2025-11-15,qld,189.33
2025-11-16,qld,188.69
2025-11-17,qld,188.13
2025-11-18,qld,187.73
2025-11-19,qld,187.01
2025-11-20,qld,186.71
2025-11-21,qld,186.41
2025-11-22,qld,186.19
2025-11-23,qld,186.1
2025-11-24,qld,185.88
2025-11-25,qld,185.55
2025-11-26,qld,185.7
2025-11-27,qld,185.5
2025-11-28,qld,185.36
2025-11-29,qld,185.17
2025-11-30,qld,185.08
2025-12-01,qld,185.18
2025-12-02,qld,185.27
2025-12-03,qld,185.28
2025-12-04,qld,185.39
2025-12-05,qld,185.42
2025-12-06,qld,185.49
2025-12-07,qld,185.57
2025-12-08,qld,185.43
2025-12-09,qld,185.32
2025-12-10,qld,185.05
2025-12-11,qld,184.76
2025-12-12,qld,184.58
2025-12-13,qld,184.37
2025-12-14,qld,184.19
2025-12-15,qld,184.12
2025-12-16,qld,183.94
2025-12-17,qld,183.79
2025-12-18,qld,183.62
2025-12-19,qld,183.45
2025-12-20,qld,183.29
2025-12-21,qld,183.13
2025-12-22,qld,183
2025-12-23,qld,182.83
2025-12-24,qld,182.91
2025-12-25,qld,183.08
2025-12-26,qld,183
2025-12-27,qld,182.73
2025-12-28,qld,182.57
2025-12-29,qld,182.43
2025-12-30,qld,182.59
2025-12-31,qld,182.47
2026-01-01,qld,182.46
2026-01-02,qld,182.23
2026-01-03,qld,181.44
2026-01-04,qld,180.49
2026-01-05,qld,179.91
2026-01-06,qld,180.03
2026-01-07,qld,180.86
2026-01-08,qld,181.32
2026-01-09,qld,182.55
2026-01-10,qld,183.92
2026-01-11,qld,185.33
2026-01-12,qld,186.37
2026-01-13,qld,187.14
2026-01-14,qld,187.82
2026-01-15,qld,188.92
2026-01-16,qld,190.09
2026-01-17,qld,191.41
2026-01-18,qld,192.92
2026-01-19,qld,194.47
2026-01-20,qld,195.86
2026-01-21,qld,197.15
2026-01-22,qld,198.39
2026-01-23,qld,199.54
2026-01-24,qld,200.47
2026-01-25,qld,201
2026-01-26,qld,201.54
2026-01-27,qld,201.94
2026-01-28,qld,202.21
2026-01-29,qld,202.81
2026-01-30,qld,203.42
2026-01-31,qld,203.85
2026-02-01,qld,204.47
2026-02-02,qld,204.89
2026-02-03,qld,205.27
2026-02-04,qld,205.57
2026-02-05,qld,205.73
2026-02-06,qld,205.44
2026-02-07,qld,205.41
2026-02-08,qld,205.37
2026-02-09,qld,205.43
2026-02-10,qld,205.8
2026-02-11,qld,206.31
2026-02-12,qld,206.3
2026-02-13,qld,206.4
2026-02-14,qld,206.77
2026-02-15,qld,207.38
2026-02-16,qld,207.94
2026-02-17,qld,208.64
2026-02-18,qld,209.39
2026-02-19,qld,210.32
2026-02-20,qld,211.2
2026-02-21,qld,211.87
2026-02-22,qld,212.14
2026-02-23,qld,212.33
2026-02-24,qld,212.3
2026-02-25,qld,212.25
2026-02-26,qld,212.01
2026-02-27,qld,211.89
2026-02-28,qld,211.62
2026-03-01,qld,211.61
2026-03-02,qld,211.88
2026-03-03,qld,211.91
2026-03-04,qld,211.96
2026-03-05,qld,212.08
2026-03-06,qld,211.92
2026-03-07,qld,211.81
2026-03-08,qld,211.57
2026-03-09,qld,211.4
2026-03-10,qld,210.56
2026-03-11,qld,208.94
2026-03-12,qld,207.05
2026-03-13,qld,205.76
2026-03-14,qld,204.42
2026-03-15,qld,203.27
2026-03-16,qld,202.05
2026-03-17,qld,201.18
2026-03-18,qld,200.84
2026-03-19,qld,200.88
2026-03-20,qld,200.45
2026-03-21,qld,200.19
2026-03-22,qld,199.59
2026-03-23,qld,198.72
2026-03-24,qld,197.9
2026-03-25,qld,197.12
2026-03-26,qld,195.97
2026-03-27,qld,194.97
2026-03-28,qld,193.99
2026-03-29,qld,193.48
2026-03-30,qld,193.19
2026-03-31,qld,192.89
2026-04-01,qld,192.64
2026-04-02,qld,192.81
2026-04-03,qld,192.98
2026-04-04,qld,192.74
2026-04-05,qld,192.27
2026-04-06,qld,191.59
2026-04-07,qld,190.86
2026-04-08,qld,190.34
2026-04-09,qld,189.53
2026-04-10,qld,188.8
2026-04-11,qld,188.54
2026-04-12,qld,188.32
2026-04-13,qld,188.18
2026-04-14,qld,188.3
2026-04-15,qld,188.65
2026-04-16,qld,189
2026-04-17,qld,188.52
2026-04-18,qld,188.43
2026-04-19,qld,188.18
2026-04-20,qld,188.36
2026-04-21,qld,188.48
2026-04-22,qld,188.78
2026-04-23,qld,189.23
2026-04-24,qld,190.69
2026-04-25,qld,191.73
2026-04-26,qld,193.19
2026-04-27,qld,194.41
2026-04-28,qld,195.44
2026-04-29,qld,195.94
2026-04-30,qld,196.69
2026-05-01,qld,196.87
2026-05-02,qld,196.7
2026-05-03,qld,196.71
2026-05-04,qld,196.82
2026-05-05,qld,196.98
2026-05-06,qld,197.28
2026-05-07,qld,197.54
2026-05-08,qld,198.04
2026-05-09,qld,198.13
2026-05-10,qld,197.64
2026-05-11,qld,197.08
2026-05-12,qld,196.85
2026-05-13,qld,196.33
2026-05-14,qld,195.49
2026-05-15,qld,194.64
2026-05-16,qld,194.57
2026-05-17,qld,194.61
2026-05-18,qld,194.68
2026-05-19,qld,194.7
2026-05-20,qld,195
2026-05-21,qld,195.4
2026-05-22,qld,194.8
2026-05-23,qld,194.05
2026-05-24,qld,193.15
2026-05-25,qld,192.3
2026-05-26,qld,191.32
2026-05-27,qld,189.86
2026-05-28,qld,188.4
2026-05-29,qld,187.75
2026-05-30,qld,187.7
2026-05-31,qld,187
2026-06-01,qld,186.35
2026-06-02,qld,185.96
2026-06-03,qld,185.71
2026-06-04,qld,185.42
2026-06-05,qld,185.27
2026-06-06,qld,185.06
2026-06-07,qld,185.2
2026-06-08,qld,185.04
2026-06-09,qld,184.68
2026-06-10,qld,184.12
2026-06-11,qld,183.77
2026-06-12,qld,183.96
2026-06-13,qld,184.12
2026-06-14,qld,184.29
2026-06-15,qld,184.84
2026-06-16,qld,185.13
2026-06-17,qld,185.52
2026-06-18,qld,185.69
2026-06-19,qld,185.74
2026-06-20,qld,185.75
2026-06-21,qld,185.59
2026-06-22,qld,185.22
2026-06-23,qld,185.19
2026-06-24,qld,185.26
2026-06-25,qld,185.45
2026-06-26,qld,185.64
2026-06-27,qld,185.62
2026-06-28,qld,185.67
2026-06-29,qld,185.71
2026-06-30,qld,185.74
2026-07-01,qld,185.63
2026-07-02,qld,185.62
2026-07-03,qld,185.53
2026-07-04,qld,185.69
2026-07-05,qld,185.99
2026-07-06,qld,186.26
2026-07-07,qld,186.54
2026-07-08,qld,186.89
2026-07-09,qld,186.93
2026-07-10,qld,186.83
2026-07-11,qld,186.83
2026-07-12,qld,186.8
2026-07-13,qld,186.78
2026-07-14,qld,186.86
2026-07-15,qld,187.34
2026-07-16,qld,187.95
2026-07-17,qld,188.51
2026-07-18,qld,188.85
2026-07-19,qld,189.22
2026-07-20,qld,189.61
2026-07-21,qld,189.82
2026-07-22,qld,189.65
2026-07-23,qld,189.61
2026-07-24,qld,189.48
2026-07-25,qld,189.44
2026-07-26,qld,189.46
2026-07-27,qld,189.22
2026-07-28,qld,189.14
2026-07-29,qld,188.93
2026-07-30,qld,188.78
2026-07-31,qld,188.61
2026-08-01,qld,188.72
2026-08-02,qld,188.89
2026-08-03,qld,188.94
2026-08-04,qld,189.09
2026-08-05,qld,189.56
2026-08-06,qld,189.79
2026-08-07,qld,190.24
2026-08-08,qld,190.41
2026-08-09,qld,190.38
2026-08-10,qld,190.88
2026-08-11,qld,191.35
2026-08-12,qld,191.92
2026-08-13,qld,192.32
2026-08-14,qld,192.79
2026-08-15,qld,193.2
2026-08-16,qld,193.37
2026-08-17,qld,193.54
2026-08-18,qld,193.65
2026-08-19,qld,193.61
2026-08-20,qld,193.86
2026-08-21,qld,193.97
2026-08-22,qld,194.07
2026-08-23,qld,194.05
2026-08-24,qld,194.12
2026-08-25,qld,194.09
2026-08-26,qld,194.18
2026-08-27,qld,194.04
2026-08-28,qld,193.8
2026-08-29,qld,193.58
2026-08-30,qld,193.74
2026-08-31,qld,193.47
2026-09-01,qld,193.24
2026-09-02,qld,193.34
2026-09-03,qld,194.07
2026-09-04,qld,194.43
2026-09-05,qld,194.83
2026-09-06,qld,194.88
2026-09-07,qld,195.01
2026-09-08,qld,195.38
2026-09-09,qld,194.84
2026-09-10,qld,194.38
2026-09-11,qld,194.49
2026-09-12,qld,194.69
2026-09-13,qld,195.18
2026-09-14,qld,195.68
2026-09-15,qld,196.01
2026-09-16,qld,196.87
2026-09-17,qld,197.4
2026-09-18,qld,197.1
2020-02-01,sa,100
2020-02-02,sa,99.83
2020-02-03,sa,99.53
2020-02-04,sa,99.49
2020-02-05,sa,99.14
2020-02-06,sa,98.78
2020-02-07,sa,98.11
2020-02-08,sa,97.54
2020-02-09,sa,96.88
2020-02-10,sa,96.47
2020-02-11,sa,96.16
2020-02-12,sa,95.83
2020-02-13,sa,95.5
2020-02-14,sa,95.29
2020-02-15,sa,95.27
2020-02-16,sa,95.28
2020-02-17,sa,95.42
2020-02-18,sa,95.46
2020-02-19,sa,95.47
2020-02-20,sa,95.69
2020-02-21,sa,95.91
2020-02-22,sa,95.85
2020-02-23,sa,96.01
2020-02-24,sa,96.15
2020-02-25,sa,96.42
2020-02-26,sa,96.77
2020-02-27,sa,97.02
2020-02-28,sa,96.44
2020-02-29,sa,95.97
2020-03-01,sa,95.13
2020-03-02,sa,93.89
2020-03-03,sa,93.27
2020-03-04,sa,93.25
2020-03-05,sa,93.04
2020-03-06,sa,93.68
2020-03-07,sa,94.35
2020-03-08,sa,95.31
2020-03-09,sa,96.68
2020-03-10,sa,96.86
2020-03-11,sa,96.47
2020-03-12,sa,96.38
2020-03-13,sa,96.41
2020-03-14,sa,96.32
2020-03-15,sa,95.96
2020-03-16,sa,95.57
2020-03-17,sa,95.33
2020-03-18,sa,94.97
2020-03-19,sa,94.38
2020-03-20,sa,93.24
2020-03-21,sa,91.94
2020-03-22,sa,90.29
2020-03-23,sa,87.96
2020-03-24,sa,85.66
2020-03-25,sa,83.25
2020-03-26,sa,80.46
2020-03-27,sa,77.89
2020-03-28,sa,75.21
2020-03-29,sa,72.91
2020-03-30,sa,71.05
2020-03-31,sa,69.25
2020-04-01,sa,67.67
2020-04-02,sa,66.42
2020-04-03,sa,65.23
2020-04-04,sa,64.23
2020-04-05,sa,63.04
2020-04-06,sa,62.17
2020-04-07,sa,61.34
2020-04-08,sa,60.46
2020-04-09,sa,59.42
2020-04-10,sa,58.98
2020-04-11,sa,58.47
2020-04-12,sa,58.15
2020-04-13,sa,58.13
2020-04-14,sa,57.92
2020-04-15,sa,57.65
2020-04-16,sa,57.45
2020-04-17,sa,56.94
2020-04-18,sa,56.19
2020-04-19,sa,55.29
2020-04-20,sa,54.24
2020-04-21,sa,53.65
2020-04-22,sa,52.9
2020-04-23,sa,52.31
2020-04-24,sa,51.76
2020-04-25,sa,51.63
2020-04-26,sa,51.98
2020-04-27,sa,52.25
2020-04-28,sa,52.5
2020-04-29,sa,52.9
2020-04-30,sa,53.32
2020-05-01,sa,53.72
2020-05-02,sa,54.41
2020-05-03,sa,54.67
2020-05-04,sa,54.99
2020-05-05,sa,55.33
2020-05-06,sa,55.68
2020-05-07,sa,56.05
2020-05-08,sa,56.59
2020-05-09,sa,56.82
2020-05-10,sa,57.04
2020-05-11,sa,57.1
2020-05-12,sa,57.21
2020-05-13,sa,57.3
2020-05-14,sa,57.37
2020-05-15,sa,57.37
2020-05-16,sa,57.24
2020-05-17,sa,57.09
2020-05-18,sa,56.96
2020-05-19,sa,56.68
2020-05-20,sa,56.64
2020-05-21,sa,56.85
2020-05-22,sa,57.1
2020-05-23,sa,57.51
2020-05-24,sa,57.99
2020-05-25,sa,58.71
2020-05-26,sa,59.47
2020-05-27,sa,60.04
2020-05-28,sa,60.44
2020-05-29,sa,60.84
2020-05-30,sa,61.38
2020-05-31,sa,61.62
2020-06-01,sa,61.65
2020-06-02,sa,61.7
2020-06-03,sa,62.07
2020-06-04,sa,62.34
2020-06-05,sa,62.59
2020-06-06,sa,62.48
2020-06-07,sa,62.68
2020-06-08,sa,62.96
2020-06-09,sa,62.9
2020-06-10,sa,62.81
2020-06-11,sa,62.84
2020-06-12,sa,62.86
2020-06-13,sa,63.08
2020-06-14,sa,63.43
2020-06-15,sa,63.96
2020-06-16,sa,64.73
2020-06-17,sa,65.38
2020-06-18,sa,66.25
2020-06-19,sa,66.91
2020-06-20,sa,67.55
2020-06-21,sa,68.21
2020-06-22,sa,68.71
2020-06-23,sa,69.32
2020-06-24,sa,69.94
2020-06-25,sa,70.51
2020-06-26,sa,71.09
2020-06-27,sa,71.77
2020-06-28,sa,72.37
2020-06-29,sa,72.65
2020-06-30,sa,72.84
2020-07-01,sa,73.21
2020-07-02,sa,73.73
2020-07-03,sa,74.65
2020-07-04,sa,75.1
2020-07-05,sa,75.58
2020-07-06,sa,76.35
2020-07-07,sa,77.34
2020-07-08,sa,78.13
2020-07-09,sa,78.42
2020-07-10,sa,78.7
2020-07-11,sa,79.18
2020-07-12,sa,79.62
2020-07-13,sa,79.7
2020-07-14,sa,79.07
2020-07-15,sa,78.57
2020-07-16,sa,78.13
2020-07-17,sa,77.54
2020-07-18,sa,77.11
2020-07-19,sa,76.76
2020-07-20,sa,76.73
2020-07-21,sa,77.33
2020-07-22,sa,77.87
2020-07-23,sa,78.66
2020-07-24,sa,78.06
2020-07-25,sa,77.49
2020-07-26,sa,76.85
2020-07-27,sa,76.04
2020-07-28,sa,75.26
2020-07-29,sa,74.53
2020-07-30,sa,73.51
2020-07-31,sa,73.73
2020-08-01,sa,73.88
2020-08-02,sa,73.92
2020-08-03,sa,73.76
2020-08-04,sa,73.33
2020-08-05,sa,72.69
2020-08-06,sa,72.15
2020-08-07,sa,71.37
2020-08-08,sa,70.8
2020-08-09,sa,70.37
2020-08-10,sa,70.34
2020-08-11,sa,70.25
2020-08-12,sa,70.27
2020-08-13,sa,71.02
2020-08-14,sa,72.02
2020-08-15,sa,72.57
2020-08-16,sa,73.18
2020-08-17,sa,73.65
2020-08-18,sa,74.25
2020-08-19,sa,74.88
2020-08-20,sa,75.13
2020-08-21,sa,75.49
2020-08-22,sa,75.98
2020-08-23,sa,76.42
2020-08-24,sa,76.92
2020-08-25,sa,77.42
2020-08-26,sa,77.87
2020-08-27,sa,78.26
2020-08-28,sa,78.37
2020-08-29,sa,78.61
2020-08-30,sa,78.76
2020-08-31,sa,79
2020-09-01,sa,79.59
2020-09-02,sa,80.04
2020-09-03,sa,80.18
2020-09-04,sa,80.69
2020-09-05,sa,80.97
2020-09-06,sa,81.43
2020-09-07,sa,81.57
2020-09-08,sa,81.53
2020-09-09,sa,81.6
2020-09-10,sa,81.76
2020-09-11,sa,81.63
2020-09-12,sa,81.92
2020-09-13,sa,81.97
2020-09-14,sa,82.03
2020-09-15,sa,82.06
2020-09-16,sa,82.15
2020-09-17,sa,82.37
2020-09-18,sa,82.83
2020-09-19,sa,83.09
2020-09-20,sa,83.48
2020-09-21,sa,83.74
2020-09-22,sa,84.06
2020-09-23,sa,84.35
2020-09-24,sa,84.54
2020-09-25,sa,84.88
2020-09-26,sa,85.29
2020-09-27,sa,85.61
2020-09-28,sa,86.05
2020-09-29,sa,86.27
2020-09-30,sa,86.5
2020-10-01,sa,86.53
2020-10-02,sa,86.3
2020-10-03,sa,86.1
2020-10-04,sa,85.97
2020-10-05,sa,86.28
2020-10-06,sa,86.45
2020-10-07,sa,86.48
2020-10-08,sa,86.66
2020-10-09,sa,86.94
2020-10-10,sa,87.29
2020-10-11,sa,87.66
2020-10-12,sa,87.58
2020-10-13,sa,87.71
2020-10-14,sa,88.01
2020-10-15,sa,80.45
2020-10-16,sa,80.31
2020-10-17,sa,80.16
2020-10-18,sa,80
2020-10-19,sa,79.78
2020-10-20,sa,79.81
2020-10-21,sa,80.22
2020-10-22,sa,88.64
2020-10-23,sa,89.35
2020-10-24,sa,89.47
2020-10-25,sa,89.57
2020-10-26,sa,89.61
2020-10-27,sa,89.88
2020-10-28,sa,89.83
2020-10-29,sa,89.59
2020-10-30,sa,89.84
2020-10-31,sa,90.54
2020-11-01,sa,91.41
2020-11-02,sa,92.14
2020-11-03,sa,91.88
2020-11-04,sa,91.34
2020-11-05,sa,90.86
2020-11-06,sa,90.61
2020-11-07,sa,90.6
2020-11-08,sa,90.54
2020-11-09,sa,90.83
2020-11-10,sa,91.61
2020-11-11,sa,92.47
2020-11-12,sa,93.31
2020-11-13,sa,94.12
2020-11-14,sa,94.49
2020-11-15,sa,94.87
2020-11-16,sa,95.36
2020-11-17,sa,95.95
2020-11-18,sa,97.2
2020-11-19,sa,98.06
2020-11-20,sa,98.46
2020-11-21,sa,98.89
2020-11-22,sa,99.27
2020-11-23,sa,99.43
2020-11-24,sa,99.66
2020-11-25,sa,99.4
2020-11-26,sa,99.4
2020-11-27,sa,99.64
2020-11-28,sa,99.98
2020-11-29,sa,100.23
2020-11-30,sa,100.61
2020-12-01,sa,100.89
2020-12-02,sa,101.28
2020-12-03,sa,101.71
2020-12-04,sa,102.1
2020-12-05,sa,102.43
2020-12-06,sa,102.82
2020-12-07,sa,103.14
2020-12-08,sa,103.35
2020-12-09,sa,103.69
2020-12-10,sa,103.9
2020-12-11,sa,104.32
2020-12-12,sa,104.63
2020-12-13,sa,104.95
2020-12-14,sa,105.25
2020-12-15,sa,105.36
2020-12-16,sa,105.13
2020-12-17,sa,105
2020-12-18,sa,104.56
2020-12-19,sa,104.32
2020-12-20,sa,104.03
2020-12-21,sa,103.81
2020-12-22,sa,103.66
2020-12-23,sa,103.7
2020-12-24,sa,103.99
2020-12-25,sa,104.44
2020-12-26,sa,104.69
2020-12-27,sa,104.98
2020-12-28,sa,105.61
2020-12-29,sa,106.01
2020-12-30,sa,106.37
2020-12-31,sa,106.64
2021-01-01,sa,106.96
2021-01-02,sa,107.16
2021-01-03,sa,107.43
2021-01-04,sa,107.38
2021-01-05,sa,107.56
2021-01-06,sa,107.74
2021-01-07,sa,107.59
2021-01-08,sa,107.65
2021-01-09,sa,107.59
2021-01-10,sa,107.44
2021-01-11,sa,107.11
2021-01-12,sa,107.21
2021-01-13,sa,107.13
2021-01-14,sa,107.61
2021-01-15,sa,107.82
2021-01-16,sa,108.37
2021-01-17,sa,109.01
2021-01-18,sa,109.52
2021-01-19,sa,109.79
2021-01-20,sa,110.22
2021-01-21,sa,110.53
2021-01-22,sa,110.92
2021-01-23,sa,111.12
2021-01-24,sa,111.5
2021-01-25,sa,112.04
2021-01-26,sa,112.75
2021-01-27,sa,112.69
2021-01-28,sa,112.35
2021-01-29,sa,112.06
2021-01-30,sa,111.89
2021-01-31,sa,111.54
2021-02-01,sa,111.06
2021-02-02,sa,110.68
2021-02-03,sa,111.07
2021-02-04,sa,111.5
2021-02-05,sa,111.47
2021-02-06,sa,111.54
2021-02-07,sa,111.56
2021-02-08,sa,111.81
2021-02-09,sa,112.04
2021-02-10,sa,112.07
2021-02-11,sa,112.51
2021-02-12,sa,113.1
2021-02-13,sa,113.55
2021-02-14,sa,114.22
2021-02-15,sa,114.96
2021-02-16,sa,115.4
2021-02-17,sa,115.88
2021-02-18,sa,116.06
2021-02-19,sa,116.12
2021-02-20,sa,116.4
2021-02-21,sa,116.61
2021-02-22,sa,116.93
2021-02-23,sa,116.15
2021-02-24,sa,115.57
2021-02-25,sa,115.13
2021-02-26,sa,115.04
2021-02-27,sa,114.75
2021-02-28,sa,114.39
2021-03-01,sa,113.91
2021-03-02,sa,114.36
2021-03-03,sa,114.96
2021-03-04,sa,115.35
2021-03-05,sa,115.58
2021-03-06,sa,115.86
2021-03-07,sa,116.27
2021-03-08,sa,116.79
2021-03-09,sa,117.05
2021-03-10,sa,117.11
2021-03-11,sa,117.32
2021-03-12,sa,117.48
2021-03-13,sa,117.85
2021-03-14,sa,118.04
2021-03-15,sa,118.12
2021-03-16,sa,118.58
2021-03-17,sa,119.14
2021-03-18,sa,119.64
2021-03-19,sa,120.22
2021-03-20,sa,120.7
2021-03-21,sa,121.07
2021-03-22,sa,121.02
2021-03-23,sa,120.81
2021-03-24,sa,120.8
2021-03-25,sa,120.77
2021-03-26,sa,120.48
2021-03-27,sa,120.26
2021-03-28,sa,120.08
2021-03-29,sa,120.41
2021-03-30,sa,121.02
2021-03-31,sa,121.25
2021-04-01,sa,121.18
2021-04-02,sa,121.76
2021-04-03,sa,121.7
2021-04-04,sa,121.58
2021-04-05,sa,121.39
2021-04-06,sa,120.68
2021-04-07,sa,119.6
2021-04-08,sa,118.73
2021-04-09,sa,117.7
2021-04-10,sa,117.19
2021-04-11,sa,116.54
2021-04-12,sa,115.99
2021-04-13,sa,115.97
2021-04-14,sa,116.42
2021-04-15,sa,116.96
2021-04-16,sa,117.37
2021-04-17,sa,117.85
2021-04-18,sa,118.73
2021-04-19,sa,119.27
2021-04-20,sa,119.96
2021-04-21,sa,120.8
2021-04-22,sa,121.46
2021-04-23,sa,122.14
2021-04-24,sa,122.87
2021-04-25,sa,123.63
2021-04-26,sa,124.68
2021-04-27,sa,125.39
2021-04-28,sa,125.81
2021-04-29,sa,126.3
2021-04-30,sa,126.39
2021-05-01,sa,126.28
2021-05-02,sa,126.02
2021-05-03,sa,125.43
2021-05-04,sa,125.27
2021-05-05,sa,125.27
2021-05-06,sa,126.92
2021-05-07,sa,128.77
2021-05-08,sa,131.06
2021-05-09,sa,133.38
2021-05-10,sa,135.8
2021-05-11,sa,137.45
2021-05-12,sa,139.7
2021-05-13,sa,140.17
2021-05-14,sa,140.36
2021-05-15,sa,140.12
2021-05-16,sa,139.62
2021-05-17,sa,138.72
2021-05-18,sa,138.29
2021-05-19,sa,136.9
2021-05-20,sa,136.18
2021-05-21,sa,135.61
2021-05-22,sa,134.92
2021-05-23,sa,134.4
2021-05-24,sa,134.04
2021-05-25,sa,132.79
2021-05-26,sa,131.59
2021-05-27,sa,130.14
2021-05-28,sa,128.84
2021-05-29,sa,127.55
2021-05-30,sa,126.34
2021-05-31,sa,125.36
2021-06-01,sa,125.33
2021-06-02,sa,125.51
2021-06-03,sa,125.46
2021-06-04,sa,125.38
2021-06-05,sa,125.53
2021-06-06,sa,124.44
2021-06-07,sa,124.57
2021-06-08,sa,124.72
2021-06-09,sa,125.08
2021-06-10,sa,125.65
2021-06-11,sa,126.36
2021-06-12,sa,127.02
2021-06-13,sa,129
2021-06-14,sa,130.1
2021-06-15,sa,130.39
2021-06-16,sa,130.38
2021-06-17,sa,130.16
2021-06-18,sa,129.69
2021-06-19,sa,129.2
2021-06-20,sa,128.54
2021-06-21,sa,127.5
2021-06-22,sa,127.42
2021-06-23,sa,127.34
2021-06-24,sa,127.28
2021-06-25,sa,127.49
2021-06-26,sa,127.36
2021-06-27,sa,127.31
2021-06-28,sa,127.82
2021-06-29,sa,128.15
2021-06-30,sa,128.63
2021-07-01,sa,129.11
2021-07-02,sa,129.41
2021-07-03,sa,130.16
2021-07-04,sa,130.98
2021-07-05,sa,131.25
2021-07-06,sa,131.53
2021-07-07,sa,131.85
2021-07-08,sa,131.91
2021-07-09,sa,132.09
2021-07-10,sa,132.36
2021-07-11,sa,132.55
2021-07-12,sa,132.66
2021-07-13,sa,132.61
2021-07-14,sa,132.51
2021-07-15,sa,132.52
2021-07-16,sa,132.51
2021-07-17,sa,132.43
2021-07-18,sa,132.6
2021-07-19,sa,132.91
2021-07-20,sa,133.55
2021-07-21,sa,133.84
2021-07-22,sa,134.41
2021-07-23,sa,134.65
2021-07-24,sa,134.55
2021-07-25,sa,134.26
2021-07-26,sa,133.66
2021-07-27,sa,133.1
2021-07-28,sa,132.71
2021-07-29,sa,131.95
2021-07-30,sa,131.37
2021-07-31,sa,131.13
2021-08-01,sa,130.57
2021-08-02,sa,130.4
2021-08-03,sa,130.11
2021-08-04,sa,130.11
2021-08-05,sa,130.11
2021-08-06,sa,130.23
2021-08-07,sa,130.46
2021-08-08,sa,130.95
2021-08-09,sa,131.24
2021-08-10,sa,131.44
2021-08-11,sa,131.32
2021-08-12,sa,131.57
2021-08-13,sa,131.91
2021-08-14,sa,131.94
2021-08-15,sa,132.19
2021-08-16,sa,132.45
2021-08-17,sa,132.71
2021-08-18,sa,133.24
2021-08-19,sa,133.69
2021-08-20,sa,133.57
2021-08-21,sa,133.89
2021-08-22,sa,134.03
2021-08-23,sa,134.37
2021-08-24,sa,134.76
2021-08-25,sa,135.15
2021-08-26,sa,135.36
2021-08-27,sa,135.91
2021-08-28,sa,136.13
2021-08-29,sa,136.29
2021-08-30,sa,136.27
2021-08-31,sa,136.15
2021-09-01,sa,136.32
2021-09-02,sa,136.51
2021-09-03,sa,136.83
2021-09-04,sa,136.82
2021-09-05,sa,137.34
2021-09-06,sa,137.79
2021-09-07,sa,138.48
2021-09-08,sa,138.98
2021-09-09,sa,139.97
2021-09-10,sa,140.91
2021-09-11,sa,142.44
2021-09-12,sa,143.52
2021-09-13,sa,144.63
2021-09-14,sa,145.5
2021-09-15,sa,146.14
2021-09-16,sa,146.22
2021-09-17,sa,146.37
2021-09-18,sa,146.32
2021-09-19,sa,146.09
2021-09-20,sa,145.5
2021-09-21,sa,145.02
2021-09-22,sa,144.51
2021-09-23,sa,144.48
2021-09-24,sa,144.35
2021-09-25,sa,143.94
2021-09-26,sa,143.77
2021-09-27,sa,143.68
2021-09-28,sa,143.82
2021-09-29,sa,144.18
2021-09-30,sa,143.94
2021-10-01,sa,143.82
2021-10-02,sa,144.26
2021-10-03,sa,144.57
2021-10-04,sa,145.45
2021-10-05,sa,145.52
2021-10-06,sa,145.47
2021-10-07,sa,145.59
2021-10-08,sa,145.72
2021-10-09,sa,145.91
2021-10-10,sa,145.94
2021-10-11,sa,145.58
2021-10-12,sa,145.79
2021-10-13,sa,146.05
2021-10-14,sa,146.53
2021-10-15,sa,146.65
2021-10-16,sa,146.4
2021-10-17,sa,146.63
2021-10-18,sa,146.7
2021-10-19,sa,146.88
2021-10-20,sa,146.76
2021-10-21,sa,146.84
2021-10-22,sa,146.96
2021-10-23,sa,147.04
2021-10-24,sa,146.64
2021-10-25,sa,146.48
2021-10-26,sa,145.98
2021-10-27,sa,146.11
2021-10-28,sa,146.15
2021-10-29,sa,146.26
2021-10-30,sa,146.28
2021-10-31,sa,146.61
2021-11-01,sa,146.6
2021-11-02,sa,147.05
2021-11-03,sa,146.71
2021-11-04,sa,146.25
2021-11-05,sa,146.17
2021-11-06,sa,146.3
2021-11-07,sa,146.32
2021-11-08,sa,146.36
2021-11-09,sa,145.96
2021-11-10,sa,146.35
2021-11-11,sa,146.71
2021-11-12,sa,146.92
2021-11-13,sa,147.01
2021-11-14,sa,147.36
2021-11-15,sa,147.81
2021-11-16,sa,148.56
2021-11-17,sa,149.2
2021-11-18,sa,149.28
2021-11-19,sa,149.72
2021-11-20,sa,150.03
2021-11-21,sa,150.26
2021-11-22,sa,150.16
2021-11-23,sa,150.69
2021-11-24,sa,150.72
2021-11-25,sa,151.17
2021-11-26,sa,151.41
2021-11-27,sa,151.82
2021-11-28,sa,152.34
2021-11-29,sa,152.9
2021-11-30,sa,152.99
2021-12-01,sa,153.36
2021-12-02,sa,153.66
2021-12-03,sa,153.94
2021-12-04,sa,154.22
2021-12-05,sa,154.3
2021-12-06,sa,154.42
2021-12-07,sa,154.51
2021-12-08,sa,154.41
2021-12-09,sa,154.5
2021-12-10,sa,154.59
2021-12-11,sa,154.23
2021-12-12,sa,154.33
2021-12-13,sa,154.13
2021-12-14,sa,154.35
2021-12-15,sa,154.3
2021-12-16,sa,153.9
2021-12-17,sa,153.45
2021-12-18,sa,153.24
2021-12-19,sa,152.9
2021-12-20,sa,153.13
2021-12-21,sa,152.63
2021-12-22,sa,152.27
2021-12-23,sa,152.35
2021-12-24,sa,152.7
2021-12-25,sa,153.15
2021-12-26,sa,153.48
2021-12-27,sa,154.45
2021-12-28,sa,155.18
2021-12-29,sa,155.55
2021-12-30,sa,155.75
2021-12-31,sa,155.64
2022-01-01,sa,155.27
2022-01-02,sa,154.68
2022-01-03,sa,154.36
2022-01-04,sa,153.61
2022-01-05,sa,153.58
2022-01-06,sa,152.9
2022-01-07,sa,152.63
2022-01-08,sa,152.25
2022-01-09,sa,151.95
2022-01-10,sa,150.98
2022-01-11,sa,150.33
2022-01-12,sa,150.09
2022-01-13,sa,150.59
2022-01-14,sa,150.5
2022-01-15,sa,150.75
2022-01-16,sa,150.9
2022-01-17,sa,150.78
2022-01-18,sa,151.41
2022-01-19,sa,151.39
2022-01-20,sa,151.58
2022-01-21,sa,151.59
2022-01-22,sa,151.65
2022-01-23,sa,151.78
2022-01-24,sa,152.27
2022-01-25,sa,152.26
2022-01-26,sa,152.85
2022-01-27,sa,153.29
2022-01-28,sa,154.14
2022-01-29,sa,154.68
2022-01-30,sa,154.59
2022-01-31,sa,154.94
2022-02-01,sa,155.75
2022-02-02,sa,156.05
2022-02-03,sa,156.11
2022-02-04,sa,156.37
2022-02-05,sa,157.66
2022-02-06,sa,159.78
2022-02-07,sa,161.17
2022-02-08,sa,162.45
2022-02-09,sa,163.71
2022-02-10,sa,165.12
2022-02-11,sa,165.58
2022-02-12,sa,165.87
2022-02-13,sa,166.03
2022-02-14,sa,165.16
2022-02-15,sa,164.89
2022-02-16,sa,164.36
2022-02-17,sa,164.19
2022-02-18,sa,164.54
2022-02-19,sa,165.38
2022-02-20,sa,166.56
2022-02-21,sa,168.01
2022-02-22,sa,169.18
2022-02-23,sa,170.93
2022-02-24,sa,172.48
2022-02-25,sa,174.47
2022-02-26,sa,175.44
2022-02-27,sa,176.1
2022-02-28,sa,177.56
2022-03-01,sa,179.11
2022-03-02,sa,179.95
2022-03-03,sa,181.02
2022-03-04,sa,181.7
2022-03-05,sa,182.48
2022-03-06,sa,183.42
2022-03-07,sa,183.65
2022-03-08,sa,184.02
2022-03-09,sa,183.77
2022-03-10,sa,183.17
2022-03-11,sa,182.94
2022-03-12,sa,182.77
2022-03-13,sa,182.57
2022-03-14,sa,183.2
2022-03-15,sa,182.37
2022-03-16,sa,182.42
2022-03-17,sa,182.39
2022-03-18,sa,181.96
2022-03-19,sa,181.63
2022-03-20,sa,180.57
2022-03-21,sa,180.24
2022-03-22,sa,180.45
2022-03-23,sa,181.01
2022-03-24,sa,181.19
2022-03-25,sa,181.92
2022-03-26,sa,182.45
2022-03-27,sa,183.36
2022-03-28,sa,183.5
2022-03-29,sa,184.09
2022-03-30,sa,184.58
2022-03-31,sa,185.61
2022-04-01,sa,186
2022-04-02,sa,186.72
2022-04-03,sa,187.33
2022-04-04,sa,187.12
2022-04-05,sa,187.01
2022-04-06,sa,186.86
2022-04-07,sa,186.05
2022-04-08,sa,185.31
2022-04-09,sa,183.99
2022-04-10,sa,182.66
2022-04-11,sa,181.83
2022-04-12,sa,180.59
2022-04-13,sa,179.43
2022-04-14,sa,178.31
2022-04-15,sa,178.4
2022-04-16,sa,178.37
2022-04-17,sa,178.31
2022-04-18,sa,178.82
2022-04-19,sa,178.59
2022-04-20,sa,178.19
2022-04-21,sa,178.19
2022-04-22,sa,177.4
2022-04-23,sa,177.13
2022-04-24,sa,177.1
2022-04-25,sa,177.25
2022-04-26,sa,177.17
2022-04-27,sa,177.37
2022-04-28,sa,177.76
2022-04-29,sa,177.5
2022-04-30,sa,177.4
2022-05-01,sa,177.17
2022-05-02,sa,175.98
2022-05-03,sa,176.43
2022-05-04,sa,176.79
2022-05-05,sa,176.97
2022-05-06,sa,177.23
2022-05-07,sa,177.72
2022-05-08,sa,178.16
2022-05-09,sa,178.95
2022-05-10,sa,179.27
2022-05-11,sa,178.95
2022-05-12,sa,179.27
2022-05-13,sa,179.61
2022-05-14,sa,179.79
2022-05-15,sa,180.02
2022-05-16,sa,180.37
2022-05-17,sa,180.56
2022-05-18,sa,181.73
2022-05-19,sa,182.09
2022-05-20,sa,182.58
2022-05-21,sa,182.93
2022-05-22,sa,183.28
2022-05-23,sa,183.53
2022-05-24,sa,183.48
2022-05-25,sa,183.67
2022-05-26,sa,184.01
2022-05-27,sa,184.08
2022-05-28,sa,184.33
2022-05-29,sa,184.68
2022-05-30,sa,185.22
2022-05-31,sa,185.58
2022-06-01,sa,185.8
2022-06-02,sa,186.11
2022-06-03,sa,187.09
2022-06-04,sa,187.78
2022-06-05,sa,188.28
2022-06-06,sa,188.27
2022-06-07,sa,188.63
2022-06-08,sa,188.5
2022-06-09,sa,188.57
2022-06-10,sa,188.53
2022-06-11,sa,187.95
2022-06-12,sa,187.56
2022-06-13,sa,188.29
2022-06-14,sa,187.88
2022-06-15,sa,187.65
2022-06-16,sa,187.54
2022-06-17,sa,186.77
2022-06-18,sa,186.75
2022-06-19,sa,186.78
2022-06-20,sa,186.12
2022-06-21,sa,186.43
2022-06-22,sa,186.75
2022-06-23,sa,186.9
2022-06-24,sa,187.2
2022-06-25,sa,187.51
2022-06-26,sa,187.64
2022-06-27,sa,187.63
2022-06-28,sa,187.7
2022-06-29,sa,188.04
2022-06-30,sa,188.02
2022-07-01,sa,188.3
2022-07-02,sa,188.54
2022-07-03,sa,188.8
2022-07-04,sa,189.07
2022-07-05,sa,189.08
2022-07-06,sa,188.67
2022-07-07,sa,188.19
2022-07-08,sa,187.64
2022-07-09,sa,187.34
2022-07-10,sa,186.91
2022-07-11,sa,186.48
2022-07-12,sa,186.34
2022-07-13,sa,186.28
2022-07-14,sa,186.75
2022-07-15,sa,187.24
2022-07-16,sa,187.6
2022-07-17,sa,188.23
2022-07-18,sa,188.89
2022-07-19,sa,189.42
2022-07-20,sa,190.12
2022-07-21,sa,190.49
2022-07-22,sa,190.95
2022-07-23,sa,191.22
2022-07-24,sa,191.56
2022-07-25,sa,191.44
2022-07-26,sa,191.71
2022-07-27,sa,191.67
2022-07-28,sa,191.61
2022-07-29,sa,191.33
2022-07-30,sa,191.03
2022-07-31,sa,190.54
2022-08-01,sa,190.33
2022-08-02,sa,190.19
2022-08-03,sa,189.72
2022-08-04,sa,189.36
2022-08-05,sa,189.16
2022-08-06,sa,189.1
2022-08-07,sa,188.98
2022-08-08,sa,188.69
2022-08-09,sa,188.77
2022-08-10,sa,188.93
2022-08-11,sa,189.36
2022-08-12,sa,189.6
2022-08-13,sa,189.22
2022-08-14,sa,189.5
2022-08-15,sa,189.86
2022-08-16,sa,189.79
2022-08-17,sa,189.93
2022-08-18,sa,189.61
2022-08-19,sa,189.16
2022-08-20,sa,189.55
2022-08-21,sa,189.22
2022-08-22,sa,188.74
2022-08-23,sa,188.55
2022-08-24,sa,188.81
2022-08-25,sa,190.24
2022-08-26,sa,191.91
2022-08-27,sa,193.5
2022-08-28,sa,195.07
2022-08-29,sa,197.07
2022-08-30,sa,198.64
2022-08-31,sa,199.68
2022-09-01,sa,200.01
2022-09-02,sa,199.88
2022-09-03,sa,199.66
2022-09-04,sa,199.42
2022-09-05,sa,198.63
2022-09-06,sa,198.51
2022-09-07,sa,198.45
2022-09-08,sa,198.06
2022-09-09,sa,197.51
2022-09-10,sa,197.23
2022-09-11,sa,197.01
2022-09-12,sa,196.26
2022-09-13,sa,195.06
2022-09-14,sa,194.06
2022-09-15,sa,193.1
2022-09-16,sa,192.98
2022-09-17,sa,192.74
2022-09-18,sa,192.43
2022-09-19,sa,192.83
2022-09-20,sa,193.08
2022-09-21,sa,193.1
2022-09-22,sa,193.42
2022-09-23,sa,192.94
2022-09-24,sa,192.18
2022-09-25,sa,191.52
2022-09-26,sa,191.04
2022-09-27,sa,190.67
2022-09-28,sa,190.3
2022-09-29,sa,189.86
2022-09-30,sa,190.08
2022-10-01,sa,190.17
2022-10-02,sa,190.62
2022-10-03,sa,191.87
2022-10-04,sa,192.15
2022-10-05,sa,192.66
2022-10-06,sa,192.86
2022-10-07,sa,192.82
2022-10-08,sa,193.46
2022-10-09,sa,193.74
2022-10-10,sa,193.84
2022-10-11,sa,194.45
2022-10-12,sa,194.81
2022-10-13,sa,195.5
2022-10-14,sa,196.17
2022-10-15,sa,196.53
2022-10-16,sa,196.93
2022-10-17,sa,196.7
2022-10-18,sa,197.17
2022-10-19,sa,197.79
2022-10-20,sa,198.09
2022-10-21,sa,198.46
2022-10-22,sa,198.04
2022-10-23,sa,198.27
2022-10-24,sa,198.5
2022-10-25,sa,198.22
2022-10-26,sa,197.78
2022-10-27,sa,198.57
2022-10-28,sa,199.3
2022-10-29,sa,200.74
2022-10-30,sa,201.51
2022-10-31,sa,202.48
2022-11-01,sa,203.75
2022-11-02,sa,204.89
2022-11-03,sa,204.65
2022-11-04,sa,204.36
2022-11-05,sa,203.87
2022-11-06,sa,203.28
2022-11-07,sa,202.57
2022-11-08,sa,202.22
2022-11-09,sa,202.36
2022-11-10,sa,202.39
2022-11-11,sa,201.78
2022-11-12,sa,201.72
2022-11-13,sa,202.2
2022-11-14,sa,203
2022-11-15,sa,203.42
2022-11-16,sa,203.52
2022-11-17,sa,204.5
2022-11-18,sa,206.67
2022-11-19,sa,208.2
2022-11-20,sa,209.99
2022-11-21,sa,211
2022-11-22,sa,212.32
2022-11-23,sa,213.44
2022-11-24,sa,214.02
2022-11-25,sa,214.49
2022-11-26,sa,214.79
2022-11-27,sa,214.81
2022-11-28,sa,214.93
2022-11-29,sa,214.68
2022-11-30,sa,214.65
2022-12-01,sa,214.84
2022-12-02,sa,214.45
2022-12-03,sa,214.59
2022-12-04,sa,214.77
2022-12-05,sa,215.43
2022-12-06,sa,215.65
2022-12-07,sa,215.97
2022-12-08,sa,215.95
2022-12-09,sa,215.99
2022-12-10,sa,215.37
2022-12-11,sa,214.53
2022-12-12,sa,213.79
2022-12-13,sa,213.5
2022-12-14,sa,212.66
2022-12-15,sa,211.51
2022-12-16,sa,210.19
2022-12-17,sa,209.34
2022-12-18,sa,208.67
2022-12-19,sa,208.41
2022-12-20,sa,207.22
2022-12-21,sa,206.63
2022-12-22,sa,206.35
2022-12-23,sa,206.18
2022-12-24,sa,206.4
2022-12-25,sa,206.56
2022-12-26,sa,207.12
2022-12-27,sa,208.22
2022-12-28,sa,208.63
2022-12-29,sa,208.66
2022-12-30,sa,208.8
2022-12-31,sa,208.56
2023-01-01,sa,208.28
2023-01-02,sa,207.58
2023-01-03,sa,207.32
2023-01-04,sa,207.49
2023-01-05,sa,207.9
2023-01-06,sa,208.32
2023-01-07,sa,208.07
2023-01-08,sa,207.6
2023-01-09,sa,206.23
2023-01-10,sa,204.84
2023-01-11,sa,204.18
2023-01-12,sa,203.28
2023-01-13,sa,203.15
2023-01-14,sa,203.63
2023-01-15,sa,204.13
2023-01-16,sa,205.1
2023-01-17,sa,206.2
2023-01-18,sa,206.53
2023-01-19,sa,207.24
2023-01-20,sa,207.1
2023-01-21,sa,207.21
2023-01-22,sa,207.62
2023-01-23,sa,207.21
2023-01-24,sa,207.32
2023-01-25,sa,207.35
2023-01-26,sa,208.42
2023-01-27,sa,208.99
2023-01-28,sa,208.8
2023-01-29,sa,208.56
2023-01-30,sa,208.85
2023-01-31,sa,207.77
2023-02-01,sa,206.95
2023-02-02,sa,205.15
2023-02-03,sa,204.02
2023-02-04,sa,203.14
2023-02-05,sa,201.93
2023-02-06,sa,200.76
2023-02-07,sa,200.36
2023-02-08,sa,199.64
2023-02-09,sa,199.1
2023-02-10,sa,198.66
2023-02-11,sa,198.49
2023-02-12,sa,198.52
2023-02-13,sa,198.8
2023-02-14,sa,198.97
2023-02-15,sa,199.54
2023-02-16,sa,199.93
2023-02-17,sa,200.22
2023-02-18,sa,200.42
2023-02-19,sa,200.64
2023-02-20,sa,200.47
2023-02-21,sa,200.47
2023-02-22,sa,200.32
2023-02-23,sa,200.38
2023-02-24,sa,200.37
2023-02-25,sa,200.65
2023-02-26,sa,200.82
2023-02-27,sa,201.31
2023-02-28,sa,201.58
2023-03-01,sa,201.94
2023-03-02,sa,201.98
2023-03-03,sa,201.55
2023-03-04,sa,201.23
2023-03-05,sa,200.95
2023-03-06,sa,200.12
2023-03-07,sa,199.63
2023-03-08,sa,198.9
2023-03-09,sa,198.07
2023-03-10,sa,198.62
2023-03-11,sa,199.16
2023-03-12,sa,199.79
2023-03-13,sa,201.33
2023-03-14,sa,201.82
2023-03-15,sa,202.34
2023-03-16,sa,203.13
2023-03-17,sa,202.88
2023-03-18,sa,202.99
2023-03-19,sa,202.62
2023-03-20,sa,201.9
2023-03-21,sa,201.5
2023-03-22,sa,201.4
2023-03-23,sa,201.39
2023-03-24,sa,201.31
2023-03-25,sa,200.6
2023-03-26,sa,200.31
2023-03-27,sa,199.84
2023-03-28,sa,199.5
2023-03-29,sa,198.87
2023-03-30,sa,198.67
2023-03-31,sa,198.7
2023-04-01,sa,198.77
2023-04-02,sa,198.71
2023-04-03,sa,198.57
2023-04-04,sa,199.04
2023-04-05,sa,199.43
2023-04-06,sa,199.15
2023-04-07,sa,199.79
2023-04-08,sa,199.97
2023-04-09,sa,199.92
2023-04-10,sa,200.56
2023-04-11,sa,200.53
2023-04-12,sa,199.92
2023-04-13,sa,199.35
2023-04-14,sa,198.05
2023-04-15,sa,197.1
2023-04-16,sa,196.64
2023-04-17,sa,195.45
2023-04-18,sa,194.92
2023-04-19,sa,194.86
2023-04-20,sa,194.87
2023-04-21,sa,194.69
2023-04-22,sa,195.04
2023-04-23,sa,194.95
2023-04-24,sa,195.08
2023-04-25,sa,194.82
2023-04-26,sa,194.36
2023-04-27,sa,194
2023-04-28,sa,193.87
2023-04-29,sa,193.62
2023-04-30,sa,193.51
2023-05-01,sa,193.24
2023-05-02,sa,193.77
2023-05-03,sa,194.45
2023-05-04,sa,194.59
2023-05-05,sa,194.6
2023-05-06,sa,194.68
2023-05-07,sa,194.58
2023-05-08,sa,194.88
2023-05-09,sa,194.73
2023-05-10,sa,194.76
2023-05-11,sa,195.27
2023-05-12,sa,195.75
2023-05-13,sa,196.22
2023-05-14,sa,196.83
2023-05-15,sa,197.04
2023-05-16,sa,196.67
2023-05-17,sa,196.55
2023-05-18,sa,196.2
2023-05-19,sa,195.79
2023-05-20,sa,194.75
2023-05-21,sa,194.08
2023-05-22,sa,193.67
2023-05-23,sa,193.53
2023-05-24,sa,193.22
2023-05-25,sa,193.29
2023-05-26,sa,193.55
2023-05-27,sa,194.01
2023-05-28,sa,194.01
2023-05-29,sa,194.1
2023-05-30,sa,193.97
2023-05-31,sa,193.78
2023-06-01,sa,193.11
2023-06-02,sa,192.38
2023-06-03,sa,191.63
2023-06-04,sa,191.15
2023-06-05,sa,190.45
2023-06-06,sa,190.11
2023-06-07,sa,189.69
2023-06-08,sa,190.07
2023-06-09,sa,190.26
2023-06-10,sa,190.97
2023-06-11,sa,191.67
2023-06-12,sa,192.97
2023-06-13,sa,193.18
2023-06-14,sa,191.28
2023-06-15,sa,191.17
2023-06-16,sa,191.03
2023-06-17,sa,190.58
2023-06-18,sa,190.22
2023-06-19,sa,189.32
2023-06-20,sa,189.12
2023-06-21,sa,191.15
2023-06-22,sa,190.89
2023-06-23,sa,190.57
2023-06-24,sa,190.41
2023-06-25,sa,190
2023-06-26,sa,189.56
2023-06-27,sa,189.59
2023-06-28,sa,189.56
2023-06-29,sa,189.66
2023-06-30,sa,189.7
2023-07-01,sa,189.26
2023-07-02,sa,188.86
2023-07-03,sa,188.54
2023-07-04,sa,188.32
2023-07-05,sa,188.03
2023-07-06,sa,187.49
2023-07-07,sa,187.26
2023-07-08,sa,187.48
2023-07-09,sa,187.75
2023-07-10,sa,188.26
2023-07-11,sa,188.31
2023-07-12,sa,188.63
2023-07-13,sa,189.09
2023-07-14,sa,189.61
2023-07-15,sa,189.55
2023-07-16,sa,189.29
2023-07-17,sa,188.97
2023-07-18,sa,188.43
2023-07-19,sa,188.03
2023-07-20,sa,187.77
2023-07-21,sa,187.27
2023-07-22,sa,186.44
2023-07-23,sa,186.42
2023-07-24,sa,186.66
2023-07-25,sa,187.27
2023-07-26,sa,187.79
2023-07-27,sa,188.03
2023-07-28,sa,188.59
2023-07-29,sa,186.93
2023-07-30,sa,187.65
2023-07-31,sa,188
2023-08-01,sa,187.81
2023-08-02,sa,187.76
2023-08-03,sa,188.36
2023-08-04,sa,188.86
2023-08-05,sa,192.54
2023-08-06,sa,193.23
2023-08-07,sa,193.77
2023-08-08,sa,194.68
2023-08-09,sa,195.07
2023-08-10,sa,195.29
2023-08-11,sa,195.23
2023-08-12,sa,194.5
2023-08-13,sa,194.22
2023-08-14,sa,193.9
2023-08-15,sa,194.09
2023-08-16,sa,194.49
2023-08-17,sa,194.18
2023-08-18,sa,194.19
2023-08-19,sa,194.62
2023-08-20,sa,194.64
2023-08-21,sa,194.79
2023-08-22,sa,194.47
2023-08-23,sa,194.23
2023-08-24,sa,194.2
2023-08-25,sa,193.54
2023-08-26,sa,192.77
2023-08-27,sa,192.11
2023-08-28,sa,191.29
2023-08-29,sa,190.71
2023-08-30,sa,190
2023-08-31,sa,189.5
2023-09-01,sa,188.94
2023-09-02,sa,188.77
2023-09-03,sa,188.35
2023-09-04,sa,188.11
2023-09-05,sa,187.8
2023-09-06,sa,187.64
2023-09-07,sa,187.43
2023-09-08,sa,187.55
2023-09-09,sa,187.14
2023-09-10,sa,186.74
2023-09-11,sa,186.02
2023-09-12,sa,185.71
2023-09-13,sa,185.52
2023-09-14,sa,185.52
2023-09-15,sa,185.54
2023-09-16,sa,186.11
2023-09-17,sa,186.82
2023-09-18,sa,187.81
2023-09-19,sa,188.43
2023-09-20,sa,188.79
2023-09-21,sa,189.15
2023-09-22,sa,189.61
2023-09-23,sa,190.26
2023-09-24,sa,190.85
2023-09-25,sa,191.61
2023-09-26,sa,192.18
2023-09-27,sa,192.67
2023-09-28,sa,192.89
2023-09-29,sa,193.41
2023-09-30,sa,192.99
2023-10-01,sa,192.66
2023-10-02,sa,192.39
2023-10-03,sa,191.87
2023-10-04,sa,191.46
2023-10-05,sa,190.99
2023-10-06,sa,190.51
2023-10-07,sa,190.64
2023-10-08,sa,190.64
2023-10-09,sa,190.21
2023-10-10,sa,190.47
2023-10-11,sa,190.84
2023-10-12,sa,191.2
2023-10-13,sa,191.59
2023-10-14,sa,191.36
2023-10-15,sa,191.27
2023-10-16,sa,191.26
2023-10-17,sa,190.95
2023-10-18,sa,190.67
2023-10-19,sa,190.59
2023-10-20,sa,190.42
2023-10-21,sa,190.43
2023-10-22,sa,190.68
2023-10-23,sa,190.76
2023-10-24,sa,191.38
2023-10-25,sa,192.06
2023-10-26,sa,192.45
2023-10-27,sa,192.13
2023-10-28,sa,191.9
2023-10-29,sa,191.42
2023-10-30,sa,191.2
2023-10-31,sa,190.66
2023-11-01,sa,190.07
2023-11-02,sa,189.42
2023-11-03,sa,189.39
2023-11-04,sa,189.43
2023-11-05,sa,189.45
2023-11-06,sa,189.18
2023-11-07,sa,189.23
2023-11-08,sa,189.05
2023-11-09,sa,189.17
2023-11-10,sa,189.12
2023-11-11,sa,189.19
2023-11-12,sa,189.26
2023-11-13,sa,189.8
2023-11-14,sa,189.67
2023-11-15,sa,189.66
2023-11-16,sa,189.51
2023-11-17,sa,189.74
2023-11-18,sa,189.74
2023-11-19,sa,189.84
2023-11-20,sa,189.45
2023-11-21,sa,189.34
2023-11-22,sa,189.21
2023-11-23,sa,189.07
2023-11-24,sa,188.74
2023-11-25,sa,188.48
2023-11-26,sa,188.06
2023-11-27,sa,188.09
2023-11-28,sa,187.9
2023-11-29,sa,187.69
2023-11-30,sa,187.09
2023-12-01,sa,186.25
2023-12-02,sa,185.43
2023-12-03,sa,184.8
2023-12-04,sa,183.66
2023-12-05,sa,182.71
2023-12-06,sa,181.78
2023-12-07,sa,181.06
2023-12-08,sa,180.71
2023-12-09,sa,180.25
2023-12-10,sa,179.65
2023-12-11,sa,179.56
2023-12-12,sa,179.6
2023-12-13,sa,179.4
2023-12-14,sa,179.29
2023-12-15,sa,178.84
2023-12-16,sa,178.53
2023-12-17,sa,178.25
2023-12-18,sa,177.81
2023-12-19,sa,177.61
2023-12-20,sa,177.27
2023-12-21,sa,176.99
2023-12-22,sa,176.76
2023-12-23,sa,176.35
2023-12-24,sa,176.11
2023-12-25,sa,176.87
2023-12-26,sa,177.02
2023-12-27,sa,177.2
2023-12-28,sa,177.38
2023-12-29,sa,177.39
2023-12-30,sa,177.38
2023-12-31,sa,177.35
2024-01-01,sa,177.09
2024-01-02,sa,176.71
2024-01-03,sa,176.71
2024-01-04,sa,177.08
2024-01-05,sa,177.6
2024-01-06,sa,178.35
2024-01-07,sa,178.55
2024-01-08,sa,178.47
2024-01-09,sa,178.69
2024-01-10,sa,178.93
2024-01-11,sa,179.29
2024-01-12,sa,179.67
2024-01-13,sa,180.21
2024-01-14,sa,181.24
2024-01-15,sa,181.58
2024-01-16,sa,182.27
2024-01-17,sa,183.17
2024-01-18,sa,183.26
2024-01-19,sa,183.4
2024-01-20,sa,183.56
2024-01-21,sa,183.74
2024-01-22,sa,184.17
2024-01-23,sa,184.2
2024-01-24,sa,183.82
2024-01-25,sa,183.82
2024-01-26,sa,184.65
2024-01-27,sa,184.47
2024-01-28,sa,183.78
2024-01-29,sa,183
2024-01-30,sa,182.3
2024-01-31,sa,181.65
2024-02-01,sa,180.89
2024-02-02,sa,179.35
2024-02-03,sa,178.78
2024-02-04,sa,178.71
2024-02-05,sa,178.7
2024-02-06,sa,178.51
2024-02-07,sa,178.44
2024-02-08,sa,178.67
2024-02-09,sa,178.82
2024-02-10,sa,178.81
2024-02-11,sa,178.57
2024-02-12,sa,178.27
2024-02-13,sa,178.58
2024-02-14,sa,178.77
2024-02-15,sa,178.76
2024-02-16,sa,178.68
2024-02-17,sa,178.32
2024-02-18,sa,178.26
2024-02-19,sa,178.01
2024-02-20,sa,177.41
2024-02-21,sa,177
2024-02-22,sa,176.8
2024-02-23,sa,177.12
2024-02-24,sa,177.84
2024-02-25,sa,178.57
2024-02-26,sa,179.26
2024-02-27,sa,180.18
2024-02-28,sa,181.35
2024-02-29,sa,182.43
2024-03-01,sa,182.96
2024-03-02,sa,183.13
2024-03-03,sa,183.22
2024-03-04,sa,183.81
2024-03-05,sa,183.99
2024-03-06,sa,183.74
2024-03-07,sa,183.43
2024-03-08,sa,183.6
2024-03-09,sa,183.8
2024-03-10,sa,183.69
2024-03-11,sa,183.85
2024-03-12,sa,183.11
2024-03-13,sa,182.64
2024-03-14,sa,181.91
2024-03-15,sa,180.79
2024-03-16,sa,179.82
2024-03-17,sa,179.21
2024-03-18,sa,178.25
2024-03-19,sa,178.21
2024-03-20,sa,178.2
2024-03-21,sa,178.5
2024-03-22,sa,178.53
2024-03-23,sa,178.65
2024-03-24,sa,178.67
2024-03-25,sa,178.67
2024-03-26,sa,178.63
2024-03-27,sa,178.61
2024-03-28,sa,178.53
2024-03-29,sa,179.39
2024-03-30,sa,179.67
2024-03-31,sa,179.67
2024-04-01,sa,180.1
2024-04-02,sa,180.13
2024-04-03,sa,179.69
2024-04-04,sa,179.41
2024-04-05,sa,178.55
2024-04-06,sa,178.31
2024-04-07,sa,178.34
2024-04-08,sa,177.6
2024-04-09,sa,177.7
2024-04-10,sa,178.32
2024-04-11,sa,178.88
2024-04-12,sa,179.71
2024-04-13,sa,180.78
2024-04-14,sa,181.89
2024-04-15,sa,183.19
2024-04-16,sa,184.02
2024-04-17,sa,184.68
2024-04-18,sa,185.14
2024-04-19,sa,185.48
2024-04-20,sa,185.55
2024-04-21,sa,185.79
2024-04-22,sa,185.94
2024-04-23,sa,186.37
2024-04-24,sa,186.67
2024-04-25,sa,187.74
2024-04-26,sa,188.35
2024-04-27,sa,188.59
2024-04-28,sa,188.63
2024-04-29,sa,188.77
2024-04-30,sa,188.64
2024-05-01,sa,188.51
2024-05-02,sa,187.89
2024-05-03,sa,187.26
2024-05-04,sa,187.32
2024-05-05,sa,187.28
2024-05-06,sa,187.26
2024-05-07,sa,186.98
2024-05-08,sa,186.88
2024-05-09,sa,186.4
2024-05-10,sa,185.89
2024-05-11,sa,185.1
2024-05-12,sa,184.33
2024-05-13,sa,183.51
2024-05-14,sa,182.97
2024-05-15,sa,182.32
2024-05-16,sa,181.91
2024-05-17,sa,181.52
2024-05-18,sa,180.34
2024-05-19,sa,179.05
2024-05-20,sa,177.76
2024-05-21,sa,176.48
2024-05-22,sa,176.13
2024-05-23,sa,175.75
2024-05-24,sa,175.51
2024-05-25,sa,176.48
2024-05-26,sa,177.51
2024-05-27,sa,178.62
2024-05-28,sa,180.07
2024-05-29,sa,180.54
2024-05-30,sa,180.84
2024-05-31,sa,181.48
2024-06-01,sa,181.77
2024-06-02,sa,182.07
2024-06-03,sa,182.35
2024-06-04,sa,182.39
2024-06-05,sa,182.47
2024-06-06,sa,182.69
2024-06-07,sa,182.51
2024-06-08,sa,182.59
2024-06-09,sa,182.67
2024-06-10,sa,183.07
2024-06-11,sa,182.85
2024-06-12,sa,182.4
2024-06-13,sa,181.92
2024-06-14,sa,182.02
2024-06-15,sa,181.4
2024-06-16,sa,181.29
2024-06-17,sa,180.5
2024-06-18,sa,180.39
2024-06-19,sa,180.2
2024-06-20,sa,180.43
2024-06-21,sa,180.49
2024-06-22,sa,180.63
2024-06-23,sa,180.39
2024-06-24,sa,180.59
2024-06-25,sa,180.8
2024-06-26,sa,181.35
2024-06-27,sa,181.6
2024-06-28,sa,181.53
2024-06-29,sa,181.75
2024-06-30,sa,181.92
2024-07-01,sa,181.78
2024-07-02,sa,181.46
2024-07-03,sa,181.2
2024-07-04,sa,180.8
2024-07-05,sa,180.94
2024-07-06,sa,181.29
2024-07-07,sa,181.41
2024-07-08,sa,182.09
2024-07-09,sa,182.67
2024-07-10,sa,183.12
2024-07-11,sa,183.68
2024-07-12,sa,184.14
2024-07-13,sa,184.2
2024-07-14,sa,184.46
2024-07-15,sa,184.7
2024-07-16,sa,184.71
2024-07-17,sa,185.17
2024-07-18,sa,185.5
2024-07-19,sa,185.29
2024-07-20,sa,184.82
2024-07-21,sa,184.85
2024-07-22,sa,184.64
2024-07-23,sa,184.84
2024-07-24,sa,184.53
2024-07-25,sa,184.43
2024-07-26,sa,184.55
2024-07-27,sa,184.92
2024-07-28,sa,184.8
2024-07-29,sa,184.65
2024-07-30,sa,184.67
2024-07-31,sa,184.69
2024-08-01,sa,185.05
2024-08-02,sa,185.48
2024-08-03,sa,186.11
2024-08-04,sa,186.66
2024-08-05,sa,187.22
2024-08-06,sa,187.5
2024-08-07,sa,187.77
2024-08-08,sa,187.54
2024-08-09,sa,187.41
2024-08-10,sa,187.22
2024-08-11,sa,187.11
2024-08-12,sa,187.09
2024-08-13,sa,187.44
2024-08-14,sa,187.58
2024-08-15,sa,187.78
2024-08-16,sa,188
2024-08-17,sa,188.62
2024-08-18,sa,189.11
2024-08-19,sa,189.6
2024-08-20,sa,189.8
2024-08-21,sa,190.41
2024-08-22,sa,190.97
2024-08-23,sa,190.68
2024-08-24,sa,190.05
2024-08-25,sa,189.46
2024-08-26,sa,188.58
2024-08-27,sa,188.01
2024-08-28,sa,187.01
2024-08-29,sa,186.1
2024-08-30,sa,186.04
2024-08-31,sa,185.99
2024-09-01,sa,185.98
2024-09-02,sa,186.05
2024-09-03,sa,185.87
2024-09-04,sa,186.05
2024-09-05,sa,186.25
2024-09-06,sa,186.29
2024-09-07,sa,186.14
2024-09-08,sa,185.91
2024-09-09,sa,185.71
2024-09-10,sa,185.74
2024-09-11,sa,185.57
2024-09-12,sa,185.81
2024-09-13,sa,186.18
2024-09-14,sa,186.72
2024-09-15,sa,187.42
2024-09-16,sa,188.2
2024-09-17,sa,188.7
2024-09-18,sa,189.32
2024-09-19,sa,189.87
2024-09-20,sa,190.6
2024-09-21,sa,191.24
2024-09-22,sa,191.78
2024-09-23,sa,192.2
2024-09-24,sa,192.67
2024-09-25,sa,193.28
2024-09-26,sa,193.41
2024-09-27,sa,193.47
2024-09-28,sa,193.26
2024-09-29,sa,193.26
2024-09-30,sa,193.61
2024-10-01,sa,193.63
2024-10-02,sa,193.37
2024-10-03,sa,193.41
2024-10-04,sa,193.47
2024-10-05,sa,193.9
2024-10-06,sa,194.23
2024-10-07,sa,194.79
2024-10-08,sa,194.66
2024-10-09,sa,194.63
2024-10-10,sa,194.21
2024-10-11,sa,193.66
2024-10-12,sa,192.94
2024-10-13,sa,192.29
2024-10-14,sa,191.24
2024-10-15,sa,191.02
2024-10-16,sa,190.83
2024-10-17,sa,190.87
2024-10-18,sa,190.8
2024-10-19,sa,190.66
2024-10-20,sa,190.48
2024-10-21,sa,190.59
2024-10-22,sa,191.14
2024-10-23,sa,191.89
2024-10-24,sa,192.21
2024-10-25,sa,192.3
2024-10-26,sa,192.5
2024-10-27,sa,192.61
2024-10-28,sa,192.46
2024-10-29,sa,192.01
2024-10-30,sa,191.78
2024-10-31,sa,192.3
2024-11-01,sa,193.1
2024-11-02,sa,193.85
2024-11-03,sa,194.33
2024-11-04,sa,194.69
2024-11-05,sa,195.19
2024-11-06,sa,195.44
2024-11-07,sa,195.43
2024-11-08,sa,195.59
2024-11-09,sa,195.56
2024-11-10,sa,195.58
2024-11-11,sa,195.68
2024-11-12,sa,195.42
2024-11-13,sa,195.19
2024-11-14,sa,194.55
2024-11-15,sa,193.87
2024-11-16,sa,193.38
2024-11-17,sa,193.15
2024-11-18,sa,192.85
2024-11-19,sa,192.27
2024-11-20,sa,192.07
2024-11-21,sa,192.11
2024-11-22,sa,191.85
2024-11-23,sa,191.92
2024-11-24,sa,192
2024-11-25,sa,192.18
2024-11-26,sa,192.75
2024-11-27,sa,192.95
2024-11-28,sa,193.03
2024-11-29,sa,193.39
2024-11-30,sa,193.59
2024-12-01,sa,193.68
2024-12-02,sa,193.99
2024-12-03,sa,194.35
2024-12-04,sa,194.4
2024-12-05,sa,194.52
2024-12-06,sa,194.6
2024-12-07,sa,194.56
2024-12-08,sa,194.52
2024-12-09,sa,194.45
2024-12-10,sa,194.34
2024-12-11,sa,194.33
2024-12-12,sa,194.34
2024-12-13,sa,194.15
2024-12-14,sa,193.81
2024-12-15,sa,193.73
2024-12-16,sa,193.58
2024-12-17,sa,193.68
2024-12-18,sa,193.82
2024-12-19,sa,193.96
2024-12-20,sa,194.07
2024-12-21,sa,194.36
2024-12-22,sa,194.49
2024-12-23,sa,194.77
2024-12-24,sa,195.15
2024-12-25,sa,195.72
2024-12-26,sa,196.14
2024-12-27,sa,196.41
2024-12-28,sa,196.22
2024-12-29,sa,196.01
2024-12-30,sa,196.05
2024-12-31,sa,195.85
2025-01-01,sa,194.94
2025-01-02,sa,193.95
2025-01-03,sa,193.14
2025-01-04,sa,192.81
2025-01-05,sa,192.28
2025-01-06,sa,191.49
2025-01-07,sa,190.76
2025-01-08,sa,190.65
2025-01-09,sa,191.01
2025-01-10,sa,191.49
2025-01-11,sa,191.99
2025-01-12,sa,192.57
2025-01-13,sa,192.95
2025-01-14,sa,193.05
2025-01-15,sa,193.01
2025-01-16,sa,192.88
2025-01-17,sa,193.02
2025-01-18,sa,193.01
2025-01-19,sa,193.11
2025-01-20,sa,193.08
2025-01-21,sa,193.21
2025-01-22,sa,193.57
2025-01-23,sa,193.9
2025-01-24,sa,194.27
2025-01-25,sa,194.67
2025-01-26,sa,195.46
2025-01-27,sa,196.56
2025-01-28,sa,196.88
2025-01-29,sa,197.14
2025-01-30,sa,197.22
2025-01-31,sa,196.86
2025-02-01,sa,196.68
2025-02-02,sa,196.32
2025-02-03,sa,195.53
2025-02-04,sa,195.91
2025-02-05,sa,196.11
2025-02-06,sa,196.24
2025-02-07,sa,196.44
2025-02-08,sa,196.5
2025-02-09,sa,196.13
2025-02-10,sa,195.83
2025-02-11,sa,195.46
2025-02-12,sa,195.26
2025-02-13,sa,195.1
2025-02-14,sa,195.01
2025-02-15,sa,194.48
2025-02-16,sa,194.5
2025-02-17,sa,194.77
2025-02-18,sa,194.51
2025-02-19,sa,193.81
2025-02-20,sa,193
2025-02-21,sa,192.02
2025-02-22,sa,191.62
2025-02-23,sa,190.84
2025-02-24,sa,189.96
2025-02-25,sa,189.15
2025-02-26,sa,188.4
2025-02-27,sa,187.91
2025-02-28,sa,187.93
2025-03-01,sa,187.66
2025-03-02,sa,187.08
2025-03-03,sa,186.71
2025-03-04,sa,186.12
2025-03-05,sa,186.01
2025-03-06,sa,185.63
2025-03-07,sa,185.27
2025-03-08,sa,185.11
2025-03-09,sa,185.32
2025-03-10,sa,185.51
2025-03-11,sa,185.61
2025-03-12,sa,185.41
2025-03-13,sa,185.41
2025-03-14,sa,185.05
2025-03-15,sa,184.62
2025-03-16,sa,184.08
2025-03-17,sa,183.63
2025-03-18,sa,183.59
2025-03-19,sa,183.78
2025-03-20,sa,184.08
2025-03-21,sa,184.79
2025-03-22,sa,185.44
2025-03-23,sa,185.97
2025-03-24,sa,186.33
2025-03-25,sa,186.56
2025-03-26,sa,186.85
2025-03-27,sa,186.96
2025-03-28,sa,186.81
2025-03-29,sa,186.82
2025-03-30,sa,187.06
2025-03-31,sa,187.3
2025-04-01,sa,187.48
2025-04-02,sa,187.65
2025-04-03,sa,187.72
2025-04-04,sa,187.93
2025-04-05,sa,188.21
2025-04-06,sa,188.44
2025-04-07,sa,188.5
2025-04-08,sa,188.74
2025-04-09,sa,188.78
2025-04-10,sa,189.04
2025-04-11,sa,189.24
2025-04-12,sa,189.28
2025-04-13,sa,189.36
2025-04-14,sa,189.17
2025-04-15,sa,188.66
2025-04-16,sa,188.2
2025-04-17,sa,187.79
2025-04-18,sa,187.78
2025-04-19,sa,186.87
2025-04-20,sa,185.83
2025-04-21,sa,185.52
2025-04-22,sa,185.07
2025-04-23,sa,184.62
2025-04-24,sa,183.87
2025-04-25,sa,182.67
2025-04-26,sa,181.72
2025-04-27,sa,181.24
2025-04-28,sa,180.44
2025-04-29,sa,179.98
2025-04-30,sa,179.24
2025-05-01,sa,178.55
2025-05-02,sa,177.95
2025-05-03,sa,178.35
2025-05-04,sa,178.7
2025-05-05,sa,178.95
2025-05-06,sa,179.15
2025-05-07,sa,180.16
2025-05-08,sa,181.56
2025-05-09,sa,182.58
2025-05-10,sa,183.48
2025-05-11,sa,183.86
2025-05-12,sa,184.46
2025-05-13,sa,185.25
2025-05-14,sa,185.25
2025-05-15,sa,184.96
2025-05-16,sa,185.09
2025-05-17,sa,185.07
2025-05-18,sa,185.31
2025-05-19,sa,185.61
2025-05-20,sa,185.93
2025-05-21,sa,186.52
2025-05-22,sa,187.2
2025-05-23,sa,187.63
2025-05-24,sa,188.12
2025-05-25,sa,188.66
2025-05-26,sa,189.05
2025-05-27,sa,189.15
2025-05-28,sa,189.49
2025-05-29,sa,187.45
2025-05-30,sa,185.09
2025-05-31,sa,182.89
2025-06-01,sa,180.42
2025-06-02,sa,178.07
2025-06-03,sa,176.2
2025-06-04,sa,173.92
2025-06-05,sa,174.04
2025-06-06,sa,174.58
2025-06-07,sa,174.64
2025-06-08,sa,174.62
2025-06-09,sa,174.66
2025-06-10,sa,174.13
2025-06-11,sa,173.57
2025-06-12,sa,173.19
2025-06-13,sa,172.68
2025-06-14,sa,172.64
2025-06-15,sa,172.96
2025-06-16,sa,173.03
2025-06-17,sa,173.49
2025-06-18,sa,174.4
2025-06-19,sa,175.3
2025-06-20,sa,175.95
2025-06-21,sa,176.6
2025-06-22,sa,176.95
2025-06-23,sa,177.24
2025-06-24,sa,177.46
2025-06-25,sa,177.36
2025-06-26,sa,177.04
2025-06-27,sa,176.8
2025-06-28,sa,176.23
2025-06-29,sa,175.68
2025-06-30,sa,175.07
2025-07-01,sa,174.48
2025-07-02,sa,173.91
2025-07-03,sa,173.34
2025-07-04,sa,172.9
2025-07-05,sa,172.45
2025-07-06,sa,172
2025-07-07,sa,171.99
2025-07-08,sa,171.84
2025-07-09,sa,171.51
2025-07-10,sa,171.28
2025-07-11,sa,171.02
2025-07-12,sa,170.94
2025-07-13,sa,170.84
2025-07-14,sa,170.56
2025-07-15,sa,170.26
2025-07-16,sa,170.09
2025-07-17,sa,169.72
2025-07-18,sa,169.25
2025-07-19,sa,168.85
2025-07-20,sa,168.71
2025-07-21,sa,168.49
2025-07-22,sa,168.47
2025-07-23,sa,168.49
2025-07-24,sa,168.64
2025-07-25,sa,168.62
2025-07-26,sa,168.9
2025-07-27,sa,168.89
2025-07-28,sa,168.9
2025-07-29,sa,168.87
2025-07-30,sa,168.75
2025-07-31,sa,169.22
2025-08-01,sa,169.66
2025-08-02,sa,169.67
2025-08-03,sa,169.54
2025-08-04,sa,169.55
2025-08-05,sa,169.32
2025-08-06,sa,169.35
2025-08-07,sa,169.1
2025-08-08,sa,169.14
2025-08-09,sa,168.96
2025-08-10,sa,169.1
2025-08-11,sa,169.14
2025-08-12,sa,169.58
2025-08-13,sa,169.67
2025-08-14,sa,169.44
2025-08-15,sa,168.28
2025-08-16,sa,167.86
2025-08-17,sa,167.19
2025-08-18,sa,166.54
2025-08-19,sa,165.94
2025-08-20,sa,165.38
2025-08-21,sa,164.65
2025-08-22,sa,164.93
2025-08-23,sa,164.87
2025-08-24,sa,164.94
2025-08-25,sa,165.04
2025-08-26,sa,164.97
2025-08-27,sa,164.98
2025-08-28,sa,165.38
2025-08-29,sa,165.72
2025-08-30,sa,166.02
2025-08-31,sa,166.16
2025-09-01,sa,166.43
2025-09-02,sa,166.73
2025-09-03,sa,167.13
2025-09-04,sa,167.48
2025-09-05,sa,167.51
2025-09-06,sa,167.49
2025-09-07,sa,167.51
2025-09-08,sa,167.5
2025-09-09,sa,167.25
2025-09-10,sa,166.59
2025-09-11,sa,166.29
2025-09-12,sa,166.35
2025-09-13,sa,166.18
2025-09-14,sa,165.87
2025-09-15,sa,165.4
2025-09-16,sa,165.17
2025-09-17,sa,165.23
2025-09-18,sa,165.32
2025-09-19,sa,165.46
2025-09-20,sa,165.91
2025-09-21,sa,166.3
2025-09-22,sa,166.62
2025-09-23,sa,166.94
2025-09-24,sa,167.56
2025-09-25,sa,167.88
2025-09-26,sa,168.05
2025-09-27,sa,168.08
2025-09-28,sa,168.37
2025-09-29,sa,168.68
2025-09-30,sa,169.18
2025-10-01,sa,169.67
2025-10-02,sa,170.11
2025-10-03,sa,170.63
2025-10-04,sa,171.05
2025-10-05,sa,171.84
2025-10-06,sa,172.92
2025-10-07,sa,173.26
2025-10-08,sa,173.35
2025-10-09,sa,173.36
2025-10-10,sa,173.49
2025-10-11,sa,173.78
2025-10-12,sa,173.63
2025-10-13,sa,173.1
2025-10-14,sa,173.22
2025-10-15,sa,174.02
2025-10-16,sa,174.46
2025-10-17,sa,174.43
2025-10-18,sa,174.04
2025-10-19,sa,173.98
2025-10-20,sa,174.01
2025-10-21,sa,173.83
2025-10-22,sa,173.33
2025-10-23,sa,173.04
2025-10-24,sa,173.22
2025-10-25,sa,173.46
2025-10-26,sa,173.56
2025-10-27,sa,173.83
2025-10-28,sa,174.2
2025-10-29,sa,174.18
2025-10-30,sa,174.15
2025-10-31,sa,173.77
2025-11-01,sa,173.57
2025-11-02,sa,173.28
2025-11-03,sa,173.01
2025-11-04,sa,172.58
2025-11-05,sa,172.54
2025-11-06,sa,172.53
2025-11-07,sa,172.86
2025-11-08,sa,173.41
2025-11-09,sa,174.13
2025-11-10,sa,174.73
2025-11-11,sa,175.66
2025-11-12,sa,176.3
2025-11-13,sa,176.88
2025-11-14,sa,177.5
2025-11-15,sa,177.97
2025-11-16,sa,178.22
2025-11-17,sa,178.84
2025-11-18,sa,179.49
2025-11-19,sa,179.56
2025-11-20,sa,180.21
2025-11-21,sa,180.32
2025-11-22,sa,180.56
2025-11-23,sa,180.65
2025-11-24,sa,180.15
2025-11-25,sa,179.38
2025-11-26,sa,179.29
2025-11-27,sa,178.64
2025-11-28,sa,178.24
2025-11-29,sa,177.97
2025-11-30,sa,177.86
2025-12-01,sa,178.18
2025-12-02,sa,178.42
2025-12-03,sa,178.5
2025-12-04,sa,178.6
2025-12-05,sa,179.06
2025-12-06,sa,179.22
2025-12-07,sa,179.28
2025-12-08,sa,179.28
2025-12-09,sa,179.35
2025-12-10,sa,179.24
2025-12-11,sa,178.99
2025-12-12,sa,178.43
2025-12-13,sa,178.02
2025-12-14,sa,177.58
2025-12-15,sa,177.06
2025-12-16,sa,176.64
2025-12-17,sa,176.45
2025-12-18,sa,176.36
2025-12-19,sa,176.62
2025-12-20,sa,176.64
2025-12-21,sa,176.65
2025-12-22,sa,176.79
2025-12-23,sa,176.77
2025-12-24,sa,176.7
2025-12-25,sa,176.79
2025-12-26,sa,176.53
2025-12-27,sa,176.23
2025-12-28,sa,175.98
2025-12-29,sa,175.84
2025-12-30,sa,175.97
2025-12-31,sa,176.14
2026-01-01,sa,176.7
2026-01-02,sa,177.16
2026-01-03,sa,176.61
2026-01-04,sa,176.27
2026-01-05,sa,175.85
2026-01-06,sa,176.01
2026-01-07,sa,176.95
2026-01-08,sa,177.36
2026-01-09,sa,178.47
2026-01-10,sa,179.83
2026-01-11,sa,181.1
2026-01-12,sa,182
2026-01-13,sa,182.16
2026-01-14,sa,182.57
2026-01-15,sa,183.19
2026-01-16,sa,183.53
2026-01-17,sa,184
2026-01-18,sa,184.49
2026-01-19,sa,184.85
2026-01-20,sa,186
2026-01-21,sa,186.69
2026-01-22,sa,187.57
2026-01-23,sa,188.61
2026-01-24,sa,189.45
2026-01-25,sa,190.02
2026-01-26,sa,190.95
2026-01-27,sa,191.08
2026-01-28,sa,191.01
2026-01-29,sa,191.21
2026-01-30,sa,191.32
2026-01-31,sa,191.55
2026-02-01,sa,192
2026-02-02,sa,191.86
2026-02-03,sa,191.95
2026-02-04,sa,192.45
2026-02-05,sa,192.65
2026-02-06,sa,192.43
2026-02-07,sa,192.02
2026-02-08,sa,191.58
2026-02-09,sa,191.67
2026-02-10,sa,192.07
2026-02-11,sa,192.05
2026-02-12,sa,191.93
2026-02-13,sa,192
2026-02-14,sa,192.53
2026-02-15,sa,193.18
2026-02-16,sa,193.77
2026-02-17,sa,194.52
2026-02-18,sa,195.41
2026-02-19,sa,196.36
2026-02-20,sa,197.14
2026-02-21,sa,197.79
2026-02-22,sa,198.31
2026-02-23,sa,198.88
2026-02-24,sa,199.27
2026-02-25,sa,200.06
2026-02-26,sa,200.57
2026-02-27,sa,201.38
2026-02-28,sa,202.2
2026-03-01,sa,203.05
2026-03-02,sa,203.81
2026-03-03,sa,204.16
2026-03-04,sa,204.31
2026-03-05,sa,204.6
2026-03-06,sa,204.34
2026-03-07,sa,203.9
2026-03-08,sa,203.31
2026-03-09,sa,203.27
2026-03-10,sa,202.35
2026-03-11,sa,200.76
2026-03-12,sa,199.26
2026-03-13,sa,198.54
2026-03-14,sa,197.71
2026-03-15,sa,196.98
2026-03-16,sa,196.07
2026-03-17,sa,195.61
2026-03-18,sa,195.33
2026-03-19,sa,194.89
2026-03-20,sa,193.86
2026-03-21,sa,192.86
2026-03-22,sa,191.63
2026-03-23,sa,190.36
2026-03-24,sa,189.44
2026-03-25,sa,188.97
2026-03-26,sa,188.21
2026-03-27,sa,187.87
2026-03-28,sa,187.56
2026-03-29,sa,187.58
2026-03-30,sa,187.7
2026-03-31,sa,188.21
2026-04-01,sa,188.28
2026-04-02,sa,189.14
2026-04-03,sa,189.85
2026-04-04,sa,190.19
2026-04-05,sa,190.27
2026-04-06,sa,190.12
2026-04-07,sa,189.14
2026-04-08,sa,188.38
2026-04-09,sa,187.25
2026-04-10,sa,186.05
2026-04-11,sa,185.4
2026-04-12,sa,184.91
2026-04-13,sa,184.49
2026-04-14,sa,184.53
2026-04-15,sa,184.79
2026-04-16,sa,184.9
2026-04-17,sa,184.41
2026-04-18,sa,184.23
2026-04-19,sa,183.98
2026-04-20,sa,184.07
2026-04-21,sa,183.95
2026-04-22,sa,183.95
2026-04-23,sa,183.91
2026-04-24,sa,184.65
2026-04-25,sa,184.9
2026-04-26,sa,185.61
2026-04-27,sa,186.12
2026-04-28,sa,186.77
2026-04-29,sa,187.02
2026-04-30,sa,187.5
2026-05-01,sa,187.19
2026-05-02,sa,187.03
2026-05-03,sa,186.75
2026-05-04,sa,186.82
2026-05-05,sa,187.06
2026-05-06,sa,187.26
2026-05-07,sa,187.17
2026-05-08,sa,187.85
2026-05-09,sa,188.3
2026-05-10,sa,188.3
2026-05-11,sa,187.61
2026-05-12,sa,187.2
2026-05-13,sa,186.48
2026-05-14,sa,185.93
2026-05-15,sa,185.19
2026-05-16,sa,184.66
2026-05-17,sa,184.29
2026-05-18,sa,184.12
2026-05-19,sa,183.58
2026-05-20,sa,183.54
2026-05-21,sa,183.07
2026-05-22,sa,181.75
2026-05-23,sa,180.24
2026-05-24,sa,178.52
2026-05-25,sa,177.46
2026-05-26,sa,176.41
2026-05-27,sa,174.92
2026-05-28,sa,173.8
2026-05-29,sa,173.36
2026-05-30,sa,173.69
2026-05-31,sa,173.42
2026-06-01,sa,172.75
2026-06-02,sa,172.56
2026-06-03,sa,172.83
2026-06-04,sa,173.01
2026-06-05,sa,173.6
2026-06-06,sa,174.09
2026-06-07,sa,175.06
2026-06-08,sa,175.53
2026-06-09,sa,175.11
2026-06-10,sa,174.51
2026-06-11,sa,174.05
2026-06-12,sa,173.98
2026-06-13,sa,174.09
2026-06-14,sa,173.87
2026-06-15,sa,174.43
2026-06-16,sa,175.01
2026-06-17,sa,175.81
2026-06-18,sa,176.83
2026-06-19,sa,177.3
2026-06-20,sa,177.54
2026-06-21,sa,177.83
2026-06-22,sa,177.96
2026-06-23,sa,178.02
2026-06-24,sa,177.61
2026-06-25,sa,176.75
2026-06-26,sa,175.86
2026-06-27,sa,174.91
2026-06-28,sa,173.97
2026-06-29,sa,172.92
2026-06-30,sa,171.99
2026-07-01,sa,171.46
2026-07-02,sa,171.08
2026-07-03,sa,171.12
2026-07-04,sa,171.26
2026-07-05,sa,171.46
2026-07-06,sa,171.51
2026-07-07,sa,171.96
2026-07-08,sa,172.07
2026-07-09,sa,172.24
2026-07-10,sa,172.02
2026-07-11,sa,171.72
2026-07-12,sa,171.42
2026-07-13,sa,171.01
2026-07-14,sa,170.76
2026-07-15,sa,170.45
2026-07-16,sa,169.83
2026-07-17,sa,169.24
2026-07-18,sa,168.77
2026-07-19,sa,168.42
2026-07-20,sa,168.48
2026-07-21,sa,168.38
2026-07-22,sa,168.42
2026-07-23,sa,168.74
2026-07-24,sa,169
2026-07-25,sa,169.36
2026-07-26,sa,169.63
2026-07-27,sa,169.63
2026-07-28,sa,169.52
2026-07-29,sa,169.76
2026-07-30,sa,170.38
2026-07-31,sa,171.13
2026-08-01,sa,171.91
2026-08-02,sa,172.54
2026-08-03,sa,172.82
2026-08-04,sa,173.02
2026-08-05,sa,172.87
2026-08-06,sa,172.33
2026-08-07,sa,171.68
2026-08-08,sa,170.75
2026-08-09,sa,170.03
2026-08-10,sa,169.85
2026-08-11,sa,169.86
2026-08-12,sa,170.3
2026-08-13,sa,170.58
2026-08-14,sa,170.85
2026-08-15,sa,171.28
2026-08-16,sa,171.78
2026-08-17,sa,172.16
2026-08-18,sa,172.39
2026-08-19,sa,172.35
2026-08-20,sa,172.4
2026-08-21,sa,172.58
2026-08-22,sa,172.72
2026-08-23,sa,172.68
2026-08-24,sa,172.67
2026-08-25,sa,172.86
2026-08-26,sa,172.66
2026-08-27,sa,172.64
2026-08-28,sa,172.41
2026-08-29,sa,172.49
2026-08-30,sa,172.51
2026-08-31,sa,172.45
2026-09-01,sa,172.38
2026-09-02,sa,173.26
2026-09-03,sa,174.28
2026-09-04,sa,175.53
2026-09-05,sa,176.33
2026-09-06,sa,176.83
2026-09-07,sa,177.73
2026-09-08,sa,178.59
2026-09-09,sa,178.42
2026-09-10,sa,178.19
2026-09-11,sa,178.31
2026-09-12,sa,178.84
2026-09-13,sa,179.82
2026-09-14,sa,180.41
2026-09-15,sa,181.08
2026-09-16,sa,181.98
2026-09-17,sa,183.06
2026-09-18,sa,183.21
2020-02-01,tas,100
2020-02-02,tas,99.3
2020-02-03,tas,98.82
2020-02-04,tas,98.84
2020-02-05,tas,99.25
2020-02-06,tas,99
2020-02-07,tas,98.63
2020-02-08,tas,98.49
2020-02-09,tas,98.31
2020-02-10,tas,98.13
2020-02-11,tas,98.06
2020-02-12,tas,97.61
2020-02-13,tas,97.5
2020-02-14,tas,97.29
2020-02-15,tas,97.19
2020-02-16,tas,97.17
2020-02-17,tas,96.83
2020-02-18,tas,96.39
2020-02-19,tas,95.91
2020-02-20,tas,95.26
2020-02-21,tas,94.63
2020-02-22,tas,93.83
2020-02-23,tas,93.13
2020-02-24,tas,92.65
2020-02-25,tas,92.1
2020-02-26,tas,92.04
2020-02-27,tas,91.81
2020-02-28,tas,91.82
2020-02-29,tas,92.01
2020-03-01,tas,91.87
2020-03-02,tas,91.57
2020-03-03,tas,91.56
2020-03-04,tas,91.26
2020-03-05,tas,91.15
2020-03-06,tas,90.91
2020-03-07,tas,90.51
2020-03-08,tas,90.43
2020-03-09,tas,90.98
2020-03-10,tas,90.63
2020-03-11,tas,90.3
2020-03-12,tas,90.33
2020-03-13,tas,89.93
2020-03-14,tas,89.57
2020-03-15,tas,89
2020-03-16,tas,87.8
2020-03-17,tas,87.29
2020-03-18,tas,86.42
2020-03-19,tas,84.93
2020-03-20,tas,83.03
2020-03-21,tas,80.66
2020-03-22,tas,78.29
2020-03-23,tas,75.97
2020-03-24,tas,73.12
2020-03-25,tas,70.35
2020-03-26,tas,67.68
2020-03-27,tas,65.66
2020-03-28,tas,64.09
2020-03-29,tas,62.72
2020-03-30,tas,61.57
2020-03-31,tas,60.98
2020-04-01,tas,60.47
2020-04-02,tas,60.08
2020-04-03,tas,59.8
2020-04-04,tas,59.31
2020-04-05,tas,58.86
2020-04-06,tas,58.47
2020-04-07,tas,58.17
2020-04-08,tas,57.76
2020-04-09,tas,57.44
2020-04-10,tas,57.51
2020-04-11,tas,57.74
2020-04-12,tas,57.79
2020-04-13,tas,57.75
2020-04-14,tas,57.3
2020-04-15,tas,56.95
2020-04-16,tas,56.92
2020-04-17,tas,56.31
2020-04-18,tas,55.6
2020-04-19,tas,54.83
2020-04-20,tas,54.17
2020-04-21,tas,53.21
2020-04-22,tas,52.06
2020-04-23,tas,50.81
2020-04-24,tas,49.63
2020-04-25,tas,48.39
2020-04-26,tas,47.43
2020-04-27,tas,46.97
2020-04-28,tas,47.19
2020-04-29,tas,47.15
2020-04-30,tas,47.37
2020-05-01,tas,47.57
2020-05-02,tas,47.49
2020-05-03,tas,47.24
2020-05-04,tas,46.82
2020-05-05,tas,46.06
2020-05-06,tas,45.71
2020-05-07,tas,44.86
2020-05-08,tas,44.04
2020-05-09,tas,43.61
2020-05-10,tas,43.02
2020-05-11,tas,42.41
2020-05-12,tas,42.27
2020-05-13,tas,42.17
2020-05-14,tas,42.4
2020-05-15,tas,42.88
2020-05-16,tas,43.54
2020-05-17,tas,43.96
2020-05-18,tas,44.69
2020-05-19,tas,44.94
2020-05-20,tas,45.61
2020-05-21,tas,46.35
2020-05-22,tas,47.01
2020-05-23,tas,47.68
2020-05-24,tas,48.86
2020-05-25,tas,49.58
2020-05-26,tas,50.45
2020-05-27,tas,51.07
2020-05-28,tas,51.31
2020-05-29,tas,51.91
2020-05-30,tas,52.53
2020-05-31,tas,53.04
2020-06-01,tas,53.58
2020-06-02,tas,54.36
2020-06-03,tas,55.21
2020-06-04,tas,56.31
2020-06-05,tas,57.08
2020-06-06,tas,57.79
2020-06-07,tas,58.41
2020-06-08,tas,58.82
2020-06-09,tas,58.91
2020-06-10,tas,59.16
2020-06-11,tas,58.96
2020-06-12,tas,59.18
2020-06-13,tas,59.65
2020-06-14,tas,60.42
2020-06-15,tas,61.52
2020-06-16,tas,63.08
2020-06-17,tas,64.47
2020-06-18,tas,66.32
2020-06-19,tas,67.8
2020-06-20,tas,68.97
2020-06-21,tas,70.04
2020-06-22,tas,70.78
2020-06-23,tas,71.18
2020-06-24,tas,71.29
2020-06-25,tas,71.34
2020-06-26,tas,71.82
2020-06-27,tas,72.45
2020-06-28,tas,72.59
2020-06-29,tas,72.87
2020-06-30,tas,73.75
2020-07-01,tas,74.37
2020-07-02,tas,75.02
2020-07-03,tas,75.43
2020-07-04,tas,75.95
2020-07-05,tas,76.76
2020-07-06,tas,77.45
2020-07-07,tas,78.12
2020-07-08,tas,78.67
2020-07-09,tas,79.13
2020-07-10,tas,79.39
2020-07-11,tas,79.18
2020-07-12,tas,78.78
2020-07-13,tas,78.11
2020-07-14,tas,77.13
2020-07-15,tas,76.33
2020-07-16,tas,75.54
2020-07-17,tas,74.72
2020-07-18,tas,74.15
2020-07-19,tas,73.66
2020-07-20,tas,73.23
2020-07-21,tas,72.63
2020-07-22,tas,72.96
2020-07-23,tas,73.22
2020-07-24,tas,73.46
2020-07-25,tas,73.88
2020-07-26,tas,74.1
2020-07-27,tas,74.82
2020-07-28,tas,76.03
2020-07-29,tas,76.84
2020-07-30,tas,77.84
2020-07-31,tas,79.58
2020-08-01,tas,81.04
2020-08-02,tas,82.73
2020-08-03,tas,83.83
2020-08-04,tas,84.44
2020-08-05,tas,85.08
2020-08-06,tas,85.48
2020-08-07,tas,84.96
2020-08-08,tas,84.73
2020-08-09,tas,84.52
2020-08-10,tas,84.56
2020-08-11,tas,84.75
2020-08-12,tas,85.06
2020-08-13,tas,85.11
2020-08-14,tas,85.46
2020-08-15,tas,85.66
2020-08-16,tas,85.71
2020-08-17,tas,85.7
2020-08-18,tas,85.02
2020-08-19,tas,84.2
2020-08-20,tas,83.84
2020-08-21,tas,83.42
2020-08-22,tas,83.28
2020-08-23,tas,83.32
2020-08-24,tas,83.2
2020-08-25,tas,83.59
2020-08-26,tas,83.77
2020-08-27,tas,83.55
2020-08-28,tas,83.28
2020-08-29,tas,82.83
2020-08-30,tas,82.56
2020-08-31,tas,82.59
2020-09-01,tas,82.53
2020-09-02,tas,82.82
2020-09-03,tas,83.44
2020-09-04,tas,83.8
2020-09-05,tas,83.86
2020-09-06,tas,83.73
2020-09-07,tas,83.79
2020-09-08,tas,84.08
2020-09-09,tas,83.86
2020-09-10,tas,83.57
2020-09-11,tas,83.62
2020-09-12,tas,83.66
2020-09-13,tas,83.79
2020-09-14,tas,83.7
2020-09-15,tas,83.26
2020-09-16,tas,83.09
2020-09-17,tas,83.04
2020-09-18,tas,82.92
2020-09-19,tas,83.18
2020-09-20,tas,83.45
2020-09-21,tas,83.39
2020-09-22,tas,83.22
2020-09-23,tas,82.94
2020-09-24,tas,83.03
2020-09-25,tas,83.29
2020-09-26,tas,83.69
2020-09-27,tas,84.01
2020-09-28,tas,84.36
2020-09-29,tas,85.13
2020-09-30,tas,86.19
2020-10-01,tas,86.98
2020-10-02,tas,87.93
2020-10-03,tas,88.29
2020-10-04,tas,88.56
2020-10-05,tas,89.43
2020-10-06,tas,90.89
2020-10-07,tas,91.72
2020-10-08,tas,92.61
2020-10-09,tas,93.15
2020-10-10,tas,94.05
2020-10-11,tas,95.16
2020-10-12,tas,95.81
2020-10-13,tas,96.18
2020-10-14,tas,96.98
2020-10-15,tas,97.82
2020-10-16,tas,98.09
2020-10-17,tas,98.19
2020-10-18,tas,98.25
2020-10-19,tas,98.11
2020-10-20,tas,97.51
2020-10-21,tas,97.28
2020-10-22,tas,96.82
2020-10-23,tas,96.71
2020-10-24,tas,96.67
2020-10-25,tas,96.65
2020-10-26,tas,96.64
2020-10-27,tas,96.74
2020-10-28,tas,96.54
2020-10-29,tas,96.23
2020-10-30,tas,96.03
2020-10-31,tas,95.94
2020-11-01,tas,95.87
2020-11-02,tas,96.2
2020-11-03,tas,96.37
2020-11-04,tas,96.35
2020-11-05,tas,96.01
2020-11-06,tas,95.99
2020-11-07,tas,95.62
2020-11-08,tas,95.13
2020-11-09,tas,94.49
2020-11-10,tas,93.91
2020-11-11,tas,93.29
2020-11-12,tas,93.11
2020-11-13,tas,93.02
2020-11-14,tas,93.42
2020-11-15,tas,93.89
2020-11-16,tas,94.43
2020-11-17,tas,95.3
2020-11-18,tas,97.19
2020-11-19,tas,98.99
2020-11-20,tas,100.33
2020-11-21,tas,101.54
2020-11-22,tas,102.87
2020-11-23,tas,103.73
2020-11-24,tas,104.24
2020-11-25,tas,103.82
2020-11-26,tas,103.57
2020-11-27,tas,103.59
2020-11-28,tas,103.61
2020-11-29,tas,103.45
2020-11-30,tas,103.18
2020-12-01,tas,103.45
2020-12-02,tas,103.98
2020-12-03,tas,104.63
2020-12-04,tas,105.28
2020-12-05,tas,105.9
2020-12-06,tas,106.71
2020-12-07,tas,107.93
2020-12-08,tas,108.77
2020-12-09,tas,109.18
2020-12-10,tas,109.89
2020-12-11,tas,110.73
2020-12-12,tas,111.42
2020-12-13,tas,111.98
2020-12-14,tas,112.88
2020-12-15,tas,113.63
2020-12-16,tas,114.37
2020-12-17,tas,114.41
2020-12-18,tas,113.86
2020-12-19,tas,113.18
2020-12-20,tas,112.68
2020-12-21,tas,111.65
2020-12-22,tas,110.28
2020-12-23,tas,108.65
2020-12-24,tas,107.13
2020-12-25,tas,105.77
2020-12-26,tas,104.55
2020-12-27,tas,102.96
2020-12-28,tas,102.52
2020-12-29,tas,102.37
2020-12-30,tas,102.43
2020-12-31,tas,102.94
2021-01-01,tas,103.46
2021-01-02,tas,103.63
2021-01-03,tas,103.65
2021-01-04,tas,103.38
2021-01-05,tas,103.19
2021-01-06,tas,103.37
2021-01-07,tas,102.93
2021-01-08,tas,102.79
2021-01-09,tas,102.85
2021-01-10,tas,103.35
2021-01-11,tas,103.51
2021-01-12,tas,103.8
2021-01-13,tas,103.85
2021-01-14,tas,104.15
2021-01-15,tas,104.37
2021-01-16,tas,104.75
2021-01-17,tas,104.88
2021-01-18,tas,104.74
2021-01-19,tas,104.49
2021-01-20,tas,104.22
2021-01-21,tas,103.77
2021-01-22,tas,103.79
2021-01-23,tas,103.9
2021-01-24,tas,104.08
2021-01-25,tas,104.36
2021-01-26,tas,104.69
2021-01-27,tas,104.69
2021-01-28,tas,104.99
2021-01-29,tas,104.81
2021-01-30,tas,104
2021-01-31,tas,103.42
2021-02-01,tas,102.97
2021-02-02,tas,102.49
2021-02-03,tas,102.61
2021-02-04,tas,102.5
2021-02-05,tas,102.46
2021-02-06,tas,102.8
2021-02-07,tas,102.84
2021-02-08,tas,103.13
2021-02-09,tas,103.46
2021-02-10,tas,103.81
2021-02-11,tas,104.27
2021-02-12,tas,104.72
2021-02-13,tas,105.41
2021-02-14,tas,106.22
2021-02-15,tas,107.05
2021-02-16,tas,107.73
2021-02-17,tas,108.25
2021-02-18,tas,108.84
2021-02-19,tas,109.59
2021-02-20,tas,110.13
2021-02-21,tas,110.93
2021-02-22,tas,111.31
2021-02-23,tas,111.95
2021-02-24,tas,112.66
2021-02-25,tas,113.08
2021-02-26,tas,113.28
2021-02-27,tas,113.56
2021-02-28,tas,113.56
2021-03-01,tas,113.74
2021-03-02,tas,114.24
2021-03-03,tas,114.71
2021-03-04,tas,115.44
2021-03-05,tas,116.81
2021-03-06,tas,118.15
2021-03-07,tas,119.53
2021-03-08,tas,120.6
2021-03-09,tas,120.63
2021-03-10,tas,120.28
2021-03-11,tas,119.88
2021-03-12,tas,118.76
2021-03-13,tas,117.68
2021-03-14,tas,116.69
2021-03-15,tas,115.83
2021-03-16,tas,115.12
2021-03-17,tas,115.38
2021-03-18,tas,115.71
2021-03-19,tas,116.35
2021-03-20,tas,116.86
2021-03-21,tas,117.57
2021-03-22,tas,118.05
2021-03-23,tas,119.14
2021-03-24,tas,120.15
2021-03-25,tas,120.91
2021-03-26,tas,121.5
2021-03-27,tas,122.68
2021-03-28,tas,123.42
2021-03-29,tas,124.76
2021-03-30,tas,125.74
2021-03-31,tas,125.86
2021-04-01,tas,125.52
2021-04-02,tas,125.62
2021-04-03,tas,125.06
2021-04-04,tas,124.59
2021-04-05,tas,124.29
2021-04-06,tas,123.68
2021-04-07,tas,123.35
2021-04-08,tas,123.38
2021-04-09,tas,122.91
2021-04-10,tas,122.95
2021-04-11,tas,122.29
2021-04-12,tas,121.59
2021-04-13,tas,121.79
2021-04-14,tas,121.91
2021-04-15,tas,122.7
2021-04-16,tas,123.6
2021-04-17,tas,124.46
2021-04-18,tas,125.95
2021-04-19,tas,127.03
2021-04-20,tas,128.06
2021-04-21,tas,128.83
2021-04-22,tas,129.09
2021-04-23,tas,129.42
2021-04-24,tas,129.68
2021-04-25,tas,129.93
2021-04-26,tas,130.25
2021-04-27,tas,130.43
2021-04-28,tas,130.94
2021-04-29,tas,131.67
2021-04-30,tas,131.98
2021-05-01,tas,131.69
2021-05-02,tas,131.37
2021-05-03,tas,130.55
2021-05-04,tas,129.92
2021-05-05,tas,129.49
2021-05-06,tas,128.44
2021-05-07,tas,128.01
2021-05-08,tas,128.58
2021-05-09,tas,129.37
2021-05-10,tas,130.32
2021-05-11,tas,130.21
2021-05-12,tas,129.82
2021-05-13,tas,129.64
2021-05-14,tas,129.19
2021-05-15,tas,128.39
2021-05-16,tas,127.67
2021-05-17,tas,126.86
2021-05-18,tas,126.6
2021-05-19,tas,126.89
2021-05-20,tas,127.31
2021-05-21,tas,127.49
2021-05-22,tas,127.16
2021-05-23,tas,126.74
2021-05-24,tas,126.48
2021-05-25,tas,126.13
2021-05-26,tas,124.95
2021-05-27,tas,124.18
2021-05-28,tas,123.69
2021-05-29,tas,123.59
2021-05-30,tas,123.75
2021-05-31,tas,124.39
2021-06-01,tas,125.16
2021-06-02,tas,125.95
2021-06-03,tas,126.51
2021-06-04,tas,127.11
2021-06-05,tas,127.63
2021-06-06,tas,127.93
2021-06-07,tas,128.14
2021-06-08,tas,128.08
2021-06-09,tas,128.28
2021-06-10,tas,128.72
2021-06-11,tas,128.83
2021-06-12,tas,129.52
2021-06-13,tas,130.39
2021-06-14,tas,131.04
2021-06-15,tas,131.23
2021-06-16,tas,131.12
2021-06-17,tas,131.4
2021-06-18,tas,131.85
2021-06-19,tas,132.13
2021-06-20,tas,132.29
2021-06-21,tas,132.48
2021-06-22,tas,133.58
2021-06-23,tas,134.9
2021-06-24,tas,135.44
2021-06-25,tas,135.99
2021-06-26,tas,135.79
2021-06-27,tas,135.39
2021-06-28,tas,135.2
2021-06-29,tas,134.82
2021-06-30,tas,134.58
2021-07-01,tas,134.33
2021-07-02,tas,134.42
2021-07-03,tas,134.88
2021-07-04,tas,135.54
2021-07-05,tas,135.77
2021-07-06,tas,136.52
2021-07-07,tas,137.19
2021-07-08,tas,138.07
2021-07-09,tas,138.71
2021-07-10,tas,139.62
2021-07-11,tas,140.19
2021-07-12,tas,140.71
2021-07-13,tas,141
2021-07-14,tas,141.21
2021-07-15,tas,141.52
2021-07-16,tas,141.96
2021-07-17,tas,142.42
2021-07-18,tas,142.93
2021-07-19,tas,143.23
2021-07-20,tas,143.68
2021-07-21,tas,144.51
2021-07-22,tas,145.11
2021-07-23,tas,144.9
2021-07-24,tas,144.59
2021-07-25,tas,144.36
2021-07-26,tas,143.95
2021-07-27,tas,143.01
2021-07-28,tas,142.06
2021-07-29,tas,141
2021-07-30,tas,140.68
2021-07-31,tas,140.65
2021-08-01,tas,140.55
2021-08-02,tas,140.85
2021-08-03,tas,141.89
2021-08-04,tas,142.65
2021-08-05,tas,143.56
2021-08-06,tas,144.21
2021-08-07,tas,144.47
2021-08-08,tas,144.97
2021-08-09,tas,145.25
2021-08-10,tas,145.09
2021-08-11,tas,144.46
2021-08-12,tas,143.82
2021-08-13,tas,143.46
2021-08-14,tas,142.86
2021-08-15,tas,142.52
2021-08-16,tas,142.54
2021-08-17,tas,142.93
2021-08-18,tas,143.98
2021-08-19,tas,145.15
2021-08-20,tas,146.5
2021-08-21,tas,148.29
2021-08-22,tas,149.6
2021-08-23,tas,150.99
2021-08-24,tas,151.37
2021-08-25,tas,152.32
2021-08-26,tas,152.73
2021-08-27,tas,152.77
2021-08-28,tas,152.46
2021-08-29,tas,152.3
2021-08-30,tas,151.89
2021-08-31,tas,151.86
2021-09-01,tas,151.62
2021-09-02,tas,151.89
2021-09-03,tas,152.32
2021-09-04,tas,152.17
2021-09-05,tas,152.38
2021-09-06,tas,152.34
2021-09-07,tas,152.67
2021-09-08,tas,153.01
2021-09-09,tas,153.54
2021-09-10,tas,153.89
2021-09-11,tas,154.92
2021-09-12,tas,155.34
2021-09-13,tas,155.12
2021-09-14,tas,155.29
2021-09-15,tas,155.67
2021-09-16,tas,155.63
2021-09-17,tas,155.69
2021-09-18,tas,155.9
2021-09-19,tas,156.13
2021-09-20,tas,156.99
2021-09-21,tas,157.22
2021-09-22,tas,156.76
2021-09-23,tas,156.75
2021-09-24,tas,157.04
2021-09-25,tas,156.67
2021-09-26,tas,156.8
2021-09-27,tas,156.8
2021-09-28,tas,157.04
2021-09-29,tas,157.51
2021-09-30,tas,158.24
2021-10-01,tas,158.51
2021-10-02,tas,160.18
2021-10-03,tas,160.67
2021-10-04,tas,162.15
2021-10-05,tas,163.14
2021-10-06,tas,164.63
2021-10-07,tas,164.42
2021-10-08,tas,164.62
2021-10-09,tas,164.44
2021-10-10,tas,164.58
2021-10-11,tas,164.3
2021-10-12,tas,163.91
2021-10-13,tas,163.28
2021-10-14,tas,163.35
2021-10-15,tas,163.23
2021-10-16,tas,161.99
2021-10-17,tas,161.56
2021-10-18,tas,160.95
2021-10-19,tas,160.2
2021-10-20,tas,159.06
2021-10-21,tas,158.4
2021-10-22,tas,157.29
2021-10-23,tas,156.9
2021-10-24,tas,155.99
2021-10-25,tas,154.72
2021-10-26,tas,153.88
2021-10-27,tas,152.99
2021-10-28,tas,152.14
2021-10-29,tas,151.98
2021-10-30,tas,152.38
2021-10-31,tas,152.78
2021-11-01,tas,153.09
2021-11-02,tas,153.75
2021-11-03,tas,154.64
2021-11-04,tas,156.08
2021-11-05,tas,157.71
2021-11-06,tas,159.11
2021-11-07,tas,160.5
2021-11-08,tas,162.09
2021-11-09,tas,163.37
2021-11-10,tas,164.12
2021-11-11,tas,164.36
2021-11-12,tas,164.71
2021-11-13,tas,164.85
2021-11-14,tas,165.71
2021-11-15,tas,165.37
2021-11-16,tas,164.99
2021-11-17,tas,164.66
2021-11-18,tas,164.01
2021-11-19,tas,162.39
2021-11-20,tas,160.69
2021-11-21,tas,158.94
2021-11-22,tas,158.31
2021-11-23,tas,157.98
2021-11-24,tas,158.25
2021-11-25,tas,158.68
2021-11-26,tas,159.5
2021-11-27,tas,160.25
2021-11-28,tas,160.44
2021-11-29,tas,161.26
2021-11-30,tas,162.29
2021-12-01,tas,162.76
2021-12-02,tas,163.09
2021-12-03,tas,163.06
2021-12-04,tas,162.98
2021-12-05,tas,162.92
2021-12-06,tas,162.83
2021-12-07,tas,162.15
2021-12-08,tas,161.43
2021-12-09,tas,160.98
2021-12-10,tas,160.56
2021-12-11,tas,159.92
2021-12-12,tas,159.64
2021-12-13,tas,159.05
2021-12-14,tas,158.65
2021-12-15,tas,157.86
2021-12-16,tas,156.94
2021-12-17,tas,156
2021-12-18,tas,154.9
2021-12-19,tas,153.53
2021-12-20,tas,152.53
2021-12-21,tas,152.35
2021-12-22,tas,151.92
2021-12-23,tas,151.82
2021-12-24,tas,152.1
2021-12-25,tas,152.88
2021-12-26,tas,154.05
2021-12-27,tas,155.99
2021-12-28,tas,156.82
2021-12-29,tas,157.8
2021-12-30,tas,158.57
2021-12-31,tas,159.03
2022-01-01,tas,159.19
2022-01-02,tas,158.91
2022-01-03,tas,158.56
2022-01-04,tas,158.55
2022-01-05,tas,159.03
2022-01-06,tas,159.35
2022-01-07,tas,160.15
2022-01-08,tas,160.69
2022-01-09,tas,161.02
2022-01-10,tas,160.97
2022-01-11,tas,160.85
2022-01-12,tas,160.97
2022-01-13,tas,161.09
2022-01-14,tas,161.14
2022-01-15,tas,161.37
2022-01-16,tas,162.17
2022-01-17,tas,162.46
2022-01-18,tas,162.68
2022-01-19,tas,162.63
2022-01-20,tas,162.39
2022-01-21,tas,162.05
2022-01-22,tas,162.25
2022-01-23,tas,162.16
2022-01-24,tas,161.88
2022-01-25,tas,161.49
2022-01-26,tas,161.42
2022-01-27,tas,161.52
2022-01-28,tas,161.63
2022-01-29,tas,161.15
2022-01-30,tas,161.09
2022-01-31,tas,160.81
2022-02-01,tas,161.09
2022-02-02,tas,161.16
2022-02-03,tas,161.67
2022-02-04,tas,162.36
2022-02-05,tas,163.56
2022-02-06,tas,164.12
2022-02-07,tas,165.22
2022-02-08,tas,165.86
2022-02-09,tas,166.73
2022-02-10,tas,167.43
2022-02-11,tas,167.73
2022-02-12,tas,167.73
2022-02-13,tas,167.71
2022-02-14,tas,167.19
2022-02-15,tas,166.74
2022-02-16,tas,165.77
2022-02-17,tas,165.28
2022-02-18,tas,164.85
2022-02-19,tas,164.46
2022-02-20,tas,164.41
2022-02-21,tas,164.36
2022-02-22,tas,164.48
2022-02-23,tas,164.69
2022-02-24,tas,164.55
2022-02-25,tas,165.3
2022-02-26,tas,166.12
2022-02-27,tas,166.83
2022-02-28,tas,167.8
2022-03-01,tas,168.98
2022-03-02,tas,170.37
2022-03-03,tas,171.58
2022-03-04,tas,171.87
2022-03-05,tas,171.85
2022-03-06,tas,171.92
2022-03-07,tas,171.99
2022-03-08,tas,171.84
2022-03-09,tas,171.94
2022-03-10,tas,171.72
2022-03-11,tas,171.69
2022-03-12,tas,172.11
2022-03-13,tas,172.39
2022-03-14,tas,172.64
2022-03-15,tas,172.79
2022-03-16,tas,172.9
2022-03-17,tas,172.86
2022-03-18,tas,172.53
2022-03-19,tas,172.4
2022-03-20,tas,172.06
2022-03-21,tas,171.39
2022-03-22,tas,170.68
2022-03-23,tas,170.06
2022-03-24,tas,169.5
2022-03-25,tas,169.3
2022-03-26,tas,169.14
2022-03-27,tas,169.07
2022-03-28,tas,169.41
2022-03-29,tas,169.86
2022-03-30,tas,170.84
2022-03-31,tas,172.02
2022-04-01,tas,173.47
2022-04-02,tas,175.14
2022-04-03,tas,176.47
2022-04-04,tas,177.57
2022-04-05,tas,178.49
2022-04-06,tas,178.83
2022-04-07,tas,178.61
2022-04-08,tas,178.28
2022-04-09,tas,177.38
2022-04-10,tas,176.62
2022-04-11,tas,176.2
2022-04-12,tas,175.74
2022-04-13,tas,175.11
2022-04-14,tas,174.94
2022-04-15,tas,175.19
2022-04-16,tas,174.87
2022-04-17,tas,174.75
2022-04-18,tas,175.12
2022-04-19,tas,174.91
2022-04-20,tas,174.25
2022-04-21,tas,173.95
2022-04-22,tas,173.16
2022-04-23,tas,173.33
2022-04-24,tas,173.42
2022-04-25,tas,174.01
2022-04-26,tas,174.31
2022-04-27,tas,174.15
2022-04-28,tas,173.95
2022-04-29,tas,172.97
2022-04-30,tas,176.62
2022-05-01,tas,179.92
2022-05-02,tas,182.92
2022-05-03,tas,186.93
2022-05-04,tas,191.63
2022-05-05,tas,196.01
2022-05-06,tas,201.22
2022-05-07,tas,201.9
2022-05-08,tas,202.86
2022-05-09,tas,202.68
2022-05-10,tas,203.63
2022-05-11,tas,204.62
2022-05-12,tas,205.85
2022-05-13,tas,206.65
2022-05-14,tas,207.25
2022-05-15,tas,208.36
2022-05-16,tas,208.84
2022-05-17,tas,207.11
2022-05-18,tas,208.11
2022-05-19,tas,207.94
2022-05-20,tas,205.18
2022-05-21,tas,207.64
2022-05-22,tas,209.27
2022-05-23,tas,212.5
2022-05-24,tas,216.56
2022-05-25,tas,218.03
2022-05-26,tas,220.72
2022-05-27,tas,226.01
2022-05-28,tas,226.6
2022-05-29,tas,227.81
2022-05-30,tas,228.08
2022-05-31,tas,229.09
2022-06-01,tas,229.77
2022-06-02,tas,230.89
2022-06-03,tas,231.97
2022-06-04,tas,232.75
2022-06-05,tas,233.4
2022-06-06,tas,232.6
2022-06-07,tas,232.66
2022-06-08,tas,232.91
2022-06-09,tas,232.93
2022-06-10,tas,232.92
2022-06-11,tas,232.41
2022-06-12,tas,232.36
2022-06-13,tas,234.9
2022-06-14,tas,233.61
2022-06-15,tas,234.38
2022-06-16,tas,234.97
2022-06-17,tas,234.91
2022-06-18,tas,236.19
2022-06-19,tas,236.74
2022-06-20,tas,236.35
2022-06-21,tas,238.3
2022-06-22,tas,237.82
2022-06-23,tas,237.33
2022-06-24,tas,237.62
2022-06-25,tas,236.97
2022-06-26,tas,236.55
2022-06-27,tas,236.48
2022-06-28,tas,236.53
2022-06-29,tas,237.36
2022-06-30,tas,236.82
2022-07-01,tas,234.65
2022-07-02,tas,233.42
2022-07-03,tas,231.55
2022-07-04,tas,230.72
2022-07-05,tas,229.52
2022-07-06,tas,228.02
2022-07-07,tas,227.43
2022-07-08,tas,228.42
2022-07-09,tas,229.13
2022-07-10,tas,230.35
2022-07-11,tas,229.85
2022-07-12,tas,230.48
2022-07-13,tas,231.31
2022-07-14,tas,231.39
2022-07-15,tas,233.61
2022-07-16,tas,235.35
2022-07-17,tas,237.33
2022-07-18,tas,239.36
2022-07-19,tas,240.27
2022-07-20,tas,240.97
2022-07-21,tas,242.88
2022-07-22,tas,236.64
2022-07-23,tas,229.75
2022-07-24,tas,223.11
2022-07-25,tas,216.16
2022-07-26,tas,210.42
2022-07-27,tas,203.96
2022-07-28,tas,197.82
2022-07-29,tas,197.39
2022-07-30,tas,196.89
2022-07-31,tas,196.3
2022-08-01,tas,196.37
2022-08-02,tas,196.59
2022-08-03,tas,197.31
2022-08-04,tas,197.96
2022-08-05,tas,199.61
2022-08-06,tas,201.84
2022-08-07,tas,202.8
2022-08-08,tas,203.45
2022-08-09,tas,203.4
2022-08-10,tas,204.25
2022-08-11,tas,205.2
2022-08-12,tas,205.61
2022-08-13,tas,205.15
2022-08-14,tas,206.34
2022-08-15,tas,206.73
2022-08-16,tas,206.29
2022-08-17,tas,206.95
2022-08-18,tas,206.24
2022-08-19,tas,205.53
2022-08-20,tas,205.76
2022-08-21,tas,205.35
2022-08-22,tas,205.43
2022-08-23,tas,205.75
2022-08-24,tas,204.73
2022-08-25,tas,204.87
2022-08-26,tas,204.53
2022-08-27,tas,204.12
2022-08-28,tas,203.39
2022-08-29,tas,203.4
2022-08-30,tas,203.72
2022-08-31,tas,202.94
2022-09-01,tas,202.81
2022-09-02,tas,202.68
2022-09-03,tas,202.46
2022-09-04,tas,201.66
2022-09-05,tas,200.22
2022-09-06,tas,198.65
2022-09-07,tas,204.39
2022-09-08,tas,210.34
2022-09-09,tas,215.64
2022-09-10,tas,217.06
2022-09-11,tas,223.57
2022-09-12,tas,230.21
2022-09-13,tas,236.84
2022-09-14,tas,237.47
2022-09-15,tas,236.66
2022-09-16,tas,239.14
2022-09-17,tas,244.58
2022-09-18,tas,246.54
2022-09-19,tas,249.17
2022-09-20,tas,250.85
2022-09-21,tas,252.85
2022-09-22,tas,253.97
2022-09-23,tas,252.58
2022-09-24,tas,252.63
2022-09-25,tas,252.82
2022-09-26,tas,251.09
2022-09-27,tas,250.06
2022-09-28,tas,248.28
2022-09-29,tas,247.77
2022-09-30,tas,247.44
2022-10-01,tas,240.22
2022-10-02,tas,240.91
2022-10-03,tas,241.97
2022-10-04,tas,242.75
2022-10-05,tas,243.22
2022-10-06,tas,243.07
2022-10-07,tas,244.77
2022-10-08,tas,249.88
2022-10-09,tas,249.86
2022-10-10,tas,250.44
2022-10-11,tas,251.24
2022-10-12,tas,253.15
2022-10-13,tas,254.86
2022-10-14,tas,254.72
2022-10-15,tas,254.9
2022-10-16,tas,254.55
2022-10-17,tas,254.19
2022-10-18,tas,254.49
2022-10-19,tas,253.83
2022-10-20,tas,253.41
2022-10-21,tas,252.95
2022-10-22,tas,254.26
2022-10-23,tas,254.17
2022-10-24,tas,254.71
2022-10-25,tas,254.51
2022-10-26,tas,255.08
2022-10-27,tas,255.88
2022-10-28,tas,257.31
2022-10-29,tas,259.94
2022-10-30,tas,261.16
2022-10-31,tas,261.96
2022-11-01,tas,262.82
2022-11-02,tas,263.16
2022-11-03,tas,264.03
2022-11-04,tas,263.49
2022-11-05,tas,263.79
2022-11-06,tas,263.84
2022-11-07,tas,263.51
2022-11-08,tas,263.68
2022-11-09,tas,264.43
2022-11-10,tas,264.77
2022-11-11,tas,265.76
2022-11-12,tas,265.15
2022-11-13,tas,265.04
2022-11-14,tas,264.67
2022-11-15,tas,264.65
2022-11-16,tas,263.32
2022-11-17,tas,262.56
2022-11-18,tas,262.32
2022-11-19,tas,261.37
2022-11-20,tas,260.91
2022-11-21,tas,260
2022-11-22,tas,258.12
2022-11-23,tas,256.79
2022-11-24,tas,254.79
2022-11-25,tas,252.41
2022-11-26,tas,250.6
2022-11-27,tas,248.24
2022-11-28,tas,246.22
2022-11-29,tas,245.5
2022-11-30,tas,244.09
2022-12-01,tas,244.17
2022-12-02,tas,243.44
2022-12-03,tas,242.27
2022-12-04,tas,241.43
2022-12-05,tas,241.33
2022-12-06,tas,236.94
2022-12-07,tas,233
2022-12-08,tas,227.19
2022-12-09,tas,222.7
2022-12-10,tas,218.81
2022-12-11,tas,214.85
2022-12-12,tas,211.72
2022-12-13,tas,211.75
2022-12-14,tas,211.46
2022-12-15,tas,211.52
2022-12-16,tas,210.81
2022-12-17,tas,210
2022-12-18,tas,208.93
2022-12-19,tas,208.51
2022-12-20,tas,207.51
2022-12-21,tas,206.95
2022-12-22,tas,206.99
2022-12-23,tas,207.16
2022-12-24,tas,207.37
2022-12-25,tas,207.98
2022-12-26,tas,208.79
2022-12-27,tas,210.01
2022-12-28,tas,210.36
2022-12-29,tas,210.03
2022-12-30,tas,209.32
2022-12-31,tas,208.63
2023-01-01,tas,207.38
2023-01-02,tas,205.9
2023-01-03,tas,205.33
2023-01-04,tas,205.26
2023-01-05,tas,205.21
2023-01-06,tas,206.12
2023-01-07,tas,206.49
2023-01-08,tas,206.85
2023-01-09,tas,206.89
2023-01-10,tas,206.22
2023-01-11,tas,209.62
2023-01-12,tas,213.75
2023-01-13,tas,217.27
2023-01-14,tas,221.43
2023-01-15,tas,225.65
2023-01-16,tas,228.92
2023-01-17,tas,233.21
2023-01-18,tas,233.96
2023-01-19,tas,234.03
2023-01-20,tas,234.88
2023-01-21,tas,235.28
2023-01-22,tas,236.43
2023-01-23,tas,232.55
2023-01-24,tas,232.95
2023-01-25,tas,233.33
2023-01-26,tas,230.64
2023-01-27,tas,226.57
2023-01-28,tas,223.01
2023-01-29,tas,218.86
2023-01-30,tas,219.39
2023-01-31,tas,211.47
2023-02-01,tas,202.36
2023-02-02,tas,197.12
2023-02-03,tas,192.13
2023-02-04,tas,187.03
2023-02-05,tas,181.79
2023-02-06,tas,177.62
2023-02-07,tas,177.13
2023-02-08,tas,177.39
2023-02-09,tas,177.06
2023-02-10,tas,177.4
2023-02-11,tas,177.56
2023-02-12,tas,177.56
2023-02-13,tas,177.57
2023-02-14,tas,177.58
2023-02-15,tas,177.83
2023-02-16,tas,177.86
2023-02-17,tas,177.91
2023-02-18,tas,177.73
2023-02-19,tas,178.03
2023-02-20,tas,178.64
2023-02-21,tas,179.28
2023-02-22,tas,179.29
2023-02-23,tas,179.47
2023-02-24,tas,179.36
2023-02-25,tas,179.23
2023-02-26,tas,178.72
2023-02-27,tas,177.97
2023-02-28,tas,176.69
2023-03-01,tas,175.91
2023-03-02,tas,174.83
2023-03-03,tas,173.13
2023-03-04,tas,172.06
2023-03-05,tas,171.45
2023-03-06,tas,170.68
2023-03-07,tas,169.95
2023-03-08,tas,169.29
2023-03-09,tas,169.12
2023-03-10,tas,170.41
2023-03-11,tas,171.51
2023-03-12,tas,172.43
2023-03-13,tas,173.86
2023-03-14,tas,175.48
2023-03-15,tas,176.58
2023-03-16,tas,177.69
2023-03-17,tas,178.34
2023-03-18,tas,179.55
2023-03-19,tas,179.88
2023-03-20,tas,180.05
2023-03-21,tas,180.44
2023-03-22,tas,180.67
2023-03-23,tas,180.75
2023-03-24,tas,180.35
2023-03-25,tas,179.56
2023-03-26,tas,179.33
2023-03-27,tas,179.01
2023-03-28,tas,178.36
2023-03-29,tas,177.35
2023-03-30,tas,176.68
2023-03-31,tas,176.47
2023-04-01,tas,175.62
2023-04-02,tas,174.55
2023-04-03,tas,173.52
2023-04-04,tas,172.79
2023-04-05,tas,172.5
2023-04-06,tas,171.66
2023-04-07,tas,171.2
2023-04-08,tas,171.02
2023-04-09,tas,170.94
2023-04-10,tas,170.63
2023-04-11,tas,170.29
2023-04-12,tas,170.28
2023-04-13,tas,170.17
2023-04-14,tas,173.17
2023-04-15,tas,175.68
2023-04-16,tas,178.63
2023-04-17,tas,181.1
2023-04-18,tas,183.68
2023-04-19,tas,186.97
2023-04-20,tas,190.69
2023-04-21,tas,190.26
2023-04-22,tas,191.03
2023-04-23,tas,191.16
2023-04-24,tas,191.29
2023-04-25,tas,191.15
2023-04-26,tas,190.27
2023-04-27,tas,189.69
2023-04-28,tas,189.67
2023-04-29,tas,189.43
2023-04-30,tas,189.49
2023-05-01,tas,188.93
2023-05-02,tas,189.42
2023-05-03,tas,189.87
2023-05-04,tas,189.73
2023-05-05,tas,189.7
2023-05-06,tas,189.77
2023-05-07,tas,189.3
2023-05-08,tas,189.33
2023-05-09,tas,188.46
2023-05-10,tas,187.84
2023-05-11,tas,187.33
2023-05-12,tas,186.8
2023-05-13,tas,186.33
2023-05-14,tas,186.31
2023-05-15,tas,186.38
2023-05-16,tas,186.18
2023-05-17,tas,186.46
2023-05-18,tas,187.39
2023-05-19,tas,187.99
2023-05-20,tas,187.76
2023-05-21,tas,188.31
2023-05-22,tas,188.47
2023-05-23,tas,189.08
2023-05-24,tas,189.49
2023-05-25,tas,189.59
2023-05-26,tas,189.86
2023-05-27,tas,190.87
2023-05-28,tas,190.97
2023-05-29,tas,191.4
2023-05-30,tas,191.95
2023-05-31,tas,191.87
2023-06-01,tas,191.61
2023-06-02,tas,192.04
2023-06-03,tas,192.31
2023-06-04,tas,192.91
2023-06-05,tas,193.38
2023-06-06,tas,193.86
2023-06-07,tas,194.51
2023-06-08,tas,195.54
2023-06-09,tas,195.75
2023-06-10,tas,196.5
2023-06-11,tas,197.33
2023-06-12,tas,198.28
2023-06-13,tas,197.76
2023-06-14,tas,197.68
2023-06-15,tas,197.39
2023-06-16,tas,196.5
2023-06-17,tas,195.38
2023-06-18,tas,193.95
2023-06-19,tas,191.92
2023-06-20,tas,190.93
2023-06-21,tas,189.91
2023-06-22,tas,188.71
2023-06-23,tas,188.2
2023-06-24,tas,187.62
2023-06-25,tas,187.25
2023-06-26,tas,187.56
2023-06-27,tas,188.09
2023-06-28,tas,188.3
2023-06-29,tas,188.89
2023-06-30,tas,189.81
2023-07-01,tas,190.12
2023-07-02,tas,190.2
2023-07-03,tas,190.61
2023-07-04,tas,191.18
2023-07-05,tas,191.81
2023-07-06,tas,191.78
2023-07-07,tas,191.47
2023-07-08,tas,191.48
2023-07-09,tas,191.53
2023-07-10,tas,190.7
2023-07-11,tas,189.52
2023-07-12,tas,188.51
2023-07-13,tas,188.54
2023-07-14,tas,188.34
2023-07-15,tas,188.26
2023-07-16,tas,187.9
2023-07-17,tas,188.59
2023-07-18,tas,189.14
2023-07-19,tas,189.92
2023-07-20,tas,190.28
2023-07-21,tas,190.67
2023-07-22,tas,190.56
2023-07-23,tas,191.36
2023-07-24,tas,191.32
2023-07-25,tas,191.74
2023-07-26,tas,191.82
2023-07-27,tas,191.78
2023-07-28,tas,191.82
2023-07-29,tas,192.55
2023-07-30,tas,192.75
2023-07-31,tas,192.93
2023-08-01,tas,193.21
2023-08-02,tas,193.53
2023-08-03,tas,193.19
2023-08-04,tas,193.02
2023-08-05,tas,193.23
2023-08-06,tas,193.33
2023-08-07,tas,193.1
2023-08-08,tas,192.48
2023-08-09,tas,192
2023-08-10,tas,192.28
2023-08-11,tas,192.24
2023-08-12,tas,191.07
2023-08-13,tas,190.63
2023-08-14,tas,191.11
2023-08-15,tas,191.13
2023-08-16,tas,191.21
2023-08-17,tas,190.8
2023-08-18,tas,190.27
2023-08-19,tas,190.13
2023-08-20,tas,189.27
2023-08-21,tas,187.95
2023-08-22,tas,187.3
2023-08-23,tas,186.84
2023-08-24,tas,186.71
2023-08-25,tas,186.17
2023-08-26,tas,185.61
2023-08-27,tas,185.26
2023-08-28,tas,185.15
2023-08-29,tas,184.89
2023-08-30,tas,184.1
2023-08-31,tas,183.15
2023-09-01,tas,182.08
2023-09-02,tas,181.84
2023-09-03,tas,181.35
2023-09-04,tas,180.94
2023-09-05,tas,180.8
2023-09-06,tas,181.05
2023-09-07,tas,181.5
2023-09-08,tas,182.94
2023-09-09,tas,183.7
2023-09-10,tas,184.5
2023-09-11,tas,184.71
2023-09-12,tas,184.55
2023-09-13,tas,184.62
2023-09-14,tas,184.62
2023-09-15,tas,184.37
2023-09-16,tas,184.37
2023-09-17,tas,184.4
2023-09-18,tas,184.23
2023-09-19,tas,184.21
2023-09-20,tas,183.86
2023-09-21,tas,183.61
2023-09-22,tas,183.75
2023-09-23,tas,183.93
2023-09-24,tas,184.07
2023-09-25,tas,184.84
2023-09-26,tas,185.63
2023-09-27,tas,186.56
2023-09-28,tas,187.49
2023-09-29,tas,188.23
2023-09-30,tas,188.88
2023-10-01,tas,189.36
2023-10-02,tas,189.69
2023-10-03,tas,189.75
2023-10-04,tas,190.34
2023-10-05,tas,190.51
2023-10-06,tas,190.85
2023-10-07,tas,190.76
2023-10-08,tas,190.83
2023-10-09,tas,191.23
2023-10-10,tas,191.91
2023-10-11,tas,191.76
2023-10-12,tas,191.67
2023-10-13,tas,191.2
2023-10-14,tas,190.5
2023-10-15,tas,190.04
2023-10-16,tas,189.31
2023-10-17,tas,188.69
2023-10-18,tas,188.53
2023-10-19,tas,188.95
2023-10-20,tas,189.09
2023-10-21,tas,189.45
2023-10-22,tas,189.59
2023-10-23,tas,189.92
2023-10-24,tas,190.14
2023-10-25,tas,190.45
2023-10-26,tas,190.52
2023-10-27,tas,191
2023-10-28,tas,191.16
2023-10-29,tas,191.16
2023-10-30,tas,190.71
2023-10-31,tas,190.12
2023-11-01,tas,189.29
2023-11-02,tas,188.58
2023-11-03,tas,187.78
2023-11-04,tas,187.72
2023-11-05,tas,187.76
2023-11-06,tas,187.82
2023-11-07,tas,187.73
2023-11-08,tas,187.84
2023-11-09,tas,187.43
2023-11-10,tas,187.42
2023-11-11,tas,187.12
2023-11-12,tas,187.12
2023-11-13,tas,187.06
2023-11-14,tas,187.4
2023-11-15,tas,187.94
2023-11-16,tas,188.46
2023-11-17,tas,188.84
2023-11-18,tas,188.91
2023-11-19,tas,188.85
2023-11-20,tas,189.35
2023-11-21,tas,189.73
2023-11-22,tas,189.36
2023-11-23,tas,189.22
2023-11-24,tas,189.19
2023-11-25,tas,189.56
2023-11-26,tas,189.73
2023-11-27,tas,189.17
2023-11-28,tas,188.06
2023-11-29,tas,187.43
2023-11-30,tas,186.49
2023-12-01,tas,185.19
2023-12-02,tas,183.81
2023-12-03,tas,182.39
2023-12-04,tas,181.47
2023-12-05,tas,181.14
2023-12-06,tas,180.5
2023-12-07,tas,180.27
2023-12-08,tas,179.7
2023-12-09,tas,179.05
2023-12-10,tas,178.68
2023-12-11,tas,178.15
2023-12-12,tas,178.15
2023-12-13,tas,177.72
2023-12-14,tas,177.02
2023-12-15,tas,176.55
2023-12-16,tas,176.26
2023-12-17,tas,175.77
2023-12-18,tas,175.74
2023-12-19,tas,174.97
2023-12-20,tas,173.87
2023-12-21,tas,173.2
2023-12-22,tas,172.28
2023-12-23,tas,171.42
2023-12-24,tas,170.99
2023-12-25,tas,171.89
2023-12-26,tas,172.57
2023-12-27,tas,172.8
2023-12-28,tas,172.71
2023-12-29,tas,173.13
2023-12-30,tas,173.8
2023-12-31,tas,173.96
2024-01-01,tas,173.51
2024-01-02,tas,173.19
2024-01-03,tas,173.51
2024-01-04,tas,173.96
2024-01-05,tas,174.89
2024-01-06,tas,175.16
2024-01-07,tas,175.31
2024-01-08,tas,175.82
2024-01-09,tas,176.2
2024-01-10,tas,177.34
2024-01-11,tas,178.56
2024-01-12,tas,179.25
2024-01-13,tas,179.47
2024-01-14,tas,180.06
2024-01-15,tas,179.57
2024-01-16,tas,179.64
2024-01-17,tas,179.15
2024-01-18,tas,178.64
2024-01-19,tas,178.07
2024-01-20,tas,178.06
2024-01-21,tas,177.96
2024-01-22,tas,177.8
2024-01-23,tas,177.24
2024-01-24,tas,176.89
2024-01-25,tas,176.79
2024-01-26,tas,177.25
2024-01-27,tas,177.6
2024-01-28,tas,177.96
2024-01-29,tas,178.19
2024-01-30,tas,178.61
2024-01-31,tas,178.72
2024-02-01,tas,178.68
2024-02-02,tas,178.33
2024-02-03,tas,178.34
2024-02-04,tas,178.24
2024-02-05,tas,178.37
2024-02-06,tas,178.42
2024-02-07,tas,179.4
2024-02-08,tas,180.19
2024-02-09,tas,180.84
2024-02-10,tas,181.51
2024-02-11,tas,182.18
2024-02-12,tas,182.6
2024-02-13,tas,183.29
2024-02-14,tas,183.81
2024-02-15,tas,185.02
2024-02-16,tas,185.68
2024-02-17,tas,185.75
2024-02-18,tas,186.37
2024-02-19,tas,186.92
2024-02-20,tas,187.16
2024-02-21,tas,187.09
2024-02-22,tas,186.76
2024-02-23,tas,187.22
2024-02-24,tas,188.02
2024-02-25,tas,188.13
2024-02-26,tas,188.12
2024-02-27,tas,188.28
2024-02-28,tas,189.07
2024-02-29,tas,190.21
2024-03-01,tas,191.44
2024-03-02,tas,192.97
2024-03-03,tas,194.97
2024-03-04,tas,197.01
2024-03-05,tas,199.27
2024-03-06,tas,200.41
2024-03-07,tas,200.56
2024-03-08,tas,200.88
2024-03-09,tas,201.01
2024-03-10,tas,200.01
2024-03-11,tas,199.43
2024-03-12,tas,197.49
2024-03-13,tas,195.91
2024-03-14,tas,194.52
2024-03-15,tas,192.92
2024-03-16,tas,191.26
2024-03-17,tas,190.59
2024-03-18,tas,189.89
2024-03-19,tas,189.76
2024-03-20,tas,189.87
2024-03-21,tas,189.79
2024-03-22,tas,189.55
2024-03-23,tas,189.49
2024-03-24,tas,189.4
2024-03-25,tas,188.7
2024-03-26,tas,188.1
2024-03-27,tas,187.04
2024-03-28,tas,186.06
2024-03-29,tas,185.51
2024-03-30,tas,184
2024-03-31,tas,182.01
2024-04-01,tas,181.24
2024-04-02,tas,180.79
2024-04-03,tas,180.35
2024-04-04,tas,180.18
2024-04-05,tas,179.75
2024-04-06,tas,180.23
2024-04-07,tas,181.26
2024-04-08,tas,181.83
2024-04-09,tas,182.38
2024-04-10,tas,183.57
2024-04-11,tas,184.4
2024-04-12,tas,184.71
2024-04-13,tas,184.94
2024-04-14,tas,185.01
2024-04-15,tas,185.01
2024-04-16,tas,184.99
2024-04-17,tas,184.9
2024-04-18,tas,184.86
2024-04-19,tas,185.06
2024-04-20,tas,185.16
2024-04-21,tas,185.73
2024-04-22,tas,185.76
2024-04-23,tas,185.82
2024-04-24,tas,185.4
2024-04-25,tas,185.28
2024-04-26,tas,184.79
2024-04-27,tas,184.76
2024-04-28,tas,184.25
2024-04-29,tas,184.2
2024-04-30,tas,183.39
2024-05-01,tas,182.99
2024-05-02,tas,182.51
2024-05-03,tas,182.32
2024-05-04,tas,181.83
2024-05-05,tas,181.06
2024-05-06,tas,180.21
2024-05-07,tas,180.22
2024-05-08,tas,180.37
2024-05-09,tas,180.29
2024-05-10,tas,180.24
2024-05-11,tas,180.3
2024-05-12,tas,180.8
2024-05-13,tas,181.09
2024-05-14,tas,181.61
2024-05-15,tas,182.08
2024-05-16,tas,183.03
2024-05-17,tas,184.09
2024-05-18,tas,184.09
2024-05-19,tas,183.7
2024-05-20,tas,183.7
2024-05-21,tas,183.65
2024-05-22,tas,184.28
2024-05-23,tas,184.65
2024-05-24,tas,183.72
2024-05-25,tas,184.06
2024-05-26,tas,184.5
2024-05-27,tas,184.22
2024-05-28,tas,183.69
2024-05-29,tas,182.05
2024-05-30,tas,180.36
2024-05-31,tas,179.87
2024-06-01,tas,179.1
2024-06-02,tas,178.14
2024-06-03,tas,178.07
2024-06-04,tas,177.86
2024-06-05,tas,177.78
2024-06-06,tas,177.5
2024-06-07,tas,177.46
2024-06-08,tas,177.61
2024-06-09,tas,178.05
2024-06-10,tas,178.03
2024-06-11,tas,177.38
2024-06-12,tas,176.73
2024-06-13,tas,176.71
2024-06-14,tas,176.3
2024-06-15,tas,175.42
2024-06-16,tas,175
2024-06-17,tas,174.54
2024-06-18,tas,174.77
2024-06-19,tas,174.79
2024-06-20,tas,174.55
2024-06-21,tas,174.3
2024-06-22,tas,174.48
2024-06-23,tas,174.2
2024-06-24,tas,174.23
2024-06-25,tas,174.47
2024-06-26,tas,174.89
2024-06-27,tas,174.94
2024-06-28,tas,174.72
2024-06-29,tas,174.44
2024-06-30,tas,174.49
2024-07-01,tas,174.35
2024-07-02,tas,174.06
2024-07-03,tas,173.75
2024-07-04,tas,174.15
2024-07-05,tas,174.92
2024-07-06,tas,175.51
2024-07-07,tas,175.8
2024-07-08,tas,175.69
2024-07-09,tas,175.61
2024-07-10,tas,175.7
2024-07-11,tas,175.16
2024-07-12,tas,174.57
2024-07-13,tas,174.09
2024-07-14,tas,173.9
2024-07-15,tas,174.14
2024-07-16,tas,174.41
2024-07-17,tas,174.9
2024-07-18,tas,175.15
2024-07-19,tas,175.44
2024-07-20,tas,174.84
2024-07-21,tas,174.62
2024-07-22,tas,174.46
2024-07-23,tas,174.2
2024-07-24,tas,174.01
2024-07-25,tas,174.25
2024-07-26,tas,175.43
2024-07-27,tas,177.43
2024-07-28,tas,178.72
2024-07-29,tas,179.84
2024-07-30,tas,180.85
2024-07-31,tas,181.66
2024-08-01,tas,181.93
2024-08-02,tas,181.28
2024-08-03,tas,180.61
2024-08-04,tas,179.77
2024-08-05,tas,178.63
2024-08-06,tas,177.88
2024-08-07,tas,177.22
2024-08-08,tas,176.91
2024-08-09,tas,177.35
2024-08-10,tas,177.08
2024-08-11,tas,177.47
2024-08-12,tas,178.09
2024-08-13,tas,178.31
2024-08-14,tas,178.84
2024-08-15,tas,179.6
2024-08-16,tas,179.88
2024-08-17,tas,181.02
2024-08-18,tas,181.51
2024-08-19,tas,181.44
2024-08-20,tas,181.8
2024-08-21,tas,181.71
2024-08-22,tas,181.31
2024-08-23,tas,180.62
2024-08-24,tas,179.66
2024-08-25,tas,178.99
2024-08-26,tas,178.42
2024-08-27,tas,177.58
2024-08-28,tas,176.62
2024-08-29,tas,176.43
2024-08-30,tas,176.43
2024-08-31,tas,176.7
2024-09-01,tas,176.67
2024-09-02,tas,176.82
2024-09-03,tas,177.4
2024-09-04,tas,177.71
2024-09-05,tas,177.35
2024-09-06,tas,176.55
2024-09-07,tas,175.62
2024-09-08,tas,175.01
2024-09-09,tas,174.55
2024-09-10,tas,174.37
2024-09-11,tas,174.53
2024-09-12,tas,175.18
2024-09-13,tas,176.24
2024-09-14,tas,177.09
2024-09-15,tas,177.61
2024-09-16,tas,178.14
2024-09-17,tas,177.68
2024-09-18,tas,177.82
2024-09-19,tas,177.84
2024-09-20,tas,177.83
2024-09-21,tas,178.04
2024-09-22,tas,178.06
2024-09-23,tas,177.5
2024-09-24,tas,177.48
2024-09-25,tas,176.8
2024-09-26,tas,176.25
2024-09-27,tas,175.89
2024-09-28,tas,174.76
2024-09-29,tas,174.31
2024-09-30,tas,173.72
2024-10-01,tas,172.78
2024-10-02,tas,172.37
2024-10-03,tas,171.36
2024-10-04,tas,169.95
2024-10-05,tas,169.16
2024-10-06,tas,168.4
2024-10-07,tas,168.24
2024-10-08,tas,168.4
2024-10-09,tas,167.92
2024-10-10,tas,164
2024-10-11,tas,160.33
2024-10-12,tas,156.63
2024-10-13,tas,152.8
2024-10-14,tas,149.89
2024-10-15,tas,146.87
2024-10-16,tas,143.68
2024-10-17,tas,144.04
2024-10-18,tas,144.02
2024-10-19,tas,143.91
2024-10-20,tas,143.93
2024-10-21,tas,144.09
2024-10-22,tas,144.12
2024-10-23,tas,144.61
2024-10-24,tas,145.24
2024-10-25,tas,146.02
2024-10-26,tas,147.28
2024-10-27,tas,148.1
2024-10-28,tas,148.51
2024-10-29,tas,149.09
2024-10-30,tas,149.39
2024-10-31,tas,150.27
2024-11-01,tas,150.81
2024-11-02,tas,150.7
2024-11-03,tas,150.54
2024-11-04,tas,150.25
2024-11-05,tas,149.86
2024-11-06,tas,149.49
2024-11-07,tas,148.69
2024-11-08,tas,147.93
2024-11-09,tas,147.36
2024-11-10,tas,147.03
2024-11-11,tas,146.88
2024-11-12,tas,146.59
2024-11-13,tas,146.11
2024-11-14,tas,145.66
2024-11-15,tas,145.09
2024-11-16,tas,144.27
2024-11-17,tas,143.48
2024-11-18,tas,142.48
2024-11-19,tas,141.07
2024-11-20,tas,139.82
2024-11-21,tas,138.29
2024-11-22,tas,136.89
2024-11-23,tas,135.89
2024-11-24,tas,134.87
2024-11-25,tas,134.02
2024-11-26,tas,133.71
2024-11-27,tas,133.65
2024-11-28,tas,133.13
2024-11-29,tas,133.03
2024-11-30,tas,132.91
2024-12-01,tas,132.91
2024-12-02,tas,133.27
2024-12-03,tas,133.35
2024-12-04,tas,133.21
2024-12-05,tas,133.44
2024-12-06,tas,133.7
2024-12-07,tas,133.78
2024-12-08,tas,133.83
2024-12-09,tas,134.08
2024-12-10,tas,134.44
2024-12-11,tas,135.12
2024-12-12,tas,136.25
2024-12-13,tas,137.38
2024-12-14,tas,138.07
2024-12-15,tas,139.21
2024-12-16,tas,139.91
2024-12-17,tas,141.43
2024-12-18,tas,142.76
2024-12-19,tas,143.96
2024-12-20,tas,145.07
2024-12-21,tas,146.79
2024-12-22,tas,147.87
2024-12-23,tas,149.47
2024-12-24,tas,150.6
2024-12-25,tas,151.6
2024-12-26,tas,152.24
2024-12-27,tas,152.47
2024-12-28,tas,152.48
2024-12-29,tas,152.93
2024-12-30,tas,153.35
2024-12-31,tas,153.45
2025-01-01,tas,152.52
2025-01-02,tas,151.09
2025-01-03,tas,149.56
2025-01-04,tas,148.03
2025-01-05,tas,146.11
2025-01-06,tas,144.28
2025-01-07,tas,142.79
2025-01-08,tas,142.05
2025-01-09,tas,142.07
2025-01-10,tas,142.62
2025-01-11,tas,143.21
2025-01-12,tas,143.82
2025-01-13,tas,143.59
2025-01-14,tas,143.46
2025-01-15,tas,143.57
2025-01-16,tas,143.73
2025-01-17,tas,143.86
2025-01-18,tas,143.92
2025-01-19,tas,144.1
2025-01-20,tas,144.64
2025-01-21,tas,145.08
2025-01-22,tas,145.14
2025-01-23,tas,144.81
2025-01-24,tas,144.6
2025-01-25,tas,144.71
2025-01-26,tas,144.93
2025-01-27,tas,145.11
2025-01-28,tas,144.64
2025-01-29,tas,144.56
2025-01-30,tas,144.8
2025-01-31,tas,145.16
2025-02-01,tas,145.5
2025-02-02,tas,145.64
2025-02-03,tas,145.23
2025-02-04,tas,145.68
2025-02-05,tas,145.72
2025-02-06,tas,145.73
2025-02-07,tas,145.22
2025-02-08,tas,144.92
2025-02-09,tas,144.39
2025-02-10,tas,143.96
2025-02-11,tas,143.13
2025-02-12,tas,142.89
2025-02-13,tas,142.45
2025-02-14,tas,142.47
2025-02-15,tas,141.66
2025-02-16,tas,141.82
2025-02-17,tas,142.04
2025-02-18,tas,142.59
2025-02-19,tas,142.76
2025-02-20,tas,142.92
2025-02-21,tas,143.06
2025-02-22,tas,143.88
2025-02-23,tas,143.76
2025-02-24,tas,143.58
2025-02-25,tas,143.11
2025-02-26,tas,142.98
2025-02-27,tas,142.94
2025-02-28,tas,142.68
2025-03-01,tas,142.14
2025-03-02,tas,141.69
2025-03-03,tas,141.74
2025-03-04,tas,141.67
2025-03-05,tas,141.62
2025-03-06,tas,141.13
2025-03-07,tas,141.65
2025-03-08,tas,142.11
2025-03-09,tas,142.73
2025-03-10,tas,142.71
2025-03-11,tas,142.41
2025-03-12,tas,142.33
2025-03-13,tas,142.61
2025-03-14,tas,142.25
2025-03-15,tas,141.8
2025-03-16,tas,141.38
2025-03-17,tas,141.2
2025-03-18,tas,141.3
2025-03-19,tas,140.93
2025-03-20,tas,140.54
2025-03-21,tas,139.73
2025-03-22,tas,139.09
2025-03-23,tas,138.38
2025-03-24,tas,137.53
2025-03-25,tas,137.22
2025-03-26,tas,137.11
2025-03-27,tas,136.87
2025-03-28,tas,136.93
2025-03-29,tas,137.19
2025-03-30,tas,137.15
2025-03-31,tas,137.64
2025-04-01,tas,137.63
2025-04-02,tas,137.54
2025-04-03,tas,138.02
2025-04-04,tas,138.41
2025-04-05,tas,138.77
2025-04-06,tas,139.24
2025-04-07,tas,139.56
2025-04-08,tas,139.83
2025-04-09,tas,140.22
2025-04-10,tas,140.52
2025-04-11,tas,140.82
2025-04-12,tas,141.05
2025-04-13,tas,141.38
2025-04-14,tas,141.28
2025-04-15,tas,141.38
2025-04-16,tas,141.63
2025-04-17,tas,141.3
2025-04-18,tas,141.45
2025-04-19,tas,140.93
2025-04-20,tas,140.8
2025-04-21,tas,140.85
2025-04-22,tas,140.35
2025-04-23,tas,140.12
2025-04-24,tas,140.49
2025-04-25,tas,140.22
2025-04-26,tas,140.25
2025-04-27,tas,140.48
2025-04-28,tas,140.65
2025-04-29,tas,141.18
2025-04-30,tas,140.72
2025-05-01,tas,140.53
2025-05-02,tas,140.47
2025-05-03,tas,140.65
2025-05-04,tas,140.38
2025-05-05,tas,140.21
2025-05-06,tas,140.42
2025-05-07,tas,140.79
2025-05-08,tas,140.38
2025-05-09,tas,140.3
2025-05-10,tas,139.96
2025-05-11,tas,139.73
2025-05-12,tas,139.73
2025-05-13,tas,139.46
2025-05-14,tas,139.55
2025-05-15,tas,139.48
2025-05-16,tas,139.27
2025-05-17,tas,139.09
2025-05-18,tas,139.26
2025-05-19,tas,139.1
2025-05-20,tas,139.35
2025-05-21,tas,139.35
2025-05-22,tas,139.67
2025-05-23,tas,140.08
2025-05-24,tas,141.23
2025-05-25,tas,141.79
2025-05-26,tas,142.42
2025-05-27,tas,142.48
2025-05-28,tas,143.03
2025-05-29,tas,143.88
2025-05-30,tas,143.58
2025-05-31,tas,142.6
2025-06-01,tas,141.33
2025-06-02,tas,140.95
2025-06-03,tas,140.17
2025-06-04,tas,139.02
2025-06-05,tas,137.74
2025-06-06,tas,137.31
2025-06-07,tas,136.96
2025-06-08,tas,136.88
2025-06-09,tas,136.19
2025-06-10,tas,135.68
2025-06-11,tas,135.31
2025-06-12,tas,135.03
2025-06-13,tas,134.84
2025-06-14,tas,134.59
2025-06-15,tas,134.82
2025-06-16,tas,134.94
2025-06-17,tas,135.28
2025-06-18,tas,135.86
2025-06-19,tas,136.68
2025-06-20,tas,137.12
2025-06-21,tas,137.68
2025-06-22,tas,137.74
2025-06-23,tas,137.73
2025-06-24,tas,138
2025-06-25,tas,137.73
2025-06-26,tas,136.94
2025-06-27,tas,136.58
2025-06-28,tas,136.33
2025-06-29,tas,135.91
2025-06-30,tas,134.76
2025-07-01,tas,134.25
2025-07-02,tas,134
2025-07-03,tas,133.99
2025-07-04,tas,133.63
2025-07-05,tas,133.36
2025-07-06,tas,133.53
2025-07-07,tas,134.28
2025-07-08,tas,134.17
2025-07-09,tas,134.35
2025-07-10,tas,134.49
2025-07-11,tas,135.05
2025-07-12,tas,135.34
2025-07-13,tas,135.37
2025-07-14,tas,135.5
2025-07-15,tas,135.48
2025-07-16,tas,135.13
2025-07-17,tas,134.44
2025-07-18,tas,133.5
2025-07-19,tas,132.58
2025-07-20,tas,131.72
2025-07-21,tas,130.91
2025-07-22,tas,130.75
2025-07-23,tas,131.01
2025-07-24,tas,131.23
2025-07-25,tas,131.48
2025-07-26,tas,131.98
2025-07-27,tas,132.5
2025-07-28,tas,133.14
2025-07-29,tas,133.55
2025-07-30,tas,133.45
2025-07-31,tas,133.36
2025-08-01,tas,133.4
2025-08-02,tas,133.51
2025-08-03,tas,133.81
2025-08-04,tas,133.84
2025-08-05,tas,133.72
2025-08-06,tas,133.75
2025-08-07,tas,134.32
2025-08-08,tas,134.74
2025-08-09,tas,134.63
2025-08-10,tas,134.61
2025-08-11,tas,134.95
2025-08-12,tas,135.42
2025-08-13,tas,135.6
2025-08-14,tas,135.46
2025-08-15,tas,135.03
2025-08-16,tas,134.62
2025-08-17,tas,133.88
2025-08-18,tas,132.97
2025-08-19,tas,132.38
2025-08-20,tas,132.13
2025-08-21,tas,132
2025-08-22,tas,132.47
2025-08-23,tas,133.06
2025-08-24,tas,133.71
2025-08-25,tas,134.54
2025-08-26,tas,135.08
2025-08-27,tas,135.45
2025-08-28,tas,136.19
2025-08-29,tas,136.53
2025-08-30,tas,136.97
2025-08-31,tas,137.46
2025-09-01,tas,137.34
2025-09-02,tas,137.11
2025-09-03,tas,137.25
2025-09-04,tas,136.84
2025-09-05,tas,136.64
2025-09-06,tas,136.65
2025-09-07,tas,136.17
2025-09-08,tas,136.03
2025-09-09,tas,135.74
2025-09-10,tas,135.3
2025-09-11,tas,134.99
2025-09-12,tas,134.73
2025-09-13,tas,134.15
2025-09-14,tas,133.88
2025-09-15,tas,133.55
2025-09-16,tas,133.55
2025-09-17,tas,133.6
2025-09-18,tas,133.64
2025-09-19,tas,133.24
2025-09-20,tas,132.96
2025-09-21,tas,132.65
2025-09-22,tas,132.37
2025-09-23,tas,131.92
2025-09-24,tas,131.44
2025-09-25,tas,130.83
2025-09-26,tas,130.49
2025-09-27,tas,129.88
2025-09-28,tas,129.51
2025-09-29,tas,128.93
2025-09-30,tas,128.62
2025-10-01,tas,128.72
2025-10-02,tas,128.98
2025-10-03,tas,129.21
2025-10-04,tas,129.83
2025-10-05,tas,130.4
2025-10-06,tas,131.1
2025-10-07,tas,131.19
2025-10-08,tas,131.07
2025-10-09,tas,130.92
2025-10-10,tas,130.97
2025-10-11,tas,130.83
2025-10-12,tas,130.64
2025-10-13,tas,130.62
2025-10-14,tas,130.48
2025-10-15,tas,129.97
2025-10-16,tas,129.74
2025-10-17,tas,129.29
2025-10-18,tas,128.76
2025-10-19,tas,128.56
2025-10-20,tas,127.85
2025-10-21,tas,127.51
2025-10-22,tas,127.46
2025-10-23,tas,126.91
2025-10-24,tas,126.61
2025-10-25,tas,126.38
2025-10-26,tas,126.04
2025-10-27,tas,126.17
2025-10-28,tas,126.44
2025-10-29,tas,126.6
2025-10-30,tas,126.97
2025-10-31,tas,126.93
2025-11-01,tas,127.04
2025-11-02,tas,127.01
2025-11-03,tas,127.33
2025-11-04,tas,127.3
2025-11-05,tas,127.2
2025-11-06,tas,127.21
2025-11-07,tas,127.6
2025-11-08,tas,128.19
2025-11-09,tas,128.76
2025-11-10,tas,128.81
2025-11-11,tas,129.08
2025-11-12,tas,129.59
2025-11-13,tas,129.96
2025-11-14,tas,130.13
2025-11-15,tas,130.19
2025-11-16,tas,130.1
2025-11-17,tas,130.06
2025-11-18,tas,130.03
2025-11-19,tas,129.32
2025-11-20,tas,128.86
2025-11-21,tas,128.6
2025-11-22,tas,128.24
2025-11-23,tas,127.87
2025-11-24,tas,127.48
2025-11-25,tas,127.15
2025-11-26,tas,127.31
2025-11-27,tas,127.3
2025-11-28,tas,127.2
2025-11-29,tas,127.19
2025-11-30,tas,126.94
2025-12-01,tas,127.31
2025-12-02,tas,127.64
2025-12-03,tas,127.91
2025-12-04,tas,128.3
2025-12-05,tas,128.79
2025-12-06,tas,129.07
2025-12-07,tas,129.72
2025-12-08,tas,129.79
2025-12-09,tas,130.03
2025-12-10,tas,130.26
2025-12-11,tas,130.51
2025-12-12,tas,130.8
2025-12-13,tas,131.25
2025-12-14,tas,131.6
2025-12-15,tas,131.97
2025-12-16,tas,132.18
2025-12-17,tas,132.17
2025-12-18,tas,131.42
2025-12-19,tas,130.67
2025-12-20,tas,129.71
2025-12-21,tas,128.73
2025-12-22,tas,128.18
2025-12-23,tas,127.94
2025-12-24,tas,128.37
2025-12-25,tas,129.29
2025-12-26,tas,130.04
2025-12-27,tas,130.65
2025-12-28,tas,131.31
2025-12-29,tas,132.15
2025-12-30,tas,132.94
2025-12-31,tas,133.11
2026-01-01,tas,132.95
2026-01-02,tas,132.5
2026-01-03,tas,131.33
2026-01-04,tas,130.08
2026-01-05,tas,128.92
2026-01-06,tas,128.02
2026-01-07,tas,128.18
2026-01-08,tas,128.45
2026-01-09,tas,129.35
2026-01-10,tas,130.21
2026-01-11,tas,131.06
2026-01-12,tas,131.28
2026-01-13,tas,131.26
2026-01-14,tas,130.89
2026-01-15,tas,131.05
2026-01-16,tas,130.86
2026-01-17,tas,131.34
2026-01-18,tas,131.98
2026-01-19,tas,132.65
2026-01-20,tas,133
2026-01-21,tas,132.96
2026-01-22,tas,133.22
2026-01-23,tas,134
2026-01-24,tas,134.53
2026-01-25,tas,134.84
2026-01-26,tas,135.43
2026-01-27,tas,136.08
2026-01-28,tas,136.82
2026-01-29,tas,137.54
2026-01-30,tas,138.32
2026-01-31,tas,139.08
2026-02-01,tas,140.05
2026-02-02,tas,140.42
2026-02-03,tas,140.43
2026-02-04,tas,140.32
2026-02-05,tas,139.85
2026-02-06,tas,138.81
2026-02-07,tas,137.7
2026-02-08,tas,136.58
2026-02-09,tas,135.67
2026-02-10,tas,135.28
2026-02-11,tas,134.94
2026-02-12,tas,134.53
2026-02-13,tas,134.27
2026-02-14,tas,134.4
2026-02-15,tas,134.59
2026-02-16,tas,134.63
2026-02-17,tas,134.88
2026-02-18,tas,135.43
2026-02-19,tas,136.07
2026-02-20,tas,136.37
2026-02-21,tas,136.46
2026-02-22,tas,136.34
2026-02-23,tas,136.34
2026-02-24,tas,136.29
2026-02-25,tas,136.19
2026-02-26,tas,136.65
2026-02-27,tas,137.51
2026-02-28,tas,138.02
2026-03-01,tas,138.48
2026-03-02,tas,139.29
2026-03-03,tas,139.63
2026-03-04,tas,139.94
2026-03-05,tas,139.27
2026-03-06,tas,138.15
2026-03-07,tas,137.49
2026-03-08,tas,137.07
2026-03-09,tas,136.51
2026-03-10,tas,135.26
2026-03-11,tas,133.68
2026-03-12,tas,131.98
2026-03-13,tas,130.46
2026-03-14,tas,129.06
2026-03-15,tas,127.66
2026-03-16,tas,126.3
2026-03-17,tas,125.52
2026-03-18,tas,124.94
2026-03-19,tas,124.4
2026-03-20,tas,123.8
2026-03-21,tas,123.13
2026-03-22,tas,122.34
2026-03-23,tas,121.28
2026-03-24,tas,120.43
2026-03-25,tas,119.84
2026-03-26,tas,119.37
2026-03-27,tas,119.29
2026-03-28,tas,119.04
2026-03-29,tas,118.96
2026-03-30,tas,119.18
2026-03-31,tas,119.53
2026-04-01,tas,119.68
2026-04-02,tas,120.09
2026-04-03,tas,120.31
2026-04-04,tas,120.76
2026-04-05,tas,121.17
2026-04-06,tas,121.52
2026-04-07,tas,121.55
2026-04-08,tas,121.85
2026-04-09,tas,121.47
2026-04-10,tas,121.33
2026-04-11,tas,120.99
2026-04-12,tas,120.84
2026-04-13,tas,120.38
2026-04-14,tas,120.16
2026-04-15,tas,119.59
2026-04-16,tas,119.52
2026-04-17,tas,119.24
2026-04-18,tas,119.24
2026-04-19,tas,118.94
2026-04-20,tas,119.44
2026-04-21,tas,119.8
2026-04-22,tas,120.58
2026-04-23,tas,121.24
2026-04-24,tas,122.06
2026-04-25,tas,122.84
2026-04-26,tas,124.04
2026-04-27,tas,124.72
2026-04-28,tas,125.65
2026-04-29,tas,126.35
2026-04-30,tas,127.54
2026-05-01,tas,127.93
2026-05-02,tas,127.87
2026-05-03,tas,127.34
2026-05-04,tas,127.02
2026-05-05,tas,126.71
2026-05-06,tas,126.04
2026-05-07,tas,125.04
2026-05-08,tas,124.48
2026-05-09,tas,124.01
2026-05-10,tas,123.5
2026-05-11,tas,123.27
2026-05-12,tas,122.91
2026-05-13,tas,122.73
2026-05-14,tas,122.7
2026-05-15,tas,122.86
2026-05-16,tas,123.46
2026-05-17,tas,123.97
2026-05-18,tas,124.07
2026-05-19,tas,124.09
2026-05-20,tas,124.48
2026-05-21,tas,124.74
2026-05-22,tas,123.93
2026-05-23,tas,122.88
2026-05-24,tas,121.97
2026-05-25,tas,121.32
2026-05-26,tas,120.56
2026-05-27,tas,119.78
2026-05-28,tas,118.88
2026-05-29,tas,119.12
2026-05-30,tas,120.17
2026-05-31,tas,120.51
2026-06-01,tas,121.03
2026-06-02,tas,121.51
2026-06-03,tas,121.55
2026-06-04,tas,122.37
2026-06-05,tas,123.45
2026-06-06,tas,123.97
2026-06-07,tas,125.12
2026-06-08,tas,125.7
2026-06-09,tas,126.3
2026-06-10,tas,127.17
2026-06-11,tas,127.6
2026-06-12,tas,127.77
2026-06-13,tas,128.25
2026-06-14,tas,128.37
2026-06-15,tas,129.1
2026-06-16,tas,130.04
2026-06-17,tas,130.64
2026-06-18,tas,131.31
2026-06-19,tas,132.02
2026-06-20,tas,132.93
2026-06-21,tas,134.07
2026-06-22,tas,134.87
2026-06-23,tas,135.26
2026-06-24,tas,135.66
2026-06-25,tas,135.86
2026-06-26,tas,136.21
2026-06-27,tas,135.93
2026-06-28,tas,135.21
2026-06-29,tas,134.66
2026-06-30,tas,134.43
2026-07-01,tas,134.12
2026-07-02,tas,134.05
2026-07-03,tas,133.91
2026-07-04,tas,134.12
2026-07-05,tas,134.59
2026-07-06,tas,134.87
2026-07-07,tas,135.56
2026-07-08,tas,135.77
2026-07-09,tas,135.53
2026-07-10,tas,135.74
2026-07-11,tas,135.53
2026-07-12,tas,135.25
2026-07-13,tas,134.38
2026-07-14,tas,133.37
2026-07-15,tas,132.87
2026-07-16,tas,132.93
2026-07-17,tas,132.34
2026-07-18,tas,131.63
2026-07-19,tas,131.5
2026-07-20,tas,131.75
2026-07-21,tas,131.53
2026-07-22,tas,131.49
2026-07-23,tas,131.12
2026-07-24,tas,131.08
2026-07-25,tas,131.27
2026-07-26,tas,130.72
2026-07-27,tas,130.6
2026-07-28,tas,130.47
2026-07-29,tas,130.13
2026-07-30,tas,130.3
2026-07-31,tas,129.91
2026-08-01,tas,129.81
2026-08-02,tas,129.84
2026-08-03,tas,129.9
2026-08-04,tas,130.13
2026-08-05,tas,130.85
2026-08-06,tas,131.29
2026-08-07,tas,132.23
2026-08-08,tas,133.01
2026-08-09,tas,134.03
2026-08-10,tas,134.83
2026-08-11,tas,136.37
2026-08-12,tas,137.94
2026-08-13,tas,139.21
2026-08-14,tas,140.29
2026-08-15,tas,141.45
2026-08-16,tas,142.25
2026-08-17,tas,143.43
2026-08-18,tas,143.94
2026-08-19,tas,144.12
2026-08-20,tas,144.26
2026-08-21,tas,144.39
2026-08-22,tas,144.42
2026-08-23,tas,144.75
2026-08-24,tas,144.76
2026-08-25,tas,145.24
2026-08-26,tas,145.39
2026-08-27,tas,145.35
2026-08-28,tas,145.3
2026-08-29,tas,145.62
2026-08-30,tas,145.9
2026-08-31,tas,145.72
2026-09-01,tas,145.31
2026-09-02,tas,145.52
2026-09-03,tas,146.7
2026-09-04,tas,148.3
2026-09-05,tas,149.33
2026-09-06,tas,149.73
2026-09-07,tas,150.6
2026-09-08,tas,151.47
2026-09-09,tas,151.91
2026-09-10,tas,151.87
2026-09-11,tas,151.7
2026-09-12,tas,151.83
2026-09-13,tas,152.6
2026-09-14,tas,153.29
2026-09-15,tas,153.68
2026-09-16,tas,154.05
2026-09-17,tas,154.32
2026-09-18,tas,153.66
2020-02-01,vic,100
2020-02-02,vic,99.45
2020-02-03,vic,98.78
2020-02-04,vic,98.3
2020-02-05,vic,97.99
2020-02-06,vic,97.76
2020-02-07,vic,97.48
2020-02-08,vic,97.24
2020-02-09,vic,97.11
2020-02-10,vic,97.14
2020-02-11,vic,97.19
2020-02-12,vic,97.2
2020-02-13,vic,97.24
2020-02-14,vic,97.3
2020-02-15,vic,97.17
2020-02-16,vic,97.07
2020-02-17,vic,96.91
2020-02-18,vic,96.77
2020-02-19,vic,96.63
2020-02-20,vic,96.55
2020-02-21,vic,96.36
2020-02-22,vic,96.1
2020-02-23,vic,96
2020-02-24,vic,95.97
2020-02-25,vic,95.97
2020-02-26,vic,95.98
2020-02-27,vic,95.95
2020-02-28,vic,95.99
2020-02-29,vic,96.1
2020-03-01,vic,96.12
2020-03-02,vic,96.09
2020-03-03,vic,96.04
2020-03-04,vic,96.03
2020-03-05,vic,96
2020-03-06,vic,96.07
2020-03-07,vic,96.19
2020-03-08,vic,96.37
2020-03-09,vic,96.44
2020-03-10,vic,96.22
2020-03-11,vic,95.94
2020-03-12,vic,95.85
2020-03-13,vic,95.54
2020-03-14,vic,95.45
2020-03-15,vic,95.1
2020-03-16,vic,94.59
2020-03-17,vic,94.01
2020-03-18,vic,93.15
2020-03-19,vic,91.7
2020-03-20,vic,89.79
2020-03-21,vic,87.26
2020-03-22,vic,84.82
2020-03-23,vic,82.03
2020-03-24,vic,79.13
2020-03-25,vic,76.08
2020-03-26,vic,72.84
2020-03-27,vic,69.52
2020-03-28,vic,66.58
2020-03-29,vic,63.55
2020-03-30,vic,60.82
2020-03-31,vic,58.2
2020-04-01,vic,55.81
2020-04-02,vic,53.73
2020-04-03,vic,52.1
2020-04-04,vic,50.35
2020-04-05,vic,48.8
2020-04-06,vic,47.42
2020-04-07,vic,46.37
2020-04-08,vic,45.42
2020-04-09,vic,44.62
2020-04-10,vic,44.08
2020-04-11,vic,43.59
2020-04-12,vic,42.93
2020-04-13,vic,42.72
2020-04-14,vic,42.28
2020-04-15,vic,41.89
2020-04-16,vic,41.23
2020-04-17,vic,40.44
2020-04-18,vic,39.95
2020-04-19,vic,39.47
2020-04-20,vic,38.94
2020-04-21,vic,38.57
2020-04-22,vic,38.2
2020-04-23,vic,38.16
2020-04-24,vic,38.28
2020-04-25,vic,38.73
2020-04-26,vic,39.45
2020-04-27,vic,39.98
2020-04-28,vic,40.35
2020-04-29,vic,40.7
2020-04-30,vic,41
2020-05-01,vic,41.14
2020-05-02,vic,40.86
2020-05-03,vic,40.28
2020-05-04,vic,39.94
2020-05-05,vic,39.72
2020-05-06,vic,39.51
2020-05-07,vic,39.37
2020-05-08,vic,39.29
2020-05-09,vic,39.23
2020-05-10,vic,39.23
2020-05-11,vic,38.98
2020-05-12,vic,38.75
2020-05-13,vic,38.62
2020-05-14,vic,38.48
2020-05-15,vic,38.41
2020-05-16,vic,38.32
2020-05-17,vic,38.23
2020-05-18,vic,38.25
2020-05-19,vic,38.35
2020-05-20,vic,38.58
2020-05-21,vic,38.93
2020-05-22,vic,39.25
2020-05-23,vic,39.67
2020-05-24,vic,39.98
2020-05-25,vic,40.24
2020-05-26,vic,40.56
2020-05-27,vic,40.69
2020-05-28,vic,40.92
2020-05-29,vic,41.42
2020-05-30,vic,41.98
2020-05-31,vic,42.62
2020-06-01,vic,43.27
2020-06-02,vic,43.9
2020-06-03,vic,44.79
2020-06-04,vic,45.51
2020-06-05,vic,46.04
2020-06-06,vic,46.53
2020-06-07,vic,47.06
2020-06-08,vic,47.46
2020-06-09,vic,47.83
2020-06-10,vic,48.13
2020-06-11,vic,48.55
2020-06-12,vic,49.16
2020-06-13,vic,49.72
2020-06-14,vic,50.51
2020-06-15,vic,51.44
2020-06-16,vic,52.36
2020-06-17,vic,53.22
2020-06-18,vic,53.99
2020-06-19,vic,54.53
2020-06-20,vic,55.16
2020-06-21,vic,55.56
2020-06-22,vic,55.64
2020-06-23,vic,55.78
2020-06-24,vic,55.92
2020-06-25,vic,56.13
2020-06-26,vic,56.13
2020-06-27,vic,56.15
2020-06-28,vic,56.09
2020-06-29,vic,56.31
2020-06-30,vic,56.51
2020-07-01,vic,56.5
2020-07-02,vic,56.36
2020-07-03,vic,56.42
2020-07-04,vic,56.55
2020-07-05,vic,56.71
2020-07-06,vic,56.74
2020-07-07,vic,56.83
2020-07-08,vic,57.13
2020-07-09,vic,57.53
2020-07-10,vic,57.87
2020-07-11,vic,57.87
2020-07-12,vic,58.11
2020-07-13,vic,58.24
2020-07-14,vic,58.29
2020-07-15,vic,58.21
2020-07-16,vic,58.1
2020-07-17,vic,57.95
2020-07-18,vic,57.77
2020-07-19,vic,57.44
2020-07-20,vic,57.28
2020-07-21,vic,57.07
2020-07-22,vic,56.99
2020-07-23,vic,56.83
2020-07-24,vic,56.81
2020-07-25,vic,56.87
2020-07-26,vic,57
2020-07-27,vic,56.97
2020-07-28,vic,56.99
2020-07-29,vic,56.72
2020-07-30,vic,56.53
2020-07-31,vic,56.09
2020-08-01,vic,55.89
2020-08-02,vic,55.48
2020-08-03,vic,55.04
2020-08-04,vic,54.4
2020-08-05,vic,54.05
2020-08-06,vic,53.49
2020-08-07,vic,53.05
2020-08-08,vic,52.53
2020-08-09,vic,52.15
2020-08-10,vic,51.82
2020-08-11,vic,51.82
2020-08-12,vic,51.67
2020-08-13,vic,51.58
2020-08-14,vic,51.5
2020-08-15,vic,51.21
2020-08-16,vic,51.07
2020-08-17,vic,51.01
2020-08-18,vic,50.72
2020-08-19,vic,50.43
2020-08-20,vic,50.24
2020-08-21,vic,50.01
2020-08-22,vic,50.01
2020-08-23,vic,49.85
2020-08-24,vic,49.64
2020-08-25,vic,49.61
2020-08-26,vic,49.64
2020-08-27,vic,49.66
2020-08-28,vic,49.69
2020-08-29,vic,49.66
2020-08-30,vic,49.59
2020-08-31,vic,49.5
2020-09-01,vic,49.32
2020-09-02,vic,49.17
2020-09-03,vic,49
2020-09-04,vic,48.83
2020-09-05,vic,48.74
2020-09-06,vic,48.73
2020-09-07,vic,48.7
2020-09-08,vic,48.74
2020-09-09,vic,48.74
2020-09-10,vic,48.8
2020-09-11,vic,48.97
2020-09-12,vic,49
2020-09-13,vic,48.89
2020-09-14,vic,49.03
2020-09-15,vic,49.22
2020-09-16,vic,49.46
2020-09-17,vic,49.76
2020-09-18,vic,50
2020-09-19,vic,50.28
2020-09-20,vic,50.69
2020-09-21,vic,51
2020-09-22,vic,51.33
2020-09-23,vic,51.57
2020-09-24,vic,51.82
2020-09-25,vic,52.12
2020-09-26,vic,52.5
2020-09-27,vic,53.07
2020-09-28,vic,53.77
2020-09-29,vic,54.61
2020-09-30,vic,55.46
2020-10-01,vic,56.31
2020-10-02,vic,57.27
2020-10-03,vic,58.28
2020-10-04,vic,59.04
2020-10-05,vic,59.77
2020-10-06,vic,60.34
2020-10-07,vic,61.21
2020-10-08,vic,62.15
2020-10-09,vic,63.14
2020-10-10,vic,64.2
2020-10-11,vic,65.44
2020-10-12,vic,66.49
2020-10-13,vic,67.57
2020-10-14,vic,68.42
2020-10-15,vic,69.35
2020-10-16,vic,69.98
2020-10-17,vic,70.51
2020-10-18,vic,70.88
2020-10-19,vic,71.26
2020-10-20,vic,71.57
2020-10-21,vic,72.2
2020-10-22,vic,72.6
2020-10-23,vic,73.01
2020-10-24,vic,72.37
2020-10-25,vic,71.69
2020-10-26,vic,70.93
2020-10-27,vic,70.2
2020-10-28,vic,69.18
2020-10-29,vic,68.16
2020-10-30,vic,67.31
2020-10-31,vic,67.59
2020-11-01,vic,68.06
2020-11-02,vic,68.72
2020-11-03,vic,69.33
2020-11-04,vic,69.79
2020-11-05,vic,70.48
2020-11-06,vic,71.27
2020-11-07,vic,72.15
2020-11-08,vic,72.96
2020-11-09,vic,73.75
2020-11-10,vic,74.7
2020-11-11,vic,75.97
2020-11-12,vic,77.1
2020-11-13,vic,78.27
2020-11-14,vic,79.13
2020-11-15,vic,80.3
2020-11-16,vic,81.52
2020-11-17,vic,82.78
2020-11-18,vic,84.01
2020-11-19,vic,85.4
2020-11-20,vic,86.61
2020-11-21,vic,88.04
2020-11-22,vic,89.16
2020-11-23,vic,90.2
2020-11-24,vic,91.16
2020-11-25,vic,91.92
2020-11-26,vic,92.59
2020-11-27,vic,93.17
2020-11-28,vic,93.82
2020-11-29,vic,94.35
2020-11-30,vic,94.81
2020-12-01,vic,95.32
2020-12-02,vic,95.83
2020-12-03,vic,96.45
2020-12-04,vic,97.23
2020-12-05,vic,97.97
2020-12-06,vic,98.79
2020-12-07,vic,99.5
2020-12-08,vic,100.19
2020-12-09,vic,101.01
2020-12-10,vic,101.6
2020-12-11,vic,101.95
2020-12-12,vic,102.13
2020-12-13,vic,102.63
2020-12-14,vic,103.22
2020-12-15,vic,103.45
2020-12-16,vic,103.48
2020-12-17,vic,103.52
2020-12-18,vic,102.71
2020-12-19,vic,102.13
2020-12-20,vic,101.2
2020-12-21,vic,100.14
2020-12-22,vic,99.18
2020-12-23,vic,98.29
2020-12-24,vic,97.53
2020-12-25,vic,97.78
2020-12-26,vic,97.91
2020-12-27,vic,98.15
2020-12-28,vic,98.73
2020-12-29,vic,99.22
2020-12-30,vic,99.55
2020-12-31,vic,99.75
2021-01-01,vic,99.9
2021-01-02,vic,99.93
2021-01-03,vic,99.89
2021-01-04,vic,99.54
2021-01-05,vic,99.63
2021-01-06,vic,99.93
2021-01-07,vic,100.08
2021-01-08,vic,100.28
2021-01-09,vic,100.53
2021-01-10,vic,100.6
2021-01-11,vic,100.6
2021-01-12,vic,100.49
2021-01-13,vic,100.36
2021-01-14,vic,100.58
2021-01-15,vic,100.76
2021-01-16,vic,101.22
2021-01-17,vic,101.58
2021-01-18,vic,101.81
2021-01-19,vic,102.07
2021-01-20,vic,102.32
2021-01-21,vic,102.4
2021-01-22,vic,102.55
2021-01-23,vic,102.39
2021-01-24,vic,102.6
2021-01-25,vic,103.05
2021-01-26,vic,103.53
2021-01-27,vic,103.66
2021-01-28,vic,103.96
2021-01-29,vic,104.01
2021-01-30,vic,104.16
2021-01-31,vic,104.13
2021-02-01,vic,104.09
2021-02-02,vic,103.84
2021-02-03,vic,104
2021-02-04,vic,103.8
2021-02-05,vic,103.86
2021-02-06,vic,103.83
2021-02-07,vic,103.98
2021-02-08,vic,104.14
2021-02-09,vic,104.68
2021-02-10,vic,105.21
2021-02-11,vic,105.97
2021-02-12,vic,106.67
2021-02-13,vic,107.48
2021-02-14,vic,108.27
2021-02-15,vic,109.08
2021-02-16,vic,109.71
2021-02-17,vic,110.46
2021-02-18,vic,111.31
2021-02-19,vic,112.01
2021-02-20,vic,112.59
2021-02-21,vic,113.22
2021-02-22,vic,113.86
2021-02-23,vic,114.52
2021-02-24,vic,115.1
2021-02-25,vic,115.55
2021-02-26,vic,116.24
2021-02-27,vic,117.06
2021-02-28,vic,117.77
2021-03-01,vic,118.36
2021-03-02,vic,118.94
2021-03-03,vic,119.46
2021-03-04,vic,120.13
2021-03-05,vic,120.71
2021-03-06,vic,121.19
2021-03-07,vic,121.87
2021-03-08,vic,122.63
2021-03-09,vic,123.08
2021-03-10,vic,123.41
2021-03-11,vic,123.7
2021-03-12,vic,123.09
2021-03-13,vic,123.01
2021-03-14,vic,122.81
2021-03-15,vic,122.6
2021-03-16,vic,122.52
2021-03-17,vic,122.64
2021-03-18,vic,122.66
2021-03-19,vic,123.48
2021-03-20,vic,123.94
2021-03-21,vic,123.99
2021-03-22,vic,123.81
2021-03-23,vic,123.82
2021-03-24,vic,123.77
2021-03-25,vic,123.58
2021-03-26,vic,123.36
2021-03-27,vic,123.28
2021-03-28,vic,123.42
2021-03-29,vic,123.87
2021-03-30,vic,124.21
2021-03-31,vic,124.47
2021-04-01,vic,124.86
2021-04-02,vic,125.78
2021-04-03,vic,126.18
2021-04-04,vic,126.55
2021-04-05,vic,127.08
2021-04-06,vic,127.15
2021-04-07,vic,127.19
2021-04-08,vic,127.24
2021-04-09,vic,127.1
2021-04-10,vic,127.74
2021-04-11,vic,128.21
2021-04-12,vic,128.72
2021-04-13,vic,129.83
2021-04-14,vic,131.06
2021-04-15,vic,132.35
2021-04-16,vic,133.29
2021-04-17,vic,134
2021-04-18,vic,135.02
2021-04-19,vic,135.72
2021-04-20,vic,136.49
2021-04-21,vic,136.97
2021-04-22,vic,137.49
2021-04-23,vic,138.54
2021-04-24,vic,139.4
2021-04-25,vic,140.54
2021-04-26,vic,142
2021-04-27,vic,143.23
2021-04-28,vic,143.73
2021-04-29,vic,144.09
2021-04-30,vic,143.84
2021-05-01,vic,143.32
2021-05-02,vic,142.52
2021-05-03,vic,141.13
2021-05-04,vic,140.33
2021-05-05,vic,140.53
2021-05-06,vic,140.71
2021-05-07,vic,141.09
2021-05-08,vic,141.89
2021-05-09,vic,142.64
2021-05-10,vic,143.4
2021-05-11,vic,143.42
2021-05-12,vic,143.39
2021-05-13,vic,143.38
2021-05-14,vic,143.13
2021-05-15,vic,142.81
2021-05-16,vic,142.34
2021-05-17,vic,141.89
2021-05-18,vic,141.68
2021-05-19,vic,141.79
2021-05-20,vic,141.81
2021-05-21,vic,141.84
2021-05-22,vic,141.11
2021-05-23,vic,140.65
2021-05-24,vic,140.21
2021-05-25,vic,139.81
2021-05-26,vic,139.03
2021-05-27,vic,138.48
2021-05-28,vic,137.88
2021-05-29,vic,137.86
2021-05-30,vic,138.04
2021-05-31,vic,138.14
2021-06-01,vic,138.2
2021-06-02,vic,138.51
2021-06-03,vic,138.57
2021-06-04,vic,138.85
2021-06-05,vic,139.49
2021-06-06,vic,139.74
2021-06-07,vic,140.12
2021-06-08,vic,140.52
2021-06-09,vic,140.25
2021-06-10,vic,140.03
2021-06-11,vic,139.91
2021-06-12,vic,139.57
2021-06-13,vic,139.54
2021-06-14,vic,139.69
2021-06-15,vic,139.24
2021-06-16,vic,139.19
2021-06-17,vic,139.24
2021-06-18,vic,139.1
2021-06-19,vic,138.99
2021-06-20,vic,138.59
2021-06-21,vic,138.11
2021-06-22,vic,138.26
2021-06-23,vic,138.49
2021-06-24,vic,138.75
2021-06-25,vic,139.3
2021-06-26,vic,139.48
2021-06-27,vic,139.84
2021-06-28,vic,140.67
2021-06-29,vic,141.46
2021-06-30,vic,142.31
2021-07-01,vic,143.16
2021-07-02,vic,144.03
2021-07-03,vic,145.39
2021-07-04,vic,146.67
2021-07-05,vic,147.45
2021-07-06,vic,148.28
2021-07-07,vic,148.9
2021-07-08,vic,149.14
2021-07-09,vic,149.22
2021-07-10,vic,149.01
2021-07-11,vic,148.84
2021-07-12,vic,148.42
2021-07-13,vic,147.97
2021-07-14,vic,147.61
2021-07-15,vic,147.61
2021-07-16,vic,147.66
2021-07-17,vic,147.78
2021-07-18,vic,148.02
2021-07-19,vic,148.46
2021-07-20,vic,148.85
2021-07-21,vic,149.17
2021-07-22,vic,149.48
2021-07-23,vic,149.51
2021-07-24,vic,149.69
2021-07-25,vic,149.54
2021-07-26,vic,149.53
2021-07-27,vic,149.55
2021-07-28,vic,149.8
2021-07-29,vic,149.77
2021-07-30,vic,150.09
2021-07-31,vic,150.38
2021-08-01,vic,150.64
2021-08-02,vic,150.79
2021-08-03,vic,151.16
2021-08-04,vic,151.45
2021-08-05,vic,152.07
2021-08-06,vic,152.56
2021-08-07,vic,153.05
2021-08-08,vic,153.8
2021-08-09,vic,154.55
2021-08-10,vic,154.88
2021-08-11,vic,154.56
2021-08-12,vic,154.07
2021-08-13,vic,153.6
2021-08-14,vic,153.12
2021-08-15,vic,152.63
2021-08-16,vic,152.13
2021-08-17,vic,151.48
2021-08-18,vic,151.44
2021-08-19,vic,151.38
2021-08-20,vic,151.17
2021-08-21,vic,151.06
2021-08-22,vic,150.84
2021-08-23,vic,150.55
2021-08-24,vic,150.49
2021-08-25,vic,150.28
2021-08-26,vic,150.07
2021-08-27,vic,150.03
2021-08-28,vic,149.77
2021-08-29,vic,149.47
2021-08-30,vic,148.99
2021-08-31,vic,148.49
2021-09-01,vic,147.9
2021-09-02,vic,147.26
2021-09-03,vic,146.4
2021-09-04,vic,144.98
2021-09-05,vic,144.21
2021-09-06,vic,143.6
2021-09-07,vic,143.12
2021-09-08,vic,142.85
2021-09-09,vic,142.56
2021-09-10,vic,142.37
2021-09-11,vic,143.07
2021-09-12,vic,143.16
2021-09-13,vic,143.24
2021-09-14,vic,143.22
2021-09-15,vic,143.15
2021-09-16,vic,143.24
2021-09-17,vic,143.43
2021-09-18,vic,143.39
2021-09-19,vic,143.36
2021-09-20,vic,143.37
2021-09-21,vic,143.35
2021-09-22,vic,143.58
2021-09-23,vic,143.65
2021-09-24,vic,143.7
2021-09-25,vic,143.26
2021-09-26,vic,142.94
2021-09-27,vic,142.68
2021-09-28,vic,142.63
2021-09-29,vic,142.59
2021-09-30,vic,142.58
2021-10-01,vic,142.37
2021-10-02,vic,143.16
2021-10-03,vic,143.7
2021-10-04,vic,144.36
2021-10-05,vic,145.07
2021-10-06,vic,145.73
2021-10-07,vic,146.64
2021-10-08,vic,147.81
2021-10-09,vic,148.74
2021-10-10,vic,149.64
2021-10-11,vic,150.6
2021-10-12,vic,151.49
2021-10-13,vic,152.58
2021-10-14,vic,153.74
2021-10-15,vic,155.06
2021-10-16,vic,155.68
2021-10-17,vic,156.94
2021-10-18,vic,158
2021-10-19,vic,159.16
2021-10-20,vic,160.04
2021-10-21,vic,161.01
2021-10-22,vic,161.78
2021-10-23,vic,163.3
2021-10-24,vic,164.17
2021-10-25,vic,165.18
2021-10-26,vic,166.19
2021-10-27,vic,167.38
2021-10-28,vic,168.52
2021-10-29,vic,169.59
2021-10-30,vic,170.59
2021-10-31,vic,171.61
2021-11-01,vic,172.53
2021-11-02,vic,173.18
2021-11-03,vic,173.13
2021-11-04,vic,173.01
2021-11-05,vic,173.12
2021-11-06,vic,173.51
2021-11-07,vic,173.91
2021-11-08,vic,174.43
2021-11-09,vic,175.39
2021-11-10,vic,176.64
2021-11-11,vic,178.16
2021-11-12,vic,179.49
2021-11-13,vic,180.22
2021-11-14,vic,181.48
2021-11-15,vic,182.5
2021-11-16,vic,183.68
2021-11-17,vic,185.53
2021-11-18,vic,186.89
2021-11-19,vic,188.43
2021-11-20,vic,189.68
2021-11-21,vic,190.87
2021-11-22,vic,191.9
2021-11-23,vic,192.51
2021-11-24,vic,192.42
2021-11-25,vic,192.38
2021-11-26,vic,192.12
2021-11-27,vic,192.22
2021-11-28,vic,192.11
2021-11-29,vic,192.14
2021-11-30,vic,192.07
2021-12-01,vic,192.2
2021-12-02,vic,192.16
2021-12-03,vic,192.33
2021-12-04,vic,192.6
2021-12-05,vic,192.63
2021-12-06,vic,192.68
2021-12-07,vic,192.71
2021-12-08,vic,192.5
2021-12-09,vic,192.46
2021-12-10,vic,191.99
2021-12-11,vic,190.91
2021-12-12,vic,190.53
2021-12-13,vic,190.05
2021-12-14,vic,189.58
2021-12-15,vic,188.87
2021-12-16,vic,188.13
2021-12-17,vic,187.32
2021-12-18,vic,187.33
2021-12-19,vic,186.86
2021-12-20,vic,186.73
2021-12-21,vic,186.17
2021-12-22,vic,185.81
2021-12-23,vic,185.52
2021-12-24,vic,185.51
2021-12-25,vic,185.23
2021-12-26,vic,185.17
2021-12-27,vic,185.33
2021-12-28,vic,185.48
2021-12-29,vic,185.57
2021-12-30,vic,185.33
2021-12-31,vic,185
2022-01-01,vic,184.49
2022-01-02,vic,183.61
2022-01-03,vic,182.78
2022-01-04,vic,181.91
2022-01-05,vic,181.45
2022-01-06,vic,181.01
2022-01-07,vic,180.75
2022-01-08,vic,180.4
2022-01-09,vic,179.97
2022-01-10,vic,179.05
2022-01-11,vic,178.83
2022-01-12,vic,178.76
2022-01-13,vic,179.12
2022-01-14,vic,179.33
2022-01-15,vic,179.92
2022-01-16,vic,180.57
2022-01-17,vic,181.32
2022-01-18,vic,181.86
2022-01-19,vic,182.32
2022-01-20,vic,182.74
2022-01-21,vic,183.36
2022-01-22,vic,183.76
2022-01-23,vic,184.22
2022-01-24,vic,184.63
2022-01-25,vic,185.03
2022-01-26,vic,185.6
2022-01-27,vic,186.26
2022-01-28,vic,187.09
2022-01-29,vic,187.84
2022-01-30,vic,188.73
2022-01-31,vic,189.52
2022-02-01,vic,190.35
2022-02-02,vic,190.96
2022-02-03,vic,191.52
2022-02-04,vic,191.91
2022-02-05,vic,193.76
2022-02-06,vic,195.56
2022-02-07,vic,197.6
2022-02-08,vic,199.71
2022-02-09,vic,201.95
2022-02-10,vic,204.08
2022-02-11,vic,206.11
2022-02-12,vic,206.64
2022-02-13,vic,206.99
2022-02-14,vic,206.82
2022-02-15,vic,206.76
2022-02-16,vic,206.66
2022-02-17,vic,206.8
2022-02-18,vic,206.95
2022-02-19,vic,206.81
2022-02-20,vic,206.96
2022-02-21,vic,207.46
2022-02-22,vic,207.68
2022-02-23,vic,207.84
2022-02-24,vic,208
2022-02-25,vic,208.28
2022-02-26,vic,208.89
2022-02-27,vic,209.4
2022-02-28,vic,209.64
2022-03-01,vic,209.89
2022-03-02,vic,210.27
2022-03-03,vic,210.47
2022-03-04,vic,210.63
2022-03-05,vic,210.61
2022-03-06,vic,210.88
2022-03-07,vic,211.57
2022-03-08,vic,212.37
2022-03-09,vic,211.63
2022-03-10,vic,210.42
2022-03-11,vic,209.28
2022-03-12,vic,208.87
2022-03-13,vic,207.93
2022-03-14,vic,206.79
2022-03-15,vic,205.13
2022-03-16,vic,204.81
2022-03-17,vic,204.89
2022-03-18,vic,204.76
2022-03-19,vic,204.33
2022-03-20,vic,203.87
2022-03-21,vic,203.53
2022-03-22,vic,203.83
2022-03-23,vic,204.05
2022-03-24,vic,204.5
2022-03-25,vic,205
2022-03-26,vic,205.9
2022-03-27,vic,206.8
2022-03-28,vic,207.69
2022-03-29,vic,208.52
2022-03-30,vic,209.46
2022-03-31,vic,210.16
2022-04-01,vic,210.62
2022-04-02,vic,210.96
2022-04-03,vic,211.39
2022-04-04,vic,211.44
2022-04-05,vic,211.68
2022-04-06,vic,211.93
2022-04-07,vic,211.38
2022-04-08,vic,211.13
2022-04-09,vic,210.14
2022-04-10,vic,209.12
2022-04-11,vic,208.32
2022-04-12,vic,207.1
2022-04-13,vic,205.85
2022-04-14,vic,205.18
2022-04-15,vic,205.31
2022-04-16,vic,205.38
2022-04-17,vic,205.39
2022-04-18,vic,205.82
2022-04-19,vic,205.62
2022-04-20,vic,205.46
2022-04-21,vic,205.23
2022-04-22,vic,204.11
2022-04-23,vic,203.98
2022-04-24,vic,203.87
2022-04-25,vic,203.89
2022-04-26,vic,203.66
2022-04-27,vic,203.2
2022-04-28,vic,203.43
2022-04-29,vic,203.6
2022-04-30,vic,203.65
2022-05-01,vic,203.5
2022-05-02,vic,202.76
2022-05-03,vic,203.21
2022-05-04,vic,203.95
2022-05-05,vic,204.02
2022-05-06,vic,204.1
2022-05-07,vic,204.08
2022-05-08,vic,204.58
2022-05-09,vic,205.05
2022-05-10,vic,205.51
2022-05-11,vic,205.92
2022-05-12,vic,206.56
2022-05-13,vic,206.98
2022-05-14,vic,207.67
2022-05-15,vic,208.14
2022-05-16,vic,208.74
2022-05-17,vic,209.33
2022-05-18,vic,210.15
2022-05-19,vic,210.92
2022-05-20,vic,212.23
2022-05-21,vic,212.85
2022-05-22,vic,213.48
2022-05-23,vic,214.39
2022-05-24,vic,215
2022-05-25,vic,215.47
2022-05-26,vic,216.13
2022-05-27,vic,216.2
2022-05-28,vic,216.91
2022-05-29,vic,217.54
2022-05-30,vic,217.81
2022-05-31,vic,218.69
2022-06-01,vic,219.3
2022-06-02,vic,220
2022-06-03,vic,220.99
2022-06-04,vic,221.89
2022-06-05,vic,222.69
2022-06-06,vic,223.52
2022-06-07,vic,223.99
2022-06-08,vic,224.26
2022-06-09,vic,224.66
2022-06-10,vic,225.15
2022-06-11,vic,224.84
2022-06-12,vic,224.71
2022-06-13,vic,225.24
2022-06-14,vic,224.76
2022-06-15,vic,224.73
2022-06-16,vic,224.43
2022-06-17,vic,224.08
2022-06-18,vic,224.47
2022-06-19,vic,224.79
2022-06-20,vic,224.33
2022-06-21,vic,224.64
2022-06-22,vic,224.8
2022-06-23,vic,224.99
2022-06-24,vic,225.01
2022-06-25,vic,224.85
2022-06-26,vic,224.62
2022-06-27,vic,224.51
2022-06-28,vic,224.63
2022-06-29,vic,224.91
2022-06-30,vic,224.85
2022-07-01,vic,224.37
2022-07-02,vic,224.2
2022-07-03,vic,223.87
2022-07-04,vic,223.8
2022-07-05,vic,223.36
2022-07-06,vic,222.56
2022-07-07,vic,221.56
2022-07-08,vic,221.34
2022-07-09,vic,221.06
2022-07-10,vic,220.7
2022-07-11,vic,220.29
2022-07-12,vic,220.15
2022-07-13,vic,220.19
2022-07-14,vic,220.83
2022-07-15,vic,221.46
2022-07-16,vic,222.07
2022-07-17,vic,222.99
2022-07-18,vic,223.59
2022-07-19,vic,224.09
2022-07-20,vic,224.55
2022-07-21,vic,224.77
2022-07-22,vic,224.7
2022-07-23,vic,223.93
2022-07-24,vic,223.93
2022-07-25,vic,223.69
2022-07-26,vic,223.58
2022-07-27,vic,223.31
2022-07-28,vic,222.88
2022-07-29,vic,222.14
2022-07-30,vic,222.29
2022-07-31,vic,221.64
2022-08-01,vic,221.41
2022-08-02,vic,221.07
2022-08-03,vic,220.99
2022-08-04,vic,220.71
2022-08-05,vic,221.28
2022-08-06,vic,221.51
2022-08-07,vic,221.81
2022-08-08,vic,221.99
2022-08-09,vic,222.33
2022-08-10,vic,222.79
2022-08-11,vic,223.91
2022-08-12,vic,224.57
2022-08-13,vic,224.75
2022-08-14,vic,225.41
2022-08-15,vic,225.54
2022-08-16,vic,225.79
2022-08-17,vic,225.79
2022-08-18,vic,225.69
2022-08-19,vic,225.38
2022-08-20,vic,225.74
2022-08-21,vic,225.7
2022-08-22,vic,226.09
2022-08-23,vic,226.37
2022-08-24,vic,226.75
2022-08-25,vic,227.04
2022-08-26,vic,227.7
2022-08-27,vic,228.37
2022-08-28,vic,228.64
2022-08-29,vic,229
2022-08-30,vic,228.96
2022-08-31,vic,228.83
2022-09-01,vic,228.66
2022-09-02,vic,228.26
2022-09-03,vic,228.05
2022-09-04,vic,227.66
2022-09-05,vic,227.23
2022-09-06,vic,227.03
2022-09-07,vic,226.86
2022-09-08,vic,226.88
2022-09-09,vic,226.43
2022-09-10,vic,225.84
2022-09-11,vic,225.58
2022-09-12,vic,225.27
2022-09-13,vic,225.21
2022-09-14,vic,225.27
2022-09-15,vic,225.11
2022-09-16,vic,225.45
2022-09-17,vic,225.63
2022-09-18,vic,225.83
2022-09-19,vic,225.88
2022-09-20,vic,225.51
2022-09-21,vic,225.19
2022-09-22,vic,225.36
2022-09-23,vic,225.03
2022-09-24,vic,223.99
2022-09-25,vic,223.02
2022-09-26,vic,222.23
2022-09-27,vic,221.89
2022-09-28,vic,221.44
2022-09-29,vic,220.73
2022-09-30,vic,220.54
2022-10-01,vic,220.52
2022-10-02,vic,221.19
2022-10-03,vic,222.01
2022-10-04,vic,222.29
2022-10-05,vic,222.71
2022-10-06,vic,222.76
2022-10-07,vic,223
2022-10-08,vic,223.86
2022-10-09,vic,224.14
2022-10-10,vic,224.36
2022-10-11,vic,225.07
2022-10-12,vic,225.61
2022-10-13,vic,226.17
2022-10-14,vic,226.42
2022-10-15,vic,226.74
2022-10-16,vic,227.09
2022-10-17,vic,227.04
2022-10-18,vic,227.01
2022-10-19,vic,226.9
2022-10-20,vic,227.07
2022-10-21,vic,227.47
2022-10-22,vic,226.74
2022-10-23,vic,227.06
2022-10-24,vic,227.65
2022-10-25,vic,227.88
2022-10-26,vic,228.37
2022-10-27,vic,228.88
2022-10-28,vic,229.25
2022-10-29,vic,230.44
2022-10-30,vic,230.69
2022-10-31,vic,231.07
2022-11-01,vic,231.3
2022-11-02,vic,231.07
2022-11-03,vic,230.56
2022-11-04,vic,230.02
2022-11-05,vic,229.71
2022-11-06,vic,229.26
2022-11-07,vic,228.79
2022-11-08,vic,228.63
2022-11-09,vic,228.89
2022-11-10,vic,229.03
2022-11-11,vic,229.22
2022-11-12,vic,229.1
2022-11-13,vic,229.09
2022-11-14,vic,229.13
2022-11-15,vic,229.28
2022-11-16,vic,229.11
2022-11-17,vic,229.32
2022-11-18,vic,229.62
2022-11-19,vic,229.67
2022-11-20,vic,229.91
2022-11-21,vic,229.82
2022-11-22,vic,229.5
2022-11-23,vic,229.43
2022-11-24,vic,228.95
2022-11-25,vic,228.54
2022-11-26,vic,228.28
2022-11-27,vic,227.87
2022-11-28,vic,227.87
2022-11-29,vic,227.83
2022-11-30,vic,227.79
2022-12-01,vic,227.72
2022-12-02,vic,227.35
2022-12-03,vic,226.89
2022-12-04,vic,226.65
2022-12-05,vic,226.3
2022-12-06,vic,225.84
2022-12-07,vic,225.21
2022-12-08,vic,224.74
2022-12-09,vic,224.49
2022-12-10,vic,224.29
2022-12-11,vic,224.01
2022-12-12,vic,223.85
2022-12-13,vic,223.86
2022-12-14,vic,223.49
2022-12-15,vic,222.49
2022-12-16,vic,221.05
2022-12-17,vic,219.7
2022-12-18,vic,218.68
2022-12-19,vic,217.7
2022-12-20,vic,216.3
2022-12-21,vic,215.23
2022-12-22,vic,214.6
2022-12-23,vic,214.35
2022-12-24,vic,214.25
2022-12-25,vic,213.91
2022-12-26,vic,214.09
2022-12-27,vic,214.47
2022-12-28,vic,214.51
2022-12-29,vic,214.65
2022-12-30,vic,214.71
2022-12-31,vic,214.58
2023-01-01,vic,214.17
2023-01-02,vic,213.6
2023-01-03,vic,213.07
2023-01-04,vic,212.76
2023-01-05,vic,212.7
2023-01-06,vic,212.72
2023-01-07,vic,212.57
2023-01-08,vic,212.24
2023-01-09,vic,211.36
2023-01-10,vic,210.96
2023-01-11,vic,211.19
2023-01-12,vic,211.27
2023-01-13,vic,211.62
2023-01-14,vic,211.83
2023-01-15,vic,212.28
2023-01-16,vic,212.78
2023-01-17,vic,213.33
2023-01-18,vic,213.28
2023-01-19,vic,213.34
2023-01-20,vic,213.15
2023-01-21,vic,213.31
2023-01-22,vic,213.35
2023-01-23,vic,212.91
2023-01-24,vic,212.63
2023-01-25,vic,212.61
2023-01-26,vic,213.4
2023-01-27,vic,213.75
2023-01-28,vic,214.17
2023-01-29,vic,214.45
2023-01-30,vic,215.07
2023-01-31,vic,215.05
2023-02-01,vic,215.02
2023-02-02,vic,214.19
2023-02-03,vic,213.73
2023-02-04,vic,213.13
2023-02-05,vic,212.63
2023-02-06,vic,212.28
2023-02-07,vic,212.2
2023-02-08,vic,211.66
2023-02-09,vic,211.51
2023-02-10,vic,211.46
2023-02-11,vic,211.39
2023-02-12,vic,211
2023-02-13,vic,210.62
2023-02-14,vic,210.22
2023-02-15,vic,209.98
2023-02-16,vic,209.32
2023-02-17,vic,208.61
2023-02-18,vic,207.37
2023-02-19,vic,207.01
2023-02-20,vic,206.56
2023-02-21,vic,206.1
2023-02-22,vic,205.68
2023-02-23,vic,205.5
2023-02-24,vic,205
2023-02-25,vic,205.01
2023-02-26,vic,204.43
2023-02-27,vic,203.72
2023-02-28,vic,203.14
2023-03-01,vic,202.54
2023-03-02,vic,201.59
2023-03-03,vic,200.45
2023-03-04,vic,199.33
2023-03-05,vic,198.62
2023-03-06,vic,198.01
2023-03-07,vic,197.41
2023-03-08,vic,196.92
2023-03-09,vic,196.62
2023-03-10,vic,197.58
2023-03-11,vic,198.69
2023-03-12,vic,199.6
2023-03-13,vic,200.65
2023-03-14,vic,201.31
2023-03-15,vic,201.88
2023-03-16,vic,202.45
2023-03-17,vic,202.38
2023-03-18,vic,202.28
2023-03-19,vic,201.84
2023-03-20,vic,201.19
2023-03-21,vic,200.79
2023-03-22,vic,200.56
2023-03-23,vic,200.41
2023-03-24,vic,199.94
2023-03-25,vic,199.3
2023-03-26,vic,198.9
2023-03-27,vic,198.59
2023-03-28,vic,198.2
2023-03-29,vic,197.71
2023-03-30,vic,197.15
2023-03-31,vic,196.72
2023-04-01,vic,196.51
2023-04-02,vic,196.13
2023-04-03,vic,195.95
2023-04-04,vic,195.87
2023-04-05,vic,195.71
2023-04-06,vic,195.33
2023-04-07,vic,195.84
2023-04-08,vic,195.67
2023-04-09,vic,195.68
2023-04-10,vic,195.9
2023-04-11,vic,195.44
2023-04-12,vic,195.06
2023-04-13,vic,194.69
2023-04-14,vic,193.52
2023-04-15,vic,192.53
2023-04-16,vic,191.97
2023-04-17,vic,191.03
2023-04-18,vic,190.77
2023-04-19,vic,190.73
2023-04-20,vic,190.79
2023-04-21,vic,190.97
2023-04-22,vic,191.69
2023-04-23,vic,191.84
2023-04-24,vic,192.09
2023-04-25,vic,192.51
2023-04-26,vic,192.27
2023-04-27,vic,192.07
2023-04-28,vic,191.65
2023-04-29,vic,191.11
2023-04-30,vic,190.55
2023-05-01,vic,189.8
2023-05-02,vic,189.1
2023-05-03,vic,188.84
2023-05-04,vic,188.12
2023-05-05,vic,187.81
2023-05-06,vic,187.47
2023-05-07,vic,187.25
2023-05-08,vic,187
2023-05-09,vic,186.79
2023-05-10,vic,186.52
2023-05-11,vic,186.76
2023-05-12,vic,186.66
2023-05-13,vic,186.66
2023-05-14,vic,186.59
2023-05-15,vic,186.45
2023-05-16,vic,185.8
2023-05-17,vic,185.46
2023-05-18,vic,185.23
2023-05-19,vic,184.9
2023-05-20,vic,184.17
2023-05-21,vic,183.76
2023-05-22,vic,183.5
2023-05-23,vic,183.49
2023-05-24,vic,183.36
2023-05-25,vic,183.13
2023-05-26,vic,183.01
2023-05-27,vic,183.28
2023-05-28,vic,183.25
2023-05-29,vic,183.31
2023-05-30,vic,183.37
2023-05-31,vic,183.14
2023-06-01,vic,182.94
2023-06-02,vic,182.77
2023-06-03,vic,182.63
2023-06-04,vic,182.38
2023-06-05,vic,182.09
2023-06-06,vic,181.89
2023-06-07,vic,181.67
2023-06-08,vic,181.75
2023-06-09,vic,181.9
2023-06-10,vic,182.2
2023-06-11,vic,182.71
2023-06-12,vic,183.31
2023-06-13,vic,183.29
2023-06-14,vic,183.42
2023-06-15,vic,183.48
2023-06-16,vic,183.12
2023-06-17,vic,182.78
2023-06-18,vic,182.42
2023-06-19,vic,181.96
2023-06-20,vic,182.15
2023-06-21,vic,182.3
2023-06-22,vic,182.25
2023-06-23,vic,182.03
2023-06-24,vic,181.74
2023-06-25,vic,181.45
2023-06-26,vic,181.1
2023-06-27,vic,180.73
2023-06-28,vic,180.31
2023-06-29,vic,179.77
2023-06-30,vic,179.74
2023-07-01,vic,179.14
2023-07-02,vic,178.48
2023-07-03,vic,177.89
2023-07-04,vic,177.11
2023-07-05,vic,176.75
2023-07-06,vic,176.27
2023-07-07,vic,175.66
2023-07-08,vic,175.65
2023-07-09,vic,175.72
2023-07-10,vic,175.71
2023-07-11,vic,175.86
2023-07-12,vic,175.76
2023-07-13,vic,175.86
2023-07-14,vic,175.91
2023-07-15,vic,175.91
2023-07-16,vic,175.77
2023-07-17,vic,175.78
2023-07-18,vic,175.6
2023-07-19,vic,175.6
2023-07-20,vic,175.66
2023-07-21,vic,175.62
2023-07-22,vic,174.91
2023-07-23,vic,174.88
2023-07-24,vic,174.93
2023-07-25,vic,175.34
2023-07-26,vic,175.57
2023-07-27,vic,175.69
2023-07-28,vic,176.19
2023-07-29,vic,177.11
2023-07-30,vic,177.48
2023-07-31,vic,177.58
2023-08-01,vic,177.59
2023-08-02,vic,177.52
2023-08-03,vic,177.24
2023-08-04,vic,176.92
2023-08-05,vic,176.9
2023-08-06,vic,176.84
2023-08-07,vic,176.91
2023-08-08,vic,176.6
2023-08-09,vic,176.25
2023-08-10,vic,176.11
2023-08-11,vic,175.84
2023-08-12,vic,175.22
2023-08-13,vic,174.87
2023-08-14,vic,174.54
2023-08-15,vic,174.38
2023-08-16,vic,174.44
2023-08-17,vic,174.56
2023-08-18,vic,174.45
2023-08-19,vic,174.63
2023-08-20,vic,174.63
2023-08-21,vic,174.56
2023-08-22,vic,174.67
2023-08-23,vic,174.62
2023-08-24,vic,174.58
2023-08-25,vic,174.68
2023-08-26,vic,174.72
2023-08-27,vic,174.63
2023-08-28,vic,174.53
2023-08-29,vic,174.34
2023-08-30,vic,174.21
2023-08-31,vic,173.99
2023-09-01,vic,173.72
2023-09-02,vic,173.43
2023-09-03,vic,173.15
2023-09-04,vic,172.8
2023-09-05,vic,172.66
2023-09-06,vic,172.4
2023-09-07,vic,172.16
2023-09-08,vic,171.92
2023-09-09,vic,171.59
2023-09-10,vic,171.32
2023-09-11,vic,171.23
2023-09-12,vic,170.84
2023-09-13,vic,170.48
2023-09-14,vic,170.29
2023-09-15,vic,170.16
2023-09-16,vic,170.01
2023-09-17,vic,169.79
2023-09-18,vic,169.51
2023-09-19,vic,169.47
2023-09-20,vic,169.31
2023-09-21,vic,169.14
2023-09-22,vic,168.93
2023-09-23,vic,168.98
2023-09-24,vic,168.98
2023-09-25,vic,168.86
2023-09-26,vic,168.62
2023-09-27,vic,168.68
2023-09-28,vic,168.62
2023-09-29,vic,168.87
2023-09-30,vic,168.27
2023-10-01,vic,167.53
2023-10-02,vic,167.22
2023-10-03,vic,166.86
2023-10-04,vic,166.5
2023-10-05,vic,165.87
2023-10-06,vic,165.31
2023-10-07,vic,165.38
2023-10-08,vic,165.64
2023-10-09,vic,165.75
2023-10-10,vic,165.96
2023-10-11,vic,166.08
2023-10-12,vic,166.45
2023-10-13,vic,166.5
2023-10-14,vic,166.61
2023-10-15,vic,166.79
2023-10-16,vic,166.79
2023-10-17,vic,166.66
2023-10-18,vic,166.56
2023-10-19,vic,166.3
2023-10-20,vic,165.93
2023-10-21,vic,165.16
2023-10-22,vic,164.46
2023-10-23,vic,163.66
2023-10-24,vic,163.16
2023-10-25,vic,162.42
2023-10-26,vic,161.74
2023-10-27,vic,161.2
2023-10-28,vic,160.86
2023-10-29,vic,160.44
2023-10-30,vic,160.29
2023-10-31,vic,159.95
2023-11-01,vic,159.68
2023-11-02,vic,159.49
2023-11-03,vic,159.5
2023-11-04,vic,159.72
2023-11-05,vic,159.93
2023-11-06,vic,160.22
2023-11-07,vic,160.37
2023-11-08,vic,160.43
2023-11-09,vic,160.45
2023-11-10,vic,160.19
2023-11-11,vic,159.86
2023-11-12,vic,159.47
2023-11-13,vic,158.92
2023-11-14,vic,158.52
2023-11-15,vic,158.44
2023-11-16,vic,158.25
2023-11-17,vic,158.43
2023-11-18,vic,158.46
2023-11-19,vic,158.65
2023-11-20,vic,158.84
2023-11-21,vic,159.01
2023-11-22,vic,159.13
2023-11-23,vic,159.4
2023-11-24,vic,159.17
2023-11-25,vic,159.14
2023-11-26,vic,158.98
2023-11-27,vic,158.79
2023-11-28,vic,158.57
2023-11-29,vic,158.34
2023-11-30,vic,157.93
2023-12-01,vic,157.55
2023-12-02,vic,157
2023-12-03,vic,156.49
2023-12-04,vic,156.1
2023-12-05,vic,155.76
2023-12-06,vic,155.3
2023-12-07,vic,154.93
2023-12-08,vic,154.88
2023-12-09,vic,154.73
2023-12-10,vic,154.66
2023-12-11,vic,154.54
2023-12-12,vic,154.65
2023-12-13,vic,154.51
2023-12-14,vic,154.52
2023-12-15,vic,153.98
2023-12-16,vic,153.55
2023-12-17,vic,153.01
2023-12-18,vic,152.9
2023-12-19,vic,152.49
2023-12-20,vic,152.19
2023-12-21,vic,151.73
2023-12-22,vic,151.58
2023-12-23,vic,151.42
2023-12-24,vic,151.58
2023-12-25,vic,151.9
2023-12-26,vic,152
2023-12-27,vic,152.03
2023-12-28,vic,152.13
2023-12-29,vic,152.23
2023-12-30,vic,152.33
2023-12-31,vic,152.25
2024-01-01,vic,152.02
2024-01-02,vic,151.74
2024-01-03,vic,151.84
2024-01-04,vic,151.82
2024-01-05,vic,152.01
2024-01-06,vic,152.21
2024-01-07,vic,151.99
2024-01-08,vic,151.48
2024-01-09,vic,151.46
2024-01-10,vic,151.31
2024-01-11,vic,151.46
2024-01-12,vic,151.48
2024-01-13,vic,151.08
2024-01-14,vic,151.03
2024-01-15,vic,151.04
2024-01-16,vic,150.99
2024-01-17,vic,151.11
2024-01-18,vic,151
2024-01-19,vic,150.87
2024-01-20,vic,151.27
2024-01-21,vic,151.53
2024-01-22,vic,151.52
2024-01-23,vic,151.31
2024-01-24,vic,151.05
2024-01-25,vic,150.86
2024-01-26,vic,151.18
2024-01-27,vic,151.23
2024-01-28,vic,151.36
2024-01-29,vic,151.55
2024-01-30,vic,151.61
2024-01-31,vic,151.55
2024-02-01,vic,151.49
2024-02-02,vic,150.98
2024-02-03,vic,150.84
2024-02-04,vic,150.58
2024-02-05,vic,150.36
2024-02-06,vic,150.3
2024-02-07,vic,150.4
2024-02-08,vic,150.58
2024-02-09,vic,150.71
2024-02-10,vic,150.64
2024-02-11,vic,150.59
2024-02-12,vic,150.47
2024-02-13,vic,150.48
2024-02-14,vic,150.48
2024-02-15,vic,150.57
2024-02-16,vic,150.51
2024-02-17,vic,149.96
2024-02-18,vic,150.19
2024-02-19,vic,150.36
2024-02-20,vic,150.51
2024-02-21,vic,150.54
2024-02-22,vic,150.57
2024-02-23,vic,150.61
2024-02-24,vic,151.35
2024-02-25,vic,151.33
2024-02-26,vic,151.41
2024-02-27,vic,151.42
2024-02-28,vic,151.57
2024-02-29,vic,151.53
2024-03-01,vic,151.74
2024-03-02,vic,151.85
2024-03-03,vic,152.12
2024-03-04,vic,152.46
2024-03-05,vic,152.66
2024-03-06,vic,152.66
2024-03-07,vic,152.73
2024-03-08,vic,152.71
2024-03-09,vic,152.71
2024-03-10,vic,152.46
2024-03-11,vic,152.23
2024-03-12,vic,151.97
2024-03-13,vic,151.74
2024-03-14,vic,151.42
2024-03-15,vic,151.12
2024-03-16,vic,150.79
2024-03-17,vic,150.69
2024-03-18,vic,150.49
2024-03-19,vic,150.49
2024-03-20,vic,150.5
2024-03-21,vic,150.52
2024-03-22,vic,150.4
2024-03-23,vic,150.26
2024-03-24,vic,150.1
2024-03-25,vic,150
2024-03-26,vic,149.87
2024-03-27,vic,149.89
2024-03-28,vic,149.82
2024-03-29,vic,150.45
2024-03-30,vic,150.44
2024-03-31,vic,150.34
2024-04-01,vic,150.5
2024-04-02,vic,150.33
2024-04-03,vic,149.83
2024-04-04,vic,149.63
2024-04-05,vic,148.67
2024-04-06,vic,148.48
2024-04-07,vic,148.49
2024-04-08,vic,148.04
2024-04-09,vic,148.13
2024-04-10,vic,148.36
2024-04-11,vic,148.54
2024-04-12,vic,148.92
2024-04-13,vic,149.15
2024-04-14,vic,149.44
2024-04-15,vic,149.87
2024-04-16,vic,149.87
2024-04-17,vic,150.1
2024-04-18,vic,150.29
2024-04-19,vic,150.57
2024-04-20,vic,150.57
2024-04-21,vic,150.66
2024-04-22,vic,150.73
2024-04-23,vic,151.13
2024-04-24,vic,151.29
2024-04-25,vic,151.99
2024-04-26,vic,152.34
2024-04-27,vic,152.98
2024-04-28,vic,153.2
2024-04-29,vic,153.45
2024-04-30,vic,153.57
2024-05-01,vic,153.73
2024-05-02,vic,153.18
2024-05-03,vic,152.76
2024-05-04,vic,152.6
2024-05-05,vic,152.41
2024-05-06,vic,152.09
2024-05-07,vic,151.7
2024-05-08,vic,151.3
2024-05-09,vic,150.82
2024-05-10,vic,150.4
2024-05-11,vic,149.64
2024-05-12,vic,148.95
2024-05-13,vic,148.26
2024-05-14,vic,147.6
2024-05-15,vic,147.05
2024-05-16,vic,146.58
2024-05-17,vic,146.1
2024-05-18,vic,145.36
2024-05-19,vic,144.46
2024-05-20,vic,143.64
2024-05-21,vic,142.68
2024-05-22,vic,142.41
2024-05-23,vic,142.23
2024-05-24,vic,141.86
2024-05-25,vic,142.13
2024-05-26,vic,142.62
2024-05-27,vic,142.89
2024-05-28,vic,143.51
2024-05-29,vic,143.44
2024-05-30,vic,143.29
2024-05-31,vic,143.48
2024-06-01,vic,143.53
2024-06-02,vic,143.44
2024-06-03,vic,143.63
2024-06-04,vic,143.63
2024-06-05,vic,143.54
2024-06-06,vic,143.36
2024-06-07,vic,143.17
2024-06-08,vic,143.05
2024-06-09,vic,143.21
2024-06-10,vic,143.48
2024-06-11,vic,143.23
2024-06-12,vic,143.16
2024-06-13,vic,143.22
2024-06-14,vic,143.28
2024-06-15,vic,142.96
2024-06-16,vic,142.76
2024-06-17,vic,142.27
2024-06-18,vic,142.32
2024-06-19,vic,142.11
2024-06-20,vic,142.04
2024-06-21,vic,141.89
2024-06-22,vic,141.9
2024-06-23,vic,141.68
2024-06-24,vic,141.64
2024-06-25,vic,141.62
2024-06-26,vic,141.61
2024-06-27,vic,141.38
2024-06-28,vic,141.16
2024-06-29,vic,140.93
2024-06-30,vic,140.77
2024-07-01,vic,140.28
2024-07-02,vic,139.92
2024-07-03,vic,139.58
2024-07-04,vic,139.33
2024-07-05,vic,139.02
2024-07-06,vic,138.71
2024-07-07,vic,138.21
2024-07-08,vic,138.2
2024-07-09,vic,138.17
2024-07-10,vic,138.1
2024-07-11,vic,138.09
2024-07-12,vic,138.15
2024-07-13,vic,138.19
2024-07-14,vic,138.39
2024-07-15,vic,138.39
2024-07-16,vic,138.26
2024-07-17,vic,138.27
2024-07-18,vic,138.22
2024-07-19,vic,138.1
2024-07-20,vic,137.66
2024-07-21,vic,137.76
2024-07-22,vic,137.88
2024-07-23,vic,137.99
2024-07-24,vic,138.11
2024-07-25,vic,138.2
2024-07-26,vic,138.4
2024-07-27,vic,138.95
2024-07-28,vic,138.91
2024-07-29,vic,138.72
2024-07-30,vic,138.73
2024-07-31,vic,138.52
2024-08-01,vic,138.28
2024-08-02,vic,138
2024-08-03,vic,137.57
2024-08-04,vic,136.99
2024-08-05,vic,136.68
2024-08-06,vic,136.27
2024-08-07,vic,136.06
2024-08-08,vic,135.97
2024-08-09,vic,135.84
2024-08-10,vic,135.78
2024-08-11,vic,136.09
2024-08-12,vic,136.4
2024-08-13,vic,136.6
2024-08-14,vic,136.7
2024-08-15,vic,136.74
2024-08-16,vic,136.84
2024-08-17,vic,137.22
2024-08-18,vic,137.33
2024-08-19,vic,137.3
2024-08-20,vic,137.12
2024-08-21,vic,137.1
2024-08-22,vic,136.98
2024-08-23,vic,136.96
2024-08-24,vic,136.74
2024-08-25,vic,136.62
2024-08-26,vic,136.49
2024-08-27,vic,136.71
2024-08-28,vic,136.86
2024-08-29,vic,137.2
2024-08-30,vic,137.33
2024-08-31,vic,137.57
2024-09-01,vic,137.69
2024-09-02,vic,137.75
2024-09-03,vic,137.74
2024-09-04,vic,137.71
2024-09-05,vic,137.55
2024-09-06,vic,137.46
2024-09-07,vic,137.33
2024-09-08,vic,137.18
2024-09-09,vic,137.14
2024-09-10,vic,137.07
2024-09-11,vic,137
2024-09-12,vic,137.02
2024-09-13,vic,137.04
2024-09-14,vic,137.15
2024-09-15,vic,137.28
2024-09-16,vic,137.28
2024-09-17,vic,137.26
2024-09-18,vic,137.27
2024-09-19,vic,137.11
2024-09-20,vic,137.01
2024-09-21,vic,136.88
2024-09-22,vic,136.64
2024-09-23,vic,136.43
2024-09-24,vic,136.22
2024-09-25,vic,136
2024-09-26,vic,136.07
2024-09-27,vic,136.28
2024-09-28,vic,135.86
2024-09-29,vic,135.86
2024-09-30,vic,135.97
2024-10-01,vic,135.98
2024-10-02,vic,136.02
2024-10-03,vic,135.81
2024-10-04,vic,135.45
2024-10-05,vic,135.58
2024-10-06,vic,135.5
2024-10-07,vic,135.45
2024-10-08,vic,135.43
2024-10-09,vic,135.46
2024-10-10,vic,135.43
2024-10-11,vic,135.44
2024-10-12,vic,135.4
2024-10-13,vic,135.29
2024-10-14,vic,135.12
2024-10-15,vic,135.2
2024-10-16,vic,135.17
2024-10-17,vic,135.3
2024-10-18,vic,135.37
2024-10-19,vic,135.45
2024-10-20,vic,135.69
2024-10-21,vic,136
2024-10-22,vic,136.07
2024-10-23,vic,136.28
2024-10-24,vic,136.26
2024-10-25,vic,136.19
2024-10-26,vic,136.11
2024-10-27,vic,135.85
2024-10-28,vic,135.46
2024-10-29,vic,135.09
2024-10-30,vic,134.71
2024-10-31,vic,134.58
2024-11-01,vic,134.55
2024-11-02,vic,134.47
2024-11-03,vic,134.55
2024-11-04,vic,134.88
2024-11-05,vic,135.16
2024-11-06,vic,135.01
2024-11-07,vic,134.84
2024-11-08,vic,134.68
2024-11-09,vic,134.56
2024-11-10,vic,134.19
2024-11-11,vic,133.76
2024-11-12,vic,133.36
2024-11-13,vic,133.34
2024-11-14,vic,133.47
2024-11-15,vic,133.64
2024-11-16,vic,133.85
2024-11-17,vic,134.15
2024-11-18,vic,134.34
2024-11-19,vic,134.54
2024-11-20,vic,134.78
2024-11-21,vic,134.91
2024-11-22,vic,134.93
2024-11-23,vic,134.79
2024-11-24,vic,134.75
2024-11-25,vic,134.64
2024-11-26,vic,134.5
2024-11-27,vic,134.31
2024-11-28,vic,134.13
2024-11-29,vic,133.98
2024-11-30,vic,133.87
2024-12-01,vic,133.75
2024-12-02,vic,133.78
2024-12-03,vic,133.74
2024-12-04,vic,133.69
2024-12-05,vic,133.53
2024-12-06,vic,133.45
2024-12-07,vic,133.3
2024-12-08,vic,133.16
2024-12-09,vic,133.17
2024-12-10,vic,133.18
2024-12-11,vic,133.15
2024-12-12,vic,133.21
2024-12-13,vic,133.21
2024-12-14,vic,133.05
2024-12-15,vic,132.95
2024-12-16,vic,132.66
2024-12-17,vic,132.46
2024-12-18,vic,132.54
2024-12-19,vic,132.6
2024-12-20,vic,132.71
2024-12-21,vic,133.16
2024-12-22,vic,133.56
2024-12-23,vic,134.21
2024-12-24,vic,135.01
2024-12-25,vic,135.67
2024-12-26,vic,136.13
2024-12-27,vic,136.38
2024-12-28,vic,136.31
2024-12-29,vic,136.36
2024-12-30,vic,136.62
2024-12-31,vic,136.81
2025-01-01,vic,136.7
2025-01-02,vic,136.64
2025-01-03,vic,136.75
2025-01-04,vic,137.02
2025-01-05,vic,137.09
2025-01-06,vic,136.86
2025-01-07,vic,136.79
2025-01-08,vic,137.06
2025-01-09,vic,137.66
2025-01-10,vic,138.29
2025-01-11,vic,138.89
2025-01-12,vic,139.44
2025-01-13,vic,139.75
2025-01-14,vic,139.81
2025-01-15,vic,139.71
2025-01-16,vic,139.41
2025-01-17,vic,139.04
2025-01-18,vic,138.65
2025-01-19,vic,138.26
2025-01-20,vic,137.9
2025-01-21,vic,137.41
2025-01-22,vic,137.05
2025-01-23,vic,136.71
2025-01-24,vic,136.56
2025-01-25,vic,136.64
2025-01-26,vic,137.06
2025-01-27,vic,137.69
2025-01-28,vic,138.13
2025-01-29,vic,138.2
2025-01-30,vic,138.29
2025-01-31,vic,138.19
2025-02-01,vic,137.96
2025-02-02,vic,137.39
2025-02-03,vic,136.63
2025-02-04,vic,136.2
2025-02-05,vic,136.12
2025-02-06,vic,136.02
2025-02-07,vic,135.8
2025-02-08,vic,135.57
2025-02-09,vic,135.41
2025-02-10,vic,135.27
2025-02-11,vic,135.22
2025-02-12,vic,135.02
2025-02-13,vic,134.75
2025-02-14,vic,134.65
2025-02-15,vic,134.05
2025-02-16,vic,133.94
2025-02-17,vic,133.77
2025-02-18,vic,133.46
2025-02-19,vic,132.98
2025-02-20,vic,132.48
2025-02-21,vic,131.77
2025-02-22,vic,131.75
2025-02-23,vic,131.11
2025-02-24,vic,130.48
2025-02-25,vic,129.94
2025-02-26,vic,129.6
2025-02-27,vic,129.33
2025-02-28,vic,129.1
2025-03-01,vic,128.66
2025-03-02,vic,128.35
2025-03-03,vic,128.25
2025-03-04,vic,128.13
2025-03-05,vic,127.9
2025-03-06,vic,127.61
2025-03-07,vic,127.69
2025-03-08,vic,127.77
2025-03-09,vic,127.89
2025-03-10,vic,127.8
2025-03-11,vic,127.3
2025-03-12,vic,127.16
2025-03-13,vic,127.09
2025-03-14,vic,126.95
2025-03-15,vic,126.96
2025-03-16,vic,126.96
2025-03-17,vic,126.91
2025-03-18,vic,127.29
2025-03-19,vic,127.45
2025-03-20,vic,127.47
2025-03-21,vic,127.42
2025-03-22,vic,127.29
2025-03-23,vic,127.16
2025-03-24,vic,127.1
2025-03-25,vic,126.85
2025-03-26,vic,126.64
2025-03-27,vic,126.42
2025-03-28,vic,126.19
2025-03-29,vic,126.02
2025-03-30,vic,125.83
2025-03-31,vic,125.67
2025-04-01,vic,125.68
2025-04-02,vic,125.79
2025-04-03,vic,125.89
2025-04-04,vic,126.03
2025-04-05,vic,126.26
2025-04-06,vic,126.43
2025-04-07,vic,126.71
2025-04-08,vic,126.92
2025-04-09,vic,127.25
2025-04-10,vic,127.69
2025-04-11,vic,128.04
2025-04-12,vic,128.37
2025-04-13,vic,128.8
2025-04-14,vic,128.96
2025-04-15,vic,129.24
2025-04-16,vic,129.18
2025-04-17,vic,129.1
2025-04-18,vic,129.55
2025-04-19,vic,129.42
2025-04-20,vic,129.43
2025-04-21,vic,129.78
2025-04-22,vic,129.63
2025-04-23,vic,129.59
2025-04-24,vic,129.58
2025-04-25,vic,129.4
2025-04-26,vic,129.27
2025-04-27,vic,129.25
2025-04-28,vic,128.83
2025-04-29,vic,128.79
2025-04-30,vic,128.57
2025-05-01,vic,128.19
2025-05-02,vic,127.57
2025-05-03,vic,127.45
2025-05-04,vic,127.22
2025-05-05,vic,127.27
2025-05-06,vic,127.28
2025-05-07,vic,127.59
2025-05-08,vic,128.02
2025-05-09,vic,128.24
2025-05-10,vic,128.37
2025-05-11,vic,128.31
2025-05-12,vic,128.21
2025-05-13,vic,128.13
2025-05-14,vic,127.87
2025-05-15,vic,127.14
2025-05-16,vic,127.08
2025-05-17,vic,126.84
2025-05-18,vic,127.05
2025-05-19,vic,127.31
2025-05-20,vic,127.71
2025-05-21,vic,128.14
2025-05-22,vic,128.93
2025-05-23,vic,129.18
2025-05-24,vic,129.61
2025-05-25,vic,129.58
2025-05-26,vic,129.47
2025-05-27,vic,129.23
2025-05-28,vic,129.12
2025-05-29,vic,129.27
2025-05-30,vic,129.31
2025-05-31,vic,129.42
2025-06-01,vic,129.53
2025-06-02,vic,129.75
2025-06-03,vic,129.95
2025-06-04,vic,130.09
2025-06-05,vic,130.08
2025-06-06,vic,130.2
2025-06-07,vic,130.27
2025-06-08,vic,130.27
2025-06-09,vic,130.41
2025-06-10,vic,130.36
2025-06-11,vic,130.23
2025-06-12,vic,130.31
2025-06-13,vic,130.34
2025-06-14,vic,130.34
2025-06-15,vic,130.7
2025-06-16,vic,130.77
2025-06-17,vic,131.06
2025-06-18,vic,131.43
2025-06-19,vic,131.6
2025-06-20,vic,131.72
2025-06-21,vic,131.82
2025-06-22,vic,131.71
2025-06-23,vic,131.69
2025-06-24,vic,131.81
2025-06-25,vic,131.84
2025-06-26,vic,131.82
2025-06-27,vic,131.78
2025-06-28,vic,131.76
2025-06-29,vic,131.8
2025-06-30,vic,131.6
2025-07-01,vic,131.11
2025-07-02,vic,130.68
2025-07-03,vic,130.31
2025-07-04,vic,130.05
2025-07-05,vic,129.76
2025-07-06,vic,129.42
2025-07-07,vic,129.18
2025-07-08,vic,129.1
2025-07-09,vic,129.03
2025-07-10,vic,128.94
2025-07-11,vic,128.94
2025-07-12,vic,129.05
2025-07-13,vic,129.1
2025-07-14,vic,129.2
2025-07-15,vic,129.36
2025-07-16,vic,129.59
2025-07-17,vic,129.74
2025-07-18,vic,129.81
2025-07-19,vic,129.59
2025-07-20,vic,129.65
2025-07-21,vic,129.64
2025-07-22,vic,129.65
2025-07-23,vic,129.42
2025-07-24,vic,129.45
2025-07-25,vic,129.25
2025-07-26,vic,129.34
2025-07-27,vic,129.15
2025-07-28,vic,129.04
2025-07-29,vic,128.7
2025-07-30,vic,128.53
2025-07-31,vic,128.16
2025-08-01,vic,127.95
2025-08-02,vic,127.71
2025-08-03,vic,127.46
2025-08-04,vic,127.18
2025-08-05,vic,126.94
2025-08-06,vic,126.7
2025-08-07,vic,126.61
2025-08-08,vic,126.6
2025-08-09,vic,126.42
2025-08-10,vic,126.41
2025-08-11,vic,126.59
2025-08-12,vic,126.93
2025-08-13,vic,127.12
2025-08-14,vic,127.31
2025-08-15,vic,127.38
2025-08-16,vic,127.72
2025-08-17,vic,127.92
2025-08-18,vic,128.1
2025-08-19,vic,128.31
2025-08-20,vic,128.72
2025-08-21,vic,129.06
2025-08-22,vic,129.49
2025-08-23,vic,129.77
2025-08-24,vic,130.1
2025-08-25,vic,130.28
2025-08-26,vic,130.3
2025-08-27,vic,130.15
2025-08-28,vic,130.22
2025-08-29,vic,130.1
2025-08-30,vic,130.08
2025-08-31,vic,129.94
2025-09-01,vic,129.85
2025-09-02,vic,129.86
2025-09-03,vic,129.94
2025-09-04,vic,129.75
2025-09-05,vic,129.8
2025-09-06,vic,129.84
2025-09-07,vic,129.89
2025-09-08,vic,130.04
2025-09-09,vic,130.2
2025-09-10,vic,130.3
2025-09-11,vic,130.41
2025-09-12,vic,130.39
2025-09-13,vic,130.21
2025-09-14,vic,129.99
2025-09-15,vic,129.75
2025-09-16,vic,129.46
2025-09-17,vic,129.27
2025-09-18,vic,129.14
2025-09-19,vic,128.95
2025-09-20,vic,128.93
2025-09-21,vic,128.87
2025-09-22,vic,128.84
2025-09-23,vic,128.87
2025-09-24,vic,128.87
2025-09-25,vic,128.94
2025-09-26,vic,129.04
2025-09-27,vic,128.94
2025-09-28,vic,129.03
2025-09-29,vic,129.14
2025-09-30,vic,129.24
2025-10-01,vic,129.39
2025-10-02,vic,129.48
2025-10-03,vic,129.52
2025-10-04,vic,129.62
2025-10-05,vic,129.74
2025-10-06,vic,129.76
2025-10-07,vic,129.61
2025-10-08,vic,129.43
2025-10-09,vic,129.27
2025-10-10,vic,129.2
2025-10-11,vic,129.19
2025-10-12,vic,129.11
2025-10-13,vic,129.01
2025-10-14,vic,129.06
2025-10-15,vic,129.19
2025-10-16,vic,129.17
2025-10-17,vic,129
2025-10-18,vic,128.76
2025-10-19,vic,128.65
2025-10-20,vic,128.49
2025-10-21,vic,128.21
2025-10-22,vic,127.86
2025-10-23,vic,127.59
2025-10-24,vic,127.48
2025-10-25,vic,127.42
2025-10-26,vic,127.31
2025-10-27,vic,127.37
2025-10-28,vic,127.47
2025-10-29,vic,127.5
2025-10-30,vic,127.51
2025-10-31,vic,127.52
2025-11-01,vic,127.55
2025-11-02,vic,127.64
2025-11-03,vic,127.7
2025-11-04,vic,127.67
2025-11-05,vic,127.43
2025-11-06,vic,127.21
2025-11-07,vic,127.05
2025-11-08,vic,126.88
2025-11-09,vic,126.61
2025-11-10,vic,126.35
2025-11-11,vic,126.4
2025-11-12,vic,126.62
2025-11-13,vic,126.85
2025-11-14,vic,127.03
2025-11-15,vic,127.19
2025-11-16,vic,127.21
2025-11-17,vic,127.4
2025-11-18,vic,127.58
2025-11-19,vic,127.55
2025-11-20,vic,127.59
2025-11-21,vic,127.64
2025-11-22,vic,127.7
2025-11-23,vic,127.71
2025-11-24,vic,127.62
2025-11-25,vic,127.42
2025-11-26,vic,127.45
2025-11-27,vic,127.39
2025-11-28,vic,127.42
2025-11-29,vic,127.44
2025-11-30,vic,127.44
2025-12-01,vic,127.48
2025-12-02,vic,127.46
2025-12-03,vic,127.55
2025-12-04,vic,127.6
2025-12-05,vic,127.59
2025-12-06,vic,127.56
2025-12-07,vic,127.47
2025-12-08,vic,127.3
2025-12-09,vic,127.08
2025-12-10,vic,126.67
2025-12-11,vic,126.26
2025-12-12,vic,125.94
2025-12-13,vic,125.54
2025-12-14,vic,125.36
2025-12-15,vic,125.01
2025-12-16,vic,124.68
2025-12-17,vic,124.45
2025-12-18,vic,124.44
2025-12-19,vic,124.43
2025-12-20,vic,124.43
2025-12-21,vic,124.3
2025-12-22,vic,124.44
2025-12-23,vic,124.69
2025-12-24,vic,124.96
2025-12-25,vic,125.13
2025-12-26,vic,125.17
2025-12-27,vic,125.2
2025-12-28,vic,125.34
2025-12-29,vic,125.65
2025-12-30,vic,125.97
2025-12-31,vic,126.3
2026-01-01,vic,126.27
2026-01-02,vic,126.03
2026-01-03,vic,125.16
2026-01-04,vic,124.34
2026-01-05,vic,123.46
2026-01-06,vic,122.94
2026-01-07,vic,122.95
2026-01-08,vic,123.26
2026-01-09,vic,123.93
2026-01-10,vic,124.72
2026-01-11,vic,125.5
2026-01-12,vic,126
2026-01-13,vic,126.43
2026-01-14,vic,126.67
2026-01-15,vic,127.15
2026-01-16,vic,127.82
2026-01-17,vic,128.58
2026-01-18,vic,129.39
2026-01-19,vic,130.2
2026-01-20,vic,130.91
2026-01-21,vic,131.63
2026-01-22,vic,132.31
2026-01-23,vic,132.98
2026-01-24,vic,133.59
2026-01-25,vic,134.02
2026-01-26,vic,134.68
2026-01-27,vic,135.06
2026-01-28,vic,135.37
2026-01-29,vic,135.43
2026-01-30,vic,135.3
2026-01-31,vic,135.19
2026-02-01,vic,135.24
2026-02-02,vic,135
2026-02-03,vic,134.9
2026-02-04,vic,134.62
2026-02-05,vic,134.49
2026-02-06,vic,134.28
2026-02-07,vic,134.15
2026-02-08,vic,134.05
2026-02-09,vic,134.14
2026-02-10,vic,134.47
2026-02-11,vic,134.95
2026-02-12,vic,135.15
2026-02-13,vic,135.36
2026-02-14,vic,135.72
2026-02-15,vic,136.14
2026-02-16,vic,136.44
2026-02-17,vic,136.71
2026-02-18,vic,137.04
2026-02-19,vic,137.54
2026-02-20,vic,138.09
2026-02-21,vic,138.43
2026-02-22,vic,138.56
2026-02-23,vic,138.78
2026-02-24,vic,138.9
2026-02-25,vic,139.05
2026-02-26,vic,139.11
2026-02-27,vic,139.19
2026-02-28,vic,139.15
2026-03-01,vic,139.21
2026-03-02,vic,139.51
2026-03-03,vic,139.77
2026-03-04,vic,139.83
2026-03-05,vic,139.71
2026-03-06,vic,139.58
2026-03-07,vic,139.59
2026-03-08,vic,139.49
2026-03-09,vic,139.25
2026-03-10,vic,138.35
2026-03-11,vic,137.16
2026-03-12,vic,136.22
2026-03-13,vic,135.38
2026-03-14,vic,134.6
2026-03-15,vic,133.99
2026-03-16,vic,133.54
2026-03-17,vic,133.31
2026-03-18,vic,133.4
2026-03-19,vic,133.38
2026-03-20,vic,133.02
2026-03-21,vic,132.46
2026-03-22,vic,131.58
2026-03-23,vic,130.6
2026-03-24,vic,129.89
2026-03-25,vic,129.18
2026-03-26,vic,128.26
2026-03-27,vic,127.56
2026-03-28,vic,127.01
2026-03-29,vic,126.77
2026-03-30,vic,126.65
2026-03-31,vic,126.42
2026-04-01,vic,126.05
2026-04-02,vic,126.11
2026-04-03,vic,126.14
2026-04-04,vic,125.96
2026-04-05,vic,125.66
2026-04-06,vic,125.13
2026-04-07,vic,124.56
2026-04-08,vic,124.22
2026-04-09,vic,123.67
2026-04-10,vic,123.05
2026-04-11,vic,122.86
2026-04-12,vic,122.56
2026-04-13,vic,122.31
2026-04-14,vic,122.4
2026-04-15,vic,122.53
2026-04-16,vic,122.57
2026-04-17,vic,122.57
2026-04-18,vic,122.6
2026-04-19,vic,122.74
2026-04-20,vic,123.22
2026-04-21,vic,123.41
2026-04-22,vic,123.88
2026-04-23,vic,124.33
2026-04-24,vic,124.95
2026-04-25,vic,125.7
2026-04-26,vic,126.79
2026-04-27,vic,127.5
2026-04-28,vic,128.18
2026-04-29,vic,128.38
2026-04-30,vic,128.87
2026-05-01,vic,129.04
2026-05-02,vic,128.81
2026-05-03,vic,128.38
2026-05-04,vic,128.44
2026-05-05,vic,128.51
2026-05-06,vic,128.47
2026-05-07,vic,128.26
2026-05-08,vic,128.25
2026-05-09,vic,128.16
2026-05-10,vic,127.94
2026-05-11,vic,127.43
2026-05-12,vic,127.12
2026-05-13,vic,127.1
2026-05-14,vic,127.14
2026-05-15,vic,127.21
2026-05-16,vic,127.39
2026-05-17,vic,127.69
2026-05-18,vic,128.03
2026-05-19,vic,128.34
2026-05-20,vic,128.6
2026-05-21,vic,128.46
2026-05-22,vic,127.58
2026-05-23,vic,126.81
2026-05-24,vic,125.86
2026-05-25,vic,125
2026-05-26,vic,124.08
2026-05-27,vic,123.09
2026-05-28,vic,122.6
2026-05-29,vic,122.64
2026-05-30,vic,123.03
2026-05-31,vic,123.02
2026-06-01,vic,123.04
2026-06-02,vic,123.09
2026-06-03,vic,123.23
2026-06-04,vic,123.42
2026-06-05,vic,123.75
2026-06-06,vic,124.07
2026-06-07,vic,124.67
2026-06-08,vic,124.62
2026-06-09,vic,124.44
2026-06-10,vic,124.18
2026-06-11,vic,123.89
2026-06-12,vic,124.15
2026-06-13,vic,124.3
2026-06-14,vic,124.2
2026-06-15,vic,124.7
2026-06-16,vic,125.22
2026-06-17,vic,125.78
2026-06-18,vic,126.18
2026-06-19,vic,126.27
2026-06-20,vic,126.45
2026-06-21,vic,126.58
2026-06-22,vic,126.62
2026-06-23,vic,126.62
2026-06-24,vic,126.57
2026-06-25,vic,126.4
2026-06-26,vic,126.04
2026-06-27,vic,125.79
2026-06-28,vic,125.52
2026-06-29,vic,125.17
2026-06-30,vic,124.97
2026-07-01,vic,124.65
2026-07-02,vic,124.59
2026-07-03,vic,124.87
2026-07-04,vic,125.09
2026-07-05,vic,125.37
2026-07-06,vic,125.58
2026-07-07,vic,125.66
2026-07-08,vic,125.89
2026-07-09,vic,126.02
2026-07-10,vic,125.8
2026-07-11,vic,125.5
2026-07-12,vic,125.34
2026-07-13,vic,125.24
2026-07-14,vic,125.33
2026-07-15,vic,125.39
2026-07-16,vic,125.48
2026-07-17,vic,125.69
2026-07-18,vic,125.82
2026-07-19,vic,125.93
2026-07-20,vic,126.2
2026-07-21,vic,126.24
2026-07-22,vic,126.39
2026-07-23,vic,126.52
2026-07-24,vic,126.82
2026-07-25,vic,127.01
2026-07-26,vic,127.2
2026-07-27,vic,127.24
2026-07-28,vic,127.11
2026-07-29,vic,126.85
2026-07-30,vic,126.73
2026-07-31,vic,126.27
2026-08-01,vic,126.3
2026-08-02,vic,126.24
2026-08-03,vic,126.06
2026-08-04,vic,126.21
2026-08-05,vic,126.62
2026-08-06,vic,126.72
2026-08-07,vic,126.95
2026-08-08,vic,126.84
2026-08-09,vic,126.79
2026-08-10,vic,127
2026-08-11,vic,127.37
2026-08-12,vic,127.65
2026-08-13,vic,128.04
2026-08-14,vic,128.6
2026-08-15,vic,129.18
2026-08-16,vic,129.67
2026-08-17,vic,130.16
2026-08-18,vic,130.53
2026-08-19,vic,130.6
2026-08-20,vic,131.04
2026-08-21,vic,131.33
2026-08-22,vic,131.66
2026-08-23,vic,131.99
2026-08-24,vic,131.96
2026-08-25,vic,132.05
2026-08-26,vic,132.15
2026-08-27,vic,131.82
2026-08-28,vic,131.43
2026-08-29,vic,131.14
2026-08-30,vic,130.86
2026-08-31,vic,130.59
2026-09-01,vic,130.31
2026-09-02,vic,130.45
2026-09-03,vic,131.1
2026-09-04,vic,131.79
2026-09-05,vic,132.33
2026-09-06,vic,132.63
2026-09-07,vic,133.14
2026-09-08,vic,133.72
2026-09-09,vic,133.73
2026-09-10,vic,133.4
2026-09-11,vic,133.35
2026-09-12,vic,133.31
2026-09-13,vic,133.46
2026-09-14,vic,133.56
2026-09-15,vic,133.54
2026-09-16,vic,133.73
2026-09-17,vic,133.8
2026-09-18,vic,133.35
2020-02-01,wa,100
2020-02-02,wa,99.3
2020-02-03,wa,98.59
2020-02-04,wa,97.9
2020-02-05,wa,97.35
2020-02-06,wa,97
2020-02-07,wa,96.68
2020-02-08,wa,96.68
2020-02-09,wa,96.57
2020-02-10,wa,96.74
2020-02-11,wa,97.1
2020-02-12,wa,97.13
2020-02-13,wa,97.16
2020-02-14,wa,97.32
2020-02-15,wa,97.21
2020-02-16,wa,97.24
2020-02-17,wa,97.08
2020-02-18,wa,96.97
2020-02-19,wa,97.05
2020-02-20,wa,97.1
2020-02-21,wa,97.09
2020-02-22,wa,96.86
2020-02-23,wa,96.86
2020-02-24,wa,96.64
2020-02-25,wa,96.5
2020-02-26,wa,96.69
2020-02-27,wa,96.87
2020-02-28,wa,97.15
2020-02-29,wa,97.44
2020-03-01,wa,97.61
2020-03-02,wa,98.1
2020-03-03,wa,98.23
2020-03-04,wa,98.18
2020-03-05,wa,98.03
2020-03-06,wa,97.81
2020-03-07,wa,97.7
2020-03-08,wa,97.53
2020-03-09,wa,97.05
2020-03-10,wa,96.67
2020-03-11,wa,96.24
2020-03-12,wa,95.87
2020-03-13,wa,95.29
2020-03-14,wa,94.72
2020-03-15,wa,94.06
2020-03-16,wa,93.3
2020-03-17,wa,92.26
2020-03-18,wa,90.91
2020-03-19,wa,89.18
2020-03-20,wa,87.29
2020-03-21,wa,85.25
2020-03-22,wa,83.21
2020-03-23,wa,81.02
2020-03-24,wa,78.79
2020-03-25,wa,76.6
2020-03-26,wa,74.39
2020-03-27,wa,72.15
2020-03-28,wa,70.02
2020-03-29,wa,67.99
2020-03-30,wa,66.01
2020-03-31,wa,64.12
2020-04-01,wa,62.19
2020-04-02,wa,60.67
2020-04-03,wa,59.26
2020-04-04,wa,57.71
2020-04-05,wa,56.13
2020-04-06,wa,54.9
2020-04-07,wa,53.87
2020-04-08,wa,52.95
2020-04-09,wa,51.92
2020-04-10,wa,51.29
2020-04-11,wa,50.58
2020-04-12,wa,50
2020-04-13,wa,49.73
2020-04-14,wa,49.43
2020-04-15,wa,49.33
2020-04-16,wa,49.12
2020-04-17,wa,48.65
2020-04-18,wa,48.52
2020-04-19,wa,48.2
2020-04-20,wa,47.74
2020-04-21,wa,47.34
2020-04-22,wa,46.98
2020-04-23,wa,46.78
2020-04-24,wa,46.72
2020-04-25,wa,46.95
2020-04-26,wa,47.5
2020-04-27,wa,48.12
2020-04-28,wa,48.58
2020-04-29,wa,48.8
2020-04-30,wa,49.02
2020-05-01,wa,49.21
2020-05-02,wa,49.22
2020-05-03,wa,48.88
2020-05-04,wa,48.46
2020-05-05,wa,48.28
2020-05-06,wa,48.29
2020-05-07,wa,48.48
2020-05-08,wa,48.73
2020-05-09,wa,48.9
2020-05-10,wa,49.07
2020-05-11,wa,49.24
2020-05-12,wa,49.26
2020-05-13,wa,49.1
2020-05-14,wa,49.02
2020-05-15,wa,48.98
2020-05-16,wa,49.07
2020-05-17,wa,49.16
2020-05-18,wa,49.42
2020-05-19,wa,49.74
2020-05-20,wa,50.28
2020-05-21,wa,50.88
2020-05-22,wa,51.63
2020-05-23,wa,52.29
2020-05-24,wa,53
2020-05-25,wa,53.48
2020-05-26,wa,53.94
2020-05-27,wa,54.47
2020-05-28,wa,54.78
2020-05-29,wa,54.96
2020-05-30,wa,55.28
2020-05-31,wa,55.61
2020-06-01,wa,56.02
2020-06-02,wa,56.11
2020-06-03,wa,56.39
2020-06-04,wa,56.8
2020-06-05,wa,57.35
2020-06-06,wa,57.89
2020-06-07,wa,58.46
2020-06-08,wa,58.91
2020-06-09,wa,59.57
2020-06-10,wa,60.27
2020-06-11,wa,61.02
2020-06-12,wa,61.73
2020-06-13,wa,62.15
2020-06-14,wa,62.65
2020-06-15,wa,63.26
2020-06-16,wa,63.99
2020-06-17,wa,64.42
2020-06-18,wa,64.63
2020-06-19,wa,64.69
2020-06-20,wa,65.31
2020-06-21,wa,65.83
2020-06-22,wa,66.53
2020-06-23,wa,67.32
2020-06-24,wa,68.07
2020-06-25,wa,68.86
2020-06-26,wa,69.33
2020-06-27,wa,69.59
2020-06-28,wa,69.92
2020-06-29,wa,69.65
2020-06-30,wa,69.33
2020-07-01,wa,69.44
2020-07-02,wa,69.71
2020-07-03,wa,70.2
2020-07-04,wa,70.67
2020-07-05,wa,71.06
2020-07-06,wa,71.93
2020-07-07,wa,72.81
2020-07-08,wa,73.4
2020-07-09,wa,73.95
2020-07-10,wa,74.56
2020-07-11,wa,74.95
2020-07-12,wa,75.51
2020-07-13,wa,76.28
2020-07-14,wa,76.62
2020-07-15,wa,76.91
2020-07-16,wa,77.12
2020-07-17,wa,77.45
2020-07-18,wa,77.79
2020-07-19,wa,78.06
2020-07-20,wa,78.43
2020-07-21,wa,79.17
2020-07-22,wa,79.92
2020-07-23,wa,80.66
2020-07-24,wa,81.48
2020-07-25,wa,82.29
2020-07-26,wa,83.23
2020-07-27,wa,83.71
2020-07-28,wa,84.03
2020-07-29,wa,84.39
2020-07-30,wa,84.78
2020-07-31,wa,84.84
2020-08-01,wa,85.14
2020-08-02,wa,85.22
2020-08-03,wa,85.33
2020-08-04,wa,85.58
2020-08-05,wa,85.91
2020-08-06,wa,85.74
2020-08-07,wa,85.67
2020-08-08,wa,85.71
2020-08-09,wa,85.75
2020-08-10,wa,85.59
2020-08-11,wa,85.48
2020-08-12,wa,85.83
2020-08-13,wa,86.42
2020-08-14,wa,87.33
2020-08-15,wa,87.88
2020-08-16,wa,88.53
2020-08-17,wa,88.86
2020-08-18,wa,89.04
2020-08-19,wa,88.75
2020-08-20,wa,88.59
2020-08-21,wa,88.18
2020-08-22,wa,88.06
2020-08-23,wa,87.75
2020-08-24,wa,87.97
2020-08-25,wa,88.58
2020-08-26,wa,89.01
2020-08-27,wa,89.81
2020-08-28,wa,90.86
2020-08-29,wa,91.8
2020-08-30,wa,92.73
2020-08-31,wa,93.59
2020-09-01,wa,94.48
2020-09-02,wa,95.43
2020-09-03,wa,96.13
2020-09-04,wa,96.73
2020-09-05,wa,96.87
2020-09-06,wa,97.06
2020-09-07,wa,97.21
2020-09-08,wa,97.13
2020-09-09,wa,97.13
2020-09-10,wa,97.12
2020-09-11,wa,96.95
2020-09-12,wa,96.95
2020-09-13,wa,97.05
2020-09-14,wa,97.08
2020-09-15,wa,97.19
2020-09-16,wa,97.16
2020-09-17,wa,97.34
2020-09-18,wa,97.57
2020-09-19,wa,97.95
2020-09-20,wa,98.31
2020-09-21,wa,98.74
2020-09-22,wa,99.26
2020-09-23,wa,99.95
2020-09-24,wa,100.62
2020-09-25,wa,101.3
2020-09-26,wa,102.19
2020-09-27,wa,103.16
2020-09-28,wa,103.89
2020-09-29,wa,104.52
2020-09-30,wa,105.15
2020-10-01,wa,105.6
2020-10-02,wa,105.75
2020-10-03,wa,105.88
2020-10-04,wa,105.67
2020-10-05,wa,105.96
2020-10-06,wa,106.13
2020-10-07,wa,106.24
2020-10-08,wa,106.51
2020-10-09,wa,107.1
2020-10-10,wa,107.73
2020-10-11,wa,108.63
2020-10-12,wa,109.17
2020-10-13,wa,109.91
2020-10-14,wa,110.4
2020-10-15,wa,110.99
2020-10-16,wa,111.42
2020-10-17,wa,111.9
2020-10-18,wa,112.35
2020-10-19,wa,112.92
2020-10-20,wa,113.3
2020-10-21,wa,114.08
2020-10-22,wa,114.59
2020-10-23,wa,115.03
2020-10-24,wa,115.14
2020-10-25,wa,115.1
2020-10-26,wa,115.06
2020-10-27,wa,115.29
2020-10-28,wa,115.52
2020-10-29,wa,115.47
2020-10-30,wa,115.41
2020-10-31,wa,115.7
2020-11-01,wa,116.41
2020-11-02,wa,116.95
2020-11-03,wa,117.3
2020-11-04,wa,117.18
2020-11-05,wa,117.3
2020-11-06,wa,117.39
2020-11-07,wa,117.4
2020-11-08,wa,117.08
2020-11-09,wa,116.84
2020-11-10,wa,116.55
2020-11-11,wa,116.39
2020-11-12,wa,116.4
2020-11-13,wa,116.64
2020-11-14,wa,116.44
2020-11-15,wa,116.54
2020-11-16,wa,116.55
2020-11-17,wa,116.66
2020-11-18,wa,117.03
2020-11-19,wa,117.62
2020-11-20,wa,118.1
2020-11-21,wa,118.85
2020-11-22,wa,119.14
2020-11-23,wa,119.66
2020-11-24,wa,120.05
2020-11-25,wa,120.27
2020-11-26,wa,120.17
2020-11-27,wa,120.02
2020-11-28,wa,120.09
2020-11-29,wa,120.28
2020-11-30,wa,120.61
2020-12-01,wa,121.23
2020-12-02,wa,121.39
2020-12-03,wa,121.9
2020-12-04,wa,122.37
2020-12-05,wa,123.03
2020-12-06,wa,123.72
2020-12-07,wa,124.24
2020-12-08,wa,124.45
2020-12-09,wa,125.05
2020-12-10,wa,125.16
2020-12-11,wa,125.35
2020-12-12,wa,124.9
2020-12-13,wa,124.79
2020-12-14,wa,124.8
2020-12-15,wa,124.61
2020-12-16,wa,124.22
2020-12-17,wa,123.95
2020-12-18,wa,123.63
2020-12-19,wa,123.56
2020-12-20,wa,123.14
2020-12-21,wa,122.66
2020-12-22,wa,122.06
2020-12-23,wa,121.92
2020-12-24,wa,121.86
2020-12-25,wa,121.98
2020-12-26,wa,121.95
2020-12-27,wa,122.2
2020-12-28,wa,122.58
2020-12-29,wa,122.93
2020-12-30,wa,123.04
2020-12-31,wa,123.37
2021-01-01,wa,123.45
2021-01-02,wa,123.53
2021-01-03,wa,123.48
2021-01-04,wa,123.16
2021-01-05,wa,123.29
2021-01-06,wa,123.78
2021-01-07,wa,123.65
2021-01-08,wa,123.65
2021-01-09,wa,123.75
2021-01-10,wa,123.66
2021-01-11,wa,123.59
2021-01-12,wa,123.43
2021-01-13,wa,123.22
2021-01-14,wa,123.5
2021-01-15,wa,123.57
2021-01-16,wa,123.95
2021-01-17,wa,124.24
2021-01-18,wa,124.65
2021-01-19,wa,125.33
2021-01-20,wa,125.68
2021-01-21,wa,125.92
2021-01-22,wa,126.49
2021-01-23,wa,126.5
2021-01-24,wa,127.06
2021-01-25,wa,127.53
2021-01-26,wa,128
2021-01-27,wa,128.24
2021-01-28,wa,128.6
2021-01-29,wa,128.74
2021-01-30,wa,129.21
2021-01-31,wa,129.17
2021-02-01,wa,129.16
2021-02-02,wa,128.75
2021-02-03,wa,128.52
2021-02-04,wa,128.01
2021-02-05,wa,127.61
2021-02-06,wa,127.11
2021-02-07,wa,126.97
2021-02-08,wa,126.92
2021-02-09,wa,127.01
2021-02-10,wa,127.26
2021-02-11,wa,127.73
2021-02-12,wa,128.07
2021-02-13,wa,128.47
2021-02-14,wa,128.67
2021-02-15,wa,128.98
2021-02-16,wa,129.35
2021-02-17,wa,129.88
2021-02-18,wa,130.54
2021-02-19,wa,131.12
2021-02-20,wa,131.52
2021-02-21,wa,132.2
2021-02-22,wa,132.51
2021-02-23,wa,132.83
2021-02-24,wa,133.41
2021-02-25,wa,133.91
2021-02-26,wa,134.12
2021-02-27,wa,134.48
2021-02-28,wa,134.58
2021-03-01,wa,135.09
2021-03-02,wa,135.31
2021-03-03,wa,135.22
2021-03-04,wa,134.93
2021-03-05,wa,135.29
2021-03-06,wa,135.74
2021-03-07,wa,136.36
2021-03-08,wa,136.78
2021-03-09,wa,137.51
2021-03-10,wa,138.14
2021-03-11,wa,138.82
2021-03-12,wa,139.38
2021-03-13,wa,140.31
2021-03-14,wa,141.05
2021-03-15,wa,141.62
2021-03-16,wa,142.12
2021-03-17,wa,142.55
2021-03-18,wa,142.64
2021-03-19,wa,142.76
2021-03-20,wa,142.68
2021-03-21,wa,142.37
2021-03-22,wa,141.98
2021-03-23,wa,141.73
2021-03-24,wa,141.47
2021-03-25,wa,141.5
2021-03-26,wa,141.57
2021-03-27,wa,141.9
2021-03-28,wa,142.36
2021-03-29,wa,143.12
2021-03-30,wa,143.72
2021-03-31,wa,144.34
2021-04-01,wa,145.08
2021-04-02,wa,146.27
2021-04-03,wa,146.58
2021-04-04,wa,147.11
2021-04-05,wa,147.71
2021-04-06,wa,147.83
2021-04-07,wa,147.83
2021-04-08,wa,147.47
2021-04-09,wa,146.89
2021-04-10,wa,146.98
2021-04-11,wa,147.16
2021-04-12,wa,147.03
2021-04-13,wa,147.63
2021-04-14,wa,149.09
2021-04-15,wa,150.57
2021-04-16,wa,151.74
2021-04-17,wa,152.91
2021-04-18,wa,153.91
2021-04-19,wa,154.52
2021-04-20,wa,155.68
2021-04-21,wa,154.82
2021-04-22,wa,154.19
2021-04-23,wa,153.85
2021-04-24,wa,153.38
2021-04-25,wa,153.02
2021-04-26,wa,153.28
2021-04-27,wa,152.42
2021-04-28,wa,152.57
2021-04-29,wa,152.81
2021-04-30,wa,152.66
2021-05-01,wa,152.29
2021-05-02,wa,151.82
2021-05-03,wa,151.19
2021-05-04,wa,151.25
2021-05-05,wa,151.56
2021-05-06,wa,151.63
2021-05-07,wa,151.98
2021-05-08,wa,152.67
2021-05-09,wa,153.23
2021-05-10,wa,153.81
2021-05-11,wa,154.04
2021-05-12,wa,154.31
2021-05-13,wa,154.66
2021-05-14,wa,154.67
2021-05-15,wa,154.64
2021-05-16,wa,154.51
2021-05-17,wa,154.35
2021-05-18,wa,153.96
2021-05-19,wa,153.56
2021-05-20,wa,153.5
2021-05-21,wa,153.43
2021-05-22,wa,152.44
2021-05-23,wa,151.76
2021-05-24,wa,151.07
2021-05-25,wa,150.53
2021-05-26,wa,150.09
2021-05-27,wa,149.42
2021-05-28,wa,148.65
2021-05-29,wa,148.74
2021-05-30,wa,148.75
2021-05-31,wa,148.87
2021-06-01,wa,149.28
2021-06-02,wa,149.68
2021-06-03,wa,150.05
2021-06-04,wa,150.73
2021-06-05,wa,151.56
2021-06-06,wa,152.23
2021-06-07,wa,152.9
2021-06-08,wa,152.89
2021-06-09,wa,152.82
2021-06-10,wa,152.71
2021-06-11,wa,152.99
2021-06-12,wa,152.81
2021-06-13,wa,152.71
2021-06-14,wa,152.4
2021-06-15,wa,152.5
2021-06-16,wa,152.81
2021-06-17,wa,153.33
2021-06-18,wa,153.4
2021-06-19,wa,153.97
2021-06-20,wa,154.59
2021-06-21,wa,155.17
2021-06-22,wa,156.24
2021-06-23,wa,157.19
2021-06-24,wa,157.87
2021-06-25,wa,158.63
2021-06-26,wa,158.74
2021-06-27,wa,158.81
2021-06-28,wa,159.39
2021-06-29,wa,159.55
2021-06-30,wa,159.6
2021-07-01,wa,159.65
2021-07-02,wa,159.75
2021-07-03,wa,160.24
2021-07-04,wa,160.71
2021-07-05,wa,160.45
2021-07-06,wa,160.46
2021-07-07,wa,160.53
2021-07-08,wa,160.53
2021-07-09,wa,160.5
2021-07-10,wa,160.52
2021-07-11,wa,160.72
2021-07-12,wa,160.98
2021-07-13,wa,161.23
2021-07-14,wa,161.16
2021-07-15,wa,161.27
2021-07-16,wa,161.38
2021-07-17,wa,161.38
2021-07-18,wa,161.56
2021-07-19,wa,162
2021-07-20,wa,162.23
2021-07-21,wa,162.55
2021-07-22,wa,162.87
2021-07-23,wa,162.87
2021-07-24,wa,162.94
2021-07-25,wa,162.64
2021-07-26,wa,162.23
2021-07-27,wa,162.16
2021-07-28,wa,162.15
2021-07-29,wa,162.11
2021-07-30,wa,162.24
2021-07-31,wa,162.47
2021-08-01,wa,162.72
2021-08-02,wa,162.68
2021-08-03,wa,162.79
2021-08-04,wa,163.32
2021-08-05,wa,163.82
2021-08-06,wa,164.51
2021-08-07,wa,165.27
2021-08-08,wa,166.15
2021-08-09,wa,167.25
2021-08-10,wa,167.96
2021-08-11,wa,168.44
2021-08-12,wa,168.96
2021-08-13,wa,169.6
2021-08-14,wa,170.08
2021-08-15,wa,170.67
2021-08-16,wa,171.26
2021-08-17,wa,171.55
2021-08-18,wa,171.95
2021-08-19,wa,172.14
2021-08-20,wa,171.96
2021-08-21,wa,172.14
2021-08-22,wa,172
2021-08-23,wa,171.9
2021-08-24,wa,172.16
2021-08-25,wa,172.42
2021-08-26,wa,172.85
2021-08-27,wa,173.43
2021-08-28,wa,173.66
2021-08-29,wa,174.14
2021-08-30,wa,174.48
2021-08-31,wa,174.78
2021-09-01,wa,175
2021-09-02,wa,175.21
2021-09-03,wa,175.54
2021-09-04,wa,175.41
2021-09-05,wa,175.61
2021-09-06,wa,175.69
2021-09-07,wa,176.19
2021-09-08,wa,176.77
2021-09-09,wa,177.69
2021-09-10,wa,178.54
2021-09-11,wa,179.68
2021-09-12,wa,180.24
2021-09-13,wa,181.06
2021-09-14,wa,181.22
2021-09-15,wa,181.06
2021-09-16,wa,180.65
2021-09-17,wa,180.03
2021-09-18,wa,179.68
2021-09-19,wa,179.63
2021-09-20,wa,179.58
2021-09-21,wa,179.84
2021-09-22,wa,180.45
2021-09-23,wa,180.85
2021-09-24,wa,181.47
2021-09-25,wa,182.16
2021-09-26,wa,182.8
2021-09-27,wa,183.18
2021-09-28,wa,183.34
2021-09-29,wa,183.23
2021-09-30,wa,183.42
2021-10-01,wa,183.45
2021-10-02,wa,183.91
2021-10-03,wa,183.78
2021-10-04,wa,184.03
2021-10-05,wa,184.17
2021-10-06,wa,184.33
2021-10-07,wa,184.46
2021-10-08,wa,184.66
2021-10-09,wa,184.43
2021-10-10,wa,184.53
2021-10-11,wa,184.29
2021-10-12,wa,184.18
2021-10-13,wa,184.23
2021-10-14,wa,183.88
2021-10-15,wa,183.33
2021-10-16,wa,182.45
2021-10-17,wa,182.1
2021-10-18,wa,181.72
2021-10-19,wa,181.61
2021-10-20,wa,181.66
2021-10-21,wa,182.03
2021-10-22,wa,182.51
2021-10-23,wa,183.52
2021-10-24,wa,183.97
2021-10-25,wa,184.62
2021-10-26,wa,185.24
2021-10-27,wa,185.63
2021-10-28,wa,185.98
2021-10-29,wa,186.43
2021-10-30,wa,186.71
2021-10-31,wa,186.95
2021-11-01,wa,186.99
2021-11-02,wa,187.13
2021-11-03,wa,187.25
2021-11-04,wa,187.42
2021-11-05,wa,187.74
2021-11-06,wa,188.15
2021-11-07,wa,188.63
2021-11-08,wa,189.23
2021-11-09,wa,189.59
2021-11-10,wa,189.92
2021-11-11,wa,190.18
2021-11-12,wa,190.19
2021-11-13,wa,189.83
2021-11-14,wa,189.97
2021-11-15,wa,189.96
2021-11-16,wa,190.18
2021-11-17,wa,190.48
2021-11-18,wa,190.67
2021-11-19,wa,190.86
2021-11-20,wa,190.67
2021-11-21,wa,190.38
2021-11-22,wa,190.37
2021-11-23,wa,190.24
2021-11-24,wa,190.02
2021-11-25,wa,189.95
2021-11-26,wa,189.94
2021-11-27,wa,190.64
2021-11-28,wa,191.22
2021-11-29,wa,191.7
2021-11-30,wa,192.17
2021-12-01,wa,192.48
2021-12-02,wa,192.57
2021-12-03,wa,192.75
2021-12-04,wa,192.88
2021-12-05,wa,192.82
2021-12-06,wa,192.79
2021-12-07,wa,192.95
2021-12-08,wa,192.98
2021-12-09,wa,193.25
2021-12-10,wa,193.38
2021-12-11,wa,193.33
2021-12-12,wa,193.76
2021-12-13,wa,193.98
2021-12-14,wa,194.19
2021-12-15,wa,194.41
2021-12-16,wa,194.66
2021-12-17,wa,195.01
2021-12-18,wa,195.33
2021-12-19,wa,195.35
2021-12-20,wa,195.79
2021-12-21,wa,195.56
2021-12-22,wa,195.61
2021-12-23,wa,195.33
2021-12-24,wa,195.35
2021-12-25,wa,195.53
2021-12-26,wa,195.82
2021-12-27,wa,196.45
2021-12-28,wa,197.22
2021-12-29,wa,197.46
2021-12-30,wa,197.65
2021-12-31,wa,197.58
2022-01-01,wa,197.3
2022-01-02,wa,196.52
2022-01-03,wa,195.78
2022-01-04,wa,194.54
2022-01-05,wa,194.1
2022-01-06,wa,193.53
2022-01-07,wa,192.55
2022-01-08,wa,191.95
2022-01-09,wa,191.49
2022-01-10,wa,190.46
2022-01-11,wa,190.46
2022-01-12,wa,190.48
2022-01-13,wa,191.21
2022-01-14,wa,192.34
2022-01-15,wa,193.41
2022-01-16,wa,194.72
2022-01-17,wa,196.03
2022-01-18,wa,197.1
2022-01-19,wa,198.12
2022-01-20,wa,199.07
2022-01-21,wa,199.9
2022-01-22,wa,200.49
2022-01-23,wa,200.92
2022-01-24,wa,201.23
2022-01-25,wa,201.72
2022-01-26,wa,202.3
2022-01-27,wa,202.7
2022-01-28,wa,203.37
2022-01-29,wa,203.74
2022-01-30,wa,204.2
2022-01-31,wa,205.03
2022-02-01,wa,206.1
2022-02-02,wa,206.79
2022-02-03,wa,207.62
2022-02-04,wa,208.39
2022-02-05,wa,209.93
2022-02-06,wa,211.62
2022-02-07,wa,213.06
2022-02-08,wa,214.34
2022-02-09,wa,215.47
2022-02-10,wa,216.47
2022-02-11,wa,217.44
2022-02-12,wa,217.69
2022-02-13,wa,217.89
2022-02-14,wa,217.81
2022-02-15,wa,217.64
2022-02-16,wa,218.01
2022-02-17,wa,218.4
2022-02-18,wa,218.6
2022-02-19,wa,218.72
2022-02-20,wa,218.64
2022-02-21,wa,218.77
2022-02-22,wa,219.01
2022-02-23,wa,218.92
2022-02-24,wa,218.8
2022-02-25,wa,219.2
2022-02-26,wa,220.06
2022-02-27,wa,220.87
2022-02-28,wa,221.26
2022-03-01,wa,221.83
2022-03-02,wa,222.14
2022-03-03,wa,222.77
2022-03-04,wa,223.03
2022-03-05,wa,223.01
2022-03-06,wa,223.55
2022-03-07,wa,224.38
2022-03-08,wa,224.35
2022-03-09,wa,224.3
2022-03-10,wa,223.6
2022-03-11,wa,222.92
2022-03-12,wa,222.33
2022-03-13,wa,221.33
2022-03-14,wa,220.36
2022-03-15,wa,219.88
2022-03-16,wa,219.58
2022-03-17,wa,219.24
2022-03-18,wa,218.83
2022-03-19,wa,218.73
2022-03-20,wa,218.5
2022-03-21,wa,218.31
2022-03-22,wa,218.29
2022-03-23,wa,218.62
2022-03-24,wa,219.27
2022-03-25,wa,220.14
2022-03-26,wa,221.38
2022-03-27,wa,222.86
2022-03-28,wa,224.43
2022-03-29,wa,226.04
2022-03-30,wa,227.5
2022-03-31,wa,228.68
2022-04-01,wa,229.2
2022-04-02,wa,229.51
2022-04-03,wa,229.43
2022-04-04,wa,229.13
2022-04-05,wa,228.47
2022-04-06,wa,227.67
2022-04-07,wa,226.24
2022-04-08,wa,225.68
2022-04-09,wa,224.39
2022-04-10,wa,223.14
2022-04-11,wa,222.08
2022-04-12,wa,220.98
2022-04-13,wa,219.75
2022-04-14,wa,219.65
2022-04-15,wa,219.57
2022-04-16,wa,219.55
2022-04-17,wa,219.41
2022-04-18,wa,219.61
2022-04-19,wa,219.23
2022-04-20,wa,219.31
2022-04-21,wa,218.85
2022-04-22,wa,217.83
2022-04-23,wa,217.6
2022-04-24,wa,217.38
2022-04-25,wa,217.35
2022-04-26,wa,216.87
2022-04-27,wa,216.37
2022-04-28,wa,216.22
2022-04-29,wa,216.03
2022-04-30,wa,215.79
2022-05-01,wa,215.6
2022-05-02,wa,214.55
2022-05-03,wa,214.87
2022-05-04,wa,215.13
2022-05-05,wa,215.2
2022-05-06,wa,215.4
2022-05-07,wa,215.58
2022-05-08,wa,216.03
2022-05-09,wa,216.63
2022-05-10,wa,217.25
2022-05-11,wa,217.93
2022-05-12,wa,218.54
2022-05-13,wa,219.33
2022-05-14,wa,220.31
2022-05-15,wa,221.07
2022-05-16,wa,221.79
2022-05-17,wa,222.82
2022-05-18,wa,223.72
2022-05-19,wa,224.76
2022-05-20,wa,225.66
2022-05-21,wa,226.11
2022-05-22,wa,226.5
2022-05-23,wa,227.73
2022-05-24,wa,227.54
2022-05-25,wa,228.09
2022-05-26,wa,228.66
2022-05-27,wa,229.66
2022-05-28,wa,230.67
2022-05-29,wa,231.98
2022-05-30,wa,232.44
2022-05-31,wa,234.25
2022-06-01,wa,234.82
2022-06-02,wa,235.48
2022-06-03,wa,235.89
2022-06-04,wa,236.68
2022-06-05,wa,237.15
2022-06-06,wa,237.58
2022-06-07,wa,237.35
2022-06-08,wa,237.14
2022-06-09,wa,236.77
2022-06-10,wa,236.74
2022-06-11,wa,235.48
2022-06-12,wa,234.17
2022-06-13,wa,233.49
2022-06-14,wa,232.22
2022-06-15,wa,232.19
2022-06-16,wa,231.78
2022-06-17,wa,230.96
2022-06-18,wa,230.98
2022-06-19,wa,231.34
2022-06-20,wa,231.61
2022-06-21,wa,233.09
2022-06-22,wa,233.75
2022-06-23,wa,234.82
2022-06-24,wa,235.67
2022-06-25,wa,236.31
2022-06-26,wa,237.1
2022-06-27,wa,237.96
2022-06-28,wa,238.21
2022-06-29,wa,238.79
2022-06-30,wa,239.03
2022-07-01,wa,239.28
2022-07-02,wa,240.02
2022-07-03,wa,240.18
2022-07-04,wa,240.38
2022-07-05,wa,240.08
2022-07-06,wa,239.58
2022-07-07,wa,238.8
2022-07-08,wa,238.26
2022-07-09,wa,238.07
2022-07-10,wa,237.9
2022-07-11,wa,237.25
2022-07-12,wa,237.34
2022-07-13,wa,237.13
2022-07-14,wa,237.08
2022-07-15,wa,237.26
2022-07-16,wa,237.21
2022-07-17,wa,237.43
2022-07-18,wa,237.94
2022-07-19,wa,238.17
2022-07-20,wa,238.07
2022-07-21,wa,238.12
2022-07-22,wa,237.9
2022-07-23,wa,237.02
2022-07-24,wa,236.86
2022-07-25,wa,236.04
2022-07-26,wa,235.64
2022-07-27,wa,235.74
2022-07-28,wa,235.49
2022-07-29,wa,235.31
2022-07-30,wa,235.66
2022-07-31,wa,235.33
2022-08-01,wa,235.55
2022-08-02,wa,235.46
2022-08-03,wa,235.62
2022-08-04,wa,236.95
2022-08-05,wa,238.36
2022-08-06,wa,239.55
2022-08-07,wa,240.65
2022-08-08,wa,241.58
2022-08-09,wa,242.28
2022-08-10,wa,242.84
2022-08-11,wa,242.84
2022-08-12,wa,242.81
2022-08-13,wa,241.89
2022-08-14,wa,242.13
2022-08-15,wa,242.24
2022-08-16,wa,242.59
2022-08-17,wa,242.55
2022-08-18,wa,242.85
2022-08-19,wa,242.43
2022-08-20,wa,243.53
2022-08-21,wa,243.37
2022-08-22,wa,243.45
2022-08-23,wa,243.6
2022-08-24,wa,244.56
2022-08-25,wa,245.2
2022-08-26,wa,246.25
2022-08-27,wa,246.93
2022-08-28,wa,247.45
2022-08-29,wa,247.72
2022-08-30,wa,247.68
2022-08-31,wa,247.37
2022-09-01,wa,247.63
2022-09-02,wa,247.97
2022-09-03,wa,248.47
2022-09-04,wa,248.93
2022-09-05,wa,249.23
2022-09-06,wa,249.78
2022-09-07,wa,250.22
2022-09-08,wa,250.08
2022-09-09,wa,249.54
2022-09-10,wa,249
2022-09-11,wa,248.32
2022-09-12,wa,247.76
2022-09-13,wa,247.69
2022-09-14,wa,247.52
2022-09-15,wa,247.48
2022-09-16,wa,247.6
2022-09-17,wa,247.56
2022-09-18,wa,247.82
2022-09-19,wa,248.09
2022-09-20,wa,247.9
2022-09-21,wa,247.93
2022-09-22,wa,248.37
2022-09-23,wa,248.56
2022-09-24,wa,248.42
2022-09-25,wa,248.57
2022-09-26,wa,248.56
2022-09-27,wa,248.74
2022-09-28,wa,248.48
2022-09-29,wa,247.7
2022-09-30,wa,248.01
2022-10-01,wa,247.75
2022-10-02,wa,248.08
2022-10-03,wa,248.94
2022-10-04,wa,248.89
2022-10-05,wa,249.74
2022-10-06,wa,250.15
2022-10-07,wa,249.95
2022-10-08,wa,250.82
2022-10-09,wa,250.74
2022-10-10,wa,250.53
2022-10-11,wa,251.42
2022-10-12,wa,251.58
2022-10-13,wa,252.12
2022-10-14,wa,252.7
2022-10-15,wa,253.15
2022-10-16,wa,254.1
2022-10-17,wa,254.3
2022-10-18,wa,254.75
2022-10-19,wa,255.17
2022-10-20,wa,255.67
2022-10-21,wa,256.17
2022-10-22,wa,255.5
2022-10-23,wa,255.82
2022-10-24,wa,256.88
2022-10-25,wa,257.13
2022-10-26,wa,257.59
2022-10-27,wa,258.15
2022-10-28,wa,258.49
2022-10-29,wa,259.71
2022-10-30,wa,259.75
2022-10-31,wa,259.29
2022-11-01,wa,259.51
2022-11-02,wa,259.35
2022-11-03,wa,258.79
2022-11-04,wa,258.02
2022-11-05,wa,257.78
2022-11-06,wa,257.6
2022-11-07,wa,257.77
2022-11-08,wa,256.78
2022-11-09,wa,256.36
2022-11-10,wa,256.23
2022-11-11,wa,256.02
2022-11-12,wa,255.55
2022-11-13,wa,255.09
2022-11-14,wa,254.86
2022-11-15,wa,255.13
2022-11-16,wa,254.64
2022-11-17,wa,253.93
2022-11-18,wa,254.05
2022-11-19,wa,253.51
2022-11-20,wa,253.4
2022-11-21,wa,252.76
2022-11-22,wa,252.48
2022-11-23,wa,252.46
2022-11-24,wa,252.03
2022-11-25,wa,251.54
2022-11-26,wa,251.32
2022-11-27,wa,250.72
2022-11-28,wa,250.71
2022-11-29,wa,249.9
2022-11-30,wa,249.4
2022-12-01,wa,249.51
2022-12-02,wa,249.02
2022-12-03,wa,248.56
2022-12-04,wa,248.25
2022-12-05,wa,247.81
2022-12-06,wa,247.17
2022-12-07,wa,246.99
2022-12-08,wa,246.67
2022-12-09,wa,246.62
2022-12-10,wa,246.45
2022-12-11,wa,246.34
2022-12-12,wa,246.27
2022-12-13,wa,246.96
2022-12-14,wa,246.62
2022-12-15,wa,245.53
2022-12-16,wa,244.46
2022-12-17,wa,243.73
2022-12-18,wa,242.99
2022-12-19,wa,242.42
2022-12-20,wa,241.39
2022-12-21,wa,240.98
2022-12-22,wa,241.06
2022-12-23,wa,241.48
2022-12-24,wa,242.1
2022-12-25,wa,242.72
2022-12-26,wa,243.7
2022-12-27,wa,244.99
2022-12-28,wa,245.58
2022-12-29,wa,246.07
2022-12-30,wa,245.96
2022-12-31,wa,245.64
2023-01-01,wa,244.87
2023-01-02,wa,243.85
2023-01-03,wa,242.83
2023-01-04,wa,242.35
2023-01-05,wa,242.35
2023-01-06,wa,242.8
2023-01-07,wa,242.52
2023-01-08,wa,242.36
2023-01-09,wa,241.49
2023-01-10,wa,240.77
2023-01-11,wa,240.32
2023-01-12,wa,239.69
2023-01-13,wa,239.02
2023-01-14,wa,238.73
2023-01-15,wa,238.55
2023-01-16,wa,238.51
2023-01-17,wa,239.06
2023-01-18,wa,239.39
2023-01-19,wa,239.77
2023-01-20,wa,239.88
2023-01-21,wa,239.9
2023-01-22,wa,240.13
2023-01-23,wa,240.35
2023-01-24,wa,239.94
2023-01-25,wa,239.82
2023-01-26,wa,240.77
2023-01-27,wa,241.36
2023-01-28,wa,242.28
2023-01-29,wa,243.09
2023-01-30,wa,243.49
2023-01-31,wa,243.74
2023-02-01,wa,243.64
2023-02-02,wa,242.53
2023-02-03,wa,241.88
2023-02-04,wa,240.93
2023-02-05,wa,239.74
2023-02-06,wa,239.72
2023-02-07,wa,239.67
2023-02-08,wa,239.47
2023-02-09,wa,239.43
2023-02-10,wa,239.48
2023-02-11,wa,239.81
2023-02-12,wa,239.96
2023-02-13,wa,239.76
2023-02-14,wa,239.34
2023-02-15,wa,239.18
2023-02-16,wa,238.89
2023-02-17,wa,238.36
2023-02-18,wa,237.04
2023-02-19,wa,236.71
2023-02-20,wa,236.29
2023-02-21,wa,236.23
2023-02-22,wa,236.09
2023-02-23,wa,236.14
2023-02-24,wa,235.83
2023-02-25,wa,236.17
2023-02-26,wa,235.89
2023-02-27,wa,235.06
2023-02-28,wa,234.48
2023-03-01,wa,233.72
2023-03-02,wa,232.94
2023-03-03,wa,232.1
2023-03-04,wa,231.59
2023-03-05,wa,231.5
2023-03-06,wa,231.53
2023-03-07,wa,231.17
2023-03-08,wa,231.06
2023-03-09,wa,230.81
2023-03-10,wa,231.69
2023-03-11,wa,232.32
2023-03-12,wa,232.45
2023-03-13,wa,232.57
2023-03-14,wa,232.91
2023-03-15,wa,233.32
2023-03-16,wa,233.67
2023-03-17,wa,233.32
2023-03-18,wa,233.59
2023-03-19,wa,233.46
2023-03-20,wa,233.77
2023-03-21,wa,233.37
2023-03-22,wa,233.32
2023-03-23,wa,233.2
2023-03-24,wa,233.04
2023-03-25,wa,232
2023-03-26,wa,231.68
2023-03-27,wa,231.23
2023-03-28,wa,230.86
2023-03-29,wa,230.35
2023-03-30,wa,230.14
2023-03-31,wa,229.96
2023-04-01,wa,229.87
2023-04-02,wa,229.26
2023-04-03,wa,228.85
2023-04-04,wa,228.74
2023-04-05,wa,228.34
2023-04-06,wa,227.72
2023-04-07,wa,227.83
2023-04-08,wa,227.52
2023-04-09,wa,227.57
2023-04-10,wa,228.2
2023-04-11,wa,227.51
2023-04-12,wa,227.22
2023-04-13,wa,226.94
2023-04-14,wa,226.11
2023-04-15,wa,225.2
2023-04-16,wa,224.82
2023-04-17,wa,223.91
2023-04-18,wa,224.63
2023-04-19,wa,224.96
2023-04-20,wa,225.08
2023-04-21,wa,225.44
2023-04-22,wa,226.62
2023-04-23,wa,226.75
2023-04-24,wa,226.95
2023-04-25,wa,227
2023-04-26,wa,226.27
2023-04-27,wa,226.11
2023-04-28,wa,226.02
2023-04-29,wa,225.84
2023-04-30,wa,225.62
2023-05-01,wa,224.98
2023-05-02,wa,225.01
2023-05-03,wa,225.35
2023-05-04,wa,224.92
2023-05-05,wa,224.42
2023-05-06,wa,223.83
2023-05-07,wa,223.6
2023-05-08,wa,223.17
2023-05-09,wa,222.73
2023-05-10,wa,222.59
2023-05-11,wa,222.98
2023-05-12,wa,222.92
2023-05-13,wa,223.21
2023-05-14,wa,223.42
2023-05-15,wa,223.57
2023-05-16,wa,223.36
2023-05-17,wa,223.38
2023-05-18,wa,223.36
2023-05-19,wa,223.32
2023-05-20,wa,222.63
2023-05-21,wa,222.13
2023-05-22,wa,222.06
2023-05-23,wa,221.26
2023-05-24,wa,220.69
2023-05-25,wa,220.2
2023-05-26,wa,219.78
2023-05-27,wa,220.03
2023-05-28,wa,220
2023-05-29,wa,220.26
2023-05-30,wa,221.16
2023-05-31,wa,220.7
2023-06-01,wa,220.42
2023-06-02,wa,220.18
2023-06-03,wa,219.92
2023-06-04,wa,219.7
2023-06-05,wa,219.39
2023-06-06,wa,218.56
2023-06-07,wa,218.02
2023-06-08,wa,217.98
2023-06-09,wa,217.95
2023-06-10,wa,217.86
2023-06-11,wa,217.78
2023-06-12,wa,217.82
2023-06-13,wa,217.56
2023-06-14,wa,218.01
2023-06-15,wa,217.62
2023-06-16,wa,216.83
2023-06-17,wa,216.31
2023-06-18,wa,215.58
2023-06-19,wa,214.75
2023-06-20,wa,214.65
2023-06-21,wa,214.57
2023-06-22,wa,214.47
2023-06-23,wa,214.08
2023-06-24,wa,214.02
2023-06-25,wa,214.36
2023-06-26,wa,214.7
2023-06-27,wa,215
2023-06-28,wa,215.02
2023-06-29,wa,215.15
2023-06-30,wa,215.97
2023-07-01,wa,216.13
2023-07-02,wa,215.98
2023-07-03,wa,215.9
2023-07-04,wa,215.04
2023-07-05,wa,215.22
2023-07-06,wa,215.34
2023-07-07,wa,215.32
2023-07-08,wa,215.31
2023-07-09,wa,215.49
2023-07-10,wa,215.67
2023-07-11,wa,216.32
2023-07-12,wa,216.04
2023-07-13,wa,215.86
2023-07-14,wa,215.63
2023-07-15,wa,215.48
2023-07-16,wa,215.37
2023-07-17,wa,215.06
2023-07-18,wa,214.98
2023-07-19,wa,214.88
2023-07-20,wa,215.06
2023-07-21,wa,215.2
2023-07-22,wa,214.28
2023-07-23,wa,214.23
2023-07-24,wa,214.52
2023-07-25,wa,214.99
2023-07-26,wa,215.77
2023-07-27,wa,215.84
2023-07-28,wa,216.65
2023-07-29,wa,217.94
2023-07-30,wa,218.75
2023-07-31,wa,219.17
2023-08-01,wa,219.46
2023-08-02,wa,219.49
2023-08-03,wa,219.52
2023-08-04,wa,219.61
2023-08-05,wa,220.29
2023-08-06,wa,220.45
2023-08-07,wa,220.65
2023-08-08,wa,220.73
2023-08-09,wa,220.69
2023-08-10,wa,221.33
2023-08-11,wa,220.89
2023-08-12,wa,220.18
2023-08-13,wa,219.81
2023-08-14,wa,219.66
2023-08-15,wa,219.06
2023-08-16,wa,219.41
2023-08-17,wa,219.6
2023-08-18,wa,219.63
2023-08-19,wa,220.2
2023-08-20,wa,220.57
2023-08-21,wa,220.64
2023-08-22,wa,221.41
2023-08-23,wa,221.37
2023-08-24,wa,221.18
2023-08-25,wa,220.99
2023-08-26,wa,220.65
2023-08-27,wa,220.24
2023-08-28,wa,220.09
2023-08-29,wa,219.95
2023-08-30,wa,219.81
2023-08-31,wa,219.61
2023-09-01,wa,219.24
2023-09-02,wa,219.14
2023-09-03,wa,218.91
2023-09-04,wa,218.6
2023-09-05,wa,218.14
2023-09-06,wa,217.74
2023-09-07,wa,217.42
2023-09-08,wa,217.33
2023-09-09,wa,216.89
2023-09-10,wa,216.69
2023-09-11,wa,216.49
2023-09-12,wa,216.12
2023-09-13,wa,215.63
2023-09-14,wa,215.64
2023-09-15,wa,216.11
2023-09-16,wa,216.53
2023-09-17,wa,216.82
2023-09-18,wa,217.03
2023-09-19,wa,217.44
2023-09-20,wa,217.53
2023-09-21,wa,217.46
2023-09-22,wa,216.97
2023-09-23,wa,216.99
2023-09-24,wa,216.97
2023-09-25,wa,217.1
2023-09-26,wa,216.76
2023-09-27,wa,216.75
2023-09-28,wa,216.58
2023-09-29,wa,217.4
2023-09-30,wa,216.73
2023-10-01,wa,216.26
2023-10-02,wa,215.94
2023-10-03,wa,215.83
2023-10-04,wa,215.88
2023-10-05,wa,215.21
2023-10-06,wa,214.79
2023-10-07,wa,215.1
2023-10-08,wa,215.25
2023-10-09,wa,215.07
2023-10-10,wa,215.19
2023-10-11,wa,215.23
2023-10-12,wa,215.9
2023-10-13,wa,215.38
2023-10-14,wa,215.43
2023-10-15,wa,215.58
2023-10-16,wa,215.79
2023-10-17,wa,215.96
2023-10-18,wa,216.26
2023-10-19,wa,216.47
2023-10-20,wa,217.25
2023-10-21,wa,217.32
2023-10-22,wa,217.46
2023-10-23,wa,217.05
2023-10-24,wa,217.36
2023-10-25,wa,217.55
2023-10-26,wa,217.7
2023-10-27,wa,217.68
2023-10-28,wa,217.7
2023-10-29,wa,217.55
2023-10-30,wa,217.77
2023-10-31,wa,217.36
2023-11-01,wa,217.03
2023-11-02,wa,216.48
2023-11-03,wa,216.36
2023-11-04,wa,216.45
2023-11-05,wa,216.38
2023-11-06,wa,216.33
2023-11-07,wa,215.73
2023-11-08,wa,215.51
2023-11-09,wa,215.58
2023-11-10,wa,215.21
2023-11-11,wa,214.81
2023-11-12,wa,214.45
2023-11-13,wa,214.37
2023-11-14,wa,214.52
2023-11-15,wa,214.31
2023-11-16,wa,213.51
2023-11-17,wa,213.38
2023-11-18,wa,212.88
2023-11-19,wa,212.57
2023-11-20,wa,212.4
2023-11-21,wa,212.42
2023-11-22,wa,212.3
2023-11-23,wa,212.61
2023-11-24,wa,211.72
2023-11-25,wa,211.6
2023-11-26,wa,211.38
2023-11-27,wa,210.99
2023-11-28,wa,210.52
2023-11-29,wa,210.1
2023-11-30,wa,209.44
2023-12-01,wa,209.3
2023-12-02,wa,208.89
2023-12-03,wa,208.48
2023-12-04,wa,207.96
2023-12-05,wa,207.55
2023-12-06,wa,206.9
2023-12-07,wa,206.62
2023-12-08,wa,206.61
2023-12-09,wa,206.37
2023-12-10,wa,206.19
2023-12-11,wa,206.24
2023-12-12,wa,206.14
2023-12-13,wa,205.64
2023-12-14,wa,205.68
2023-12-15,wa,205.14
2023-12-16,wa,204.45
2023-12-17,wa,203.84
2023-12-18,wa,203.49
2023-12-19,wa,202.99
2023-12-20,wa,202.72
2023-12-21,wa,202.31
2023-12-22,wa,202.13
2023-12-23,wa,202.24
2023-12-24,wa,202.58
2023-12-25,wa,203.22
2023-12-26,wa,203.78
2023-12-27,wa,204.36
2023-12-28,wa,204.52
2023-12-29,wa,204.75
2023-12-30,wa,204.53
2023-12-31,wa,204.03
2024-01-01,wa,203.39
2024-01-02,wa,202.66
2024-01-03,wa,202.49
2024-01-04,wa,202.56
2024-01-05,wa,202.8
2024-01-06,wa,203.36
2024-01-07,wa,203.32
2024-01-08,wa,202.88
2024-01-09,wa,202.92
2024-01-10,wa,202.96
2024-01-11,wa,203.17
2024-01-12,wa,203.31
2024-01-13,wa,202.99
2024-01-14,wa,203.49
2024-01-15,wa,203.9
2024-01-16,wa,204.27
2024-01-17,wa,204.48
2024-01-18,wa,204.29
2024-01-19,wa,203.88
2024-01-20,wa,204.02
2024-01-21,wa,203.86
2024-01-22,wa,203.48
2024-01-23,wa,202.81
2024-01-24,wa,202.44
2024-01-25,wa,202.17
2024-01-26,wa,202.72
2024-01-27,wa,202.96
2024-01-28,wa,203.05
2024-01-29,wa,203.55
2024-01-30,wa,204.37
2024-01-31,wa,204.43
2024-02-01,wa,204.6
2024-02-02,wa,203.73
2024-02-03,wa,203.75
2024-02-04,wa,203.95
2024-02-05,wa,203.87
2024-02-06,wa,203.6
2024-02-07,wa,203.92
2024-02-08,wa,204.13
2024-02-09,wa,204.68
2024-02-10,wa,204.65
2024-02-11,wa,204.62
2024-02-12,wa,204.36
2024-02-13,wa,204.7
2024-02-14,wa,204.93
2024-02-15,wa,205.17
2024-02-16,wa,205.24
2024-02-17,wa,203.9
2024-02-18,wa,203.79
2024-02-19,wa,203.72
2024-02-20,wa,203.25
2024-02-21,wa,202.68
2024-02-22,wa,202.18
2024-02-23,wa,201.61
2024-02-24,wa,202.92
2024-02-25,wa,203.03
2024-02-26,wa,203.46
2024-02-27,wa,203.8
2024-02-28,wa,204.19
2024-02-29,wa,204.62
2024-03-01,wa,205.2
2024-03-02,wa,205.12
2024-03-03,wa,205.35
2024-03-04,wa,205.47
2024-03-05,wa,205.24
2024-03-06,wa,204.91
2024-03-07,wa,204.68
2024-03-08,wa,204.06
2024-03-09,wa,203.94
2024-03-10,wa,203.28
2024-03-11,wa,202.55
2024-03-12,wa,201.91
2024-03-13,wa,201.56
2024-03-14,wa,200.84
2024-03-15,wa,200.24
2024-03-16,wa,199.47
2024-03-17,wa,199.1
2024-03-18,wa,198.76
2024-03-19,wa,198.63
2024-03-20,wa,198.42
2024-03-21,wa,198.16
2024-03-22,wa,197.89
2024-03-23,wa,197.8
2024-03-24,wa,197.55
2024-03-25,wa,197.64
2024-03-26,wa,197.61
2024-03-27,wa,197.43
2024-03-28,wa,197.47
2024-03-29,wa,198.51
2024-03-30,wa,198.28
2024-03-31,wa,197.63
2024-04-01,wa,196.7
2024-04-02,wa,195.71
2024-04-03,wa,194.3
2024-04-04,wa,193.25
2024-04-05,wa,191.13
2024-04-06,wa,190.49
2024-04-07,wa,190.39
2024-04-08,wa,190.1
2024-04-09,wa,190.53
2024-04-10,wa,191.53
2024-04-11,wa,191.96
2024-04-12,wa,192.99
2024-04-13,wa,193.27
2024-04-14,wa,193.86
2024-04-15,wa,194.74
2024-04-16,wa,194.59
2024-04-17,wa,194.58
2024-04-18,wa,195.12
2024-04-19,wa,195.73
2024-04-20,wa,195.99
2024-04-21,wa,196.51
2024-04-22,wa,196.69
2024-04-23,wa,197.75
2024-04-24,wa,198.41
2024-04-25,wa,199.6
2024-04-26,wa,200.39
2024-04-27,wa,201.58
2024-04-28,wa,201.97
2024-04-29,wa,202.58
2024-04-30,wa,202.92
2024-05-01,wa,203.52
2024-05-02,wa,203.12
2024-05-03,wa,202.59
2024-05-04,wa,202.64
2024-05-05,wa,202.51
2024-05-06,wa,202.29
2024-05-07,wa,201.73
2024-05-08,wa,201.04
2024-05-09,wa,200.33
2024-05-10,wa,200.05
2024-05-11,wa,199.39
2024-05-12,wa,198.9
2024-05-13,wa,198.17
2024-05-14,wa,197.83
2024-05-15,wa,197.5
2024-05-16,wa,197.64
2024-05-17,wa,197.21
2024-05-18,wa,196
2024-05-19,wa,194.39
2024-05-20,wa,193.11
2024-05-21,wa,191.7
2024-05-22,wa,191.37
2024-05-23,wa,190.72
2024-05-24,wa,189.76
2024-05-25,wa,190.26
2024-05-26,wa,191.19
2024-05-27,wa,192.06
2024-05-28,wa,193.12
2024-05-29,wa,193.21
2024-05-30,wa,193.35
2024-05-31,wa,194.2
2024-06-01,wa,194.68
2024-06-02,wa,195.07
2024-06-03,wa,195.72
2024-06-04,wa,195.8
2024-06-05,wa,195.73
2024-06-06,wa,195.43
2024-06-07,wa,195.15
2024-06-08,wa,194.84
2024-06-09,wa,194.68
2024-06-10,wa,194.27
2024-06-11,wa,194.31
2024-06-12,wa,194.39
2024-06-13,wa,194.47
2024-06-14,wa,194.64
2024-06-15,wa,194.03
2024-06-16,wa,193.69
2024-06-17,wa,193.23
2024-06-18,wa,192.85
2024-06-19,wa,191.87
2024-06-20,wa,191.9
2024-06-21,wa,192.03
2024-06-22,wa,192.32
2024-06-23,wa,192.46
2024-06-24,wa,192.6
2024-06-25,wa,192.47
2024-06-26,wa,192.91
2024-06-27,wa,192.45
2024-06-28,wa,191.9
2024-06-29,wa,191.54
2024-06-30,wa,191.19
2024-07-01,wa,191.06
2024-07-02,wa,191.04
2024-07-03,wa,190.9
2024-07-04,wa,191.21
2024-07-05,wa,191.39
2024-07-06,wa,191.7
2024-07-07,wa,191.74
2024-07-08,wa,191.82
2024-07-09,wa,192.03
2024-07-10,wa,192.17
2024-07-11,wa,191.84
2024-07-12,wa,191.75
2024-07-13,wa,191.47
2024-07-14,wa,191.52
2024-07-15,wa,191.41
2024-07-16,wa,191.16
2024-07-17,wa,191.07
2024-07-18,wa,190.82
2024-07-19,wa,190.27
2024-07-20,wa,189.05
2024-07-21,wa,188.5
2024-07-22,wa,187.94
2024-07-23,wa,187.52
2024-07-24,wa,187.25
2024-07-25,wa,187.04
2024-07-26,wa,187.34
2024-07-27,wa,188.15
2024-07-28,wa,188.42
2024-07-29,wa,188.7
2024-07-30,wa,189.01
2024-07-31,wa,189.19
2024-08-01,wa,189.43
2024-08-02,wa,189.41
2024-08-03,wa,189.33
2024-08-04,wa,188.88
2024-08-05,wa,188.45
2024-08-06,wa,188.08
2024-08-07,wa,187.67
2024-08-08,wa,187.24
2024-08-09,wa,186.76
2024-08-10,wa,186.4
2024-08-11,wa,186.35
2024-08-12,wa,186.4
2024-08-13,wa,185.87
2024-08-14,wa,185.4
2024-08-15,wa,185.15
2024-08-16,wa,184.87
2024-08-17,wa,185.13
2024-08-18,wa,184.96
2024-08-19,wa,184.85
2024-08-20,wa,185.23
2024-08-21,wa,185.61
2024-08-22,wa,185.71
2024-08-23,wa,185.95
2024-08-24,wa,185.76
2024-08-25,wa,185.71
2024-08-26,wa,185.49
2024-08-27,wa,185.42
2024-08-28,wa,185.27
2024-08-29,wa,185.39
2024-08-30,wa,185.52
2024-08-31,wa,185.67
2024-09-01,wa,185.94
2024-09-02,wa,185.93
2024-09-03,wa,186.13
2024-09-04,wa,186.47
2024-09-05,wa,186.55
2024-09-06,wa,186.5
2024-09-07,wa,186.63
2024-09-08,wa,186.53
2024-09-09,wa,186.59
2024-09-10,wa,186.39
2024-09-11,wa,186.17
2024-09-12,wa,186.33
2024-09-13,wa,186.52
2024-09-14,wa,186.7
2024-09-15,wa,186.89
2024-09-16,wa,187.12
2024-09-17,wa,187.37
2024-09-18,wa,187.76
2024-09-19,wa,187.88
2024-09-20,wa,187.82
2024-09-21,wa,187.76
2024-09-22,wa,187.74
2024-09-23,wa,187.78
2024-09-24,wa,187.26
2024-09-25,wa,186.61
2024-09-26,wa,186.05
2024-09-27,wa,185.74
2024-09-28,wa,185.07
2024-09-29,wa,184.89
2024-09-30,wa,184.96
2024-10-01,wa,185.38
2024-10-02,wa,185.65
2024-10-03,wa,185.9
2024-10-04,wa,186.23
2024-10-05,wa,186.86
2024-10-06,wa,187.22
2024-10-07,wa,187.48
2024-10-08,wa,187.6
2024-10-09,wa,187.92
2024-10-10,wa,188.09
2024-10-11,wa,188.12
2024-10-12,wa,188.14
2024-10-13,wa,188.07
2024-10-14,wa,187.71
2024-10-15,wa,187.88
2024-10-16,wa,187.86
2024-10-17,wa,187.81
2024-10-18,wa,187.42
2024-10-19,wa,186.86
2024-10-20,wa,186.34
2024-10-21,wa,186
2024-10-22,wa,185.45
2024-10-23,wa,185.19
2024-10-24,wa,185.16
2024-10-25,wa,185.53
2024-10-26,wa,185.94
2024-10-27,wa,186.1
2024-10-28,wa,186.39
2024-10-29,wa,186.59
2024-10-30,wa,186.75
2024-10-31,wa,187
2024-11-01,wa,187
2024-11-02,wa,186.9
2024-11-03,wa,187.07
2024-11-04,wa,186.99
2024-11-05,wa,186.97
2024-11-06,wa,186.6
2024-11-07,wa,186.15
2024-11-08,wa,185.91
2024-11-09,wa,185.9
2024-11-10,wa,185.64
2024-11-11,wa,185.48
2024-11-12,wa,185.29
2024-11-13,wa,185.24
2024-11-14,wa,185.05
2024-11-15,wa,184.75
2024-11-16,wa,184.34
2024-11-17,wa,184.13
2024-11-18,wa,183.77
2024-11-19,wa,183.45
2024-11-20,wa,183.26
2024-11-21,wa,183.08
2024-11-22,wa,182.92
2024-11-23,wa,182.93
2024-11-24,wa,183.04
2024-11-25,wa,183.25
2024-11-26,wa,183.33
2024-11-27,wa,183.46
2024-11-28,wa,183.43
2024-11-29,wa,183.45
2024-11-30,wa,183.45
2024-12-01,wa,183.12
2024-12-02,wa,183.14
2024-12-03,wa,182.92
2024-12-04,wa,182.52
2024-12-05,wa,182.41
2024-12-06,wa,182.3
2024-12-07,wa,182.19
2024-12-08,wa,182.4
2024-12-09,wa,182.56
2024-12-10,wa,182.92
2024-12-11,wa,183.47
2024-12-12,wa,184.04
2024-12-13,wa,184.69
2024-12-14,wa,184.7
2024-12-15,wa,185.1
2024-12-16,wa,185.42
2024-12-17,wa,185.87
2024-12-18,wa,186.21
2024-12-19,wa,186.31
2024-12-20,wa,186.25
2024-12-21,wa,186.86
2024-12-22,wa,187.12
2024-12-23,wa,187.4
2024-12-24,wa,187.97
2024-12-25,wa,188.67
2024-12-26,wa,189.18
2024-12-27,wa,189.35
2024-12-28,wa,188.97
2024-12-29,wa,188.7
2024-12-30,wa,188.6
2024-12-31,wa,188.19
2025-01-01,wa,187.26
2025-01-02,wa,186.34
2025-01-03,wa,185.95
2025-01-04,wa,185.68
2025-01-05,wa,184.87
2025-01-06,wa,183.8
2025-01-07,wa,182.76
2025-01-08,wa,182.35
2025-01-09,wa,182.24
2025-01-10,wa,182.33
2025-01-11,wa,182.68
2025-01-12,wa,183.37
2025-01-13,wa,183.87
2025-01-14,wa,184.29
2025-01-15,wa,184.71
2025-01-16,wa,185.16
2025-01-17,wa,185.44
2025-01-18,wa,185.74
2025-01-19,wa,185.95
2025-01-20,wa,186.13
2025-01-21,wa,186.36
2025-01-22,wa,186.37
2025-01-23,wa,186.45
2025-01-24,wa,186.75
2025-01-25,wa,187.18
2025-01-26,wa,187.95
2025-01-27,wa,189.14
2025-01-28,wa,189.89
2025-01-29,wa,190.44
2025-01-30,wa,190.78
2025-01-31,wa,190.75
2025-02-01,wa,190.47
2025-02-02,wa,189.92
2025-02-03,wa,188.96
2025-02-04,wa,188.75
2025-02-05,wa,188.62
2025-02-06,wa,188.52
2025-02-07,wa,188.2
2025-02-08,wa,188.14
2025-02-09,wa,187.94
2025-02-10,wa,187.7
2025-02-11,wa,187.15
2025-02-12,wa,186.63
2025-02-13,wa,186.22
2025-02-14,wa,186.02
2025-02-15,wa,184.92
2025-02-16,wa,184.88
2025-02-17,wa,185
2025-02-18,wa,185.24
2025-02-19,wa,185.25
2025-02-20,wa,185.05
2025-02-21,wa,184.81
2025-02-22,wa,185.58
2025-02-23,wa,185.25
2025-02-24,wa,184.8
2025-02-25,wa,184.47
2025-02-26,wa,184.36
2025-02-27,wa,184.42
2025-02-28,wa,184.37
2025-03-01,wa,184.17
2025-03-02,wa,184.16
2025-03-03,wa,184.54
2025-03-04,wa,184.33
2025-03-05,wa,183.97
2025-03-06,wa,183.46
2025-03-07,wa,183.23
2025-03-08,wa,182.88
2025-03-09,wa,182.67
2025-03-10,wa,181.99
2025-03-11,wa,181.5
2025-03-12,wa,181.06
2025-03-13,wa,180.73
2025-03-14,wa,180.66
2025-03-15,wa,180.43
2025-03-16,wa,180.14
2025-03-17,wa,179.81
2025-03-18,wa,179.79
2025-03-19,wa,180.05
2025-03-20,wa,180.37
2025-03-21,wa,180.59
2025-03-22,wa,181.11
2025-03-23,wa,181.5
2025-03-24,wa,182.16
2025-03-25,wa,182.71
2025-03-26,wa,183.17
2025-03-27,wa,183.39
2025-03-28,wa,183.48
2025-03-29,wa,183.7
2025-03-30,wa,183.85
2025-03-31,wa,183.83
2025-04-01,wa,183.47
2025-04-02,wa,183.44
2025-04-03,wa,183.64
2025-04-04,wa,183.83
2025-04-05,wa,183.77
2025-04-06,wa,183.74
2025-04-07,wa,183.81
2025-04-08,wa,184.27
2025-04-09,wa,184.5
2025-04-10,wa,184.6
2025-04-11,wa,184.69
2025-04-12,wa,185
2025-04-13,wa,185.33
2025-04-14,wa,185.47
2025-04-15,wa,185.69
2025-04-16,wa,185.58
2025-04-17,wa,185.37
2025-04-18,wa,185.84
2025-04-19,wa,185.34
2025-04-20,wa,184.97
2025-04-21,wa,185.01
2025-04-22,wa,184.45
2025-04-23,wa,183.94
2025-04-24,wa,183.5
2025-04-25,wa,182.82
2025-04-26,wa,182.02
2025-04-27,wa,181.5
2025-04-28,wa,180.65
2025-04-29,wa,180.21
2025-04-30,wa,179.98
2025-05-01,wa,179.65
2025-05-02,wa,178.98
2025-05-03,wa,179.52
2025-05-04,wa,179.82
2025-05-05,wa,180.19
2025-05-06,wa,180.81
2025-05-07,wa,181.55
2025-05-08,wa,182.23
2025-05-09,wa,182.79
2025-05-10,wa,183.02
2025-05-11,wa,183
2025-05-12,wa,182.84
2025-05-13,wa,182.41
2025-05-14,wa,182.05
2025-05-15,wa,181.64
2025-05-16,wa,181.54
2025-05-17,wa,180.87
2025-05-18,wa,180.96
2025-05-19,wa,181.31
2025-05-20,wa,181.89
2025-05-21,wa,182.25
2025-05-22,wa,182.93
2025-05-23,wa,183.35
2025-05-24,wa,184.35
2025-05-25,wa,184.7
2025-05-26,wa,184.84
2025-05-27,wa,184.82
2025-05-28,wa,184.87
2025-05-29,wa,184.7
2025-05-30,wa,184.51
2025-05-31,wa,184.4
2025-06-01,wa,184.12
2025-06-02,wa,184.14
2025-06-03,wa,183.96
2025-06-04,wa,183.67
2025-06-05,wa,183.77
2025-06-06,wa,183.89
2025-06-07,wa,184.12
2025-06-08,wa,184.41
2025-06-09,wa,184.51
2025-06-10,wa,184.61
2025-06-11,wa,184.79
2025-06-12,wa,185
2025-06-13,wa,185.01
2025-06-14,wa,184.72
2025-06-15,wa,184.84
2025-06-16,wa,184.79
2025-06-17,wa,184.95
2025-06-18,wa,185.02
2025-06-19,wa,184.76
2025-06-20,wa,184.67
2025-06-21,wa,184.72
2025-06-22,wa,184.43
2025-06-23,wa,184.14
2025-06-24,wa,183.83
2025-06-25,wa,183.57
2025-06-26,wa,183.42
2025-06-27,wa,183.04
2025-06-28,wa,182.86
2025-06-29,wa,182.79
2025-06-30,wa,182.57
2025-07-01,wa,182.45
2025-07-02,wa,182.36
2025-07-03,wa,182.25
2025-07-04,wa,182.44
2025-07-05,wa,182.37
2025-07-06,wa,182.27
2025-07-07,wa,182.44
2025-07-08,wa,182.52
2025-07-09,wa,182.62
2025-07-10,wa,182.68
2025-07-11,wa,182.97
2025-07-12,wa,183.39
2025-07-13,wa,183.73
2025-07-14,wa,183.8
2025-07-15,wa,184.25
2025-07-16,wa,185.02
2025-07-17,wa,185.65
2025-07-18,wa,185.9
2025-07-19,wa,185.86
2025-07-20,wa,186.21
2025-07-21,wa,186.64
2025-07-22,wa,186.64
2025-07-23,wa,186.32
2025-07-24,wa,186.36
2025-07-25,wa,186.2
2025-07-26,wa,186.47
2025-07-27,wa,186.38
2025-07-28,wa,186.14
2025-07-29,wa,185.87
2025-07-30,wa,185.34
2025-07-31,wa,184.36
2025-08-01,wa,183.71
2025-08-02,wa,182.78
2025-08-03,wa,181.92
2025-08-04,wa,181.49
2025-08-05,wa,180.98
2025-08-06,wa,180.75
2025-08-07,wa,180.62
2025-08-08,wa,180.47
2025-08-09,wa,180.27
2025-08-10,wa,180.08
2025-08-11,wa,179.68
2025-08-12,wa,179.52
2025-08-13,wa,179.19
2025-08-14,wa,179.13
2025-08-15,wa,178.84
2025-08-16,wa,178.92
2025-08-17,wa,178.73
2025-08-18,wa,178.63
2025-08-19,wa,178.43
2025-08-20,wa,178.54
2025-08-21,wa,178.59
2025-08-22,wa,178.93
2025-08-23,wa,178.73
2025-08-24,wa,178.95
2025-08-25,wa,179.21
2025-08-26,wa,179.53
2025-08-27,wa,179.86
2025-08-28,wa,180.28
2025-08-29,wa,180.39
2025-08-30,wa,180.82
2025-08-31,wa,181.07
2025-09-01,wa,181.25
2025-09-02,wa,181.51
2025-09-03,wa,181.57
2025-09-04,wa,181.52
2025-09-05,wa,181.7
2025-09-06,wa,182.15
2025-09-07,wa,182.42
2025-09-08,wa,182.86
2025-09-09,wa,183.3
2025-09-10,wa,183.57
2025-09-11,wa,184.15
2025-09-12,wa,184.67
2025-09-13,wa,184.86
2025-09-14,wa,184.93
2025-09-15,wa,184.94
2025-09-16,wa,184.76
2025-09-17,wa,184.75
2025-09-18,wa,184.54
2025-09-19,wa,184.16
2025-09-20,wa,183.9
2025-09-21,wa,183.69
2025-09-22,wa,183.71
2025-09-23,wa,184.1
2025-09-24,wa,184.66
2025-09-25,wa,185.12
2025-09-26,wa,185.69
2025-09-27,wa,186.42
2025-09-28,wa,187.25
2025-09-29,wa,187.69
2025-09-30,wa,187.69
2025-10-01,wa,187.37
2025-10-02,wa,187.15
2025-10-03,wa,186.92
2025-10-04,wa,186.32
2025-10-05,wa,185.99
2025-10-06,wa,185.86
2025-10-07,wa,185.59
2025-10-08,wa,185.57
2025-10-09,wa,185.36
2025-10-10,wa,185.48
2025-10-11,wa,185.65
2025-10-12,wa,185.61
2025-10-13,wa,185.46
2025-10-14,wa,185.8
2025-10-15,wa,186.21
2025-10-16,wa,186.44
2025-10-17,wa,186.56
2025-10-18,wa,186.75
2025-10-19,wa,187.13
2025-10-20,wa,187.32
2025-10-21,wa,187.29
2025-10-22,wa,187.21
2025-10-23,wa,187.14
2025-10-24,wa,186.97
2025-10-25,wa,186.48
2025-10-26,wa,185.88
2025-10-27,wa,185.61
2025-10-28,wa,185.29
2025-10-29,wa,185.09
2025-10-30,wa,185.06
2025-10-31,wa,185
2025-11-01,wa,185.33
2025-11-02,wa,185.77
2025-11-03,wa,186.26
2025-11-04,wa,186.79
2025-11-05,wa,187.02
2025-11-06,wa,187.32
2025-11-07,wa,187.51
2025-11-08,wa,187.37
2025-11-09,wa,187.18
2025-11-10,wa,187.06
2025-11-11,wa,186.96
2025-11-12,wa,187.15
2025-11-13,wa,187.24
2025-11-14,wa,187.47
2025-11-15,wa,187.86
2025-11-16,wa,187.87
2025-11-17,wa,187.98
2025-11-18,wa,188.27
2025-11-19,wa,187.9
2025-11-20,wa,187.97
2025-11-21,wa,188.01
2025-11-22,wa,187.95
2025-11-23,wa,188.03
2025-11-24,wa,188.23
2025-11-25,wa,188.12
2025-11-26,wa,188.32
2025-11-27,wa,188.09
2025-11-28,wa,187.96
2025-11-29,wa,188.05
2025-11-30,wa,188.19
2025-12-01,wa,188.28
2025-12-02,wa,188.48
2025-12-03,wa,188.79
2025-12-04,wa,188.84
2025-12-05,wa,188.83
2025-12-06,wa,188.92
2025-12-07,wa,189.07
2025-12-08,wa,188.91
2025-12-09,wa,188.81
2025-12-10,wa,188.85
2025-12-11,wa,189.16
2025-12-12,wa,189.35
2025-12-13,wa,189.13
2025-12-14,wa,188.96
2025-12-15,wa,188.75
2025-12-16,wa,188.36
2025-12-17,wa,187.89
2025-12-18,wa,187.45
2025-12-19,wa,187.19
2025-12-20,wa,187.08
2025-12-21,wa,186.95
2025-12-22,wa,187.12
2025-12-23,wa,187.39
2025-12-24,wa,187.6
2025-12-25,wa,187.85
2025-12-26,wa,188.09
2025-12-27,wa,188.19
2025-12-28,wa,188.3
2025-12-29,wa,188.24
2025-12-30,wa,188.34
2025-12-31,wa,188.44
2026-01-01,wa,188.81
2026-01-02,wa,188.61
2026-01-03,wa,187.84
2026-01-04,wa,187.15
2026-01-05,wa,186.82
2026-01-06,wa,187.2
2026-01-07,wa,188.01
2026-01-08,wa,188.25
2026-01-09,wa,189.23
2026-01-10,wa,190.16
2026-01-11,wa,190.98
2026-01-12,wa,191.43
2026-01-13,wa,191.69
2026-01-14,wa,192.05
2026-01-15,wa,192.78
2026-01-16,wa,193.47
2026-01-17,wa,194.24
2026-01-18,wa,195.41
2026-01-19,wa,196.55
2026-01-20,wa,197.69
2026-01-21,wa,198.82
2026-01-22,wa,200.04
2026-01-23,wa,201.17
2026-01-24,wa,202.42
2026-01-25,wa,203.14
2026-01-26,wa,204.03
2026-01-27,wa,204.46
2026-01-28,wa,204.85
2026-01-29,wa,205.27
2026-01-30,wa,205.5
2026-01-31,wa,205.47
2026-02-01,wa,205.71
2026-02-02,wa,205.77
2026-02-03,wa,206.15
2026-02-04,wa,206.09
2026-02-05,wa,206.16
2026-02-06,wa,206.4
2026-02-07,wa,206.85
2026-02-08,wa,207.21
2026-02-09,wa,207.8
2026-02-10,wa,208.62
2026-02-11,wa,209.76
2026-02-12,wa,210.55
2026-02-13,wa,211.03
2026-02-14,wa,211.72
2026-02-15,wa,212.5
2026-02-16,wa,213.24
2026-02-17,wa,213.57
2026-02-18,wa,214.01
2026-02-19,wa,214.23
2026-02-20,wa,214.61
2026-02-21,wa,214.77
2026-02-22,wa,214.59
2026-02-23,wa,214.36
2026-02-24,wa,214.29
2026-02-25,wa,214.48
2026-02-26,wa,214.74
2026-02-27,wa,215.05
2026-02-28,wa,215.1
2026-03-01,wa,215.6
2026-03-02,wa,216.08
2026-03-03,wa,216.4
2026-03-04,wa,216.35
2026-03-05,wa,216.23
2026-03-06,wa,216.14
2026-03-07,wa,215.96
2026-03-08,wa,215.33
2026-03-09,wa,215.11
2026-03-10,wa,214.15
2026-03-11,wa,212.83
2026-03-12,wa,211.45
2026-03-13,wa,210.14
2026-03-14,wa,209.1
2026-03-15,wa,208.46
2026-03-16,wa,207.73
2026-03-17,wa,207.52
2026-03-18,wa,207.83
2026-03-19,wa,208.28
2026-03-20,wa,208.56
2026-03-21,wa,208.77
2026-03-22,wa,208.57
2026-03-23,wa,208.16
2026-03-24,wa,207.76
2026-03-25,wa,207.28
2026-03-26,wa,206.5
2026-03-27,wa,205.81
2026-03-28,wa,205.33
2026-03-29,wa,205.23
2026-03-30,wa,205.15
2026-03-31,wa,204.89
2026-04-01,wa,204.09
2026-04-02,wa,203.86
2026-04-03,wa,203.41
2026-04-04,wa,202.59
2026-04-05,wa,201.43
2026-04-06,wa,200.22
2026-04-07,wa,198.71
2026-04-08,wa,197.61
2026-04-09,wa,196.28
2026-04-10,wa,195.18
2026-04-11,wa,194.41
2026-04-12,wa,193.91
2026-04-13,wa,193.56
2026-04-14,wa,193.97
2026-04-15,wa,194.44
2026-04-16,wa,194.63
2026-04-17,wa,194.31
2026-04-18,wa,194.7
2026-04-19,wa,194.98
2026-04-20,wa,195.54
2026-04-21,wa,195.99
2026-04-22,wa,196.79
2026-04-23,wa,197.85
2026-04-24,wa,199.68
2026-04-25,wa,200.8
2026-04-26,wa,202.27
2026-04-27,wa,203.2
2026-04-28,wa,203.62
2026-04-29,wa,203.83
2026-04-30,wa,203.79
2026-05-01,wa,203.36
2026-05-02,wa,202.84
2026-05-03,wa,202.13
2026-05-04,wa,202
2026-05-05,wa,202.3
2026-05-06,wa,202.54
2026-05-07,wa,203.19
2026-05-08,wa,203.9
2026-05-09,wa,204.51
2026-05-10,wa,205.05
2026-05-11,wa,205.2
2026-05-12,wa,205.23
2026-05-13,wa,205.06
2026-05-14,wa,204.73
2026-05-15,wa,204.27
2026-05-16,wa,204.37
2026-05-17,wa,204.34
2026-05-18,wa,204.47
2026-05-19,wa,204.83
2026-05-20,wa,204.9
2026-05-21,wa,204.72
2026-05-22,wa,202.95
2026-05-23,wa,200.82
2026-05-24,wa,198.6
2026-05-25,wa,196.28
2026-05-26,wa,193.79
2026-05-27,wa,191.66
2026-05-28,wa,189.77
2026-05-29,wa,189.08
2026-05-30,wa,189.03
2026-05-31,wa,188.39
2026-06-01,wa,188.17
2026-06-02,wa,187.72
2026-06-03,wa,187.25
2026-06-04,wa,186.79
2026-06-05,wa,186.76
2026-06-06,wa,186.96
2026-06-07,wa,187.42
2026-06-08,wa,186.87
2026-06-09,wa,186.42
2026-06-10,wa,186.34
2026-06-11,wa,186.2
2026-06-12,wa,186.79
2026-06-13,wa,186.59
2026-06-14,wa,186.16
2026-06-15,wa,186.77
2026-06-16,wa,187.35
2026-06-17,wa,187.51
2026-06-18,wa,187.66
2026-06-19,wa,187.15
2026-06-20,wa,186.9
2026-06-21,wa,187.02
2026-06-22,wa,186.94
2026-06-23,wa,186.41
2026-06-24,wa,186.12
2026-06-25,wa,185.94
2026-06-26,wa,185.73
2026-06-27,wa,185.91
2026-06-28,wa,185.81
2026-06-29,wa,185.51
2026-06-30,wa,185.84
2026-07-01,wa,186.32
2026-07-02,wa,187.16
2026-07-03,wa,188.26
2026-07-04,wa,189.31
2026-07-05,wa,190.63
2026-07-06,wa,191.74
2026-07-07,wa,192.74
2026-07-08,wa,193.08
2026-07-09,wa,193.23
2026-07-10,wa,192.98
2026-07-11,wa,192.59
2026-07-12,wa,192.42
2026-07-13,wa,191.95
2026-07-14,wa,191.84
2026-07-15,wa,192.22
2026-07-16,wa,192.44
2026-07-17,wa,193.05
2026-07-18,wa,193.59
2026-07-19,wa,194.02
2026-07-20,wa,194.69
2026-07-21,wa,195.05
2026-07-22,wa,195.11
2026-07-23,wa,194.93
2026-07-24,wa,194.72
2026-07-25,wa,194.38
2026-07-26,wa,193.82
2026-07-27,wa,193.14
2026-07-28,wa,192.68
2026-07-29,wa,192.22
2026-07-30,wa,192.23
2026-07-31,wa,191.8
2026-08-01,wa,192.27
2026-08-02,wa,192.73
2026-08-03,wa,193.57
2026-08-04,wa,194.08
2026-08-05,wa,194.79
2026-08-06,wa,195.21
2026-08-07,wa,196.07
2026-08-08,wa,196.22
2026-08-09,wa,196.6
2026-08-10,wa,196.69
2026-08-11,wa,197.22
2026-08-12,wa,198.08
2026-08-13,wa,198.64
2026-08-14,wa,199.36
2026-08-15,wa,199.95
2026-08-16,wa,200.35
2026-08-17,wa,200.94
2026-08-18,wa,201.22
2026-08-19,wa,201.06
2026-08-20,wa,201.36
2026-08-21,wa,201.27
2026-08-22,wa,201.54
2026-08-23,wa,201.67
2026-08-24,wa,201.69
2026-08-25,wa,202.02
2026-08-26,wa,202.11
2026-08-27,wa,201.85
2026-08-28,wa,201.4
2026-08-29,wa,200.86
2026-08-30,wa,200.33
2026-08-31,wa,199.56
2026-09-01,wa,198.79
2026-09-02,wa,198.97
2026-09-03,wa,199.71
2026-09-04,wa,200.91
2026-09-05,wa,201.62
2026-09-06,wa,201.96
2026-09-07,wa,202.72
2026-09-08,wa,203.27
2026-09-09,wa,202.67
2026-09-10,wa,202.16
2026-09-11,wa,201.5
2026-09-12,wa,201.46
2026-09-13,wa,202.07
2026-09-14,wa,202.49
2026-09-15,wa,203.27
2026-09-16,wa,204.62
2026-09-17,wa,205.64
2026-09-18,wa,206.16
