date,jobcountry,indeed_job_postings_index_SA,indeed_job_postings_index_NSA,variable
2020-02-01,FR,100,100,total postings
2020-02-02,FR,99.75,99.97,total postings
2020-02-03,FR,99.61,100.03,total postings
2020-02-04,FR,99.39,99.96,total postings
2020-02-05,FR,99.49,100.1,total postings
2020-02-06,FR,99.45,100.09,total postings
2020-02-07,FR,99.35,100.03,total postings
2020-02-08,FR,99.18,100.09,total postings
2020-02-09,FR,99.01,100.14,total postings
2020-02-10,FR,98.8,100.06,total postings
2020-02-11,FR,98.62,100.02,total postings
2020-02-12,FR,98.49,100.01,total postings
2020-02-13,FR,98.45,100.07,total postings
2020-02-14,FR,98.41,100.13,total postings
2020-02-15,FR,98.35,100.21,total postings
2020-02-16,FR,98.32,100.29,total postings
2020-02-17,FR,98.26,100.34,total postings
2020-02-18,FR,97.95,100.07,total postings
2020-02-19,FR,97.67,99.85,total postings
2020-02-20,FR,97.45,99.7,total postings
2020-02-21,FR,97.16,99.49,total postings
2020-02-22,FR,96.93,99.3,total postings
2020-02-23,FR,96.77,99.11,total postings
2020-02-24,FR,96.61,98.95,total postings
2020-02-25,FR,96.65,99.13,total postings
2020-02-26,FR,96.7,99.28,total postings
2020-02-27,FR,96.78,99.37,total postings
2020-02-28,FR,96.92,99.57,total postings
2020-02-29,FR,97.01,99.71,total postings
2020-03-01,FR,97.09,99.85,total postings
2020-03-02,FR,97.18,99.96,total postings
2020-03-03,FR,97.31,100.02,total postings
2020-03-04,FR,97.36,100.05,total postings
2020-03-05,FR,97.27,100.04,total postings
2020-03-06,FR,97.21,99.99,total postings
2020-03-07,FR,97.14,100,total postings
2020-03-08,FR,97.02,100.02,total postings
2020-03-09,FR,96.83,100.04,total postings
2020-03-10,FR,96.79,100.27,total postings
2020-03-11,FR,96.82,100.51,total postings
2020-03-12,FR,96.86,100.8,total postings
2020-03-13,FR,96.9,101.05,total postings
2020-03-14,FR,96.99,101.25,total postings
2020-03-15,FR,96.99,101.41,total postings
2020-03-16,FR,97.02,101.55,total postings
2020-03-17,FR,96.76,101.31,total postings
2020-03-18,FR,96.26,100.76,total postings
2020-03-19,FR,95.62,99.97,total postings
2020-03-20,FR,94.79,99.03,total postings
2020-03-21,FR,93.72,97.85,total postings
2020-03-22,FR,92.57,96.67,total postings
2020-03-23,FR,91.42,95.5,total postings
2020-03-24,FR,90.07,94.31,total postings
2020-03-25,FR,88.63,93.02,total postings
2020-03-26,FR,86.9,91.7,total postings
2020-03-27,FR,85.35,90.53,total postings
2020-03-28,FR,83.52,89.19,total postings
2020-03-29,FR,81.75,87.85,total postings
2020-03-30,FR,80,86.54,total postings
2020-03-31,FR,78.47,85.26,total postings
2020-04-01,FR,77.15,84.24,total postings
2020-04-02,FR,76.13,83.16,total postings
2020-04-03,FR,74.91,81.96,total postings
2020-04-04,FR,74.29,81.07,total postings
2020-04-05,FR,73.6,80.04,total postings
2020-04-06,FR,72.8,78.98,total postings
2020-04-07,FR,71.78,77.78,total postings
2020-04-08,FR,70.73,76.63,total postings
2020-04-09,FR,69.69,75.63,total postings
2020-04-10,FR,68.57,74.7,total postings
2020-04-11,FR,67.16,73.83,total postings
2020-04-12,FR,65.68,72.89,total postings
2020-04-13,FR,64.42,72.03,total postings
2020-04-14,FR,63.47,71.3,total postings
2020-04-15,FR,62.66,70.7,total postings
2020-04-16,FR,61.89,70.2,total postings
2020-04-17,FR,61.22,69.77,total postings
2020-04-18,FR,60.85,69.48,total postings
2020-04-19,FR,60.58,69.24,total postings
2020-04-20,FR,60.42,69.11,total postings
2020-04-21,FR,60.29,69.16,total postings
2020-04-22,FR,60.09,69.12,total postings
2020-04-23,FR,59.84,69.04,total postings
2020-04-24,FR,59.75,68.99,total postings
2020-04-25,FR,59.59,68.94,total postings
2020-04-26,FR,59.35,68.93,total postings
2020-04-27,FR,59.12,68.9,total postings
2020-04-28,FR,58.76,68.78,total postings
2020-04-29,FR,58.33,68.67,total postings
2020-04-30,FR,58.01,68.59,total postings
2020-05-01,FR,57.67,68.4,total postings
2020-05-02,FR,57.51,68.14,total postings
2020-05-03,FR,57.38,67.86,total postings
2020-05-04,FR,57.19,67.54,total postings
2020-05-05,FR,57.37,67.26,total postings
2020-05-06,FR,57.34,66.98,total postings
2020-05-07,FR,57.27,66.7,total postings
2020-05-08,FR,57.29,66.56,total postings
2020-05-09,FR,57.34,66.43,total postings
2020-05-10,FR,57.43,66.34,total postings
2020-05-11,FR,57.48,66.24,total postings
2020-05-12,FR,57.24,66.18,total postings
2020-05-13,FR,57.39,66.29,total postings
2020-05-14,FR,57.48,66.43,total postings
2020-05-15,FR,57.65,66.61,total postings
2020-05-16,FR,57.53,66.59,total postings
2020-05-17,FR,57.55,66.75,total postings
2020-05-18,FR,57.65,66.89,total postings
2020-05-19,FR,57.85,67.11,total postings
2020-05-20,FR,57.9,67.1,total postings
2020-05-21,FR,58.23,67.28,total postings
2020-05-22,FR,58.35,67.34,total postings
2020-05-23,FR,58.43,67.41,total postings
2020-05-24,FR,58.45,67.43,total postings
2020-05-25,FR,58.46,67.5,total postings
2020-05-26,FR,58.32,67.47,total postings
2020-05-27,FR,58.22,67.5,total postings
2020-05-28,FR,57.94,67.35,total postings
2020-05-29,FR,57.85,67.35,total postings
2020-05-30,FR,57.99,67.64,total postings
2020-05-31,FR,58.05,67.76,total postings
2020-06-01,FR,58.08,67.83,total postings
2020-06-02,FR,58.07,67.85,total postings
2020-06-03,FR,58.15,67.93,total postings
2020-06-04,FR,58.18,68,total postings
2020-06-05,FR,58.2,68.13,total postings
2020-06-06,FR,58.06,68.13,total postings
2020-06-07,FR,58.04,68.34,total postings
2020-06-08,FR,57.97,68.53,total postings
2020-06-09,FR,58.04,68.92,total postings
2020-06-10,FR,58.08,69.31,total postings
2020-06-11,FR,58.22,69.73,total postings
2020-06-12,FR,58.37,70.08,total postings
2020-06-13,FR,58.47,70.47,total postings
2020-06-14,FR,58.63,70.88,total postings
2020-06-15,FR,58.82,71.25,total postings
2020-06-16,FR,58.94,71.56,total postings
2020-06-17,FR,59.06,71.8,total postings
2020-06-18,FR,59.08,72.05,total postings
2020-06-19,FR,58.95,72.19,total postings
2020-06-20,FR,58.86,72.32,total postings
2020-06-21,FR,58.75,72.46,total postings
2020-06-22,FR,58.69,72.63,total postings
2020-06-23,FR,58.65,72.78,total postings
2020-06-24,FR,58.62,72.98,total postings
2020-06-25,FR,58.68,73.13,total postings
2020-06-26,FR,58.78,73.3,total postings
2020-06-27,FR,58.95,73.46,total postings
2020-06-28,FR,59.12,73.61,total postings
2020-06-29,FR,59.23,73.69,total postings
2020-06-30,FR,59.47,73.8,total postings
2020-07-01,FR,59.69,73.85,total postings
2020-07-02,FR,59.91,73.9,total postings
2020-07-03,FR,60.26,74.03,total postings
2020-07-04,FR,60.55,74.14,total postings
2020-07-05,FR,60.81,74.22,total postings
2020-07-06,FR,61.15,74.4,total postings
2020-07-07,FR,61.39,74.55,total postings
2020-07-08,FR,61.74,74.83,total postings
2020-07-09,FR,62.04,75.12,total postings
2020-07-10,FR,62.26,75.36,total postings
2020-07-11,FR,62.3,75.43,total postings
2020-07-12,FR,62.43,75.49,total postings
2020-07-13,FR,62.49,75.51,total postings
2020-07-14,FR,62.43,75.52,total postings
2020-07-15,FR,62.24,75.3,total postings
2020-07-16,FR,62.14,75.07,total postings
2020-07-17,FR,62,74.83,total postings
2020-07-18,FR,62.03,74.72,total postings
2020-07-19,FR,62,74.59,total postings
2020-07-20,FR,62.07,74.49,total postings
2020-07-21,FR,62.25,74.38,total postings
2020-07-22,FR,62.5,74.48,total postings
2020-07-23,FR,62.78,74.6,total postings
2020-07-24,FR,63.09,74.67,total postings
2020-07-25,FR,63.4,74.77,total postings
2020-07-26,FR,63.68,74.85,total postings
2020-07-27,FR,63.91,74.92,total postings
2020-07-28,FR,64.16,74.96,total postings
2020-07-29,FR,64.42,75.01,total postings
2020-07-30,FR,64.51,74.95,total postings
2020-07-31,FR,64.66,74.91,total postings
2020-08-01,FR,64.75,74.71,total postings
2020-08-02,FR,64.79,74.52,total postings
2020-08-03,FR,64.89,74.32,total postings
2020-08-04,FR,65.03,74.14,total postings
2020-08-05,FR,65.73,74.59,total postings
2020-08-06,FR,66.58,75.14,total postings
2020-08-07,FR,67.37,75.66,total postings
2020-08-08,FR,68.24,76.29,total postings
2020-08-09,FR,69.18,76.91,total postings
2020-08-10,FR,69.99,77.49,total postings
2020-08-11,FR,70.76,78.02,total postings
2020-08-12,FR,70.96,77.9,total postings
2020-08-13,FR,71.26,77.83,total postings
2020-08-14,FR,71.57,77.81,total postings
2020-08-15,FR,71.81,77.77,total postings
2020-08-16,FR,72.21,77.8,total postings
2020-08-17,FR,72.72,77.84,total postings
2020-08-18,FR,73.28,77.94,total postings
2020-08-19,FR,73.73,78,total postings
2020-08-20,FR,74.04,77.97,total postings
2020-08-21,FR,74.33,77.87,total postings
2020-08-22,FR,74.61,77.81,total postings
2020-08-23,FR,74.75,77.68,total postings
2020-08-24,FR,74.8,77.6,total postings
2020-08-25,FR,74.85,77.6,total postings
2020-08-26,FR,74.88,77.58,total postings
2020-08-27,FR,74.99,77.68,total postings
2020-08-28,FR,75.03,77.82,total postings
2020-08-29,FR,75.22,78,total postings
2020-08-30,FR,75.34,78.26,total postings
2020-08-31,FR,75.47,78.42,total postings
2020-09-01,FR,75.57,78.41,total postings
2020-09-02,FR,75.79,78.5,total postings
2020-09-03,FR,75.9,78.54,total postings
2020-09-04,FR,76.09,78.63,total postings
2020-09-05,FR,76.17,78.72,total postings
2020-09-06,FR,76.33,78.85,total postings
2020-09-07,FR,76.37,79.01,total postings
2020-09-08,FR,76.48,79.35,total postings
2020-09-09,FR,76.51,79.74,total postings
2020-09-10,FR,76.56,80.16,total postings
2020-09-11,FR,76.72,80.64,total postings
2020-09-12,FR,76.79,81.01,total postings
2020-09-13,FR,76.8,81.36,total postings
2020-09-14,FR,76.85,81.69,total postings
2020-09-15,FR,76.74,81.94,total postings
2020-09-16,FR,76.76,82.12,total postings
2020-09-17,FR,76.76,82.31,total postings
2020-09-18,FR,76.76,82.46,total postings
2020-09-19,FR,76.84,82.69,total postings
2020-09-20,FR,77.09,82.93,total postings
2020-09-21,FR,77.28,83.11,total postings
2020-09-22,FR,77.64,83.44,total postings
2020-09-23,FR,77.85,83.63,total postings
2020-09-24,FR,78.04,83.76,total postings
2020-09-25,FR,78.19,83.9,total postings
2020-09-26,FR,78.32,83.97,total postings
2020-09-27,FR,78.41,84.07,total postings
2020-09-28,FR,78.69,84.26,total postings
2020-09-29,FR,78.85,84.36,total postings
2020-09-30,FR,79.06,84.5,total postings
2020-10-01,FR,79.19,84.37,total postings
2020-10-02,FR,79.27,84.21,total postings
2020-10-03,FR,79.49,84.12,total postings
2020-10-04,FR,79.55,83.87,total postings
2020-10-05,FR,79.51,83.61,total postings
2020-10-06,FR,79.55,83.39,total postings
2020-10-07,FR,79.49,83.27,total postings
2020-10-08,FR,79.54,83.35,total postings
2020-10-09,FR,79.5,83.49,total postings
2020-10-10,FR,79.49,83.55,total postings
2020-10-11,FR,79.61,83.74,total postings
2020-10-12,FR,79.79,83.87,total postings
2020-10-13,FR,79.89,83.88,total postings
2020-10-14,FR,80.08,83.86,total postings
2020-10-15,FR,80.35,83.96,total postings
2020-10-16,FR,80.48,83.84,total postings
2020-10-17,FR,80.49,83.8,total postings
2020-10-18,FR,80.56,83.82,total postings
2020-10-19,FR,80.54,83.78,total postings
2020-10-20,FR,80.56,83.83,total postings
2020-10-21,FR,80.75,84.01,total postings
2020-10-22,FR,80.71,83.97,total postings
2020-10-23,FR,80.7,83.92,total postings
2020-10-24,FR,80.74,83.91,total postings
2020-10-25,FR,80.64,83.79,total postings
2020-10-26,FR,80.62,83.81,total postings
2020-10-27,FR,80.7,83.87,total postings
2020-10-28,FR,80.58,83.7,total postings
2020-10-29,FR,80.56,83.63,total postings
2020-10-30,FR,80.58,83.56,total postings
2020-10-31,FR,80.47,83.32,total postings
2020-11-01,FR,80.39,83.03,total postings
2020-11-02,FR,80.4,82.7,total postings
2020-11-03,FR,80.18,82.08,total postings
2020-11-04,FR,79.93,81.45,total postings
2020-11-05,FR,79.68,80.86,total postings
2020-11-06,FR,79.42,80.28,total postings
2020-11-07,FR,79.21,79.82,total postings
2020-11-08,FR,79.05,79.4,total postings
2020-11-09,FR,78.71,78.93,total postings
2020-11-10,FR,78.48,78.74,total postings
2020-11-11,FR,78.36,78.62,total postings
2020-11-12,FR,78.19,78.37,total postings
2020-11-13,FR,78.02,78.11,total postings
2020-11-14,FR,77.71,77.71,total postings
2020-11-15,FR,77.56,77.44,total postings
2020-11-16,FR,77.46,77.2,total postings
2020-11-17,FR,77.38,76.93,total postings
2020-11-18,FR,77.37,76.73,total postings
2020-11-19,FR,77.35,76.59,total postings
2020-11-20,FR,77.46,76.58,total postings
2020-11-21,FR,77.65,76.66,total postings
2020-11-22,FR,77.73,76.66,total postings
2020-11-23,FR,77.87,76.74,total postings
2020-11-24,FR,77.99,76.78,total postings
2020-11-25,FR,78.03,76.76,total postings
2020-11-26,FR,78.23,76.88,total postings
2020-11-27,FR,78.39,77,total postings
2020-11-28,FR,78.63,77.16,total postings
2020-11-29,FR,78.89,77.3,total postings
2020-11-30,FR,79.13,77.41,total postings
2020-12-01,FR,79.34,77.49,total postings
2020-12-02,FR,79.52,77.56,total postings
2020-12-03,FR,79.67,77.65,total postings
2020-12-04,FR,79.79,77.74,total postings
2020-12-05,FR,79.99,77.9,total postings
2020-12-06,FR,80.1,78.1,total postings
2020-12-07,FR,80.21,78.29,total postings
2020-12-08,FR,80.24,78.51,total postings
2020-12-09,FR,80.36,78.84,total postings
2020-12-10,FR,80.49,79.15,total postings
2020-12-11,FR,80.7,79.54,total postings
2020-12-12,FR,80.76,79.79,total postings
2020-12-13,FR,80.86,80.03,total postings
2020-12-14,FR,81.05,80.36,total postings
2020-12-15,FR,81.32,80.62,total postings
2020-12-16,FR,81.54,80.79,total postings
2020-12-17,FR,81.65,80.84,total postings
2020-12-18,FR,81.77,80.82,total postings
2020-12-19,FR,81.95,80.82,total postings
2020-12-20,FR,82.16,80.83,total postings
2020-12-21,FR,82.3,80.72,total postings
2020-12-22,FR,82.43,80.59,total postings
2020-12-23,FR,82.55,80.45,total postings
2020-12-24,FR,82.8,80.39,total postings
2020-12-25,FR,83.09,80.31,total postings
2020-12-26,FR,83.19,79.97,total postings
2020-12-27,FR,83.32,79.67,total postings
2020-12-28,FR,83.57,79.45,total postings
2020-12-29,FR,83.81,79.27,total postings
2020-12-30,FR,84.02,79.03,total postings
2020-12-31,FR,84.22,78.7,total postings
2021-01-01,FR,84.36,78.28,total postings
2021-01-02,FR,84.52,77.92,total postings
2021-01-03,FR,84.62,77.47,total postings
2021-01-04,FR,84.51,76.96,total postings
2021-01-05,FR,84.48,76.57,total postings
2021-01-06,FR,84.57,76.35,total postings
2021-01-07,FR,84.62,76.29,total postings
2021-01-08,FR,84.61,76.4,total postings
2021-01-09,FR,84.78,76.81,total postings
2021-01-10,FR,84.87,77.23,total postings
2021-01-11,FR,85.01,77.7,total postings
2021-01-12,FR,85.16,78.13,total postings
2021-01-13,FR,85.25,78.53,total postings
2021-01-14,FR,85.39,78.94,total postings
2021-01-15,FR,85.51,79.27,total postings
2021-01-16,FR,85.59,79.56,total postings
2021-01-17,FR,85.67,79.79,total postings
2021-01-18,FR,85.73,79.98,total postings
2021-01-19,FR,85.79,80.24,total postings
2021-01-20,FR,85.85,80.45,total postings
2021-01-21,FR,85.89,80.61,total postings
2021-01-22,FR,86.03,80.84,total postings
2021-01-23,FR,86.16,81.11,total postings
2021-01-24,FR,86.36,81.5,total postings
2021-01-25,FR,86.54,81.96,total postings
2021-01-26,FR,86.6,82.35,total postings
2021-01-27,FR,86.51,82.73,total postings
2021-01-28,FR,86.45,83.17,total postings
2021-01-29,FR,86.14,83.53,total postings
2021-01-30,FR,85.85,83.9,total postings
2021-01-31,FR,85.62,84.21,total postings
2021-02-01,FR,85.6,84.46,total postings
2021-02-02,FR,85.59,84.7,total postings
2021-02-03,FR,85.62,84.92,total postings
2021-02-04,FR,85.59,85.07,total postings
2021-02-05,FR,85.67,85.22,total postings
2021-02-06,FR,85.7,85.29,total postings
2021-02-07,FR,85.71,85.38,total postings
2021-02-08,FR,85.51,85.44,total postings
2021-02-09,FR,85.29,85.48,total postings
2021-02-10,FR,85.17,85.54,total postings
2021-02-11,FR,85.08,85.64,total postings
2021-02-12,FR,85.1,85.78,total postings
2021-02-13,FR,85.18,85.96,total postings
2021-02-14,FR,85.27,86.18,total postings
2021-02-15,FR,85.37,86.42,total postings
2021-02-16,FR,85.46,86.61,total postings
2021-02-17,FR,85.53,86.79,total postings
2021-02-18,FR,85.64,86.94,total postings
2021-02-19,FR,85.65,87.05,total postings
2021-02-20,FR,85.64,87.14,total postings
2021-02-21,FR,85.56,87.18,total postings
2021-02-22,FR,85.51,87.19,total postings
2021-02-23,FR,85.61,87.3,total postings
2021-02-24,FR,85.72,87.44,total postings
2021-02-25,FR,85.79,87.64,total postings
2021-02-26,FR,85.89,87.84,total postings
2021-02-27,FR,86.03,87.99,total postings
2021-02-28,FR,86.14,88.14,total postings
2021-03-01,FR,86.13,88.12,total postings
2021-03-02,FR,86.14,88.12,total postings
2021-03-03,FR,86.19,88.13,total postings
2021-03-04,FR,86.23,88.15,total postings
2021-03-05,FR,86.3,88.24,total postings
2021-03-06,FR,86.32,88.34,total postings
2021-03-07,FR,86.39,88.51,total postings
2021-03-08,FR,86.56,88.86,total postings
2021-03-09,FR,86.64,89.21,total postings
2021-03-10,FR,86.71,89.59,total postings
2021-03-11,FR,87.4,90.56,total postings
2021-03-12,FR,87.52,90.96,total postings
2021-03-13,FR,88.06,91.73,total postings
2021-03-14,FR,88.4,92.23,total postings
2021-03-15,FR,88.66,92.66,total postings
2021-03-16,FR,89.41,93.54,total postings
2021-03-17,FR,89.89,94.05,total postings
2021-03-18,FR,89.94,94.08,total postings
2021-03-19,FR,90.58,94.68,total postings
2021-03-20,FR,91.05,95.16,total postings
2021-03-21,FR,91.68,95.83,total postings
2021-03-22,FR,92.27,96.5,total postings
2021-03-23,FR,92.14,96.46,total postings
2021-03-24,FR,92.15,96.74,total postings
2021-03-25,FR,92.05,96.91,total postings
2021-03-26,FR,91.74,97.13,total postings
2021-03-27,FR,91.32,97.18,total postings
2021-03-28,FR,90.79,97.26,total postings
2021-03-29,FR,90.37,97.4,total postings
2021-03-30,FR,90.24,97.82,total postings
2021-03-31,FR,90.31,98.27,total postings
2021-04-01,FR,90.19,98.54,total postings
2021-04-02,FR,90.33,98.72,total postings
2021-04-03,FR,90.38,98.94,total postings
2021-04-04,FR,90.7,99.12,total postings
2021-04-05,FR,91.1,99.31,total postings
2021-04-06,FR,91.31,99.22,total postings
2021-04-07,FR,91.23,98.91,total postings
2021-04-08,FR,91.18,98.79,total postings
2021-04-09,FR,90.98,98.71,total postings
2021-04-10,FR,90.63,98.5,total postings
2021-04-11,FR,89.8,98.1,total postings
2021-04-12,FR,89.07,97.79,total postings
2021-04-13,FR,88.55,97.76,total postings
2021-04-14,FR,88.16,97.89,total postings
2021-04-15,FR,87.88,97.99,total postings
2021-04-16,FR,87.64,98.08,total postings
2021-04-17,FR,87.55,98.29,total postings
2021-04-18,FR,87.73,98.66,total postings
2021-04-19,FR,87.87,98.97,total postings
2021-04-20,FR,88.05,99.29,total postings
2021-04-21,FR,88.34,99.71,total postings
2021-04-22,FR,88.68,100.16,total postings
2021-04-23,FR,88.98,100.64,total postings
2021-04-24,FR,89.27,101.01,total postings
2021-04-25,FR,89.5,101.38,total postings
2021-04-26,FR,89.53,101.64,total postings
2021-04-27,FR,89.54,101.89,total postings
2021-04-28,FR,89.48,102.09,total postings
2021-04-29,FR,89.35,102.3,total postings
2021-04-30,FR,89.4,102.59,total postings
2021-05-01,FR,89.56,102.9,total postings
2021-05-02,FR,90.01,103.3,total postings
2021-05-03,FR,90.59,103.77,total postings
2021-05-04,FR,91.22,104.31,total postings
2021-05-05,FR,92.29,104.92,total postings
2021-05-06,FR,93.19,105.63,total postings
2021-05-07,FR,94.14,106.39,total postings
2021-05-08,FR,95.1,107.25,total postings
2021-05-09,FR,96.13,108.14,total postings
2021-05-10,FR,97.11,108.98,total postings
2021-05-11,FR,98.02,109.79,total postings
2021-05-12,FR,98.58,110.57,total postings
2021-05-13,FR,99.41,111.38,total postings
2021-05-14,FR,99.68,111.72,total postings
2021-05-15,FR,99.88,111.9,total postings
2021-05-16,FR,99.83,111.94,total postings
2021-05-17,FR,99.74,111.93,total postings
2021-05-18,FR,99.8,111.99,total postings
2021-05-19,FR,99.86,112.04,total postings
2021-05-20,FR,100.05,112.14,total postings
2021-05-21,FR,100.62,112.55,total postings
2021-05-22,FR,101.18,113.07,total postings
2021-05-23,FR,101.73,113.64,total postings
2021-05-24,FR,102.38,114.34,total postings
2021-05-25,FR,102.74,114.76,total postings
2021-05-26,FR,103.03,115.2,total postings
2021-05-27,FR,103.14,115.49,total postings
2021-05-28,FR,103.3,115.81,total postings
2021-05-29,FR,103.58,116.17,total postings
2021-05-30,FR,103.96,116.64,total postings
2021-05-31,FR,104.26,116.96,total postings
2021-06-01,FR,104.69,117.43,total postings
2021-06-02,FR,105.09,117.85,total postings
2021-06-03,FR,105.59,118.33,total postings
2021-06-04,FR,106.08,118.84,total postings
2021-06-05,FR,106.59,119.49,total postings
2021-06-06,FR,106.92,120.03,total postings
2021-06-07,FR,107.23,120.56,total postings
2021-06-08,FR,107.5,121.16,total postings
2021-06-09,FR,107.83,121.86,total postings
2021-06-10,FR,108.04,122.44,total postings
2021-06-11,FR,108.27,122.99,total postings
2021-06-12,FR,108.49,123.39,total postings
2021-06-13,FR,108.65,123.83,total postings
2021-06-14,FR,108.98,124.43,total postings
2021-06-15,FR,109.52,125.14,total postings
2021-06-16,FR,110.04,125.82,total postings
2021-06-17,FR,110.61,126.51,total postings
2021-06-18,FR,111.05,127.19,total postings
2021-06-19,FR,111.41,127.86,total postings
2021-06-20,FR,111.82,128.53,total postings
2021-06-21,FR,112.14,129.14,total postings
2021-06-22,FR,112.26,129.53,total postings
2021-06-23,FR,112.31,129.82,total postings
2021-06-24,FR,112.35,130.01,total postings
2021-06-25,FR,112.49,130.14,total postings
2021-06-26,FR,112.74,130.44,total postings
2021-06-27,FR,112.85,130.52,total postings
2021-06-28,FR,113.08,130.84,total postings
2021-06-29,FR,113.32,131.14,total postings
2021-06-30,FR,113.59,131.29,total postings
2021-07-01,FR,113.86,131.43,total postings
2021-07-02,FR,114.14,131.62,total postings
2021-07-03,FR,114.24,131.47,total postings
2021-07-04,FR,114.55,131.56,total postings
2021-07-05,FR,114.59,131.23,total postings
2021-07-06,FR,114.68,131.04,total postings
2021-07-07,FR,114.74,130.91,total postings
2021-07-08,FR,114.87,130.96,total postings
2021-07-09,FR,114.87,130.95,total postings
2021-07-10,FR,115.13,131.28,total postings
2021-07-11,FR,115.15,131.31,total postings
2021-07-12,FR,115.28,131.35,total postings
2021-07-13,FR,115.36,131.37,total postings
2021-07-14,FR,115.49,131.61,total postings
2021-07-15,FR,115.37,131.46,total postings
2021-07-16,FR,115.4,131.36,total postings
2021-07-17,FR,115.51,131.37,total postings
2021-07-18,FR,115.74,131.48,total postings
2021-07-19,FR,116.04,131.72,total postings
2021-07-20,FR,116.28,131.83,total postings
2021-07-21,FR,116.4,131.68,total postings
2021-07-22,FR,116.8,131.94,total postings
2021-07-23,FR,117.01,132.01,total postings
2021-07-24,FR,117.26,132.05,total postings
2021-07-25,FR,117.45,132.01,total postings
2021-07-26,FR,117.48,131.83,total postings
2021-07-27,FR,117.54,131.74,total postings
2021-07-28,FR,117.67,131.65,total postings
2021-07-29,FR,117.64,131.37,total postings
2021-07-30,FR,117.68,131.22,total postings
2021-07-31,FR,117.57,130.84,total postings
2021-08-01,FR,117.4,130.35,total postings
2021-08-02,FR,117.37,130.06,total postings
2021-08-03,FR,117.29,129.61,total postings
2021-08-04,FR,117.26,129.2,total postings
2021-08-05,FR,117.18,128.79,total postings
2021-08-06,FR,117.15,128.4,total postings
2021-08-07,FR,117.2,128.09,total postings
2021-08-08,FR,117.19,127.77,total postings
2021-08-09,FR,116.99,127.17,total postings
2021-08-10,FR,117.02,126.93,total postings
2021-08-11,FR,116.99,126.63,total postings
2021-08-12,FR,117.08,126.37,total postings
2021-08-13,FR,117.26,126.15,total postings
2021-08-14,FR,117.28,125.84,total postings
2021-08-15,FR,117.42,125.67,total postings
2021-08-16,FR,117.88,125.77,total postings
2021-08-17,FR,118.12,125.51,total postings
2021-08-18,FR,118.46,125.38,total postings
2021-08-19,FR,118.81,125.37,total postings
2021-08-20,FR,119.12,125.38,total postings
2021-08-21,FR,119.54,125.46,total postings
2021-08-22,FR,119.9,125.53,total postings
2021-08-23,FR,120.03,125.44,total postings
2021-08-24,FR,120.31,125.67,total postings
2021-08-25,FR,120.47,125.82,total postings
2021-08-26,FR,120.69,126.01,total postings
2021-08-27,FR,120.88,126.22,total postings
2021-08-28,FR,121.15,126.61,total postings
2021-08-29,FR,121.35,126.81,total postings
2021-08-30,FR,121.61,127.16,total postings
2021-08-31,FR,121.75,127.29,total postings
2021-09-01,FR,121.94,127.36,total postings
2021-09-02,FR,122.1,127.38,total postings
2021-09-03,FR,122.17,127.35,total postings
2021-09-04,FR,122.25,127.29,total postings
2021-09-05,FR,122.45,127.51,total postings
2021-09-06,FR,122.62,127.7,total postings
2021-09-07,FR,122.84,128.06,total postings
2021-09-08,FR,123.14,128.63,total postings
2021-09-09,FR,123.3,129.19,total postings
2021-09-10,FR,123.51,129.84,total postings
2021-09-11,FR,123.89,130.58,total postings
2021-09-12,FR,124.16,131.18,total postings
2021-09-13,FR,124.46,131.83,total postings
2021-09-14,FR,124.6,132.29,total postings
2021-09-15,FR,124.71,132.76,total postings
2021-09-16,FR,124.94,133.18,total postings
2021-09-17,FR,125.24,133.67,total postings
2021-09-18,FR,125.44,134.04,total postings
2021-09-19,FR,125.72,134.51,total postings
2021-09-20,FR,126.07,134.87,total postings
2021-09-21,FR,126.45,135.29,total postings
2021-09-22,FR,126.8,135.63,total postings
2021-09-23,FR,127.27,136.13,total postings
2021-09-24,FR,127.54,136.38,total postings
2021-09-25,FR,127.68,136.51,total postings
2021-09-26,FR,127.9,136.67,total postings
2021-09-27,FR,128.04,136.85,total postings
2021-09-28,FR,128.35,137.05,total postings
2021-09-29,FR,128.54,137.16,total postings
2021-09-30,FR,128.64,137.14,total postings
2021-10-01,FR,128.68,136.87,total postings
2021-10-02,FR,128.82,136.77,total postings
2021-10-03,FR,128.7,136.27,total postings
2021-10-04,FR,128.62,135.83,total postings
2021-10-05,FR,128.63,135.6,total postings
2021-10-06,FR,128.83,135.55,total postings
2021-10-07,FR,128.89,135.53,total postings
2021-10-08,FR,129.18,135.9,total postings
2021-10-09,FR,129.35,136.29,total postings
2021-10-10,FR,129.82,136.9,total postings
2021-10-11,FR,130.26,137.44,total postings
2021-10-12,FR,130.37,137.5,total postings
2021-10-13,FR,130.42,137.46,total postings
2021-10-14,FR,130.53,137.38,total postings
2021-10-15,FR,130.66,137.32,total postings
2021-10-16,FR,130.82,137.22,total postings
2021-10-17,FR,130.9,137.24,total postings
2021-10-18,FR,130.87,137.15,total postings
2021-10-19,FR,131.16,137.47,total postings
2021-10-20,FR,131.35,137.71,total postings
2021-10-21,FR,131.68,138.07,total postings
2021-10-22,FR,131.8,138.23,total postings
2021-10-23,FR,132.13,138.58,total postings
2021-10-24,FR,132.21,138.65,total postings
2021-10-25,FR,132.46,138.91,total postings
2021-10-26,FR,132.54,139.02,total postings
2021-10-27,FR,132.72,139.2,total postings
2021-10-28,FR,132.8,139.23,total postings
2021-10-29,FR,133.04,139.4,total postings
2021-10-30,FR,133.26,139.49,total postings
2021-10-31,FR,133.54,139.59,total postings
2021-11-01,FR,133.87,139.71,total postings
2021-11-02,FR,134.09,139.57,total postings
2021-11-03,FR,134.11,139.16,total postings
2021-11-04,FR,134.27,138.93,total postings
2021-11-05,FR,134.42,138.74,total postings
2021-11-06,FR,134.41,138.41,total postings
2021-11-07,FR,134.49,138.23,total postings
2021-11-08,FR,134.36,137.86,total postings
2021-11-09,FR,134.48,137.89,total postings
2021-11-10,FR,134.66,138.13,total postings
2021-11-11,FR,134.85,138.35,total postings
2021-11-12,FR,134.86,138.28,total postings
2021-11-13,FR,134.66,137.99,total postings
2021-11-14,FR,134.58,137.84,total postings
2021-11-15,FR,134.59,137.71,total postings
2021-11-16,FR,134.56,137.53,total postings
2021-11-17,FR,134.45,137.22,total postings
2021-11-18,FR,134.12,136.69,total postings
2021-11-19,FR,134.13,136.61,total postings
2021-11-20,FR,134.17,136.52,total postings
2021-11-21,FR,134.19,136.44,total postings
2021-11-22,FR,134.2,136.4,total postings
2021-11-23,FR,134.17,136.33,total postings
2021-11-24,FR,134.24,136.35,total postings
2021-11-25,FR,134.38,136.42,total postings
2021-11-26,FR,134.38,136.33,total postings
2021-11-27,FR,134.48,136.4,total postings
2021-11-28,FR,134.52,136.34,total postings
2021-11-29,FR,134.74,136.39,total postings
2021-11-30,FR,134.92,136.38,total postings
2021-12-01,FR,135.08,136.35,total postings
2021-12-02,FR,135.19,136.35,total postings
2021-12-03,FR,135.29,136.35,total postings
2021-12-04,FR,135.56,136.56,total postings
2021-12-05,FR,135.69,136.63,total postings
2021-12-06,FR,135.67,136.69,total postings
2021-12-07,FR,135.69,136.77,total postings
2021-12-08,FR,135.68,136.96,total postings
2021-12-09,FR,135.68,137.17,total postings
2021-12-10,FR,135.7,137.38,total postings
2021-12-11,FR,135.62,137.47,total postings
2021-12-12,FR,135.75,137.79,total postings
2021-12-13,FR,135.88,138.06,total postings
2021-12-14,FR,135.94,138.29,total postings
2021-12-15,FR,136.08,138.42,total postings
2021-12-16,FR,136.21,138.51,total postings
2021-12-17,FR,136.28,138.53,total postings
2021-12-18,FR,136.37,138.53,total postings
2021-12-19,FR,136.46,138.46,total postings
2021-12-20,FR,136.53,138.36,total postings
2021-12-21,FR,136.57,138.19,total postings
2021-12-22,FR,136.58,137.98,total postings
2021-12-23,FR,136.69,137.88,total postings
2021-12-24,FR,136.87,137.8,total postings
2021-12-25,FR,136.98,137.53,total postings
2021-12-26,FR,137.06,137.15,total postings
2021-12-27,FR,137.32,137.03,total postings
2021-12-28,FR,137.49,136.71,total postings
2021-12-29,FR,137.72,136.5,total postings
2021-12-30,FR,137.82,136.08,total postings
2021-12-31,FR,137.8,135.48,total postings
2022-01-01,FR,137.75,134.83,total postings
2022-01-02,FR,137.7,134.19,total postings
2022-01-03,FR,137.42,133.3,total postings
2022-01-04,FR,137.41,132.84,total postings
2022-01-05,FR,137.32,132.33,total postings
2022-01-06,FR,137.18,131.85,total postings
2022-01-07,FR,137.29,131.82,total postings
2022-01-08,FR,137.5,132.16,total postings
2022-01-09,FR,137.47,132.36,total postings
2022-01-10,FR,137.55,132.78,total postings
2022-01-11,FR,137.46,133.01,total postings
2022-01-12,FR,137.44,133.25,total postings
2022-01-13,FR,137.61,133.74,total postings
2022-01-14,FR,137.61,134.01,total postings
2022-01-15,FR,137.61,134.23,total postings
2022-01-16,FR,137.74,134.56,total postings
2022-01-17,FR,137.81,134.77,total postings
2022-01-18,FR,138.02,135.13,total postings
2022-01-19,FR,138.2,135.51,total postings
2022-01-20,FR,138.39,135.86,total postings
2022-01-21,FR,138.58,136.21,total postings
2022-01-22,FR,138.69,136.44,total postings
2022-01-23,FR,138.89,136.83,total postings
2022-01-24,FR,139.04,137.2,total postings
2022-01-25,FR,139.29,137.72,total postings
2022-01-26,FR,139.59,138.34,total postings
2022-01-27,FR,139.88,139,total postings
2022-01-28,FR,140.29,139.88,total postings
2022-01-29,FR,140.7,140.98,total postings
2022-01-30,FR,141.15,142.08,total postings
2022-01-31,FR,141.71,143.17,total postings
2022-02-01,FR,141.99,143.75,total postings
2022-02-02,FR,142.3,144.34,total postings
2022-02-03,FR,142.51,144.88,total postings
2022-02-04,FR,142.63,145.2,total postings
2022-02-05,FR,142.84,145.47,total postings
2022-02-06,FR,143.01,145.71,total postings
2022-02-07,FR,143.06,145.83,total postings
2022-02-08,FR,143.15,146.22,total postings
2022-02-09,FR,143.25,146.59,total postings
2022-02-10,FR,143.33,146.89,total postings
2022-02-11,FR,143.45,147.21,total postings
2022-02-12,FR,143.45,147.33,total postings
2022-02-13,FR,143.44,147.41,total postings
2022-02-14,FR,143.32,147.42,total postings
2022-02-15,FR,143.19,147.39,total postings
2022-02-16,FR,143.11,147.41,total postings
2022-02-17,FR,143.19,147.61,total postings
2022-02-18,FR,143.14,147.62,total postings
2022-02-19,FR,143.22,147.85,total postings
2022-02-20,FR,143.42,148.15,total postings
2022-02-21,FR,143.85,148.75,total postings
2022-02-22,FR,144.35,149.37,total postings
2022-02-23,FR,144.82,149.93,total postings
2022-02-24,FR,145.14,150.33,total postings
2022-02-25,FR,145.63,150.96,total postings
2022-02-26,FR,146.06,151.5,total postings
2022-02-27,FR,146.3,151.79,total postings
2022-02-28,FR,146.4,151.92,total postings
2022-03-01,FR,146.56,152.04,total postings
2022-03-02,FR,146.64,152.06,total postings
2022-03-03,FR,146.81,152.15,total postings
2022-03-04,FR,146.94,152.25,total postings
2022-03-05,FR,147.02,152.31,total postings
2022-03-06,FR,147.07,152.43,total postings
2022-03-07,FR,147.18,152.61,total postings
2022-03-08,FR,147.29,152.92,total postings
2022-03-09,FR,147.39,153.3,total postings
2022-03-10,FR,147.46,153.7,total postings
2022-03-11,FR,147.46,153.96,total postings
2022-03-12,FR,147.62,154.4,total postings
2022-03-13,FR,147.98,155.01,total postings
2022-03-14,FR,148.22,155.44,total postings
2022-03-15,FR,148.47,155.85,total postings
2022-03-16,FR,148.73,156.24,total postings
2022-03-17,FR,149.08,156.65,total postings
2022-03-18,FR,149.45,157.07,total postings
2022-03-19,FR,149.66,157.27,total postings
2022-03-20,FR,149.78,157.43,total postings
2022-03-21,FR,150.02,157.77,total postings
2022-03-22,FR,150.44,158.34,total postings
2022-03-23,FR,151,159.1,total postings
2022-03-24,FR,151.45,159.93,total postings
2022-03-25,FR,152.05,160.86,total postings
2022-03-26,FR,152.48,161.88,total postings
2022-03-27,FR,152.73,162.68,total postings
2022-03-28,FR,153.01,163.59,total postings
2022-03-29,FR,153.12,164.28,total postings
2022-03-30,FR,153.1,164.8,total postings
2022-03-31,FR,153.1,165.14,total postings
2022-04-01,FR,152.98,165.42,total postings
2022-04-02,FR,153.37,165.81,total postings
2022-04-03,FR,153.76,166.26,total postings
2022-04-04,FR,154.04,166.31,total postings
2022-04-05,FR,154.27,166.24,total postings
2022-04-06,FR,154.44,166.23,total postings
2022-04-07,FR,154.48,166.14,total postings
2022-04-08,FR,154.67,166.29,total postings
2022-04-09,FR,154.5,166.29,total postings
2022-04-10,FR,154.44,166.48,total postings
2022-04-11,FR,154.31,166.88,total postings
2022-04-12,FR,154.29,167.36,total postings
2022-04-13,FR,154.39,167.87,total postings
2022-04-14,FR,154.59,168.51,total postings
2022-04-15,FR,154.62,168.93,total postings
2022-04-16,FR,154.76,169.54,total postings
2022-04-17,FR,154.87,170.1,total postings
2022-04-18,FR,155.14,170.66,total postings
2022-04-19,FR,155.17,170.78,total postings
2022-04-20,FR,155.19,170.84,total postings
2022-04-21,FR,155.12,170.89,total postings
2022-04-22,FR,155.03,170.89,total postings
2022-04-23,FR,154.98,170.94,total postings
2022-04-24,FR,155,170.97,total postings
2022-04-25,FR,154.94,170.95,total postings
2022-04-26,FR,154.96,171.33,total postings
2022-04-27,FR,155.04,171.78,total postings
2022-04-28,FR,155.24,172.29,total postings
2022-04-29,FR,155.44,172.85,total postings
2022-04-30,FR,155.61,173.23,total postings
2022-05-01,FR,155.82,173.6,total postings
2022-05-02,FR,156.31,174.06,total postings
2022-05-03,FR,156.73,174.36,total postings
2022-05-04,FR,157.25,174.74,total postings
2022-05-05,FR,158.12,175.15,total postings
2022-05-06,FR,158.78,175.59,total postings
2022-05-07,FR,159.29,175.88,total postings
2022-05-08,FR,159.84,176.32,total postings
2022-05-09,FR,160.52,176.86,total postings
2022-05-10,FR,161.22,177.4,total postings
2022-05-11,FR,161.69,177.74,total postings
2022-05-12,FR,161.7,177.92,total postings
2022-05-13,FR,161.69,177.8,total postings
2022-05-14,FR,162.1,178.27,total postings
2022-05-15,FR,162.56,178.67,total postings
2022-05-16,FR,162.71,178.94,total postings
2022-05-17,FR,162.89,179.21,total postings
2022-05-18,FR,163.33,179.67,total postings
2022-05-19,FR,163.93,180.3,total postings
2022-05-20,FR,165.04,181.37,total postings
2022-05-21,FR,165.74,181.93,total postings
2022-05-22,FR,166.47,182.67,total postings
2022-05-23,FR,167.22,183.49,total postings
2022-05-24,FR,167.97,184.34,total postings
2022-05-25,FR,168.63,185.07,total postings
2022-05-26,FR,169.15,185.79,total postings
2022-05-27,FR,169.21,186.06,total postings
2022-05-28,FR,169.03,186.05,total postings
2022-05-29,FR,168.81,185.86,total postings
2022-05-30,FR,168.5,185.52,total postings
2022-05-31,FR,168.28,185.22,total postings
2022-06-01,FR,167.89,184.78,total postings
2022-06-02,FR,167.51,184.3,total postings
2022-06-03,FR,167.5,184.17,total postings
2022-06-04,FR,167.65,184.25,total postings
2022-06-05,FR,167.65,184.31,total postings
2022-06-06,FR,167.63,184.45,total postings
2022-06-07,FR,167.34,184.33,total postings
2022-06-08,FR,167.12,184.4,total postings
2022-06-09,FR,166.81,184.39,total postings
2022-06-10,FR,166.74,184.64,total postings
2022-06-11,FR,166.59,184.75,total postings
2022-06-12,FR,166.4,184.71,total postings
2022-06-13,FR,166.28,184.85,total postings
2022-06-14,FR,166.51,185.32,total postings
2022-06-15,FR,166.76,185.68,total postings
2022-06-16,FR,167.12,186.18,total postings
2022-06-17,FR,167.29,186.44,total postings
2022-06-18,FR,167.44,186.84,total postings
2022-06-19,FR,167.78,187.48,total postings
2022-06-20,FR,167.93,187.84,total postings
2022-06-21,FR,167.9,188.07,total postings
2022-06-22,FR,167.93,188.38,total postings
2022-06-23,FR,167.88,188.56,total postings
2022-06-24,FR,167.54,188.48,total postings
2022-06-25,FR,167.37,188.37,total postings
2022-06-26,FR,167.19,188.24,total postings
2022-06-27,FR,167.22,188.3,total postings
2022-06-28,FR,167.46,188.5,total postings
2022-06-29,FR,167.66,188.64,total postings
2022-06-30,FR,168.15,188.9,total postings
2022-07-01,FR,168.65,189.13,total postings
2022-07-02,FR,169.29,189.56,total postings
2022-07-03,FR,169.77,189.74,total postings
2022-07-04,FR,170.09,189.81,total postings
2022-07-05,FR,170.33,189.83,total postings
2022-07-06,FR,170.43,189.72,total postings
2022-07-07,FR,170.34,189.51,total postings
2022-07-08,FR,170.44,189.56,total postings
2022-07-09,FR,170.65,189.74,total postings
2022-07-10,FR,171.94,191.13,total postings
2022-07-11,FR,173.42,192.69,total postings
2022-07-12,FR,174.83,194.06,total postings
2022-07-13,FR,176.21,195.44,total postings
2022-07-14,FR,177.19,196.57,total postings
2022-07-15,FR,177.4,196.74,total postings
2022-07-16,FR,177.27,196.49,total postings
2022-07-17,FR,176.14,195.23,total postings
2022-07-18,FR,174.77,193.68,total postings
2022-07-19,FR,173.36,192.14,total postings
2022-07-20,FR,172.04,190.58,total postings
2022-07-21,FR,171.05,189.26,total postings
2022-07-22,FR,170.84,188.92,total postings
2022-07-23,FR,170.58,188.52,total postings
2022-07-24,FR,170.55,188.3,total postings
2022-07-25,FR,170.45,187.94,total postings
2022-07-26,FR,170.36,187.67,total postings
2022-07-27,FR,170.33,187.53,total postings
2022-07-28,FR,170.27,187.24,total postings
2022-07-29,FR,170.02,186.7,total postings
2022-07-30,FR,170,186.43,total postings
2022-07-31,FR,169.78,185.88,total postings
2022-08-01,FR,169.79,185.58,total postings
2022-08-02,FR,169.8,185.25,total postings
2022-08-03,FR,169.72,184.73,total postings
2022-08-04,FR,169.63,184.21,total postings
2022-08-05,FR,169.64,183.85,total postings
2022-08-06,FR,169.7,183.52,total postings
2022-08-07,FR,169.67,183.11,total postings
2022-08-08,FR,169.71,182.86,total postings
2022-08-09,FR,169.88,182.66,total postings
2022-08-10,FR,169.91,182.42,total postings
2022-08-11,FR,170,182.25,total postings
2022-08-12,FR,170.06,181.96,total postings
2022-08-13,FR,169.88,181.38,total postings
2022-08-14,FR,170,181.21,total postings
2022-08-15,FR,170.14,181.02,total postings
2022-08-16,FR,170.03,180.58,total postings
2022-08-17,FR,170.07,180.15,total postings
2022-08-18,FR,170.1,179.75,total postings
2022-08-19,FR,170.03,179.36,total postings
2022-08-20,FR,170.19,179.24,total postings
2022-08-21,FR,170.11,178.84,total postings
2022-08-22,FR,169.89,178.38,total postings
2022-08-23,FR,169.85,178.17,total postings
2022-08-24,FR,169.85,178.17,total postings
2022-08-25,FR,169.99,178.3,total postings
2022-08-26,FR,170.18,178.51,total postings
2022-08-27,FR,170.31,178.71,total postings
2022-08-28,FR,170.43,178.96,total postings
2022-08-29,FR,170.43,178.96,total postings
2022-08-30,FR,170.42,178.97,total postings
2022-08-31,FR,170.49,178.99,total postings
2022-09-01,FR,170.49,178.87,total postings
2022-09-02,FR,170.47,178.66,total postings
2022-09-03,FR,170.63,178.68,total postings
2022-09-04,FR,170.74,178.63,total postings
2022-09-05,FR,170.89,178.8,total postings
2022-09-06,FR,171.02,178.96,total postings
2022-09-07,FR,170.96,179.05,total postings
2022-09-08,FR,170.93,179.31,total postings
2022-09-09,FR,170.82,179.58,total postings
2022-09-10,FR,170.68,179.87,total postings
2022-09-11,FR,170.65,180.18,total postings
2022-09-12,FR,170.69,180.53,total postings
2022-09-13,FR,170.67,180.85,total postings
2022-09-14,FR,170.71,181.21,total postings
2022-09-15,FR,170.63,181.44,total postings
2022-09-16,FR,170.73,181.75,total postings
2022-09-17,FR,170.73,181.95,total postings
2022-09-18,FR,170.63,182.03,total postings
2022-09-19,FR,170.44,182.02,total postings
2022-09-20,FR,170.22,181.79,total postings
2022-09-21,FR,170.13,181.73,total postings
2022-09-22,FR,170.11,181.7,total postings
2022-09-23,FR,170.12,181.72,total postings
2022-09-24,FR,170.26,181.86,total postings
2022-09-25,FR,170.54,182.12,total postings
2022-09-26,FR,170.93,182.47,total postings
2022-09-27,FR,171.56,183.19,total postings
2022-09-28,FR,171.97,183.49,total postings
2022-09-29,FR,172.39,183.82,total postings
2022-09-30,FR,172.73,184,total postings
2022-10-01,FR,172.97,183.89,total postings
2022-10-02,FR,173.15,183.81,total postings
2022-10-03,FR,173.43,183.71,total postings
2022-10-04,FR,173.52,183.42,total postings
2022-10-05,FR,173.71,183.39,total postings
2022-10-06,FR,173.83,183.24,total postings
2022-10-07,FR,173.84,183.15,total postings
2022-10-08,FR,173.87,183.26,total postings
2022-10-09,FR,173.81,183.39,total postings
2022-10-10,FR,173.67,183.35,total postings
2022-10-11,FR,173.58,183.34,total postings
2022-10-12,FR,173.53,183.24,total postings
2022-10-13,FR,173.58,183.21,total postings
2022-10-14,FR,173.7,183.19,total postings
2022-10-15,FR,173.87,183.17,total postings
2022-10-16,FR,174.07,183.17,total postings
2022-10-17,FR,174.09,183.15,total postings
2022-10-18,FR,174.23,183.25,total postings
2022-10-19,FR,174.36,183.4,total postings
2022-10-20,FR,174.46,183.51,total postings
2022-10-21,FR,174.52,183.57,total postings
2022-10-22,FR,174.52,183.6,total postings
2022-10-23,FR,174.69,183.77,total postings
2022-10-24,FR,174.96,184.07,total postings
2022-10-25,FR,175.03,184.13,total postings
2022-10-26,FR,174.97,184.09,total postings
2022-10-27,FR,175.01,184.14,total postings
2022-10-28,FR,175.11,184.19,total postings
2022-10-29,FR,175.36,184.35,total postings
2022-10-30,FR,175.58,184.4,total postings
2022-10-31,FR,175.87,184.47,total postings
2022-11-01,FR,176.26,184.63,total postings
2022-11-02,FR,176.6,184.59,total postings
2022-11-03,FR,176.77,184.3,total postings
2022-11-04,FR,176.87,184,total postings
2022-11-05,FR,176.96,183.72,total postings
2022-11-06,FR,176.91,183.36,total postings
2022-11-07,FR,176.76,182.96,total postings
2022-11-08,FR,176.72,182.72,total postings
2022-11-09,FR,176.89,182.8,total postings
2022-11-10,FR,177.07,183.05,total postings
2022-11-11,FR,177.51,183.54,total postings
2022-11-12,FR,177.68,183.66,total postings
2022-11-13,FR,177.9,183.85,total postings
2022-11-14,FR,178.09,184.02,total postings
2022-11-15,FR,178.33,184.14,total postings
2022-11-16,FR,178.45,184.18,total postings
2022-11-17,FR,178.52,184.11,total postings
2022-11-18,FR,178.39,183.84,total postings
2022-11-19,FR,178.52,183.88,total postings
2022-11-20,FR,178.63,183.85,total postings
2022-11-21,FR,178.74,183.85,total postings
2022-11-22,FR,178.83,183.89,total postings
2022-11-23,FR,178.87,183.89,total postings
2022-11-24,FR,178.9,183.88,total postings
2022-11-25,FR,179.02,183.9,total postings
2022-11-26,FR,179.13,183.97,total postings
2022-11-27,FR,179.25,184.11,total postings
2022-11-28,FR,179.41,184.22,total postings
2022-11-29,FR,179.51,184.2,total postings
2022-11-30,FR,179.74,184.24,total postings
2022-12-01,FR,179.82,184.13,total postings
2022-12-02,FR,179.96,184.17,total postings
2022-12-03,FR,179.9,183.98,total postings
2022-12-04,FR,179.95,183.93,total postings
2022-12-05,FR,180.08,184.02,total postings
2022-12-06,FR,180.11,184.12,total postings
2022-12-07,FR,180.21,184.31,total postings
2022-12-08,FR,180.35,184.66,total postings
2022-12-09,FR,180.77,185.33,total postings
2022-12-10,FR,181.28,186.07,total postings
2022-12-11,FR,181.65,186.64,total postings
2022-12-12,FR,182.1,187.31,total postings
2022-12-13,FR,182.65,188.06,total postings
2022-12-14,FR,183.01,188.62,total postings
2022-12-15,FR,183.52,189.17,total postings
2022-12-16,FR,183.55,189.21,total postings
2022-12-17,FR,183.59,189.26,total postings
2022-12-18,FR,183.83,189.46,total postings
2022-12-19,FR,183.98,189.5,total postings
2022-12-20,FR,183.96,189.29,total postings
2022-12-21,FR,184.1,189.25,total postings
2022-12-22,FR,184.2,189.16,total postings
2022-12-23,FR,184.27,189.01,total postings
2022-12-24,FR,184.3,188.78,total postings
2022-12-25,FR,184.42,188.52,total postings
2022-12-26,FR,184.59,188.27,total postings
2022-12-27,FR,184.83,188.16,total postings
2022-12-28,FR,184.9,187.78,total postings
2022-12-29,FR,184.95,187.4,total postings
2022-12-30,FR,185.14,187.07,total postings
2022-12-31,FR,185.23,186.59,total postings
2023-01-01,FR,185.1,185.84,total postings
2023-01-02,FR,184.97,185.07,total postings
2023-01-03,FR,184.8,184.26,total postings
2023-01-04,FR,184.71,183.69,total postings
2023-01-05,FR,184.64,183.15,total postings
2023-01-06,FR,184.62,182.75,total postings
2023-01-07,FR,184.8,182.74,total postings
2023-01-08,FR,184.9,182.96,total postings
2023-01-09,FR,184.89,183.16,total postings
2023-01-10,FR,184.88,183.47,total postings
2023-01-11,FR,184.86,183.76,total postings
2023-01-12,FR,184.98,184.14,total postings
2023-01-13,FR,185.08,184.55,total postings
2023-01-14,FR,184.97,184.68,total postings
2023-01-15,FR,184.92,184.81,total postings
2023-01-16,FR,184.82,184.91,total postings
2023-01-17,FR,184.76,184.99,total postings
2023-01-18,FR,185.16,185.54,total postings
2023-01-19,FR,185.37,185.94,total postings
2023-01-20,FR,185.5,186.15,total postings
2023-01-21,FR,185.9,186.69,total postings
2023-01-22,FR,186.31,187.22,total postings
2023-01-23,FR,186.48,187.54,total postings
2023-01-24,FR,186.87,188.1,total postings
2023-01-25,FR,186.75,188.18,total postings
2023-01-26,FR,186.67,188.37,total postings
2023-01-27,FR,186.54,188.71,total postings
2023-01-28,FR,186.29,188.89,total postings
2023-01-29,FR,185.9,189.09,total postings
2023-01-30,FR,185.34,189.05,total postings
2023-01-31,FR,184.99,189.13,total postings
2023-02-01,FR,185.01,189.42,total postings
2023-02-02,FR,185.08,189.74,total postings
2023-02-03,FR,185.1,189.88,total postings
2023-02-04,FR,184.96,189.87,total postings
2023-02-05,FR,184.9,189.85,total postings
2023-02-06,FR,185.2,190.22,total postings
2023-02-07,FR,185.33,190.45,total postings
2023-02-08,FR,184.59,189.99,total postings
2023-02-09,FR,184.05,189.68,total postings
2023-02-10,FR,183.67,189.5,total postings
2023-02-11,FR,183.41,189.41,total postings
2023-02-12,FR,183.1,189.22,total postings
2023-02-13,FR,182.91,189.12,total postings
2023-02-14,FR,182.5,188.84,total postings
2023-02-15,FR,182.45,188.87,total postings
2023-02-16,FR,182.25,188.81,total postings
2023-02-17,FR,182,188.71,total postings
2023-02-18,FR,181.64,188.42,total postings
2023-02-19,FR,181.52,188.44,total postings
2023-02-20,FR,181.38,188.35,total postings
2023-02-21,FR,181.17,188.25,total postings
2023-02-22,FR,181.36,188.53,total postings
2023-02-23,FR,181.78,189,total postings
2023-02-24,FR,181.53,188.8,total postings
2023-02-25,FR,181.46,188.81,total postings
2023-02-26,FR,181.07,188.49,total postings
2023-02-27,FR,180.6,188.06,total postings
2023-02-28,FR,180.24,187.71,total postings
2023-03-01,FR,179.68,187.06,total postings
2023-03-02,FR,178.9,186.13,total postings
2023-03-03,FR,178.73,185.81,total postings
2023-03-04,FR,178.56,185.56,total postings
2023-03-05,FR,178.66,185.62,total postings
2023-03-06,FR,178.76,185.77,total postings
2023-03-07,FR,178.75,185.82,total postings
2023-03-08,FR,178.78,186.08,total postings
2023-03-09,FR,178.87,186.47,total postings
2023-03-10,FR,179.65,187.62,total postings
2023-03-11,FR,180.64,188.94,total postings
2023-03-12,FR,181.41,190.09,total postings
2023-03-13,FR,182.35,191.34,total postings
2023-03-14,FR,183.48,192.73,total postings
2023-03-15,FR,184.59,194.06,total postings
2023-03-16,FR,185.73,195.45,total postings
2023-03-17,FR,186.38,196.23,total postings
2023-03-18,FR,186.95,196.91,total postings
2023-03-19,FR,187.54,197.54,total postings
2023-03-20,FR,188.07,198.13,total postings
2023-03-21,FR,188.34,198.55,total postings
2023-03-22,FR,187.5,197.82,total postings
2023-03-23,FR,187.01,197.47,total postings
2023-03-24,FR,186.26,197.06,total postings
2023-03-25,FR,185.68,196.75,total postings
2023-03-26,FR,184.99,196.57,total postings
2023-03-27,FR,184.2,196.3,total postings
2023-03-28,FR,183.24,195.89,total postings
2023-03-29,FR,183.24,196.47,total postings
2023-03-30,FR,182.72,196.44,total postings
2023-03-31,FR,182.31,196.33,total postings
2023-04-01,FR,181.57,195.95,total postings
2023-04-02,FR,181.21,195.49,total postings
2023-04-03,FR,180.83,195.08,total postings
2023-04-04,FR,180.88,194.9,total postings
2023-04-05,FR,181.18,194.92,total postings
2023-04-06,FR,181.55,195.1,total postings
2023-04-07,FR,182.03,195.52,total postings
2023-04-08,FR,182.48,196.04,total postings
2023-04-09,FR,182.62,196.48,total postings
2023-04-10,FR,182.99,197.19,total postings
2023-04-11,FR,182.89,197.47,total postings
2023-04-12,FR,182.61,197.58,total postings
2023-04-13,FR,182.4,197.75,total postings
2023-04-14,FR,181.99,197.72,total postings
2023-04-15,FR,181.56,197.55,total postings
2023-04-16,FR,181.38,197.7,total postings
2023-04-17,FR,180.82,197.43,total postings
2023-04-18,FR,180.67,197.65,total postings
2023-04-19,FR,180.61,197.89,total postings
2023-04-20,FR,180.57,197.99,total postings
2023-04-21,FR,180.63,198.19,total postings
2023-04-22,FR,180.88,198.57,total postings
2023-04-23,FR,180.9,198.73,total postings
2023-04-24,FR,181.18,199.12,total postings
2023-04-25,FR,181.53,199.59,total postings
2023-04-26,FR,181.68,199.98,total postings
2023-04-27,FR,181.87,200.49,total postings
2023-04-28,FR,182.23,201.16,total postings
2023-04-29,FR,182.24,201.53,total postings
2023-04-30,FR,182.23,201.74,total postings
2023-05-01,FR,182.4,202.06,total postings
2023-05-02,FR,182.26,201.84,total postings
2023-05-03,FR,182.37,201.81,total postings
2023-05-04,FR,182.34,201.63,total postings
2023-05-05,FR,182.65,201.44,total postings
2023-05-06,FR,182.45,200.99,total postings
2023-05-07,FR,182.28,200.58,total postings
2023-05-08,FR,181.93,200.09,total postings
2023-05-09,FR,181.43,199.39,total postings
2023-05-10,FR,180.81,198.54,total postings
2023-05-11,FR,180.34,197.9,total postings
2023-05-12,FR,179.38,197.06,total postings
2023-05-13,FR,179.12,196.7,total postings
2023-05-14,FR,178.88,196.44,total postings
2023-05-15,FR,178.45,195.86,total postings
2023-05-16,FR,178.41,195.95,total postings
2023-05-17,FR,178.51,196.15,total postings
2023-05-18,FR,178.74,196.41,total postings
2023-05-19,FR,178.74,196.36,total postings
2023-05-20,FR,178.44,195.87,total postings
2023-05-21,FR,178.4,195.62,total postings
2023-05-22,FR,178.41,195.59,total postings
2023-05-23,FR,178.28,195.43,total postings
2023-05-24,FR,177.98,195.18,total postings
2023-05-25,FR,177.38,194.57,total postings
2023-05-26,FR,177.06,194.4,total postings
2023-05-27,FR,177.09,194.67,total postings
2023-05-28,FR,176.79,194.57,total postings
2023-05-29,FR,176.79,194.61,total postings
2023-05-30,FR,176.57,194.32,total postings
2023-05-31,FR,176.43,194.07,total postings
2023-06-01,FR,176.35,193.91,total postings
2023-06-02,FR,176.2,193.6,total postings
2023-06-03,FR,176.05,193.29,total postings
2023-06-04,FR,176.05,193.15,total postings
2023-06-05,FR,175.85,192.95,total postings
2023-06-06,FR,175.9,193.13,total postings
2023-06-07,FR,175.88,193.28,total postings
2023-06-08,FR,175.92,193.64,total postings
2023-06-09,FR,175.72,193.75,total postings
2023-06-10,FR,175.61,193.91,total postings
2023-06-11,FR,175.48,194.05,total postings
2023-06-12,FR,175.38,194.1,total postings
2023-06-13,FR,175.21,194.19,total postings
2023-06-14,FR,175.15,194.32,total postings
2023-06-15,FR,175,194.23,total postings
2023-06-16,FR,175.11,194.47,total postings
2023-06-17,FR,175.1,194.54,total postings
2023-06-18,FR,175.04,194.69,total postings
2023-06-19,FR,174.96,194.86,total postings
2023-06-20,FR,174.91,194.92,total postings
2023-06-21,FR,174.84,195.07,total postings
2023-06-22,FR,174.87,195.32,total postings
2023-06-23,FR,174.78,195.42,total postings
2023-06-24,FR,174.73,195.63,total postings
2023-06-25,FR,174.65,195.6,total postings
2023-06-26,FR,174.51,195.51,total postings
2023-06-27,FR,174.3,195.33,total postings
2023-06-28,FR,174.1,195.08,total postings
2023-06-29,FR,174,194.9,total postings
2023-06-30,FR,173.98,194.65,total postings
2023-07-01,FR,173.8,194.13,total postings
2023-07-02,FR,173.66,193.69,total postings
2023-07-03,FR,173.51,193.18,total postings
2023-07-04,FR,173.56,192.96,total postings
2023-07-05,FR,173.66,192.82,total postings
2023-07-06,FR,173.5,192.45,total postings
2023-07-07,FR,173.44,192.3,total postings
2023-07-08,FR,173.48,192.3,total postings
2023-07-09,FR,173.58,192.38,total postings
2023-07-10,FR,173.82,192.63,total postings
2023-07-11,FR,173.97,192.76,total postings
2023-07-12,FR,174.01,192.67,total postings
2023-07-13,FR,174.1,192.69,total postings
2023-07-14,FR,174.14,192.8,total postings
2023-07-15,FR,174.03,192.62,total postings
2023-07-16,FR,173.9,192.41,total postings
2023-07-17,FR,173.72,192.2,total postings
2023-07-18,FR,173.39,191.79,total postings
2023-07-19,FR,173.15,191.46,total postings
2023-07-20,FR,173.07,191.19,total postings
2023-07-21,FR,172.78,190.61,total postings
2023-07-22,FR,172.54,190.21,total postings
2023-07-23,FR,172.58,190.11,total postings
2023-07-24,FR,172.61,189.95,total postings
2023-07-25,FR,172.87,189.98,total postings
2023-07-26,FR,172.99,189.93,total postings
2023-07-27,FR,173.04,189.87,total postings
2023-07-28,FR,173.27,189.9,total postings
2023-07-29,FR,173.82,190.18,total postings
2023-07-30,FR,174.1,190.2,total postings
2023-07-31,FR,174.47,190.24,total postings
2023-08-01,FR,174.81,190.25,total postings
2023-08-02,FR,175.09,190.16,total postings
2023-08-03,FR,175.32,189.96,total postings
2023-08-04,FR,175.5,189.71,total postings
2023-08-05,FR,175.54,189.38,total postings
2023-08-06,FR,175.63,189.09,total postings
2023-08-07,FR,175.75,188.86,total postings
2023-08-08,FR,175.92,188.77,total postings
2023-08-09,FR,176.3,188.83,total postings
2023-08-10,FR,176.57,188.86,total postings
2023-08-11,FR,176.8,188.87,total postings
2023-08-12,FR,176.93,188.71,total postings
2023-08-13,FR,177.13,188.59,total postings
2023-08-14,FR,177.44,188.63,total postings
2023-08-15,FR,177.75,188.67,total postings
2023-08-16,FR,177.8,188.47,total postings
2023-08-17,FR,178.02,188.29,total postings
2023-08-18,FR,178.27,188.2,total postings
2023-08-19,FR,178.53,188.19,total postings
2023-08-20,FR,178.71,188.11,total postings
2023-08-21,FR,178.87,188,total postings
2023-08-22,FR,178.87,187.77,total postings
2023-08-23,FR,179.11,187.87,total postings
2023-08-24,FR,179.3,188.11,total postings
2023-08-25,FR,179.5,188.3,total postings
2023-08-26,FR,179.68,188.54,total postings
2023-08-27,FR,179.83,188.79,total postings
2023-08-28,FR,179.74,188.85,total postings
2023-08-29,FR,179.9,189.03,total postings
2023-08-30,FR,179.95,189.11,total postings
2023-08-31,FR,180.08,189.19,total postings
2023-09-01,FR,180.07,189.06,total postings
2023-09-02,FR,180.15,188.93,total postings
2023-09-03,FR,180.24,188.88,total postings
2023-09-04,FR,180.32,188.81,total postings
2023-09-05,FR,180.12,188.65,total postings
2023-09-06,FR,179.94,188.5,total postings
2023-09-07,FR,179.67,188.4,total postings
2023-09-08,FR,179.52,188.55,total postings
2023-09-09,FR,179.31,188.74,total postings
2023-09-10,FR,179,188.83,total postings
2023-09-11,FR,178.78,188.94,total postings
2023-09-12,FR,178.53,188.98,total postings
2023-09-13,FR,178.34,189.11,total postings
2023-09-14,FR,177.97,189.02,total postings
2023-09-15,FR,177.53,188.86,total postings
2023-09-16,FR,177.29,188.84,total postings
2023-09-17,FR,177.01,188.75,total postings
2023-09-18,FR,176.78,188.7,total postings
2023-09-19,FR,176.68,188.76,total postings
2023-09-20,FR,176.66,188.72,total postings
2023-09-21,FR,176.78,188.86,total postings
2023-09-22,FR,176.87,188.95,total postings
2023-09-23,FR,176.8,188.85,total postings
2023-09-24,FR,176.86,188.9,total postings
2023-09-25,FR,176.93,188.93,total postings
2023-09-26,FR,176.93,188.88,total postings
2023-09-27,FR,176.75,188.71,total postings
2023-09-28,FR,176.61,188.42,total postings
2023-09-29,FR,176.38,188.06,total postings
2023-09-30,FR,176.06,187.53,total postings
2023-10-01,FR,175.72,186.81,total postings
2023-10-02,FR,175.2,185.96,total postings
2023-10-03,FR,174.8,185.13,total postings
2023-10-04,FR,174.49,184.45,total postings
2023-10-05,FR,174.03,183.74,total postings
2023-10-06,FR,173.67,183.13,total postings
2023-10-07,FR,173.22,182.58,total postings
2023-10-08,FR,172.79,182.19,total postings
2023-10-09,FR,172.18,181.73,total postings
2023-10-10,FR,171.6,181.21,total postings
2023-10-11,FR,171.17,180.84,total postings
2023-10-12,FR,170.9,180.53,total postings
2023-10-13,FR,170.64,180.22,total postings
2023-10-14,FR,170.49,179.92,total postings
2023-10-15,FR,170.3,179.57,total postings
2023-10-16,FR,170.24,179.32,total postings
2023-10-17,FR,169.95,178.97,total postings
2023-10-18,FR,169.54,178.49,total postings
2023-10-19,FR,168.98,177.87,total postings
2023-10-20,FR,168.49,177.31,total postings
2023-10-21,FR,167.8,176.54,total postings
2023-10-22,FR,167.27,175.98,total postings
2023-10-23,FR,166.81,175.43,total postings
2023-10-24,FR,166.49,175.09,total postings
2023-10-25,FR,166.18,174.74,total postings
2023-10-26,FR,165.93,174.49,total postings
2023-10-27,FR,165.59,174.13,total postings
2023-10-28,FR,165.51,173.99,total postings
2023-10-29,FR,165.2,173.56,total postings
2023-10-30,FR,165.1,173.27,total postings
2023-10-31,FR,164.87,172.77,total postings
2023-11-01,FR,164.82,172.44,total postings
2023-11-02,FR,164.56,171.76,total postings
2023-11-03,FR,164.33,171.1,total postings
2023-11-04,FR,164.01,170.37,total postings
2023-11-05,FR,163.73,169.73,total postings
2023-11-06,FR,163.32,169.02,total postings
2023-11-07,FR,163.01,168.49,total postings
2023-11-08,FR,162.46,167.74,total postings
2023-11-09,FR,162.18,167.36,total postings
2023-11-10,FR,161.9,167.13,total postings
2023-11-11,FR,161.89,167.14,total postings
2023-11-12,FR,161.84,167.07,total postings
2023-11-13,FR,161.8,167.02,total postings
2023-11-14,FR,161.65,166.85,total postings
2023-11-15,FR,161.68,166.75,total postings
2023-11-16,FR,161.66,166.69,total postings
2023-11-17,FR,161.58,166.49,total postings
2023-11-18,FR,161.35,166.15,total postings
2023-11-19,FR,161.19,165.85,total postings
2023-11-20,FR,161.04,165.51,total postings
2023-11-21,FR,160.9,165.22,total postings
2023-11-22,FR,160.65,164.87,total postings
2023-11-23,FR,160.39,164.5,total postings
2023-11-24,FR,160.14,164.17,total postings
2023-11-25,FR,159.86,163.76,total postings
2023-11-26,FR,159.59,163.42,total postings
2023-11-27,FR,159.49,163.31,total postings
2023-11-28,FR,159.6,163.37,total postings
2023-11-29,FR,159.74,163.35,total postings
2023-11-30,FR,159.97,163.37,total postings
2023-12-01,FR,160.07,163.29,total postings
2023-12-02,FR,160.17,163.24,total postings
2023-12-03,FR,160.26,163.19,total postings
2023-12-04,FR,160.1,162.94,total postings
2023-12-05,FR,159.87,162.64,total postings
2023-12-06,FR,159.61,162.45,total postings
2023-12-07,FR,159.32,162.26,total postings
2023-12-08,FR,159.43,162.59,total postings
2023-12-09,FR,159.58,162.98,total postings
2023-12-10,FR,159.76,163.35,total postings
2023-12-11,FR,160,163.76,total postings
2023-12-12,FR,160.19,164.16,total postings
2023-12-13,FR,160.44,164.62,total postings
2023-12-14,FR,160.74,165.11,total postings
2023-12-15,FR,160.73,165.14,total postings
2023-12-16,FR,160.67,165.13,total postings
2023-12-17,FR,160.59,165.08,total postings
2023-12-18,FR,160.45,164.9,total postings
2023-12-19,FR,160.25,164.56,total postings
2023-12-20,FR,160.1,164.21,total postings
2023-12-21,FR,159.89,163.8,total postings
2023-12-22,FR,159.61,163.29,total postings
2023-12-23,FR,159.28,162.69,total postings
2023-12-24,FR,158.98,162.1,total postings
2023-12-25,FR,159.08,161.78,total postings
2023-12-26,FR,158.99,161.24,total postings
2023-12-27,FR,158.72,160.58,total postings
2023-12-28,FR,158.51,159.9,total postings
2023-12-29,FR,158.38,159.31,total postings
2023-12-30,FR,158.24,158.65,total postings
2023-12-31,FR,158.08,157.91,total postings
2024-01-01,FR,157.83,157.01,total postings
2024-01-02,FR,157.59,156.09,total postings
2024-01-03,FR,157.39,155.26,total postings
2024-01-04,FR,157.14,154.54,total postings
2024-01-05,FR,157.14,154.08,total postings
2024-01-06,FR,157.33,153.91,total postings
2024-01-07,FR,157.39,153.79,total postings
2024-01-08,FR,157.14,153.68,total postings
2024-01-09,FR,157.17,153.96,total postings
2024-01-10,FR,157.32,154.43,total postings
2024-01-11,FR,157.49,154.92,total postings
2024-01-12,FR,157.53,155.26,total postings
2024-01-13,FR,157.45,155.51,total postings
2024-01-14,FR,157.41,155.73,total postings
2024-01-15,FR,157.48,155.98,total postings
2024-01-16,FR,157.41,156.15,total postings
2024-01-17,FR,157.44,156.32,total postings
2024-01-18,FR,157.38,156.39,total postings
2024-01-19,FR,157.28,156.42,total postings
2024-01-20,FR,157.36,156.53,total postings
2024-01-21,FR,157.46,156.72,total postings
2024-01-22,FR,157.49,156.8,total postings
2024-01-23,FR,157.52,156.92,total postings
2024-01-24,FR,157.41,156.94,total postings
2024-01-25,FR,157.45,157.18,total postings
2024-01-26,FR,157.51,157.5,total postings
2024-01-27,FR,157.49,157.97,total postings
2024-01-28,FR,157.48,158.44,total postings
2024-01-29,FR,157.42,159,total postings
2024-01-30,FR,157.13,159.28,total postings
2024-01-31,FR,156.72,159.31,total postings
2024-02-01,FR,156.3,159.14,total postings
2024-02-02,FR,155.97,159.04,total postings
2024-02-03,FR,155.61,158.82,total postings
2024-02-04,FR,155.2,158.55,total postings
2024-02-05,FR,154.82,158.21,total postings
2024-02-06,FR,154.76,158.22,total postings
2024-02-07,FR,154.85,158.44,total postings
2024-02-08,FR,154.82,158.72,total postings
2024-02-09,FR,154.71,158.87,total postings
2024-02-10,FR,154.61,158.95,total postings
2024-02-11,FR,154.51,159.05,total postings
2024-02-12,FR,154.54,159.22,total postings
2024-02-13,FR,154.29,159.08,total postings
2024-02-14,FR,154.29,159.19,total postings
2024-02-15,FR,154.57,159.58,total postings
2024-02-16,FR,154.79,159.97,total postings
2024-02-17,FR,154.92,160.27,total postings
2024-02-18,FR,155.24,160.69,total postings
2024-02-19,FR,155.45,161.02,total postings
2024-02-20,FR,156.05,161.66,total postings
2024-02-21,FR,156.34,162.04,total postings
2024-02-22,FR,156.43,162.18,total postings
2024-02-23,FR,156.71,162.45,total postings
2024-02-24,FR,157.03,162.83,total postings
2024-02-25,FR,157.19,163.08,total postings
2024-02-26,FR,157.44,163.41,total postings
2024-02-27,FR,157.24,163.26,total postings
2024-02-28,FR,157.05,163.11,total postings
2024-02-29,FR,156.9,162.96,total postings
2024-03-01,FR,156.6,162.58,total postings
2024-03-02,FR,156.33,162.16,total postings
2024-03-03,FR,156.07,161.77,total postings
2024-03-04,FR,155.8,161.41,total postings
2024-03-05,FR,155.82,161.5,total postings
2024-03-06,FR,155.85,161.56,total postings
2024-03-07,FR,155.89,161.69,total postings
2024-03-08,FR,155.91,161.95,total postings
2024-03-09,FR,156.04,162.37,total postings
2024-03-10,FR,156.14,162.79,total postings
2024-03-11,FR,156.24,163.16,total postings
2024-03-12,FR,156.36,163.62,total postings
2024-03-13,FR,156.51,164.05,total postings
2024-03-14,FR,156.62,164.35,total postings
2024-03-15,FR,156.83,164.72,total postings
2024-03-16,FR,156.94,165.02,total postings
2024-03-17,FR,157.15,165.35,total postings
2024-03-18,FR,157.46,165.76,total postings
2024-03-19,FR,157.81,166.11,total postings
2024-03-20,FR,158.14,166.49,total postings
2024-03-21,FR,158.41,166.89,total postings
2024-03-22,FR,158.65,167.3,total postings
2024-03-23,FR,158.79,167.6,total postings
2024-03-24,FR,158.83,168.01,total postings
2024-03-25,FR,158.82,168.31,total postings
2024-03-26,FR,158.59,168.6,total postings
2024-03-27,FR,158.39,168.91,total postings
2024-03-28,FR,158.13,169.22,total postings
2024-03-29,FR,157.81,169.47,total postings
2024-03-30,FR,157.57,169.81,total postings
2024-03-31,FR,157.37,170.02,total postings
2024-04-01,FR,157.25,170.34,total postings
2024-04-02,FR,156.79,169.66,total postings
2024-04-03,FR,156.27,169.04,total postings
2024-04-04,FR,155.84,168.35,total postings
2024-04-05,FR,155.4,167.59,total postings
2024-04-06,FR,155,166.91,total postings
2024-04-07,FR,154.58,166.3,total postings
2024-04-08,FR,154,165.59,total postings
2024-04-09,FR,153.96,165.87,total postings
2024-04-10,FR,153.99,166.22,total postings
2024-04-11,FR,154.01,166.75,total postings
2024-04-12,FR,154.1,167.34,total postings
2024-04-13,FR,154.21,167.88,total postings
2024-04-14,FR,154.3,168.37,total postings
2024-04-15,FR,154.42,168.86,total postings
2024-04-16,FR,154.45,169.32,total postings
2024-04-17,FR,154.53,169.79,total postings
2024-04-18,FR,154.65,170.16,total postings
2024-04-19,FR,154.88,170.56,total postings
2024-04-20,FR,154.89,170.66,total postings
2024-04-21,FR,155.03,170.92,total postings
2024-04-22,FR,155.21,171.2,total postings
2024-04-23,FR,155.4,171.52,total postings
2024-04-24,FR,155.42,171.61,total postings
2024-04-25,FR,155.48,171.78,total postings
2024-04-26,FR,155.4,171.92,total postings
2024-04-27,FR,155.47,172.27,total postings
2024-04-28,FR,155.37,172.44,total postings
2024-04-29,FR,155.24,172.67,total postings
2024-04-30,FR,155.01,172.67,total postings
2024-05-01,FR,155.03,172.86,total postings
2024-05-02,FR,154.78,172.52,total postings
2024-05-03,FR,154.62,172.25,total postings
2024-05-04,FR,154.44,171.96,total postings
2024-05-05,FR,154.63,171.69,total postings
2024-05-06,FR,154.59,171.45,total postings
2024-05-07,FR,154.66,171.33,total postings
2024-05-08,FR,154.72,171.29,total postings
2024-05-09,FR,155.02,171.45,total postings
2024-05-10,FR,155.11,171.35,total postings
2024-05-11,FR,155.04,171.11,total postings
2024-05-12,FR,154.6,170.83,total postings
2024-05-13,FR,154.25,170.4,total postings
2024-05-14,FR,153.84,169.93,total postings
2024-05-15,FR,153.44,169.37,total postings
2024-05-16,FR,153.11,169.15,total postings
2024-05-17,FR,152.66,168.74,total postings
2024-05-18,FR,152.26,168.3,total postings
2024-05-19,FR,151.82,167.74,total postings
2024-05-20,FR,151.63,167.36,total postings
2024-05-21,FR,151.19,166.66,total postings
2024-05-22,FR,150.8,166.2,total postings
2024-05-23,FR,150.37,165.69,total postings
2024-05-24,FR,150.22,165.58,total postings
2024-05-25,FR,150.3,165.69,total postings
2024-05-26,FR,150.34,165.92,total postings
2024-05-27,FR,150.13,165.89,total postings
2024-05-28,FR,150.4,166.41,total postings
2024-05-29,FR,150.58,166.66,total postings
2024-05-30,FR,150.65,166.71,total postings
2024-05-31,FR,150.82,166.81,total postings
2024-06-01,FR,150.87,166.79,total postings
2024-06-02,FR,151,166.8,total postings
2024-06-03,FR,151.22,166.95,total postings
2024-06-04,FR,151.35,167,total postings
2024-06-05,FR,151.28,166.97,total postings
2024-06-06,FR,151.11,166.92,total postings
2024-06-07,FR,150.81,166.79,total postings
2024-06-08,FR,150.67,166.95,total postings
2024-06-09,FR,150.57,167.16,total postings
2024-06-10,FR,150.62,167.48,total postings
2024-06-11,FR,150.61,167.72,total postings
2024-06-12,FR,150.64,167.92,total postings
2024-06-13,FR,150.73,168.28,total postings
2024-06-14,FR,150.58,168.3,total postings
2024-06-15,FR,150.21,167.95,total postings
2024-06-16,FR,149.73,167.57,total postings
2024-06-17,FR,149.14,167.01,total postings
2024-06-18,FR,148.58,166.59,total postings
2024-06-19,FR,147.96,166.13,total postings
2024-06-20,FR,147.46,165.68,total postings
2024-06-21,FR,147.17,165.55,total postings
2024-06-22,FR,146.96,165.52,total postings
2024-06-23,FR,146.81,165.52,total postings
2024-06-24,FR,146.7,165.65,total postings
2024-06-25,FR,146.58,165.57,total postings
2024-06-26,FR,146.56,165.63,total postings
2024-06-27,FR,146.59,165.67,total postings
2024-06-28,FR,146.61,165.66,total postings
2024-06-29,FR,146.51,165.49,total postings
2024-06-30,FR,146.48,165.25,total postings
2024-07-01,FR,146.31,164.77,total postings
2024-07-02,FR,146.19,164.37,total postings
2024-07-03,FR,146.13,163.99,total postings
2024-07-04,FR,145.87,163.49,total postings
2024-07-05,FR,145.69,163.1,total postings
2024-07-06,FR,145.69,162.93,total postings
2024-07-07,FR,145.55,162.72,total postings
2024-07-08,FR,145.58,162.71,total postings
2024-07-09,FR,145.59,162.69,total postings
2024-07-10,FR,145.36,162.43,total postings
2024-07-11,FR,145.27,162.28,total postings
2024-07-12,FR,145.19,162.09,total postings
2024-07-13,FR,145.15,161.96,total postings
2024-07-14,FR,145.1,161.95,total postings
2024-07-15,FR,145.16,161.95,total postings
2024-07-16,FR,145.19,161.91,total postings
2024-07-17,FR,145.38,162.08,total postings
2024-07-18,FR,145.56,162.17,total postings
2024-07-19,FR,145.6,162.1,total postings
2024-07-20,FR,145.47,161.76,total postings
2024-07-21,FR,145.6,161.59,total postings
2024-07-22,FR,145.49,161.33,total postings
2024-07-23,FR,145.39,161.05,total postings
2024-07-24,FR,145.14,160.59,total postings
2024-07-25,FR,144.76,159.94,total postings
2024-07-26,FR,144.37,159.39,total postings
2024-07-27,FR,144.06,158.95,total postings
2024-07-28,FR,143.58,158.26,total postings
2024-07-29,FR,143.21,157.62,total postings
2024-07-30,FR,142.89,157.06,total postings
2024-07-31,FR,142.65,156.5,total postings
2024-08-01,FR,142.48,155.97,total postings
2024-08-02,FR,142.29,155.4,total postings
2024-08-03,FR,142.19,154.87,total postings
2024-08-04,FR,142.19,154.45,total postings
2024-08-05,FR,142.07,153.97,total postings
2024-08-06,FR,141.93,153.43,total postings
2024-08-07,FR,141.86,153.02,total postings
2024-08-08,FR,141.86,152.74,total postings
2024-08-09,FR,141.95,152.48,total postings
2024-08-10,FR,141.93,152.18,total postings
2024-08-11,FR,141.82,151.8,total postings
2024-08-12,FR,141.83,151.53,total postings
2024-08-13,FR,141.93,151.32,total postings
2024-08-14,FR,141.91,150.99,total postings
2024-08-15,FR,141.99,150.79,total postings
2024-08-16,FR,141.94,150.46,total postings
2024-08-17,FR,141.89,149.98,total postings
2024-08-18,FR,141.82,149.53,total postings
2024-08-19,FR,141.81,149.19,total postings
2024-08-20,FR,141.66,148.75,total postings
2024-08-21,FR,141.48,148.26,total postings
2024-08-22,FR,141.24,147.78,total postings
2024-08-23,FR,141.14,147.5,total postings
2024-08-24,FR,141.05,147.41,total postings
2024-08-25,FR,140.9,147.27,total postings
2024-08-26,FR,140.65,147.06,total postings
2024-08-27,FR,140.48,146.95,total postings
2024-08-28,FR,140.44,147.08,total postings
2024-08-29,FR,140.42,147.08,total postings
2024-08-30,FR,140.33,147.04,total postings
2024-08-31,FR,140.37,147.04,total postings
2024-09-01,FR,140.4,146.95,total postings
2024-09-02,FR,140.4,146.77,total postings
2024-09-03,FR,140.31,146.58,total postings
2024-09-04,FR,140.21,146.37,total postings
2024-09-05,FR,140.12,146.34,total postings
2024-09-06,FR,140.17,146.47,total postings
2024-09-07,FR,139.92,146.4,total postings
2024-09-08,FR,139.91,146.7,total postings
2024-09-09,FR,139.83,147.02,total postings
2024-09-10,FR,139.74,147.33,total postings
2024-09-11,FR,139.47,147.37,total postings
2024-09-12,FR,139.21,147.43,total postings
2024-09-13,FR,138.84,147.37,total postings
2024-09-14,FR,138.74,147.55,total postings
2024-09-15,FR,138.39,147.49,total postings
2024-09-16,FR,138.2,147.52,total postings
2024-09-17,FR,138.08,147.6,total postings
2024-09-18,FR,138.16,147.86,total postings
2024-09-19,FR,138.11,147.91,total postings
2024-09-20,FR,138.06,147.85,total postings
2024-09-21,FR,137.99,147.77,total postings
2024-09-22,FR,137.91,147.66,total postings
2024-09-23,FR,137.7,147.39,total postings
2024-09-24,FR,137.48,147.13,total postings
2024-09-25,FR,137.22,146.82,total postings
2024-09-26,FR,136.97,146.51,total postings
2024-09-27,FR,136.67,146.18,total postings
2024-09-28,FR,136.36,145.72,total postings
2024-09-29,FR,136.11,145.32,total postings
2024-09-30,FR,135.91,144.95,total postings
2024-10-01,FR,135.56,144.25,total postings
2024-10-02,FR,135.09,143.45,total postings
2024-10-03,FR,134.77,142.75,total postings
2024-10-04,FR,134.45,142.11,total postings
2024-10-05,FR,134.09,141.52,total postings
2024-10-06,FR,133.71,140.89,total postings
2024-10-07,FR,133.24,140.33,total postings
2024-10-08,FR,132.99,140.11,total postings
2024-10-09,FR,132.73,140.01,total postings
2024-10-10,FR,132.39,139.73,total postings
2024-10-11,FR,132.15,139.54,total postings
2024-10-12,FR,132,139.38,total postings
2024-10-13,FR,131.87,139.21,total postings
2024-10-14,FR,131.87,139.07,total postings
2024-10-15,FR,131.81,138.86,total postings
2024-10-16,FR,131.74,138.6,total postings
2024-10-17,FR,131.54,138.32,total postings
2024-10-18,FR,131.35,138.04,total postings
2024-10-19,FR,131.14,137.74,total postings
2024-10-20,FR,130.95,137.49,total postings
2024-10-21,FR,130.69,137.15,total postings
2024-10-22,FR,130.38,136.78,total postings
2024-10-23,FR,130.18,136.5,total postings
2024-10-24,FR,130.13,136.42,total postings
2024-10-25,FR,130.08,136.36,total postings
2024-10-26,FR,130.01,136.3,total postings
2024-10-27,FR,129.9,136.15,total postings
2024-10-28,FR,129.92,136.13,total postings
2024-10-29,FR,129.97,136.08,total postings
2024-10-30,FR,130.09,136.04,total postings
2024-10-31,FR,130.2,135.91,total postings
2024-11-01,FR,130.4,135.85,total postings
2024-11-02,FR,130.41,135.49,total postings
2024-11-03,FR,130.48,135.19,total postings
2024-11-04,FR,130.49,134.83,total postings
2024-11-05,FR,130.53,134.56,total postings
2024-11-06,FR,130.53,134.28,total postings
2024-11-07,FR,130.51,134.06,total postings
2024-11-08,FR,130.19,133.55,total postings
2024-11-09,FR,130.11,133.34,total postings
2024-11-10,FR,129.84,133.11,total postings
2024-11-11,FR,129.89,133.16,total postings
2024-11-12,FR,129.6,132.87,total postings
2024-11-13,FR,129.33,132.6,total postings
2024-11-14,FR,129.04,132.26,total postings
2024-11-15,FR,128.99,132.11,total postings
2024-11-16,FR,128.84,131.88,total postings
2024-11-17,FR,128.77,131.68,total postings
2024-11-18,FR,128.43,131.21,total postings
2024-11-19,FR,128.45,131.04,total postings
2024-11-20,FR,128.42,130.82,total postings
2024-11-21,FR,128.44,130.68,total postings
2024-11-22,FR,128.49,130.62,total postings
2024-11-23,FR,128.68,130.7,total postings
2024-11-24,FR,128.82,130.75,total postings
2024-11-25,FR,128.97,130.79,total postings
2024-11-26,FR,129.13,130.92,total postings
2024-11-27,FR,129.26,131.01,total postings
2024-11-28,FR,129.34,131.06,total postings
2024-11-29,FR,129.43,131,total postings
2024-11-30,FR,129.52,130.92,total postings
2024-12-01,FR,129.55,130.79,total postings
2024-12-02,FR,129.63,130.75,total postings
2024-12-03,FR,129.65,130.67,total postings
2024-12-04,FR,129.71,130.71,total postings
2024-12-05,FR,129.81,130.77,total postings
2024-12-06,FR,129.86,130.92,total postings
2024-12-07,FR,129.89,131.05,total postings
2024-12-08,FR,129.93,131.29,total postings
2024-12-09,FR,129.92,131.5,total postings
2024-12-10,FR,129.94,131.69,total postings
2024-12-11,FR,129.91,131.8,total postings
2024-12-12,FR,129.83,131.95,total postings
2024-12-13,FR,129.78,132.11,total postings
2024-12-14,FR,129.66,132.16,total postings
2024-12-15,FR,129.73,132.3,total postings
2024-12-16,FR,129.82,132.44,total postings
2024-12-17,FR,129.93,132.57,total postings
2024-12-18,FR,130.05,132.66,total postings
2024-12-19,FR,130.2,132.64,total postings
2024-12-20,FR,130.31,132.55,total postings
2024-12-21,FR,130.42,132.46,total postings
2024-12-22,FR,130.48,132.27,total postings
2024-12-23,FR,130.55,132.07,total postings
2024-12-24,FR,130.55,131.75,total postings
2024-12-25,FR,130.64,131.43,total postings
2024-12-26,FR,130.66,130.99,total postings
2024-12-27,FR,130.58,130.48,total postings
2024-12-28,FR,130.51,129.95,total postings
2024-12-29,FR,130.4,129.36,total postings
2024-12-30,FR,130.33,128.78,total postings
2024-12-31,FR,130.3,128.18,total postings
2025-01-01,FR,130.25,127.48,total postings
2025-01-02,FR,130.14,126.7,total postings
2025-01-03,FR,130.06,126.02,total postings
2025-01-04,FR,129.99,125.48,total postings
2025-01-05,FR,129.89,124.9,total postings
2025-01-06,FR,129.66,124.26,total postings
2025-01-07,FR,129.44,123.84,total postings
2025-01-08,FR,129.12,123.62,total postings
2025-01-09,FR,129.02,123.75,total postings
2025-01-10,FR,128.95,123.98,total postings
2025-01-11,FR,128.91,124.26,total postings
2025-01-12,FR,128.94,124.62,total postings
2025-01-13,FR,128.94,124.97,total postings
2025-01-14,FR,128.83,125.1,total postings
2025-01-15,FR,128.74,125.21,total postings
2025-01-16,FR,128.58,125.27,total postings
2025-01-17,FR,128.29,125.09,total postings
2025-01-18,FR,127.97,124.86,total postings
2025-01-19,FR,127.64,124.59,total postings
2025-01-20,FR,127.39,124.38,total postings
2025-01-21,FR,127.34,124.4,total postings
2025-01-22,FR,127.31,124.41,total postings
2025-01-23,FR,127.2,124.4,total postings
2025-01-24,FR,127.29,124.64,total postings
2025-01-25,FR,127.4,125,total postings
2025-01-26,FR,127.48,125.38,total postings
2025-01-27,FR,127.42,125.77,total postings
2025-01-28,FR,128.06,126.93,total postings
2025-01-29,FR,127.84,127.32,total postings
2025-01-30,FR,127.71,127.78,total postings
2025-01-31,FR,127.51,128.05,total postings
2025-02-01,FR,127.44,128.26,total postings
2025-02-02,FR,127.4,128.5,total postings
2025-02-03,FR,127.38,128.69,total postings
2025-02-04,FR,126.55,128.01,total postings
2025-02-05,FR,126.6,128.15,total postings
2025-02-06,FR,126.65,128.28,total postings
2025-02-07,FR,126.65,128.42,total postings
2025-02-08,FR,126.51,128.57,total postings
2025-02-09,FR,126.32,128.63,total postings
2025-02-10,FR,126.15,128.63,total postings
2025-02-11,FR,126.09,128.75,total postings
2025-02-12,FR,125.86,128.67,total postings
2025-02-13,FR,125.67,128.59,total postings
2025-02-14,FR,125.53,128.57,total postings
2025-02-15,FR,125.21,128.36,total postings
2025-02-16,FR,125.05,128.32,total postings
2025-02-17,FR,124.92,128.33,total postings
2025-02-18,FR,124.71,128.18,total postings
2025-02-19,FR,124.58,128.1,total postings
2025-02-20,FR,124.39,127.93,total postings
2025-02-21,FR,124.11,127.71,total postings
2025-02-22,FR,124.11,127.74,total postings
2025-02-23,FR,123.98,127.58,total postings
2025-02-24,FR,123.79,127.41,total postings
2025-02-25,FR,123.62,127.32,total postings
2025-02-26,FR,123.49,127.28,total postings
2025-02-27,FR,123.54,127.36,total postings
2025-02-28,FR,123.62,127.5,total postings
2025-03-01,FR,123.57,127.43,total postings
2025-03-02,FR,123.59,127.41,total postings
2025-03-03,FR,123.61,127.36,total postings
2025-03-04,FR,123.61,127.33,total postings
2025-03-05,FR,122.45,126.09,total postings
2025-03-06,FR,122.25,125.97,total postings
2025-03-07,FR,122.01,125.81,total postings
2025-03-08,FR,121.86,125.87,total postings
2025-03-09,FR,121.63,125.9,total postings
2025-03-10,FR,121.51,126.06,total postings
2025-03-11,FR,121.71,126.53,total postings
2025-03-12,FR,122.99,128.25,total postings
2025-03-13,FR,122.91,128.45,total postings
2025-03-14,FR,122.93,128.65,total postings
2025-03-15,FR,122.84,128.74,total postings
2025-03-16,FR,122.87,128.94,total postings
2025-03-17,FR,122.91,129.08,total postings
2025-03-18,FR,122.7,128.92,total postings
2025-03-19,FR,122.71,128.88,total postings
2025-03-20,FR,122.96,129.2,total postings
2025-03-21,FR,123.16,129.52,total postings
2025-03-22,FR,123.38,129.91,total postings
2025-03-23,FR,123.55,130.25,total postings
2025-03-24,FR,123.57,130.64,total postings
2025-03-25,FR,123.61,131,total postings
2025-03-26,FR,123.39,131.3,total postings
2025-03-27,FR,123.24,131.63,total postings
2025-03-28,FR,122.93,131.9,total postings
2025-03-29,FR,122.72,132.24,total postings
2025-03-30,FR,122.48,132.52,total postings
2025-03-31,FR,122.34,132.72,total postings
2025-04-01,FR,122.14,132.91,total postings
2025-04-02,FR,122.11,132.83,total postings
2025-04-03,FR,122.08,132.87,total postings
2025-04-04,FR,122.3,132.93,total postings
2025-04-05,FR,122.51,132.91,total postings
2025-04-06,FR,122.68,132.91,total postings
2025-04-07,FR,122.82,132.97,total postings
2025-04-08,FR,122.84,132.92,total postings
2025-04-09,FR,122.78,133.05,total postings
2025-04-10,FR,122.5,132.97,total postings
2025-04-11,FR,121.96,132.84,total postings
2025-04-12,FR,121.34,132.71,total postings
2025-04-13,FR,120.77,132.53,total postings
2025-04-14,FR,120.24,132.36,total postings
2025-04-15,FR,119.89,132.38,total postings
2025-04-16,FR,119.51,132.39,total postings
2025-04-17,FR,119.26,132.47,total postings
2025-04-18,FR,119.16,132.62,total postings
2025-04-19,FR,118.99,132.65,total postings
2025-04-20,FR,118.94,132.75,total postings
2025-04-21,FR,119,132.99,total postings
2025-04-22,FR,118.9,132.84,total postings
2025-04-23,FR,118.74,132.67,total postings
2025-04-24,FR,118.56,132.51,total postings
2025-04-25,FR,118.31,132.33,total postings
2025-04-26,FR,118.14,132.29,total postings
2025-04-27,FR,117.92,132.24,total postings
2025-04-28,FR,117.5,132.01,total postings
2025-04-29,FR,117.23,132.21,total postings
2025-04-30,FR,117.21,132.54,total postings
2025-05-01,FR,117.32,132.91,total postings
2025-05-02,FR,117.6,133.17,total postings
2025-05-03,FR,117.83,133.37,total postings
2025-05-04,FR,118.07,133.56,total postings
2025-05-05,FR,118.78,133.87,total postings
2025-05-06,FR,119.2,134.12,total postings
2025-05-07,FR,119.52,134.28,total postings
2025-05-08,FR,119.92,134.58,total postings
2025-05-09,FR,120.35,134.86,total postings
2025-05-10,FR,120.77,135.1,total postings
2025-05-11,FR,121.09,135.25,total postings
2025-05-12,FR,120.97,135.34,total postings
2025-05-13,FR,121.1,135.41,total postings
2025-05-14,FR,121.19,135.46,total postings
2025-05-15,FR,121.12,135.26,total postings
2025-05-16,FR,121,135.25,total postings
2025-05-17,FR,120.83,135.1,total postings
2025-05-18,FR,120.94,135.19,total postings
2025-05-19,FR,121.13,135.25,total postings
2025-05-20,FR,121.38,135.32,total postings
2025-05-21,FR,121.6,135.31,total postings
2025-05-22,FR,121.78,135.42,total postings
2025-05-23,FR,121.93,135.54,total postings
2025-05-24,FR,122.15,135.81,total postings
2025-05-25,FR,122.17,135.88,total postings
2025-05-26,FR,122.13,136.02,total postings
2025-05-27,FR,122.01,136.08,total postings
2025-05-28,FR,121.94,136.25,total postings
2025-05-29,FR,122.02,136.38,total postings
2025-05-30,FR,121.98,136.3,total postings
2025-05-31,FR,121.76,135.99,total postings
2025-06-01,FR,121.54,135.67,total postings
2025-06-02,FR,121.29,135.28,total postings
2025-06-03,FR,121.08,134.99,total postings
2025-06-04,FR,120.71,134.49,total postings
2025-06-05,FR,120.13,133.9,total postings
2025-06-06,FR,119.66,133.53,total postings
2025-06-07,FR,119.45,133.47,total postings
2025-06-08,FR,119.2,133.48,total postings
2025-06-09,FR,119.08,133.62,total postings
2025-06-10,FR,118.66,133.4,total postings
2025-06-11,FR,118.39,133.35,total postings
2025-06-12,FR,118.18,133.31,total postings
2025-06-13,FR,117.92,133.29,total postings
2025-06-14,FR,117.61,133.13,total postings
2025-06-15,FR,117.43,133,total postings
2025-06-16,FR,117.1,132.72,total postings
2025-06-17,FR,117.08,132.74,total postings
2025-06-18,FR,116.98,132.77,total postings
2025-06-19,FR,116.9,132.84,total postings
2025-06-20,FR,116.8,132.82,total postings
2025-06-21,FR,116.63,132.79,total postings
2025-06-22,FR,116.43,132.74,total postings
2025-06-23,FR,116.27,132.73,total postings
2025-06-24,FR,116.02,132.67,total postings
2025-06-25,FR,115.88,132.6,total postings
2025-06-26,FR,115.74,132.53,total postings
2025-06-27,FR,115.62,132.4,total postings
2025-06-28,FR,115.62,132.37,total postings
2025-06-29,FR,115.61,132.31,total postings
2025-06-30,FR,115.65,132.17,total postings
2025-07-01,FR,115.71,131.98,total postings
2025-07-02,FR,115.79,131.82,total postings
2025-07-03,FR,115.82,131.59,total postings
2025-07-04,FR,115.85,131.43,total postings
2025-07-05,FR,115.85,131.24,total postings
2025-07-06,FR,115.75,130.99,total postings
2025-07-07,FR,115.64,130.81,total postings
2025-07-08,FR,115.52,130.61,total postings
2025-07-09,FR,115.28,130.31,total postings
2025-07-10,FR,115.09,130.09,total postings
2025-07-11,FR,114.98,129.92,total postings
2025-07-12,FR,114.84,129.68,total postings
2025-07-13,FR,114.71,129.48,total postings
2025-07-14,FR,114.61,129.43,total postings
2025-07-15,FR,114.27,129.03,total postings
2025-07-16,FR,114.01,128.67,total postings
2025-07-17,FR,113.74,128.32,total postings
2025-07-18,FR,113.45,127.91,total postings
2025-07-19,FR,113.13,127.42,total postings
2025-07-20,FR,112.98,127.07,total postings
2025-07-21,FR,112.8,126.55,total postings
2025-07-22,FR,113,126.6,total postings
2025-07-23,FR,113.14,126.58,total postings
2025-07-24,FR,113.21,126.44,total postings
2025-07-25,FR,113.29,126.31,total postings
2025-07-26,FR,113.32,126.21,total postings
2025-07-27,FR,113.2,125.98,total postings
2025-07-28,FR,113.08,125.68,total postings
2025-07-29,FR,112.84,125.18,total postings
2025-07-30,FR,112.63,124.75,total postings
2025-07-31,FR,112.51,124.34,total postings
2025-08-01,FR,112.25,123.75,total postings
2025-08-02,FR,112.07,123.23,total postings
2025-08-03,FR,111.87,122.62,total postings
2025-08-04,FR,111.77,122.12,total postings
2025-08-05,FR,111.72,121.72,total postings
2025-08-06,FR,111.61,121.23,total postings
2025-08-07,FR,111.51,120.78,total postings
2025-08-08,FR,111.51,120.48,total postings
2025-08-09,FR,111.48,120.08,total postings
2025-08-10,FR,111.5,119.82,total postings
2025-08-11,FR,111.47,119.54,total postings
2025-08-12,FR,111.39,119.2,total postings
2025-08-13,FR,111.38,118.87,total postings
2025-08-14,FR,111.39,118.6,total postings
2025-08-15,FR,111.54,118.49,total postings
2025-08-16,FR,111.57,118.24,total postings
2025-08-17,FR,111.63,117.87,total postings
2025-08-18,FR,111.68,117.55,total postings
2025-08-19,FR,111.71,117.23,total postings
2025-08-20,FR,111.83,117.09,total postings
2025-08-21,FR,111.93,116.91,total postings
2025-08-22,FR,111.85,116.59,total postings
2025-08-23,FR,111.93,116.51,total postings
2025-08-24,FR,111.87,116.45,total postings
2025-08-25,FR,111.81,116.42,total postings
2025-08-26,FR,111.8,116.47,total postings
2025-08-27,FR,111.8,116.53,total postings
2025-08-28,FR,111.75,116.65,total postings
2025-08-29,FR,111.7,116.61,total postings
2025-08-30,FR,111.67,116.66,total postings
2025-08-31,FR,111.62,116.6,total postings
2025-09-01,FR,111.53,116.4,total postings
2025-09-02,FR,111.52,116.25,total postings
2025-09-03,FR,111.43,116.1,total postings
2025-09-04,FR,111.41,115.99,total postings
2025-09-05,FR,111.44,116.1,total postings
2025-09-06,FR,111.46,116.2,total postings
2025-09-07,FR,111.48,116.41,total postings
2025-09-08,FR,111.51,116.73,total postings
2025-09-09,FR,111.42,117,total postings
2025-09-10,FR,111.21,117.18,total postings
2025-09-11,FR,111.07,117.34,total postings
2025-09-12,FR,110.86,117.44,total postings
2025-09-13,FR,110.64,117.54,total postings
2025-09-14,FR,110.48,117.65,total postings
2025-09-15,FR,110.27,117.74,total postings
2025-09-16,FR,110.29,117.97,total postings
2025-09-17,FR,110.26,118.11,total postings
2025-09-18,FR,110.18,118.19,total postings
2025-09-19,FR,110.1,118.18,total postings
2025-09-20,FR,110.13,118.2,total postings
2025-09-21,FR,110.13,118.19,total postings
2025-09-22,FR,110.14,118.17,total postings
2025-09-23,FR,110,117.97,total postings
2025-09-24,FR,109.88,117.81,total postings
2025-09-25,FR,109.78,117.67,total postings
2025-09-26,FR,109.67,117.51,total postings
2025-09-27,FR,109.39,117.19,total postings
2025-09-28,FR,109.14,116.79,total postings
2025-09-29,FR,108.9,116.41,total postings
2025-09-30,FR,108.65,116,total postings
2025-10-01,FR,108.62,115.67,total postings
2025-10-02,FR,108.52,115.3,total postings
2025-10-03,FR,108.46,114.92,total postings
2025-10-04,FR,108.4,114.59,total postings
2025-10-05,FR,108.35,114.35,total postings
2025-10-06,FR,108.31,114.11,total postings
2025-10-07,FR,108.18,113.91,total postings
2025-10-08,FR,107.91,113.64,total postings
2025-10-09,FR,107.53,113.37,total postings
2025-10-10,FR,107.38,113.28,total postings
2025-10-11,FR,107.23,113.18,total postings
2025-10-12,FR,107.11,113.06,total postings
2025-10-13,FR,106.99,112.91,total postings
2025-10-14,FR,106.96,112.75,total postings
2025-10-15,FR,106.99,112.67,total postings
2025-10-16,FR,107.08,112.57,total postings
2025-10-17,FR,106.91,112.32,total postings
2025-10-18,FR,106.7,112,total postings
2025-10-19,FR,106.55,111.73,total postings
2025-10-20,FR,106.38,111.5,total postings
2025-10-21,FR,106.05,111.07,total postings
2025-10-22,FR,105.85,110.8,total postings
2025-10-23,FR,105.68,110.55,total postings
2025-10-24,FR,105.52,110.35,total postings
2025-10-25,FR,105.41,110.22,total postings
2025-10-26,FR,105.27,110.08,total postings
2025-10-27,FR,105.24,110.01,total postings
2025-10-28,FR,105.37,110.09,total postings
2025-10-29,FR,105.31,109.94,total postings
2025-10-30,FR,105.32,109.79,total postings
2025-10-31,FR,105.29,109.54,total postings
2025-11-01,FR,105.04,109.01,total postings
2025-11-02,FR,105.07,108.72,total postings
2025-11-03,FR,105.06,108.39,total postings
2025-11-04,FR,105.08,108.07,total postings
2025-11-05,FR,105.09,107.79,total postings
2025-11-06,FR,105.15,107.58,total postings
2025-11-07,FR,105.29,107.54,total postings
2025-11-08,FR,105.69,107.77,total postings
2025-11-09,FR,105.77,107.71,total postings
2025-11-10,FR,105.87,107.88,total postings
2025-11-11,FR,106,108.01,total postings
2025-11-12,FR,106.02,108.07,total postings
2025-11-13,FR,106.03,108.11,total postings
2025-11-14,FR,106.04,108.13,total postings
2025-11-15,FR,106.08,108.1,total postings
2025-11-16,FR,106.06,108,total postings
2025-11-17,FR,106.07,107.88,total postings
2025-11-18,FR,106.11,107.82,total postings
2025-11-19,FR,105.89,107.39,total postings
2025-11-20,FR,105.78,107.1,total postings
2025-11-21,FR,105.65,106.81,total postings
2025-11-22,FR,105.5,106.52,total postings
2025-11-23,FR,105.34,106.24,total postings
2025-11-24,FR,105.15,105.94,total postings
2025-11-25,FR,104.98,105.65,total postings
2025-11-26,FR,105.23,105.89,total postings
2025-11-27,FR,105.3,105.93,total postings
2025-11-28,FR,105.43,106.03,total postings
2025-11-29,FR,105.61,106.07,total postings
2025-11-30,FR,105.79,106.1,total postings
2025-12-01,FR,105.82,106,total postings
2025-12-02,FR,105.77,105.86,total postings
2025-12-03,FR,105.61,105.62,total postings
2025-12-04,FR,105.43,105.42,total postings
2025-12-05,FR,105.28,105.24,total postings
2025-12-06,FR,105.04,105.08,total postings
2025-12-07,FR,104.79,104.91,total postings
2025-12-08,FR,104.57,104.85,total postings
2025-12-09,FR,104.42,104.88,total postings
2025-12-10,FR,104.25,104.86,total postings
2025-12-11,FR,104.12,104.86,total postings
2025-12-12,FR,103.84,104.79,total postings
2025-12-13,FR,103.74,104.9,total postings
2025-12-14,FR,103.7,105.03,total postings
2025-12-15,FR,103.75,105.16,total postings
2025-12-16,FR,103.76,105.2,total postings
2025-12-17,FR,103.79,105.26,total postings
2025-12-18,FR,103.81,105.22,total postings
2025-12-19,FR,103.91,105.14,total postings
2025-12-20,FR,103.82,104.85,total postings
2025-12-21,FR,103.77,104.59,total postings
2025-12-22,FR,103.76,104.33,total postings
2025-12-23,FR,103.78,104.09,total postings
2025-12-24,FR,103.83,103.81,total postings
2025-12-25,FR,103.86,103.42,total postings
2025-12-26,FR,103.87,102.98,total postings
2025-12-27,FR,103.84,102.53,total postings
2025-12-28,FR,103.81,102.05,total postings
2025-12-29,FR,103.83,101.61,total postings
2025-12-30,FR,103.82,101.12,total postings
2025-12-31,FR,103.81,100.59,total postings
2026-01-01,FR,103.37,99.99,total postings
2026-01-02,FR,102.89,99.38,total postings
2026-01-03,FR,102.32,98.78,total postings
2026-01-04,FR,101.59,98.18,total postings
2026-01-05,FR,100.85,97.7,total postings
2026-01-06,FR,100.31,97.4,total postings
2026-01-07,FR,99.95,97.38,total postings
2026-01-08,FR,100.11,97.6,total postings
2026-01-09,FR,100.46,98.1,total postings
2026-01-10,FR,100.95,98.79,total postings
2026-01-11,FR,101.54,99.57,total postings
2026-01-12,FR,101.98,100.2,total postings
2026-01-13,FR,102.33,100.76,total postings
2026-01-14,FR,102.71,101.3,total postings
2026-01-15,FR,103.15,101.86,total postings
2026-01-16,FR,103.6,102.45,total postings
2026-01-17,FR,104.1,103.03,total postings
2026-01-18,FR,104.59,103.6,total postings
2026-01-19,FR,105.09,104.17,total postings
2026-01-20,FR,105.71,104.81,total postings
2026-01-21,FR,106.23,105.39,total postings
2026-01-22,FR,106.92,106.12,total postings
2026-01-23,FR,107.52,106.8,total postings
2026-01-24,FR,108.06,107.45,total postings
2026-01-25,FR,108.52,108.05,total postings
2026-01-26,FR,108.88,108.6,total postings
2026-01-27,FR,108.95,109.01,total postings
2026-01-28,FR,109.01,109.41,total postings
2026-01-29,FR,108.81,109.64,total postings
2026-01-30,FR,108.57,109.81,total postings
2026-01-31,FR,108.3,109.85,total postings
2026-02-01,FR,108.12,109.87,total postings
2026-02-02,FR,107.79,109.72,total postings
2026-02-03,FR,107.71,109.75,total postings
2026-02-04,FR,107.49,109.63,total postings
2026-02-05,FR,107.45,109.63,total postings
2026-02-06,FR,107.48,109.71,total postings
2026-02-07,FR,107.52,109.85,total postings
2026-02-08,FR,107.45,109.99,total postings
2026-02-09,FR,107.66,110.38,total postings
2026-02-10,FR,107.76,110.61,total postings
2026-02-11,FR,107.99,110.98,total postings
2026-02-12,FR,108.15,111.25,total postings
2026-02-13,FR,108.37,111.55,total postings
2026-02-14,FR,108.58,111.86,total postings
2026-02-15,FR,108.88,112.24,total postings
2026-02-16,FR,109.11,112.59,total postings
2026-02-17,FR,109.36,112.95,total postings
2026-02-18,FR,109.62,113.29,total postings
2026-02-19,FR,109.84,113.58,total postings
2026-02-20,FR,109.99,113.76,total postings
2026-02-21,FR,110.05,113.88,total postings
2026-02-22,FR,110.1,113.97,total postings
2026-02-23,FR,110.1,113.97,total postings
2026-02-24,FR,109.97,113.86,total postings
2026-02-25,FR,109.79,113.74,total postings
2026-02-26,FR,109.53,113.52,total postings
2026-02-27,FR,109.33,113.36,total postings
2026-02-28,FR,109.09,113.14,total postings
2026-03-01,FR,108.84,112.84,total postings
2026-03-02,FR,108.64,112.58,total postings
2026-03-03,FR,108.55,112.4,total postings
2026-03-04,FR,108.5,112.27,total postings
2026-03-05,FR,108.52,112.28,total postings
2026-03-06,FR,108.35,112.17,total postings
2026-03-07,FR,108.24,112.13,total postings
2026-03-08,FR,108.08,112.13,total postings
2026-03-09,FR,107.88,112.12,total postings
2026-03-10,FR,107.6,112.05,total postings
2026-03-11,FR,107.01,111.63,total postings
2026-03-12,FR,106.27,111.11,total postings
2026-03-13,FR,105.67,110.69,total postings
2026-03-14,FR,104.98,110.1,total postings
2026-03-15,FR,104.31,109.51,total postings
2026-03-16,FR,103.66,108.96,total postings
2026-03-17,FR,103.01,108.33,total postings
2026-03-18,FR,102.71,108.07,total postings
2026-03-19,FR,102.35,107.67,total postings
2026-03-20,FR,101.9,107.23,total postings
2026-03-21,FR,101.44,106.83,total postings
2026-03-22,FR,100.91,106.38,total postings
2026-03-23,FR,100.48,106.02,total postings
2026-03-24,FR,100.06,105.83,total postings
2026-03-25,FR,99.61,105.55,total postings
2026-03-26,FR,99.11,105.38,total postings
2026-03-27,FR,98.65,105.23,total postings
2026-03-28,FR,98.24,105.19,total postings
2026-03-29,FR,97.97,105.27,total postings
2026-03-30,FR,97.68,105.32,total postings
2026-03-31,FR,97.4,105.26,total postings
2026-04-01,FR,97,105.1,total postings
2026-04-02,FR,96.93,104.96,total postings
2026-04-03,FR,96.84,104.87,total postings
2026-04-04,FR,96.92,104.82,total postings
2026-04-05,FR,96.98,104.71,total postings
2026-04-06,FR,97,104.6,total postings
2026-04-07,FR,96.87,104.38,total postings
2026-04-08,FR,96.79,104.26,total postings
2026-04-09,FR,96.61,104.24,total postings
2026-04-10,FR,96.45,104.25,total postings
2026-04-11,FR,96.18,104.25,total postings
2026-04-12,FR,95.95,104.32,total postings
2026-04-13,FR,95.8,104.43,total postings
2026-04-14,FR,95.89,104.79,total postings
2026-04-15,FR,95.88,105.01,total postings
2026-04-16,FR,95.93,105.33,total postings
2026-04-17,FR,95.86,105.49,total postings
2026-04-18,FR,95.83,105.65,total postings
2026-04-19,FR,95.87,105.83,total postings
2026-04-20,FR,95.89,105.94,total postings
2026-04-21,FR,95.95,106.09,total postings
2026-04-22,FR,96.24,106.43,total postings
2026-04-23,FR,96.33,106.59,total postings
2026-04-24,FR,96.53,106.86,total postings
2026-04-25,FR,96.63,107.02,total postings
2026-04-26,FR,96.66,107.19,total postings
2026-04-27,FR,96.65,107.33,total postings
2026-04-28,FR,96.59,107.44,total postings
2026-04-29,FR,96.38,107.49,total postings
2026-04-30,FR,96.14,107.41,total postings
2026-05-01,FR,95.85,107.22,total postings
2026-05-02,FR,95.41,106.69,total postings
2026-05-03,FR,94.98,106.14,total postings
2026-05-04,FR,94.56,105.61,total postings
2026-05-05,FR,94.58,105.31,total postings
2026-05-06,FR,94.56,105.15,total postings
2026-05-07,FR,94.66,105.13,total postings
2026-05-08,FR,94.87,105.28,total postings
2026-05-09,FR,95.35,105.7,total postings
2026-05-10,FR,95.8,106.06,total postings
2026-05-11,FR,96.28,106.48,total postings
2026-05-12,FR,96.43,106.79,total postings
2026-05-13,FR,96.67,107.01,total postings
2026-05-14,FR,96.87,107.21,total postings
2026-05-15,FR,96.85,107.13,total postings
2026-05-16,FR,96.78,107.12,total postings
2026-05-17,FR,96.78,107.18,total postings
2026-05-18,FR,96.79,107.18,total postings
2026-05-19,FR,96.57,106.88,total postings
2026-05-20,FR,96.43,106.6,total postings
2026-05-21,FR,96.35,106.35,total postings
2026-05-22,FR,96.29,106.25,total postings
2026-05-23,FR,96.27,106.21,total postings
2026-05-24,FR,96.2,106.16,total postings
2026-05-25,FR,95.95,105.92,total postings
2026-05-26,FR,95.42,105.44,total postings
2026-05-27,FR,94.85,104.95,total postings
2026-05-28,FR,94.16,104.34,total postings
2026-05-29,FR,93.62,103.76,total postings
2026-05-30,FR,93.32,103.41,total postings
2026-05-31,FR,93.08,103.09,total postings
2026-06-01,FR,92.64,102.56,total postings
2026-06-02,FR,92.66,102.5,total postings
2026-06-03,FR,92.63,102.41,total postings
2026-06-04,FR,92.64,102.35,total postings
2026-06-05,FR,92.67,102.42,total postings
2026-06-06,FR,92.72,102.57,total postings
2026-06-07,FR,92.74,102.71,total postings
2026-06-08,FR,92.84,103.01,total postings
2026-06-09,FR,92.92,103.29,total postings
2026-06-10,FR,92.96,103.51,total postings
2026-06-11,FR,93.21,103.95,total postings
2026-06-12,FR,93.39,104.27,total postings
2026-06-13,FR,93.47,104.53,total postings
2026-06-14,FR,93.51,104.7,total postings
2026-06-15,FR,93.94,105.24,total postings
2026-06-16,FR,94.33,105.75,total postings
2026-06-17,FR,94.78,106.3,total postings
2026-06-18,FR,94.97,106.63,total postings
2026-06-19,FR,95.23,107.07,total postings
2026-06-20,FR,95.59,107.54,total postings
2026-06-21,FR,95.92,108.04,total postings
2026-06-22,FR,95.94,108.2,total postings
2026-06-23,FR,95.86,108.22,total postings
2026-06-24,FR,95.74,108.26,total postings
2026-06-25,FR,95.78,108.35,total postings
2026-06-26,FR,95.7,108.32,total postings
2026-06-27,FR,95.55,108.15,total postings
2026-06-28,FR,95.39,107.96,total postings
2026-06-29,FR,95.25,107.76,total postings
2026-06-30,FR,95.2,107.57,total postings
2026-07-01,FR,94.93,107.08,total postings
2026-07-02,FR,94.69,106.63,total postings
2026-07-03,FR,94.55,106.27,total postings
2026-07-04,FR,94.51,106.07,total postings
2026-07-05,FR,94.45,105.86,total postings
2026-07-06,FR,94.29,105.58,total postings
2026-07-07,FR,94.18,105.41,total postings
2026-07-08,FR,94.35,105.57,total postings
2026-07-09,FR,94.4,105.61,total postings
2026-07-10,FR,94.3,105.49,total postings
2026-07-11,FR,94.25,105.4,total postings
2026-07-12,FR,94.29,105.38,total postings
2026-07-13,FR,94.42,105.48,total postings
2026-07-14,FR,94.49,105.59,total postings
2026-07-15,FR,94.21,105.25,total postings
2026-07-16,FR,93.96,104.93,total postings
2026-07-17,FR,93.78,104.7,total postings
2026-07-18,FR,93.58,104.42,total postings
2026-07-19,FR,93.35,104.1,total postings
2026-07-20,FR,93.15,103.75,total postings
2026-07-21,FR,93.07,103.46,total postings
2026-07-22,FR,93.26,103.57,total postings
2026-07-23,FR,93.42,103.63,total postings
2026-07-24,FR,93.55,103.65,total postings
2026-07-25,FR,93.66,103.61,total postings
2026-07-26,FR,93.75,103.61,total postings
2026-07-27,FR,93.74,103.54,total postings
2026-07-28,FR,93.66,103.33,total postings
2026-07-29,FR,93.57,103.05,total postings
2026-07-30,FR,93.45,102.77,total postings
2026-07-31,FR,93.29,102.4,total postings
2026-08-01,FR,93.12,101.98,total postings
2026-08-02,FR,92.89,101.48,total postings
2026-08-03,FR,92.78,101.09,total postings
2026-08-04,FR,92.75,100.78,total postings
2026-08-05,FR,92.73,100.52,total postings
2026-08-06,FR,92.62,100.15,total postings
2026-08-07,FR,92.65,99.95,total postings
2020-02-01,FR,100,100,new postings
2020-02-02,FR,99.71,99.45,new postings
2020-02-03,FR,99.4,99.02,new postings
2020-02-04,FR,99.21,98.77,new postings
2020-02-05,FR,99.41,99.02,new postings
2020-02-06,FR,98.95,98.86,new postings
2020-02-07,FR,98.28,98.67,new postings
2020-02-08,FR,98.11,99.18,new postings
2020-02-09,FR,97.59,99.69,new postings
2020-02-10,FR,97.34,100.16,new postings
2020-02-11,FR,97.33,100.72,new postings
2020-02-12,FR,97.48,100.97,new postings
2020-02-13,FR,97.72,101.19,new postings
2020-02-14,FR,98.04,101.51,new postings
2020-02-15,FR,98.4,101.7,new postings
2020-02-16,FR,99.03,101.97,new postings
2020-02-17,FR,99.49,102.12,new postings
2020-02-18,FR,99.65,102.05,new postings
2020-02-19,FR,99.97,102.31,new postings
2020-02-20,FR,100.09,102.6,new postings
2020-02-21,FR,100.23,102.8,new postings
2020-02-22,FR,100.23,103.28,new postings
2020-02-23,FR,100.5,103.64,new postings
2020-02-24,FR,100.66,104,new postings
2020-02-25,FR,100.68,104.14,new postings
2020-02-26,FR,100.64,103.91,new postings
2020-02-27,FR,101.02,103.54,new postings
2020-02-28,FR,101.36,103.2,new postings
2020-02-29,FR,101.14,102.31,new postings
2020-03-01,FR,100.78,101.48,new postings
2020-03-02,FR,100.73,100.75,new postings
2020-03-03,FR,100.87,100.25,new postings
2020-03-04,FR,100.92,99.94,new postings
2020-03-05,FR,100.58,99.8,new postings
2020-03-06,FR,99.92,99.69,new postings
2020-03-07,FR,99.85,100.16,new postings
2020-03-08,FR,99.52,100.59,new postings
2020-03-09,FR,99.05,101.01,new postings
2020-03-10,FR,98.75,101.57,new postings
2020-03-11,FR,98.55,102.14,new postings
2020-03-12,FR,98.34,102.59,new postings
2020-03-13,FR,98.26,102.95,new postings
2020-03-14,FR,97.8,102.41,new postings
2020-03-15,FR,97.49,101.83,new postings
2020-03-16,FR,97.12,101.14,new postings
2020-03-17,FR,94.8,98.56,new postings
2020-03-18,FR,90.67,94.47,new postings
2020-03-19,FR,84.89,88.93,new postings
2020-03-20,FR,77.7,82.11,new postings
2020-03-21,FR,69.77,74.85,new postings
2020-03-22,FR,61.48,67.54,new postings
2020-03-23,FR,53.67,60.5,new postings
2020-03-24,FR,47.42,55.05,new postings
2020-03-25,FR,42.68,50.59,new postings
2020-03-26,FR,39.37,47.38,new postings
2020-03-27,FR,38.05,45.89,new postings
2020-03-28,FR,37.54,45.25,new postings
2020-03-29,FR,37.36,44.74,new postings
2020-03-30,FR,36.85,44.11,new postings
2020-03-31,FR,36.62,43.61,new postings
2020-04-01,FR,37.13,43.8,new postings
2020-04-02,FR,37.09,42.98,new postings
2020-04-03,FR,36.82,41.85,new postings
2020-04-04,FR,38.07,41.89,new postings
2020-04-05,FR,38.56,40.65,new postings
2020-04-06,FR,38.72,39.39,new postings
2020-04-07,FR,38.45,37.93,new postings
2020-04-08,FR,37.53,36.18,new postings
2020-04-09,FR,36.11,35.5,new postings
2020-04-10,FR,34.14,35.01,new postings
2020-04-11,FR,30.53,34.54,new postings
2020-04-12,FR,26.47,34.04,new postings
2020-04-13,FR,22.81,33.63,new postings
2020-04-14,FR,20.67,32.62,new postings
2020-04-15,FR,18.84,31.82,new postings
2020-04-16,FR,18.07,31.25,new postings
2020-04-17,FR,17.48,30.56,new postings
2020-04-18,FR,18.47,30.13,new postings
2020-04-19,FR,19.95,29.69,new postings
2020-04-20,FR,21.96,29.34,new postings
2020-04-21,FR,24,30.79,new postings
2020-04-22,FR,26.13,32.18,new postings
2020-04-23,FR,28.46,33.42,new postings
2020-04-24,FR,31.29,34.69,new postings
2020-04-25,FR,33.59,35.67,new postings
2020-04-26,FR,34.97,36.74,new postings
2020-04-27,FR,35.87,37.68,new postings
2020-04-28,FR,35.05,37.44,new postings
2020-04-29,FR,33.74,37.16,new postings
2020-04-30,FR,32.32,37,new postings
2020-05-01,FR,30.99,36.89,new postings
2020-05-02,FR,31.44,36.09,new postings
2020-05-03,FR,32.33,35.17,new postings
2020-05-04,FR,33.24,34.25,new postings
2020-05-05,FR,34.63,33.72,new postings
2020-05-06,FR,36.47,33.39,new postings
2020-05-07,FR,38.67,33.05,new postings
2020-05-08,FR,41.15,32.95,new postings
2020-05-09,FR,41.61,33.69,new postings
2020-05-10,FR,41.82,34.56,new postings
2020-05-11,FR,41.96,35.44,new postings
2020-05-12,FR,41.82,36.33,new postings
2020-05-13,FR,42.71,38.52,new postings
2020-05-14,FR,43.32,40.82,new postings
2020-05-15,FR,43.87,42.99,new postings
2020-05-16,FR,43.8,44.89,new postings
2020-05-17,FR,46.15,48.03,new postings
2020-05-18,FR,47.28,51.09,new postings
2020-05-19,FR,49.76,54.38,new postings
2020-05-20,FR,51.41,56.33,new postings
2020-05-21,FR,52.68,58.37,new postings
2020-05-22,FR,53.01,58.97,new postings
2020-05-23,FR,52.64,57.83,new postings
2020-05-24,FR,51.11,56.7,new postings
2020-05-25,FR,50.76,55.66,new postings
2020-05-26,FR,49.11,54.08,new postings
2020-05-27,FR,47.55,52.49,new postings
2020-05-28,FR,45.63,50.44,new postings
2020-05-29,FR,45.08,50.81,new postings
2020-05-30,FR,46.77,52.37,new postings
2020-05-31,FR,49.74,54.17,new postings
2020-06-01,FR,54.17,56,new postings
2020-06-02,FR,57.01,56.95,new postings
2020-06-03,FR,58.3,57.93,new postings
2020-06-04,FR,60.55,59.48,new postings
2020-06-05,FR,62.1,60.41,new postings
2020-06-06,FR,62.57,61.19,new postings
2020-06-07,FR,62.33,61.76,new postings
2020-06-08,FR,60.32,62.26,new postings
2020-06-09,FR,61.2,64.87,new postings
2020-06-10,FR,63.84,67.64,new postings
2020-06-11,FR,66.61,70.12,new postings
2020-06-12,FR,69.3,72.18,new postings
2020-06-13,FR,71.07,73.9,new postings
2020-06-14,FR,72.56,75.6,new postings
2020-06-15,FR,74.73,77.23,new postings
2020-06-16,FR,75.91,77.95,new postings
2020-06-17,FR,75.81,78.46,new postings
2020-06-18,FR,75.05,78.95,new postings
2020-06-19,FR,73.59,79.08,new postings
2020-06-20,FR,72.34,79.23,new postings
2020-06-21,FR,71.52,79.43,new postings
2020-06-22,FR,70.44,79.6,new postings
2020-06-23,FR,69.05,79.46,new postings
2020-06-24,FR,68.16,79.14,new postings
2020-06-25,FR,68.6,78.95,new postings
2020-06-26,FR,69.65,79.06,new postings
2020-06-27,FR,70.89,79.25,new postings
2020-06-28,FR,71.68,79.46,new postings
2020-06-29,FR,72.74,79.6,new postings
2020-06-30,FR,74.04,79.87,new postings
2020-07-01,FR,75.08,80.43,new postings
2020-07-02,FR,75.17,80.5,new postings
2020-07-03,FR,74.75,80.51,new postings
2020-07-04,FR,74.41,80.57,new postings
2020-07-05,FR,73.74,80.56,new postings
2020-07-06,FR,72.75,80.68,new postings
2020-07-07,FR,72.05,80.91,new postings
2020-07-08,FR,71.66,80.89,new postings
2020-07-09,FR,71.1,81.27,new postings
2020-07-10,FR,71.36,81.71,new postings
2020-07-11,FR,71.78,82.04,new postings
2020-07-12,FR,73.03,82.34,new postings
2020-07-13,FR,74.27,82.65,new postings
2020-07-14,FR,74.54,82.19,new postings
2020-07-15,FR,73.84,80.06,new postings
2020-07-16,FR,73.89,77.58,new postings
2020-07-17,FR,73.56,74.95,new postings
2020-07-18,FR,72.67,72.19,new postings
2020-07-19,FR,72.12,69.57,new postings
2020-07-20,FR,71.58,66.92,new postings
2020-07-21,FR,72.42,65.64,new postings
2020-07-22,FR,74.34,67.75,new postings
2020-07-23,FR,75.69,70.05,new postings
2020-07-24,FR,77.24,72.2,new postings
2020-07-25,FR,79.12,74.58,new postings
2020-07-26,FR,80.32,76.88,new postings
2020-07-27,FR,81.65,79.09,new postings
2020-07-28,FR,82.51,80.51,new postings
2020-07-29,FR,83.1,80.14,new postings
2020-07-30,FR,83.47,79.51,new postings
2020-07-31,FR,83.65,79,new postings
2020-08-01,FR,83.18,77.86,new postings
2020-08-02,FR,82.78,76.76,new postings
2020-08-03,FR,82.37,75.68,new postings
2020-08-04,FR,82,74.47,new postings
2020-08-05,FR,81.8,73.47,new postings
2020-08-06,FR,81.92,72.58,new postings
2020-08-07,FR,82.28,71.64,new postings
2020-08-08,FR,83.03,70.76,new postings
2020-08-09,FR,84.32,70.05,new postings
2020-08-10,FR,85.94,69.58,new postings
2020-08-11,FR,87.33,69.07,new postings
2020-08-12,FR,88.74,68.17,new postings
2020-08-13,FR,90.02,67.29,new postings
2020-08-14,FR,91.01,66.33,new postings
2020-08-15,FR,91.45,65.35,new postings
2020-08-16,FR,92.42,64.05,new postings
2020-08-17,FR,92.86,62.54,new postings
2020-08-18,FR,93.49,61.49,new postings
2020-08-19,FR,93.86,60.83,new postings
2020-08-20,FR,94.1,60.53,new postings
2020-08-21,FR,94.16,60.5,new postings
2020-08-22,FR,94.38,61.07,new postings
2020-08-23,FR,92.71,62.04,new postings
2020-08-24,FR,90.29,63.05,new postings
2020-08-25,FR,87.73,64.26,new postings
2020-08-26,FR,85.6,65.88,new postings
2020-08-27,FR,83.75,67.79,new postings
2020-08-28,FR,82.32,70.13,new postings
2020-08-29,FR,81.32,72.57,new postings
2020-08-30,FR,81.03,75.01,new postings
2020-08-31,FR,81.55,77.47,new postings
2020-09-01,FR,82.1,79.46,new postings
2020-09-02,FR,82.24,80.9,new postings
2020-09-03,FR,82.32,81.96,new postings
2020-09-04,FR,82.09,82.61,new postings
2020-09-05,FR,81.88,83.09,new postings
2020-09-06,FR,81.51,83.61,new postings
2020-09-07,FR,80.74,84.02,new postings
2020-09-08,FR,80.44,85,new postings
2020-09-09,FR,80.74,86.56,new postings
2020-09-10,FR,81.02,88,new postings
2020-09-11,FR,81.25,89.29,new postings
2020-09-12,FR,81.41,90.21,new postings
2020-09-13,FR,81.8,91.12,new postings
2020-09-14,FR,82.55,91.92,new postings
2020-09-15,FR,82.83,92.04,new postings
2020-09-16,FR,82.57,91.47,new postings
2020-09-17,FR,82.3,91.06,new postings
2020-09-18,FR,82.27,90.71,new postings
2020-09-19,FR,82.55,90.48,new postings
2020-09-20,FR,83.02,90.38,new postings
2020-09-21,FR,83.48,90.39,new postings
2020-09-22,FR,84.15,90.76,new postings
2020-09-23,FR,84.69,90.94,new postings
2020-09-24,FR,85.23,90.96,new postings
2020-09-25,FR,85.68,90.94,new postings
2020-09-26,FR,85.9,90.71,new postings
2020-09-27,FR,86.16,90.38,new postings
2020-09-28,FR,86.29,90.02,new postings
2020-09-29,FR,86.16,89.35,new postings
2020-09-30,FR,86.3,89.04,new postings
2020-10-01,FR,86.48,88.69,new postings
2020-10-02,FR,86.74,88.52,new postings
2020-10-03,FR,86.82,88.35,new postings
2020-10-04,FR,86.87,88.31,new postings
2020-10-05,FR,87,88.32,new postings
2020-10-06,FR,87.29,88.67,new postings
2020-10-07,FR,87.5,89.06,new postings
2020-10-08,FR,88.01,89.77,new postings
2020-10-09,FR,88.07,90.29,new postings
2020-10-10,FR,88.2,90.79,new postings
2020-10-11,FR,88.19,91.23,new postings
2020-10-12,FR,88.16,91.55,new postings
2020-10-13,FR,87.82,91.48,new postings
2020-10-14,FR,87.87,91.79,new postings
2020-10-15,FR,87.94,91.92,new postings
2020-10-16,FR,88.17,91.98,new postings
2020-10-17,FR,88.35,92.18,new postings
2020-10-18,FR,88.79,92.38,new postings
2020-10-19,FR,89.23,92.46,new postings
2020-10-20,FR,89.89,92.84,new postings
2020-10-21,FR,90.03,92.59,new postings
2020-10-22,FR,89.62,91.73,new postings
2020-10-23,FR,89.37,90.82,new postings
2020-10-24,FR,89.05,89.9,new postings
2020-10-25,FR,88.6,88.96,new postings
2020-10-26,FR,88.08,88.32,new postings
2020-10-27,FR,87.67,87.49,new postings
2020-10-28,FR,87.15,86.45,new postings
2020-10-29,FR,86.63,85.59,new postings
2020-10-30,FR,85.49,83.92,new postings
2020-10-31,FR,83.76,81.59,new postings
2020-11-01,FR,83.12,79.27,new postings
2020-11-02,FR,83.8,76.87,new postings
2020-11-03,FR,84,73.92,new postings
2020-11-04,FR,84.09,71.01,new postings
2020-11-05,FR,84.62,68.61,new postings
2020-11-06,FR,85.78,67.43,new postings
2020-11-07,FR,87.85,67.58,new postings
2020-11-08,FR,88.78,67.77,new postings
2020-11-09,FR,87.17,67.93,new postings
2020-11-10,FR,85.92,69.22,new postings
2020-11-11,FR,85.63,70.98,new postings
2020-11-12,FR,85.09,71.41,new postings
2020-11-13,FR,84.47,71.44,new postings
2020-11-14,FR,83,70.6,new postings
2020-11-15,FR,82.28,69.84,new postings
2020-11-16,FR,82.56,69.13,new postings
2020-11-17,FR,82.74,67.98,new postings
2020-11-18,FR,82.3,66.84,new postings
2020-11-19,FR,81.86,68.15,new postings
2020-11-20,FR,81.53,69.74,new postings
2020-11-21,FR,81.57,71.46,new postings
2020-11-22,FR,81.26,73.14,new postings
2020-11-23,FR,81.17,74.81,new postings
2020-11-24,FR,81.65,76.62,new postings
2020-11-25,FR,82.13,78.37,new postings
2020-11-26,FR,82.76,78.97,new postings
2020-11-27,FR,83.35,79.47,new postings
2020-11-28,FR,84.13,80.06,new postings
2020-11-29,FR,84.72,80.47,new postings
2020-11-30,FR,85.26,80.84,new postings
2020-12-01,FR,85.37,80.94,new postings
2020-12-02,FR,85.46,80.93,new postings
2020-12-03,FR,85.57,80.95,new postings
2020-12-04,FR,85.81,80.98,new postings
2020-12-05,FR,86.04,81.1,new postings
2020-12-06,FR,86.29,81.39,new postings
2020-12-07,FR,86.76,81.66,new postings
2020-12-08,FR,87.31,82.28,new postings
2020-12-09,FR,87.92,83.14,new postings
2020-12-10,FR,88.72,83.99,new postings
2020-12-11,FR,89.64,84.96,new postings
2020-12-12,FR,90.19,85.48,new postings
2020-12-13,FR,91.06,86,new postings
2020-12-14,FR,92,86.61,new postings
2020-12-15,FR,92.78,86.65,new postings
2020-12-16,FR,93.21,86.26,new postings
2020-12-17,FR,93.2,85.52,new postings
2020-12-18,FR,92.81,84.45,new postings
2020-12-19,FR,92.77,83.67,new postings
2020-12-20,FR,92.78,82.9,new postings
2020-12-21,FR,92.44,82.05,new postings
2020-12-22,FR,91.94,81.5,new postings
2020-12-23,FR,91.59,80.99,new postings
2020-12-24,FR,91.65,80.52,new postings
2020-12-25,FR,92.71,79.52,new postings
2020-12-26,FR,92.23,76.41,new postings
2020-12-27,FR,92.24,73.2,new postings
2020-12-28,FR,92.8,70.16,new postings
2020-12-29,FR,93.37,66.28,new postings
2020-12-30,FR,93.94,61.81,new postings
2020-12-31,FR,93.76,56.87,new postings
2021-01-01,FR,93.08,52.67,new postings
2021-01-02,FR,91.54,50.43,new postings
2021-01-03,FR,89.9,48.29,new postings
2021-01-04,FR,88.55,46.11,new postings
2021-01-05,FR,87.34,45.97,new postings
2021-01-06,FR,86.73,47.87,new postings
2021-01-07,FR,87.02,51.72,new postings
2021-01-08,FR,86.86,56.97,new postings
2021-01-09,FR,89.58,64.55,new postings
2021-01-10,FR,91.08,72.21,new postings
2021-01-11,FR,91.69,79.74,new postings
2021-01-12,FR,92.47,86.46,new postings
2021-01-13,FR,92.73,91.8,new postings
2021-01-14,FR,92.62,95.74,new postings
2021-01-15,FR,92.6,98.05,new postings
2021-01-16,FR,91.91,97.64,new postings
2021-01-17,FR,92.15,97.12,new postings
2021-01-18,FR,92.57,96.62,new postings
2021-01-19,FR,92.44,95.42,new postings
2021-01-20,FR,92.26,94.31,new postings
2021-01-21,FR,92,93.37,new postings
2021-01-22,FR,91.84,92.61,new postings
2021-01-23,FR,92.09,92.6,new postings
2021-01-24,FR,91.85,92.64,new postings
2021-01-25,FR,91.68,92.63,new postings
2021-01-26,FR,92.02,92.83,new postings
2021-01-27,FR,92.12,92.88,new postings
2021-01-28,FR,92.31,92.88,new postings
2021-01-29,FR,91.98,92.7,new postings
2021-01-30,FR,91.49,92.19,new postings
2021-01-31,FR,91.04,91.58,new postings
2021-02-01,FR,90.96,91.06,new postings
2021-02-02,FR,90.51,90.48,new postings
2021-02-03,FR,90.3,90.13,new postings
2021-02-04,FR,89.99,89.88,new postings
2021-02-05,FR,89.8,89.92,new postings
2021-02-06,FR,89.71,90.28,new postings
2021-02-07,FR,89.38,90.77,new postings
2021-02-08,FR,88.98,91.35,new postings
2021-02-09,FR,88.69,92.25,new postings
2021-02-10,FR,88.92,93.36,new postings
2021-02-11,FR,89.25,94.31,new postings
2021-02-12,FR,90.04,95.15,new postings
2021-02-13,FR,90.77,95.76,new postings
2021-02-14,FR,91.89,96.65,new postings
2021-02-15,FR,93.05,97.45,new postings
2021-02-16,FR,93.93,97.78,new postings
2021-02-17,FR,94.37,97.69,new postings
2021-02-18,FR,94.68,97.65,new postings
2021-02-19,FR,95.18,97.93,new postings
2021-02-20,FR,95.37,98.26,new postings
2021-02-21,FR,95.33,98.27,new postings
2021-02-22,FR,94.74,98.21,new postings
2021-02-23,FR,94.66,98.19,new postings
2021-02-24,FR,94.64,98.43,new postings
2021-02-25,FR,94.72,98.63,new postings
2021-02-26,FR,94.39,98.14,new postings
2021-02-27,FR,94.5,97.55,new postings
2021-02-28,FR,94.7,96.96,new postings
2021-03-01,FR,94.77,96.26,new postings
2021-03-02,FR,95.16,96.09,new postings
2021-03-03,FR,95.53,95.76,new postings
2021-03-04,FR,96.27,96,new postings
2021-03-05,FR,97.17,96.84,new postings
2021-03-06,FR,98.34,98.59,new postings
2021-03-07,FR,99.27,100.47,new postings
2021-03-08,FR,100.32,102.47,new postings
2021-03-09,FR,101.14,104.31,new postings
2021-03-10,FR,102.19,106.3,new postings
2021-03-11,FR,106.88,111.64,new postings
2021-03-12,FR,107.53,112.92,new postings
2021-03-13,FR,109.19,114.91,new postings
2021-03-14,FR,108.43,113.86,new postings
2021-03-15,FR,107.85,112.88,new postings
2021-03-16,FR,107.57,112.1,new postings
2021-03-17,FR,106.9,110.9,new postings
2021-03-18,FR,102.27,106.2,new postings
2021-03-19,FR,101.62,105.54,new postings
2021-03-20,FR,100.24,104.28,new postings
2021-03-21,FR,101.2,105.83,new postings
2021-03-22,FR,101.98,107.32,new postings
2021-03-23,FR,102.17,108.12,new postings
2021-03-24,FR,103,109.67,new postings
2021-03-25,FR,103.68,110.53,new postings
2021-03-26,FR,104.16,111.05,new postings
2021-03-27,FR,104.03,110.76,new postings
2021-03-28,FR,104,110.54,new postings
2021-03-29,FR,104.22,110.39,new postings
2021-03-30,FR,104.71,110.69,new postings
2021-03-31,FR,104.91,110.57,new postings
2021-04-01,FR,104.95,110.51,new postings
2021-04-02,FR,105.1,110.27,new postings
2021-04-03,FR,104.94,109.81,new postings
2021-04-04,FR,104.81,109.25,new postings
2021-04-05,FR,105.38,108.78,new postings
2021-04-06,FR,104.79,105.63,new postings
2021-04-07,FR,103.81,102.74,new postings
2021-04-08,FR,102.79,100.47,new postings
2021-04-09,FR,100.72,98.79,new postings
2021-04-10,FR,99.12,97.74,new postings
2021-04-11,FR,96.54,96.82,new postings
2021-04-12,FR,93.87,96.09,new postings
2021-04-13,FR,94.61,100.51,new postings
2021-04-14,FR,95.74,104.77,new postings
2021-04-15,FR,97.54,108.67,new postings
2021-04-16,FR,100.74,112.34,new postings
2021-04-17,FR,103.67,115.35,new postings
2021-04-18,FR,107.63,118.23,new postings
2021-04-19,FR,111.41,120.78,new postings
2021-04-20,FR,112.86,120.52,new postings
2021-04-21,FR,114.19,119.93,new postings
2021-04-22,FR,115.26,119.29,new postings
2021-04-23,FR,115.82,118.38,new postings
2021-04-24,FR,116.36,117.43,new postings
2021-04-25,FR,116.88,116.58,new postings
2021-04-26,FR,116.24,115.72,new postings
2021-04-27,FR,115.62,115.2,new postings
2021-04-28,FR,114.97,115.16,new postings
2021-04-29,FR,114.03,115.3,new postings
2021-04-30,FR,113.56,116.1,new postings
2021-05-01,FR,113.65,117.28,new postings
2021-05-02,FR,116.15,118.51,new postings
2021-05-03,FR,119.18,119.73,new postings
2021-05-04,FR,122.51,121.05,new postings
2021-05-05,FR,125.65,122.12,new postings
2021-05-06,FR,129.15,123.3,new postings
2021-05-07,FR,133.02,124.57,new postings
2021-05-08,FR,136.95,126.05,new postings
2021-05-09,FR,138.26,127.62,new postings
2021-05-10,FR,139.13,129.19,new postings
2021-05-11,FR,139.98,130.84,new postings
2021-05-12,FR,140.8,132.66,new postings
2021-05-13,FR,141.3,134.44,new postings
2021-05-14,FR,137.9,132.77,new postings
2021-05-15,FR,132.66,129.1,new postings
2021-05-16,FR,126.55,125.24,new postings
2021-05-17,FR,121.95,121.38,new postings
2021-05-18,FR,115.66,117.2,new postings
2021-05-19,FR,110.28,112.8,new postings
2021-05-20,FR,105.06,108.06,new postings
2021-05-21,FR,105.16,108.92,new postings
2021-05-22,FR,108.81,112.74,new postings
2021-05-23,FR,113.61,116.53,new postings
2021-05-24,FR,117.22,120.51,new postings
2021-05-25,FR,119.59,122.08,new postings
2021-05-26,FR,121.18,123.84,new postings
2021-05-27,FR,123.28,125.99,new postings
2021-05-28,FR,122.67,125.48,new postings
2021-05-29,FR,120.02,123.81,new postings
2021-05-30,FR,118.63,122.27,new postings
2021-05-31,FR,118.03,120.57,new postings
2021-06-01,FR,123.66,123.61,new postings
2021-06-02,FR,128.76,126.59,new postings
2021-06-03,FR,132.39,129.69,new postings
2021-06-04,FR,136.71,133.12,new postings
2021-06-05,FR,140.92,136.82,new postings
2021-06-06,FR,144.01,140.5,new postings
2021-06-07,FR,146.75,144.26,new postings
2021-06-08,FR,145.78,145.99,new postings
2021-06-09,FR,145.77,148,new postings
2021-06-10,FR,146.9,149.43,new postings
2021-06-11,FR,148.04,150.34,new postings
2021-06-12,FR,148.78,150.47,new postings
2021-06-13,FR,149.08,150.5,new postings
2021-06-14,FR,148.88,150.25,new postings
2021-06-15,FR,149.41,150.02,new postings
2021-06-16,FR,149.52,149.48,new postings
2021-06-17,FR,148.48,148.92,new postings
2021-06-18,FR,147.06,148.65,new postings
2021-06-19,FR,145.73,148.76,new postings
2021-06-20,FR,144.21,148.9,new postings
2021-06-21,FR,143.49,149.22,new postings
2021-06-22,FR,141.9,149,new postings
2021-06-23,FR,139.97,148.5,new postings
2021-06-24,FR,138.86,148.09,new postings
2021-06-25,FR,138.16,147.46,new postings
2021-06-26,FR,138.59,148.21,new postings
2021-06-27,FR,137.58,147.03,new postings
2021-06-28,FR,136.76,146.01,new postings
2021-06-29,FR,136.11,145.09,new postings
2021-06-30,FR,135.76,144.25,new postings
2021-07-01,FR,135.41,143.42,new postings
2021-07-02,FR,135.21,142.6,new postings
2021-07-03,FR,133.51,140.24,new postings
2021-07-04,FR,133.58,139.9,new postings
2021-07-05,FR,132.61,139.35,new postings
2021-07-06,FR,131.57,138.97,new postings
2021-07-07,FR,130.69,138.71,new postings
2021-07-08,FR,130.33,138.97,new postings
2021-07-09,FR,129.65,139.37,new postings
2021-07-10,FR,131.49,141.51,new postings
2021-07-11,FR,130.21,140.08,new postings
2021-07-12,FR,129.69,138.61,new postings
2021-07-13,FR,129.15,136.98,new postings
2021-07-14,FR,128.95,135.76,new postings
2021-07-15,FR,126.11,131.27,new postings
2021-07-16,FR,124.03,126.42,new postings
2021-07-17,FR,122.05,121.7,new postings
2021-07-18,FR,121.59,118.83,new postings
2021-07-19,FR,120.49,115.5,new postings
2021-07-20,FR,119.3,112.12,new postings
2021-07-21,FR,117.66,108.35,new postings
2021-07-22,FR,119.1,109.98,new postings
2021-07-23,FR,119.61,111.59,new postings
2021-07-24,FR,120.36,113.23,new postings
2021-07-25,FR,121.14,114.79,new postings
2021-07-26,FR,121.95,116.8,new postings
2021-07-27,FR,122.92,118.81,new postings
2021-07-28,FR,124.11,120.6,new postings
2021-07-29,FR,124.14,119.63,new postings
2021-07-30,FR,124.32,118.68,new postings
2021-07-31,FR,124.09,117.6,new postings
2021-08-01,FR,123.72,116.45,new postings
2021-08-02,FR,123.34,115.47,new postings
2021-08-03,FR,122.84,114.32,new postings
2021-08-04,FR,122.1,112.82,new postings
2021-08-05,FR,120.88,110.95,new postings
2021-08-06,FR,119.64,108.87,new postings
2021-08-07,FR,118.28,106.45,new postings
2021-08-08,FR,117.66,104.1,new postings
2021-08-09,FR,116.7,101.29,new postings
2021-08-10,FR,116.53,99.12,new postings
2021-08-11,FR,116.49,97.14,new postings
2021-08-12,FR,117.42,95.69,new postings
2021-08-13,FR,118.48,94.45,new postings
2021-08-14,FR,119.4,93.16,new postings
2021-08-15,FR,119.97,91.74,new postings
2021-08-16,FR,121.31,90.78,new postings
2021-08-17,FR,122.42,89.68,new postings
2021-08-18,FR,123.81,89.26,new postings
2021-08-19,FR,125.22,89.51,new postings
2021-08-20,FR,126.59,90.32,new postings
2021-08-21,FR,128.37,91.98,new postings
2021-08-22,FR,130.09,94.04,new postings
2021-08-23,FR,129.51,96.11,new postings
2021-08-24,FR,128.49,98.7,new postings
2021-08-25,FR,127.64,101.73,new postings
2021-08-26,FR,126.66,104.6,new postings
2021-08-27,FR,125.81,107.57,new postings
2021-08-28,FR,125.2,110.91,new postings
2021-08-29,FR,123.86,113.8,new postings
2021-08-30,FR,124.23,116.63,new postings
2021-08-31,FR,124.52,118.79,new postings
2021-09-01,FR,124.78,120.56,new postings
2021-09-02,FR,125.08,122.26,new postings
2021-09-03,FR,125.7,123.88,new postings
2021-09-04,FR,126.13,125.38,new postings
2021-09-05,FR,126.92,127.13,new postings
2021-09-06,FR,127.79,129.05,new postings
2021-09-07,FR,128.48,131.23,new postings
2021-09-08,FR,129.05,133.36,new postings
2021-09-09,FR,129.54,135.21,new postings
2021-09-10,FR,129.89,136.82,new postings
2021-09-11,FR,130.35,138.39,new postings
2021-09-12,FR,130.9,139.81,new postings
2021-09-13,FR,131.56,140.9,new postings
2021-09-14,FR,132.36,141.54,new postings
2021-09-15,FR,133.12,141.9,new postings
2021-09-16,FR,133.68,142.01,new postings
2021-09-17,FR,133.93,141.88,new postings
2021-09-18,FR,133.72,141.19,new postings
2021-09-19,FR,133.72,140.4,new postings
2021-09-20,FR,133.69,139.74,new postings
2021-09-21,FR,133.65,139.21,new postings
2021-09-22,FR,133.7,138.89,new postings
2021-09-23,FR,134.24,139.11,new postings
2021-09-24,FR,134.41,138.87,new postings
2021-09-25,FR,134.74,138.72,new postings
2021-09-26,FR,135.22,138.73,new postings
2021-09-27,FR,135.78,138.73,new postings
2021-09-28,FR,136.45,138.81,new postings
2021-09-29,FR,136.99,138.72,new postings
2021-09-30,FR,137.34,138.43,new postings
2021-10-01,FR,137.67,138.15,new postings
2021-10-02,FR,137.83,137.88,new postings
2021-10-03,FR,137.68,137.46,new postings
2021-10-04,FR,137.23,137.01,new postings
2021-10-05,FR,137.1,136.89,new postings
2021-10-06,FR,136.76,136.81,new postings
2021-10-07,FR,136.04,136.6,new postings
2021-10-08,FR,136.02,137.05,new postings
2021-10-09,FR,135.98,137.62,new postings
2021-10-10,FR,136.15,138.34,new postings
2021-10-11,FR,136.69,139.32,new postings
2021-10-12,FR,136.58,139.6,new postings
2021-10-13,FR,136.75,139.99,new postings
2021-10-14,FR,137.1,140.49,new postings
2021-10-15,FR,137.74,141.04,new postings
2021-10-16,FR,138.51,141.54,new postings
2021-10-17,FR,139.13,141.95,new postings
2021-10-18,FR,139.8,142.25,new postings
2021-10-19,FR,141.34,143.24,new postings
2021-10-20,FR,142.36,143.92,new postings
2021-10-21,FR,143.55,144.63,new postings
2021-10-22,FR,143.25,143.75,new postings
2021-10-23,FR,143.31,143.05,new postings
2021-10-24,FR,143.22,142.33,new postings
2021-10-25,FR,142.77,141.4,new postings
2021-10-26,FR,141.44,139.92,new postings
2021-10-27,FR,140.83,138.81,new postings
2021-10-28,FR,140.25,137.52,new postings
2021-10-29,FR,141.65,138.4,new postings
2021-10-30,FR,142.24,138.16,new postings
2021-10-31,FR,143.15,138,new postings
2021-11-01,FR,145.2,138.18,new postings
2021-11-02,FR,145.1,135.02,new postings
2021-11-03,FR,144.43,131.29,new postings
2021-11-04,FR,143.79,127.8,new postings
2021-11-05,FR,142.13,123.39,new postings
2021-11-06,FR,141.01,120.05,new postings
2021-11-07,FR,139.48,116.69,new postings
2021-11-08,FR,136.09,113.21,new postings
2021-11-09,FR,137.51,116.44,new postings
2021-11-10,FR,138.94,120.43,new postings
2021-11-11,FR,140.75,124.21,new postings
2021-11-12,FR,140.91,125.36,new postings
2021-11-13,FR,139.83,124.93,new postings
2021-11-14,FR,138.88,124.54,new postings
2021-11-15,FR,138.76,124.08,new postings
2021-11-16,FR,136.31,120.66,new postings
2021-11-17,FR,133.88,116.78,new postings
2021-11-18,FR,130.84,113.07,new postings
2021-11-19,FR,130.84,114.74,new postings
2021-11-20,FR,132.76,118.67,new postings
2021-11-21,FR,134.9,122.82,new postings
2021-11-22,FR,137.13,126.86,new postings
2021-11-23,FR,139.28,130.7,new postings
2021-11-24,FR,141.54,134.38,new postings
2021-11-25,FR,143.74,137.78,new postings
2021-11-26,FR,144.48,138.51,new postings
2021-11-27,FR,144.44,138.39,new postings
2021-11-28,FR,144.38,138.05,new postings
2021-11-29,FR,144.47,137.88,new postings
2021-11-30,FR,144.68,137.75,new postings
2021-12-01,FR,145.25,138.23,new postings
2021-12-02,FR,145.61,138.52,new postings
2021-12-03,FR,146.32,139.14,new postings
2021-12-04,FR,147.1,139.74,new postings
2021-12-05,FR,147.68,140.27,new postings
2021-12-06,FR,147.82,140.63,new postings
2021-12-07,FR,148.03,140.93,new postings
2021-12-08,FR,147.29,140.56,new postings
2021-12-09,FR,147.06,140.68,new postings
2021-12-10,FR,146.4,140.24,new postings
2021-12-11,FR,145.53,139.5,new postings
2021-12-12,FR,144.91,138.91,new postings
2021-12-13,FR,144.77,138.4,new postings
2021-12-14,FR,144.3,137.53,new postings
2021-12-15,FR,144.46,136.76,new postings
2021-12-16,FR,144.05,135.49,new postings
2021-12-17,FR,143.86,134.36,new postings
2021-12-18,FR,143.65,133.31,new postings
2021-12-19,FR,143.48,132.14,new postings
2021-12-20,FR,143.13,131.03,new postings
2021-12-21,FR,142.73,130.06,new postings
2021-12-22,FR,141.89,129.15,new postings
2021-12-23,FR,141.91,128.99,new postings
2021-12-24,FR,142.05,128.69,new postings
2021-12-25,FR,142.25,126.84,new postings
2021-12-26,FR,143.29,124.39,new postings
2021-12-27,FR,144.33,122.26,new postings
2021-12-28,FR,144.43,118.68,new postings
2021-12-29,FR,144.49,114.16,new postings
2021-12-30,FR,143.02,107.42,new postings
2021-12-31,FR,140.07,99.6,new postings
2022-01-01,FR,136.95,92.91,new postings
2022-01-02,FR,132.29,86.81,new postings
2022-01-03,FR,125.99,80.52,new postings
2022-01-04,FR,124.16,77.65,new postings
2022-01-05,FR,123.79,78.24,new postings
2022-01-06,FR,125.2,82.35,new postings
2022-01-07,FR,129.1,89.94,new postings
2022-01-08,FR,134.52,100.86,new postings
2022-01-09,FR,138.91,112.14,new postings
2022-01-10,FR,144.43,123.36,new postings
2022-01-11,FR,146.51,132.78,new postings
2022-01-12,FR,146.74,139.44,new postings
2022-01-13,FR,146.3,144.29,new postings
2022-01-14,FR,144.61,146.79,new postings
2022-01-15,FR,141.49,146.23,new postings
2022-01-16,FR,140.19,145.26,new postings
2022-01-17,FR,140.26,144.44,new postings
2022-01-18,FR,140.79,143.85,new postings
2022-01-19,FR,141.98,143.62,new postings
2022-01-20,FR,142.79,143.29,new postings
2022-01-21,FR,143.97,143.59,new postings
2022-01-22,FR,145.26,144.09,new postings
2022-01-23,FR,146.27,144.78,new postings
2022-01-24,FR,146.35,145.24,new postings
2022-01-25,FR,146.1,145.24,new postings
2022-01-26,FR,146.29,145.46,new postings
2022-01-27,FR,147.1,146.02,new postings
2022-01-28,FR,148.09,146.53,new postings
2022-01-29,FR,148.64,147.14,new postings
2022-01-30,FR,149.38,147.7,new postings
2022-01-31,FR,150.41,148.35,new postings
2022-02-01,FR,151.73,149.2,new postings
2022-02-02,FR,152.85,150.18,new postings
2022-02-03,FR,153.84,151.35,new postings
2022-02-04,FR,154.46,152.41,new postings
2022-02-05,FR,155.92,154.25,new postings
2022-02-06,FR,156.91,155.91,new postings
2022-02-07,FR,157.24,157.36,new postings
2022-02-08,FR,157.63,158.97,new postings
2022-02-09,FR,157.6,160.2,new postings
2022-02-10,FR,157.08,160.7,new postings
2022-02-11,FR,156.59,160.9,new postings
2022-02-12,FR,155.65,160.11,new postings
2022-02-13,FR,155.23,159.52,new postings
2022-02-14,FR,154.83,158.87,new postings
2022-02-15,FR,154.46,157.97,new postings
2022-02-16,FR,154.52,157.47,new postings
2022-02-17,FR,155.4,157.64,new postings
2022-02-18,FR,155.89,157.67,new postings
2022-02-19,FR,156.56,157.98,new postings
2022-02-20,FR,156.97,158.53,new postings
2022-02-21,FR,157.8,159.34,new postings
2022-02-22,FR,158.33,160.36,new postings
2022-02-23,FR,159.15,161.26,new postings
2022-02-24,FR,158.94,161.43,new postings
2022-02-25,FR,159.08,161.64,new postings
2022-02-26,FR,158.94,161.34,new postings
2022-02-27,FR,158.98,160.52,new postings
2022-02-28,FR,158.8,159.41,new postings
2022-03-01,FR,158.54,158.3,new postings
2022-03-02,FR,157.68,156.81,new postings
2022-03-03,FR,157.71,156.14,new postings
2022-03-04,FR,157.97,156.01,new postings
2022-03-05,FR,158.65,156.63,new postings
2022-03-06,FR,158.68,157.54,new postings
2022-03-07,FR,158.51,158.68,new postings
2022-03-08,FR,158.63,160.09,new postings
2022-03-09,FR,158.86,161.47,new postings
2022-03-10,FR,158.79,162.49,new postings
2022-03-11,FR,158.33,162.86,new postings
2022-03-12,FR,157.83,163.22,new postings
2022-03-13,FR,157.96,163.66,new postings
2022-03-14,FR,158.75,164.14,new postings
2022-03-15,FR,159.37,164.21,new postings
2022-03-16,FR,160.37,164.73,new postings
2022-03-17,FR,161.71,165.43,new postings
2022-03-18,FR,162.83,166.34,new postings
2022-03-19,FR,163.66,167,new postings
2022-03-20,FR,163.91,167.41,new postings
2022-03-21,FR,163.87,167.84,new postings
2022-03-22,FR,165.17,169.78,new postings
2022-03-23,FR,166.3,171.47,new postings
2022-03-24,FR,167.06,173,new postings
2022-03-25,FR,168.17,174.18,new postings
2022-03-26,FR,169.27,175.29,new postings
2022-03-27,FR,170.75,176.51,new postings
2022-03-28,FR,172.15,177.59,new postings
2022-03-29,FR,171.41,176.38,new postings
2022-03-30,FR,170.48,175.08,new postings
2022-03-31,FR,169.63,173.72,new postings
2022-04-01,FR,169.29,173.05,new postings
2022-04-02,FR,169.6,172.5,new postings
2022-04-03,FR,170.29,172.16,new postings
2022-04-04,FR,170.97,171.57,new postings
2022-04-05,FR,173.21,172,new postings
2022-04-06,FR,175.66,173,new postings
2022-04-07,FR,177.87,174.23,new postings
2022-04-08,FR,180.94,176.62,new postings
2022-04-09,FR,181.93,178.56,new postings
2022-04-10,FR,182.52,180.53,new postings
2022-04-11,FR,182.16,182.75,new postings
2022-04-12,FR,181.71,185.11,new postings
2022-04-13,FR,180.5,186.52,new postings
2022-04-14,FR,179.12,187.81,new postings
2022-04-15,FR,175.17,186.13,new postings
2022-04-16,FR,172.66,184.8,new postings
2022-04-17,FR,169.92,183.06,new postings
2022-04-18,FR,168.71,181.53,new postings
2022-04-19,FR,164.73,175.1,new postings
2022-04-20,FR,161.18,169.03,new postings
2022-04-21,FR,157.6,162.96,new postings
2022-04-22,FR,155.19,158.33,new postings
2022-04-23,FR,153.34,154.16,new postings
2022-04-24,FR,151.98,150.18,new postings
2022-04-25,FR,150.18,146.22,new postings
2022-04-26,FR,153.89,150.7,new postings
2022-04-27,FR,157.85,155.36,new postings
2022-04-28,FR,161.43,159.54,new postings
2022-04-29,FR,164.66,163.75,new postings
2022-04-30,FR,166.84,167.1,new postings
2022-05-01,FR,169.11,170.48,new postings
2022-05-02,FR,173.31,173.57,new postings
2022-05-03,FR,174.02,172.58,new postings
2022-05-04,FR,175.36,172.05,new postings
2022-05-05,FR,177.72,172.4,new postings
2022-05-06,FR,180.7,173.04,new postings
2022-05-07,FR,184.44,174.13,new postings
2022-05-08,FR,188.26,175.28,new postings
2022-05-09,FR,189.45,176.51,new postings
2022-05-10,FR,190.55,178.26,new postings
2022-05-11,FR,190.52,179,new postings
2022-05-12,FR,190.42,179.87,new postings
2022-05-13,FR,189.13,179.67,new postings
2022-05-14,FR,188.16,180.31,new postings
2022-05-15,FR,187.07,180.69,new postings
2022-05-16,FR,185.22,181.01,new postings
2022-05-17,FR,184.86,181.37,new postings
2022-05-18,FR,183.74,182.42,new postings
2022-05-19,FR,183.06,182.83,new postings
2022-05-20,FR,183.86,184.3,new postings
2022-05-21,FR,183.17,184.56,new postings
2022-05-22,FR,183.25,185.09,new postings
2022-05-23,FR,184.38,185.53,new postings
2022-05-24,FR,184.06,185.64,new postings
2022-05-25,FR,184.68,185.36,new postings
2022-05-26,FR,184.11,185.01,new postings
2022-05-27,FR,179.42,180.49,new postings
2022-05-28,FR,172.59,173.96,new postings
2022-05-29,FR,164.73,167.22,new postings
2022-05-30,FR,158.34,160.46,new postings
2022-05-31,FR,152.4,153.42,new postings
2022-06-01,FR,147.75,146.56,new postings
2022-06-02,FR,143.28,140.15,new postings
2022-06-03,FR,144.94,141.35,new postings
2022-06-04,FR,151.74,147.16,new postings
2022-06-05,FR,158.23,153.11,new postings
2022-06-06,FR,163.61,159.35,new postings
2022-06-07,FR,165.48,162.66,new postings
2022-06-08,FR,165.92,165.93,new postings
2022-06-09,FR,166.93,169,new postings
2022-06-10,FR,166.69,169.28,new postings
2022-06-11,FR,163.69,167.14,new postings
2022-06-12,FR,160.93,164.85,new postings
2022-06-13,FR,159.19,162.8,new postings
2022-06-14,FR,163.81,167.18,new postings
2022-06-15,FR,169.66,172.04,new postings
2022-06-16,FR,174.77,176.48,new postings
2022-06-17,FR,177.24,179.32,new postings
2022-06-18,FR,179.86,182.18,new postings
2022-06-19,FR,182.43,185.22,new postings
2022-06-20,FR,183.42,187.68,new postings
2022-06-21,FR,181.92,187.1,new postings
2022-06-22,FR,179.29,185.72,new postings
2022-06-23,FR,176.56,184.32,new postings
2022-06-24,FR,174.88,183.3,new postings
2022-06-25,FR,173.24,180.95,new postings
2022-06-26,FR,172.18,179.02,new postings
2022-06-27,FR,171.65,177.51,new postings
2022-06-28,FR,170.34,175.63,new postings
2022-06-29,FR,169.75,173.94,new postings
2022-06-30,FR,170.09,172.88,new postings
2022-07-01,FR,170.57,172.69,new postings
2022-07-02,FR,171.38,173.58,new postings
2022-07-03,FR,171.03,173.75,new postings
2022-07-04,FR,170.59,173.9,new postings
2022-07-05,FR,170.06,174.19,new postings
2022-07-06,FR,169.08,174.76,new postings
2022-07-07,FR,167.99,175.31,new postings
2022-07-08,FR,166.66,174.91,new postings
2022-07-09,FR,166.04,175.41,new postings
2022-07-10,FR,172.27,181.76,new postings
2022-07-11,FR,177.99,187.22,new postings
2022-07-12,FR,183.91,192.07,new postings
2022-07-13,FR,190.21,196.97,new postings
2022-07-14,FR,195.95,201.37,new postings
2022-07-15,FR,196.94,200.3,new postings
2022-07-16,FR,196.53,196.89,new postings
2022-07-17,FR,188.56,186.12,new postings
2022-07-18,FR,180.49,175.79,new postings
2022-07-19,FR,173.16,166.22,new postings
2022-07-20,FR,165.61,156.57,new postings
2022-07-21,FR,157.98,146.89,new postings
2022-07-22,FR,157.35,146.58,new postings
2022-07-23,FR,159.23,149.66,new postings
2022-07-24,FR,163.35,154.75,new postings
2022-07-25,FR,168.01,160.03,new postings
2022-07-26,FR,171.46,164.69,new postings
2022-07-27,FR,174.56,168.79,new postings
2022-07-28,FR,177.79,172.55,new postings
2022-07-29,FR,178.64,172.28,new postings
2022-07-30,FR,177.87,170.22,new postings
2022-07-31,FR,176.4,167.76,new postings
2022-08-01,FR,174.64,165.41,new postings
2022-08-02,FR,172.87,163.13,new postings
2022-08-03,FR,171.23,160.97,new postings
2022-08-04,FR,169.79,158.92,new postings
2022-08-05,FR,168.45,157.01,new postings
2022-08-06,FR,167.12,154.9,new postings
2022-08-07,FR,165.93,152.84,new postings
2022-08-08,FR,165.12,150.57,new postings
2022-08-09,FR,164.9,148.44,new postings
2022-08-10,FR,164.66,146.21,new postings
2022-08-11,FR,164.39,144,new postings
2022-08-12,FR,164.14,141.47,new postings
2022-08-13,FR,164.03,138.93,new postings
2022-08-14,FR,163.86,136.5,new postings
2022-08-15,FR,164.14,134.52,new postings
2022-08-16,FR,161.53,129.72,new postings
2022-08-17,FR,159.65,125.54,new postings
2022-08-18,FR,158.31,122.37,new postings
2022-08-19,FR,157.37,120.22,new postings
2022-08-20,FR,157.1,119.36,new postings
2022-08-21,FR,156.35,118.42,new postings
2022-08-22,FR,154.45,117.28,new postings
2022-08-23,FR,157.73,123.17,new postings
2022-08-24,FR,160.91,129.98,new postings
2022-08-25,FR,163.98,136.74,new postings
2022-08-26,FR,167.4,143.94,new postings
2022-08-27,FR,170.23,150.78,new postings
2022-08-28,FR,173.11,157.62,new postings
2022-08-29,FR,175.98,164.25,new postings
2022-08-30,FR,176.37,166.97,new postings
2022-08-31,FR,176.24,168.59,new postings
2022-09-01,FR,175.96,169.93,new postings
2022-09-02,FR,175.48,170.91,new postings
2022-09-03,FR,175.33,172.01,new postings
2022-09-04,FR,175.22,173.21,new postings
2022-09-05,FR,175.34,174.45,new postings
2022-09-06,FR,175.56,175.97,new postings
2022-09-07,FR,175.51,177.66,new postings
2022-09-08,FR,175.29,179.27,new postings
2022-09-09,FR,175.24,180.43,new postings
2022-09-10,FR,175,181.51,new postings
2022-09-11,FR,174.92,182.43,new postings
2022-09-12,FR,175.1,183.28,new postings
2022-09-13,FR,175.09,183.35,new postings
2022-09-14,FR,175.56,183.48,new postings
2022-09-15,FR,176,183.16,new postings
2022-09-16,FR,176.12,182.92,new postings
2022-09-17,FR,175.05,181.54,new postings
2022-09-18,FR,173.92,180.04,new postings
2022-09-19,FR,173.08,178.63,new postings
2022-09-20,FR,172.35,177.49,new postings
2022-09-21,FR,171.5,176.21,new postings
2022-09-22,FR,170.83,175.24,new postings
2022-09-23,FR,169.79,173.89,new postings
2022-09-24,FR,171.94,175.51,new postings
2022-09-25,FR,174.56,177.34,new postings
2022-09-26,FR,177.03,179.23,new postings
2022-09-27,FR,180.22,181.68,new postings
2022-09-28,FR,184.58,185.19,new postings
2022-09-29,FR,188.56,188.31,new postings
2022-09-30,FR,192.43,191.29,new postings
2022-10-01,FR,191.42,189.62,new postings
2022-10-02,FR,189.75,187.68,new postings
2022-10-03,FR,187.73,185.54,new postings
2022-10-04,FR,184.41,182.45,new postings
2022-10-05,FR,179.72,178.02,new postings
2022-10-06,FR,175.03,173.86,new postings
2022-10-07,FR,170.62,170.24,new postings
2022-10-08,FR,169.15,169.52,new postings
2022-10-09,FR,167.74,168.86,new postings
2022-10-10,FR,166.23,168.04,new postings
2022-10-11,FR,165.87,168.21,new postings
2022-10-12,FR,165.98,168.8,new postings
2022-10-13,FR,166.93,169.95,new postings
2022-10-14,FR,167.94,171.13,new postings
2022-10-15,FR,169.07,172.15,new postings
2022-10-16,FR,170.25,173.17,new postings
2022-10-17,FR,171.69,174.23,new postings
2022-10-18,FR,172.98,175.02,new postings
2022-10-19,FR,174.63,176,new postings
2022-10-20,FR,175.23,176.15,new postings
2022-10-21,FR,175.72,176,new postings
2022-10-22,FR,176.28,175.77,new postings
2022-10-23,FR,177.23,175.76,new postings
2022-10-24,FR,178.07,175.96,new postings
2022-10-25,FR,178.86,175.99,new postings
2022-10-26,FR,177.94,174.74,new postings
2022-10-27,FR,177.24,173.35,new postings
2022-10-28,FR,176.88,172.04,new postings
2022-10-29,FR,175.8,170.3,new postings
2022-10-30,FR,175.08,168.52,new postings
2022-10-31,FR,174.58,166.79,new postings
2022-11-01,FR,173.01,163.47,new postings
2022-11-02,FR,169.61,157.3,new postings
2022-11-03,FR,166.78,151.76,new postings
2022-11-04,FR,163.97,146.51,new postings
2022-11-05,FR,161.98,141.98,new postings
2022-11-06,FR,159.38,137.55,new postings
2022-11-07,FR,155.97,132.93,new postings
2022-11-08,FR,155.43,132.57,new postings
2022-11-09,FR,160.82,139.53,new postings
2022-11-10,FR,165.02,146.14,new postings
2022-11-11,FR,170.25,153.07,new postings
2022-11-12,FR,171.24,155.12,new postings
2022-11-13,FR,172.21,156.65,new postings
2022-11-14,FR,173.42,158.36,new postings
2022-11-15,FR,172.93,157.46,new postings
2022-11-16,FR,169.47,153.23,new postings
2022-11-17,FR,166.74,149.12,new postings
2022-11-18,FR,162.43,144.36,new postings
2022-11-19,FR,164.33,147.95,new postings
2022-11-20,FR,166.3,151.96,new postings
2022-11-21,FR,168.6,155.99,new postings
2022-11-22,FR,171.18,160.23,new postings
2022-11-23,FR,173.23,163.87,new postings
2022-11-24,FR,175.24,167.22,new postings
2022-11-25,FR,177.16,170.1,new postings
2022-11-26,FR,176.12,169.14,new postings
2022-11-27,FR,174.98,167.98,new postings
2022-11-28,FR,173.9,166.61,new postings
2022-11-29,FR,173.44,165.86,new postings
2022-11-30,FR,172.92,164.99,new postings
2022-12-01,FR,172.15,164.21,new postings
2022-12-02,FR,171.68,163.87,new postings
2022-12-03,FR,172.73,164.96,new postings
2022-12-04,FR,174.19,166.43,new postings
2022-12-05,FR,175.5,167.79,new postings
2022-12-06,FR,175.34,167.97,new postings
2022-12-07,FR,175.47,168.39,new postings
2022-12-08,FR,175.2,168.52,new postings
2022-12-09,FR,176.92,170.46,new postings
2022-12-10,FR,177.68,171.43,new postings
2022-12-11,FR,177.85,171.7,new postings
2022-12-12,FR,178.19,171.99,new postings
2022-12-13,FR,178.92,172.36,new postings
2022-12-14,FR,179.57,172.6,new postings
2022-12-15,FR,179.99,172.06,new postings
2022-12-16,FR,177.6,169.04,new postings
2022-12-17,FR,175.72,166.28,new postings
2022-12-18,FR,174.16,163.93,new postings
2022-12-19,FR,172.63,161.62,new postings
2022-12-20,FR,170.81,159.1,new postings
2022-12-21,FR,169.28,156.87,new postings
2022-12-22,FR,168.22,155.64,new postings
2022-12-23,FR,168,155.04,new postings
2022-12-24,FR,167.6,154.05,new postings
2022-12-25,FR,168.74,152.84,new postings
2022-12-26,FR,171.07,151.66,new postings
2022-12-27,FR,171.52,148.92,new postings
2022-12-28,FR,170.42,144.33,new postings
2022-12-29,FR,169.07,138.67,new postings
2022-12-30,FR,167.12,131.7,new postings
2022-12-31,FR,164.49,124.17,new postings
2023-01-01,FR,160.3,116.82,new postings
2023-01-02,FR,154.13,109.71,new postings
2023-01-03,FR,150.75,106.24,new postings
2023-01-04,FR,152.47,106.82,new postings
2023-01-05,FR,155.95,110.85,new postings
2023-01-06,FR,161.26,118.52,new postings
2023-01-07,FR,169.29,130.08,new postings
2023-01-08,FR,175.92,141.85,new postings
2023-01-09,FR,181.26,153.29,new postings
2023-01-10,FR,185.66,163.47,new postings
2023-01-11,FR,185.83,171,new postings
2023-01-12,FR,184.19,175.94,new postings
2023-01-13,FR,181.3,178.33,new postings
2023-01-14,FR,175.84,177.52,new postings
2023-01-15,FR,172.07,176.49,new postings
2023-01-16,FR,170.65,175.6,new postings
2023-01-17,FR,170.36,174.42,new postings
2023-01-18,FR,171.79,174.63,new postings
2023-01-19,FR,173.63,174.84,new postings
2023-01-20,FR,175.53,175.42,new postings
2023-01-21,FR,178.06,176.77,new postings
2023-01-22,FR,180.47,178.23,new postings
2023-01-23,FR,182.2,179.46,new postings
2023-01-24,FR,183.12,180.67,new postings
2023-01-25,FR,183.14,180.77,new postings
2023-01-26,FR,183.46,181.1,new postings
2023-01-27,FR,183.25,180.93,new postings
2023-01-28,FR,182.87,180.37,new postings
2023-01-29,FR,182.15,179.68,new postings
2023-01-30,FR,181.16,178.53,new postings
2023-01-31,FR,180.72,177.67,new postings
2023-02-01,FR,180.51,177.19,new postings
2023-02-02,FR,179.93,176.6,new postings
2023-02-03,FR,179.69,176.43,new postings
2023-02-04,FR,179.24,176.39,new postings
2023-02-05,FR,178.42,176.21,new postings
2023-02-06,FR,177.99,176.62,new postings
2023-02-07,FR,176.7,176.7,new postings
2023-02-08,FR,174.62,175.9,new postings
2023-02-09,FR,172.91,175.51,new postings
2023-02-10,FR,171.4,175.05,new postings
2023-02-11,FR,170.34,174.8,new postings
2023-02-12,FR,170.18,174.82,new postings
2023-02-13,FR,170.49,174.92,new postings
2023-02-14,FR,170.8,174.96,new postings
2023-02-15,FR,171.71,175.35,new postings
2023-02-16,FR,172.4,175.58,new postings
2023-02-17,FR,173.09,175.52,new postings
2023-02-18,FR,173.25,175.2,new postings
2023-02-19,FR,173.36,174.99,new postings
2023-02-20,FR,172.97,174.76,new postings
2023-02-21,FR,172.57,174.23,new postings
2023-02-22,FR,172.16,174.35,new postings
2023-02-23,FR,172.8,174.92,new postings
2023-02-24,FR,171.8,174.25,new postings
2023-02-25,FR,171.62,173.91,new postings
2023-02-26,FR,171.3,173.3,new postings
2023-02-27,FR,171.47,172.52,new postings
2023-02-28,FR,172.01,171.99,new postings
2023-03-01,FR,172.08,171.15,new postings
2023-03-02,FR,171.86,170.24,new postings
2023-03-03,FR,173.22,170.93,new postings
2023-03-04,FR,174.64,172.15,new postings
2023-03-05,FR,176.07,173.6,new postings
2023-03-06,FR,176.68,175.23,new postings
2023-03-07,FR,177.25,177.36,new postings
2023-03-08,FR,177.82,179.34,new postings
2023-03-09,FR,178.21,180.94,new postings
2023-03-10,FR,179.7,183.46,new postings
2023-03-11,FR,181.11,185.78,new postings
2023-03-12,FR,182.31,187.94,new postings
2023-03-13,FR,184.19,190.11,new postings
2023-03-14,FR,186.01,191.64,new postings
2023-03-15,FR,188.25,193.32,new postings
2023-03-16,FR,190.33,195.06,new postings
2023-03-17,FR,191.1,195.27,new postings
2023-03-18,FR,190.82,194.81,new postings
2023-03-19,FR,190.56,194.47,new postings
2023-03-20,FR,190.04,194.15,new postings
2023-03-21,FR,189.36,193.85,new postings
2023-03-22,FR,188.16,193.26,new postings
2023-03-23,FR,187.71,193.24,new postings
2023-03-24,FR,187.56,193.77,new postings
2023-03-25,FR,188.86,194.88,new postings
2023-03-26,FR,190.02,195.88,new postings
2023-03-27,FR,191.18,196.68,new postings
2023-03-28,FR,192.45,197.55,new postings
2023-03-29,FR,193.84,198.32,new postings
2023-03-30,FR,193.72,197.69,new postings
2023-03-31,FR,193.51,196.87,new postings
2023-04-01,FR,192.49,195.66,new postings
2023-04-02,FR,192.16,194.48,new postings
2023-04-03,FR,192.08,193.49,new postings
2023-04-04,FR,192.25,192.49,new postings
2023-04-05,FR,193.68,192.14,new postings
2023-04-06,FR,195.17,192.46,new postings
2023-04-07,FR,196.42,193.21,new postings
2023-04-08,FR,197.07,193.94,new postings
2023-04-09,FR,195.78,194.81,new postings
2023-04-10,FR,194.91,196.2,new postings
2023-04-11,FR,189.91,192.8,new postings
2023-04-12,FR,183.7,188.83,new postings
2023-04-13,FR,178.52,185.94,new postings
2023-04-14,FR,172.87,182.42,new postings
2023-04-15,FR,170.5,181.34,new postings
2023-04-16,FR,169.63,179.98,new postings
2023-04-17,FR,168.5,177.96,new postings
2023-04-18,FR,175.73,184.94,new postings
2023-04-19,FR,183.58,191.94,new postings
2023-04-20,FR,191.34,197.87,new postings
2023-04-21,FR,200.05,204.12,new postings
2023-04-22,FR,205.68,207.43,new postings
2023-04-23,FR,211.52,211.07,new postings
2023-04-24,FR,217.4,215.03,new postings
2023-04-25,FR,216.82,212.76,new postings
2023-04-26,FR,215.28,210.76,new postings
2023-04-27,FR,213.02,208.39,new postings
2023-04-28,FR,210.24,206.09,new postings
2023-04-29,FR,207.09,204.15,new postings
2023-04-30,FR,203.47,201.92,new postings
2023-05-01,FR,200.1,199.88,new postings
2023-05-02,FR,196.18,195.28,new postings
2023-05-03,FR,192.51,190.17,new postings
2023-05-04,FR,189.55,185.59,new postings
2023-05-05,FR,187.34,181.49,new postings
2023-05-06,FR,185.42,177.2,new postings
2023-05-07,FR,183.46,172.75,new postings
2023-05-08,FR,181.56,168.22,new postings
2023-05-09,FR,181.05,167.58,new postings
2023-05-10,FR,180.68,167.77,new postings
2023-05-11,FR,180.35,168.19,new postings
2023-05-12,FR,179.53,168.21,new postings
2023-05-13,FR,179.06,168.74,new postings
2023-05-14,FR,178.37,169.57,new postings
2023-05-15,FR,177.39,170.06,new postings
2023-05-16,FR,180.45,175.34,new postings
2023-05-17,FR,184.42,180.08,new postings
2023-05-18,FR,186.58,184.58,new postings
2023-05-19,FR,185.59,184.99,new postings
2023-05-20,FR,182.07,182.61,new postings
2023-05-21,FR,178.58,180.2,new postings
2023-05-22,FR,175.59,177.84,new postings
2023-05-23,FR,169.27,171.03,new postings
2023-05-24,FR,161.86,164.14,new postings
2023-05-25,FR,155.49,156.68,new postings
2023-05-26,FR,155.59,156.74,new postings
2023-05-27,FR,160.43,161.35,new postings
2023-05-28,FR,164.91,165.95,new postings
2023-05-29,FR,168.89,170.66,new postings
2023-05-30,FR,171.33,172.3,new postings
2023-05-31,FR,174.27,173.8,new postings
2023-06-01,FR,178.48,175.76,new postings
2023-06-02,FR,179.02,174.32,new postings
2023-06-03,FR,176.26,171.3,new postings
2023-06-04,FR,174.01,168.3,new postings
2023-06-05,FR,171.26,165.32,new postings
2023-06-06,FR,176.44,171.57,new postings
2023-06-07,FR,181.94,178.75,new postings
2023-06-08,FR,186.11,185.76,new postings
2023-06-09,FR,190.65,192.37,new postings
2023-06-10,FR,196.97,199.07,new postings
2023-06-11,FR,203.82,205.82,new postings
2023-06-12,FR,211.25,212.7,new postings
2023-06-13,FR,209.59,210.78,new postings
2023-06-14,FR,209,209.96,new postings
2023-06-15,FR,209.22,209.37,new postings
2023-06-16,FR,209.63,209.32,new postings
2023-06-17,FR,208.97,209.34,new postings
2023-06-18,FR,207.53,209.09,new postings
2023-06-19,FR,205.53,208.48,new postings
2023-06-20,FR,206.96,211.3,new postings
2023-06-21,FR,207.1,212.19,new postings
2023-06-22,FR,206.65,212.8,new postings
2023-06-23,FR,203.48,210.75,new postings
2023-06-24,FR,199.95,207.72,new postings
2023-06-25,FR,197.95,204.82,new postings
2023-06-26,FR,196.1,202.06,new postings
2023-06-27,FR,193.57,198.63,new postings
2023-06-28,FR,190.55,195.11,new postings
2023-06-29,FR,187.99,191.4,new postings
2023-06-30,FR,187.91,189.96,new postings
2023-07-01,FR,187.39,188.78,new postings
2023-07-02,FR,185.92,187.52,new postings
2023-07-03,FR,184.07,186.26,new postings
2023-07-04,FR,182.26,185.17,new postings
2023-07-05,FR,180.35,184.17,new postings
2023-07-06,FR,177.98,183.53,new postings
2023-07-07,FR,176.61,183.99,new postings
2023-07-08,FR,177.57,185.99,new postings
2023-07-09,FR,178.58,188.1,new postings
2023-07-10,FR,180.41,190.11,new postings
2023-07-11,FR,183.44,192.95,new postings
2023-07-12,FR,186.75,195.22,new postings
2023-07-13,FR,189.92,197.05,new postings
2023-07-14,FR,192.91,198.58,new postings
2023-07-15,FR,191.01,194.45,new postings
2023-07-16,FR,189.88,190.29,new postings
2023-07-17,FR,188.66,186.16,new postings
2023-07-18,FR,186.2,181.09,new postings
2023-07-19,FR,184.61,176.98,new postings
2023-07-20,FR,183.44,173.43,new postings
2023-07-21,FR,180.73,168.5,new postings
2023-07-22,FR,181.58,169.69,new postings
2023-07-23,FR,181.71,171.05,new postings
2023-07-24,FR,181.8,172.27,new postings
2023-07-25,FR,182.29,173.44,new postings
2023-07-26,FR,181.23,173.72,new postings
2023-07-27,FR,179.76,173.49,new postings
2023-07-28,FR,178.86,173.51,new postings
2023-07-29,FR,178.3,171.94,new postings
2023-07-30,FR,177.66,170.14,new postings
2023-07-31,FR,176.88,168.45,new postings
2023-08-01,FR,175.23,166.47,new postings
2023-08-02,FR,173.7,164.62,new postings
2023-08-03,FR,172.35,163.02,new postings
2023-08-04,FR,170.71,161.17,new postings
2023-08-05,FR,168.99,159.15,new postings
2023-08-06,FR,167.47,157.19,new postings
2023-08-07,FR,165.98,155.16,new postings
2023-08-08,FR,165.59,153.49,new postings
2023-08-09,FR,165.77,151.98,new postings
2023-08-10,FR,165.88,150.25,new postings
2023-08-11,FR,166.2,148.73,new postings
2023-08-12,FR,165.88,146.24,new postings
2023-08-13,FR,165.73,143.87,new postings
2023-08-14,FR,165.62,141.74,new postings
2023-08-15,FR,164.62,138.85,new postings
2023-08-16,FR,160.78,133.27,new postings
2023-08-17,FR,157.4,128.1,new postings
2023-08-18,FR,154.45,123.74,new postings
2023-08-19,FR,152.25,120.6,new postings
2023-08-20,FR,149.3,117.33,new postings
2023-08-21,FR,146.05,114.14,new postings
2023-08-22,FR,145.43,114.07,new postings
2023-08-23,FR,149.95,120.65,new postings
2023-08-24,FR,154.38,127.96,new postings
2023-08-25,FR,159.2,135.54,new postings
2023-08-26,FR,164.15,143.65,new postings
2023-08-27,FR,169.05,151.77,new postings
2023-08-28,FR,173.81,159.6,new postings
2023-08-29,FR,176.53,165.52,new postings
2023-08-30,FR,176.95,167.97,new postings
2023-08-31,FR,176.85,169.45,new postings
2023-09-01,FR,176.18,170.31,new postings
2023-09-02,FR,174.98,170.54,new postings
2023-09-03,FR,174.08,170.84,new postings
2023-09-04,FR,173.19,171.15,new postings
2023-09-05,FR,172.03,171.11,new postings
2023-09-06,FR,171.03,171.4,new postings
2023-09-07,FR,170.45,172.5,new postings
2023-09-08,FR,170.25,173.95,new postings
2023-09-09,FR,170.55,175.65,new postings
2023-09-10,FR,171.08,177.52,new postings
2023-09-11,FR,171.98,179.43,new postings
2023-09-12,FR,173.22,181.45,new postings
2023-09-13,FR,174.35,182.84,new postings
2023-09-14,FR,174.65,182.97,new postings
2023-09-15,FR,174.7,182.53,new postings
2023-09-16,FR,174.4,181.87,new postings
2023-09-17,FR,173.99,180.89,new postings
2023-09-18,FR,173.65,179.96,new postings
2023-09-19,FR,173.31,178.83,new postings
2023-09-20,FR,172.8,177.69,new postings
2023-09-21,FR,172.9,177.08,new postings
2023-09-22,FR,173.09,176.74,new postings
2023-09-23,FR,173.12,176.17,new postings
2023-09-24,FR,173.34,175.89,new postings
2023-09-25,FR,173.55,175.35,new postings
2023-09-26,FR,173.47,174.73,new postings
2023-09-27,FR,173.24,173.85,new postings
2023-09-28,FR,173.04,173,new postings
2023-09-29,FR,172.5,171.82,new postings
2023-09-30,FR,172.2,170.8,new postings
2023-10-01,FR,171.46,169.46,new postings
2023-10-02,FR,170.45,168.25,new postings
2023-10-03,FR,169.46,167.17,new postings
2023-10-04,FR,169.25,167.21,new postings
2023-10-05,FR,169.06,167.26,new postings
2023-10-06,FR,169.25,167.88,new postings
2023-10-07,FR,168.98,168.35,new postings
2023-10-08,FR,169.37,169.38,new postings
2023-10-09,FR,169.85,170.55,new postings
2023-10-10,FR,170.84,172.17,new postings
2023-10-11,FR,171.18,173.01,new postings
2023-10-12,FR,171.72,173.98,new postings
2023-10-13,FR,171.83,174.35,new postings
2023-10-14,FR,172.03,174.77,new postings
2023-10-15,FR,172.04,174.82,new postings
2023-10-16,FR,171.68,174.37,new postings
2023-10-17,FR,170.57,172.87,new postings
2023-10-18,FR,169.84,171.64,new postings
2023-10-19,FR,168.81,170.06,new postings
2023-10-20,FR,167.96,168.74,new postings
2023-10-21,FR,166.87,167,new postings
2023-10-22,FR,166.32,165.52,new postings
2023-10-23,FR,166.11,164.3,new postings
2023-10-24,FR,166.55,164.11,new postings
2023-10-25,FR,167.01,163.71,new postings
2023-10-26,FR,167.55,163.71,new postings
2023-10-27,FR,168.21,163.59,new postings
2023-10-28,FR,169.53,163.87,new postings
2023-10-29,FR,170.27,163.88,new postings
2023-10-30,FR,171.75,164.28,new postings
2023-10-31,FR,172.15,163.46,new postings
2023-11-01,FR,172.21,161.85,new postings
2023-11-02,FR,169.75,157.01,new postings
2023-11-03,FR,166.74,151.9,new postings
2023-11-04,FR,163.15,146.29,new postings
2023-11-05,FR,159.51,140.62,new postings
2023-11-06,FR,155.06,134.97,new postings
2023-11-07,FR,151.34,130.48,new postings
2023-11-08,FR,147.48,127.12,new postings
2023-11-09,FR,148.89,130.02,new postings
2023-11-10,FR,150.39,133.64,new postings
2023-11-11,FR,153.44,138.25,new postings
2023-11-12,FR,157.33,142.88,new postings
2023-11-13,FR,161.44,147.36,new postings
2023-11-14,FR,165.35,151.56,new postings
2023-11-15,FR,169.85,155.5,new postings
2023-11-16,FR,171.27,156.21,new postings
2023-11-17,FR,172.66,156.44,new postings
2023-11-18,FR,173.19,156.49,new postings
2023-11-19,FR,171.55,156.53,new postings
2023-11-20,FR,169.82,156.59,new postings
2023-11-21,FR,168.23,156.58,new postings
2023-11-22,FR,166.26,156.16,new postings
2023-11-23,FR,164.41,155.68,new postings
2023-11-24,FR,162.87,155.29,new postings
2023-11-25,FR,161.13,154.38,new postings
2023-11-26,FR,160.92,154.03,new postings
2023-11-27,FR,161.15,154.07,new postings
2023-11-28,FR,161.47,154.19,new postings
2023-11-29,FR,162.03,154.42,new postings
2023-11-30,FR,162.82,154.84,new postings
2023-12-01,FR,163.09,155.14,new postings
2023-12-02,FR,163.43,155.62,new postings
2023-12-03,FR,162.89,155.2,new postings
2023-12-04,FR,161.77,154.24,new postings
2023-12-05,FR,160.97,153.64,new postings
2023-12-06,FR,160.27,153.38,new postings
2023-12-07,FR,159.84,153.43,new postings
2023-12-08,FR,159.19,153.23,new postings
2023-12-09,FR,158.84,153.26,new postings
2023-12-10,FR,159.05,153.71,new postings
2023-12-11,FR,159.46,154.2,new postings
2023-12-12,FR,159.28,153.88,new postings
2023-12-13,FR,159,153.31,new postings
2023-12-14,FR,158.26,152.18,new postings
2023-12-15,FR,158.23,151.28,new postings
2023-12-16,FR,157.65,150.06,new postings
2023-12-17,FR,157.23,148.74,new postings
2023-12-18,FR,156.6,147.39,new postings
2023-12-19,FR,156.06,146.18,new postings
2023-12-20,FR,156.25,145.61,new postings
2023-12-21,FR,156.63,145.26,new postings
2023-12-22,FR,156.92,145.32,new postings
2023-12-23,FR,157.87,145.61,new postings
2023-12-24,FR,159.17,146.04,new postings
2023-12-25,FR,162.51,146.81,new postings
2023-12-26,FR,163.23,144.15,new postings
2023-12-27,FR,160.69,138.73,new postings
2023-12-28,FR,157.23,132.14,new postings
2023-12-29,FR,152.89,124.12,new postings
2023-12-30,FR,146.95,113.8,new postings
2023-12-31,FR,140.71,103.33,new postings
2024-01-01,FR,132.64,92.9,new postings
2024-01-02,FR,126.17,86.01,new postings
2024-01-03,FR,122.97,83.01,new postings
2024-01-04,FR,123.6,83.01,new postings
2024-01-05,FR,126.32,86.45,new postings
2024-01-06,FR,131.73,94.12,new postings
2024-01-07,FR,136.1,102.05,new postings
2024-01-08,FR,139.43,110.09,new postings
2024-01-09,FR,145.99,121.91,new postings
2024-01-10,FR,152.11,133.09,new postings
2024-01-11,FR,154.85,142.25,new postings
2024-01-12,FR,156.18,149.09,new postings
2024-01-13,FR,156.44,154.06,new postings
2024-01-14,FR,157.4,158.79,new postings
2024-01-15,FR,159.43,162.87,new postings
2024-01-16,FR,159.57,163.34,new postings
2024-01-17,FR,160.04,162.98,new postings
2024-01-18,FR,161.21,163.02,new postings
2024-01-19,FR,162.96,163.52,new postings
2024-01-20,FR,164.47,163.88,new postings
2024-01-21,FR,165.89,164.25,new postings
2024-01-22,FR,167.12,164.73,new postings
2024-01-23,FR,168.02,165.17,new postings
2024-01-24,FR,168.12,165.46,new postings
2024-01-25,FR,168.16,165.48,new postings
2024-01-26,FR,167.42,164.72,new postings
2024-01-27,FR,167.44,164.73,new postings
2024-01-28,FR,167.63,164.81,new postings
2024-01-29,FR,167.6,164.88,new postings
2024-01-30,FR,167.58,164.78,new postings
2024-01-31,FR,167.62,164.51,new postings
2024-02-01,FR,167.48,164.22,new postings
2024-02-02,FR,167.86,164.67,new postings
2024-02-03,FR,168.36,165.3,new postings
2024-02-04,FR,169.14,166.45,new postings
2024-02-05,FR,169.81,167.68,new postings
2024-02-06,FR,170.67,169.29,new postings
2024-02-07,FR,171.26,171.16,new postings
2024-02-08,FR,172.06,173.16,new postings
2024-02-09,FR,172.64,174.95,new postings
2024-02-10,FR,172.28,175.54,new postings
2024-02-11,FR,171.45,175.4,new postings
2024-02-12,FR,171.33,175.39,new postings
2024-02-13,FR,169.71,173.59,new postings
2024-02-14,FR,169.8,173.41,new postings
2024-02-15,FR,171.75,174.84,new postings
2024-02-16,FR,172.94,175.66,new postings
2024-02-17,FR,175.29,177.24,new postings
2024-02-18,FR,177.72,179.13,new postings
2024-02-19,FR,179.71,180.87,new postings
2024-02-20,FR,182.9,184.17,new postings
2024-02-21,FR,184.9,185.96,new postings
2024-02-22,FR,184.12,185.61,new postings
2024-02-23,FR,182.55,183.88,new postings
2024-02-24,FR,179.45,181.06,new postings
2024-02-25,FR,176.58,177.97,new postings
2024-02-26,FR,173.79,174.84,new postings
2024-02-27,FR,169.98,170.18,new postings
2024-02-28,FR,166.03,165.39,new postings
2024-02-29,FR,162.51,161.04,new postings
2024-03-01,FR,162.52,160.54,new postings
2024-03-02,FR,162.35,159.68,new postings
2024-03-03,FR,161.88,159.05,new postings
2024-03-04,FR,161.49,158.74,new postings
2024-03-05,FR,162.59,160.36,new postings
2024-03-06,FR,163.4,162.31,new postings
2024-03-07,FR,164.82,165.1,new postings
2024-03-08,FR,163.3,164.92,new postings
2024-03-09,FR,161.8,164.68,new postings
2024-03-10,FR,160.52,164.45,new postings
2024-03-11,FR,159.35,164.19,new postings
2024-03-12,FR,158.43,164.16,new postings
2024-03-13,FR,158.01,164.05,new postings
2024-03-14,FR,157.76,163.52,new postings
2024-03-15,FR,159.1,164.51,new postings
2024-03-16,FR,160.26,165.41,new postings
2024-03-17,FR,161.85,166.43,new postings
2024-03-18,FR,163.48,167.84,new postings
2024-03-19,FR,164.82,169.14,new postings
2024-03-20,FR,165.86,170.3,new postings
2024-03-21,FR,166.4,171.14,new postings
2024-03-22,FR,166.55,171.71,new postings
2024-03-23,FR,166.66,172.02,new postings
2024-03-24,FR,166.27,172.16,new postings
2024-03-25,FR,165.83,171.46,new postings
2024-03-26,FR,165.31,170.7,new postings
2024-03-27,FR,164.8,169.87,new postings
2024-03-28,FR,164.42,169.46,new postings
2024-03-29,FR,164,169,new postings
2024-03-30,FR,163.31,168.54,new postings
2024-03-31,FR,162.37,167.97,new postings
2024-04-01,FR,162.04,168.11,new postings
2024-04-02,FR,158.69,163.07,new postings
2024-04-03,FR,155.25,158.18,new postings
2024-04-04,FR,151.82,153.33,new postings
2024-04-05,FR,149.43,149.09,new postings
2024-04-06,FR,147.99,145.8,new postings
2024-04-07,FR,146.65,142.87,new postings
2024-04-08,FR,144.8,139.88,new postings
2024-04-09,FR,148.69,145.85,new postings
2024-04-10,FR,152.69,151.8,new postings
2024-04-11,FR,156.05,157.78,new postings
2024-04-12,FR,158.79,163.1,new postings
2024-04-13,FR,160.57,167.4,new postings
2024-04-14,FR,162.28,171.3,new postings
2024-04-15,FR,164.23,174.88,new postings
2024-04-16,FR,163.23,174.21,new postings
2024-04-17,FR,162.64,173.51,new postings
2024-04-18,FR,162.59,172.28,new postings
2024-04-19,FR,162.66,171,new postings
2024-04-20,FR,163.01,169.45,new postings
2024-04-21,FR,164.02,168.19,new postings
2024-04-22,FR,164.87,166.98,new postings
2024-04-23,FR,165.79,165.94,new postings
2024-04-24,FR,165.97,164.37,new postings
2024-04-25,FR,166.14,162.89,new postings
2024-04-26,FR,165.32,161.54,new postings
2024-04-27,FR,164.41,160.44,new postings
2024-04-28,FR,162.59,159.09,new postings
2024-04-29,FR,160.33,157.98,new postings
2024-04-30,FR,157.61,156.58,new postings
2024-05-01,FR,155.78,155.97,new postings
2024-05-02,FR,152.43,152.07,new postings
2024-05-03,FR,149.93,148.38,new postings
2024-05-04,FR,147.91,144.88,new postings
2024-05-05,FR,146.31,141.5,new postings
2024-05-06,FR,144.97,138.04,new postings
2024-05-07,FR,144.54,135.44,new postings
2024-05-08,FR,144.4,132.85,new postings
2024-05-09,FR,145.51,133.78,new postings
2024-05-10,FR,142.59,131.39,new postings
2024-05-11,FR,136.93,126.57,new postings
2024-05-12,FR,130.95,121.53,new postings
2024-05-13,FR,124.92,116.48,new postings
2024-05-14,FR,118.35,111.21,new postings
2024-05-15,FR,111.46,105.89,new postings
2024-05-16,FR,106.97,103.62,new postings
2024-05-17,FR,110.37,107.8,new postings
2024-05-18,FR,117.31,116.77,new postings
2024-05-19,FR,125.37,125.99,new postings
2024-05-20,FR,133.98,135.32,new postings
2024-05-21,FR,139.13,141.23,new postings
2024-05-22,FR,144.54,146.93,new postings
2024-05-23,FR,148.04,149.66,new postings
2024-05-24,FR,147.39,149.22,new postings
2024-05-25,FR,145.88,146.51,new postings
2024-05-26,FR,143.12,143.66,new postings
2024-05-27,FR,140.18,140.57,new postings
2024-05-28,FR,142.9,143.5,new postings
2024-05-29,FR,144.91,146.23,new postings
2024-05-30,FR,147.72,148.38,new postings
2024-05-31,FR,150.77,150.22,new postings
2024-06-01,FR,154.56,151.92,new postings
2024-06-02,FR,158.07,153.53,new postings
2024-06-03,FR,160.13,155.32,new postings
2024-06-04,FR,160.04,154.54,new postings
2024-06-05,FR,159.88,154.2,new postings
2024-06-06,FR,158.87,154.35,new postings
2024-06-07,FR,157.72,154.93,new postings
2024-06-08,FR,155.94,155.96,new postings
2024-06-09,FR,154.91,157.13,new postings
2024-06-10,FR,155.51,158.19,new postings
2024-06-11,FR,156.12,158.89,new postings
2024-06-12,FR,156.43,158.84,new postings
2024-06-13,FR,156.35,158.55,new postings
2024-06-14,FR,156.23,158.17,new postings
2024-06-15,FR,155.93,157.22,new postings
2024-06-16,FR,155.34,156.24,new postings
2024-06-17,FR,153.66,155.19,new postings
2024-06-18,FR,151.67,154.18,new postings
2024-06-19,FR,149.7,153.47,new postings
2024-06-20,FR,148.18,153.21,new postings
2024-06-21,FR,147,152.72,new postings
2024-06-22,FR,145.77,152.38,new postings
2024-06-23,FR,144.63,152.05,new postings
2024-06-24,FR,144.03,151.65,new postings
2024-06-25,FR,144.67,151.42,new postings
2024-06-26,FR,145.95,151.76,new postings
2024-06-27,FR,147.33,152.24,new postings
2024-06-28,FR,148.34,152.78,new postings
2024-06-29,FR,148.46,151.9,new postings
2024-06-30,FR,148.76,151.06,new postings
2024-07-01,FR,148.45,150.21,new postings
2024-07-02,FR,147.89,149.83,new postings
2024-07-03,FR,147.71,150.2,new postings
2024-07-04,FR,146.96,150.1,new postings
2024-07-05,FR,146.62,150.56,new postings
2024-07-06,FR,147.43,152.87,new postings
2024-07-07,FR,147.97,155.09,new postings
2024-07-08,FR,149.34,157.39,new postings
2024-07-09,FR,149.83,158.85,new postings
2024-07-10,FR,149.1,158.35,new postings
2024-07-11,FR,149.17,158.31,new postings
2024-07-12,FR,148.32,156.59,new postings
2024-07-13,FR,147.78,154.88,new postings
2024-07-14,FR,147.44,153.11,new postings
2024-07-15,FR,147.69,151.38,new postings
2024-07-16,FR,148.48,149.52,new postings
2024-07-17,FR,150.13,148.46,new postings
2024-07-18,FR,151.21,147.1,new postings
2024-07-19,FR,153.16,146.79,new postings
2024-07-20,FR,153.96,145.32,new postings
2024-07-21,FR,154.94,144.19,new postings
2024-07-22,FR,153.39,142.96,new postings
2024-07-23,FR,151.65,142.18,new postings
2024-07-24,FR,149.58,141.12,new postings
2024-07-25,FR,146.8,139.05,new postings
2024-07-26,FR,143.6,137.01,new postings
2024-07-27,FR,140.85,135.35,new postings
2024-07-28,FR,138.2,133.55,new postings
2024-07-29,FR,137.23,131.78,new postings
2024-07-30,FR,136.59,130.22,new postings
2024-07-31,FR,135.53,128.4,new postings
2024-08-01,FR,135.3,127.78,new postings
2024-08-02,FR,135.26,127.36,new postings
2024-08-03,FR,135.28,127,new postings
2024-08-04,FR,135.46,126.7,new postings
2024-08-05,FR,135.66,126.38,new postings
2024-08-06,FR,135.45,125.46,new postings
2024-08-07,FR,135.04,124.34,new postings
2024-08-08,FR,134.65,122.62,new postings
2024-08-09,FR,133.64,120.04,new postings
2024-08-10,FR,132.63,117.25,new postings
2024-08-11,FR,131.49,114.35,new postings
2024-08-12,FR,130.8,111.67,new postings
2024-08-13,FR,130.59,109.55,new postings
2024-08-14,FR,130.92,107.94,new postings
2024-08-15,FR,131.49,106.64,new postings
2024-08-16,FR,130.95,104.12,new postings
2024-08-17,FR,129.52,100.68,new postings
2024-08-18,FR,127.68,97.2,new postings
2024-08-19,FR,125.14,93.84,new postings
2024-08-20,FR,122.32,90.71,new postings
2024-08-21,FR,120.06,88.47,new postings
2024-08-22,FR,117.65,86.65,new postings
2024-08-23,FR,117.98,89.22,new postings
2024-08-24,FR,120.11,94.44,new postings
2024-08-25,FR,122.13,99.63,new postings
2024-08-26,FR,124.15,104.75,new postings
2024-08-27,FR,126.59,110.33,new postings
2024-08-28,FR,128.7,115.69,new postings
2024-08-29,FR,130.62,120.97,new postings
2024-08-30,FR,131.68,124.14,new postings
2024-08-31,FR,132.46,126.62,new postings
2024-09-01,FR,133.44,129.16,new postings
2024-09-02,FR,134.55,131.59,new postings
2024-09-03,FR,134.74,132.91,new postings
2024-09-04,FR,135.07,134.4,new postings
2024-09-05,FR,135.62,136.01,new postings
2024-09-06,FR,136.34,137.94,new postings
2024-09-07,FR,136.24,139.48,new postings
2024-09-08,FR,137.35,142.28,new postings
2024-09-09,FR,138.63,144.95,new postings
2024-09-10,FR,140.46,148.05,new postings
2024-09-11,FR,141.69,150.26,new postings
2024-09-12,FR,143.1,152.47,new postings
2024-09-13,FR,143.99,153.7,new postings
2024-09-14,FR,144.99,154.54,new postings
2024-09-15,FR,144.23,153.36,new postings
2024-09-16,FR,143.39,152.16,new postings
2024-09-17,FR,142.24,150.49,new postings
2024-09-18,FR,141.24,148.94,new postings
2024-09-19,FR,139.05,145.92,new postings
2024-09-20,FR,137.04,143.19,new postings
2024-09-21,FR,135.33,140.8,new postings
2024-09-22,FR,134.11,138.95,new postings
2024-09-23,FR,133.23,137.35,new postings
2024-09-24,FR,132.6,136.16,new postings
2024-09-25,FR,132.19,134.99,new postings
2024-09-26,FR,132.56,134.78,new postings
2024-09-27,FR,133.17,134.73,new postings
2024-09-28,FR,133.27,134.18,new postings
2024-09-29,FR,133.52,133.81,new postings
2024-09-30,FR,133.45,133.19,new postings
2024-10-01,FR,133.07,132.29,new postings
2024-10-02,FR,132.44,131.43,new postings
2024-10-03,FR,131.76,130.68,new postings
2024-10-04,FR,130.91,130.06,new postings
2024-10-05,FR,130.75,130.09,new postings
2024-10-06,FR,130.55,130.24,new postings
2024-10-07,FR,130.26,130.55,new postings
2024-10-08,FR,130.98,131.82,new postings
2024-10-09,FR,131.6,133.19,new postings
2024-10-10,FR,132.33,134.63,new postings
2024-10-11,FR,133.06,135.96,new postings
2024-10-12,FR,133.15,136.56,new postings
2024-10-13,FR,133.27,137.08,new postings
2024-10-14,FR,133.46,137.55,new postings
2024-10-15,FR,132.41,136.64,new postings
2024-10-16,FR,131.07,135.19,new postings
2024-10-17,FR,129.69,133.32,new postings
2024-10-18,FR,128.33,131.35,new postings
2024-10-19,FR,127.28,129.63,new postings
2024-10-20,FR,126.2,127.96,new postings
2024-10-21,FR,125.15,126.33,new postings
2024-10-22,FR,125.06,125.28,new postings
2024-10-23,FR,125.81,124.91,new postings
2024-10-24,FR,126.75,125.21,new postings
2024-10-25,FR,127.69,125.35,new postings
2024-10-26,FR,128.64,125.66,new postings
2024-10-27,FR,129.66,125.79,new postings
2024-10-28,FR,130.84,125.99,new postings
2024-10-29,FR,131.59,126.13,new postings
2024-10-30,FR,131.64,125.27,new postings
2024-10-31,FR,131.28,123.76,new postings
2024-11-01,FR,131.95,122.74,new postings
2024-11-02,FR,130.24,118.74,new postings
2024-11-03,FR,128.45,114.81,new postings
2024-11-04,FR,126.42,110.87,new postings
2024-11-05,FR,124.68,107.15,new postings
2024-11-06,FR,123.72,104.73,new postings
2024-11-07,FR,122.78,102.79,new postings
2024-11-08,FR,120.3,100.63,new postings
2024-11-09,FR,122.9,104.51,new postings
2024-11-10,FR,124.78,108.41,new postings
2024-11-11,FR,127.48,112.47,new postings
2024-11-12,FR,127.34,113.21,new postings
2024-11-13,FR,126.81,113.42,new postings
2024-11-14,FR,126.34,113.5,new postings
2024-11-15,FR,126.62,113.51,new postings
2024-11-16,FR,124.12,110.5,new postings
2024-11-17,FR,122.11,107.48,new postings
2024-11-18,FR,119.19,104.33,new postings
2024-11-19,FR,120.45,107.03,new postings
2024-11-20,FR,121.63,109.83,new postings
2024-11-21,FR,122.66,112.38,new postings
2024-11-22,FR,123.7,114.78,new postings
2024-11-23,FR,124.71,116.98,new postings
2024-11-24,FR,125.78,119.06,new postings
2024-11-25,FR,126.71,120.76,new postings
2024-11-26,FR,126.19,120.13,new postings
2024-11-27,FR,125.48,119.29,new postings
2024-11-28,FR,125.03,118.73,new postings
2024-11-29,FR,124.58,118.1,new postings
2024-11-30,FR,124.37,117.72,new postings
2024-12-01,FR,123.85,117.37,new postings
2024-12-02,FR,123.55,117.2,new postings
2024-12-03,FR,122.99,116.73,new postings
2024-12-04,FR,122.47,116.29,new postings
2024-12-05,FR,122.01,115.93,new postings
2024-12-06,FR,121.83,116.02,new postings
2024-12-07,FR,121.62,116.11,new postings
2024-12-08,FR,121.53,116.31,new postings
2024-12-09,FR,121.47,116.62,new postings
2024-12-10,FR,121.33,116.7,new postings
2024-12-11,FR,121.15,116.63,new postings
2024-12-12,FR,120.94,116.29,new postings
2024-12-13,FR,120.28,115.47,new postings
2024-12-14,FR,119.25,114.08,new postings
2024-12-15,FR,118.73,112.73,new postings
2024-12-16,FR,117.96,111.36,new postings
2024-12-17,FR,117.8,110.36,new postings
2024-12-18,FR,117.74,109.54,new postings
2024-12-19,FR,117.56,108.65,new postings
2024-12-20,FR,117.84,108.06,new postings
2024-12-21,FR,118.66,108.06,new postings
2024-12-22,FR,118.96,107.98,new postings
2024-12-23,FR,119.68,108,new postings
2024-12-24,FR,119.47,106.96,new postings
2024-12-25,FR,119.67,104.78,new postings
2024-12-26,FR,118.46,100.4,new postings
2024-12-27,FR,115.45,94.76,new postings
2024-12-28,FR,110.65,87.15,new postings
2024-12-29,FR,106.64,79.58,new postings
2024-12-30,FR,103.22,72.17,new postings
2024-12-31,FR,100.92,65.68,new postings
2025-01-01,FR,98.42,60.32,new postings
2025-01-02,FR,96.56,57.37,new postings
2025-01-03,FR,96.45,56.81,new postings
2025-01-04,FR,100.62,59.06,new postings
2025-01-05,FR,102.91,61.32,new postings
2025-01-06,FR,102.86,63.47,new postings
2025-01-07,FR,103.31,67.47,new postings
2025-01-08,FR,105.07,74.12,new postings
2025-01-09,FR,109.12,83.88,new postings
2025-01-10,FR,113.3,93.52,new postings
2025-01-11,FR,115.17,102.95,new postings
2025-01-12,FR,117.97,112.32,new postings
2025-01-13,FR,122.66,121.56,new postings
2025-01-14,FR,126.17,128.77,new postings
2025-01-15,FR,128.17,133.21,new postings
2025-01-16,FR,128.81,134.35,new postings
2025-01-17,FR,129.12,133.91,new postings
2025-01-18,FR,128.86,132.44,new postings
2025-01-19,FR,129.05,131.04,new postings
2025-01-20,FR,128.79,129.55,new postings
2025-01-21,FR,128.37,128.12,new postings
2025-01-22,FR,127.83,126.63,new postings
2025-01-23,FR,126.99,125.17,new postings
2025-01-24,FR,126.11,124.47,new postings
2025-01-25,FR,125.48,124.01,new postings
2025-01-26,FR,125.01,123.6,new postings
2025-01-27,FR,124.62,123.27,new postings
2025-01-28,FR,130.39,128.89,new postings
2025-01-29,FR,130.89,129.57,new postings
2025-01-30,FR,131.4,130.13,new postings
2025-01-31,FR,131.52,129.98,new postings
2025-02-01,FR,131.95,130.15,new postings
2025-02-02,FR,132.1,130.29,new postings
2025-02-03,FR,131.97,130.26,new postings
2025-02-04,FR,125.44,124.13,new postings
2025-02-05,FR,124.08,123.28,new postings
2025-02-06,FR,122.98,122.82,new postings
2025-02-07,FR,121.94,122.95,new postings
2025-02-08,FR,120.8,123.01,new postings
2025-02-09,FR,119.54,123.08,new postings
2025-02-10,FR,118.68,123.13,new postings
2025-02-11,FR,118.74,123.92,new postings
2025-02-12,FR,119.06,124.43,new postings
2025-02-13,FR,119.52,124.88,new postings
2025-02-14,FR,120.29,125.45,new postings
2025-02-15,FR,120.77,125.51,new postings
2025-02-16,FR,121.25,125.58,new postings
2025-02-17,FR,122.1,125.8,new postings
2025-02-18,FR,122.32,125.51,new postings
2025-02-19,FR,122.64,125.53,new postings
2025-02-20,FR,122.4,125.3,new postings
2025-02-21,FR,122.07,124.85,new postings
2025-02-22,FR,121.34,124.54,new postings
2025-02-23,FR,121.18,124.14,new postings
2025-02-24,FR,120.54,123.71,new postings
2025-02-25,FR,120.2,123.27,new postings
2025-02-26,FR,119.85,122.61,new postings
2025-02-27,FR,120.23,122.12,new postings
2025-02-28,FR,120.52,121.52,new postings
2025-03-01,FR,120.87,121.06,new postings
2025-03-02,FR,121.04,120.66,new postings
2025-03-03,FR,121.24,120.34,new postings
2025-03-04,FR,121.19,120.07,new postings
2025-03-05,FR,120.05,118.99,new postings
2025-03-06,FR,119.93,119.73,new postings
2025-03-07,FR,119.85,120.92,new postings
2025-03-08,FR,120.35,122.63,new postings
2025-03-09,FR,121.07,124.57,new postings
2025-03-10,FR,122.04,126.52,new postings
2025-03-11,FR,123.62,128.95,new postings
2025-03-12,FR,126.19,132.42,new postings
2025-03-13,FR,127.19,133.93,new postings
2025-03-14,FR,128.41,134.99,new postings
2025-03-15,FR,129.02,135.35,new postings
2025-03-16,FR,129.48,135.61,new postings
2025-03-17,FR,130.02,135.77,new postings
2025-03-18,FR,130.18,135.72,new postings
2025-03-19,FR,130.22,135.67,new postings
2025-03-20,FR,130.2,135.7,new postings
2025-03-21,FR,129.7,135.51,new postings
2025-03-22,FR,129.12,135.35,new postings
2025-03-23,FR,128.59,135.05,new postings
2025-03-24,FR,127.95,134.87,new postings
2025-03-25,FR,127.42,134.28,new postings
2025-03-26,FR,127.02,133.73,new postings
2025-03-27,FR,126.9,133.39,new postings
2025-03-28,FR,126.92,133.23,new postings
2025-03-29,FR,127.2,133.15,new postings
2025-03-30,FR,127.44,133.1,new postings
2025-03-31,FR,127.88,133.06,new postings
2025-04-01,FR,127.97,132.85,new postings
2025-04-02,FR,128.29,132.33,new postings
2025-04-03,FR,128.99,132.04,new postings
2025-04-04,FR,130.25,132.04,new postings
2025-04-05,FR,132.33,132.27,new postings
2025-04-06,FR,134.06,132.5,new postings
2025-04-07,FR,135.15,132.65,new postings
2025-04-08,FR,136.68,133.54,new postings
2025-04-09,FR,136.51,134.51,new postings
2025-04-10,FR,135.53,134.9,new postings
2025-04-11,FR,133.03,134.93,new postings
2025-04-12,FR,129.84,134.66,new postings
2025-04-13,FR,126.82,134.42,new postings
2025-04-14,FR,124.41,134.28,new postings
2025-04-15,FR,121.66,133.32,new postings
2025-04-16,FR,120.32,132.26,new postings
2025-04-17,FR,119.13,131.12,new postings
2025-04-18,FR,119,130.07,new postings
2025-04-19,FR,118.26,128.45,new postings
2025-04-20,FR,117.62,126.73,new postings
2025-04-21,FR,117.49,125.16,new postings
2025-04-22,FR,116.13,120.82,new postings
2025-04-23,FR,114.49,116.6,new postings
2025-04-24,FR,112.63,112.71,new postings
2025-04-25,FR,110.47,108.85,new postings
2025-04-26,FR,108.5,105.89,new postings
2025-04-27,FR,106.46,102.95,new postings
2025-04-28,FR,103.61,99.97,new postings
2025-04-29,FR,104.51,102.99,new postings
2025-04-30,FR,105.77,106.18,new postings
2025-05-01,FR,107.89,109.6,new postings
2025-05-02,FR,109.52,110.45,new postings
2025-05-03,FR,110.67,110.2,new postings
2025-05-04,FR,112.04,109.95,new postings
2025-05-05,FR,113.57,109.68,new postings
2025-05-06,FR,113.04,106.9,new postings
2025-05-07,FR,112.8,104.38,new postings
2025-05-08,FR,112.92,101.95,new postings
2025-05-09,FR,113.55,102.33,new postings
2025-05-10,FR,114.43,103.55,new postings
2025-05-11,FR,114.98,104.66,new postings
2025-05-12,FR,115.41,105.78,new postings
2025-05-13,FR,114.72,106.01,new postings
2025-05-14,FR,113.64,106.09,new postings
2025-05-15,FR,111.54,105.48,new postings
2025-05-16,FR,111.27,107.26,new postings
2025-05-17,FR,112.79,109.73,new postings
2025-05-18,FR,113.35,112.52,new postings
2025-05-19,FR,114.7,115.15,new postings
2025-05-20,FR,117.07,118.38,new postings
2025-05-21,FR,119.12,121.38,new postings
2025-05-22,FR,121.91,124.61,new postings
2025-05-23,FR,122.99,125.1,new postings
2025-05-24,FR,122.37,124.74,new postings
2025-05-25,FR,122.85,124.2,new postings
2025-05-26,FR,122.4,123.71,new postings
2025-05-27,FR,121.59,122.83,new postings
2025-05-28,FR,120.25,121.88,new postings
2025-05-29,FR,118.73,121.27,new postings
2025-05-30,FR,116.5,118.51,new postings
2025-05-31,FR,113.46,114.42,new postings
2025-06-01,FR,111.13,110.25,new postings
2025-06-02,FR,108.67,106.16,new postings
2025-06-03,FR,105.36,102.57,new postings
2025-06-04,FR,102.38,98.78,new postings
2025-06-05,FR,98.75,94.83,new postings
2025-06-06,FR,99.02,96.07,new postings
2025-06-07,FR,102.03,100.57,new postings
2025-06-08,FR,104.37,105.31,new postings
2025-06-09,FR,107.25,110.09,new postings
2025-06-10,FR,109.13,112.41,new postings
2025-06-11,FR,111.34,114.71,new postings
2025-06-12,FR,114.14,117.22,new postings
2025-06-13,FR,114.22,117.21,new postings
2025-06-14,FR,112.67,115.49,new postings
2025-06-15,FR,111.17,113.53,new postings
2025-06-16,FR,109.49,111.46,new postings
2025-06-17,FR,111.48,114.04,new postings
2025-06-18,FR,113.69,117.11,new postings
2025-06-19,FR,114.96,119.47,new postings
2025-06-20,FR,115.33,120.97,new postings
2025-06-21,FR,115.85,122.25,new postings
2025-06-22,FR,116.26,123.51,new postings
2025-06-23,FR,116.68,124.73,new postings
2025-06-24,FR,115.18,123.46,new postings
2025-06-25,FR,114.24,121.9,new postings
2025-06-26,FR,113.91,120.85,new postings
2025-06-27,FR,114,120.22,new postings
2025-06-28,FR,113.68,119.5,new postings
2025-06-29,FR,114.02,118.91,new postings
2025-06-30,FR,114.41,118.29,new postings
2025-07-01,FR,114.53,117.91,new postings
2025-07-02,FR,114.52,117.91,new postings
2025-07-03,FR,114.13,117.91,new postings
2025-07-04,FR,113.89,118.11,new postings
2025-07-05,FR,113.93,118.8,new postings
2025-07-06,FR,113.35,119.54,new postings
2025-07-07,FR,112.83,120.41,new postings
2025-07-08,FR,112.68,120.98,new postings
2025-07-09,FR,111.88,121.07,new postings
2025-07-10,FR,111.58,120.96,new postings
2025-07-11,FR,111.58,120.84,new postings
2025-07-12,FR,111.86,120.28,new postings
2025-07-13,FR,112.33,119.71,new postings
2025-07-14,FR,113.08,119.2,new postings
2025-07-15,FR,111.48,115.8,new postings
2025-07-16,FR,110.73,112.48,new postings
2025-07-17,FR,110.42,109.63,new postings
2025-07-18,FR,110,106.84,new postings
2025-07-19,FR,109.56,104.07,new postings
2025-07-20,FR,108.99,101.27,new postings
2025-07-21,FR,107.96,98.41,new postings
2025-07-22,FR,110.46,101.19,new postings
2025-07-23,FR,112.2,103.91,new postings
2025-07-24,FR,113.06,105.78,new postings
2025-07-25,FR,113.83,107.36,new postings
2025-07-26,FR,113.97,108.78,new postings
2025-07-27,FR,114.22,110.17,new postings
2025-07-28,FR,114.79,111.51,new postings
2025-07-29,FR,114.25,110.22,new postings
2025-07-30,FR,114.23,109.3,new postings
2025-07-31,FR,114.57,108.84,new postings
2025-08-01,FR,114.52,108.29,new postings
2025-08-02,FR,114.55,107.82,new postings
2025-08-03,FR,114.63,107.34,new postings
2025-08-04,FR,114.75,106.84,new postings
2025-08-05,FR,114.39,105.85,new postings
2025-08-06,FR,113.29,103.92,new postings
2025-08-07,FR,111.55,101.37,new postings
2025-08-08,FR,110.23,98.69,new postings
2025-08-09,FR,108.72,95.6,new postings
2025-08-10,FR,107.24,92.44,new postings
2025-08-11,FR,105.89,89.49,new postings
2025-08-12,FR,105.24,86.97,new postings
2025-08-13,FR,105.07,85.01,new postings
2025-08-14,FR,105.37,83.53,new postings
2025-08-15,FR,106.25,82.61,new postings
2025-08-16,FR,105.82,80.17,new postings
2025-08-17,FR,105.41,77.71,new postings
2025-08-18,FR,104.44,75.24,new postings
2025-08-19,FR,103.49,73.41,new postings
2025-08-20,FR,102.73,72.29,new postings
2025-08-21,FR,102.11,71.7,new postings
2025-08-22,FR,101.28,71.42,new postings
2025-08-23,FR,102.92,75.37,new postings
2025-08-24,FR,103.82,79.53,new postings
2025-08-25,FR,104.72,83.57,new postings
2025-08-26,FR,105.76,87.8,new postings
2025-08-27,FR,106.9,92.16,new postings
2025-08-28,FR,107.98,96.48,new postings
2025-08-29,FR,108.63,100.51,new postings
2025-08-30,FR,108.53,102.61,new postings
2025-08-31,FR,108.74,104.46,new postings
2025-09-01,FR,109.16,106.22,new postings
2025-09-02,FR,109.13,107.41,new postings
2025-09-03,FR,108.92,108.15,new postings
2025-09-04,FR,108.99,109.16,new postings
2025-09-05,FR,109.17,110.23,new postings
2025-09-06,FR,109.52,111.65,new postings
2025-09-07,FR,109.56,113.16,new postings
2025-09-08,FR,109.64,114.68,new postings
2025-09-09,FR,109.68,116.07,new postings
2025-09-10,FR,109.42,117.08,new postings
2025-09-11,FR,108.55,117.26,new postings
2025-09-12,FR,107.45,117.05,new postings
2025-09-13,FR,106.14,116.21,new postings
2025-09-14,FR,105.47,115.43,new postings
2025-09-15,FR,104.99,114.62,new postings
2025-09-16,FR,104.7,113.93,new postings
2025-09-17,FR,104.6,113.31,new postings
2025-09-18,FR,104.69,112.77,new postings
2025-09-19,FR,105.03,112.21,new postings
2025-09-20,FR,105.36,111.75,new postings
2025-09-21,FR,105.4,111.14,new postings
2025-09-22,FR,105.44,110.6,new postings
2025-09-23,FR,105.36,109.9,new postings
2025-09-24,FR,105.13,109.18,new postings
2025-09-25,FR,105.09,108.6,new postings
2025-09-26,FR,104.95,108.04,new postings
2025-09-27,FR,104.69,107.24,new postings
2025-09-28,FR,104.55,106.54,new postings
2025-09-29,FR,104.34,105.82,new postings
2025-09-30,FR,104.27,105.24,new postings
2025-10-01,FR,104.2,104.65,new postings
2025-10-02,FR,103.82,103.88,new postings
2025-10-03,FR,103.48,103.29,new postings
2025-10-04,FR,103.33,103.21,new postings
2025-10-05,FR,103.26,103.18,new postings
2025-10-06,FR,103.15,103.23,new postings
2025-10-07,FR,102.84,103.34,new postings
2025-10-08,FR,102.93,103.79,new postings
2025-10-09,FR,103.01,104.44,new postings
2025-10-10,FR,104.45,106.5,new postings
2025-10-11,FR,105.58,108.13,new postings
2025-10-12,FR,106.64,109.69,new postings
2025-10-13,FR,107.66,111.12,new postings
2025-10-14,FR,108.62,112.33,new postings
2025-10-15,FR,109.56,113.46,new postings
2025-10-16,FR,110.72,114.56,new postings
2025-10-17,FR,108.99,112.42,new postings
2025-10-18,FR,107.47,110.36,new postings
2025-10-19,FR,106.09,108.35,new postings
2025-10-20,FR,104.65,106.37,new postings
2025-10-21,FR,103.03,104.23,new postings
2025-10-22,FR,101.57,101.93,new postings
2025-10-23,FR,100.09,99.53,new postings
2025-10-24,FR,99.89,98.82,new postings
2025-10-25,FR,99.58,97.94,new postings
2025-10-26,FR,99.23,97.17,new postings
2025-10-27,FR,99.22,96.53,new postings
2025-10-28,FR,99.32,95.85,new postings
2025-10-29,FR,99.07,95.09,new postings
2025-10-30,FR,99.1,94.31,new postings
2025-10-31,FR,99.05,93.18,new postings
2025-11-01,FR,98.26,90.86,new postings
2025-11-02,FR,99.63,89.96,new postings
2025-11-03,FR,100.7,89.01,new postings
2025-11-04,FR,102.17,88.45,new postings
2025-11-05,FR,103.89,88.16,new postings
2025-11-06,FR,105.44,88.23,new postings
2025-11-07,FR,107.4,89.08,new postings
2025-11-08,FR,109.69,91.33,new postings
2025-11-09,FR,109.19,92.06,new postings
2025-11-10,FR,108.23,92.93,new postings
2025-11-11,FR,106.8,92.98,new postings
2025-11-12,FR,103.55,90.95,new postings
2025-11-13,FR,100.43,88.85,new postings
2025-11-14,FR,97.17,86.49,new postings
2025-11-15,FR,94.86,84.14,new postings
2025-11-16,FR,92.87,81.69,new postings
2025-11-17,FR,91.2,79.35,new postings
2025-11-18,FR,90.67,78.68,new postings
2025-11-19,FR,92.55,81.6,new postings
2025-11-20,FR,94.42,84.67,new postings
2025-11-21,FR,96.2,87.61,new postings
2025-11-22,FR,97.63,90.32,new postings
2025-11-23,FR,99.15,92.98,new postings
2025-11-24,FR,100.91,95.49,new postings
2025-11-25,FR,101.7,97.02,new postings
2025-11-26,FR,101.53,96.84,new postings
2025-11-27,FR,100.79,96.09,new postings
2025-11-28,FR,100.14,95.4,new postings
2025-11-29,FR,99.54,94.66,new postings
2025-11-30,FR,99.04,93.99,new postings
2025-12-01,FR,98.18,93.22,new postings
2025-12-02,FR,97.37,92.44,new postings
2025-12-03,FR,96.91,91.96,new postings
2025-12-04,FR,96.89,91.88,new postings
2025-12-05,FR,96.9,91.86,new postings
2025-12-06,FR,97.12,92.23,new postings
2025-12-07,FR,97.33,92.63,new postings
2025-12-08,FR,97.77,93.2,new postings
2025-12-09,FR,98.14,93.82,new postings
2025-12-10,FR,98.1,93.97,new postings
2025-12-11,FR,98.08,94.03,new postings
2025-12-12,FR,98.09,93.95,new postings
2025-12-13,FR,98.37,94.11,new postings
2025-12-14,FR,98.76,94.16,new postings
2025-12-15,FR,99.38,94.13,new postings
2025-12-16,FR,99.82,94.03,new postings
2025-12-17,FR,100.53,94.06,new postings
2025-12-18,FR,100.94,93.85,new postings
2025-12-19,FR,101.31,93.66,new postings
2025-12-20,FR,100.88,92.44,new postings
2025-12-21,FR,100.39,91.37,new postings
2025-12-22,FR,99.58,90.41,new postings
2025-12-23,FR,98.89,89.24,new postings
2025-12-24,FR,98.26,87.9,new postings
2025-12-25,FR,98.1,85.66,new postings
2025-12-26,FR,96.58,81.42,new postings
2025-12-27,FR,93.76,76.16,new postings
2025-12-28,FR,91.15,70.78,new postings
2025-12-29,FR,88.51,65.38,new postings
2025-12-30,FR,86.32,59.87,new postings
2025-12-31,FR,83.76,54.1,new postings
2026-01-01,FR,79.66,49.29,new postings
2026-01-02,FR,76.47,46.68,new postings
2026-01-03,FR,74.05,46.1,new postings
2026-01-04,FR,72,45.64,new postings
2026-01-05,FR,70.41,45.28,new postings
2026-01-06,FR,69.56,47,new postings
2026-01-07,FR,70.45,51.06,new postings
2026-01-08,FR,73.68,56.96,new postings
2026-01-09,FR,78.74,65.35,new postings
2026-01-10,FR,85.24,74.97,new postings
2026-01-11,FR,91.15,84.51,new postings
2026-01-12,FR,97.59,94.04,new postings
2026-01-13,FR,102.56,101.76,new postings
2026-01-14,FR,105.97,107.58,new postings
2026-01-15,FR,108.45,111.62,new postings
2026-01-16,FR,109.41,112.91,new postings
2026-01-17,FR,109.37,112.28,new postings
2026-01-18,FR,109.56,111.62,new postings
2026-01-19,FR,109.71,110.69,new postings
2026-01-20,FR,109.65,109.75,new postings
2026-01-21,FR,109.46,108.81,new postings
2026-01-22,FR,109.51,108.24,new postings
2026-01-23,FR,109.56,107.89,new postings
2026-01-24,FR,109.29,107.77,new postings
2026-01-25,FR,109.14,107.69,new postings
2026-01-26,FR,109.21,107.75,new postings
2026-01-27,FR,109.21,107.78,new postings
2026-01-28,FR,109.26,107.74,new postings
2026-01-29,FR,108.64,107.2,new postings
2026-01-30,FR,107.89,106.41,new postings
2026-01-31,FR,107.4,105.69,new postings
2026-02-01,FR,106.82,104.98,new postings
2026-02-02,FR,105.84,104.04,new postings
2026-02-03,FR,105.18,103.46,new postings
2026-02-04,FR,104.7,103.24,new postings
2026-02-05,FR,104.41,103.35,new postings
2026-02-06,FR,104.5,103.95,new postings
2026-02-07,FR,104.46,104.81,new postings
2026-02-08,FR,104.45,105.64,new postings
2026-02-09,FR,104.57,106.65,new postings
2026-02-10,FR,104.9,107.66,new postings
2026-02-11,FR,105.1,108.38,new postings
2026-02-12,FR,105.71,109.12,new postings
2026-02-13,FR,106.29,109.63,new postings
2026-02-14,FR,106.46,109.62,new postings
2026-02-15,FR,106.81,109.63,new postings
2026-02-16,FR,107.24,109.77,new postings
2026-02-17,FR,107.32,109.34,new postings
2026-02-18,FR,107.18,108.85,new postings
2026-02-19,FR,106.62,108.05,new postings
2026-02-20,FR,105.44,106.89,new postings
2026-02-21,FR,104.43,105.75,new postings
2026-02-22,FR,102.98,104.6,new postings
2026-02-23,FR,101.73,103.24,new postings
2026-02-24,FR,100.36,102.03,new postings
2026-02-25,FR,99.16,100.73,new postings
2026-02-26,FR,98.14,99.5,new postings
2026-02-27,FR,97.7,98.47,new postings
2026-02-28,FR,97.48,97.63,new postings
2026-03-01,FR,97.32,96.94,new postings
2026-03-02,FR,97.14,96.32,new postings
2026-03-03,FR,97.49,96.29,new postings
2026-03-04,FR,98.18,97.03,new postings
2026-03-05,FR,99.49,98.39,new postings
2026-03-06,FR,100.48,99.98,new postings
2026-03-07,FR,101.54,102.03,new postings
2026-03-08,FR,102.64,104.02,new postings
2026-03-09,FR,103.78,105.99,new postings
2026-03-10,FR,104.63,107.52,new postings
2026-03-11,FR,104.37,107.84,new postings
2026-03-12,FR,103.31,107.33,new postings
2026-03-13,FR,102.5,106.72,new postings
2026-03-14,FR,101.35,105.33,new postings
2026-03-15,FR,100.13,103.81,new postings
2026-03-16,FR,98.89,102.36,new postings
2026-03-17,FR,97.84,100.95,new postings
2026-03-18,FR,97.55,100.5,new postings
2026-03-19,FR,97.38,100.27,new postings
2026-03-20,FR,97.2,100.15,new postings
2026-03-21,FR,97.02,100.17,new postings
2026-03-22,FR,96.78,100.22,new postings
2026-03-23,FR,96.68,100.3,new postings
2026-03-24,FR,96.27,100.22,new postings
2026-03-25,FR,95.88,99.73,new postings
2026-03-26,FR,95.44,99.17,new postings
2026-03-27,FR,94.6,98.11,new postings
2026-03-28,FR,93.9,97.26,new postings
2026-03-29,FR,93.31,96.45,new postings
2026-03-30,FR,92.57,95.59,new postings
2026-03-31,FR,91.79,94.62,new postings
2026-04-01,FR,90.91,93.71,new postings
2026-04-02,FR,91.44,93.54,new postings
2026-04-03,FR,93.07,94.48,new postings
2026-04-04,FR,95.37,95.97,new postings
2026-04-05,FR,98.09,97.5,new postings
2026-04-06,FR,100.64,99.06,new postings
2026-04-07,FR,100.77,98.59,new postings
2026-04-08,FR,101.23,98.71,new postings
2026-04-09,FR,99.55,98.02,new postings
2026-04-10,FR,96.85,96.34,new postings
2026-04-11,FR,93.01,93.84,new postings
2026-04-12,FR,88.94,91.39,new postings
2026-04-13,FR,85.09,89.1,new postings
2026-04-14,FR,86.2,91.69,new postings
2026-04-15,FR,86.36,92.85,new postings
2026-04-16,FR,87.57,94.23,new postings
2026-04-17,FR,88.98,95.64,new postings
2026-04-18,FR,90.8,97.07,new postings
2026-04-19,FR,92.61,98.32,new postings
2026-04-20,FR,94.31,99.17,new postings
2026-04-21,FR,94.38,97.93,new postings
2026-04-22,FR,95.53,97.46,new postings
2026-04-23,FR,96.34,96.8,new postings
2026-04-24,FR,97.2,96.43,new postings
2026-04-25,FR,97.91,96.08,new postings
2026-04-26,FR,98.06,95.78,new postings
2026-04-27,FR,97.97,95.37,new postings
2026-04-28,FR,96.96,94.51,new postings
2026-04-29,FR,95.18,93.75,new postings
2026-04-30,FR,93.42,93.01,new postings
2026-05-01,FR,91.98,92.37,new postings
2026-05-02,FR,90.01,90.01,new postings
2026-05-03,FR,88.52,87.72,new postings
2026-05-04,FR,87.13,85.42,new postings
2026-05-05,FR,87.02,84.09,new postings
2026-05-06,FR,88,83.61,new postings
2026-05-07,FR,89.66,83.74,new postings
2026-05-08,FR,91.9,84.26,new postings
2026-05-09,FR,94.72,86.78,new postings
2026-05-10,FR,97.04,89.22,new postings
2026-05-11,FR,99.37,91.7,new postings
2026-05-12,FR,100.68,93.36,new postings
2026-05-13,FR,100.6,93.91,new postings
2026-05-14,FR,100.02,94.23,new postings
2026-05-15,FR,96.27,91.57,new postings
2026-05-16,FR,92.88,89.67,new postings
2026-05-17,FR,90.26,87.76,new postings
2026-05-18,FR,86.78,85.78,new postings
2026-05-19,FR,83.35,83.3,new postings
2026-05-20,FR,80.93,81.47,new postings
2026-05-21,FR,78.05,79.12,new postings
2026-05-22,FR,79.65,81.02,new postings
2026-05-23,FR,82.09,83.09,new postings
2026-05-24,FR,84.02,85.2,new postings
2026-05-25,FR,86.9,87.47,new postings
2026-05-26,FR,87.39,87.94,new postings
2026-05-27,FR,87.32,87.79,new postings
2026-05-28,FR,87.03,87.61,new postings
2026-05-29,FR,84.76,85.73,new postings
2026-05-30,FR,82.73,83.32,new postings
2026-05-31,FR,81.09,80.9,new postings
2026-06-01,FR,79.78,78.42,new postings
2026-06-02,FR,83.45,80.81,new postings
2026-06-03,FR,86.91,84.09,new postings
2026-06-04,FR,91.16,88.02,new postings
2026-06-05,FR,95.26,92.22,new postings
2026-06-06,FR,99.1,96.75,new postings
2026-06-07,FR,102.67,101.37,new postings
2026-06-08,FR,105.63,105.93,new postings
2026-06-09,FR,105.24,107.01,new postings
2026-06-10,FR,105.12,107.21,new postings
2026-06-11,FR,104.92,107.02,new postings
2026-06-12,FR,104.03,105.76,new postings
2026-06-13,FR,102.19,103.77,new postings
2026-06-14,FR,100.27,101.69,new postings
2026-06-15,FR,99.89,100.88,new postings
2026-06-16,FR,100.25,100.99,new postings
2026-06-17,FR,100.19,101.35,new postings
2026-06-18,FR,99.91,101.7,new postings
2026-06-19,FR,100.18,102.78,new postings
2026-06-20,FR,100.76,104.24,new postings
2026-06-21,FR,101.7,105.72,new postings
2026-06-22,FR,101.25,105.88,new postings
2026-06-23,FR,100.23,105.45,new postings
2026-06-24,FR,99.33,104.75,new postings
2026-06-25,FR,99.17,104.09,new postings
2026-06-26,FR,98.7,103.05,new postings
2026-06-27,FR,98.04,101.78,new postings
2026-06-28,FR,97.05,100.46,new postings
2026-06-29,FR,96.22,98.96,new postings
2026-06-30,FR,96.08,98.03,new postings
2026-07-01,FR,95.82,97.39,new postings
2026-07-02,FR,95.77,97.42,new postings
2026-07-03,FR,95.91,97.92,new postings
2026-07-04,FR,96.73,99.21,new postings
2026-07-05,FR,97.51,100.58,new postings
2026-07-06,FR,97.85,101.93,new postings
2026-07-07,FR,98.37,103.58,new postings
2026-07-08,FR,99.97,105.85,new postings
2026-07-09,FR,100.24,106.8,new postings
2026-07-10,FR,100.79,107.53,new postings
2026-07-11,FR,101.25,107.9,new postings
2026-07-12,FR,102.21,108.2,new postings
2026-07-13,FR,103.38,108.57,new postings
2026-07-14,FR,103.27,107.49,new postings
2026-07-15,FR,100.32,103.16,new postings
2026-07-16,FR,98.52,99.54,new postings
2026-07-17,FR,96.69,95.93,new postings
2026-07-18,FR,94.22,91.8,new postings
2026-07-19,FR,91.67,87.73,new postings
2026-07-20,FR,89.32,83.99,new postings
2026-07-21,FR,89.27,82.52,new postings
2026-07-22,FR,92.45,85.89,new postings
2026-07-23,FR,94.86,88.93,new postings
2026-07-24,FR,97.08,91.76,new postings
2026-07-25,FR,99.67,94.72,new postings
2026-07-26,FR,101.93,97.66,new postings
2026-07-27,FR,103.79,100.07,new postings
2026-07-28,FR,104,100.81,new postings
2026-07-29,FR,102.76,98.98,new postings
2026-07-30,FR,101.66,97.22,new postings
2026-07-31,FR,100.21,95.23,new postings
2026-08-01,FR,98.57,93.34,new postings
2026-08-02,FR,97.02,91.55,new postings
2026-08-03,FR,95.77,90.08,new postings
2026-08-04,FR,94.97,88.98,new postings
2026-08-05,FR,94.76,88.41,new postings
2026-08-06,FR,94.33,87.48,new postings
2026-08-07,FR,94.29,86.88,new postings
