date,region,indeed_job_postings_index
2020-02-01,a2,100
2020-02-02,a2,99.95
2020-02-03,a2,100.08
2020-02-04,a2,100.22
2020-02-05,a2,100.56
2020-02-06,a2,100.65
2020-02-07,a2,100.64
2020-02-08,a2,100.61
2020-02-09,a2,100.57
2020-02-10,a2,100.38
2020-02-11,a2,100.1
2020-02-12,a2,99.93
2020-02-13,a2,99.75
2020-02-14,a2,99.66
2020-02-15,a2,99.67
2020-02-16,a2,99.58
2020-02-17,a2,99.5
2020-02-18,a2,99.33
2020-02-19,a2,99.17
2020-02-20,a2,99.13
2020-02-21,a2,99.11
2020-02-22,a2,98.96
2020-02-23,a2,98.85
2020-02-24,a2,98.84
2020-02-25,a2,99.01
2020-02-26,a2,99.13
2020-02-27,a2,99.2
2020-02-28,a2,99.2
2020-02-29,a2,99.21
2020-03-01,a2,99.33
2020-03-02,a2,99.37
2020-03-03,a2,99.39
2020-03-04,a2,99.48
2020-03-05,a2,99.6
2020-03-06,a2,99.73
2020-03-07,a2,99.8
2020-03-08,a2,99.74
2020-03-09,a2,99.56
2020-03-10,a2,99.57
2020-03-11,a2,99.45
2020-03-12,a2,99.27
2020-03-13,a2,99.25
2020-03-14,a2,99.2
2020-03-15,a2,99.06
2020-03-16,a2,99.05
2020-03-17,a2,98.73
2020-03-18,a2,98.33
2020-03-19,a2,97.73
2020-03-20,a2,96.81
2020-03-21,a2,95.71
2020-03-22,a2,94.58
2020-03-23,a2,93.38
2020-03-24,a2,92.25
2020-03-25,a2,90.94
2020-03-26,a2,89.32
2020-03-27,a2,87.8
2020-03-28,a2,86.03
2020-03-29,a2,84.43
2020-03-30,a2,82.67
2020-03-31,a2,80.84
2020-04-01,a2,79.34
2020-04-02,a2,78.08
2020-04-03,a2,76.77
2020-04-04,a2,75.95
2020-04-05,a2,74.94
2020-04-06,a2,74.16
2020-04-07,a2,72.96
2020-04-08,a2,71.67
2020-04-09,a2,70.54
2020-04-10,a2,69.35
2020-04-11,a2,67.9
2020-04-12,a2,66.48
2020-04-13,a2,65.19
2020-04-14,a2,64.38
2020-04-15,a2,63.6
2020-04-16,a2,63.03
2020-04-17,a2,62.36
2020-04-18,a2,62.04
2020-04-19,a2,61.91
2020-04-20,a2,61.75
2020-04-21,a2,61.69
2020-04-22,a2,61.63
2020-04-23,a2,61.29
2020-04-24,a2,61.27
2020-04-25,a2,61.3
2020-04-26,a2,61.09
2020-04-27,a2,60.99
2020-04-28,a2,60.78
2020-04-29,a2,60.4
2020-04-30,a2,60.16
2020-05-01,a2,59.97
2020-05-02,a2,59.8
2020-05-03,a2,59.63
2020-05-04,a2,59.37
2020-05-05,a2,59.1
2020-05-06,a2,58.8
2020-05-07,a2,58.44
2020-05-08,a2,58.01
2020-05-09,a2,57.37
2020-05-10,a2,56.77
2020-05-11,a2,56.23
2020-05-12,a2,55.82
2020-05-13,a2,55.77
2020-05-14,a2,55.7
2020-05-15,a2,55.66
2020-05-16,a2,55.68
2020-05-17,a2,55.95
2020-05-18,a2,56.15
2020-05-19,a2,56.31
2020-05-20,a2,55.88
2020-05-21,a2,55.9
2020-05-22,a2,55.55
2020-05-23,a2,55.22
2020-05-24,a2,54.64
2020-05-25,a2,54.14
2020-05-26,a2,53.69
2020-05-27,a2,53.71
2020-05-28,a2,53.47
2020-05-29,a2,53.64
2020-05-30,a2,53.81
2020-05-31,a2,54.26
2020-06-01,a2,54.75
2020-06-02,a2,55.09
2020-06-03,a2,55.39
2020-06-04,a2,55.62
2020-06-05,a2,55.96
2020-06-06,a2,56.53
2020-06-07,a2,56.98
2020-06-08,a2,57.38
2020-06-09,a2,57.82
2020-06-10,a2,58.24
2020-06-11,a2,58.77
2020-06-12,a2,59.2
2020-06-13,a2,59.5
2020-06-14,a2,59.91
2020-06-15,a2,60.21
2020-06-16,a2,60.6
2020-06-17,a2,61
2020-06-18,a2,61.2
2020-06-19,a2,61.33
2020-06-20,a2,61.32
2020-06-21,a2,61.23
2020-06-22,a2,61.26
2020-06-23,a2,61.32
2020-06-24,a2,61.53
2020-06-25,a2,61.81
2020-06-26,a2,62.08
2020-06-27,a2,62.33
2020-06-28,a2,62.55
2020-06-29,a2,62.77
2020-06-30,a2,62.8
2020-07-01,a2,62.83
2020-07-02,a2,62.91
2020-07-03,a2,63.26
2020-07-04,a2,63.63
2020-07-05,a2,64.06
2020-07-06,a2,64.33
2020-07-07,a2,64.77
2020-07-08,a2,65.08
2020-07-09,a2,65.28
2020-07-10,a2,65.27
2020-07-11,a2,65.05
2020-07-12,a2,64.93
2020-07-13,a2,64.96
2020-07-14,a2,65.03
2020-07-15,a2,65.03
2020-07-16,a2,65.36
2020-07-17,a2,65.63
2020-07-18,a2,66.04
2020-07-19,a2,66.24
2020-07-20,a2,66.49
2020-07-21,a2,66.73
2020-07-22,a2,66.99
2020-07-23,a2,67.24
2020-07-24,a2,67.41
2020-07-25,a2,67.69
2020-07-26,a2,68.06
2020-07-27,a2,68.54
2020-07-28,a2,69.04
2020-07-29,a2,69.63
2020-07-30,a2,69.93
2020-07-31,a2,70.35
2020-08-01,a2,70.65
2020-08-02,a2,70.87
2020-08-03,a2,70.92
2020-08-04,a2,70.99
2020-08-05,a2,71.55
2020-08-06,a2,72.38
2020-08-07,a2,73.2
2020-08-08,a2,74.07
2020-08-09,a2,74.92
2020-08-10,a2,75.54
2020-08-11,a2,76.1
2020-08-12,a2,76.2
2020-08-13,a2,76.31
2020-08-14,a2,76.47
2020-08-15,a2,76.55
2020-08-16,a2,76.85
2020-08-17,a2,77.43
2020-08-18,a2,78.01
2020-08-19,a2,78.48
2020-08-20,a2,78.79
2020-08-21,a2,79.06
2020-08-22,a2,79.33
2020-08-23,a2,79.44
2020-08-24,a2,79.38
2020-08-25,a2,79.49
2020-08-26,a2,79.55
2020-08-27,a2,79.6
2020-08-28,a2,79.57
2020-08-29,a2,79.72
2020-08-30,a2,79.86
2020-08-31,a2,80.02
2020-09-01,a2,80.1
2020-09-02,a2,80.25
2020-09-03,a2,80.33
2020-09-04,a2,80.53
2020-09-05,a2,80.61
2020-09-06,a2,80.78
2020-09-07,a2,80.86
2020-09-08,a2,80.91
2020-09-09,a2,81.03
2020-09-10,a2,81.26
2020-09-11,a2,81.49
2020-09-12,a2,81.7
2020-09-13,a2,81.86
2020-09-14,a2,81.96
2020-09-15,a2,81.99
2020-09-16,a2,82
2020-09-17,a2,81.94
2020-09-18,a2,81.91
2020-09-19,a2,81.93
2020-09-20,a2,82.04
2020-09-21,a2,82.2
2020-09-22,a2,82.34
2020-09-23,a2,82.44
2020-09-24,a2,82.62
2020-09-25,a2,82.63
2020-09-26,a2,82.61
2020-09-27,a2,82.58
2020-09-28,a2,82.67
2020-09-29,a2,82.83
2020-09-30,a2,82.96
2020-10-01,a2,82.88
2020-10-02,a2,82.87
2020-10-03,a2,83.02
2020-10-04,a2,82.98
2020-10-05,a2,82.89
2020-10-06,a2,82.85
2020-10-07,a2,82.87
2020-10-08,a2,82.93
2020-10-09,a2,83.02
2020-10-10,a2,83.16
2020-10-11,a2,83.44
2020-10-12,a2,83.69
2020-10-13,a2,83.81
2020-10-14,a2,83.95
2020-10-15,a2,84.22
2020-10-16,a2,84.37
2020-10-17,a2,84.39
2020-10-18,a2,84.47
2020-10-19,a2,84.54
2020-10-20,a2,84.6
2020-10-21,a2,84.67
2020-10-22,a2,84.51
2020-10-23,a2,84.5
2020-10-24,a2,84.53
2020-10-25,a2,84.47
2020-10-26,a2,84.45
2020-10-27,a2,84.47
2020-10-28,a2,84.48
2020-10-29,a2,84.77
2020-10-30,a2,84.81
2020-10-31,a2,84.89
2020-11-01,a2,85.07
2020-11-02,a2,85.27
2020-11-03,a2,85.08
2020-11-04,a2,84.68
2020-11-05,a2,84.36
2020-11-06,a2,84.04
2020-11-07,a2,83.61
2020-11-08,a2,83.03
2020-11-09,a2,82.46
2020-11-10,a2,82.27
2020-11-11,a2,82.27
2020-11-12,a2,81.93
2020-11-13,a2,81.63
2020-11-14,a2,81.21
2020-11-15,a2,81
2020-11-16,a2,80.71
2020-11-17,a2,80.56
2020-11-18,a2,80.54
2020-11-19,a2,80.35
2020-11-20,a2,80.37
2020-11-21,a2,80.38
2020-11-22,a2,80.41
2020-11-23,a2,80.5
2020-11-24,a2,80.42
2020-11-25,a2,80.3
2020-11-26,a2,80.47
2020-11-27,a2,80.58
2020-11-28,a2,80.76
2020-11-29,a2,80.87
2020-11-30,a2,80.92
2020-12-01,a2,81.07
2020-12-02,a2,81.12
2020-12-03,a2,81.2
2020-12-04,a2,81.27
2020-12-05,a2,81.51
2020-12-06,a2,81.67
2020-12-07,a2,81.95
2020-12-08,a2,82.07
2020-12-09,a2,82.18
2020-12-10,a2,82.36
2020-12-11,a2,82.77
2020-12-12,a2,82.99
2020-12-13,a2,83.21
2020-12-14,a2,83.5
2020-12-15,a2,83.85
2020-12-16,a2,84.24
2020-12-17,a2,84.28
2020-12-18,a2,84.32
2020-12-19,a2,84.43
2020-12-20,a2,84.72
2020-12-21,a2,84.9
2020-12-22,a2,84.89
2020-12-23,a2,84.94
2020-12-24,a2,85.32
2020-12-25,a2,85.63
2020-12-26,a2,85.71
2020-12-27,a2,85.79
2020-12-28,a2,86.03
2020-12-29,a2,86.37
2020-12-30,a2,86.63
2020-12-31,a2,86.93
2021-01-01,a2,87.15
2021-01-02,a2,87.45
2021-01-03,a2,87.57
2021-01-04,a2,87.47
2021-01-05,a2,87.57
2021-01-06,a2,87.81
2021-01-07,a2,87.89
2021-01-08,a2,87.89
2021-01-09,a2,88.21
2021-01-10,a2,88.48
2021-01-11,a2,88.73
2021-01-12,a2,89.03
2021-01-13,a2,89.19
2021-01-14,a2,89.46
2021-01-15,a2,89.65
2021-01-16,a2,89.77
2021-01-17,a2,89.88
2021-01-18,a2,89.89
2021-01-19,a2,89.82
2021-01-20,a2,89.78
2021-01-21,a2,89.66
2021-01-22,a2,89.76
2021-01-23,a2,89.78
2021-01-24,a2,89.83
2021-01-25,a2,89.98
2021-01-26,a2,90.03
2021-01-27,a2,89.92
2021-01-28,a2,89.98
2021-01-29,a2,89.63
2021-01-30,a2,89.45
2021-01-31,a2,89.31
2021-02-01,a2,89.33
2021-02-02,a2,89.31
2021-02-03,a2,89.35
2021-02-04,a2,89.27
2021-02-05,a2,89.21
2021-02-06,a2,89
2021-02-07,a2,88.72
2021-02-08,a2,88.4
2021-02-09,a2,88.01
2021-02-10,a2,87.62
2021-02-11,a2,87.17
2021-02-12,a2,87.1
2021-02-13,a2,87.09
2021-02-14,a2,87.05
2021-02-15,a2,87.04
2021-02-16,a2,87.06
2021-02-17,a2,87.08
2021-02-18,a2,87.28
2021-02-19,a2,87.31
2021-02-20,a2,87.23
2021-02-21,a2,87.22
2021-02-22,a2,87.09
2021-02-23,a2,87.1
2021-02-24,a2,87.41
2021-02-25,a2,87.63
2021-02-26,a2,88
2021-02-27,a2,88.33
2021-02-28,a2,88.72
2021-03-01,a2,89.07
2021-03-02,a2,89.53
2021-03-03,a2,89.72
2021-03-04,a2,89.91
2021-03-05,a2,90.06
2021-03-06,a2,90.25
2021-03-07,a2,90.39
2021-03-08,a2,90.59
2021-03-09,a2,90.4
2021-03-10,a2,90.45
2021-03-11,a2,91.07
2021-03-12,a2,90.9
2021-03-13,a2,91.11
2021-03-14,a2,91.16
2021-03-15,a2,90.98
2021-03-16,a2,91.62
2021-03-17,a2,91.96
2021-03-18,a2,91.95
2021-03-19,a2,92.61
2021-03-20,a2,93.17
2021-03-21,a2,93.81
2021-03-22,a2,94.64
2021-03-23,a2,94.82
2021-03-24,a2,95.15
2021-03-25,a2,95.33
2021-03-26,a2,95.66
2021-03-27,a2,95.9
2021-03-28,a2,96.08
2021-03-29,a2,96.22
2021-03-30,a2,96.41
2021-03-31,a2,96.73
2021-04-01,a2,97.02
2021-04-02,a2,97.14
2021-04-03,a2,97.1
2021-04-04,a2,97.31
2021-04-05,a2,97.7
2021-04-06,a2,98.08
2021-04-07,a2,98.03
2021-04-08,a2,97.99
2021-04-09,a2,97.99
2021-04-10,a2,97.96
2021-04-11,a2,97.55
2021-04-12,a2,97.25
2021-04-13,a2,97.16
2021-04-14,a2,97.25
2021-04-15,a2,97.51
2021-04-16,a2,97.78
2021-04-17,a2,97.87
2021-04-18,a2,98.17
2021-04-19,a2,98.48
2021-04-20,a2,98.73
2021-04-21,a2,99.15
2021-04-22,a2,99.46
2021-04-23,a2,99.73
2021-04-24,a2,100.22
2021-04-25,a2,100.89
2021-04-26,a2,101.22
2021-04-27,a2,101.48
2021-04-28,a2,101.77
2021-04-29,a2,101.89
2021-04-30,a2,102.12
2021-05-01,a2,102.48
2021-05-02,a2,102.89
2021-05-03,a2,103.36
2021-05-04,a2,103.85
2021-05-05,a2,104.26
2021-05-06,a2,104.71
2021-05-07,a2,105.35
2021-05-08,a2,105.8
2021-05-09,a2,106.18
2021-05-10,a2,106.58
2021-05-11,a2,107.05
2021-05-12,a2,107.69
2021-05-13,a2,108.59
2021-05-14,a2,108.67
2021-05-15,a2,108.5
2021-05-16,a2,108.44
2021-05-17,a2,108.48
2021-05-18,a2,108.63
2021-05-19,a2,108.55
2021-05-20,a2,108.31
2021-05-21,a2,108.72
2021-05-22,a2,109.29
2021-05-23,a2,109.8
2021-05-24,a2,110.3
2021-05-25,a2,110.31
2021-05-26,a2,110.62
2021-05-27,a2,110.86
2021-05-28,a2,111.14
2021-05-29,a2,111.51
2021-05-30,a2,111.83
2021-05-31,a2,112.27
2021-06-01,a2,112.93
2021-06-02,a2,113.32
2021-06-03,a2,113.81
2021-06-04,a2,114.39
2021-06-05,a2,115.09
2021-06-06,a2,115.79
2021-06-07,a2,116.3
2021-06-08,a2,116.95
2021-06-09,a2,117.65
2021-06-10,a2,118.3
2021-06-11,a2,118.83
2021-06-12,a2,119.13
2021-06-13,a2,119.47
2021-06-14,a2,119.87
2021-06-15,a2,120.4
2021-06-16,a2,120.86
2021-06-17,a2,121.37
2021-06-18,a2,121.53
2021-06-19,a2,121.87
2021-06-20,a2,122.17
2021-06-21,a2,122.43
2021-06-22,a2,122.45
2021-06-23,a2,122.44
2021-06-24,a2,122.35
2021-06-25,a2,122.5
2021-06-26,a2,122.7
2021-06-27,a2,122.61
2021-06-28,a2,122.67
2021-06-29,a2,122.74
2021-06-30,a2,122.77
2021-07-01,a2,122.8
2021-07-02,a2,122.77
2021-07-03,a2,122.44
2021-07-04,a2,122.57
2021-07-05,a2,122.56
2021-07-06,a2,122.58
2021-07-07,a2,122.62
2021-07-08,a2,122.7
2021-07-09,a2,122.64
2021-07-10,a2,122.96
2021-07-11,a2,122.77
2021-07-12,a2,122.59
2021-07-13,a2,122.37
2021-07-14,a2,122.38
2021-07-15,a2,122.26
2021-07-16,a2,122.47
2021-07-17,a2,122.84
2021-07-18,a2,123.24
2021-07-19,a2,123.76
2021-07-20,a2,124.2
2021-07-21,a2,124.32
2021-07-22,a2,124.65
2021-07-23,a2,124.73
2021-07-24,a2,124.77
2021-07-25,a2,124.91
2021-07-26,a2,124.99
2021-07-27,a2,125.12
2021-07-28,a2,125.41
2021-07-29,a2,125.59
2021-07-30,a2,125.8
2021-07-31,a2,125.89
2021-08-01,a2,126
2021-08-02,a2,126.05
2021-08-03,a2,126.05
2021-08-04,a2,126.03
2021-08-05,a2,125.82
2021-08-06,a2,125.76
2021-08-07,a2,125.82
2021-08-08,a2,125.7
2021-08-09,a2,125.26
2021-08-10,a2,125.26
2021-08-11,a2,125.28
2021-08-12,a2,125.54
2021-08-13,a2,125.9
2021-08-14,a2,126.14
2021-08-15,a2,126.46
2021-08-16,a2,127.28
2021-08-17,a2,127.64
2021-08-18,a2,128.01
2021-08-19,a2,128.4
2021-08-20,a2,128.66
2021-08-21,a2,128.96
2021-08-22,a2,129.22
2021-08-23,a2,129.28
2021-08-24,a2,129.55
2021-08-25,a2,129.83
2021-08-26,a2,130.16
2021-08-27,a2,130.47
2021-08-28,a2,130.87
2021-08-29,a2,131.26
2021-08-30,a2,131.67
2021-08-31,a2,131.94
2021-09-01,a2,132.26
2021-09-02,a2,132.49
2021-09-03,a2,132.76
2021-09-04,a2,133.03
2021-09-05,a2,133.46
2021-09-06,a2,133.84
2021-09-07,a2,134.36
2021-09-08,a2,134.81
2021-09-09,a2,135.12
2021-09-10,a2,135.41
2021-09-11,a2,135.73
2021-09-12,a2,135.98
2021-09-13,a2,136.28
2021-09-14,a2,136.39
2021-09-15,a2,136.54
2021-09-16,a2,136.68
2021-09-17,a2,136.86
2021-09-18,a2,136.97
2021-09-19,a2,137.16
2021-09-20,a2,137.31
2021-09-21,a2,137.54
2021-09-22,a2,137.64
2021-09-23,a2,137.98
2021-09-24,a2,138.08
2021-09-25,a2,138.3
2021-09-26,a2,138.47
2021-09-27,a2,138.49
2021-09-28,a2,138.54
2021-09-29,a2,138.51
2021-09-30,a2,138.42
2021-10-01,a2,138.46
2021-10-02,a2,138.36
2021-10-03,a2,138.14
2021-10-04,a2,138.15
2021-10-05,a2,138.16
2021-10-06,a2,138.34
2021-10-07,a2,138.51
2021-10-08,a2,138.67
2021-10-09,a2,138.78
2021-10-10,a2,139.29
2021-10-11,a2,139.63
2021-10-12,a2,139.9
2021-10-13,a2,140.19
2021-10-14,a2,140.42
2021-10-15,a2,140.75
2021-10-16,a2,141.08
2021-10-17,a2,141.17
2021-10-18,a2,141.25
2021-10-19,a2,141.54
2021-10-20,a2,141.9
2021-10-21,a2,142.31
2021-10-22,a2,142.5
2021-10-23,a2,142.94
2021-10-24,a2,143.15
2021-10-25,a2,143.5
2021-10-26,a2,143.69
2021-10-27,a2,143.71
2021-10-28,a2,143.74
2021-10-29,a2,143.97
2021-10-30,a2,144.08
2021-10-31,a2,144.27
2021-11-01,a2,144.55
2021-11-02,a2,144.7
2021-11-03,a2,144.94
2021-11-04,a2,145.22
2021-11-05,a2,145.46
2021-11-06,a2,145.58
2021-11-07,a2,145.82
2021-11-08,a2,145.83
2021-11-09,a2,146.02
2021-11-10,a2,146.1
2021-11-11,a2,146.22
2021-11-12,a2,146.2
2021-11-13,a2,146.04
2021-11-14,a2,145.99
2021-11-15,a2,146
2021-11-16,a2,146.04
2021-11-17,a2,146.19
2021-11-18,a2,146.26
2021-11-19,a2,146.64
2021-11-20,a2,147
2021-11-21,a2,147.33
2021-11-22,a2,147.67
2021-11-23,a2,147.98
2021-11-24,a2,148.13
2021-11-25,a2,148.33
2021-11-26,a2,148.39
2021-11-27,a2,148.49
2021-11-28,a2,148.43
2021-11-29,a2,148.67
2021-11-30,a2,148.84
2021-12-01,a2,149.17
2021-12-02,a2,149.33
2021-12-03,a2,149.63
2021-12-04,a2,149.98
2021-12-05,a2,150.26
2021-12-06,a2,150.31
2021-12-07,a2,150.34
2021-12-08,a2,150.29
2021-12-09,a2,150.09
2021-12-10,a2,149.7
2021-12-11,a2,149.43
2021-12-12,a2,149.25
2021-12-13,a2,149.11
2021-12-14,a2,149
2021-12-15,a2,148.87
2021-12-16,a2,148.96
2021-12-17,a2,149
2021-12-18,a2,149.15
2021-12-19,a2,149.35
2021-12-20,a2,149.55
2021-12-21,a2,149.77
2021-12-22,a2,150
2021-12-23,a2,150.34
2021-12-24,a2,150.85
2021-12-25,a2,151.07
2021-12-26,a2,151.3
2021-12-27,a2,151.66
2021-12-28,a2,151.86
2021-12-29,a2,152.12
2021-12-30,a2,152.09
2021-12-31,a2,152
2022-01-01,a2,152.05
2022-01-02,a2,152.03
2022-01-03,a2,151.59
2022-01-04,a2,151.53
2022-01-05,a2,151.38
2022-01-06,a2,151.22
2022-01-07,a2,151.29
2022-01-08,a2,151.37
2022-01-09,a2,151.28
2022-01-10,a2,151.36
2022-01-11,a2,151.26
2022-01-12,a2,151.22
2022-01-13,a2,151.38
2022-01-14,a2,151.31
2022-01-15,a2,151.21
2022-01-16,a2,151.27
2022-01-17,a2,151.33
2022-01-18,a2,151.38
2022-01-19,a2,151.46
2022-01-20,a2,151.6
2022-01-21,a2,151.7
2022-01-22,a2,151.8
2022-01-23,a2,151.98
2022-01-24,a2,152.17
2022-01-25,a2,152.65
2022-01-26,a2,153.12
2022-01-27,a2,153.64
2022-01-28,a2,154.35
2022-01-29,a2,155.07
2022-01-30,a2,155.9
2022-01-31,a2,156.86
2022-02-01,a2,157.06
2022-02-02,a2,157.27
2022-02-03,a2,157.37
2022-02-04,a2,157.34
2022-02-05,a2,157.72
2022-02-06,a2,158.01
2022-02-07,a2,158.17
2022-02-08,a2,158.61
2022-02-09,a2,159.09
2022-02-10,a2,159.59
2022-02-11,a2,160.06
2022-02-12,a2,160.14
2022-02-13,a2,160.16
2022-02-14,a2,160.12
2022-02-15,a2,160.02
2022-02-16,a2,159.95
2022-02-17,a2,160.05
2022-02-18,a2,160.05
2022-02-19,a2,160.15
2022-02-20,a2,160.32
2022-02-21,a2,160.58
2022-02-22,a2,160.91
2022-02-23,a2,161.25
2022-02-24,a2,161.55
2022-02-25,a2,162.08
2022-02-26,a2,162.53
2022-02-27,a2,162.77
2022-02-28,a2,162.99
2022-03-01,a2,163.52
2022-03-02,a2,163.94
2022-03-03,a2,164.37
2022-03-04,a2,164.66
2022-03-05,a2,164.55
2022-03-06,a2,164.51
2022-03-07,a2,164.47
2022-03-08,a2,164.23
2022-03-09,a2,163.89
2022-03-10,a2,163.51
2022-03-11,a2,163.09
2022-03-12,a2,163.15
2022-03-13,a2,163.3
2022-03-14,a2,163.36
2022-03-15,a2,163.6
2022-03-16,a2,164.11
2022-03-17,a2,164.49
2022-03-18,a2,165.05
2022-03-19,a2,165.47
2022-03-20,a2,165.95
2022-03-21,a2,166.52
2022-03-22,a2,167.02
2022-03-23,a2,167.74
2022-03-24,a2,168.63
2022-03-25,a2,169.53
2022-03-26,a2,170.5
2022-03-27,a2,171.14
2022-03-28,a2,171.73
2022-03-29,a2,172.41
2022-03-30,a2,172.52
2022-03-31,a2,172.61
2022-04-01,a2,172.63
2022-04-02,a2,172.84
2022-04-03,a2,173.2
2022-04-04,a2,173.57
2022-04-05,a2,173.58
2022-04-06,a2,173.81
2022-04-07,a2,173.7
2022-04-08,a2,173.68
2022-04-09,a2,173.47
2022-04-10,a2,173.42
2022-04-11,a2,173.13
2022-04-12,a2,173.25
2022-04-13,a2,173.46
2022-04-14,a2,173.79
2022-04-15,a2,174.01
2022-04-16,a2,174.22
2022-04-17,a2,174.29
2022-04-18,a2,174.67
2022-04-19,a2,174.74
2022-04-20,a2,174.63
2022-04-21,a2,174.49
2022-04-22,a2,174.24
2022-04-23,a2,174.03
2022-04-24,a2,173.95
2022-04-25,a2,173.76
2022-04-26,a2,173.64
2022-04-27,a2,173.8
2022-04-28,a2,173.96
2022-04-29,a2,174.09
2022-04-30,a2,174.13
2022-05-01,a2,174.21
2022-05-02,a2,174.32
2022-05-03,a2,174.57
2022-05-04,a2,174.69
2022-05-05,a2,174.98
2022-05-06,a2,175.23
2022-05-07,a2,175.43
2022-05-08,a2,175.53
2022-05-09,a2,175.7
2022-05-10,a2,175.66
2022-05-11,a2,175.58
2022-05-12,a2,175.51
2022-05-13,a2,175.6
2022-05-14,a2,175.94
2022-05-15,a2,176.4
2022-05-16,a2,176.92
2022-05-17,a2,177.59
2022-05-18,a2,178.24
2022-05-19,a2,178.62
2022-05-20,a2,179.01
2022-05-21,a2,179.34
2022-05-22,a2,179.57
2022-05-23,a2,179.91
2022-05-24,a2,180.02
2022-05-25,a2,179.95
2022-05-26,a2,180.28
2022-05-27,a2,180.43
2022-05-28,a2,180.05
2022-05-29,a2,179.84
2022-05-30,a2,179.19
2022-05-31,a2,178.95
2022-06-01,a2,178.78
2022-06-02,a2,178.44
2022-06-03,a2,178.29
2022-06-04,a2,178.41
2022-06-05,a2,178.39
2022-06-06,a2,178.66
2022-06-07,a2,178.36
2022-06-08,a2,178.15
2022-06-09,a2,177.74
2022-06-10,a2,177.61
2022-06-11,a2,177.39
2022-06-12,a2,177.03
2022-06-13,a2,176.73
2022-06-14,a2,176.85
2022-06-15,a2,176.95
2022-06-16,a2,177.23
2022-06-17,a2,177.23
2022-06-18,a2,177.27
2022-06-19,a2,177.43
2022-06-20,a2,177.2
2022-06-21,a2,176.91
2022-06-22,a2,176.82
2022-06-23,a2,176.63
2022-06-24,a2,176.33
2022-06-25,a2,176.07
2022-06-26,a2,175.87
2022-06-27,a2,176.09
2022-06-28,a2,176.28
2022-06-29,a2,176.29
2022-06-30,a2,176.49
2022-07-01,a2,176.83
2022-07-02,a2,177.43
2022-07-03,a2,177.92
2022-07-04,a2,178.23
2022-07-05,a2,178.44
2022-07-06,a2,178.66
2022-07-07,a2,178.9
2022-07-08,a2,179.03
2022-07-09,a2,179.15
2022-07-10,a2,179.69
2022-07-11,a2,180.4
2022-07-12,a2,181.25
2022-07-13,a2,181.91
2022-07-14,a2,182.44
2022-07-15,a2,182.68
2022-07-16,a2,182.61
2022-07-17,a2,182.17
2022-07-18,a2,181.47
2022-07-19,a2,180.75
2022-07-20,a2,180.27
2022-07-21,a2,179.81
2022-07-22,a2,179.62
2022-07-23,a2,179.63
2022-07-24,a2,179.8
2022-07-25,a2,179.93
2022-07-26,a2,180.23
2022-07-27,a2,180.45
2022-07-28,a2,180.63
2022-07-29,a2,180.76
2022-07-30,a2,180.87
2022-07-31,a2,180.86
2022-08-01,a2,181.11
2022-08-02,a2,181.16
2022-08-03,a2,181.16
2022-08-04,a2,181.15
2022-08-05,a2,181.42
2022-08-06,a2,181.75
2022-08-07,a2,181.94
2022-08-08,a2,182.14
2022-08-09,a2,182.39
2022-08-10,a2,182.63
2022-08-11,a2,182.85
2022-08-12,a2,182.85
2022-08-13,a2,182.58
2022-08-14,a2,182.59
2022-08-15,a2,182.6
2022-08-16,a2,182.44
2022-08-17,a2,182.41
2022-08-18,a2,182.49
2022-08-19,a2,182.54
2022-08-20,a2,182.94
2022-08-21,a2,183.12
2022-08-22,a2,183.2
2022-08-23,a2,183.41
2022-08-24,a2,183.58
2022-08-25,a2,183.63
2022-08-26,a2,183.79
2022-08-27,a2,183.77
2022-08-28,a2,183.73
2022-08-29,a2,183.58
2022-08-30,a2,183.45
2022-08-31,a2,183.32
2022-09-01,a2,183.27
2022-09-02,a2,183.03
2022-09-03,a2,183.07
2022-09-04,a2,183.02
2022-09-05,a2,182.98
2022-09-06,a2,183.03
2022-09-07,a2,182.88
2022-09-08,a2,182.79
2022-09-09,a2,182.64
2022-09-10,a2,182.39
2022-09-11,a2,182.39
2022-09-12,a2,182.47
2022-09-13,a2,182.4
2022-09-14,a2,182.5
2022-09-15,a2,182.42
2022-09-16,a2,182.55
2022-09-17,a2,182.59
2022-09-18,a2,182.48
2022-09-19,a2,182.23
2022-09-20,a2,181.91
2022-09-21,a2,181.65
2022-09-22,a2,181.61
2022-09-23,a2,181.51
2022-09-24,a2,181.49
2022-09-25,a2,181.51
2022-09-26,a2,181.69
2022-09-27,a2,182.22
2022-09-28,a2,182.62
2022-09-29,a2,182.96
2022-09-30,a2,183.36
2022-10-01,a2,183.6
2022-10-02,a2,183.86
2022-10-03,a2,184.23
2022-10-04,a2,184.33
2022-10-05,a2,184.68
2022-10-06,a2,184.93
2022-10-07,a2,185.07
2022-10-08,a2,185.31
2022-10-09,a2,185.4
2022-10-10,a2,185.41
2022-10-11,a2,185.58
2022-10-12,a2,185.6
2022-10-13,a2,185.64
2022-10-14,a2,185.71
2022-10-15,a2,185.93
2022-10-16,a2,186.22
2022-10-17,a2,186.21
2022-10-18,a2,186.2
2022-10-19,a2,186.35
2022-10-20,a2,186.46
2022-10-21,a2,186.58
2022-10-22,a2,186.58
2022-10-23,a2,186.73
2022-10-24,a2,187.02
2022-10-25,a2,187.08
2022-10-26,a2,186.95
2022-10-27,a2,187.09
2022-10-28,a2,187.21
2022-10-29,a2,187.47
2022-10-30,a2,187.68
2022-10-31,a2,188.13
2022-11-01,a2,188.72
2022-11-02,a2,189.09
2022-11-03,a2,189.09
2022-11-04,a2,189.15
2022-11-05,a2,189.09
2022-11-06,a2,188.99
2022-11-07,a2,188.68
2022-11-08,a2,188.57
2022-11-09,a2,188.72
2022-11-10,a2,188.9
2022-11-11,a2,189.53
2022-11-12,a2,189.88
2022-11-13,a2,190.27
2022-11-14,a2,190.57
2022-11-15,a2,190.86
2022-11-16,a2,190.89
2022-11-17,a2,190.9
2022-11-18,a2,190.35
2022-11-19,a2,190.19
2022-11-20,a2,190.03
2022-11-21,a2,189.88
2022-11-22,a2,189.75
2022-11-23,a2,189.82
2022-11-24,a2,189.82
2022-11-25,a2,189.78
2022-11-26,a2,189.84
2022-11-27,a2,189.91
2022-11-28,a2,190.1
2022-11-29,a2,190.1
2022-11-30,a2,190.09
2022-12-01,a2,190.08
2022-12-02,a2,190.16
2022-12-03,a2,189.97
2022-12-04,a2,189.8
2022-12-05,a2,189.69
2022-12-06,a2,189.66
2022-12-07,a2,189.65
2022-12-08,a2,189.63
2022-12-09,a2,190.06
2022-12-10,a2,190.53
2022-12-11,a2,190.92
2022-12-12,a2,191.23
2022-12-13,a2,191.51
2022-12-14,a2,191.84
2022-12-15,a2,192.22
2022-12-16,a2,192.08
2022-12-17,a2,192.07
2022-12-18,a2,192.16
2022-12-19,a2,192.23
2022-12-20,a2,192.23
2022-12-21,a2,192.22
2022-12-22,a2,192.29
2022-12-23,a2,192.35
2022-12-24,a2,192.3
2022-12-25,a2,192.29
2022-12-26,a2,192.37
2022-12-27,a2,192.46
2022-12-28,a2,192.5
2022-12-29,a2,192.44
2022-12-30,a2,192.52
2022-12-31,a2,192.63
2023-01-01,a2,192.64
2023-01-02,a2,192.61
2023-01-03,a2,192.5
2023-01-04,a2,192.4
2023-01-05,a2,192.49
2023-01-06,a2,192.5
2023-01-07,a2,192.67
2023-01-08,a2,192.69
2023-01-09,a2,192.57
2023-01-10,a2,192.36
2023-01-11,a2,192.2
2023-01-12,a2,192.11
2023-01-13,a2,192.11
2023-01-14,a2,191.86
2023-01-15,a2,191.65
2023-01-16,a2,191.48
2023-01-17,a2,191.41
2023-01-18,a2,191.94
2023-01-19,a2,192.08
2023-01-20,a2,192.1
2023-01-21,a2,192.43
2023-01-22,a2,192.79
2023-01-23,a2,193.14
2023-01-24,a2,193.57
2023-01-25,a2,193.45
2023-01-26,a2,193.4
2023-01-27,a2,193.35
2023-01-28,a2,193.08
2023-01-29,a2,192.74
2023-01-30,a2,192.1
2023-01-31,a2,191.66
2023-02-01,a2,191.48
2023-02-02,a2,191.47
2023-02-03,a2,191.34
2023-02-04,a2,191.16
2023-02-05,a2,190.98
2023-02-06,a2,191.16
2023-02-07,a2,191.25
2023-02-08,a2,190.43
2023-02-09,a2,189.95
2023-02-10,a2,189.67
2023-02-11,a2,189.4
2023-02-12,a2,189.16
2023-02-13,a2,188.96
2023-02-14,a2,188.63
2023-02-15,a2,188.85
2023-02-16,a2,188.84
2023-02-17,a2,188.92
2023-02-18,a2,188.97
2023-02-19,a2,189.15
2023-02-20,a2,189.29
2023-02-21,a2,189.42
2023-02-22,a2,189.7
2023-02-23,a2,190.08
2023-02-24,a2,189.73
2023-02-25,a2,189.4
2023-02-26,a2,188.86
2023-02-27,a2,188.21
2023-02-28,a2,187.73
2023-03-01,a2,187.13
2023-03-02,a2,186.44
2023-03-03,a2,186.38
2023-03-04,a2,186.4
2023-03-05,a2,186.75
2023-03-06,a2,187.11
2023-03-07,a2,187.27
2023-03-08,a2,187.63
2023-03-09,a2,188.2
2023-03-10,a2,189.92
2023-03-11,a2,191.99
2023-03-12,a2,193.92
2023-03-13,a2,196.11
2023-03-14,a2,198.61
2023-03-15,a2,201.13
2023-03-16,a2,203.61
2023-03-17,a2,205.48
2023-03-18,a2,207.38
2023-03-19,a2,209.21
2023-03-20,a2,211.01
2023-03-21,a2,212.37
2023-03-22,a2,210.15
2023-03-23,a2,208.24
2023-03-24,a2,205.99
2023-03-25,a2,204.08
2023-03-26,a2,202.31
2023-03-27,a2,200.54
2023-03-28,a2,197.52
2023-03-29,a2,197.85
2023-03-30,a2,197.48
2023-03-31,a2,197
2023-04-01,a2,195.83
2023-04-02,a2,194.7
2023-04-03,a2,193.31
2023-04-04,a2,193.48
2023-04-05,a2,193.81
2023-04-06,a2,194.35
2023-04-07,a2,194.96
2023-04-08,a2,195.58
2023-04-09,a2,196.02
2023-04-10,a2,196.83
2023-04-11,a2,196.89
2023-04-12,a2,196.79
2023-04-13,a2,196.84
2023-04-14,a2,196.64
2023-04-15,a2,196.37
2023-04-16,a2,196.35
2023-04-17,a2,195.72
2023-04-18,a2,195.81
2023-04-19,a2,196.13
2023-04-20,a2,196.2
2023-04-21,a2,196.42
2023-04-22,a2,196.75
2023-04-23,a2,196.77
2023-04-24,a2,197.22
2023-04-25,a2,197.73
2023-04-26,a2,197.96
2023-04-27,a2,198.25
2023-04-28,a2,198.71
2023-04-29,a2,198.85
2023-04-30,a2,198.78
2023-05-01,a2,198.9
2023-05-02,a2,198.39
2023-05-03,a2,197.85
2023-05-04,a2,197.47
2023-05-05,a2,196.82
2023-05-06,a2,196.02
2023-05-07,a2,195.47
2023-05-08,a2,194.69
2023-05-09,a2,193.82
2023-05-10,a2,192.91
2023-05-11,a2,192.11
2023-05-12,a2,191.26
2023-05-13,a2,191.02
2023-05-14,a2,190.8
2023-05-15,a2,190.26
2023-05-16,a2,190.46
2023-05-17,a2,190.98
2023-05-18,a2,191.36
2023-05-19,a2,191.52
2023-05-20,a2,190.87
2023-05-21,a2,190.62
2023-05-22,a2,190.5
2023-05-23,a2,190.08
2023-05-24,a2,189.37
2023-05-25,a2,188.26
2023-05-26,a2,187.97
2023-05-27,a2,188.22
2023-05-28,a2,188.07
2023-05-29,a2,188.19
2023-05-30,a2,187.99
2023-05-31,a2,188.11
2023-06-01,a2,188.37
2023-06-02,a2,188.21
2023-06-03,a2,188.17
2023-06-04,a2,188.28
2023-06-05,a2,188.42
2023-06-06,a2,188.86
2023-06-07,a2,188.97
2023-06-08,a2,189.38
2023-06-09,a2,189.41
2023-06-10,a2,189.33
2023-06-11,a2,189.25
2023-06-12,a2,188.93
2023-06-13,a2,188.86
2023-06-14,a2,188.96
2023-06-15,a2,188.76
2023-06-16,a2,188.85
2023-06-17,a2,188.86
2023-06-18,a2,188.81
2023-06-19,a2,188.88
2023-06-20,a2,188.59
2023-06-21,a2,188.15
2023-06-22,a2,188.06
2023-06-23,a2,187.91
2023-06-24,a2,187.93
2023-06-25,a2,187.82
2023-06-26,a2,187.64
2023-06-27,a2,187.75
2023-06-28,a2,187.84
2023-06-29,a2,187.82
2023-06-30,a2,187.77
2023-07-01,a2,187.43
2023-07-02,a2,187.23
2023-07-03,a2,187.11
2023-07-04,a2,186.94
2023-07-05,a2,186.95
2023-07-06,a2,186.75
2023-07-07,a2,186.89
2023-07-08,a2,187.06
2023-07-09,a2,187.14
2023-07-10,a2,187.17
2023-07-11,a2,187.05
2023-07-12,a2,186.94
2023-07-13,a2,186.85
2023-07-14,a2,186.82
2023-07-15,a2,186.76
2023-07-16,a2,186.88
2023-07-17,a2,187.07
2023-07-18,a2,187.07
2023-07-19,a2,187.11
2023-07-20,a2,187.15
2023-07-21,a2,186.84
2023-07-22,a2,186.59
2023-07-23,a2,186.46
2023-07-24,a2,186.23
2023-07-25,a2,186.48
2023-07-26,a2,186.69
2023-07-27,a2,187.03
2023-07-28,a2,187.47
2023-07-29,a2,188.2
2023-07-30,a2,188.75
2023-07-31,a2,189.32
2023-08-01,a2,189.82
2023-08-02,a2,190.01
2023-08-03,a2,190.14
2023-08-04,a2,190.29
2023-08-05,a2,190.31
2023-08-06,a2,190.43
2023-08-07,a2,190.64
2023-08-08,a2,190.83
2023-08-09,a2,191.32
2023-08-10,a2,191.56
2023-08-11,a2,191.49
2023-08-12,a2,191.31
2023-08-13,a2,191.1
2023-08-14,a2,191.02
2023-08-15,a2,191.03
2023-08-16,a2,190.75
2023-08-17,a2,190.86
2023-08-18,a2,191.19
2023-08-19,a2,191.59
2023-08-20,a2,191.87
2023-08-21,a2,192.07
2023-08-22,a2,192.12
2023-08-23,a2,192.51
2023-08-24,a2,192.55
2023-08-25,a2,192.71
2023-08-26,a2,192.83
2023-08-27,a2,192.94
2023-08-28,a2,192.76
2023-08-29,a2,192.77
2023-08-30,a2,192.63
2023-08-31,a2,192.79
2023-09-01,a2,192.57
2023-09-02,a2,192.6
2023-09-03,a2,192.6
2023-09-04,a2,192.71
2023-09-05,a2,192.62
2023-09-06,a2,192.47
2023-09-07,a2,192.17
2023-09-08,a2,192.09
2023-09-09,a2,191.77
2023-09-10,a2,191.48
2023-09-11,a2,191.25
2023-09-12,a2,190.89
2023-09-13,a2,190.52
2023-09-14,a2,190.06
2023-09-15,a2,189.61
2023-09-16,a2,189.2
2023-09-17,a2,188.68
2023-09-18,a2,188.3
2023-09-19,a2,188.07
2023-09-20,a2,187.81
2023-09-21,a2,187.58
2023-09-22,a2,187.3
2023-09-23,a2,186.97
2023-09-24,a2,186.72
2023-09-25,a2,186.35
2023-09-26,a2,186
2023-09-27,a2,185.55
2023-09-28,a2,185.14
2023-09-29,a2,184.69
2023-09-30,a2,184.27
2023-10-01,a2,183.85
2023-10-02,a2,183.43
2023-10-03,a2,183.03
2023-10-04,a2,182.95
2023-10-05,a2,182.76
2023-10-06,a2,182.5
2023-10-07,a2,182.38
2023-10-08,a2,182.18
2023-10-09,a2,181.68
2023-10-10,a2,181.23
2023-10-11,a2,180.67
2023-10-12,a2,180.23
2023-10-13,a2,179.93
2023-10-14,a2,179.47
2023-10-15,a2,179.14
2023-10-16,a2,179
2023-10-17,a2,178.57
2023-10-18,a2,178.15
2023-10-19,a2,177.62
2023-10-20,a2,177.2
2023-10-21,a2,176.61
2023-10-22,a2,176.17
2023-10-23,a2,175.69
2023-10-24,a2,175.58
2023-10-25,a2,175.36
2023-10-26,a2,175.23
2023-10-27,a2,174.86
2023-10-28,a2,174.66
2023-10-29,a2,174.12
2023-10-30,a2,173.99
2023-10-31,a2,173.46
2023-11-01,a2,173.37
2023-11-02,a2,173.08
2023-11-03,a2,172.94
2023-11-04,a2,172.68
2023-11-05,a2,172.49
2023-11-06,a2,172.11
2023-11-07,a2,171.99
2023-11-08,a2,171.42
2023-11-09,a2,171.06
2023-11-10,a2,170.69
2023-11-11,a2,170.57
2023-11-12,a2,170.44
2023-11-13,a2,170.32
2023-11-14,a2,170.08
2023-11-15,a2,170.05
2023-11-16,a2,170.1
2023-11-17,a2,170
2023-11-18,a2,169.88
2023-11-19,a2,169.91
2023-11-20,a2,169.86
2023-11-21,a2,169.94
2023-11-22,a2,169.84
2023-11-23,a2,169.79
2023-11-24,a2,169.76
2023-11-25,a2,169.38
2023-11-26,a2,168.87
2023-11-27,a2,168.49
2023-11-28,a2,168.32
2023-11-29,a2,168.03
2023-11-30,a2,167.86
2023-12-01,a2,167.7
2023-12-02,a2,167.81
2023-12-03,a2,167.98
2023-12-04,a2,168.06
2023-12-05,a2,167.89
2023-12-06,a2,167.97
2023-12-07,a2,167.94
2023-12-08,a2,168.22
2023-12-09,a2,168.51
2023-12-10,a2,168.81
2023-12-11,a2,169.1
2023-12-12,a2,169.4
2023-12-13,a2,169.73
2023-12-14,a2,170.11
2023-12-15,a2,170.15
2023-12-16,a2,170.25
2023-12-17,a2,170.32
2023-12-18,a2,170.3
2023-12-19,a2,170.21
2023-12-20,a2,170.18
2023-12-21,a2,170.09
2023-12-22,a2,169.86
2023-12-23,a2,169.55
2023-12-24,a2,169.37
2023-12-25,a2,169.62
2023-12-26,a2,169.6
2023-12-27,a2,169.46
2023-12-28,a2,169.35
2023-12-29,a2,169.37
2023-12-30,a2,169.27
2023-12-31,a2,169.19
2024-01-01,a2,168.76
2024-01-02,a2,168.44
2024-01-03,a2,168.07
2024-01-04,a2,167.72
2024-01-05,a2,167.72
2024-01-06,a2,167.86
2024-01-07,a2,167.83
2024-01-08,a2,167.64
2024-01-09,a2,167.7
2024-01-10,a2,168.03
2024-01-11,a2,168.27
2024-01-12,a2,168.16
2024-01-13,a2,168.14
2024-01-14,a2,168.09
2024-01-15,a2,168.22
2024-01-16,a2,168.28
2024-01-17,a2,168.42
2024-01-18,a2,168.51
2024-01-19,a2,168.69
2024-01-20,a2,169
2024-01-21,a2,169.32
2024-01-22,a2,169.43
2024-01-23,a2,169.48
2024-01-24,a2,169.25
2024-01-25,a2,169.19
2024-01-26,a2,169.15
2024-01-27,a2,169.06
2024-01-28,a2,169.02
2024-01-29,a2,169.01
2024-01-30,a2,169.04
2024-01-31,a2,168.78
2024-02-01,a2,168.52
2024-02-02,a2,168.41
2024-02-03,a2,168.17
2024-02-04,a2,167.91
2024-02-05,a2,167.61
2024-02-06,a2,167.46
2024-02-07,a2,167.64
2024-02-08,a2,167.75
2024-02-09,a2,167.81
2024-02-10,a2,167.98
2024-02-11,a2,168.11
2024-02-12,a2,168.48
2024-02-13,a2,168.54
2024-02-14,a2,168.75
2024-02-15,a2,169.3
2024-02-16,a2,169.6
2024-02-17,a2,169.7
2024-02-18,a2,169.93
2024-02-19,a2,170.02
2024-02-20,a2,170.38
2024-02-21,a2,170.57
2024-02-22,a2,170.36
2024-02-23,a2,170.35
2024-02-24,a2,170.53
2024-02-25,a2,170.56
2024-02-26,a2,170.85
2024-02-27,a2,170.77
2024-02-28,a2,170.56
2024-02-29,a2,170.41
2024-03-01,a2,170.17
2024-03-02,a2,169.77
2024-03-03,a2,169.35
2024-03-04,a2,168.79
2024-03-05,a2,168.44
2024-03-06,a2,168.33
2024-03-07,a2,168.25
2024-03-08,a2,168.16
2024-03-09,a2,168.1
2024-03-10,a2,168.17
2024-03-11,a2,168.2
2024-03-12,a2,168.18
2024-03-13,a2,168.02
2024-03-14,a2,167.6
2024-03-15,a2,167.12
2024-03-16,a2,166.59
2024-03-17,a2,166.21
2024-03-18,a2,166
2024-03-19,a2,165.84
2024-03-20,a2,165.76
2024-03-21,a2,165.91
2024-03-22,a2,166.21
2024-03-23,a2,166.58
2024-03-24,a2,166.73
2024-03-25,a2,166.99
2024-03-26,a2,167.16
2024-03-27,a2,167.24
2024-03-28,a2,167.16
2024-03-29,a2,167.07
2024-03-30,a2,166.9
2024-03-31,a2,166.71
2024-04-01,a2,166.49
2024-04-02,a2,166.3
2024-04-03,a2,166.14
2024-04-04,a2,166.16
2024-04-05,a2,166.03
2024-04-06,a2,166.11
2024-04-07,a2,166.2
2024-04-08,a2,166.11
2024-04-09,a2,166.14
2024-04-10,a2,166.4
2024-04-11,a2,166.66
2024-04-12,a2,167.17
2024-04-13,a2,167.48
2024-04-14,a2,167.87
2024-04-15,a2,168.37
2024-04-16,a2,168.92
2024-04-17,a2,169.05
2024-04-18,a2,169.09
2024-04-19,a2,169.36
2024-04-20,a2,169.58
2024-04-21,a2,169.81
2024-04-22,a2,169.99
2024-04-23,a2,170.08
2024-04-24,a2,170.4
2024-04-25,a2,170.71
2024-04-26,a2,170.69
2024-04-27,a2,170.69
2024-04-28,a2,170.66
2024-04-29,a2,170.46
2024-04-30,a2,170.01
2024-05-01,a2,169.74
2024-05-02,a2,169
2024-05-03,a2,168.32
2024-05-04,a2,167.7
2024-05-05,a2,167.05
2024-05-06,a2,166.42
2024-05-07,a2,166.01
2024-05-08,a2,165.45
2024-05-09,a2,165.14
2024-05-10,a2,164.57
2024-05-11,a2,163.97
2024-05-12,a2,163.36
2024-05-13,a2,162.69
2024-05-14,a2,162.05
2024-05-15,a2,161.3
2024-05-16,a2,160.92
2024-05-17,a2,160.6
2024-05-18,a2,160.2
2024-05-19,a2,159.73
2024-05-20,a2,159.42
2024-05-21,a2,158.85
2024-05-22,a2,158.35
2024-05-23,a2,157.84
2024-05-24,a2,157.52
2024-05-25,a2,157.39
2024-05-26,a2,157.33
2024-05-27,a2,157.18
2024-05-28,a2,157.36
2024-05-29,a2,157.67
2024-05-30,a2,157.68
2024-05-31,a2,157.84
2024-06-01,a2,157.94
2024-06-02,a2,158.05
2024-06-03,a2,158.22
2024-06-04,a2,158.46
2024-06-05,a2,158.54
2024-06-06,a2,158.73
2024-06-07,a2,158.51
2024-06-08,a2,158.51
2024-06-09,a2,158.45
2024-06-10,a2,158.51
2024-06-11,a2,158.5
2024-06-12,a2,158.37
2024-06-13,a2,158.38
2024-06-14,a2,158.41
2024-06-15,a2,158.03
2024-06-16,a2,157.63
2024-06-17,a2,156.93
2024-06-18,a2,156.36
2024-06-19,a2,155.8
2024-06-20,a2,155.12
2024-06-21,a2,154.81
2024-06-22,a2,154.69
2024-06-23,a2,154.61
2024-06-24,a2,154.82
2024-06-25,a2,154.8
2024-06-26,a2,154.85
2024-06-27,a2,154.7
2024-06-28,a2,154.31
2024-06-29,a2,154.04
2024-06-30,a2,153.79
2024-07-01,a2,153.32
2024-07-02,a2,152.77
2024-07-03,a2,152.18
2024-07-04,a2,151.81
2024-07-05,a2,151.65
2024-07-06,a2,151.34
2024-07-07,a2,151.03
2024-07-08,a2,150.91
2024-07-09,a2,150.82
2024-07-10,a2,150.8
2024-07-11,a2,150.69
2024-07-12,a2,150.51
2024-07-13,a2,150.48
2024-07-14,a2,150.61
2024-07-15,a2,150.79
2024-07-16,a2,150.97
2024-07-17,a2,151.2
2024-07-18,a2,151.3
2024-07-19,a2,151.27
2024-07-20,a2,151.14
2024-07-21,a2,150.96
2024-07-22,a2,150.58
2024-07-23,a2,150.37
2024-07-24,a2,150.11
2024-07-25,a2,149.89
2024-07-26,a2,149.79
2024-07-27,a2,149.62
2024-07-28,a2,149.44
2024-07-29,a2,149.34
2024-07-30,a2,149.27
2024-07-31,a2,149.32
2024-08-01,a2,149.38
2024-08-02,a2,149.28
2024-08-03,a2,149.33
2024-08-04,a2,149.43
2024-08-05,a2,149.39
2024-08-06,a2,149.3
2024-08-07,a2,149.2
2024-08-08,a2,149.27
2024-08-09,a2,149.47
2024-08-10,a2,149.47
2024-08-11,a2,149.38
2024-08-12,a2,149.37
2024-08-13,a2,149.55
2024-08-14,a2,149.58
2024-08-15,a2,149.61
2024-08-16,a2,149.63
2024-08-17,a2,149.64
2024-08-18,a2,149.62
2024-08-19,a2,149.74
2024-08-20,a2,149.44
2024-08-21,a2,149.18
2024-08-22,a2,148.96
2024-08-23,a2,148.75
2024-08-24,a2,148.59
2024-08-25,a2,148.47
2024-08-26,a2,148.21
2024-08-27,a2,148.15
2024-08-28,a2,148.23
2024-08-29,a2,148.17
2024-08-30,a2,148.12
2024-08-31,a2,148.21
2024-09-01,a2,148.22
2024-09-02,a2,148.17
2024-09-03,a2,147.97
2024-09-04,a2,147.76
2024-09-05,a2,147.69
2024-09-06,a2,147.64
2024-09-07,a2,147.41
2024-09-08,a2,147.31
2024-09-09,a2,147.17
2024-09-10,a2,147.19
2024-09-11,a2,146.82
2024-09-12,a2,146.42
2024-09-13,a2,146.06
2024-09-14,a2,145.8
2024-09-15,a2,145.48
2024-09-16,a2,145.37
2024-09-17,a2,145.17
2024-09-18,a2,145.27
2024-09-19,a2,145.25
2024-09-20,a2,145.15
2024-09-21,a2,145.02
2024-09-22,a2,144.76
2024-09-23,a2,144.39
2024-09-24,a2,144.1
2024-09-25,a2,143.75
2024-09-26,a2,143.39
2024-09-27,a2,142.87
2024-09-28,a2,142.28
2024-09-29,a2,141.81
2024-09-30,a2,141.37
2024-10-01,a2,140.77
2024-10-02,a2,140.01
2024-10-03,a2,139.42
2024-10-04,a2,139
2024-10-05,a2,138.51
2024-10-06,a2,138.02
2024-10-07,a2,137.58
2024-10-08,a2,137.23
2024-10-09,a2,136.99
2024-10-10,a2,136.84
2024-10-11,a2,136.69
2024-10-12,a2,136.64
2024-10-13,a2,136.64
2024-10-14,a2,136.64
2024-10-15,a2,136.69
2024-10-16,a2,136.59
2024-10-17,a2,136.29
2024-10-18,a2,136.03
2024-10-19,a2,135.92
2024-10-20,a2,135.76
2024-10-21,a2,135.46
2024-10-22,a2,135.17
2024-10-23,a2,135.11
2024-10-24,a2,135.06
2024-10-25,a2,135.05
2024-10-26,a2,134.96
2024-10-27,a2,134.97
2024-10-28,a2,135
2024-10-29,a2,135.06
2024-10-30,a2,135.2
2024-10-31,a2,135.35
2024-11-01,a2,135.61
2024-11-02,a2,135.64
2024-11-03,a2,135.69
2024-11-04,a2,135.79
2024-11-05,a2,135.95
2024-11-06,a2,136.08
2024-11-07,a2,136.15
2024-11-08,a2,135.75
2024-11-09,a2,135.68
2024-11-10,a2,135.35
2024-11-11,a2,135.4
2024-11-12,a2,135.02
2024-11-13,a2,134.65
2024-11-14,a2,134.33
2024-11-15,a2,134.48
2024-11-16,a2,134.48
2024-11-17,a2,134.65
2024-11-18,a2,134.45
2024-11-19,a2,134.72
2024-11-20,a2,134.88
2024-11-21,a2,135.05
2024-11-22,a2,135.33
2024-11-23,a2,135.62
2024-11-24,a2,135.85
2024-11-25,a2,136.18
2024-11-26,a2,136.38
2024-11-27,a2,136.54
2024-11-28,a2,136.64
2024-11-29,a2,136.59
2024-11-30,a2,136.62
2024-12-01,a2,136.62
2024-12-02,a2,136.64
2024-12-03,a2,136.64
2024-12-04,a2,136.74
2024-12-05,a2,136.92
2024-12-06,a2,137.02
2024-12-07,a2,137.1
2024-12-08,a2,137.14
2024-12-09,a2,137.02
2024-12-10,a2,137.03
2024-12-11,a2,136.93
2024-12-12,a2,136.79
2024-12-13,a2,136.76
2024-12-14,a2,136.76
2024-12-15,a2,136.85
2024-12-16,a2,137.09
2024-12-17,a2,137.26
2024-12-18,a2,137.5
2024-12-19,a2,137.75
2024-12-20,a2,137.9
2024-12-21,a2,137.98
2024-12-22,a2,138.05
2024-12-23,a2,138.05
2024-12-24,a2,138.02
2024-12-25,a2,138.13
2024-12-26,a2,138.07
2024-12-27,a2,138.02
2024-12-28,a2,137.9
2024-12-29,a2,137.82
2024-12-30,a2,137.81
2024-12-31,a2,137.82
2025-01-01,a2,137.85
2025-01-02,a2,137.88
2025-01-03,a2,137.8
2025-01-04,a2,137.8
2025-01-05,a2,137.81
2025-01-06,a2,137.66
2025-01-07,a2,137.47
2025-01-08,a2,137.17
2025-01-09,a2,137.23
2025-01-10,a2,137.36
2025-01-11,a2,137.5
2025-01-12,a2,137.67
2025-01-13,a2,137.73
2025-01-14,a2,137.91
2025-01-15,a2,138.07
2025-01-16,a2,138.27
2025-01-17,a2,138.21
2025-01-18,a2,138.03
2025-01-19,a2,137.86
2025-01-20,a2,137.93
2025-01-21,a2,138
2025-01-22,a2,138.1
2025-01-23,a2,137.98
2025-01-24,a2,138.16
2025-01-25,a2,138.41
2025-01-26,a2,138.63
2025-01-27,a2,138.71
2025-01-28,a2,139.8
2025-01-29,a2,139.74
2025-01-30,a2,139.84
2025-01-31,a2,139.81
2025-02-01,a2,139.92
2025-02-02,a2,139.94
2025-02-03,a2,140.02
2025-02-04,a2,139.03
2025-02-05,a2,139.23
2025-02-06,a2,139.21
2025-02-07,a2,139.17
2025-02-08,a2,139.14
2025-02-09,a2,139.15
2025-02-10,a2,138.99
2025-02-11,a2,138.85
2025-02-12,a2,138.59
2025-02-13,a2,138.45
2025-02-14,a2,138.38
2025-02-15,a2,138.1
2025-02-16,a2,137.81
2025-02-17,a2,137.71
2025-02-18,a2,137.53
2025-02-19,a2,137.39
2025-02-20,a2,137.09
2025-02-21,a2,136.75
2025-02-22,a2,136.57
2025-02-23,a2,136.35
2025-02-24,a2,136.17
2025-02-25,a2,136.15
2025-02-26,a2,136.19
2025-02-27,a2,136.56
2025-02-28,a2,136.93
2025-03-01,a2,137.24
2025-03-02,a2,137.61
2025-03-03,a2,137.82
2025-03-04,a2,137.87
2025-03-05,a2,136.47
2025-03-06,a2,136.31
2025-03-07,a2,136.15
2025-03-08,a2,136.14
2025-03-09,a2,136.07
2025-03-10,a2,136.16
2025-03-11,a2,136.44
2025-03-12,a2,138.06
2025-03-13,a2,137.93
2025-03-14,a2,137.85
2025-03-15,a2,137.54
2025-03-16,a2,137.44
2025-03-17,a2,137.31
2025-03-18,a2,137.17
2025-03-19,a2,137.28
2025-03-20,a2,137.67
2025-03-21,a2,138.04
2025-03-22,a2,138.45
2025-03-23,a2,138.77
2025-03-24,a2,139.08
2025-03-25,a2,139.23
2025-03-26,a2,139.1
2025-03-27,a2,139.04
2025-03-28,a2,138.85
2025-03-29,a2,138.79
2025-03-30,a2,138.61
2025-03-31,a2,138.29
2025-04-01,a2,138.02
2025-04-02,a2,137.85
2025-04-03,a2,137.67
2025-04-04,a2,137.55
2025-04-05,a2,137.5
2025-04-06,a2,137.53
2025-04-07,a2,137.64
2025-04-08,a2,137.67
2025-04-09,a2,137.69
2025-04-10,a2,137.69
2025-04-11,a2,137.5
2025-04-12,a2,137.15
2025-04-13,a2,136.83
2025-04-14,a2,136.62
2025-04-15,a2,136.49
2025-04-16,a2,136.33
2025-04-17,a2,135.98
2025-04-18,a2,135.92
2025-04-19,a2,135.92
2025-04-20,a2,135.86
2025-04-21,a2,135.87
2025-04-22,a2,135.72
2025-04-23,a2,135.49
2025-04-24,a2,135.47
2025-04-25,a2,135.46
2025-04-26,a2,135.43
2025-04-27,a2,135.44
2025-04-28,a2,135.29
2025-04-29,a2,135.22
2025-04-30,a2,135.27
2025-05-01,a2,135.46
2025-05-02,a2,135.56
2025-05-03,a2,135.57
2025-05-04,a2,135.54
2025-05-05,a2,135.6
2025-05-06,a2,135.61
2025-05-07,a2,135.56
2025-05-08,a2,135.51
2025-05-09,a2,135.33
2025-05-10,a2,135.15
2025-05-11,a2,134.99
2025-05-12,a2,134.83
2025-05-13,a2,134.71
2025-05-14,a2,134.71
2025-05-15,a2,134.34
2025-05-16,a2,134.25
2025-05-17,a2,134.35
2025-05-18,a2,134.47
2025-05-19,a2,134.5
2025-05-20,a2,134.45
2025-05-21,a2,134.41
2025-05-22,a2,134.46
2025-05-23,a2,134.38
2025-05-24,a2,134.06
2025-05-25,a2,133.65
2025-05-26,a2,133.43
2025-05-27,a2,133.29
2025-05-28,a2,133.17
2025-05-29,a2,133.2
2025-05-30,a2,133.1
2025-05-31,a2,132.82
2025-06-01,a2,132.65
2025-06-02,a2,132.38
2025-06-03,a2,132.12
2025-06-04,a2,131.84
2025-06-05,a2,131.41
2025-06-06,a2,131.17
2025-06-07,a2,131.27
2025-06-08,a2,131.35
2025-06-09,a2,131.47
2025-06-10,a2,131.27
2025-06-11,a2,131.02
2025-06-12,a2,130.88
2025-06-13,a2,130.82
2025-06-14,a2,130.75
2025-06-15,a2,130.69
2025-06-16,a2,130.57
2025-06-17,a2,130.73
2025-06-18,a2,130.86
2025-06-19,a2,130.88
2025-06-20,a2,130.79
2025-06-21,a2,130.43
2025-06-22,a2,130.13
2025-06-23,a2,129.83
2025-06-24,a2,129.63
2025-06-25,a2,129.51
2025-06-26,a2,129.49
2025-06-27,a2,129.36
2025-06-28,a2,129.36
2025-06-29,a2,129.37
2025-06-30,a2,129.32
2025-07-01,a2,129.22
2025-07-02,a2,129.21
2025-07-03,a2,129.25
2025-07-04,a2,129.39
2025-07-05,a2,129.58
2025-07-06,a2,129.7
2025-07-07,a2,129.95
2025-07-08,a2,130.03
2025-07-09,a2,129.86
2025-07-10,a2,129.64
2025-07-11,a2,129.36
2025-07-12,a2,129.12
2025-07-13,a2,128.82
2025-07-14,a2,128.72
2025-07-15,a2,128.5
2025-07-16,a2,128.43
2025-07-17,a2,128.47
2025-07-18,a2,128.56
2025-07-19,a2,128.64
2025-07-20,a2,128.89
2025-07-21,a2,128.82
2025-07-22,a2,129.13
2025-07-23,a2,129.43
2025-07-24,a2,129.52
2025-07-25,a2,129.75
2025-07-26,a2,129.87
2025-07-27,a2,129.97
2025-07-28,a2,130.17
2025-07-29,a2,130.23
2025-07-30,a2,130.18
2025-07-31,a2,130.27
2025-08-01,a2,130.06
2025-08-02,a2,129.98
2025-08-03,a2,129.81
2025-08-04,a2,129.73
2025-08-05,a2,129.65
2025-08-06,a2,129.64
2025-08-07,a2,129.58
2025-08-08,a2,129.66
2025-08-09,a2,129.57
2025-08-10,a2,129.45
2025-08-11,a2,129.21
2025-08-12,a2,129.02
2025-08-13,a2,128.83
2025-08-14,a2,128.69
2025-08-15,a2,128.81
2025-08-16,a2,128.85
2025-08-17,a2,128.96
2025-08-18,a2,129.07
2025-08-19,a2,129.19
2025-08-20,a2,129.54
2025-08-21,a2,129.77
2025-08-22,a2,129.75
2025-08-23,a2,129.85
2025-08-24,a2,129.85
2025-08-25,a2,129.98
2025-08-26,a2,130.04
2025-08-27,a2,129.95
2025-08-28,a2,129.94
2025-08-29,a2,129.84
2025-08-30,a2,129.87
2025-08-31,a2,129.82
2025-09-01,a2,129.66
2025-09-02,a2,129.53
2025-09-03,a2,129.28
2025-09-04,a2,129.16
2025-09-05,a2,129.13
2025-09-06,a2,129.07
2025-09-07,a2,129.05
2025-09-08,a2,128.99
2025-09-09,a2,128.94
2025-09-10,a2,128.83
2025-09-11,a2,128.69
2025-09-12,a2,128.58
2025-09-13,a2,128.49
2025-09-14,a2,128.42
2025-09-15,a2,128.28
2025-09-16,a2,128.32
2025-09-17,a2,128.35
2025-09-18,a2,128.39
2025-09-19,a2,128.33
2025-09-20,a2,128.36
2025-09-21,a2,128.37
2025-09-22,a2,128.39
2025-09-23,a2,128.27
2025-09-24,a2,128.11
2025-09-25,a2,127.98
2025-09-26,a2,127.88
2025-09-27,a2,127.5
2025-09-28,a2,127.1
2025-09-29,a2,126.8
2025-09-30,a2,126.55
2025-10-01,a2,126.42
2025-10-02,a2,126.22
2025-10-03,a2,125.94
2025-10-04,a2,125.86
2025-10-05,a2,125.79
2025-10-06,a2,125.71
2025-10-07,a2,125.56
2025-10-08,a2,125.44
2025-10-09,a2,125.15
2025-10-10,a2,125.27
2025-10-11,a2,125.2
2025-10-12,a2,125.19
2025-10-13,a2,125.14
2025-10-14,a2,125.06
2025-10-15,a2,124.95
2025-10-16,a2,125.05
2025-10-17,a2,124.79
2025-10-18,a2,124.59
2025-10-19,a2,124.44
2025-10-20,a2,124.27
2025-10-21,a2,123.95
2025-10-22,a2,123.82
2025-10-23,a2,123.63
2025-10-24,a2,123.4
2025-10-25,a2,123.35
2025-10-26,a2,123.25
2025-10-27,a2,123.43
2025-10-28,a2,123.67
2025-10-29,a2,123.69
2025-10-30,a2,123.77
2025-10-31,a2,123.81
2025-11-01,a2,123.42
2025-11-02,a2,123.45
2025-11-03,a2,123.35
2025-11-04,a2,123.44
2025-11-05,a2,123.53
2025-11-06,a2,123.71
2025-11-07,a2,123.92
2025-11-08,a2,124.48
2025-11-09,a2,124.65
2025-11-10,a2,124.78
2025-11-11,a2,124.94
2025-11-12,a2,124.89
2025-11-13,a2,124.88
2025-11-14,a2,124.88
2025-11-15,a2,124.91
2025-11-16,a2,124.86
2025-11-17,a2,124.88
2025-11-18,a2,124.81
2025-11-19,a2,124.47
2025-11-20,a2,124.21
2025-11-21,a2,123.93
2025-11-22,a2,123.74
2025-11-23,a2,123.5
2025-11-24,a2,123.18
2025-11-25,a2,123.02
2025-11-26,a2,123.34
2025-11-27,a2,123.39
2025-11-28,a2,123.57
2025-11-29,a2,123.66
2025-11-30,a2,123.7
2025-12-01,a2,123.6
2025-12-02,a2,123.46
2025-12-03,a2,123.23
2025-12-04,a2,123.04
2025-12-05,a2,122.81
2025-12-06,a2,122.57
2025-12-07,a2,122.33
2025-12-08,a2,122.17
2025-12-09,a2,121.93
2025-12-10,a2,121.69
2025-12-11,a2,121.47
2025-12-12,a2,121.14
2025-12-13,a2,121
2025-12-14,a2,120.96
2025-12-15,a2,120.95
2025-12-16,a2,121.05
2025-12-17,a2,121.14
2025-12-18,a2,121.21
2025-12-19,a2,121.31
2025-12-20,a2,121.1
2025-12-21,a2,120.9
2025-12-22,a2,120.79
2025-12-23,a2,120.56
2025-12-24,a2,120.44
2025-12-25,a2,120.29
2025-12-26,a2,120.08
2025-12-27,a2,119.94
2025-12-28,a2,119.84
2025-12-29,a2,119.8
2025-12-30,a2,119.73
2025-12-31,a2,119.68
2026-01-01,a2,119.24
2026-01-02,a2,118.88
2026-01-03,a2,118.39
2026-01-04,a2,117.72
2026-01-05,a2,117.06
2026-01-06,a2,116.67
2026-01-07,a2,116.51
2026-01-08,a2,116.87
2026-01-09,a2,117.42
2026-01-10,a2,118.09
2026-01-11,a2,118.81
2026-01-12,a2,119.29
2026-01-13,a2,119.73
2026-01-14,a2,120.08
2026-01-15,a2,120.59
2026-01-16,a2,121.04
2026-01-17,a2,121.68
2026-01-18,a2,122.22
2026-01-19,a2,122.78
2026-01-20,a2,123.44
2026-01-21,a2,124.1
2026-01-22,a2,124.93
2026-01-23,a2,125.7
2026-01-24,a2,126.32
2026-01-25,a2,126.9
2026-01-26,a2,127.4
2026-01-27,a2,127.72
2026-01-28,a2,127.95
2026-01-29,a2,127.77
2026-01-30,a2,127.71
2026-01-31,a2,127.51
2026-02-01,a2,127.39
2026-02-02,a2,127.14
2026-02-03,a2,127.15
2026-02-04,a2,127.12
2026-02-05,a2,127.28
2026-02-06,a2,127.35
2026-02-07,a2,127.47
2026-02-08,a2,127.58
2026-02-09,a2,127.91
2026-02-10,a2,128.01
2026-02-11,a2,128.31
2026-02-12,a2,128.6
2026-02-13,a2,128.95
2026-02-14,a2,129.38
2026-02-15,a2,129.92
2026-02-16,a2,130.45
2026-02-17,a2,130.98
2026-02-18,a2,131.37
2026-02-19,a2,131.67
2026-02-20,a2,131.86
2026-02-21,a2,131.9
2026-02-22,a2,131.83
2026-02-23,a2,131.71
2026-02-24,a2,131.58
2026-02-25,a2,131.34
2026-02-26,a2,131.13
2026-02-27,a2,131.07
2026-02-28,a2,131.01
2026-03-01,a2,131
2026-03-02,a2,131.05
2026-03-03,a2,131.11
2026-03-04,a2,131.15
2026-03-05,a2,131.19
2026-03-06,a2,130.93
2026-03-07,a2,130.77
2026-03-08,a2,130.44
2026-03-09,a2,130.12
2026-03-10,a2,129.76
2026-03-11,a2,129.08
2026-03-12,a2,128.17
2026-03-13,a2,127.35
2026-03-14,a2,126.34
2026-03-15,a2,125.49
2026-03-16,a2,124.6
2026-03-17,a2,123.61
2026-03-18,a2,123.19
2026-03-19,a2,122.72
2026-03-20,a2,122.23
2026-03-21,a2,121.82
2026-03-22,a2,121.3
2026-03-23,a2,120.83
2026-03-24,a2,120.49
2026-03-25,a2,120.1
2026-03-26,a2,119.79
2026-03-27,a2,119.51
2026-03-28,a2,119.29
2026-03-29,a2,119.19
2026-03-30,a2,119.07
2026-03-31,a2,118.94
2026-04-01,a2,118.54
2026-04-02,a2,118.4
2026-04-03,a2,118.19
2026-04-04,a2,118.08
2026-04-05,a2,117.92
2026-04-06,a2,117.84
2026-04-07,a2,117.51
2026-04-08,a2,117.42
2026-04-09,a2,117.24
2026-04-10,a2,117.16
2026-04-11,a2,116.93
2026-04-12,a2,116.83
2026-04-13,a2,116.74
2026-04-14,a2,116.88
2026-04-15,a2,116.87
2026-04-16,a2,117.03
2026-04-17,a2,116.95
2026-04-18,a2,116.98
2026-04-19,a2,117.2
2026-04-20,a2,117.33
2026-04-21,a2,117.49
2026-04-22,a2,117.86
2026-04-23,a2,117.85
2026-04-24,a2,118.05
2026-04-25,a2,118.19
2026-04-26,a2,118.06
2026-04-27,a2,117.98
2026-04-28,a2,117.82
2026-04-29,a2,117.46
2026-04-30,a2,117.06
2026-05-01,a2,116.68
2026-05-02,a2,115.96
2026-05-03,a2,115.24
2026-05-04,a2,114.38
2026-05-05,a2,113.97
2026-05-06,a2,113.66
2026-05-07,a2,113.48
2026-05-08,a2,113.41
2026-05-09,a2,113.51
2026-05-10,a2,113.63
2026-05-11,a2,113.94
2026-05-12,a2,114.01
2026-05-13,a2,114.13
2026-05-14,a2,114.3
2026-05-15,a2,114.12
2026-05-16,a2,114.08
2026-05-17,a2,114.21
2026-05-18,a2,114.22
2026-05-19,a2,114.04
2026-05-20,a2,113.74
2026-05-21,a2,113.56
2026-05-22,a2,113.51
2026-05-23,a2,113.51
2026-05-24,a2,113.3
2026-05-25,a2,112.95
2026-05-26,a2,112.3
2026-05-27,a2,111.75
2026-05-28,a2,111.06
2026-05-29,a2,110.39
2026-05-30,a2,110.04
2026-05-31,a2,109.95
2026-06-01,a2,109.61
2026-06-02,a2,109.72
2026-06-03,a2,109.78
2026-06-04,a2,109.77
2026-06-05,a2,109.95
2026-06-06,a2,110.16
2026-06-07,a2,110.24
2026-06-08,a2,110.54
2026-06-09,a2,110.72
2026-06-10,a2,110.87
2026-06-11,a2,111.25
2026-06-12,a2,111.37
2026-06-13,a2,111.42
2026-06-14,a2,111.5
2026-06-15,a2,112.17
2026-06-16,a2,112.93
2026-06-17,a2,113.75
2026-06-18,a2,114.27
2026-06-19,a2,115.09
2026-06-20,a2,116.01
2026-06-21,a2,116.71
2026-06-22,a2,116.86
2026-06-23,a2,116.79
2026-06-24,a2,116.68
2026-06-25,a2,116.73
2026-06-26,a2,116.56
2026-06-27,a2,116.14
2026-06-28,a2,115.8
2026-06-29,a2,115.5
2026-06-30,a2,115.02
2026-07-01,a2,114.63
2026-07-02,a2,114.25
2026-07-03,a2,114.11
2026-07-04,a2,114.26
2026-07-05,a2,114.3
2026-07-06,a2,114.15
2026-07-07,a2,114.54
2026-07-08,a2,114.88
2026-07-09,a2,115.03
2026-07-10,a2,114.91
2026-07-11,a2,114.77
2026-07-12,a2,114.82
2026-07-13,a2,114.85
2026-07-14,a2,115.03
2026-07-15,a2,114.63
2026-07-16,a2,114.52
2026-07-17,a2,114.49
2026-07-18,a2,114.44
2026-07-19,a2,114.33
2026-07-20,a2,114.57
2026-07-21,a2,114.65
2026-07-22,a2,115.31
2026-07-23,a2,115.81
2026-07-24,a2,116.29
2026-07-25,a2,116.82
2026-07-26,a2,117.34
2026-07-27,a2,117.61
2026-07-28,a2,117.84
2026-07-29,a2,118.06
2026-07-30,a2,118.23
2026-07-31,a2,118.34
2026-08-01,a2,118.34
2026-08-02,a2,118.23
2026-08-03,a2,118.2
2026-08-04,a2,118.03
2026-08-05,a2,118.04
2026-08-06,a2,117.95
2026-08-07,a2,118.01
2026-08-08,a2,118.04
2026-08-09,a2,118.28
2026-08-10,a2,118.19
2026-08-11,a2,118.29
2026-08-12,a2,118.04
2026-08-13,a2,118.08
2026-08-14,a2,118.16
2026-08-15,a2,118.13
2026-08-16,a2,118.09
2026-08-17,a2,118.46
2026-08-18,a2,118.55
2026-08-19,a2,118.77
2026-08-20,a2,118.82
2026-08-21,a2,118.72
2026-08-22,a2,118.74
2026-08-23,a2,118.79
2026-08-24,a2,118.56
2026-08-25,a2,118.28
2026-08-26,a2,118.04
2026-08-27,a2,117.77
2026-08-28,a2,117.41
2026-08-29,a2,117.16
2026-08-30,a2,116.8
2026-08-31,a2,116.18
2026-09-01,a2,115.96
2026-09-02,a2,115.71
2026-09-03,a2,115.51
2026-09-04,a2,115.52
2026-09-05,a2,115.32
2026-09-06,a2,115.2
2026-09-07,a2,115.31
2026-09-08,a2,115.09
2026-09-09,a2,114.86
2026-09-10,a2,114.86
2026-09-11,a2,114.53
2026-09-12,a2,114.54
2026-09-13,a2,114.41
2026-09-14,a2,114.46
2026-09-15,a2,114.54
2026-09-16,a2,114.57
2026-09-17,a2,114.28
2026-09-18,a2,114.04
2020-02-01,a8,100
2020-02-02,a8,99.88
2020-02-03,a8,99.76
2020-02-04,a8,99.59
2020-02-05,a8,99.6
2020-02-06,a8,99.57
2020-02-07,a8,99.53
2020-02-08,a8,99.4
2020-02-09,a8,99.26
2020-02-10,a8,99.14
2020-02-11,a8,99.01
2020-02-12,a8,98.89
2020-02-13,a8,98.85
2020-02-14,a8,98.82
2020-02-15,a8,98.81
2020-02-16,a8,98.85
2020-02-17,a8,98.85
2020-02-18,a8,98.62
2020-02-19,a8,98.39
2020-02-20,a8,98.22
2020-02-21,a8,98.01
2020-02-22,a8,97.77
2020-02-23,a8,97.58
2020-02-24,a8,97.4
2020-02-25,a8,97.4
2020-02-26,a8,97.44
2020-02-27,a8,97.44
2020-02-28,a8,97.49
2020-02-29,a8,97.52
2020-03-01,a8,97.56
2020-03-02,a8,97.55
2020-03-03,a8,97.65
2020-03-04,a8,97.65
2020-03-05,a8,97.57
2020-03-06,a8,97.52
2020-03-07,a8,97.48
2020-03-08,a8,97.37
2020-03-09,a8,97.24
2020-03-10,a8,97.19
2020-03-11,a8,97.13
2020-03-12,a8,97.1
2020-03-13,a8,97.03
2020-03-14,a8,97.05
2020-03-15,a8,96.98
2020-03-16,a8,96.94
2020-03-17,a8,96.66
2020-03-18,a8,96.14
2020-03-19,a8,95.46
2020-03-20,a8,94.71
2020-03-21,a8,93.64
2020-03-22,a8,92.66
2020-03-23,a8,91.67
2020-03-24,a8,90.51
2020-03-25,a8,89.16
2020-03-26,a8,87.67
2020-03-27,a8,86.35
2020-03-28,a8,84.8
2020-03-29,a8,83.2
2020-03-30,a8,81.64
2020-03-31,a8,80.25
2020-04-01,a8,79.29
2020-04-02,a8,78.4
2020-04-03,a8,77.37
2020-04-04,a8,76.71
2020-04-05,a8,76.03
2020-04-06,a8,75.25
2020-04-07,a8,74.35
2020-04-08,a8,73.41
2020-04-09,a8,72.57
2020-04-10,a8,71.72
2020-04-11,a8,70.71
2020-04-12,a8,69.71
2020-04-13,a8,68.9
2020-04-14,a8,68.28
2020-04-15,a8,67.85
2020-04-16,a8,67.31
2020-04-17,a8,66.8
2020-04-18,a8,66.54
2020-04-19,a8,66.28
2020-04-20,a8,66.09
2020-04-21,a8,65.93
2020-04-22,a8,65.52
2020-04-23,a8,65.27
2020-04-24,a8,65.05
2020-04-25,a8,64.7
2020-04-26,a8,64.33
2020-04-27,a8,64.03
2020-04-28,a8,63.54
2020-04-29,a8,63.17
2020-04-30,a8,62.81
2020-05-01,a8,62.44
2020-05-02,a8,62.23
2020-05-03,a8,61.95
2020-05-04,a8,61.57
2020-05-05,a8,61.24
2020-05-06,a8,60.96
2020-05-07,a8,60.66
2020-05-08,a8,60.42
2020-05-09,a8,60.15
2020-05-10,a8,59.99
2020-05-11,a8,59.82
2020-05-12,a8,59.71
2020-05-13,a8,59.6
2020-05-14,a8,59.4
2020-05-15,a8,59.26
2020-05-16,a8,59
2020-05-17,a8,58.8
2020-05-18,a8,58.6
2020-05-19,a8,58.5
2020-05-20,a8,58.41
2020-05-21,a8,58.7
2020-05-22,a8,58.87
2020-05-23,a8,58.93
2020-05-24,a8,58.84
2020-05-25,a8,58.82
2020-05-26,a8,58.61
2020-05-27,a8,58.31
2020-05-28,a8,57.68
2020-05-29,a8,57.19
2020-05-30,a8,56.99
2020-05-31,a8,56.76
2020-06-01,a8,56.47
2020-06-02,a8,56.22
2020-06-03,a8,56.15
2020-06-04,a8,56.08
2020-06-05,a8,55.98
2020-06-06,a8,55.85
2020-06-07,a8,55.84
2020-06-08,a8,55.82
2020-06-09,a8,55.85
2020-06-10,a8,55.82
2020-06-11,a8,55.86
2020-06-12,a8,55.87
2020-06-13,a8,55.73
2020-06-14,a8,55.61
2020-06-15,a8,55.53
2020-06-16,a8,55.4
2020-06-17,a8,55.22
2020-06-18,a8,54.96
2020-06-19,a8,54.67
2020-06-20,a8,54.51
2020-06-21,a8,54.35
2020-06-22,a8,54.23
2020-06-23,a8,54.15
2020-06-24,a8,54.16
2020-06-25,a8,54.24
2020-06-26,a8,54.35
2020-06-27,a8,54.48
2020-06-28,a8,54.7
2020-06-29,a8,54.84
2020-06-30,a8,55.13
2020-07-01,a8,55.31
2020-07-02,a8,55.46
2020-07-03,a8,55.72
2020-07-04,a8,55.94
2020-07-05,a8,56.09
2020-07-06,a8,56.36
2020-07-07,a8,56.47
2020-07-08,a8,56.77
2020-07-09,a8,57.09
2020-07-10,a8,57.31
2020-07-11,a8,57.39
2020-07-12,a8,57.54
2020-07-13,a8,57.68
2020-07-14,a8,57.78
2020-07-15,a8,57.69
2020-07-16,a8,57.6
2020-07-17,a8,57.48
2020-07-18,a8,57.44
2020-07-19,a8,57.36
2020-07-20,a8,57.31
2020-07-21,a8,57.34
2020-07-22,a8,57.43
2020-07-23,a8,57.65
2020-07-24,a8,57.9
2020-07-25,a8,58.21
2020-07-26,a8,58.57
2020-07-27,a8,58.84
2020-07-28,a8,59.07
2020-07-29,a8,59.31
2020-07-30,a8,59.4
2020-07-31,a8,59.49
2020-08-01,a8,59.55
2020-08-02,a8,59.52
2020-08-03,a8,59.55
2020-08-04,a8,59.72
2020-08-05,a8,60.42
2020-08-06,a8,61.28
2020-08-07,a8,62.08
2020-08-08,a8,62.92
2020-08-09,a8,63.82
2020-08-10,a8,64.65
2020-08-11,a8,65.39
2020-08-12,a8,65.58
2020-08-13,a8,65.81
2020-08-14,a8,65.98
2020-08-15,a8,66.07
2020-08-16,a8,66.32
2020-08-17,a8,66.65
2020-08-18,a8,67.04
2020-08-19,a8,67.39
2020-08-20,a8,67.64
2020-08-21,a8,67.88
2020-08-22,a8,68.2
2020-08-23,a8,68.3
2020-08-24,a8,68.26
2020-08-25,a8,68.19
2020-08-26,a8,68.11
2020-08-27,a8,68.04
2020-08-28,a8,68
2020-08-29,a8,68.04
2020-08-30,a8,68.06
2020-08-31,a8,68.1
2020-09-01,a8,68.18
2020-09-02,a8,68.34
2020-09-03,a8,68.39
2020-09-04,a8,68.55
2020-09-05,a8,68.61
2020-09-06,a8,68.75
2020-09-07,a8,68.81
2020-09-08,a8,68.8
2020-09-09,a8,68.73
2020-09-10,a8,68.77
2020-09-11,a8,68.78
2020-09-12,a8,68.76
2020-09-13,a8,68.73
2020-09-14,a8,68.71
2020-09-15,a8,68.72
2020-09-16,a8,68.72
2020-09-17,a8,68.72
2020-09-18,a8,68.76
2020-09-19,a8,68.81
2020-09-20,a8,68.94
2020-09-21,a8,69.01
2020-09-22,a8,69.19
2020-09-23,a8,69.28
2020-09-24,a8,69.27
2020-09-25,a8,69.3
2020-09-26,a8,69.29
2020-09-27,a8,69.25
2020-09-28,a8,69.42
2020-09-29,a8,69.48
2020-09-30,a8,69.63
2020-10-01,a8,69.79
2020-10-02,a8,69.9
2020-10-03,a8,70.17
2020-10-04,a8,70.33
2020-10-05,a8,70.34
2020-10-06,a8,70.39
2020-10-07,a8,70.62
2020-10-08,a8,70.89
2020-10-09,a8,71.16
2020-10-10,a8,71.47
2020-10-11,a8,71.86
2020-10-12,a8,72.34
2020-10-13,a8,72.64
2020-10-14,a8,72.78
2020-10-15,a8,73.05
2020-10-16,a8,73.16
2020-10-17,a8,73.2
2020-10-18,a8,73.3
2020-10-19,a8,73.38
2020-10-20,a8,73.59
2020-10-21,a8,74.01
2020-10-22,a8,74.18
2020-10-23,a8,74.34
2020-10-24,a8,74.46
2020-10-25,a8,74.49
2020-10-26,a8,74.51
2020-10-27,a8,74.69
2020-10-28,a8,74.56
2020-10-29,a8,74.51
2020-10-30,a8,74.57
2020-10-31,a8,74.46
2020-11-01,a8,74.4
2020-11-02,a8,74.41
2020-11-03,a8,74.23
2020-11-04,a8,74.09
2020-11-05,a8,73.93
2020-11-06,a8,73.7
2020-11-07,a8,73.54
2020-11-08,a8,73.31
2020-11-09,a8,72.94
2020-11-10,a8,72.66
2020-11-11,a8,72.41
2020-11-12,a8,72.16
2020-11-13,a8,71.92
2020-11-14,a8,71.62
2020-11-15,a8,71.49
2020-11-16,a8,71.5
2020-11-17,a8,71.48
2020-11-18,a8,71.54
2020-11-19,a8,71.64
2020-11-20,a8,71.82
2020-11-21,a8,72.02
2020-11-22,a8,72.09
2020-11-23,a8,72.15
2020-11-24,a8,72.23
2020-11-25,a8,72.22
2020-11-26,a8,72.28
2020-11-27,a8,72.32
2020-11-28,a8,72.49
2020-11-29,a8,72.66
2020-11-30,a8,72.79
2020-12-01,a8,72.95
2020-12-02,a8,73.09
2020-12-03,a8,73.23
2020-12-04,a8,73.34
2020-12-05,a8,73.46
2020-12-06,a8,73.58
2020-12-07,a8,73.7
2020-12-08,a8,73.68
2020-12-09,a8,73.8
2020-12-10,a8,73.87
2020-12-11,a8,74.04
2020-12-12,a8,74.07
2020-12-13,a8,74.15
2020-12-14,a8,74.35
2020-12-15,a8,74.63
2020-12-16,a8,74.82
2020-12-17,a8,74.97
2020-12-18,a8,75.09
2020-12-19,a8,75.27
2020-12-20,a8,75.48
2020-12-21,a8,75.56
2020-12-22,a8,75.61
2020-12-23,a8,75.69
2020-12-24,a8,75.79
2020-12-25,a8,75.98
2020-12-26,a8,76.08
2020-12-27,a8,76.13
2020-12-28,a8,76.31
2020-12-29,a8,76.5
2020-12-30,a8,76.64
2020-12-31,a8,76.83
2021-01-01,a8,76.95
2021-01-02,a8,77.06
2021-01-03,a8,77.15
2021-01-04,a8,77.05
2021-01-05,a8,76.98
2021-01-06,a8,77.08
2021-01-07,a8,77.08
2021-01-08,a8,77.01
2021-01-09,a8,77.13
2021-01-10,a8,77.17
2021-01-11,a8,77.28
2021-01-12,a8,77.43
2021-01-13,a8,77.48
2021-01-14,a8,77.6
2021-01-15,a8,77.76
2021-01-16,a8,77.82
2021-01-17,a8,77.91
2021-01-18,a8,77.97
2021-01-19,a8,78.05
2021-01-20,a8,78.04
2021-01-21,a8,78.05
2021-01-22,a8,78.14
2021-01-23,a8,78.18
2021-01-24,a8,78.3
2021-01-25,a8,78.45
2021-01-26,a8,78.47
2021-01-27,a8,78.48
2021-01-28,a8,78.4
2021-01-29,a8,78.19
2021-01-30,a8,78.06
2021-01-31,a8,77.94
2021-02-01,a8,77.94
2021-02-02,a8,77.91
2021-02-03,a8,77.91
2021-02-04,a8,77.92
2021-02-05,a8,77.98
2021-02-06,a8,77.98
2021-02-07,a8,77.97
2021-02-08,a8,77.91
2021-02-09,a8,77.89
2021-02-10,a8,77.91
2021-02-11,a8,77.93
2021-02-12,a8,77.97
2021-02-13,a8,78.07
2021-02-14,a8,78.25
2021-02-15,a8,78.44
2021-02-16,a8,78.48
2021-02-17,a8,78.52
2021-02-18,a8,78.54
2021-02-19,a8,78.52
2021-02-20,a8,78.47
2021-02-21,a8,78.34
2021-02-22,a8,78.18
2021-02-23,a8,78.25
2021-02-24,a8,78.27
2021-02-25,a8,78.34
2021-02-26,a8,78.41
2021-02-27,a8,78.51
2021-02-28,a8,78.53
2021-03-01,a8,78.51
2021-03-02,a8,78.51
2021-03-03,a8,78.61
2021-03-04,a8,78.69
2021-03-05,a8,78.78
2021-03-06,a8,78.8
2021-03-07,a8,78.89
2021-03-08,a8,79
2021-03-09,a8,79.07
2021-03-10,a8,79.04
2021-03-11,a8,79.35
2021-03-12,a8,79.42
2021-03-13,a8,79.72
2021-03-14,a8,79.84
2021-03-15,a8,79.87
2021-03-16,a8,80.22
2021-03-17,a8,80.48
2021-03-18,a8,80.56
2021-03-19,a8,80.93
2021-03-20,a8,81.24
2021-03-21,a8,81.65
2021-03-22,a8,82.13
2021-03-23,a8,82.06
2021-03-24,a8,82.07
2021-03-25,a8,81.91
2021-03-26,a8,81.68
2021-03-27,a8,81.49
2021-03-28,a8,81.22
2021-03-29,a8,81.01
2021-03-30,a8,81.04
2021-03-31,a8,81.19
2021-04-01,a8,81.31
2021-04-02,a8,81.4
2021-04-03,a8,81.45
2021-04-04,a8,81.68
2021-04-05,a8,81.9
2021-04-06,a8,81.99
2021-04-07,a8,81.87
2021-04-08,a8,81.79
2021-04-09,a8,81.83
2021-04-10,a8,81.65
2021-04-11,a8,81.2
2021-04-12,a8,80.89
2021-04-13,a8,80.72
2021-04-14,a8,80.62
2021-04-15,a8,80.61
2021-04-16,a8,80.49
2021-04-17,a8,80.55
2021-04-18,a8,80.77
2021-04-19,a8,80.94
2021-04-20,a8,81.08
2021-04-21,a8,81.4
2021-04-22,a8,81.62
2021-04-23,a8,81.92
2021-04-24,a8,82.2
2021-04-25,a8,82.39
2021-04-26,a8,82.44
2021-04-27,a8,82.59
2021-04-28,a8,82.58
2021-04-29,a8,82.67
2021-04-30,a8,82.86
2021-05-01,a8,82.99
2021-05-02,a8,83.39
2021-05-03,a8,83.82
2021-05-04,a8,84.18
2021-05-05,a8,84.58
2021-05-06,a8,85.07
2021-05-07,a8,85.61
2021-05-08,a8,86.09
2021-05-09,a8,86.64
2021-05-10,a8,87.14
2021-05-11,a8,87.69
2021-05-12,a8,88.32
2021-05-13,a8,88.9
2021-05-14,a8,89.05
2021-05-15,a8,89.25
2021-05-16,a8,89.18
2021-05-17,a8,89.11
2021-05-18,a8,89.06
2021-05-19,a8,89.04
2021-05-20,a8,89.13
2021-05-21,a8,89.42
2021-05-22,a8,89.72
2021-05-23,a8,90.14
2021-05-24,a8,90.52
2021-05-25,a8,90.81
2021-05-26,a8,90.99
2021-05-27,a8,90.93
2021-05-28,a8,91.01
2021-05-29,a8,91.03
2021-05-30,a8,91.17
2021-05-31,a8,91.33
2021-06-01,a8,91.52
2021-06-02,a8,91.76
2021-06-03,a8,92.15
2021-06-04,a8,92.48
2021-06-05,a8,92.95
2021-06-06,a8,93.27
2021-06-07,a8,93.58
2021-06-08,a8,93.88
2021-06-09,a8,94.21
2021-06-10,a8,94.4
2021-06-11,a8,94.57
2021-06-12,a8,94.72
2021-06-13,a8,94.8
2021-06-14,a8,95.04
2021-06-15,a8,95.39
2021-06-16,a8,95.71
2021-06-17,a8,96.07
2021-06-18,a8,96.43
2021-06-19,a8,96.67
2021-06-20,a8,97
2021-06-21,a8,97.22
2021-06-22,a8,97.33
2021-06-23,a8,97.41
2021-06-24,a8,97.47
2021-06-25,a8,97.6
2021-06-26,a8,97.84
2021-06-27,a8,98
2021-06-28,a8,98.26
2021-06-29,a8,98.54
2021-06-30,a8,98.85
2021-07-01,a8,99.16
2021-07-02,a8,99.43
2021-07-03,a8,99.57
2021-07-04,a8,99.87
2021-07-05,a8,99.99
2021-07-06,a8,100.13
2021-07-07,a8,100.3
2021-07-08,a8,100.55
2021-07-09,a8,100.72
2021-07-10,a8,101.08
2021-07-11,a8,101.2
2021-07-12,a8,101.37
2021-07-13,a8,101.53
2021-07-14,a8,101.7
2021-07-15,a8,101.5
2021-07-16,a8,101.47
2021-07-17,a8,101.45
2021-07-18,a8,101.59
2021-07-19,a8,101.74
2021-07-20,a8,101.86
2021-07-21,a8,101.85
2021-07-22,a8,102.15
2021-07-23,a8,102.34
2021-07-24,a8,102.52
2021-07-25,a8,102.67
2021-07-26,a8,102.8
2021-07-27,a8,102.93
2021-07-28,a8,103.06
2021-07-29,a8,103.08
2021-07-30,a8,103.05
2021-07-31,a8,102.96
2021-08-01,a8,102.76
2021-08-02,a8,102.62
2021-08-03,a8,102.44
2021-08-04,a8,102.33
2021-08-05,a8,102.18
2021-08-06,a8,102.13
2021-08-07,a8,102.14
2021-08-08,a8,102.06
2021-08-09,a8,101.82
2021-08-10,a8,101.78
2021-08-11,a8,101.74
2021-08-12,a8,101.83
2021-08-13,a8,101.95
2021-08-14,a8,101.91
2021-08-15,a8,102.02
2021-08-16,a8,102.41
2021-08-17,a8,102.61
2021-08-18,a8,102.88
2021-08-19,a8,103.18
2021-08-20,a8,103.46
2021-08-21,a8,103.88
2021-08-22,a8,104.22
2021-08-23,a8,104.34
2021-08-24,a8,104.51
2021-08-25,a8,104.63
2021-08-26,a8,104.82
2021-08-27,a8,104.93
2021-08-28,a8,105.12
2021-08-29,a8,105.34
2021-08-30,a8,105.58
2021-08-31,a8,105.74
2021-09-01,a8,105.91
2021-09-02,a8,105.99
2021-09-03,a8,106.06
2021-09-04,a8,106.09
2021-09-05,a8,106.25
2021-09-06,a8,106.43
2021-09-07,a8,106.74
2021-09-08,a8,107.12
2021-09-09,a8,107.4
2021-09-10,a8,107.77
2021-09-11,a8,108.26
2021-09-12,a8,108.62
2021-09-13,a8,108.98
2021-09-14,a8,109.14
2021-09-15,a8,109.27
2021-09-16,a8,109.39
2021-09-17,a8,109.54
2021-09-18,a8,109.6
2021-09-19,a8,109.75
2021-09-20,a8,109.89
2021-09-21,a8,110.07
2021-09-22,a8,110.34
2021-09-23,a8,110.82
2021-09-24,a8,111.15
2021-09-25,a8,111.37
2021-09-26,a8,111.63
2021-09-27,a8,111.95
2021-09-28,a8,112.36
2021-09-29,a8,112.53
2021-09-30,a8,112.7
2021-10-01,a8,112.87
2021-10-02,a8,113.3
2021-10-03,a8,113.4
2021-10-04,a8,113.5
2021-10-05,a8,113.73
2021-10-06,a8,114.27
2021-10-07,a8,114.68
2021-10-08,a8,115.21
2021-10-09,a8,115.67
2021-10-10,a8,116.44
2021-10-11,a8,117.08
2021-10-12,a8,117.31
2021-10-13,a8,117.39
2021-10-14,a8,117.48
2021-10-15,a8,117.65
2021-10-16,a8,117.61
2021-10-17,a8,117.69
2021-10-18,a8,117.79
2021-10-19,a8,118.29
2021-10-20,a8,118.67
2021-10-21,a8,119.14
2021-10-22,a8,119.35
2021-10-23,a8,120.01
2021-10-24,a8,120.26
2021-10-25,a8,120.64
2021-10-26,a8,120.75
2021-10-27,a8,121.16
2021-10-28,a8,121.32
2021-10-29,a8,121.58
2021-10-30,a8,121.76
2021-10-31,a8,121.94
2021-11-01,a8,122.11
2021-11-02,a8,122.27
2021-11-03,a8,121.9
2021-11-04,a8,121.86
2021-11-05,a8,121.91
2021-11-06,a8,121.72
2021-11-07,a8,121.68
2021-11-08,a8,121.49
2021-11-09,a8,121.48
2021-11-10,a8,121.73
2021-11-11,a8,121.89
2021-11-12,a8,121.86
2021-11-13,a8,121.64
2021-11-14,a8,121.59
2021-11-15,a8,121.63
2021-11-16,a8,121.76
2021-11-17,a8,121.67
2021-11-18,a8,121.44
2021-11-19,a8,121.5
2021-11-20,a8,121.48
2021-11-21,a8,121.47
2021-11-22,a8,121.41
2021-11-23,a8,121.21
2021-11-24,a8,121.26
2021-11-25,a8,121.28
2021-11-26,a8,121.16
2021-11-27,a8,121.19
2021-11-28,a8,121.07
2021-11-29,a8,121.09
2021-11-30,a8,121.04
2021-12-01,a8,121.06
2021-12-02,a8,121.07
2021-12-03,a8,120.99
2021-12-04,a8,121.04
2021-12-05,a8,121.01
2021-12-06,a8,120.85
2021-12-07,a8,120.74
2021-12-08,a8,120.5
2021-12-09,a8,120.33
2021-12-10,a8,120.32
2021-12-11,a8,120.2
2021-12-12,a8,120.37
2021-12-13,a8,120.57
2021-12-14,a8,120.71
2021-12-15,a8,120.91
2021-12-16,a8,121.05
2021-12-17,a8,121.15
2021-12-18,a8,121.34
2021-12-19,a8,121.42
2021-12-20,a8,121.5
2021-12-21,a8,121.6
2021-12-22,a8,121.72
2021-12-23,a8,121.91
2021-12-24,a8,122.13
2021-12-25,a8,122.26
2021-12-26,a8,122.39
2021-12-27,a8,122.66
2021-12-28,a8,122.84
2021-12-29,a8,123.05
2021-12-30,a8,123.16
2021-12-31,a8,123.15
2022-01-01,a8,123.12
2022-01-02,a8,123.08
2022-01-03,a8,122.86
2022-01-04,a8,122.78
2022-01-05,a8,122.63
2022-01-06,a8,122.41
2022-01-07,a8,122.45
2022-01-08,a8,122.48
2022-01-09,a8,122.39
2022-01-10,a8,122.41
2022-01-11,a8,122.31
2022-01-12,a8,122.29
2022-01-13,a8,122.44
2022-01-14,a8,122.48
2022-01-15,a8,122.57
2022-01-16,a8,122.66
2022-01-17,a8,122.65
2022-01-18,a8,122.87
2022-01-19,a8,123.05
2022-01-20,a8,123.17
2022-01-21,a8,123.3
2022-01-22,a8,123.34
2022-01-23,a8,123.47
2022-01-24,a8,123.62
2022-01-25,a8,123.76
2022-01-26,a8,123.93
2022-01-27,a8,124.17
2022-01-28,a8,124.45
2022-01-29,a8,124.8
2022-01-30,a8,125.19
2022-01-31,a8,125.61
2022-02-01,a8,125.71
2022-02-02,a8,125.84
2022-02-03,a8,125.95
2022-02-04,a8,125.97
2022-02-05,a8,125.99
2022-02-06,a8,126
2022-02-07,a8,125.97
2022-02-08,a8,126.1
2022-02-09,a8,126.24
2022-02-10,a8,126.32
2022-02-11,a8,126.49
2022-02-12,a8,126.56
2022-02-13,a8,126.61
2022-02-14,a8,126.53
2022-02-15,a8,126.36
2022-02-16,a8,126.32
2022-02-17,a8,126.37
2022-02-18,a8,126.3
2022-02-19,a8,126.38
2022-02-20,a8,126.61
2022-02-21,a8,127.02
2022-02-22,a8,127.56
2022-02-23,a8,128.06
2022-02-24,a8,128.41
2022-02-25,a8,128.9
2022-02-26,a8,129.36
2022-02-27,a8,129.62
2022-02-28,a8,129.72
2022-03-01,a8,129.89
2022-03-02,a8,129.97
2022-03-03,a8,130.11
2022-03-04,a8,130.18
2022-03-05,a8,130.17
2022-03-06,a8,130.13
2022-03-07,a8,130.24
2022-03-08,a8,130.24
2022-03-09,a8,130.22
2022-03-10,a8,130.21
2022-03-11,a8,130.07
2022-03-12,a8,130.11
2022-03-13,a8,130.29
2022-03-14,a8,130.3
2022-03-15,a8,130.38
2022-03-16,a8,130.42
2022-03-17,a8,130.55
2022-03-18,a8,130.76
2022-03-19,a8,130.78
2022-03-20,a8,130.79
2022-03-21,a8,130.97
2022-03-22,a8,131.25
2022-03-23,a8,131.61
2022-03-24,a8,132.02
2022-03-25,a8,132.4
2022-03-26,a8,132.73
2022-03-27,a8,132.95
2022-03-28,a8,133.24
2022-03-29,a8,133.42
2022-03-30,a8,133.61
2022-03-31,a8,133.64
2022-04-01,a8,133.67
2022-04-02,a8,133.95
2022-04-03,a8,134.26
2022-04-04,a8,134.39
2022-04-05,a8,134.45
2022-04-06,a8,134.5
2022-04-07,a8,134.54
2022-04-08,a8,134.71
2022-04-09,a8,134.71
2022-04-10,a8,134.73
2022-04-11,a8,134.77
2022-04-12,a8,134.96
2022-04-13,a8,135.18
2022-04-14,a8,135.45
2022-04-15,a8,135.63
2022-04-16,a8,135.87
2022-04-17,a8,136.15
2022-04-18,a8,136.49
2022-04-19,a8,136.54
2022-04-20,a8,136.51
2022-04-21,a8,136.38
2022-04-22,a8,136.21
2022-04-23,a8,136.14
2022-04-24,a8,136.11
2022-04-25,a8,135.93
2022-04-26,a8,135.96
2022-04-27,a8,136.06
2022-04-28,a8,136.36
2022-04-29,a8,136.7
2022-04-30,a8,137
2022-05-01,a8,137.24
2022-05-02,a8,137.67
2022-05-03,a8,138.01
2022-05-04,a8,138.51
2022-05-05,a8,138.9
2022-05-06,a8,139.37
2022-05-07,a8,139.53
2022-05-08,a8,139.78
2022-05-09,a8,140.16
2022-05-10,a8,140.45
2022-05-11,a8,140.54
2022-05-12,a8,140.49
2022-05-13,a8,140.09
2022-05-14,a8,140.36
2022-05-15,a8,140.51
2022-05-16,a8,140.53
2022-05-17,a8,140.69
2022-05-18,a8,141.03
2022-05-19,a8,141.62
2022-05-20,a8,142.67
2022-05-21,a8,143.1
2022-05-22,a8,143.76
2022-05-23,a8,144.28
2022-05-24,a8,144.9
2022-05-25,a8,145.45
2022-05-26,a8,145.81
2022-05-27,a8,145.74
2022-05-28,a8,145.69
2022-05-29,a8,145.47
2022-05-30,a8,145.31
2022-05-31,a8,145.05
2022-06-01,a8,144.68
2022-06-02,a8,144.36
2022-06-03,a8,144.52
2022-06-04,a8,144.84
2022-06-05,a8,145.04
2022-06-06,a8,145.26
2022-06-07,a8,145.3
2022-06-08,a8,145.53
2022-06-09,a8,145.61
2022-06-10,a8,145.71
2022-06-11,a8,145.66
2022-06-12,a8,145.63
2022-06-13,a8,145.64
2022-06-14,a8,145.9
2022-06-15,a8,146.07
2022-06-16,a8,146.42
2022-06-17,a8,146.72
2022-06-18,a8,147.01
2022-06-19,a8,147.44
2022-06-20,a8,147.73
2022-06-21,a8,147.9
2022-06-22,a8,148.05
2022-06-23,a8,148.15
2022-06-24,a8,148.02
2022-06-25,a8,147.99
2022-06-26,a8,148.01
2022-06-27,a8,148.22
2022-06-28,a8,148.61
2022-06-29,a8,148.99
2022-06-30,a8,149.54
2022-07-01,a8,149.91
2022-07-02,a8,150.31
2022-07-03,a8,150.55
2022-07-04,a8,150.68
2022-07-05,a8,150.74
2022-07-06,a8,150.81
2022-07-07,a8,150.71
2022-07-08,a8,150.95
2022-07-09,a8,151.41
2022-07-10,a8,152.87
2022-07-11,a8,154.4
2022-07-12,a8,155.85
2022-07-13,a8,157.29
2022-07-14,a8,158.46
2022-07-15,a8,158.7
2022-07-16,a8,158.6
2022-07-17,a8,157.59
2022-07-18,a8,156.37
2022-07-19,a8,155.1
2022-07-20,a8,153.81
2022-07-21,a8,152.76
2022-07-22,a8,152.49
2022-07-23,a8,152.2
2022-07-24,a8,152.15
2022-07-25,a8,152.09
2022-07-26,a8,152.03
2022-07-27,a8,152.03
2022-07-28,a8,152.03
2022-07-29,a8,151.82
2022-07-30,a8,151.85
2022-07-31,a8,151.64
2022-08-01,a8,151.6
2022-08-02,a8,151.54
2022-08-03,a8,151.38
2022-08-04,a8,151.16
2022-08-05,a8,151.1
2022-08-06,a8,150.97
2022-08-07,a8,150.79
2022-08-08,a8,150.68
2022-08-09,a8,150.67
2022-08-10,a8,150.57
2022-08-11,a8,150.54
2022-08-12,a8,150.43
2022-08-13,a8,150.2
2022-08-14,a8,150.18
2022-08-15,a8,150.18
2022-08-16,a8,150.11
2022-08-17,a8,150.01
2022-08-18,a8,149.97
2022-08-19,a8,149.93
2022-08-20,a8,150.07
2022-08-21,a8,149.97
2022-08-22,a8,149.73
2022-08-23,a8,149.62
2022-08-24,a8,149.61
2022-08-25,a8,149.69
2022-08-26,a8,149.74
2022-08-27,a8,149.81
2022-08-28,a8,149.86
2022-08-29,a8,149.71
2022-08-30,a8,149.57
2022-08-31,a8,149.53
2022-09-01,a8,149.48
2022-09-02,a8,149.38
2022-09-03,a8,149.4
2022-09-04,a8,149.47
2022-09-05,a8,149.59
2022-09-06,a8,149.65
2022-09-07,a8,149.56
2022-09-08,a8,149.4
2022-09-09,a8,149.33
2022-09-10,a8,149.22
2022-09-11,a8,149.06
2022-09-12,a8,149.07
2022-09-13,a8,149.09
2022-09-14,a8,149.22
2022-09-15,a8,149.39
2022-09-16,a8,149.61
2022-09-17,a8,149.76
2022-09-18,a8,149.87
2022-09-19,a8,149.9
2022-09-20,a8,149.87
2022-09-21,a8,149.93
2022-09-22,a8,149.88
2022-09-23,a8,149.98
2022-09-24,a8,150.08
2022-09-25,a8,150.34
2022-09-26,a8,150.64
2022-09-27,a8,151.06
2022-09-28,a8,151.29
2022-09-29,a8,151.58
2022-09-30,a8,151.79
2022-10-01,a8,151.94
2022-10-02,a8,152.11
2022-10-03,a8,152.38
2022-10-04,a8,152.66
2022-10-05,a8,153.03
2022-10-06,a8,153.38
2022-10-07,a8,153.7
2022-10-08,a8,154.04
2022-10-09,a8,154.36
2022-10-10,a8,154.57
2022-10-11,a8,154.69
2022-10-12,a8,154.73
2022-10-13,a8,154.82
2022-10-14,a8,154.81
2022-10-15,a8,154.89
2022-10-16,a8,154.96
2022-10-17,a8,154.98
2022-10-18,a8,155.1
2022-10-19,a8,155.33
2022-10-20,a8,155.46
2022-10-21,a8,155.67
2022-10-22,a8,155.7
2022-10-23,a8,155.91
2022-10-24,a8,156.16
2022-10-25,a8,156.2
2022-10-26,a8,156.08
2022-10-27,a8,156.08
2022-10-28,a8,156.12
2022-10-29,a8,156.44
2022-10-30,a8,156.7
2022-10-31,a8,156.96
2022-11-01,a8,157.25
2022-11-02,a8,157.58
2022-11-03,a8,157.73
2022-11-04,a8,157.82
2022-11-05,a8,157.87
2022-11-06,a8,157.74
2022-11-07,a8,157.56
2022-11-08,a8,157.55
2022-11-09,a8,157.68
2022-11-10,a8,157.93
2022-11-11,a8,158.23
2022-11-12,a8,158.29
2022-11-13,a8,158.35
2022-11-14,a8,158.49
2022-11-15,a8,158.57
2022-11-16,a8,158.61
2022-11-17,a8,158.51
2022-11-18,a8,158.4
2022-11-19,a8,158.48
2022-11-20,a8,158.56
2022-11-21,a8,158.62
2022-11-22,a8,158.67
2022-11-23,a8,158.69
2022-11-24,a8,158.67
2022-11-25,a8,158.68
2022-11-26,a8,158.6
2022-11-27,a8,158.55
2022-11-28,a8,158.5
2022-11-29,a8,158.38
2022-11-30,a8,158.43
2022-12-01,a8,158.42
2022-12-02,a8,158.42
2022-12-03,a8,158.38
2022-12-04,a8,158.38
2022-12-05,a8,158.48
2022-12-06,a8,158.61
2022-12-07,a8,158.6
2022-12-08,a8,158.7
2022-12-09,a8,159.08
2022-12-10,a8,159.44
2022-12-11,a8,159.86
2022-12-12,a8,160.29
2022-12-13,a8,160.85
2022-12-14,a8,161.36
2022-12-15,a8,161.85
2022-12-16,a8,161.94
2022-12-17,a8,162.15
2022-12-18,a8,162.43
2022-12-19,a8,162.67
2022-12-20,a8,162.71
2022-12-21,a8,162.82
2022-12-22,a8,163
2022-12-23,a8,163.18
2022-12-24,a8,163.32
2022-12-25,a8,163.42
2022-12-26,a8,163.65
2022-12-27,a8,163.86
2022-12-28,a8,163.91
2022-12-29,a8,163.97
2022-12-30,a8,164.05
2022-12-31,a8,164.03
2023-01-01,a8,163.86
2023-01-02,a8,163.64
2023-01-03,a8,163.46
2023-01-04,a8,163.27
2023-01-05,a8,163.05
2023-01-06,a8,162.95
2023-01-07,a8,162.89
2023-01-08,a8,162.82
2023-01-09,a8,162.63
2023-01-10,a8,162.4
2023-01-11,a8,162.24
2023-01-12,a8,162.28
2023-01-13,a8,162.2
2023-01-14,a8,162.1
2023-01-15,a8,162.05
2023-01-16,a8,161.93
2023-01-17,a8,161.91
2023-01-18,a8,162.21
2023-01-19,a8,162.24
2023-01-20,a8,162.23
2023-01-21,a8,162.39
2023-01-22,a8,162.52
2023-01-23,a8,162.43
2023-01-24,a8,162.5
2023-01-25,a8,162.23
2023-01-26,a8,162.1
2023-01-27,a8,161.89
2023-01-28,a8,161.57
2023-01-29,a8,161.21
2023-01-30,a8,160.88
2023-01-31,a8,160.67
2023-02-01,a8,160.74
2023-02-02,a8,160.74
2023-02-03,a8,160.85
2023-02-04,a8,160.93
2023-02-05,a8,161.01
2023-02-06,a8,161.25
2023-02-07,a8,161.48
2023-02-08,a8,161.17
2023-02-09,a8,160.99
2023-02-10,a8,160.85
2023-02-11,a8,160.77
2023-02-12,a8,160.72
2023-02-13,a8,160.71
2023-02-14,a8,160.41
2023-02-15,a8,160.37
2023-02-16,a8,160.24
2023-02-17,a8,160.12
2023-02-18,a8,159.83
2023-02-19,a8,159.7
2023-02-20,a8,159.64
2023-02-21,a8,159.6
2023-02-22,a8,159.8
2023-02-23,a8,160.33
2023-02-24,a8,160.11
2023-02-25,a8,160.06
2023-02-26,a8,159.75
2023-02-27,a8,159.37
2023-02-28,a8,159.03
2023-03-01,a8,158.55
2023-03-02,a8,157.7
2023-03-03,a8,157.46
2023-03-04,a8,157.18
2023-03-05,a8,157.11
2023-03-06,a8,157.08
2023-03-07,a8,156.93
2023-03-08,a8,156.77
2023-03-09,a8,156.68
2023-03-10,a8,156.91
2023-03-11,a8,157.35
2023-03-12,a8,157.61
2023-03-13,a8,157.83
2023-03-14,a8,158.25
2023-03-15,a8,158.64
2023-03-16,a8,159.13
2023-03-17,a8,159.39
2023-03-18,a8,159.63
2023-03-19,a8,159.84
2023-03-20,a8,160.13
2023-03-21,a8,160.22
2023-03-22,a8,159.77
2023-03-23,a8,159.51
2023-03-24,a8,159.21
2023-03-25,a8,158.78
2023-03-26,a8,158.4
2023-03-27,a8,157.96
2023-03-28,a8,157.46
2023-03-29,a8,157.48
2023-03-30,a8,157.11
2023-03-31,a8,156.81
2023-04-01,a8,156.52
2023-04-02,a8,156.27
2023-04-03,a8,156.03
2023-04-04,a8,156.02
2023-04-05,a8,156.17
2023-04-06,a8,156.38
2023-04-07,a8,156.64
2023-04-08,a8,156.86
2023-04-09,a8,157.03
2023-04-10,a8,157.33
2023-04-11,a8,157.33
2023-04-12,a8,157.22
2023-04-13,a8,157.1
2023-04-14,a8,156.85
2023-04-15,a8,156.56
2023-04-16,a8,156.39
2023-04-17,a8,156.07
2023-04-18,a8,155.98
2023-04-19,a8,155.98
2023-04-20,a8,155.93
2023-04-21,a8,156.06
2023-04-22,a8,156.31
2023-04-23,a8,156.46
2023-04-24,a8,156.64
2023-04-25,a8,156.91
2023-04-26,a8,156.88
2023-04-27,a8,157.01
2023-04-28,a8,157.1
2023-04-29,a8,156.9
2023-04-30,a8,156.66
2023-05-01,a8,156.57
2023-05-02,a8,156.24
2023-05-03,a8,156.21
2023-05-04,a8,155.9
2023-05-05,a8,155.65
2023-05-06,a8,155.49
2023-05-07,a8,155.29
2023-05-08,a8,155.04
2023-05-09,a8,154.54
2023-05-10,a8,153.98
2023-05-11,a8,153.64
2023-05-12,a8,153.26
2023-05-13,a8,152.97
2023-05-14,a8,152.69
2023-05-15,a8,152.22
2023-05-16,a8,152.17
2023-05-17,a8,152.21
2023-05-18,a8,152.28
2023-05-19,a8,152.13
2023-05-20,a8,151.77
2023-05-21,a8,151.67
2023-05-22,a8,151.65
2023-05-23,a8,151.5
2023-05-24,a8,151.3
2023-05-25,a8,150.86
2023-05-26,a8,150.71
2023-05-27,a8,150.81
2023-05-28,a8,150.6
2023-05-29,a8,150.51
2023-05-30,a8,150.32
2023-05-31,a8,150.07
2023-06-01,a8,149.87
2023-06-02,a8,149.64
2023-06-03,a8,149.31
2023-06-04,a8,149.14
2023-06-05,a8,148.89
2023-06-06,a8,148.8
2023-06-07,a8,148.72
2023-06-08,a8,148.72
2023-06-09,a8,148.52
2023-06-10,a8,148.6
2023-06-11,a8,148.63
2023-06-12,a8,148.73
2023-06-13,a8,148.76
2023-06-14,a8,148.86
2023-06-15,a8,148.92
2023-06-16,a8,149.17
2023-06-17,a8,149.25
2023-06-18,a8,149.26
2023-06-19,a8,149.27
2023-06-20,a8,149.27
2023-06-21,a8,149.29
2023-06-22,a8,149.38
2023-06-23,a8,149.36
2023-06-24,a8,149.36
2023-06-25,a8,149.31
2023-06-26,a8,149.22
2023-06-27,a8,148.91
2023-06-28,a8,148.68
2023-06-29,a8,148.49
2023-06-30,a8,148.35
2023-07-01,a8,148.05
2023-07-02,a8,147.79
2023-07-03,a8,147.44
2023-07-04,a8,147.5
2023-07-05,a8,147.59
2023-07-06,a8,147.5
2023-07-07,a8,147.56
2023-07-08,a8,147.7
2023-07-09,a8,147.9
2023-07-10,a8,148.26
2023-07-11,a8,148.51
2023-07-12,a8,148.61
2023-07-13,a8,148.8
2023-07-14,a8,148.88
2023-07-15,a8,148.75
2023-07-16,a8,148.59
2023-07-17,a8,148.4
2023-07-18,a8,148.04
2023-07-19,a8,147.7
2023-07-20,a8,147.43
2023-07-21,a8,147.09
2023-07-22,a8,146.71
2023-07-23,a8,146.75
2023-07-24,a8,146.78
2023-07-25,a8,147
2023-07-26,a8,147.2
2023-07-27,a8,147.36
2023-07-28,a8,147.58
2023-07-29,a8,148.16
2023-07-30,a8,148.4
2023-07-31,a8,148.68
2023-08-01,a8,148.95
2023-08-02,a8,149.09
2023-08-03,a8,149.17
2023-08-04,a8,149.25
2023-08-05,a8,149.24
2023-08-06,a8,149.21
2023-08-07,a8,149.25
2023-08-08,a8,149.31
2023-08-09,a8,149.52
2023-08-10,a8,149.69
2023-08-11,a8,149.83
2023-08-12,a8,149.89
2023-08-13,a8,150.01
2023-08-14,a8,150.19
2023-08-15,a8,150.38
2023-08-16,a8,150.44
2023-08-17,a8,150.58
2023-08-18,a8,150.72
2023-08-19,a8,150.88
2023-08-20,a8,150.98
2023-08-21,a8,151.1
2023-08-22,a8,151.16
2023-08-23,a8,151.36
2023-08-24,a8,151.49
2023-08-25,a8,151.57
2023-08-26,a8,151.71
2023-08-27,a8,151.81
2023-08-28,a8,151.73
2023-08-29,a8,151.86
2023-08-30,a8,151.84
2023-08-31,a8,151.96
2023-09-01,a8,152
2023-09-02,a8,152.07
2023-09-03,a8,152.09
2023-09-04,a8,152.05
2023-09-05,a8,151.84
2023-09-06,a8,151.67
2023-09-07,a8,151.46
2023-09-08,a8,151.3
2023-09-09,a8,151.2
2023-09-10,a8,151.06
2023-09-11,a8,150.99
2023-09-12,a8,150.88
2023-09-13,a8,150.78
2023-09-14,a8,150.59
2023-09-15,a8,150.48
2023-09-16,a8,150.41
2023-09-17,a8,150.34
2023-09-18,a8,150.26
2023-09-19,a8,150.19
2023-09-20,a8,150.27
2023-09-21,a8,150.35
2023-09-22,a8,150.34
2023-09-23,a8,150.19
2023-09-24,a8,150.12
2023-09-25,a8,150.08
2023-09-26,a8,150.03
2023-09-27,a8,149.87
2023-09-28,a8,149.73
2023-09-29,a8,149.54
2023-09-30,a8,149.3
2023-10-01,a8,149.12
2023-10-02,a8,148.83
2023-10-03,a8,148.62
2023-10-04,a8,148.44
2023-10-05,a8,148.2
2023-10-06,a8,148.02
2023-10-07,a8,147.9
2023-10-08,a8,147.71
2023-10-09,a8,147.51
2023-10-10,a8,147.3
2023-10-11,a8,147.21
2023-10-12,a8,147.25
2023-10-13,a8,147.34
2023-10-14,a8,147.48
2023-10-15,a8,147.64
2023-10-16,a8,147.77
2023-10-17,a8,147.79
2023-10-18,a8,147.66
2023-10-19,a8,147.45
2023-10-20,a8,147.23
2023-10-21,a8,146.78
2023-10-22,a8,146.49
2023-10-23,a8,146.3
2023-10-24,a8,146
2023-10-25,a8,145.79
2023-10-26,a8,145.57
2023-10-27,a8,145.41
2023-10-28,a8,145.35
2023-10-29,a8,145.14
2023-10-30,a8,145.01
2023-10-31,a8,144.9
2023-11-01,a8,144.84
2023-11-02,a8,144.59
2023-11-03,a8,144.31
2023-11-04,a8,144.05
2023-11-05,a8,143.77
2023-11-06,a8,143.36
2023-11-07,a8,143.03
2023-11-08,a8,142.56
2023-11-09,a8,142.32
2023-11-10,a8,142.05
2023-11-11,a8,141.93
2023-11-12,a8,141.82
2023-11-13,a8,141.7
2023-11-14,a8,141.54
2023-11-15,a8,141.51
2023-11-16,a8,141.5
2023-11-17,a8,141.43
2023-11-18,a8,141.27
2023-11-19,a8,141.12
2023-11-20,a8,141.05
2023-11-21,a8,140.97
2023-11-22,a8,140.81
2023-11-23,a8,140.55
2023-11-24,a8,140.29
2023-11-25,a8,140.05
2023-11-26,a8,139.8
2023-11-27,a8,139.62
2023-11-28,a8,139.59
2023-11-29,a8,139.53
2023-11-30,a8,139.61
2023-12-01,a8,139.67
2023-12-02,a8,139.73
2023-12-03,a8,139.84
2023-12-04,a8,139.75
2023-12-05,a8,139.67
2023-12-06,a8,139.68
2023-12-07,a8,139.63
2023-12-08,a8,139.9
2023-12-09,a8,140.17
2023-12-10,a8,140.41
2023-12-11,a8,140.8
2023-12-12,a8,141.06
2023-12-13,a8,141.41
2023-12-14,a8,141.76
2023-12-15,a8,141.83
2023-12-16,a8,141.86
2023-12-17,a8,141.93
2023-12-18,a8,141.99
2023-12-19,a8,142.01
2023-12-20,a8,141.98
2023-12-21,a8,141.94
2023-12-22,a8,141.76
2023-12-23,a8,141.42
2023-12-24,a8,141.08
2023-12-25,a8,140.94
2023-12-26,a8,140.67
2023-12-27,a8,140.32
2023-12-28,a8,139.98
2023-12-29,a8,139.8
2023-12-30,a8,139.72
2023-12-31,a8,139.58
2024-01-01,a8,139.42
2024-01-02,a8,139.27
2024-01-03,a8,139.1
2024-01-04,a8,138.92
2024-01-05,a8,138.89
2024-01-06,a8,139.05
2024-01-07,a8,139.08
2024-01-08,a8,138.87
2024-01-09,a8,138.91
2024-01-10,a8,139.02
2024-01-11,a8,139.13
2024-01-12,a8,139.15
2024-01-13,a8,139.06
2024-01-14,a8,139.18
2024-01-15,a8,139.32
2024-01-16,a8,139.35
2024-01-17,a8,139.5
2024-01-18,a8,139.56
2024-01-19,a8,139.57
2024-01-20,a8,139.65
2024-01-21,a8,139.68
2024-01-22,a8,139.64
2024-01-23,a8,139.62
2024-01-24,a8,139.49
2024-01-25,a8,139.47
2024-01-26,a8,139.5
2024-01-27,a8,139.6
2024-01-28,a8,139.55
2024-01-29,a8,139.6
2024-01-30,a8,139.67
2024-01-31,a8,139.61
2024-02-01,a8,139.58
2024-02-02,a8,139.63
2024-02-03,a8,139.58
2024-02-04,a8,139.6
2024-02-05,a8,139.6
2024-02-06,a8,139.57
2024-02-07,a8,139.69
2024-02-08,a8,139.68
2024-02-09,a8,139.55
2024-02-10,a8,139.38
2024-02-11,a8,139.24
2024-02-12,a8,139.17
2024-02-13,a8,139.06
2024-02-14,a8,138.99
2024-02-15,a8,139.14
2024-02-16,a8,139.34
2024-02-17,a8,139.52
2024-02-18,a8,139.94
2024-02-19,a8,140.14
2024-02-20,a8,140.57
2024-02-21,a8,140.89
2024-02-22,a8,141.09
2024-02-23,a8,141.37
2024-02-24,a8,141.7
2024-02-25,a8,141.79
2024-02-26,a8,142.02
2024-02-27,a8,141.91
2024-02-28,a8,141.85
2024-02-29,a8,141.83
2024-03-01,a8,141.7
2024-03-02,a8,141.57
2024-03-03,a8,141.52
2024-03-04,a8,141.52
2024-03-05,a8,141.75
2024-03-06,a8,141.9
2024-03-07,a8,142.13
2024-03-08,a8,142.33
2024-03-09,a8,142.64
2024-03-10,a8,142.85
2024-03-11,a8,142.98
2024-03-12,a8,143.13
2024-03-13,a8,143.34
2024-03-14,a8,143.48
2024-03-15,a8,143.7
2024-03-16,a8,143.83
2024-03-17,a8,144.09
2024-03-18,a8,144.49
2024-03-19,a8,144.91
2024-03-20,a8,145.33
2024-03-21,a8,145.59
2024-03-22,a8,145.92
2024-03-23,a8,146.05
2024-03-24,a8,146.15
2024-03-25,a8,146.07
2024-03-26,a8,145.93
2024-03-27,a8,145.73
2024-03-28,a8,145.65
2024-03-29,a8,145.45
2024-03-30,a8,145.44
2024-03-31,a8,145.44
2024-04-01,a8,145.61
2024-04-02,a8,144.23
2024-04-03,a8,142.88
2024-04-04,a8,141.5
2024-04-05,a8,140.06
2024-04-06,a8,138.54
2024-04-07,a8,137.04
2024-04-08,a8,135.41
2024-04-09,a8,135.41
2024-04-10,a8,135.47
2024-04-11,a8,135.54
2024-04-12,a8,135.8
2024-04-13,a8,136.06
2024-04-14,a8,136.31
2024-04-15,a8,136.63
2024-04-16,a8,136.73
2024-04-17,a8,136.83
2024-04-18,a8,136.97
2024-04-19,a8,137.14
2024-04-20,a8,136.94
2024-04-21,a8,136.97
2024-04-22,a8,136.86
2024-04-23,a8,137.03
2024-04-24,a8,136.97
2024-04-25,a8,136.91
2024-04-26,a8,136.75
2024-04-27,a8,137.03
2024-04-28,a8,136.98
2024-04-29,a8,137.09
2024-04-30,a8,136.97
2024-05-01,a8,137.06
2024-05-02,a8,136.9
2024-05-03,a8,136.72
2024-05-04,a8,136.37
2024-05-05,a8,136.02
2024-05-06,a8,135.78
2024-05-07,a8,135.59
2024-05-08,a8,135.41
2024-05-09,a8,135.41
2024-05-10,a8,135.29
2024-05-11,a8,135.12
2024-05-12,a8,134.97
2024-05-13,a8,134.63
2024-05-14,a8,134.23
2024-05-15,a8,133.88
2024-05-16,a8,133.61
2024-05-17,a8,133.39
2024-05-18,a8,133.03
2024-05-19,a8,132.54
2024-05-20,a8,132.19
2024-05-21,a8,131.61
2024-05-22,a8,131.22
2024-05-23,a8,130.81
2024-05-24,a8,130.6
2024-05-25,a8,130.7
2024-05-26,a8,130.88
2024-05-27,a8,130.8
2024-05-28,a8,131.13
2024-05-29,a8,131.22
2024-05-30,a8,131.19
2024-05-31,a8,131.17
2024-06-01,a8,131.08
2024-06-02,a8,131.07
2024-06-03,a8,131.21
2024-06-04,a8,131.34
2024-06-05,a8,131.31
2024-06-06,a8,131.19
2024-06-07,a8,130.98
2024-06-08,a8,130.99
2024-06-09,a8,130.99
2024-06-10,a8,131.07
2024-06-11,a8,131.09
2024-06-12,a8,131.13
2024-06-13,a8,131.26
2024-06-14,a8,131.31
2024-06-15,a8,130.93
2024-06-16,a8,130.6
2024-06-17,a8,130.21
2024-06-18,a8,129.8
2024-06-19,a8,129.44
2024-06-20,a8,129.13
2024-06-21,a8,128.86
2024-06-22,a8,128.75
2024-06-23,a8,128.67
2024-06-24,a8,128.56
2024-06-25,a8,128.43
2024-06-26,a8,128.31
2024-06-27,a8,128.18
2024-06-28,a8,128.03
2024-06-29,a8,127.99
2024-06-30,a8,127.98
2024-07-01,a8,127.75
2024-07-02,a8,127.74
2024-07-03,a8,127.83
2024-07-04,a8,127.76
2024-07-05,a8,127.75
2024-07-06,a8,127.71
2024-07-07,a8,127.58
2024-07-08,a8,127.76
2024-07-09,a8,127.8
2024-07-10,a8,127.72
2024-07-11,a8,127.81
2024-07-12,a8,127.87
2024-07-13,a8,127.94
2024-07-14,a8,128.07
2024-07-15,a8,128.12
2024-07-16,a8,128.12
2024-07-17,a8,128.24
2024-07-18,a8,128.35
2024-07-19,a8,128.41
2024-07-20,a8,128.31
2024-07-21,a8,128.45
2024-07-22,a8,128.48
2024-07-23,a8,128.48
2024-07-24,a8,128.26
2024-07-25,a8,127.93
2024-07-26,a8,127.64
2024-07-27,a8,127.4
2024-07-28,a8,126.89
2024-07-29,a8,126.46
2024-07-30,a8,126.08
2024-07-31,a8,125.8
2024-08-01,a8,125.51
2024-08-02,a8,125.24
2024-08-03,a8,125.02
2024-08-04,a8,124.91
2024-08-05,a8,124.76
2024-08-06,a8,124.53
2024-08-07,a8,124.34
2024-08-08,a8,124.24
2024-08-09,a8,124.11
2024-08-10,a8,123.97
2024-08-11,a8,123.79
2024-08-12,a8,123.74
2024-08-13,a8,123.73
2024-08-14,a8,123.65
2024-08-15,a8,123.69
2024-08-16,a8,123.68
2024-08-17,a8,123.68
2024-08-18,a8,123.62
2024-08-19,a8,123.53
2024-08-20,a8,123.47
2024-08-21,a8,123.4
2024-08-22,a8,123.22
2024-08-23,a8,123.13
2024-08-24,a8,123.03
2024-08-25,a8,122.87
2024-08-26,a8,122.68
2024-08-27,a8,122.5
2024-08-28,a8,122.4
2024-08-29,a8,122.39
2024-08-30,a8,122.3
2024-08-31,a8,122.31
2024-09-01,a8,122.32
2024-09-02,a8,122.28
2024-09-03,a8,122.22
2024-09-04,a8,122.18
2024-09-05,a8,122.22
2024-09-06,a8,122.39
2024-09-07,a8,122.18
2024-09-08,a8,122.33
2024-09-09,a8,122.42
2024-09-10,a8,122.46
2024-09-11,a8,122.35
2024-09-12,a8,122.18
2024-09-13,a8,121.89
2024-09-14,a8,122
2024-09-15,a8,121.74
2024-09-16,a8,121.57
2024-09-17,a8,121.43
2024-09-18,a8,121.41
2024-09-19,a8,121.32
2024-09-20,a8,121.22
2024-09-21,a8,121.06
2024-09-22,a8,120.9
2024-09-23,a8,120.62
2024-09-24,a8,120.36
2024-09-25,a8,120.12
2024-09-26,a8,119.8
2024-09-27,a8,119.46
2024-09-28,a8,119.05
2024-09-29,a8,118.77
2024-09-30,a8,118.59
2024-10-01,a8,118.27
2024-10-02,a8,117.93
2024-10-03,a8,117.7
2024-10-04,a8,117.4
2024-10-05,a8,117.13
2024-10-06,a8,116.82
2024-10-07,a8,116.5
2024-10-08,a8,116.35
2024-10-09,a8,116.19
2024-10-10,a8,115.88
2024-10-11,a8,115.73
2024-10-12,a8,115.58
2024-10-13,a8,115.38
2024-10-14,a8,115.22
2024-10-15,a8,115.08
2024-10-16,a8,114.83
2024-10-17,a8,114.6
2024-10-18,a8,114.41
2024-10-19,a8,114.17
2024-10-20,a8,113.97
2024-10-21,a8,113.8
2024-10-22,a8,113.52
2024-10-23,a8,113.37
2024-10-24,a8,113.34
2024-10-25,a8,113.3
2024-10-26,a8,113.32
2024-10-27,a8,113.31
2024-10-28,a8,113.31
2024-10-29,a8,113.33
2024-10-30,a8,113.43
2024-10-31,a8,113.55
2024-11-01,a8,113.73
2024-11-02,a8,113.71
2024-11-03,a8,113.72
2024-11-04,a8,113.69
2024-11-05,a8,113.7
2024-11-06,a8,113.61
2024-11-07,a8,113.5
2024-11-08,a8,113.25
2024-11-09,a8,113.22
2024-11-10,a8,113.09
2024-11-11,a8,113.13
2024-11-12,a8,112.95
2024-11-13,a8,112.79
2024-11-14,a8,112.61
2024-11-15,a8,112.49
2024-11-16,a8,112.3
2024-11-17,a8,112.18
2024-11-18,a8,111.87
2024-11-19,a8,111.84
2024-11-20,a8,111.78
2024-11-21,a8,111.78
2024-11-22,a8,111.83
2024-11-23,a8,111.97
2024-11-24,a8,112.04
2024-11-25,a8,112.08
2024-11-26,a8,112.07
2024-11-27,a8,111.95
2024-11-28,a8,111.77
2024-11-29,a8,111.57
2024-11-30,a8,111.4
2024-12-01,a8,111.24
2024-12-02,a8,111.14
2024-12-03,a8,111.03
2024-12-04,a8,111.08
2024-12-05,a8,111.09
2024-12-06,a8,111.14
2024-12-07,a8,111.11
2024-12-08,a8,111.05
2024-12-09,a8,111.04
2024-12-10,a8,111.04
2024-12-11,a8,110.97
2024-12-12,a8,110.88
2024-12-13,a8,110.78
2024-12-14,a8,110.6
2024-12-15,a8,110.6
2024-12-16,a8,110.6
2024-12-17,a8,110.61
2024-12-18,a8,110.62
2024-12-19,a8,110.67
2024-12-20,a8,110.64
2024-12-21,a8,110.7
2024-12-22,a8,110.7
2024-12-23,a8,110.73
2024-12-24,a8,110.74
2024-12-25,a8,110.83
2024-12-26,a8,110.91
2024-12-27,a8,110.96
2024-12-28,a8,110.99
2024-12-29,a8,110.94
2024-12-30,a8,110.83
2024-12-31,a8,110.77
2025-01-01,a8,110.67
2025-01-02,a8,110.53
2025-01-03,a8,110.44
2025-01-04,a8,110.36
2025-01-05,a8,110.27
2025-01-06,a8,110.17
2025-01-07,a8,110.04
2025-01-08,a8,109.84
2025-01-09,a8,109.75
2025-01-10,a8,109.62
2025-01-11,a8,109.53
2025-01-12,a8,109.5
2025-01-13,a8,109.39
2025-01-14,a8,108.89
2025-01-15,a8,108.41
2025-01-16,a8,107.85
2025-01-17,a8,107.22
2025-01-18,a8,106.55
2025-01-19,a8,105.84
2025-01-20,a8,105.18
2025-01-21,a8,105.01
2025-01-22,a8,104.81
2025-01-23,a8,104.63
2025-01-24,a8,104.55
2025-01-25,a8,104.54
2025-01-26,a8,104.53
2025-01-27,a8,104.47
2025-01-28,a8,104.77
2025-01-29,a8,104.6
2025-01-30,a8,104.55
2025-01-31,a8,104.42
2025-02-01,a8,104.38
2025-02-02,a8,104.4
2025-02-03,a8,104.41
2025-02-04,a8,103.96
2025-02-05,a8,104.03
2025-02-06,a8,104.09
2025-02-07,a8,104.17
2025-02-08,a8,104.16
2025-02-09,a8,104.09
2025-02-10,a8,104.05
2025-02-11,a8,104.07
2025-02-12,a8,103.92
2025-02-13,a8,103.77
2025-02-14,a8,103.67
2025-02-15,a8,103.39
2025-02-16,a8,103.23
2025-02-17,a8,103.11
2025-02-18,a8,102.92
2025-02-19,a8,102.81
2025-02-20,a8,102.68
2025-02-21,a8,102.5
2025-02-22,a8,102.57
2025-02-23,a8,102.52
2025-02-24,a8,102.42
2025-02-25,a8,102.32
2025-02-26,a8,102.28
2025-02-27,a8,102.38
2025-02-28,a8,102.45
2025-03-01,a8,102.38
2025-03-02,a8,102.35
2025-03-03,a8,102.35
2025-03-04,a8,102.34
2025-03-05,a8,101.64
2025-03-06,a8,101.44
2025-03-07,a8,101.21
2025-03-08,a8,101.1
2025-03-09,a8,100.9
2025-03-10,a8,100.75
2025-03-11,a8,100.61
2025-03-12,a8,101.17
2025-03-13,a8,100.97
2025-03-14,a8,100.92
2025-03-15,a8,100.78
2025-03-16,a8,100.68
2025-03-17,a8,100.62
2025-03-18,a8,100.67
2025-03-19,a8,100.81
2025-03-20,a8,101.09
2025-03-21,a8,101.31
2025-03-22,a8,101.6
2025-03-23,a8,101.86
2025-03-24,a8,102.07
2025-03-25,a8,102.16
2025-03-26,a8,102.12
2025-03-27,a8,102.15
2025-03-28,a8,102.18
2025-03-29,a8,102.23
2025-03-30,a8,102.27
2025-03-31,a8,102.34
2025-04-01,a8,102.45
2025-04-02,a8,102.44
2025-04-03,a8,102.45
2025-04-04,a8,102.58
2025-04-05,a8,102.61
2025-04-06,a8,102.65
2025-04-07,a8,102.69
2025-04-08,a8,102.65
2025-04-09,a8,102.79
2025-04-10,a8,102.73
2025-04-11,a8,102.48
2025-04-12,a8,102.3
2025-04-13,a8,102.1
2025-04-14,a8,101.89
2025-04-15,a8,101.8
2025-04-16,a8,101.62
2025-04-17,a8,101.53
2025-04-18,a8,101.49
2025-04-19,a8,101.33
2025-04-20,a8,101.26
2025-04-21,a8,101.34
2025-04-22,a8,101.19
2025-04-23,a8,101.08
2025-04-24,a8,100.84
2025-04-25,a8,100.54
2025-04-26,a8,100.36
2025-04-27,a8,100.2
2025-04-28,a8,99.79
2025-04-29,a8,99.66
2025-04-30,a8,99.61
2025-05-01,a8,99.67
2025-05-02,a8,99.77
2025-05-03,a8,99.79
2025-05-04,a8,99.76
2025-05-05,a8,99.8
2025-05-06,a8,99.76
2025-05-07,a8,99.71
2025-05-08,a8,99.75
2025-05-09,a8,99.83
2025-05-10,a8,99.94
2025-05-11,a8,99.95
2025-05-12,a8,99.97
2025-05-13,a8,99.99
2025-05-14,a8,99.95
2025-05-15,a8,99.8
2025-05-16,a8,99.71
2025-05-17,a8,99.43
2025-05-18,a8,99.42
2025-05-19,a8,99.49
2025-05-20,a8,99.59
2025-05-21,a8,99.67
2025-05-22,a8,99.73
2025-05-23,a8,99.74
2025-05-24,a8,99.89
2025-05-25,a8,99.87
2025-05-26,a8,99.79
2025-05-27,a8,99.57
2025-05-28,a8,99.41
2025-05-29,a8,99.3
2025-05-30,a8,99.12
2025-05-31,a8,98.92
2025-06-01,a8,98.7
2025-06-02,a8,98.46
2025-06-03,a8,98.37
2025-06-04,a8,98.04
2025-06-05,a8,97.62
2025-06-06,a8,97.34
2025-06-07,a8,97.1
2025-06-08,a8,96.86
2025-06-09,a8,96.63
2025-06-10,a8,96.17
2025-06-11,a8,95.93
2025-06-12,a8,95.65
2025-06-13,a8,95.34
2025-06-14,a8,94.92
2025-06-15,a8,94.66
2025-06-16,a8,94.33
2025-06-17,a8,94.18
2025-06-18,a8,93.94
2025-06-19,a8,93.84
2025-06-20,a8,93.62
2025-06-21,a8,93.52
2025-06-22,a8,93.26
2025-06-23,a8,93.09
2025-06-24,a8,92.9
2025-06-25,a8,92.83
2025-06-26,a8,92.72
2025-06-27,a8,92.62
2025-06-28,a8,92.58
2025-06-29,a8,92.52
2025-06-30,a8,92.51
2025-07-01,a8,92.36
2025-07-02,a8,92.21
2025-07-03,a8,92.07
2025-07-04,a8,92.01
2025-07-05,a8,91.94
2025-07-06,a8,91.84
2025-07-07,a8,91.7
2025-07-08,a8,91.66
2025-07-09,a8,91.55
2025-07-10,a8,91.45
2025-07-11,a8,91.35
2025-07-12,a8,91.17
2025-07-13,a8,91.06
2025-07-14,a8,90.99
2025-07-15,a8,90.64
2025-07-16,a8,90.34
2025-07-17,a8,89.98
2025-07-18,a8,89.64
2025-07-19,a8,89.24
2025-07-20,a8,89.05
2025-07-21,a8,88.82
2025-07-22,a8,88.88
2025-07-23,a8,88.95
2025-07-24,a8,89.01
2025-07-25,a8,89.09
2025-07-26,a8,89.25
2025-07-27,a8,89.18
2025-07-28,a8,89.08
2025-07-29,a8,88.99
2025-07-30,a8,88.85
2025-07-31,a8,88.76
2025-08-01,a8,88.51
2025-08-02,a8,88.33
2025-08-03,a8,88.13
2025-08-04,a8,88
2025-08-05,a8,87.93
2025-08-06,a8,87.81
2025-08-07,a8,87.64
2025-08-08,a8,87.55
2025-08-09,a8,87.36
2025-08-10,a8,87.29
2025-08-11,a8,87.23
2025-08-12,a8,87.16
2025-08-13,a8,87.15
2025-08-14,a8,87.12
2025-08-15,a8,87.23
2025-08-16,a8,87.31
2025-08-17,a8,87.32
2025-08-18,a8,87.34
2025-08-19,a8,87.33
2025-08-20,a8,87.41
2025-08-21,a8,87.53
2025-08-22,a8,87.58
2025-08-23,a8,87.71
2025-08-24,a8,87.7
2025-08-25,a8,87.69
2025-08-26,a8,87.69
2025-08-27,a8,87.75
2025-08-28,a8,87.8
2025-08-29,a8,87.77
2025-08-30,a8,87.79
2025-08-31,a8,87.78
2025-09-01,a8,87.69
2025-09-02,a8,87.73
2025-09-03,a8,87.66
2025-09-04,a8,87.61
2025-09-05,a8,87.61
2025-09-06,a8,87.6
2025-09-07,a8,87.63
2025-09-08,a8,87.65
2025-09-09,a8,87.54
2025-09-10,a8,87.43
2025-09-11,a8,87.32
2025-09-12,a8,87.14
2025-09-13,a8,86.95
2025-09-14,a8,86.77
2025-09-15,a8,86.6
2025-09-16,a8,86.51
2025-09-17,a8,86.39
2025-09-18,a8,86.22
2025-09-19,a8,86.11
2025-09-20,a8,86.05
2025-09-21,a8,85.96
2025-09-22,a8,85.9
2025-09-23,a8,85.71
2025-09-24,a8,85.51
2025-09-25,a8,85.33
2025-09-26,a8,85.13
2025-09-27,a8,84.85
2025-09-28,a8,84.64
2025-09-29,a8,84.43
2025-09-30,a8,84.26
2025-10-01,a8,84.25
2025-10-02,a8,84.3
2025-10-03,a8,84.37
2025-10-04,a8,84.42
2025-10-05,a8,84.46
2025-10-06,a8,84.5
2025-10-07,a8,84.58
2025-10-08,a8,84.52
2025-10-09,a8,84.42
2025-10-10,a8,84.39
2025-10-11,a8,84.34
2025-10-12,a8,84.29
2025-10-13,a8,84.23
2025-10-14,a8,84.19
2025-10-15,a8,84.26
2025-10-16,a8,84.27
2025-10-17,a8,84.23
2025-10-18,a8,84.2
2025-10-19,a8,84.27
2025-10-20,a8,84.31
2025-10-21,a8,84.18
2025-10-22,a8,84.13
2025-10-23,a8,84.11
2025-10-24,a8,84.07
2025-10-25,a8,84.07
2025-10-26,a8,83.98
2025-10-27,a8,84.03
2025-10-28,a8,84.15
2025-10-29,a8,84.11
2025-10-30,a8,84.12
2025-10-31,a8,84.07
2025-11-01,a8,83.82
2025-11-02,a8,83.85
2025-11-03,a8,83.8
2025-11-04,a8,83.78
2025-11-05,a8,83.8
2025-11-06,a8,83.82
2025-11-07,a8,83.95
2025-11-08,a8,84.23
2025-11-09,a8,84.23
2025-11-10,a8,84.27
2025-11-11,a8,84.33
2025-11-12,a8,84.32
2025-11-13,a8,84.3
2025-11-14,a8,84.27
2025-11-15,a8,84.35
2025-11-16,a8,84.37
2025-11-17,a8,84.37
2025-11-18,a8,84.4
2025-11-19,a8,84.29
2025-11-20,a8,84.26
2025-11-21,a8,84.19
2025-11-22,a8,84.07
2025-11-23,a8,83.91
2025-11-24,a8,83.76
2025-11-25,a8,83.63
2025-11-26,a8,83.78
2025-11-27,a8,83.83
2025-11-28,a8,83.92
2025-11-29,a8,84.04
2025-11-30,a8,84.17
2025-12-01,a8,84.18
2025-12-02,a8,84.13
2025-12-03,a8,83.97
2025-12-04,a8,83.74
2025-12-05,a8,83.55
2025-12-06,a8,83.3
2025-12-07,a8,83.04
2025-12-08,a8,82.82
2025-12-09,a8,82.68
2025-12-10,a8,82.51
2025-12-11,a8,82.42
2025-12-12,a8,82.22
2025-12-13,a8,82.14
2025-12-14,a8,82.13
2025-12-15,a8,82.19
2025-12-16,a8,82.19
2025-12-17,a8,82.22
2025-12-18,a8,82.24
2025-12-19,a8,82.36
2025-12-20,a8,82.34
2025-12-21,a8,82.32
2025-12-22,a8,82.34
2025-12-23,a8,82.42
2025-12-24,a8,82.48
2025-12-25,a8,82.55
2025-12-26,a8,82.59
2025-12-27,a8,82.59
2025-12-28,a8,82.59
2025-12-29,a8,82.61
2025-12-30,a8,82.59
2025-12-31,a8,82.54
2026-01-01,a8,82.03
2026-01-02,a8,81.48
2026-01-03,a8,80.86
2026-01-04,a8,80.18
2026-01-05,a8,79.52
2026-01-06,a8,78.98
2026-01-07,a8,78.55
2026-01-08,a8,78.59
2026-01-09,a8,78.79
2026-01-10,a8,79.09
2026-01-11,a8,79.45
2026-01-12,a8,79.7
2026-01-13,a8,79.91
2026-01-14,a8,80.24
2026-01-15,a8,80.59
2026-01-16,a8,80.91
2026-01-17,a8,81.24
2026-01-18,a8,81.58
2026-01-19,a8,81.91
2026-01-20,a8,82.29
2026-01-21,a8,82.56
2026-01-22,a8,82.91
2026-01-23,a8,83.21
2026-01-24,a8,83.46
2026-01-25,a8,83.63
2026-01-26,a8,83.78
2026-01-27,a8,83.81
2026-01-28,a8,83.72
2026-01-29,a8,83.58
2026-01-30,a8,83.46
2026-01-31,a8,83.3
2026-02-01,a8,83.2
2026-02-02,a8,82.93
2026-02-03,a8,82.82
2026-02-04,a8,82.7
2026-02-05,a8,82.66
2026-02-06,a8,82.64
2026-02-07,a8,82.67
2026-02-08,a8,82.67
2026-02-09,a8,82.94
2026-02-10,a8,83.08
2026-02-11,a8,83.27
2026-02-12,a8,83.49
2026-02-13,a8,83.72
2026-02-14,a8,83.86
2026-02-15,a8,84.04
2026-02-16,a8,84.16
2026-02-17,a8,84.33
2026-02-18,a8,84.57
2026-02-19,a8,84.68
2026-02-20,a8,84.86
2026-02-21,a8,85.11
2026-02-22,a8,85.32
2026-02-23,a8,85.51
2026-02-24,a8,85.6
2026-02-25,a8,85.64
2026-02-26,a8,85.6
2026-02-27,a8,85.52
2026-02-28,a8,85.38
2026-03-01,a8,85.24
2026-03-02,a8,85.13
2026-03-03,a8,85.08
2026-03-04,a8,85.05
2026-03-05,a8,85.07
2026-03-06,a8,84.97
2026-03-07,a8,84.87
2026-03-08,a8,84.76
2026-03-09,a8,84.64
2026-03-10,a8,84.43
2026-03-11,a8,83.95
2026-03-12,a8,83.43
2026-03-13,a8,82.96
2026-03-14,a8,82.45
2026-03-15,a8,81.91
2026-03-16,a8,81.38
2026-03-17,a8,80.86
2026-03-18,a8,80.66
2026-03-19,a8,80.37
2026-03-20,a8,80.06
2026-03-21,a8,79.75
2026-03-22,a8,79.45
2026-03-23,a8,79.3
2026-03-24,a8,79.19
2026-03-25,a8,78.97
2026-03-26,a8,78.79
2026-03-27,a8,78.64
2026-03-28,a8,78.59
2026-03-29,a8,78.6
2026-03-30,a8,78.49
2026-03-31,a8,78.39
2026-04-01,a8,78.35
2026-04-02,a8,78.43
2026-04-03,a8,78.5
2026-04-04,a8,78.66
2026-04-05,a8,78.8
2026-04-06,a8,78.9
2026-04-07,a8,78.89
2026-04-08,a8,78.85
2026-04-09,a8,78.84
2026-04-10,a8,78.86
2026-04-11,a8,78.81
2026-04-12,a8,78.79
2026-04-13,a8,78.86
2026-04-14,a8,79.07
2026-04-15,a8,79.25
2026-04-16,a8,79.35
2026-04-17,a8,79.38
2026-04-18,a8,79.44
2026-04-19,a8,79.55
2026-04-20,a8,79.59
2026-04-21,a8,79.65
2026-04-22,a8,79.83
2026-04-23,a8,79.98
2026-04-24,a8,80.11
2026-04-25,a8,80.11
2026-04-26,a8,80.09
2026-04-27,a8,80.08
2026-04-28,a8,80.05
2026-04-29,a8,79.93
2026-04-30,a8,79.75
2026-05-01,a8,79.51
2026-05-02,a8,79.06
2026-05-03,a8,78.63
2026-05-04,a8,78.19
2026-05-05,a8,77.93
2026-05-06,a8,77.81
2026-05-07,a8,77.76
2026-05-08,a8,77.8
2026-05-09,a8,78.11
2026-05-10,a8,78.35
2026-05-11,a8,78.63
2026-05-12,a8,78.81
2026-05-13,a8,78.89
2026-05-14,a8,78.9
2026-05-15,a8,78.76
2026-05-16,a8,78.63
2026-05-17,a8,78.55
2026-05-18,a8,78.45
2026-05-19,a8,78.18
2026-05-20,a8,77.95
2026-05-21,a8,77.77
2026-05-22,a8,77.63
2026-05-23,a8,77.48
2026-05-24,a8,77.33
2026-05-25,a8,77.07
2026-05-26,a8,76.61
2026-05-27,a8,76.12
2026-05-28,a8,75.57
2026-05-29,a8,75.12
2026-05-30,a8,74.89
2026-05-31,a8,74.64
2026-06-01,a8,74.25
2026-06-02,a8,74.19
2026-06-03,a8,74.13
2026-06-04,a8,74.12
2026-06-05,a8,74.17
2026-06-06,a8,74.22
2026-06-07,a8,74.26
2026-06-08,a8,74.35
2026-06-09,a8,74.39
2026-06-10,a8,74.4
2026-06-11,a8,74.53
2026-06-12,a8,74.61
2026-06-13,a8,74.61
2026-06-14,a8,74.58
2026-06-15,a8,74.85
2026-06-16,a8,75.06
2026-06-17,a8,75.25
2026-06-18,a8,75.26
2026-06-19,a8,75.31
2026-06-20,a8,75.43
2026-06-21,a8,75.55
2026-06-22,a8,75.46
2026-06-23,a8,75.32
2026-06-24,a8,75.21
2026-06-25,a8,75.24
2026-06-26,a8,75.19
2026-06-27,a8,75.1
2026-06-28,a8,75.05
2026-06-29,a8,74.96
2026-06-30,a8,74.92
2026-07-01,a8,74.78
2026-07-02,a8,74.57
2026-07-03,a8,74.44
2026-07-04,a8,74.34
2026-07-05,a8,74.21
2026-07-06,a8,74.07
2026-07-07,a8,73.96
2026-07-08,a8,74.01
2026-07-09,a8,73.95
2026-07-10,a8,73.83
2026-07-11,a8,73.75
2026-07-12,a8,73.76
2026-07-13,a8,73.83
2026-07-14,a8,73.94
2026-07-15,a8,73.68
2026-07-16,a8,73.49
2026-07-17,a8,73.27
2026-07-18,a8,73.06
2026-07-19,a8,72.78
2026-07-20,a8,72.56
2026-07-21,a8,72.39
2026-07-22,a8,72.45
2026-07-23,a8,72.65
2026-07-24,a8,72.79
2026-07-25,a8,72.9
2026-07-26,a8,73.08
2026-07-27,a8,73.13
2026-07-28,a8,73.12
2026-07-29,a8,73.06
2026-07-30,a8,72.92
2026-07-31,a8,72.77
2026-08-01,a8,72.57
2026-08-02,a8,72.31
2026-08-03,a8,72.11
2026-08-04,a8,72
2026-08-05,a8,71.94
2026-08-06,a8,71.78
2026-08-07,a8,71.69
2026-08-08,a8,71.57
2026-08-09,a8,71.58
2026-08-10,a8,71.56
2026-08-11,a8,71.51
2026-08-12,a8,71.48
2026-08-13,a8,71.57
2026-08-14,a8,71.67
2026-08-15,a8,71.72
2026-08-16,a8,71.71
2026-08-17,a8,71.8
2026-08-18,a8,71.84
2026-08-19,a8,71.86
2026-08-20,a8,71.92
2026-08-21,a8,71.96
2026-08-22,a8,72.11
2026-08-23,a8,72.23
2026-08-24,a8,72.22
2026-08-25,a8,72.23
2026-08-26,a8,72.32
2026-08-27,a8,72.35
2026-08-28,a8,72.35
2026-08-29,a8,72.4
2026-08-30,a8,72.38
2026-08-31,a8,72.3
2026-09-01,a8,72.25
2026-09-02,a8,72.3
2026-09-03,a8,72.35
2026-09-04,a8,72.55
2026-09-05,a8,72.7
2026-09-06,a8,72.81
2026-09-07,a8,73.02
2026-09-08,a8,73.13
2026-09-09,a8,73.08
2026-09-10,a8,73.16
2026-09-11,a8,73.1
2026-09-12,a8,73.1
2026-09-13,a8,73.14
2026-09-14,a8,73.16
2026-09-15,a8,73.21
2026-09-16,a8,73.23
2026-09-17,a8,73.01
2026-09-18,a8,72.83
2020-02-01,ara,100
2020-02-02,ara,99.83
2020-02-03,ara,99.89
2020-02-04,ara,99.99
2020-02-05,ara,100.12
2020-02-06,ara,100.23
2020-02-07,ara,100.19
2020-02-08,ara,99.96
2020-02-09,ara,99.91
2020-02-10,ara,99.73
2020-02-11,ara,99.56
2020-02-12,ara,99.55
2020-02-13,ara,99.47
2020-02-14,ara,99.4
2020-02-15,ara,99.43
2020-02-16,ara,99.36
2020-02-17,ara,99.36
2020-02-18,ara,99.24
2020-02-19,ara,99.1
2020-02-20,ara,99.09
2020-02-21,ara,98.92
2020-02-22,ara,98.77
2020-02-23,ara,98.72
2020-02-24,ara,98.63
2020-02-25,ara,98.76
2020-02-26,ara,98.83
2020-02-27,ara,99
2020-02-28,ara,99.35
2020-02-29,ara,99.68
2020-03-01,ara,100
2020-03-02,ara,100.31
2020-03-03,ara,100.44
2020-03-04,ara,100.51
2020-03-05,ara,100.39
2020-03-06,ara,100.31
2020-03-07,ara,100.07
2020-03-08,ara,99.73
2020-03-09,ara,99.38
2020-03-10,ara,99.2
2020-03-11,ara,99.08
2020-03-12,ara,98.94
2020-03-13,ara,98.85
2020-03-14,ara,98.77
2020-03-15,ara,98.65
2020-03-16,ara,98.62
2020-03-17,ara,98.25
2020-03-18,ara,97.72
2020-03-19,ara,96.97
2020-03-20,ara,95.95
2020-03-21,ara,94.74
2020-03-22,ara,93.46
2020-03-23,ara,92.06
2020-03-24,ara,90.65
2020-03-25,ara,89.18
2020-03-26,ara,87.47
2020-03-27,ara,86
2020-03-28,ara,84.34
2020-03-29,ara,82.73
2020-03-30,ara,81.14
2020-03-31,ara,79.63
2020-04-01,ara,78.19
2020-04-02,ara,77.06
2020-04-03,ara,75.72
2020-04-04,ara,74.97
2020-04-05,ara,74.2
2020-04-06,ara,73.38
2020-04-07,ara,72.38
2020-04-08,ara,71.41
2020-04-09,ara,70.56
2020-04-10,ara,69.59
2020-04-11,ara,68.23
2020-04-12,ara,66.84
2020-04-13,ara,65.66
2020-04-14,ara,64.74
2020-04-15,ara,63.91
2020-04-16,ara,63.05
2020-04-17,ara,62.34
2020-04-18,ara,61.97
2020-04-19,ara,61.68
2020-04-20,ara,61.47
2020-04-21,ara,61.34
2020-04-22,ara,61.21
2020-04-23,ara,61.02
2020-04-24,ara,61.06
2020-04-25,ara,60.97
2020-04-26,ara,60.77
2020-04-27,ara,60.69
2020-04-28,ara,60.49
2020-04-29,ara,60.16
2020-04-30,ara,60.07
2020-05-01,ara,59.85
2020-05-02,ara,59.78
2020-05-03,ara,59.76
2020-05-04,ara,59.59
2020-05-05,ara,59.41
2020-05-06,ara,59.32
2020-05-07,ara,59.07
2020-05-08,ara,58.85
2020-05-09,ara,58.58
2020-05-10,ara,58.43
2020-05-11,ara,58.21
2020-05-12,ara,58.08
2020-05-13,ara,58.14
2020-05-14,ara,58.11
2020-05-15,ara,58.17
2020-05-16,ara,58.08
2020-05-17,ara,58.07
2020-05-18,ara,58.19
2020-05-19,ara,58.41
2020-05-20,ara,58.55
2020-05-21,ara,58.77
2020-05-22,ara,59.04
2020-05-23,ara,59.3
2020-05-24,ara,59.52
2020-05-25,ara,59.77
2020-05-26,ara,59.83
2020-05-27,ara,59.72
2020-05-28,ara,59.62
2020-05-29,ara,59.53
2020-05-30,ara,59.64
2020-05-31,ara,59.69
2020-06-01,ara,59.7
2020-06-02,ara,59.69
2020-06-03,ara,59.88
2020-06-04,ara,60
2020-06-05,ara,60.09
2020-06-06,ara,59.91
2020-06-07,ara,59.8
2020-06-08,ara,59.61
2020-06-09,ara,59.52
2020-06-10,ara,59.5
2020-06-11,ara,59.58
2020-06-12,ara,59.62
2020-06-13,ara,59.81
2020-06-14,ara,60.02
2020-06-15,ara,60.2
2020-06-16,ara,60.38
2020-06-17,ara,60.43
2020-06-18,ara,60.46
2020-06-19,ara,60.45
2020-06-20,ara,60.37
2020-06-21,ara,60.35
2020-06-22,ara,60.3
2020-06-23,ara,60.37
2020-06-24,ara,60.5
2020-06-25,ara,60.71
2020-06-26,ara,60.85
2020-06-27,ara,61.01
2020-06-28,ara,61.16
2020-06-29,ara,61.23
2020-06-30,ara,61.29
2020-07-01,ara,61.43
2020-07-02,ara,61.49
2020-07-03,ara,61.79
2020-07-04,ara,62.08
2020-07-05,ara,62.2
2020-07-06,ara,62.61
2020-07-07,ara,62.97
2020-07-08,ara,63.31
2020-07-09,ara,63.76
2020-07-10,ara,64.05
2020-07-11,ara,64.07
2020-07-12,ara,64.41
2020-07-13,ara,64.47
2020-07-14,ara,64.52
2020-07-15,ara,64.57
2020-07-16,ara,64.54
2020-07-17,ara,64.56
2020-07-18,ara,64.93
2020-07-19,ara,65.04
2020-07-20,ara,65.43
2020-07-21,ara,65.7
2020-07-22,ara,66
2020-07-23,ara,66.31
2020-07-24,ara,66.57
2020-07-25,ara,66.78
2020-07-26,ara,66.9
2020-07-27,ara,66.86
2020-07-28,ara,66.95
2020-07-29,ara,67.01
2020-07-30,ara,66.88
2020-07-31,ara,66.97
2020-08-01,ara,67
2020-08-02,ara,67.16
2020-08-03,ara,67.42
2020-08-04,ara,67.58
2020-08-05,ara,68.3
2020-08-06,ara,69.23
2020-08-07,ara,69.92
2020-08-08,ara,70.73
2020-08-09,ara,71.63
2020-08-10,ara,72.35
2020-08-11,ara,72.95
2020-08-12,ara,73.17
2020-08-13,ara,73.61
2020-08-14,ara,74.13
2020-08-15,ara,74.61
2020-08-16,ara,75.28
2020-08-17,ara,76.07
2020-08-18,ara,77.12
2020-08-19,ara,77.84
2020-08-20,ara,78.21
2020-08-21,ara,78.65
2020-08-22,ara,78.9
2020-08-23,ara,78.94
2020-08-24,ara,78.95
2020-08-25,ara,78.97
2020-08-26,ara,78.97
2020-08-27,ara,79.2
2020-08-28,ara,79.2
2020-08-29,ara,79.41
2020-08-30,ara,79.55
2020-08-31,ara,79.61
2020-09-01,ara,79.61
2020-09-02,ara,79.74
2020-09-03,ara,79.72
2020-09-04,ara,79.82
2020-09-05,ara,79.84
2020-09-06,ara,79.96
2020-09-07,ara,80.01
2020-09-08,ara,80.04
2020-09-09,ara,80.08
2020-09-10,ara,80.17
2020-09-11,ara,80.29
2020-09-12,ara,80.35
2020-09-13,ara,80.29
2020-09-14,ara,80.25
2020-09-15,ara,80.04
2020-09-16,ara,79.93
2020-09-17,ara,79.84
2020-09-18,ara,79.73
2020-09-19,ara,79.85
2020-09-20,ara,80.15
2020-09-21,ara,80.28
2020-09-22,ara,80.77
2020-09-23,ara,81.15
2020-09-24,ara,81.47
2020-09-25,ara,81.77
2020-09-26,ara,81.93
2020-09-27,ara,82.05
2020-09-28,ara,82.54
2020-09-29,ara,82.78
2020-09-30,ara,82.98
2020-10-01,ara,83.03
2020-10-02,ara,83.09
2020-10-03,ara,83.27
2020-10-04,ara,83.32
2020-10-05,ara,83.21
2020-10-06,ara,83.28
2020-10-07,ara,83.17
2020-10-08,ara,83.14
2020-10-09,ara,83.17
2020-10-10,ara,83.15
2020-10-11,ara,83.28
2020-10-12,ara,83.43
2020-10-13,ara,83.43
2020-10-14,ara,83.61
2020-10-15,ara,84.03
2020-10-16,ara,84.07
2020-10-17,ara,84.11
2020-10-18,ara,84.2
2020-10-19,ara,84.16
2020-10-20,ara,84.17
2020-10-21,ara,84.32
2020-10-22,ara,84.12
2020-10-23,ara,84.08
2020-10-24,ara,84.07
2020-10-25,ara,83.85
2020-10-26,ara,83.8
2020-10-27,ara,83.84
2020-10-28,ara,83.73
2020-10-29,ara,83.75
2020-10-30,ara,83.77
2020-10-31,ara,83.63
2020-11-01,ara,83.43
2020-11-02,ara,83.4
2020-11-03,ara,83.1
2020-11-04,ara,82.74
2020-11-05,ara,82.36
2020-11-06,ara,81.96
2020-11-07,ara,81.73
2020-11-08,ara,81.65
2020-11-09,ara,81.28
2020-11-10,ara,81.05
2020-11-11,ara,80.94
2020-11-12,ara,80.85
2020-11-13,ara,80.68
2020-11-14,ara,80.22
2020-11-15,ara,80.1
2020-11-16,ara,80.06
2020-11-17,ara,79.97
2020-11-18,ara,80.13
2020-11-19,ara,80.26
2020-11-20,ara,80.47
2020-11-21,ara,80.97
2020-11-22,ara,81.16
2020-11-23,ara,81.31
2020-11-24,ara,81.44
2020-11-25,ara,81.46
2020-11-26,ara,81.61
2020-11-27,ara,81.76
2020-11-28,ara,81.88
2020-11-29,ara,82.06
2020-11-30,ara,82.23
2020-12-01,ara,82.49
2020-12-02,ara,82.61
2020-12-03,ara,82.71
2020-12-04,ara,82.81
2020-12-05,ara,83.08
2020-12-06,ara,83.28
2020-12-07,ara,83.53
2020-12-08,ara,83.63
2020-12-09,ara,83.86
2020-12-10,ara,84.13
2020-12-11,ara,84.45
2020-12-12,ara,84.59
2020-12-13,ara,84.76
2020-12-14,ara,85.01
2020-12-15,ara,85.31
2020-12-16,ara,85.43
2020-12-17,ara,85.37
2020-12-18,ara,85.42
2020-12-19,ara,85.55
2020-12-20,ara,85.56
2020-12-21,ara,85.61
2020-12-22,ara,85.71
2020-12-23,ara,85.88
2020-12-24,ara,86.22
2020-12-25,ara,86.64
2020-12-26,ara,86.72
2020-12-27,ara,87.04
2020-12-28,ara,87.44
2020-12-29,ara,87.79
2020-12-30,ara,88.12
2020-12-31,ara,88.47
2021-01-01,ara,88.8
2021-01-02,ara,89.22
2021-01-03,ara,89.51
2021-01-04,ara,89.47
2021-01-05,ara,89.63
2021-01-06,ara,89.84
2021-01-07,ara,90.08
2021-01-08,ara,90.06
2021-01-09,ara,90.32
2021-01-10,ara,90.44
2021-01-11,ara,90.58
2021-01-12,ara,90.71
2021-01-13,ara,90.81
2021-01-14,ara,90.89
2021-01-15,ara,91
2021-01-16,ara,90.97
2021-01-17,ara,90.98
2021-01-18,ara,91.22
2021-01-19,ara,91.38
2021-01-20,ara,91.54
2021-01-21,ara,91.63
2021-01-22,ara,91.79
2021-01-23,ara,92.04
2021-01-24,ara,92.35
2021-01-25,ara,92.47
2021-01-26,ara,92.56
2021-01-27,ara,92.34
2021-01-28,ara,92.1
2021-01-29,ara,91.94
2021-01-30,ara,91.82
2021-01-31,ara,91.72
2021-02-01,ara,91.96
2021-02-02,ara,92.17
2021-02-03,ara,92.58
2021-02-04,ara,92.98
2021-02-05,ara,93.24
2021-02-06,ara,93.32
2021-02-07,ara,93.45
2021-02-08,ara,93.11
2021-02-09,ara,92.76
2021-02-10,ara,92.42
2021-02-11,ara,92.24
2021-02-12,ara,92.12
2021-02-13,ara,92.1
2021-02-14,ara,91.99
2021-02-15,ara,92.11
2021-02-16,ara,92.22
2021-02-17,ara,92.39
2021-02-18,ara,92.5
2021-02-19,ara,92.48
2021-02-20,ara,92.44
2021-02-21,ara,92.35
2021-02-22,ara,92.18
2021-02-23,ara,92.17
2021-02-24,ara,92.2
2021-02-25,ara,92.23
2021-02-26,ara,92.36
2021-02-27,ara,92.49
2021-02-28,ara,92.61
2021-03-01,ara,92.62
2021-03-02,ara,92.42
2021-03-03,ara,92.33
2021-03-04,ara,92.18
2021-03-05,ara,92.06
2021-03-06,ara,92.01
2021-03-07,ara,92.08
2021-03-08,ara,92.14
2021-03-09,ara,92.31
2021-03-10,ara,92.39
2021-03-11,ara,93.1
2021-03-12,ara,93.07
2021-03-13,ara,93.44
2021-03-14,ara,93.59
2021-03-15,ara,93.9
2021-03-16,ara,94.69
2021-03-17,ara,95.21
2021-03-18,ara,95.34
2021-03-19,ara,96.28
2021-03-20,ara,96.92
2021-03-21,ara,97.81
2021-03-22,ara,98.6
2021-03-23,ara,98.71
2021-03-24,ara,99.03
2021-03-25,ara,99.16
2021-03-26,ara,99.14
2021-03-27,ara,98.98
2021-03-28,ara,98.68
2021-03-29,ara,98.44
2021-03-30,ara,98.4
2021-03-31,ara,98.47
2021-04-01,ara,98.22
2021-04-02,ara,98.11
2021-04-03,ara,98.01
2021-04-04,ara,98.24
2021-04-05,ara,98.58
2021-04-06,ara,98.73
2021-04-07,ara,98.58
2021-04-08,ara,98.56
2021-04-09,ara,98.56
2021-04-10,ara,98.53
2021-04-11,ara,97.71
2021-04-12,ara,97.08
2021-04-13,ara,96.8
2021-04-14,ara,96.73
2021-04-15,ara,96.83
2021-04-16,ara,96.89
2021-04-17,ara,97
2021-04-18,ara,97.66
2021-04-19,ara,98.1
2021-04-20,ara,98.42
2021-04-21,ara,98.87
2021-04-22,ara,99.32
2021-04-23,ara,99.81
2021-04-24,ara,100.23
2021-04-25,ara,100.47
2021-04-26,ara,100.34
2021-04-27,ara,100.49
2021-04-28,ara,100.46
2021-04-29,ara,100.41
2021-04-30,ara,100.4
2021-05-01,ara,100.59
2021-05-02,ara,101.15
2021-05-03,ara,102.14
2021-05-04,ara,102.94
2021-05-05,ara,103.83
2021-05-06,ara,104.79
2021-05-07,ara,105.74
2021-05-08,ara,106.77
2021-05-09,ara,107.78
2021-05-10,ara,108.69
2021-05-11,ara,109.51
2021-05-12,ara,110.41
2021-05-13,ara,111.31
2021-05-14,ara,111.66
2021-05-15,ara,111.84
2021-05-16,ara,111.9
2021-05-17,ara,111.89
2021-05-18,ara,112.09
2021-05-19,ara,112.34
2021-05-20,ara,112.69
2021-05-21,ara,113.57
2021-05-22,ara,114.46
2021-05-23,ara,115.23
2021-05-24,ara,116.11
2021-05-25,ara,116.69
2021-05-26,ara,117.03
2021-05-27,ara,117.27
2021-05-28,ara,117.47
2021-05-29,ara,117.78
2021-05-30,ara,118.24
2021-05-31,ara,118.57
2021-06-01,ara,119.06
2021-06-02,ara,119.55
2021-06-03,ara,120.18
2021-06-04,ara,120.71
2021-06-05,ara,121.35
2021-06-06,ara,121.85
2021-06-07,ara,122.22
2021-06-08,ara,122.56
2021-06-09,ara,122.92
2021-06-10,ara,123.02
2021-06-11,ara,123.33
2021-06-12,ara,123.53
2021-06-13,ara,123.67
2021-06-14,ara,124.12
2021-06-15,ara,124.83
2021-06-16,ara,125.72
2021-06-17,ara,126.57
2021-06-18,ara,127.39
2021-06-19,ara,128.1
2021-06-20,ara,128.76
2021-06-21,ara,129.35
2021-06-22,ara,129.59
2021-06-23,ara,129.82
2021-06-24,ara,130.13
2021-06-25,ara,130.36
2021-06-26,ara,130.61
2021-06-27,ara,130.81
2021-06-28,ara,131.15
2021-06-29,ara,131.54
2021-06-30,ara,131.8
2021-07-01,ara,132.05
2021-07-02,ara,132.36
2021-07-03,ara,132.67
2021-07-04,ara,133.11
2021-07-05,ara,133.14
2021-07-06,ara,133.25
2021-07-07,ara,133.38
2021-07-08,ara,133.6
2021-07-09,ara,133.72
2021-07-10,ara,133.98
2021-07-11,ara,134.04
2021-07-12,ara,134.39
2021-07-13,ara,134.7
2021-07-14,ara,135.08
2021-07-15,ara,135.25
2021-07-16,ara,135.58
2021-07-17,ara,135.92
2021-07-18,ara,136.56
2021-07-19,ara,137.2
2021-07-20,ara,137.77
2021-07-21,ara,138.02
2021-07-22,ara,138.51
2021-07-23,ara,138.51
2021-07-24,ara,138.78
2021-07-25,ara,138.94
2021-07-26,ara,138.83
2021-07-27,ara,138.7
2021-07-28,ara,138.86
2021-07-29,ara,138.61
2021-07-30,ara,138.9
2021-07-31,ara,138.75
2021-08-01,ara,138.43
2021-08-02,ara,138.39
2021-08-03,ara,138.17
2021-08-04,ara,138.03
2021-08-05,ara,138.03
2021-08-06,ara,137.78
2021-08-07,ara,137.59
2021-08-08,ara,137.56
2021-08-09,ara,137.32
2021-08-10,ara,137.41
2021-08-11,ara,137.28
2021-08-12,ara,137.33
2021-08-13,ara,137.57
2021-08-14,ara,137.65
2021-08-15,ara,137.83
2021-08-16,ara,138.31
2021-08-17,ara,138.69
2021-08-18,ara,139.13
2021-08-19,ara,139.6
2021-08-20,ara,140.02
2021-08-21,ara,140.42
2021-08-22,ara,140.71
2021-08-23,ara,140.83
2021-08-24,ara,141.11
2021-08-25,ara,141.26
2021-08-26,ara,141.37
2021-08-27,ara,141.55
2021-08-28,ara,141.99
2021-08-29,ara,142.18
2021-08-30,ara,142.45
2021-08-31,ara,142.47
2021-09-01,ara,142.73
2021-09-02,ara,142.97
2021-09-03,ara,142.92
2021-09-04,ara,142.98
2021-09-05,ara,143.17
2021-09-06,ara,143.3
2021-09-07,ara,143.56
2021-09-08,ara,143.83
2021-09-09,ara,143.99
2021-09-10,ara,144.29
2021-09-11,ara,144.66
2021-09-12,ara,144.94
2021-09-13,ara,145.2
2021-09-14,ara,145.22
2021-09-15,ara,145.37
2021-09-16,ara,145.6
2021-09-17,ara,145.94
2021-09-18,ara,146.16
2021-09-19,ara,146.57
2021-09-20,ara,147.11
2021-09-21,ara,147.64
2021-09-22,ara,148.06
2021-09-23,ara,148.64
2021-09-24,ara,148.92
2021-09-25,ara,149.1
2021-09-26,ara,149.34
2021-09-27,ara,149.31
2021-09-28,ara,149.64
2021-09-29,ara,149.6
2021-09-30,ara,149.41
2021-10-01,ara,149.39
2021-10-02,ara,149.38
2021-10-03,ara,149.13
2021-10-04,ara,149.09
2021-10-05,ara,148.96
2021-10-06,ara,149.51
2021-10-07,ara,149.96
2021-10-08,ara,150.42
2021-10-09,ara,150.91
2021-10-10,ara,151.48
2021-10-11,ara,151.98
2021-10-12,ara,152.07
2021-10-13,ara,151.83
2021-10-14,ara,151.49
2021-10-15,ara,151.21
2021-10-16,ara,151.1
2021-10-17,ara,151.01
2021-10-18,ara,150.66
2021-10-19,ara,150.87
2021-10-20,ara,150.8
2021-10-21,ara,151.17
2021-10-22,ara,151.21
2021-10-23,ara,151.31
2021-10-24,ara,151.2
2021-10-25,ara,151.35
2021-10-26,ara,151.46
2021-10-27,ara,151.71
2021-10-28,ara,151.68
2021-10-29,ara,152.02
2021-10-30,ara,152.45
2021-10-31,ara,153.01
2021-11-01,ara,153.75
2021-11-02,ara,154.08
2021-11-03,ara,154.16
2021-11-04,ara,154.47
2021-11-05,ara,154.56
2021-11-06,ara,154.38
2021-11-07,ara,154.31
2021-11-08,ara,153.85
2021-11-09,ara,153.66
2021-11-10,ara,153.73
2021-11-11,ara,153.8
2021-11-12,ara,153.77
2021-11-13,ara,153.5
2021-11-14,ara,153.29
2021-11-15,ara,153.33
2021-11-16,ara,153.3
2021-11-17,ara,153.06
2021-11-18,ara,152.14
2021-11-19,ara,151.68
2021-11-20,ara,151.31
2021-11-21,ara,150.73
2021-11-22,ara,150.14
2021-11-23,ara,149.67
2021-11-24,ara,149.44
2021-11-25,ara,149.7
2021-11-26,ara,149.52
2021-11-27,ara,149.49
2021-11-28,ara,149.57
2021-11-29,ara,149.85
2021-11-30,ara,150.03
2021-12-01,ara,150.19
2021-12-02,ara,150.26
2021-12-03,ara,150.54
2021-12-04,ara,150.93
2021-12-05,ara,151.16
2021-12-06,ara,151.22
2021-12-07,ara,151.39
2021-12-08,ara,151.42
2021-12-09,ara,151.44
2021-12-10,ara,151.35
2021-12-11,ara,151.27
2021-12-12,ara,151.43
2021-12-13,ara,151.52
2021-12-14,ara,151.4
2021-12-15,ara,151.43
2021-12-16,ara,151.57
2021-12-17,ara,151.64
2021-12-18,ara,151.59
2021-12-19,ara,151.69
2021-12-20,ara,151.77
2021-12-21,ara,151.75
2021-12-22,ara,151.69
2021-12-23,ara,151.68
2021-12-24,ara,151.8
2021-12-25,ara,151.78
2021-12-26,ara,151.73
2021-12-27,ara,151.86
2021-12-28,ara,152.01
2021-12-29,ara,152.18
2021-12-30,ara,152.26
2021-12-31,ara,152.29
2022-01-01,ara,152.21
2022-01-02,ara,152.12
2022-01-03,ara,151.87
2022-01-04,ara,151.93
2022-01-05,ara,151.83
2022-01-06,ara,151.72
2022-01-07,ara,151.73
2022-01-08,ara,152.11
2022-01-09,ara,152
2022-01-10,ara,152.05
2022-01-11,ara,151.59
2022-01-12,ara,151.53
2022-01-13,ara,151.56
2022-01-14,ara,151.52
2022-01-15,ara,151.23
2022-01-16,ara,151.14
2022-01-17,ara,150.84
2022-01-18,ara,151.06
2022-01-19,ara,151.04
2022-01-20,ara,151.19
2022-01-21,ara,151.14
2022-01-22,ara,151.36
2022-01-23,ara,151.6
2022-01-24,ara,151.95
2022-01-25,ara,152.06
2022-01-26,ara,152.33
2022-01-27,ara,152.49
2022-01-28,ara,152.98
2022-01-29,ara,153.25
2022-01-30,ara,153.84
2022-01-31,ara,154.44
2022-02-01,ara,155.21
2022-02-02,ara,155.85
2022-02-03,ara,156.38
2022-02-04,ara,156.83
2022-02-05,ara,157.31
2022-02-06,ara,157.5
2022-02-07,ara,157.56
2022-02-08,ara,157.66
2022-02-09,ara,157.85
2022-02-10,ara,158.05
2022-02-11,ara,158.29
2022-02-12,ara,158.59
2022-02-13,ara,158.9
2022-02-14,ara,159.17
2022-02-15,ara,159.3
2022-02-16,ara,159.41
2022-02-17,ara,159.68
2022-02-18,ara,159.7
2022-02-19,ara,159.66
2022-02-20,ara,159.72
2022-02-21,ara,160.18
2022-02-22,ara,160.56
2022-02-23,ara,160.8
2022-02-24,ara,161.1
2022-02-25,ara,161.48
2022-02-26,ara,161.85
2022-02-27,ara,162.09
2022-02-28,ara,162
2022-03-01,ara,162.13
2022-03-02,ara,162.09
2022-03-03,ara,162.1
2022-03-04,ara,162.21
2022-03-05,ara,162.48
2022-03-06,ara,162.59
2022-03-07,ara,162.87
2022-03-08,ara,163.16
2022-03-09,ara,163.58
2022-03-10,ara,163.77
2022-03-11,ara,163.82
2022-03-12,ara,163.88
2022-03-13,ara,164.34
2022-03-14,ara,164.58
2022-03-15,ara,164.73
2022-03-16,ara,164.86
2022-03-17,ara,165.22
2022-03-18,ara,165.79
2022-03-19,ara,166.06
2022-03-20,ara,166.27
2022-03-21,ara,166.53
2022-03-22,ara,167.11
2022-03-23,ara,167.86
2022-03-24,ara,168.54
2022-03-25,ara,169.36
2022-03-26,ara,170.18
2022-03-27,ara,170.53
2022-03-28,ara,171.09
2022-03-29,ara,171.45
2022-03-30,ara,171.66
2022-03-31,ara,171.77
2022-04-01,ara,171.77
2022-04-02,ara,172.1
2022-04-03,ara,172.6
2022-04-04,ara,172.67
2022-04-05,ara,172.79
2022-04-06,ara,172.72
2022-04-07,ara,172.68
2022-04-08,ara,172.63
2022-04-09,ara,172.41
2022-04-10,ara,172.38
2022-04-11,ara,172.39
2022-04-12,ara,172.4
2022-04-13,ara,172.77
2022-04-14,ara,173.19
2022-04-15,ara,173.51
2022-04-16,ara,173.87
2022-04-17,ara,174.15
2022-04-18,ara,174.54
2022-04-19,ara,174.64
2022-04-20,ara,174.73
2022-04-21,ara,174.61
2022-04-22,ara,174.47
2022-04-23,ara,174.54
2022-04-24,ara,174.47
2022-04-25,ara,174.55
2022-04-26,ara,174.73
2022-04-27,ara,174.96
2022-04-28,ara,175.3
2022-04-29,ara,175.79
2022-04-30,ara,175.96
2022-05-01,ara,176.53
2022-05-02,ara,177.24
2022-05-03,ara,177.57
2022-05-04,ara,177.99
2022-05-05,ara,178.34
2022-05-06,ara,178.8
2022-05-07,ara,179.13
2022-05-08,ara,179.37
2022-05-09,ara,179.63
2022-05-10,ara,180.35
2022-05-11,ara,180.72
2022-05-12,ara,180.97
2022-05-13,ara,180.7
2022-05-14,ara,180.88
2022-05-15,ara,181.16
2022-05-16,ara,181.25
2022-05-17,ara,181.16
2022-05-18,ara,181.64
2022-05-19,ara,182.52
2022-05-20,ara,183.86
2022-05-21,ara,185.05
2022-05-22,ara,186.14
2022-05-23,ara,187.35
2022-05-24,ara,188.55
2022-05-25,ara,189.53
2022-05-26,ara,190.22
2022-05-27,ara,190.27
2022-05-28,ara,189.8
2022-05-29,ara,189.29
2022-05-30,ara,188.73
2022-05-31,ara,188.23
2022-06-01,ara,187.67
2022-06-02,ara,187.15
2022-06-03,ara,187.13
2022-06-04,ara,187.32
2022-06-05,ara,187.4
2022-06-06,ara,187.42
2022-06-07,ara,187.27
2022-06-08,ara,186.7
2022-06-09,ara,185.98
2022-06-10,ara,185.77
2022-06-11,ara,185.46
2022-06-12,ara,185.04
2022-06-13,ara,184.63
2022-06-14,ara,184.65
2022-06-15,ara,184.99
2022-06-16,ara,185.47
2022-06-17,ara,185.53
2022-06-18,ara,185.48
2022-06-19,ara,185.76
2022-06-20,ara,185.93
2022-06-21,ara,185.88
2022-06-22,ara,185.87
2022-06-23,ara,185.91
2022-06-24,ara,185.66
2022-06-25,ara,185.75
2022-06-26,ara,185.71
2022-06-27,ara,185.77
2022-06-28,ara,186
2022-06-29,ara,186.25
2022-06-30,ara,186.64
2022-07-01,ara,187.1
2022-07-02,ara,187.7
2022-07-03,ara,188.26
2022-07-04,ara,188.72
2022-07-05,ara,189.02
2022-07-06,ara,189.1
2022-07-07,ara,189.13
2022-07-08,ara,189.22
2022-07-09,ara,189.43
2022-07-10,ara,190.88
2022-07-11,ara,192.58
2022-07-12,ara,194.3
2022-07-13,ara,195.89
2022-07-14,ara,197.09
2022-07-15,ara,197.5
2022-07-16,ara,197.53
2022-07-17,ara,196.32
2022-07-18,ara,194.86
2022-07-19,ara,193.34
2022-07-20,ara,191.98
2022-07-21,ara,190.84
2022-07-22,ara,190.54
2022-07-23,ara,190.23
2022-07-24,ara,190.12
2022-07-25,ara,189.91
2022-07-26,ara,189.71
2022-07-27,ara,189.55
2022-07-28,ara,189.38
2022-07-29,ara,189.07
2022-07-30,ara,188.97
2022-07-31,ara,188.54
2022-08-01,ara,188.47
2022-08-02,ara,188.38
2022-08-03,ara,188.24
2022-08-04,ara,188.06
2022-08-05,ara,188.02
2022-08-06,ara,188.1
2022-08-07,ara,188.09
2022-08-08,ara,188.18
2022-08-09,ara,188.44
2022-08-10,ara,188.49
2022-08-11,ara,188.61
2022-08-12,ara,188.84
2022-08-13,ara,188.81
2022-08-14,ara,189.27
2022-08-15,ara,189.52
2022-08-16,ara,189.57
2022-08-17,ara,189.87
2022-08-18,ara,190.14
2022-08-19,ara,190.06
2022-08-20,ara,190.08
2022-08-21,ara,189.78
2022-08-22,ara,189.68
2022-08-23,ara,189.65
2022-08-24,ara,189.65
2022-08-25,ara,189.85
2022-08-26,ara,190.23
2022-08-27,ara,190.58
2022-08-28,ara,190.95
2022-08-29,ara,190.91
2022-08-30,ara,190.94
2022-08-31,ara,191.08
2022-09-01,ara,191.11
2022-09-02,ara,191.15
2022-09-03,ara,191.4
2022-09-04,ara,191.57
2022-09-05,ara,191.84
2022-09-06,ara,191.98
2022-09-07,ara,191.91
2022-09-08,ara,191.88
2022-09-09,ara,191.68
2022-09-10,ara,191.53
2022-09-11,ara,191.53
2022-09-12,ara,191.53
2022-09-13,ara,191.66
2022-09-14,ara,191.85
2022-09-15,ara,191.87
2022-09-16,ara,192.12
2022-09-17,ara,192.14
2022-09-18,ara,192.13
2022-09-19,ara,192.12
2022-09-20,ara,191.84
2022-09-21,ara,191.7
2022-09-22,ara,191.74
2022-09-23,ara,191.75
2022-09-24,ara,191.9
2022-09-25,ara,192.19
2022-09-26,ara,192.55
2022-09-27,ara,193.29
2022-09-28,ara,193.6
2022-09-29,ara,194.07
2022-09-30,ara,194.53
2022-10-01,ara,194.86
2022-10-02,ara,195.12
2022-10-03,ara,195.38
2022-10-04,ara,195.42
2022-10-05,ara,195.67
2022-10-06,ara,195.72
2022-10-07,ara,195.66
2022-10-08,ara,195.79
2022-10-09,ara,195.62
2022-10-10,ara,195.61
2022-10-11,ara,195.65
2022-10-12,ara,195.74
2022-10-13,ara,195.97
2022-10-14,ara,196.26
2022-10-15,ara,196.38
2022-10-16,ara,196.8
2022-10-17,ara,196.84
2022-10-18,ara,197.12
2022-10-19,ara,197.41
2022-10-20,ara,197.6
2022-10-21,ara,197.6
2022-10-22,ara,197.76
2022-10-23,ara,197.99
2022-10-24,ara,198.32
2022-10-25,ara,198.45
2022-10-26,ara,198.41
2022-10-27,ara,198.5
2022-10-28,ara,198.75
2022-10-29,ara,199.04
2022-10-30,ara,199.34
2022-10-31,ara,199.75
2022-11-01,ara,200.21
2022-11-02,ara,200.63
2022-11-03,ara,200.83
2022-11-04,ara,201.06
2022-11-05,ara,201.23
2022-11-06,ara,201.21
2022-11-07,ara,200.93
2022-11-08,ara,200.78
2022-11-09,ara,200.98
2022-11-10,ara,201.11
2022-11-11,ara,201.44
2022-11-12,ara,201.39
2022-11-13,ara,201.57
2022-11-14,ara,201.86
2022-11-15,ara,202.14
2022-11-16,ara,202.24
2022-11-17,ara,202.3
2022-11-18,ara,202.2
2022-11-19,ara,202.58
2022-11-20,ara,202.77
2022-11-21,ara,203.01
2022-11-22,ara,203.2
2022-11-23,ara,203.42
2022-11-24,ara,203.68
2022-11-25,ara,204.02
2022-11-26,ara,204.28
2022-11-27,ara,204.53
2022-11-28,ara,204.65
2022-11-29,ara,204.81
2022-11-30,ara,205.02
2022-12-01,ara,204.98
2022-12-02,ara,205.09
2022-12-03,ara,204.85
2022-12-04,ara,204.84
2022-12-05,ara,205.05
2022-12-06,ara,205.11
2022-12-07,ara,205.28
2022-12-08,ara,205.41
2022-12-09,ara,205.8
2022-12-10,ara,206.54
2022-12-11,ara,206.91
2022-12-12,ara,207.39
2022-12-13,ara,207.91
2022-12-14,ara,208.14
2022-12-15,ara,208.64
2022-12-16,ara,208.49
2022-12-17,ara,208.19
2022-12-18,ara,208.2
2022-12-19,ara,208.16
2022-12-20,ara,207.85
2022-12-21,ara,207.83
2022-12-22,ara,207.73
2022-12-23,ara,207.51
2022-12-24,ara,207.39
2022-12-25,ara,207.38
2022-12-26,ara,207.43
2022-12-27,ara,207.59
2022-12-28,ara,207.55
2022-12-29,ara,207.52
2022-12-30,ara,207.78
2022-12-31,ara,207.9
2023-01-01,ara,207.83
2023-01-02,ara,207.73
2023-01-03,ara,207.63
2023-01-04,ara,207.65
2023-01-05,ara,207.72
2023-01-06,ara,207.9
2023-01-07,ara,208.29
2023-01-08,ara,208.42
2023-01-09,ara,208.48
2023-01-10,ara,208.5
2023-01-11,ara,208.43
2023-01-12,ara,208.56
2023-01-13,ara,208.53
2023-01-14,ara,208.31
2023-01-15,ara,208.29
2023-01-16,ara,207.99
2023-01-17,ara,207.88
2023-01-18,ara,208.37
2023-01-19,ara,208.7
2023-01-20,ara,208.91
2023-01-21,ara,209.33
2023-01-22,ara,209.89
2023-01-23,ara,210.48
2023-01-24,ara,210.94
2023-01-25,ara,210.89
2023-01-26,ara,210.87
2023-01-27,ara,210.83
2023-01-28,ara,210.56
2023-01-29,ara,210.17
2023-01-30,ara,209.47
2023-01-31,ara,209.26
2023-02-01,ara,209.38
2023-02-02,ara,209.48
2023-02-03,ara,209.34
2023-02-04,ara,209.28
2023-02-05,ara,209.17
2023-02-06,ara,209.53
2023-02-07,ara,209.52
2023-02-08,ara,208.37
2023-02-09,ara,207.51
2023-02-10,ara,207.05
2023-02-11,ara,206.6
2023-02-12,ara,206.02
2023-02-13,ara,205.51
2023-02-14,ara,204.89
2023-02-15,ara,204.88
2023-02-16,ara,204.65
2023-02-17,ara,204.36
2023-02-18,ara,203.9
2023-02-19,ara,203.72
2023-02-20,ara,203.49
2023-02-21,ara,203.2
2023-02-22,ara,203.29
2023-02-23,ara,203.61
2023-02-24,ara,203.41
2023-02-25,ara,203.47
2023-02-26,ara,203.27
2023-02-27,ara,202.98
2023-02-28,ara,202.81
2023-03-01,ara,202.39
2023-03-02,ara,201.73
2023-03-03,ara,201.63
2023-03-04,ara,201.56
2023-03-05,ara,201.63
2023-03-06,ara,201.77
2023-03-07,ara,201.79
2023-03-08,ara,201.86
2023-03-09,ara,202
2023-03-10,ara,202.71
2023-03-11,ara,203.45
2023-03-12,ara,204.04
2023-03-13,ara,204.91
2023-03-14,ara,205.88
2023-03-15,ara,206.89
2023-03-16,ara,207.91
2023-03-17,ara,208.38
2023-03-18,ara,208.87
2023-03-19,ara,209.51
2023-03-20,ara,209.97
2023-03-21,ara,210.19
2023-03-22,ara,209.51
2023-03-23,ara,209.18
2023-03-24,ara,208.77
2023-03-25,ara,208.49
2023-03-26,ara,208.03
2023-03-27,ara,207.45
2023-03-28,ara,206.72
2023-03-29,ara,206.73
2023-03-30,ara,206.09
2023-03-31,ara,205.48
2023-04-01,ara,204.5
2023-04-02,ara,203.72
2023-04-03,ara,202.94
2023-04-04,ara,202.71
2023-04-05,ara,202.71
2023-04-06,ara,202.95
2023-04-07,ara,203.28
2023-04-08,ara,203.68
2023-04-09,ara,203.99
2023-04-10,ara,204.65
2023-04-11,ara,204.63
2023-04-12,ara,204.48
2023-04-13,ara,204.34
2023-04-14,ara,204.15
2023-04-15,ara,203.87
2023-04-16,ara,203.76
2023-04-17,ara,203.12
2023-04-18,ara,203.05
2023-04-19,ara,202.91
2023-04-20,ara,202.69
2023-04-21,ara,202.44
2023-04-22,ara,202.29
2023-04-23,ara,202.01
2023-04-24,ara,201.99
2023-04-25,ara,201.89
2023-04-26,ara,201.72
2023-04-27,ara,201.65
2023-04-28,ara,201.79
2023-04-29,ara,201.62
2023-04-30,ara,201.33
2023-05-01,ara,201.25
2023-05-02,ara,200.79
2023-05-03,ara,200.6
2023-05-04,ara,200.23
2023-05-05,ara,199.76
2023-05-06,ara,199.49
2023-05-07,ara,199.36
2023-05-08,ara,199.07
2023-05-09,ara,198.81
2023-05-10,ara,198.43
2023-05-11,ara,198.32
2023-05-12,ara,198.22
2023-05-13,ara,198.21
2023-05-14,ara,198.18
2023-05-15,ara,197.87
2023-05-16,ara,197.88
2023-05-17,ara,198.03
2023-05-18,ara,198.33
2023-05-19,ara,198.33
2023-05-20,ara,197.85
2023-05-21,ara,197.67
2023-05-22,ara,197.63
2023-05-23,ara,197.58
2023-05-24,ara,197.41
2023-05-25,ara,196.75
2023-05-26,ara,196.48
2023-05-27,ara,196.6
2023-05-28,ara,196.28
2023-05-29,ara,196.2
2023-05-30,ara,195.84
2023-05-31,ara,195.54
2023-06-01,ara,195.46
2023-06-02,ara,195.25
2023-06-03,ara,195.02
2023-06-04,ara,194.96
2023-06-05,ara,194.62
2023-06-06,ara,194.52
2023-06-07,ara,194.34
2023-06-08,ara,194.16
2023-06-09,ara,193.79
2023-06-10,ara,193.54
2023-06-11,ara,193.24
2023-06-12,ara,193.09
2023-06-13,ara,192.92
2023-06-14,ara,192.78
2023-06-15,ara,192.49
2023-06-16,ara,192.38
2023-06-17,ara,192.2
2023-06-18,ara,192.06
2023-06-19,ara,191.83
2023-06-20,ara,191.64
2023-06-21,ara,191.57
2023-06-22,ara,191.64
2023-06-23,ara,191.73
2023-06-24,ara,191.84
2023-06-25,ara,191.9
2023-06-26,ara,191.96
2023-06-27,ara,191.97
2023-06-28,ara,191.85
2023-06-29,ara,191.78
2023-06-30,ara,191.67
2023-07-01,ara,191.44
2023-07-02,ara,191.26
2023-07-03,ara,191.12
2023-07-04,ara,191.18
2023-07-05,ara,191.3
2023-07-06,ara,191.22
2023-07-07,ara,191.3
2023-07-08,ara,191.31
2023-07-09,ara,191.44
2023-07-10,ara,191.57
2023-07-11,ara,191.56
2023-07-12,ara,191.5
2023-07-13,ara,191.5
2023-07-14,ara,191.59
2023-07-15,ara,191.76
2023-07-16,ara,191.9
2023-07-17,ara,192.06
2023-07-18,ara,192.02
2023-07-19,ara,192.1
2023-07-20,ara,192.44
2023-07-21,ara,192.4
2023-07-22,ara,192.26
2023-07-23,ara,192.36
2023-07-24,ara,192.49
2023-07-25,ara,192.87
2023-07-26,ara,192.98
2023-07-27,ara,192.91
2023-07-28,ara,193.04
2023-07-29,ara,193.5
2023-07-30,ara,193.75
2023-07-31,ara,194.07
2023-08-01,ara,194.31
2023-08-02,ara,194.63
2023-08-03,ara,194.85
2023-08-04,ara,194.96
2023-08-05,ara,194.94
2023-08-06,ara,194.98
2023-08-07,ara,195.11
2023-08-08,ara,195.36
2023-08-09,ara,195.75
2023-08-10,ara,196.08
2023-08-11,ara,196.39
2023-08-12,ara,196.68
2023-08-13,ara,197.03
2023-08-14,ara,197.5
2023-08-15,ara,198
2023-08-16,ara,198.23
2023-08-17,ara,198.61
2023-08-18,ara,199.14
2023-08-19,ara,199.62
2023-08-20,ara,200.02
2023-08-21,ara,200.34
2023-08-22,ara,200.37
2023-08-23,ara,200.71
2023-08-24,ara,201.12
2023-08-25,ara,201.45
2023-08-26,ara,201.81
2023-08-27,ara,202.05
2023-08-28,ara,202.01
2023-08-29,ara,202.2
2023-08-30,ara,202.33
2023-08-31,ara,202.45
2023-09-01,ara,202.45
2023-09-02,ara,202.56
2023-09-03,ara,202.66
2023-09-04,ara,202.77
2023-09-05,ara,202.72
2023-09-06,ara,202.66
2023-09-07,ara,202.61
2023-09-08,ara,202.69
2023-09-09,ara,202.62
2023-09-10,ara,202.49
2023-09-11,ara,202.4
2023-09-12,ara,202.24
2023-09-13,ara,202.09
2023-09-14,ara,201.57
2023-09-15,ara,200.89
2023-09-16,ara,200.54
2023-09-17,ara,200.18
2023-09-18,ara,199.86
2023-09-19,ara,200.14
2023-09-20,ara,200.39
2023-09-21,ara,200.84
2023-09-22,ara,201.4
2023-09-23,ara,201.77
2023-09-24,ara,202.3
2023-09-25,ara,202.79
2023-09-26,ara,202.8
2023-09-27,ara,202.68
2023-09-28,ara,202.72
2023-09-29,ara,202.49
2023-09-30,ara,202.15
2023-10-01,ara,201.67
2023-10-02,ara,201.13
2023-10-03,ara,200.58
2023-10-04,ara,200.05
2023-10-05,ara,199.34
2023-10-06,ara,198.91
2023-10-07,ara,198.25
2023-10-08,ara,197.71
2023-10-09,ara,196.97
2023-10-10,ara,196.26
2023-10-11,ara,195.83
2023-10-12,ara,195.59
2023-10-13,ara,195.16
2023-10-14,ara,194.92
2023-10-15,ara,194.64
2023-10-16,ara,194.37
2023-10-17,ara,194.06
2023-10-18,ara,193.55
2023-10-19,ara,192.69
2023-10-20,ara,191.99
2023-10-21,ara,190.98
2023-10-22,ara,190.13
2023-10-23,ara,189.43
2023-10-24,ara,188.85
2023-10-25,ara,188.28
2023-10-26,ara,187.96
2023-10-27,ara,187.38
2023-10-28,ara,187.23
2023-10-29,ara,186.73
2023-10-30,ara,186.5
2023-10-31,ara,186.07
2023-11-01,ara,185.81
2023-11-02,ara,185.3
2023-11-03,ara,184.98
2023-11-04,ara,184.44
2023-11-05,ara,184.03
2023-11-06,ara,183.52
2023-11-07,ara,183.19
2023-11-08,ara,182.6
2023-11-09,ara,182.29
2023-11-10,ara,181.99
2023-11-11,ara,182.05
2023-11-12,ara,182.08
2023-11-13,ara,181.99
2023-11-14,ara,181.79
2023-11-15,ara,181.73
2023-11-16,ara,181.73
2023-11-17,ara,181.63
2023-11-18,ara,181.42
2023-11-19,ara,181.28
2023-11-20,ara,181.17
2023-11-21,ara,181.09
2023-11-22,ara,180.99
2023-11-23,ara,180.75
2023-11-24,ara,180.51
2023-11-25,ara,179.97
2023-11-26,ara,179.5
2023-11-27,ara,179.16
2023-11-28,ara,179.08
2023-11-29,ara,178.94
2023-11-30,ara,178.99
2023-12-01,ara,178.88
2023-12-02,ara,179.01
2023-12-03,ara,179.05
2023-12-04,ara,178.97
2023-12-05,ara,178.63
2023-12-06,ara,178.23
2023-12-07,ara,177.71
2023-12-08,ara,177.75
2023-12-09,ara,177.8
2023-12-10,ara,177.97
2023-12-11,ara,178.12
2023-12-12,ara,178.27
2023-12-13,ara,178.68
2023-12-14,ara,179.11
2023-12-15,ara,179.04
2023-12-16,ara,178.9
2023-12-17,ara,178.62
2023-12-18,ara,178.34
2023-12-19,ara,178.08
2023-12-20,ara,177.75
2023-12-21,ara,177.36
2023-12-22,ara,177.03
2023-12-23,ara,176.71
2023-12-24,ara,176.49
2023-12-25,ara,176.72
2023-12-26,ara,176.7
2023-12-27,ara,176.47
2023-12-28,ara,176.32
2023-12-29,ara,176.17
2023-12-30,ara,175.89
2023-12-31,ara,175.58
2024-01-01,ara,175.1
2024-01-02,ara,174.67
2024-01-03,ara,174.32
2024-01-04,ara,173.95
2024-01-05,ara,173.92
2024-01-06,ara,174.18
2024-01-07,ara,174.3
2024-01-08,ara,174.03
2024-01-09,ara,173.98
2024-01-10,ara,174.15
2024-01-11,ara,174.31
2024-01-12,ara,174.3
2024-01-13,ara,174.13
2024-01-14,ara,173.89
2024-01-15,ara,173.81
2024-01-16,ara,173.57
2024-01-17,ara,173.45
2024-01-18,ara,173.33
2024-01-19,ara,173.12
2024-01-20,ara,173.13
2024-01-21,ara,173.27
2024-01-22,ara,173.36
2024-01-23,ara,173.54
2024-01-24,ara,173.36
2024-01-25,ara,173.22
2024-01-26,ara,173.22
2024-01-27,ara,173.02
2024-01-28,ara,172.8
2024-01-29,ara,172.63
2024-01-30,ara,171.99
2024-01-31,ara,171.22
2024-02-01,ara,170.49
2024-02-02,ara,169.77
2024-02-03,ara,168.98
2024-02-04,ara,168.16
2024-02-05,ara,167.24
2024-02-06,ara,166.92
2024-02-07,ara,166.85
2024-02-08,ara,166.84
2024-02-09,ara,166.66
2024-02-10,ara,166.69
2024-02-11,ara,166.63
2024-02-12,ara,166.7
2024-02-13,ara,166.45
2024-02-14,ara,166.48
2024-02-15,ara,166.66
2024-02-16,ara,166.85
2024-02-17,ara,166.99
2024-02-18,ara,167.34
2024-02-19,ara,167.7
2024-02-20,ara,168.47
2024-02-21,ara,168.8
2024-02-22,ara,168.85
2024-02-23,ara,169.11
2024-02-24,ara,169.39
2024-02-25,ara,169.53
2024-02-26,ara,169.68
2024-02-27,ara,169.57
2024-02-28,ara,169.43
2024-02-29,ara,169.48
2024-03-01,ara,169.27
2024-03-02,ara,168.97
2024-03-03,ara,168.73
2024-03-04,ara,168.47
2024-03-05,ara,168.4
2024-03-06,ara,168.39
2024-03-07,ara,168.27
2024-03-08,ara,168.2
2024-03-09,ara,168.32
2024-03-10,ara,168.39
2024-03-11,ara,168.42
2024-03-12,ara,168.34
2024-03-13,ara,168.35
2024-03-14,ara,168.38
2024-03-15,ara,168.62
2024-03-16,ara,168.72
2024-03-17,ara,168.9
2024-03-18,ara,169.19
2024-03-19,ara,169.6
2024-03-20,ara,169.98
2024-03-21,ara,170.31
2024-03-22,ara,170.48
2024-03-23,ara,170.56
2024-03-24,ara,170.65
2024-03-25,ara,170.66
2024-03-26,ara,170.53
2024-03-27,ara,170.44
2024-03-28,ara,170.25
2024-03-29,ara,170.05
2024-03-30,ara,169.97
2024-03-31,ara,169.88
2024-04-01,ara,169.93
2024-04-02,ara,169.83
2024-04-03,ara,169.61
2024-04-04,ara,169.41
2024-04-05,ara,169.1
2024-04-06,ara,168.93
2024-04-07,ara,168.69
2024-04-08,ara,168.22
2024-04-09,ara,168.11
2024-04-10,ara,168.06
2024-04-11,ara,168.23
2024-04-12,ara,168.46
2024-04-13,ara,168.64
2024-04-14,ara,168.82
2024-04-15,ara,169.02
2024-04-16,ara,169.12
2024-04-17,ara,169.35
2024-04-18,ara,169.43
2024-04-19,ara,169.78
2024-04-20,ara,169.93
2024-04-21,ara,170.27
2024-04-22,ara,170.7
2024-04-23,ara,171.03
2024-04-24,ara,171.12
2024-04-25,ara,171.24
2024-04-26,ara,171.13
2024-04-27,ara,171.12
2024-04-28,ara,170.98
2024-04-29,ara,170.84
2024-04-30,ara,170.74
2024-05-01,ara,170.92
2024-05-02,ara,170.88
2024-05-03,ara,170.96
2024-05-04,ara,171.01
2024-05-05,ara,170.98
2024-05-06,ara,170.97
2024-05-07,ara,170.96
2024-05-08,ara,170.97
2024-05-09,ara,171.13
2024-05-10,ara,171.09
2024-05-11,ara,170.73
2024-05-12,ara,170.39
2024-05-13,ara,169.91
2024-05-14,ara,169.3
2024-05-15,ara,168.62
2024-05-16,ara,168.2
2024-05-17,ara,167.53
2024-05-18,ara,167.01
2024-05-19,ara,166.49
2024-05-20,ara,166.27
2024-05-21,ara,165.76
2024-05-22,ara,165.31
2024-05-23,ara,164.74
2024-05-24,ara,164.57
2024-05-25,ara,164.68
2024-05-26,ara,164.69
2024-05-27,ara,164.29
2024-05-28,ara,164.43
2024-05-29,ara,164.56
2024-05-30,ara,164.62
2024-05-31,ara,164.85
2024-06-01,ara,164.84
2024-06-02,ara,164.96
2024-06-03,ara,165.26
2024-06-04,ara,165.49
2024-06-05,ara,165.5
2024-06-06,ara,165.36
2024-06-07,ara,165.14
2024-06-08,ara,164.98
2024-06-09,ara,164.91
2024-06-10,ara,165.01
2024-06-11,ara,165.1
2024-06-12,ara,165.17
2024-06-13,ara,165.36
2024-06-14,ara,165.16
2024-06-15,ara,164.91
2024-06-16,ara,164.51
2024-06-17,ara,163.99
2024-06-18,ara,163.48
2024-06-19,ara,162.9
2024-06-20,ara,162.42
2024-06-21,ara,162.2
2024-06-22,ara,161.99
2024-06-23,ara,161.84
2024-06-24,ara,161.76
2024-06-25,ara,161.6
2024-06-26,ara,161.5
2024-06-27,ara,161.35
2024-06-28,ara,161.22
2024-06-29,ara,161.06
2024-06-30,ara,160.98
2024-07-01,ara,160.73
2024-07-02,ara,160.46
2024-07-03,ara,160.31
2024-07-04,ara,159.97
2024-07-05,ara,159.69
2024-07-06,ara,159.53
2024-07-07,ara,159.28
2024-07-08,ara,159.16
2024-07-09,ara,158.77
2024-07-10,ara,158.22
2024-07-11,ara,157.85
2024-07-12,ara,157.52
2024-07-13,ara,157.15
2024-07-14,ara,156.77
2024-07-15,ara,156.61
2024-07-16,ara,156.84
2024-07-17,ara,157.2
2024-07-18,ara,157.66
2024-07-19,ara,158
2024-07-20,ara,158.17
2024-07-21,ara,158.55
2024-07-22,ara,158.55
2024-07-23,ara,158.49
2024-07-24,ara,158.34
2024-07-25,ara,157.91
2024-07-26,ara,157.43
2024-07-27,ara,157.04
2024-07-28,ara,156.53
2024-07-29,ara,156.13
2024-07-30,ara,155.77
2024-07-31,ara,155.41
2024-08-01,ara,155.12
2024-08-02,ara,154.91
2024-08-03,ara,154.81
2024-08-04,ara,154.76
2024-08-05,ara,154.58
2024-08-06,ara,154.47
2024-08-07,ara,154.52
2024-08-08,ara,154.58
2024-08-09,ara,154.69
2024-08-10,ara,154.65
2024-08-11,ara,154.51
2024-08-12,ara,154.6
2024-08-13,ara,154.73
2024-08-14,ara,154.7
2024-08-15,ara,154.83
2024-08-16,ara,154.82
2024-08-17,ara,154.74
2024-08-18,ara,154.75
2024-08-19,ara,154.77
2024-08-20,ara,154.64
2024-08-21,ara,154.52
2024-08-22,ara,154.35
2024-08-23,ara,154.27
2024-08-24,ara,154.36
2024-08-25,ara,154.3
2024-08-26,ara,154.06
2024-08-27,ara,153.94
2024-08-28,ara,153.96
2024-08-29,ara,153.93
2024-08-30,ara,153.91
2024-08-31,ara,153.92
2024-09-01,ara,153.97
2024-09-02,ara,154.04
2024-09-03,ara,153.93
2024-09-04,ara,153.84
2024-09-05,ara,153.87
2024-09-06,ara,154.05
2024-09-07,ara,154.07
2024-09-08,ara,154.21
2024-09-09,ara,154.29
2024-09-10,ara,154.35
2024-09-11,ara,154.19
2024-09-12,ara,154
2024-09-13,ara,153.61
2024-09-14,ara,153.38
2024-09-15,ara,152.98
2024-09-16,ara,152.82
2024-09-17,ara,152.76
2024-09-18,ara,152.79
2024-09-19,ara,152.77
2024-09-20,ara,152.77
2024-09-21,ara,152.74
2024-09-22,ara,152.76
2024-09-23,ara,152.52
2024-09-24,ara,152.25
2024-09-25,ara,151.92
2024-09-26,ara,151.58
2024-09-27,ara,151.19
2024-09-28,ara,150.79
2024-09-29,ara,150.36
2024-09-30,ara,149.99
2024-10-01,ara,149.44
2024-10-02,ara,148.89
2024-10-03,ara,148.41
2024-10-04,ara,147.96
2024-10-05,ara,147.52
2024-10-06,ara,147.07
2024-10-07,ara,146.5
2024-10-08,ara,146.31
2024-10-09,ara,146.15
2024-10-10,ara,146.03
2024-10-11,ara,145.97
2024-10-12,ara,145.98
2024-10-13,ara,146.04
2024-10-14,ara,146.28
2024-10-15,ara,146.33
2024-10-16,ara,146.33
2024-10-17,ara,146.08
2024-10-18,ara,145.83
2024-10-19,ara,145.53
2024-10-20,ara,145.28
2024-10-21,ara,144.91
2024-10-22,ara,144.53
2024-10-23,ara,144.22
2024-10-24,ara,144.09
2024-10-25,ara,144.01
2024-10-26,ara,143.89
2024-10-27,ara,143.72
2024-10-28,ara,143.74
2024-10-29,ara,143.8
2024-10-30,ara,143.92
2024-10-31,ara,144.07
2024-11-01,ara,144.29
2024-11-02,ara,144.38
2024-11-03,ara,144.51
2024-11-04,ara,144.57
2024-11-05,ara,144.61
2024-11-06,ara,144.6
2024-11-07,ara,144.57
2024-11-08,ara,144.25
2024-11-09,ara,144.08
2024-11-10,ara,143.74
2024-11-11,ara,143.75
2024-11-12,ara,143.46
2024-11-13,ara,143.16
2024-11-14,ara,142.78
2024-11-15,ara,142.68
2024-11-16,ara,142.54
2024-11-17,ara,142.44
2024-11-18,ara,142.18
2024-11-19,ara,142.2
2024-11-20,ara,142.24
2024-11-21,ara,142.35
2024-11-22,ara,142.49
2024-11-23,ara,142.73
2024-11-24,ara,142.99
2024-11-25,ara,143.1
2024-11-26,ara,143.28
2024-11-27,ara,143.45
2024-11-28,ara,143.45
2024-11-29,ara,143.38
2024-11-30,ara,143.3
2024-12-01,ara,143.18
2024-12-02,ara,143.12
2024-12-03,ara,143.05
2024-12-04,ara,142.9
2024-12-05,ara,142.93
2024-12-06,ara,143.01
2024-12-07,ara,143.1
2024-12-08,ara,143.19
2024-12-09,ara,143.26
2024-12-10,ara,143.28
2024-12-11,ara,143.28
2024-12-12,ara,143.29
2024-12-13,ara,143.37
2024-12-14,ara,143.35
2024-12-15,ara,143.43
2024-12-16,ara,143.57
2024-12-17,ara,143.7
2024-12-18,ara,143.86
2024-12-19,ara,144.05
2024-12-20,ara,144.16
2024-12-21,ara,144.4
2024-12-22,ara,144.65
2024-12-23,ara,144.8
2024-12-24,ara,144.93
2024-12-25,ara,145.2
2024-12-26,ara,145.37
2024-12-27,ara,145.37
2024-12-28,ara,145.25
2024-12-29,ara,145.1
2024-12-30,ara,145.06
2024-12-31,ara,145.04
2025-01-01,ara,144.94
2025-01-02,ara,144.74
2025-01-03,ara,144.62
2025-01-04,ara,144.52
2025-01-05,ara,144.36
2025-01-06,ara,144.05
2025-01-07,ara,143.78
2025-01-08,ara,143.4
2025-01-09,ara,143.34
2025-01-10,ara,143.27
2025-01-11,ara,143.26
2025-01-12,ara,143.35
2025-01-13,ara,143.42
2025-01-14,ara,143.47
2025-01-15,ara,143.59
2025-01-16,ara,143.55
2025-01-17,ara,143.41
2025-01-18,ara,143.34
2025-01-19,ara,143.3
2025-01-20,ara,143.25
2025-01-21,ara,143.39
2025-01-22,ara,143.62
2025-01-23,ara,143.73
2025-01-24,ara,144.05
2025-01-25,ara,144.34
2025-01-26,ara,144.56
2025-01-27,ara,144.61
2025-01-28,ara,145.46
2025-01-29,ara,145.3
2025-01-30,ara,145.39
2025-01-31,ara,145.37
2025-02-01,ara,145.33
2025-02-02,ara,145.29
2025-02-03,ara,145.35
2025-02-04,ara,144.42
2025-02-05,ara,144.54
2025-02-06,ara,144.56
2025-02-07,ara,144.51
2025-02-08,ara,144.44
2025-02-09,ara,144.35
2025-02-10,ara,144.27
2025-02-11,ara,144.32
2025-02-12,ara,144.09
2025-02-13,ara,143.88
2025-02-14,ara,143.75
2025-02-15,ara,143.48
2025-02-16,ara,143.34
2025-02-17,ara,143.28
2025-02-18,ara,143.09
2025-02-19,ara,143
2025-02-20,ara,142.87
2025-02-21,ara,142.63
2025-02-22,ara,142.59
2025-02-23,ara,142.42
2025-02-24,ara,142.23
2025-02-25,ara,142.1
2025-02-26,ara,142.01
2025-02-27,ara,141.98
2025-02-28,ara,142.07
2025-03-01,ara,142.07
2025-03-02,ara,142.12
2025-03-03,ara,142.16
2025-03-04,ara,142.11
2025-03-05,ara,140.58
2025-03-06,ara,140.38
2025-03-07,ara,140.09
2025-03-08,ara,139.76
2025-03-09,ara,139.35
2025-03-10,ara,138.96
2025-03-11,ara,139.16
2025-03-12,ara,140.69
2025-03-13,ara,140.4
2025-03-14,ara,140.19
2025-03-15,ara,139.94
2025-03-16,ara,139.86
2025-03-17,ara,139.85
2025-03-18,ara,139.3
2025-03-19,ara,139.1
2025-03-20,ara,139.35
2025-03-21,ara,139.59
2025-03-22,ara,139.85
2025-03-23,ara,139.97
2025-03-24,ara,140.02
2025-03-25,ara,140.04
2025-03-26,ara,139.87
2025-03-27,ara,139.81
2025-03-28,ara,139.56
2025-03-29,ara,139.44
2025-03-30,ara,139.37
2025-03-31,ara,139.29
2025-04-01,ara,139.18
2025-04-02,ara,138.96
2025-04-03,ara,138.77
2025-04-04,ara,138.91
2025-04-05,ara,139.02
2025-04-06,ara,139.12
2025-04-07,ara,139.2
2025-04-08,ara,139.19
2025-04-09,ara,139.33
2025-04-10,ara,139.18
2025-04-11,ara,138.68
2025-04-12,ara,138.18
2025-04-13,ara,137.7
2025-04-14,ara,137.23
2025-04-15,ara,137
2025-04-16,ara,136.68
2025-04-17,ara,136.51
2025-04-18,ara,136.58
2025-04-19,ara,136.56
2025-04-20,ara,136.55
2025-04-21,ara,136.83
2025-04-22,ara,136.74
2025-04-23,ara,136.66
2025-04-24,ara,136.58
2025-04-25,ara,136.37
2025-04-26,ara,136.11
2025-04-27,ara,135.91
2025-04-28,ara,135.47
2025-04-29,ara,135.34
2025-04-30,ara,135.45
2025-05-01,ara,135.62
2025-05-02,ara,135.98
2025-05-03,ara,136.33
2025-05-04,ara,136.6
2025-05-05,ara,136.96
2025-05-06,ara,137.29
2025-05-07,ara,137.42
2025-05-08,ara,137.61
2025-05-09,ara,137.7
2025-05-10,ara,137.82
2025-05-11,ara,137.85
2025-05-12,ara,137.73
2025-05-13,ara,137.65
2025-05-14,ara,137.53
2025-05-15,ara,137.21
2025-05-16,ara,137
2025-05-17,ara,136.79
2025-05-18,ara,136.81
2025-05-19,ara,136.99
2025-05-20,ara,137.19
2025-05-21,ara,137.35
2025-05-22,ara,137.58
2025-05-23,ara,137.79
2025-05-24,ara,137.94
2025-05-25,ara,138
2025-05-26,ara,137.98
2025-05-27,ara,137.78
2025-05-28,ara,137.6
2025-05-29,ara,137.52
2025-05-30,ara,137.3
2025-05-31,ara,136.84
2025-06-01,ara,136.38
2025-06-02,ara,135.94
2025-06-03,ara,135.6
2025-06-04,ara,135.18
2025-06-05,ara,134.61
2025-06-06,ara,134.16
2025-06-07,ara,134.09
2025-06-08,ara,133.95
2025-06-09,ara,133.94
2025-06-10,ara,133.59
2025-06-11,ara,133.34
2025-06-12,ara,133.07
2025-06-13,ara,132.71
2025-06-14,ara,132.29
2025-06-15,ara,131.95
2025-06-16,ara,131.47
2025-06-17,ara,131.29
2025-06-18,ara,131.13
2025-06-19,ara,130.98
2025-06-20,ara,130.83
2025-06-21,ara,130.59
2025-06-22,ara,130.39
2025-06-23,ara,130.18
2025-06-24,ara,129.89
2025-06-25,ara,129.66
2025-06-26,ara,129.48
2025-06-27,ara,129.39
2025-06-28,ara,129.47
2025-06-29,ara,129.53
2025-06-30,ara,129.66
2025-07-01,ara,129.86
2025-07-02,ara,130.09
2025-07-03,ara,129.99
2025-07-04,ara,129.86
2025-07-05,ara,129.6
2025-07-06,ara,129.26
2025-07-07,ara,128.84
2025-07-08,ara,128.47
2025-07-09,ara,128.04
2025-07-10,ara,127.92
2025-07-11,ara,127.85
2025-07-12,ara,127.87
2025-07-13,ara,127.86
2025-07-14,ara,128
2025-07-15,ara,127.68
2025-07-16,ara,127.46
2025-07-17,ara,127.34
2025-07-18,ara,127.26
2025-07-19,ara,127.12
2025-07-20,ara,127.12
2025-07-21,ara,126.98
2025-07-22,ara,127.7
2025-07-23,ara,128.2
2025-07-24,ara,128.53
2025-07-25,ara,128.88
2025-07-26,ara,129.03
2025-07-27,ara,129.03
2025-07-28,ara,129.04
2025-07-29,ara,128.56
2025-07-30,ara,128.22
2025-07-31,ara,128.1
2025-08-01,ara,127.65
2025-08-02,ara,127.42
2025-08-03,ara,127.17
2025-08-04,ara,127.07
2025-08-05,ara,127.07
2025-08-06,ara,126.97
2025-08-07,ara,126.86
2025-08-08,ara,126.92
2025-08-09,ara,126.91
2025-08-10,ara,126.99
2025-08-11,ara,127.04
2025-08-12,ara,126.95
2025-08-13,ara,126.93
2025-08-14,ara,126.95
2025-08-15,ara,127.14
2025-08-16,ara,127.28
2025-08-17,ara,127.4
2025-08-18,ara,127.56
2025-08-19,ara,127.79
2025-08-20,ara,128.02
2025-08-21,ara,128.29
2025-08-22,ara,128.23
2025-08-23,ara,128.32
2025-08-24,ara,128.35
2025-08-25,ara,128.34
2025-08-26,ara,128.34
2025-08-27,ara,128.44
2025-08-28,ara,128.42
2025-08-29,ara,128.43
2025-08-30,ara,128.41
2025-08-31,ara,128.28
2025-09-01,ara,128.04
2025-09-02,ara,127.88
2025-09-03,ara,127.63
2025-09-04,ara,127.41
2025-09-05,ara,127.29
2025-09-06,ara,127.18
2025-09-07,ara,127.1
2025-09-08,ara,127.11
2025-09-09,ara,127
2025-09-10,ara,126.83
2025-09-11,ara,126.69
2025-09-12,ara,126.53
2025-09-13,ara,126.41
2025-09-14,ara,126.34
2025-09-15,ara,126.14
2025-09-16,ara,126.17
2025-09-17,ara,126.14
2025-09-18,ara,126.02
2025-09-19,ara,125.9
2025-09-20,ara,125.91
2025-09-21,ara,125.9
2025-09-22,ara,125.95
2025-09-23,ara,125.78
2025-09-24,ara,125.64
2025-09-25,ara,125.54
2025-09-26,ara,125.35
2025-09-27,ara,124.93
2025-09-28,ara,124.57
2025-09-29,ara,124.21
2025-09-30,ara,123.94
2025-10-01,ara,123.83
2025-10-02,ara,123.75
2025-10-03,ara,123.64
2025-10-04,ara,123.64
2025-10-05,ara,123.61
2025-10-06,ara,123.65
2025-10-07,ara,123.48
2025-10-08,ara,123.13
2025-10-09,ara,122.57
2025-10-10,ara,122.34
2025-10-11,ara,122.09
2025-10-12,ara,121.81
2025-10-13,ara,121.48
2025-10-14,ara,121.22
2025-10-15,ara,121.15
2025-10-16,ara,121.11
2025-10-17,ara,120.82
2025-10-18,ara,120.42
2025-10-19,ara,120.08
2025-10-20,ara,119.78
2025-10-21,ara,119.33
2025-10-22,ara,119
2025-10-23,ara,118.72
2025-10-24,ara,118.32
2025-10-25,ara,118.04
2025-10-26,ara,117.78
2025-10-27,ara,117.59
2025-10-28,ara,117.64
2025-10-29,ara,117.45
2025-10-30,ara,117.34
2025-10-31,ara,117.29
2025-11-01,ara,116.87
2025-11-02,ara,116.77
2025-11-03,ara,116.66
2025-11-04,ara,116.61
2025-11-05,ara,116.59
2025-11-06,ara,116.58
2025-11-07,ara,116.72
2025-11-08,ara,117.27
2025-11-09,ara,117.41
2025-11-10,ara,117.64
2025-11-11,ara,117.77
2025-11-12,ara,117.82
2025-11-13,ara,117.85
2025-11-14,ara,117.9
2025-11-15,ara,117.87
2025-11-16,ara,117.83
2025-11-17,ara,117.82
2025-11-18,ara,117.98
2025-11-19,ara,117.76
2025-11-20,ara,117.7
2025-11-21,ara,117.67
2025-11-22,ara,117.63
2025-11-23,ara,117.57
2025-11-24,ara,117.43
2025-11-25,ara,117.2
2025-11-26,ara,117.41
2025-11-27,ara,117.45
2025-11-28,ara,117.5
2025-11-29,ara,117.57
2025-11-30,ara,117.62
2025-12-01,ara,117.55
2025-12-02,ara,117.42
2025-12-03,ara,117.21
2025-12-04,ara,116.98
2025-12-05,ara,116.79
2025-12-06,ara,116.56
2025-12-07,ara,116.33
2025-12-08,ara,116.08
2025-12-09,ara,115.97
2025-12-10,ara,115.89
2025-12-11,ara,115.82
2025-12-12,ara,115.62
2025-12-13,ara,115.6
2025-12-14,ara,115.67
2025-12-15,ara,115.76
2025-12-16,ara,115.78
2025-12-17,ara,115.78
2025-12-18,ara,115.77
2025-12-19,ara,115.84
2025-12-20,ara,115.72
2025-12-21,ara,115.66
2025-12-22,ara,115.69
2025-12-23,ara,115.74
2025-12-24,ara,115.89
2025-12-25,ara,116.01
2025-12-26,ara,116.1
2025-12-27,ara,116.15
2025-12-28,ara,116.2
2025-12-29,ara,116.35
2025-12-30,ara,116.48
2025-12-31,ara,116.57
2026-01-01,ara,116.15
2026-01-02,ara,115.67
2026-01-03,ara,115.1
2026-01-04,ara,114.25
2026-01-05,ara,113.32
2026-01-06,ara,112.63
2026-01-07,ara,112.17
2026-01-08,ara,112.28
2026-01-09,ara,112.56
2026-01-10,ara,112.99
2026-01-11,ara,113.56
2026-01-12,ara,113.99
2026-01-13,ara,114.31
2026-01-14,ara,114.56
2026-01-15,ara,114.9
2026-01-16,ara,115.23
2026-01-17,ara,115.64
2026-01-18,ara,116.1
2026-01-19,ara,116.56
2026-01-20,ara,117.2
2026-01-21,ara,117.79
2026-01-22,ara,118.66
2026-01-23,ara,119.51
2026-01-24,ara,120.23
2026-01-25,ara,120.79
2026-01-26,ara,121.27
2026-01-27,ara,121.28
2026-01-28,ara,121.22
2026-01-29,ara,120.89
2026-01-30,ara,120.57
2026-01-31,ara,120.23
2026-02-01,ara,119.98
2026-02-02,ara,119.55
2026-02-03,ara,119.6
2026-02-04,ara,119.53
2026-02-05,ara,119.53
2026-02-06,ara,119.6
2026-02-07,ara,119.72
2026-02-08,ara,119.71
2026-02-09,ara,120.01
2026-02-10,ara,120.06
2026-02-11,ara,120.3
2026-02-12,ara,120.4
2026-02-13,ara,120.45
2026-02-14,ara,120.54
2026-02-15,ara,120.78
2026-02-16,ara,120.92
2026-02-17,ara,121.12
2026-02-18,ara,121.28
2026-02-19,ara,121.44
2026-02-20,ara,121.52
2026-02-21,ara,121.43
2026-02-22,ara,121.28
2026-02-23,ara,121.09
2026-02-24,ara,120.83
2026-02-25,ara,120.62
2026-02-26,ara,120.32
2026-02-27,ara,120.13
2026-02-28,ara,119.95
2026-03-01,ara,119.76
2026-03-02,ara,119.63
2026-03-03,ara,119.54
2026-03-04,ara,119.45
2026-03-05,ara,119.44
2026-03-06,ara,119.29
2026-03-07,ara,119.16
2026-03-08,ara,118.98
2026-03-09,ara,118.7
2026-03-10,ara,118.35
2026-03-11,ara,117.55
2026-03-12,ara,116.64
2026-03-13,ara,115.93
2026-03-14,ara,115.15
2026-03-15,ara,114.4
2026-03-16,ara,113.75
2026-03-17,ara,113.08
2026-03-18,ara,112.9
2026-03-19,ara,112.61
2026-03-20,ara,112.18
2026-03-21,ara,111.76
2026-03-22,ara,111.29
2026-03-23,ara,110.86
2026-03-24,ara,110.55
2026-03-25,ara,110.17
2026-03-26,ara,109.8
2026-03-27,ara,109.48
2026-03-28,ara,109.18
2026-03-29,ara,108.94
2026-03-30,ara,108.73
2026-03-31,ara,108.43
2026-04-01,ara,108.03
2026-04-02,ara,107.78
2026-04-03,ara,107.52
2026-04-04,ara,107.41
2026-04-05,ara,107.29
2026-04-06,ara,107.1
2026-04-07,ara,106.71
2026-04-08,ara,106.37
2026-04-09,ara,106.1
2026-04-10,ara,105.83
2026-04-11,ara,105.43
2026-04-12,ara,105.11
2026-04-13,ara,104.87
2026-04-14,ara,104.87
2026-04-15,ara,104.79
2026-04-16,ara,104.79
2026-04-17,ara,104.57
2026-04-18,ara,104.44
2026-04-19,ara,104.37
2026-04-20,ara,104.3
2026-04-21,ara,104.4
2026-04-22,ara,104.67
2026-04-23,ara,104.78
2026-04-24,ara,105.08
2026-04-25,ara,105.25
2026-04-26,ara,105.39
2026-04-27,ara,105.51
2026-04-28,ara,105.56
2026-04-29,ara,105.5
2026-04-30,ara,105.35
2026-05-01,ara,105.21
2026-05-02,ara,104.9
2026-05-03,ara,104.56
2026-05-04,ara,104.22
2026-05-05,ara,104.03
2026-05-06,ara,104
2026-05-07,ara,104.07
2026-05-08,ara,104.2
2026-05-09,ara,104.48
2026-05-10,ara,104.8
2026-05-11,ara,105.12
2026-05-12,ara,105.37
2026-05-13,ara,105.54
2026-05-14,ara,105.67
2026-05-15,ara,105.54
2026-05-16,ara,105.48
2026-05-17,ara,105.48
2026-05-18,ara,105.49
2026-05-19,ara,105.23
2026-05-20,ara,105.06
2026-05-21,ara,104.98
2026-05-22,ara,104.99
2026-05-23,ara,104.99
2026-05-24,ara,104.93
2026-05-25,ara,104.68
2026-05-26,ara,104.1
2026-05-27,ara,103.43
2026-05-28,ara,102.56
2026-05-29,ara,101.79
2026-05-30,ara,101.31
2026-05-31,ara,100.85
2026-06-01,ara,100.26
2026-06-02,ara,100.2
2026-06-03,ara,100.02
2026-06-04,ara,99.94
2026-06-05,ara,99.87
2026-06-06,ara,99.86
2026-06-07,ara,99.84
2026-06-08,ara,99.89
2026-06-09,ara,99.89
2026-06-10,ara,99.97
2026-06-11,ara,100.23
2026-06-12,ara,100.42
2026-06-13,ara,100.53
2026-06-14,ara,100.59
2026-06-15,ara,101.06
2026-06-16,ara,101.46
2026-06-17,ara,101.96
2026-06-18,ara,102.23
2026-06-19,ara,102.59
2026-06-20,ara,103.02
2026-06-21,ara,103.51
2026-06-22,ara,103.57
2026-06-23,ara,103.64
2026-06-24,ara,103.63
2026-06-25,ara,103.68
2026-06-26,ara,103.64
2026-06-27,ara,103.47
2026-06-28,ara,103.21
2026-06-29,ara,103
2026-06-30,ara,102.67
2026-07-01,ara,102.28
2026-07-02,ara,102.02
2026-07-03,ara,101.95
2026-07-04,ara,102.04
2026-07-05,ara,102.09
2026-07-06,ara,102.1
2026-07-07,ara,102.26
2026-07-08,ara,102.5
2026-07-09,ara,102.57
2026-07-10,ara,102.48
2026-07-11,ara,102.32
2026-07-12,ara,102.3
2026-07-13,ara,102.44
2026-07-14,ara,102.57
2026-07-15,ara,102.41
2026-07-16,ara,102.35
2026-07-17,ara,102.36
2026-07-18,ara,102.43
2026-07-19,ara,102.51
2026-07-20,ara,102.51
2026-07-21,ara,102.66
2026-07-22,ara,102.97
2026-07-23,ara,103.18
2026-07-24,ara,103.35
2026-07-25,ara,103.46
2026-07-26,ara,103.46
2026-07-27,ara,103.41
2026-07-28,ara,103.28
2026-07-29,ara,103.18
2026-07-30,ara,102.98
2026-07-31,ara,102.71
2026-08-01,ara,102.38
2026-08-02,ara,102.09
2026-08-03,ara,101.9
2026-08-04,ara,101.74
2026-08-05,ara,101.65
2026-08-06,ara,101.57
2026-08-07,ara,101.62
2026-08-08,ara,101.64
2026-08-09,ara,101.75
2026-08-10,ara,101.77
2026-08-11,ara,101.8
2026-08-12,ara,101.85
2026-08-13,ara,102.15
2026-08-14,ara,102.36
2026-08-15,ara,102.57
2026-08-16,ara,102.77
2026-08-17,ara,103.18
2026-08-18,ara,103.56
2026-08-19,ara,103.82
2026-08-20,ara,103.99
2026-08-21,ara,104.26
2026-08-22,ara,104.46
2026-08-23,ara,104.65
2026-08-24,ara,104.66
2026-08-25,ara,104.58
2026-08-26,ara,104.58
2026-08-27,ara,104.58
2026-08-28,ara,104.48
2026-08-29,ara,104.5
2026-08-30,ara,104.37
2026-08-31,ara,104.06
2026-09-01,ara,103.82
2026-09-02,ara,103.69
2026-09-03,ara,103.52
2026-09-04,ara,103.37
2026-09-05,ara,103.29
2026-09-06,ara,103.25
2026-09-07,ara,103.29
2026-09-08,ara,103.2
2026-09-09,ara,103.01
2026-09-10,ara,102.95
2026-09-11,ara,102.88
2026-09-12,ara,102.88
2026-09-13,ara,102.81
2026-09-14,ara,102.82
2026-09-15,ara,102.75
2026-09-16,ara,102.73
2026-09-17,ara,102.52
2026-09-18,ara,102.27
2020-02-01,b5,100
2020-02-02,b5,99.5
2020-02-03,b5,99.09
2020-02-04,b5,98.7
2020-02-05,b5,98.81
2020-02-06,b5,98.7
2020-02-07,b5,98.51
2020-02-08,b5,98.28
2020-02-09,b5,98.17
2020-02-10,b5,97.96
2020-02-11,b5,97.74
2020-02-12,b5,97.59
2020-02-13,b5,97.61
2020-02-14,b5,97.62
2020-02-15,b5,97.58
2020-02-16,b5,97.45
2020-02-17,b5,97.28
2020-02-18,b5,97.04
2020-02-19,b5,96.84
2020-02-20,b5,96.66
2020-02-21,b5,96.54
2020-02-22,b5,96.52
2020-02-23,b5,96.61
2020-02-24,b5,96.75
2020-02-25,b5,96.95
2020-02-26,b5,97.13
2020-02-27,b5,97.33
2020-02-28,b5,97.49
2020-02-29,b5,97.64
2020-03-01,b5,97.74
2020-03-02,b5,97.89
2020-03-03,b5,98.09
2020-03-04,b5,98.23
2020-03-05,b5,98.22
2020-03-06,b5,98.29
2020-03-07,b5,98.24
2020-03-08,b5,98.17
2020-03-09,b5,97.98
2020-03-10,b5,97.7
2020-03-11,b5,97.45
2020-03-12,b5,97.27
2020-03-13,b5,96.92
2020-03-14,b5,96.64
2020-03-15,b5,96.33
2020-03-16,b5,95.95
2020-03-17,b5,95.4
2020-03-18,b5,94.62
2020-03-19,b5,93.68
2020-03-20,b5,92.51
2020-03-21,b5,91.03
2020-03-22,b5,89.41
2020-03-23,b5,87.8
2020-03-24,b5,86.2
2020-03-25,b5,84.56
2020-03-26,b5,82.73
2020-03-27,b5,81.24
2020-03-28,b5,79.78
2020-03-29,b5,78.46
2020-03-30,b5,77.22
2020-03-31,b5,76.09
2020-04-01,b5,75.25
2020-04-02,b5,74.58
2020-04-03,b5,73.66
2020-04-04,b5,73
2020-04-05,b5,72.23
2020-04-06,b5,71.42
2020-04-07,b5,70.27
2020-04-08,b5,68.94
2020-04-09,b5,67.72
2020-04-10,b5,66.54
2020-04-11,b5,65.2
2020-04-12,b5,63.81
2020-04-13,b5,62.56
2020-04-14,b5,61.46
2020-04-15,b5,60.54
2020-04-16,b5,59.6
2020-04-17,b5,58.66
2020-04-18,b5,57.94
2020-04-19,b5,57.43
2020-04-20,b5,57.02
2020-04-21,b5,56.97
2020-04-22,b5,56.76
2020-04-23,b5,56.45
2020-04-24,b5,56.23
2020-04-25,b5,56.1
2020-04-26,b5,55.77
2020-04-27,b5,55.44
2020-04-28,b5,54.99
2020-04-29,b5,54.49
2020-04-30,b5,54.24
2020-05-01,b5,54.05
2020-05-02,b5,53.85
2020-05-03,b5,53.78
2020-05-04,b5,53.56
2020-05-05,b5,53.33
2020-05-06,b5,53.33
2020-05-07,b5,53.17
2020-05-08,b5,53.09
2020-05-09,b5,53.19
2020-05-10,b5,53.3
2020-05-11,b5,53.51
2020-05-12,b5,53.78
2020-05-13,b5,54.04
2020-05-14,b5,54.45
2020-05-15,b5,54.9
2020-05-16,b5,55.13
2020-05-17,b5,55.31
2020-05-18,b5,55.52
2020-05-19,b5,55.74
2020-05-20,b5,55.79
2020-05-21,b5,55.95
2020-05-22,b5,55.89
2020-05-23,b5,55.77
2020-05-24,b5,55.75
2020-05-25,b5,55.8
2020-05-26,b5,55.76
2020-05-27,b5,55.72
2020-05-28,b5,55.5
2020-05-29,b5,55.55
2020-05-30,b5,55.75
2020-05-31,b5,55.9
2020-06-01,b5,56.01
2020-06-02,b5,56.04
2020-06-03,b5,56.25
2020-06-04,b5,56.35
2020-06-05,b5,56.4
2020-06-06,b5,56.32
2020-06-07,b5,56.28
2020-06-08,b5,56.19
2020-06-09,b5,56.28
2020-06-10,b5,56.29
2020-06-11,b5,56.42
2020-06-12,b5,56.57
2020-06-13,b5,56.67
2020-06-14,b5,56.85
2020-06-15,b5,57.11
2020-06-16,b5,57.3
2020-06-17,b5,57.53
2020-06-18,b5,57.62
2020-06-19,b5,57.53
2020-06-20,b5,57.41
2020-06-21,b5,57.35
2020-06-22,b5,57.28
2020-06-23,b5,57.21
2020-06-24,b5,57.17
2020-06-25,b5,57.3
2020-06-26,b5,57.47
2020-06-27,b5,57.76
2020-06-28,b5,58.02
2020-06-29,b5,58.31
2020-06-30,b5,58.73
2020-07-01,b5,59.12
2020-07-02,b5,59.52
2020-07-03,b5,60.13
2020-07-04,b5,60.73
2020-07-05,b5,61.33
2020-07-06,b5,61.82
2020-07-07,b5,62.31
2020-07-08,b5,62.89
2020-07-09,b5,63.42
2020-07-10,b5,63.92
2020-07-11,b5,64.18
2020-07-12,b5,64.49
2020-07-13,b5,64.65
2020-07-14,b5,64.72
2020-07-15,b5,64.65
2020-07-16,b5,64.65
2020-07-17,b5,64.54
2020-07-18,b5,64.53
2020-07-19,b5,64.36
2020-07-20,b5,64.36
2020-07-21,b5,64.31
2020-07-22,b5,64.35
2020-07-23,b5,64.44
2020-07-24,b5,64.65
2020-07-25,b5,64.89
2020-07-26,b5,65.27
2020-07-27,b5,65.63
2020-07-28,b5,65.99
2020-07-29,b5,66.26
2020-07-30,b5,66.31
2020-07-31,b5,66.2
2020-08-01,b5,66.02
2020-08-02,b5,65.9
2020-08-03,b5,65.84
2020-08-04,b5,65.78
2020-08-05,b5,66.23
2020-08-06,b5,67.01
2020-08-07,b5,67.8
2020-08-08,b5,68.55
2020-08-09,b5,69.29
2020-08-10,b5,69.83
2020-08-11,b5,70.5
2020-08-12,b5,70.77
2020-08-13,b5,71.04
2020-08-14,b5,71.22
2020-08-15,b5,71.39
2020-08-16,b5,71.64
2020-08-17,b5,72.02
2020-08-18,b5,72.35
2020-08-19,b5,72.63
2020-08-20,b5,72.74
2020-08-21,b5,72.99
2020-08-22,b5,73.24
2020-08-23,b5,73.37
2020-08-24,b5,73.44
2020-08-25,b5,73.74
2020-08-26,b5,73.92
2020-08-27,b5,74.14
2020-08-28,b5,74.36
2020-08-29,b5,74.75
2020-08-30,b5,75.05
2020-08-31,b5,75.29
2020-09-01,b5,75.46
2020-09-02,b5,75.73
2020-09-03,b5,75.99
2020-09-04,b5,76.22
2020-09-05,b5,76.37
2020-09-06,b5,76.76
2020-09-07,b5,77.23
2020-09-08,b5,77.74
2020-09-09,b5,78.36
2020-09-10,b5,79.02
2020-09-11,b5,79.81
2020-09-12,b5,80.51
2020-09-13,b5,81.04
2020-09-14,b5,81.39
2020-09-15,b5,81.73
2020-09-16,b5,81.84
2020-09-17,b5,81.89
2020-09-18,b5,81.85
2020-09-19,b5,81.82
2020-09-20,b5,81.9
2020-09-21,b5,82.1
2020-09-22,b5,82.21
2020-09-23,b5,82.29
2020-09-24,b5,82.45
2020-09-25,b5,82.57
2020-09-26,b5,82.69
2020-09-27,b5,82.83
2020-09-28,b5,83.04
2020-09-29,b5,83.19
2020-09-30,b5,83.42
2020-10-01,b5,83.47
2020-10-02,b5,83.41
2020-10-03,b5,83.49
2020-10-04,b5,83.44
2020-10-05,b5,83.34
2020-10-06,b5,83.3
2020-10-07,b5,83.2
2020-10-08,b5,83.25
2020-10-09,b5,83.39
2020-10-10,b5,83.39
2020-10-11,b5,83.52
2020-10-12,b5,83.58
2020-10-13,b5,83.61
2020-10-14,b5,83.76
2020-10-15,b5,83.94
2020-10-16,b5,83.96
2020-10-17,b5,84.01
2020-10-18,b5,84.15
2020-10-19,b5,84.31
2020-10-20,b5,84.46
2020-10-21,b5,84.83
2020-10-22,b5,84.91
2020-10-23,b5,85.02
2020-10-24,b5,85.13
2020-10-25,b5,85.12
2020-10-26,b5,85.16
2020-10-27,b5,85.23
2020-10-28,b5,85.06
2020-10-29,b5,84.99
2020-10-30,b5,84.98
2020-10-31,b5,84.89
2020-11-01,b5,84.83
2020-11-02,b5,84.8
2020-11-03,b5,84.65
2020-11-04,b5,84.39
2020-11-05,b5,84.19
2020-11-06,b5,83.97
2020-11-07,b5,83.75
2020-11-08,b5,83.58
2020-11-09,b5,83.32
2020-11-10,b5,83.25
2020-11-11,b5,83.38
2020-11-12,b5,83.33
2020-11-13,b5,83.27
2020-11-14,b5,83.19
2020-11-15,b5,83.27
2020-11-16,b5,83.24
2020-11-17,b5,83.18
2020-11-18,b5,83.06
2020-11-19,b5,82.91
2020-11-20,b5,82.94
2020-11-21,b5,83
2020-11-22,b5,82.89
2020-11-23,b5,82.97
2020-11-24,b5,83.03
2020-11-25,b5,83
2020-11-26,b5,83.22
2020-11-27,b5,83.31
2020-11-28,b5,83.38
2020-11-29,b5,83.53
2020-11-30,b5,83.66
2020-12-01,b5,83.7
2020-12-02,b5,83.73
2020-12-03,b5,83.77
2020-12-04,b5,83.8
2020-12-05,b5,83.91
2020-12-06,b5,83.94
2020-12-07,b5,83.96
2020-12-08,b5,83.89
2020-12-09,b5,83.92
2020-12-10,b5,84
2020-12-11,b5,84.2
2020-12-12,b5,84.31
2020-12-13,b5,84.45
2020-12-14,b5,84.61
2020-12-15,b5,84.84
2020-12-16,b5,85.08
2020-12-17,b5,85.17
2020-12-18,b5,85.31
2020-12-19,b5,85.42
2020-12-20,b5,85.56
2020-12-21,b5,85.61
2020-12-22,b5,85.73
2020-12-23,b5,85.79
2020-12-24,b5,85.91
2020-12-25,b5,86.07
2020-12-26,b5,86.08
2020-12-27,b5,86.22
2020-12-28,b5,86.52
2020-12-29,b5,86.72
2020-12-30,b5,86.98
2020-12-31,b5,87.32
2021-01-01,b5,87.65
2021-01-02,b5,87.99
2021-01-03,b5,88.17
2021-01-04,b5,88.14
2021-01-05,b5,88.22
2021-01-06,b5,88.34
2021-01-07,b5,88.37
2021-01-08,b5,88.28
2021-01-09,b5,88.49
2021-01-10,b5,88.64
2021-01-11,b5,88.89
2021-01-12,b5,89.04
2021-01-13,b5,89.2
2021-01-14,b5,89.39
2021-01-15,b5,89.66
2021-01-16,b5,89.84
2021-01-17,b5,90
2021-01-18,b5,90.05
2021-01-19,b5,90.16
2021-01-20,b5,90.12
2021-01-21,b5,90.11
2021-01-22,b5,90.05
2021-01-23,b5,90.03
2021-01-24,b5,90.06
2021-01-25,b5,90.09
2021-01-26,b5,90.06
2021-01-27,b5,90.01
2021-01-28,b5,89.97
2021-01-29,b5,89.75
2021-01-30,b5,89.69
2021-01-31,b5,89.67
2021-02-01,b5,89.78
2021-02-02,b5,89.85
2021-02-03,b5,89.89
2021-02-04,b5,89.95
2021-02-05,b5,90.13
2021-02-06,b5,90.1
2021-02-07,b5,90.05
2021-02-08,b5,89.93
2021-02-09,b5,89.85
2021-02-10,b5,89.91
2021-02-11,b5,89.87
2021-02-12,b5,90.05
2021-02-13,b5,90.22
2021-02-14,b5,90.33
2021-02-15,b5,90.33
2021-02-16,b5,90.41
2021-02-17,b5,90.5
2021-02-18,b5,90.71
2021-02-19,b5,90.65
2021-02-20,b5,90.69
2021-02-21,b5,90.72
2021-02-22,b5,90.91
2021-02-23,b5,91.2
2021-02-24,b5,91.64
2021-02-25,b5,92.04
2021-02-26,b5,92.46
2021-02-27,b5,92.88
2021-02-28,b5,93.28
2021-03-01,b5,93.54
2021-03-02,b5,93.84
2021-03-03,b5,93.99
2021-03-04,b5,94.07
2021-03-05,b5,94.23
2021-03-06,b5,94.35
2021-03-07,b5,94.51
2021-03-08,b5,94.81
2021-03-09,b5,94.89
2021-03-10,b5,94.84
2021-03-11,b5,95.46
2021-03-12,b5,95.39
2021-03-13,b5,95.73
2021-03-14,b5,95.9
2021-03-15,b5,95.92
2021-03-16,b5,96.42
2021-03-17,b5,96.82
2021-03-18,b5,96.8
2021-03-19,b5,97.39
2021-03-20,b5,97.91
2021-03-21,b5,98.48
2021-03-22,b5,98.98
2021-03-23,b5,98.79
2021-03-24,b5,98.92
2021-03-25,b5,98.84
2021-03-26,b5,98.8
2021-03-27,b5,98.62
2021-03-28,b5,98.63
2021-03-29,b5,98.88
2021-03-30,b5,99.38
2021-03-31,b5,99.95
2021-04-01,b5,100.55
2021-04-02,b5,101.06
2021-04-03,b5,101.41
2021-04-04,b5,101.81
2021-04-05,b5,102.19
2021-04-06,b5,102.37
2021-04-07,b5,102.21
2021-04-08,b5,102
2021-04-09,b5,101.94
2021-04-10,b5,101.79
2021-04-11,b5,101.27
2021-04-12,b5,100.88
2021-04-13,b5,100.72
2021-04-14,b5,100.76
2021-04-15,b5,100.82
2021-04-16,b5,100.72
2021-04-17,b5,100.68
2021-04-18,b5,100.74
2021-04-19,b5,100.82
2021-04-20,b5,100.91
2021-04-21,b5,100.99
2021-04-22,b5,101
2021-04-23,b5,101.14
2021-04-24,b5,101.19
2021-04-25,b5,101.37
2021-04-26,b5,101.23
2021-04-27,b5,101.09
2021-04-28,b5,101.03
2021-04-29,b5,100.95
2021-04-30,b5,101.09
2021-05-01,b5,101.46
2021-05-02,b5,101.88
2021-05-03,b5,102.52
2021-05-04,b5,103.16
2021-05-05,b5,103.83
2021-05-06,b5,104.77
2021-05-07,b5,105.59
2021-05-08,b5,106.46
2021-05-09,b5,107.5
2021-05-10,b5,108.53
2021-05-11,b5,109.52
2021-05-12,b5,110.56
2021-05-13,b5,111.51
2021-05-14,b5,112.06
2021-05-15,b5,112.36
2021-05-16,b5,112.5
2021-05-17,b5,112.43
2021-05-18,b5,112.5
2021-05-19,b5,112.53
2021-05-20,b5,112.73
2021-05-21,b5,113.22
2021-05-22,b5,113.77
2021-05-23,b5,114.34
2021-05-24,b5,115.12
2021-05-25,b5,115.58
2021-05-26,b5,116.01
2021-05-27,b5,116.2
2021-05-28,b5,116.24
2021-05-29,b5,116.5
2021-05-30,b5,116.78
2021-05-31,b5,117.05
2021-06-01,b5,117.51
2021-06-02,b5,117.89
2021-06-03,b5,118.29
2021-06-04,b5,118.87
2021-06-05,b5,119.46
2021-06-06,b5,119.87
2021-06-07,b5,120.16
2021-06-08,b5,120.43
2021-06-09,b5,120.7
2021-06-10,b5,120.92
2021-06-11,b5,121.2
2021-06-12,b5,121.45
2021-06-13,b5,121.65
2021-06-14,b5,122.03
2021-06-15,b5,122.81
2021-06-16,b5,123.58
2021-06-17,b5,124.45
2021-06-18,b5,125.02
2021-06-19,b5,125.47
2021-06-20,b5,125.92
2021-06-21,b5,126.28
2021-06-22,b5,126.33
2021-06-23,b5,126.24
2021-06-24,b5,126.02
2021-06-25,b5,126.03
2021-06-26,b5,126.1
2021-06-27,b5,126.02
2021-06-28,b5,126.06
2021-06-29,b5,126.06
2021-06-30,b5,126.13
2021-07-01,b5,126.19
2021-07-02,b5,126.34
2021-07-03,b5,126.33
2021-07-04,b5,126.61
2021-07-05,b5,126.7
2021-07-06,b5,126.86
2021-07-07,b5,126.99
2021-07-08,b5,127.19
2021-07-09,b5,127.14
2021-07-10,b5,127.39
2021-07-11,b5,127.39
2021-07-12,b5,127.41
2021-07-13,b5,127.35
2021-07-14,b5,127.53
2021-07-15,b5,127.43
2021-07-16,b5,127.44
2021-07-17,b5,127.69
2021-07-18,b5,127.96
2021-07-19,b5,128.3
2021-07-20,b5,128.59
2021-07-21,b5,128.66
2021-07-22,b5,128.97
2021-07-23,b5,129.23
2021-07-24,b5,129.42
2021-07-25,b5,129.59
2021-07-26,b5,129.61
2021-07-27,b5,129.6
2021-07-28,b5,129.66
2021-07-29,b5,129.49
2021-07-30,b5,129.34
2021-07-31,b5,128.83
2021-08-01,b5,128.4
2021-08-02,b5,128.21
2021-08-03,b5,128.03
2021-08-04,b5,127.77
2021-08-05,b5,127.48
2021-08-06,b5,127.33
2021-08-07,b5,127.41
2021-08-08,b5,127.33
2021-08-09,b5,126.88
2021-08-10,b5,126.73
2021-08-11,b5,126.65
2021-08-12,b5,126.75
2021-08-13,b5,126.89
2021-08-14,b5,126.84
2021-08-15,b5,126.87
2021-08-16,b5,127.31
2021-08-17,b5,127.39
2021-08-18,b5,127.56
2021-08-19,b5,127.77
2021-08-20,b5,127.9
2021-08-21,b5,128.15
2021-08-22,b5,128.36
2021-08-23,b5,128.37
2021-08-24,b5,128.68
2021-08-25,b5,128.91
2021-08-26,b5,129.25
2021-08-27,b5,129.57
2021-08-28,b5,129.99
2021-08-29,b5,130.41
2021-08-30,b5,130.86
2021-08-31,b5,131.19
2021-09-01,b5,131.66
2021-09-02,b5,132.02
2021-09-03,b5,132.36
2021-09-04,b5,132.7
2021-09-05,b5,133.08
2021-09-06,b5,133.42
2021-09-07,b5,133.94
2021-09-08,b5,134.46
2021-09-09,b5,134.91
2021-09-10,b5,135.45
2021-09-11,b5,136.06
2021-09-12,b5,136.64
2021-09-13,b5,137.23
2021-09-14,b5,137.48
2021-09-15,b5,137.84
2021-09-16,b5,138.2
2021-09-17,b5,138.6
2021-09-18,b5,138.88
2021-09-19,b5,139.23
2021-09-20,b5,139.52
2021-09-21,b5,139.97
2021-09-22,b5,140.24
2021-09-23,b5,140.63
2021-09-24,b5,140.77
2021-09-25,b5,140.9
2021-09-26,b5,141.17
2021-09-27,b5,141.35
2021-09-28,b5,141.53
2021-09-29,b5,141.4
2021-09-30,b5,141.26
2021-10-01,b5,141.16
2021-10-02,b5,141.14
2021-10-03,b5,140.81
2021-10-04,b5,140.7
2021-10-05,b5,140.66
2021-10-06,b5,140.8
2021-10-07,b5,140.87
2021-10-08,b5,141.05
2021-10-09,b5,141.25
2021-10-10,b5,141.59
2021-10-11,b5,141.86
2021-10-12,b5,141.89
2021-10-13,b5,141.94
2021-10-14,b5,142.19
2021-10-15,b5,142.42
2021-10-16,b5,142.6
2021-10-17,b5,142.79
2021-10-18,b5,142.91
2021-10-19,b5,143.31
2021-10-20,b5,143.68
2021-10-21,b5,144.06
2021-10-22,b5,144.25
2021-10-23,b5,144.55
2021-10-24,b5,144.63
2021-10-25,b5,144.78
2021-10-26,b5,144.68
2021-10-27,b5,144.59
2021-10-28,b5,144.46
2021-10-29,b5,144.62
2021-10-30,b5,144.69
2021-10-31,b5,144.94
2021-11-01,b5,145.33
2021-11-02,b5,145.61
2021-11-03,b5,146.02
2021-11-04,b5,146.43
2021-11-05,b5,146.8
2021-11-06,b5,147.11
2021-11-07,b5,147.45
2021-11-08,b5,147.51
2021-11-09,b5,147.82
2021-11-10,b5,147.97
2021-11-11,b5,148.26
2021-11-12,b5,148.16
2021-11-13,b5,147.99
2021-11-14,b5,147.92
2021-11-15,b5,147.89
2021-11-16,b5,147.84
2021-11-17,b5,147.81
2021-11-18,b5,147.56
2021-11-19,b5,147.82
2021-11-20,b5,148.16
2021-11-21,b5,148.46
2021-11-22,b5,148.79
2021-11-23,b5,149.15
2021-11-24,b5,149.37
2021-11-25,b5,149.54
2021-11-26,b5,149.59
2021-11-27,b5,149.55
2021-11-28,b5,149.53
2021-11-29,b5,149.63
2021-11-30,b5,149.67
2021-12-01,b5,149.9
2021-12-02,b5,150.11
2021-12-03,b5,150.3
2021-12-04,b5,150.87
2021-12-05,b5,151.17
2021-12-06,b5,151.48
2021-12-07,b5,151.7
2021-12-08,b5,151.85
2021-12-09,b5,152.02
2021-12-10,b5,152.08
2021-12-11,b5,151.92
2021-12-12,b5,151.95
2021-12-13,b5,151.9
2021-12-14,b5,152.02
2021-12-15,b5,152.09
2021-12-16,b5,152.14
2021-12-17,b5,152.18
2021-12-18,b5,152.22
2021-12-19,b5,152.34
2021-12-20,b5,152.43
2021-12-21,b5,152.34
2021-12-22,b5,152.22
2021-12-23,b5,152.29
2021-12-24,b5,152.53
2021-12-25,b5,152.67
2021-12-26,b5,152.8
2021-12-27,b5,153.13
2021-12-28,b5,153.3
2021-12-29,b5,153.71
2021-12-30,b5,153.87
2021-12-31,b5,153.84
2022-01-01,b5,153.82
2022-01-02,b5,153.72
2022-01-03,b5,153.37
2022-01-04,b5,153.36
2022-01-05,b5,153.19
2022-01-06,b5,153.05
2022-01-07,b5,153.21
2022-01-08,b5,153.44
2022-01-09,b5,153.55
2022-01-10,b5,153.78
2022-01-11,b5,153.9
2022-01-12,b5,153.98
2022-01-13,b5,154.24
2022-01-14,b5,154.2
2022-01-15,b5,154.19
2022-01-16,b5,154.26
2022-01-17,b5,154.39
2022-01-18,b5,154.55
2022-01-19,b5,154.77
2022-01-20,b5,154.89
2022-01-21,b5,155.15
2022-01-22,b5,155.17
2022-01-23,b5,155.33
2022-01-24,b5,155.27
2022-01-25,b5,155.42
2022-01-26,b5,155.61
2022-01-27,b5,155.88
2022-01-28,b5,156.22
2022-01-29,b5,156.62
2022-01-30,b5,157.15
2022-01-31,b5,157.8
2022-02-01,b5,158.1
2022-02-02,b5,158.6
2022-02-03,b5,159.05
2022-02-04,b5,159.45
2022-02-05,b5,160.08
2022-02-06,b5,160.53
2022-02-07,b5,160.84
2022-02-08,b5,161.25
2022-02-09,b5,161.64
2022-02-10,b5,162.07
2022-02-11,b5,162.51
2022-02-12,b5,162.81
2022-02-13,b5,163
2022-02-14,b5,163.08
2022-02-15,b5,163.03
2022-02-16,b5,162.9
2022-02-17,b5,162.87
2022-02-18,b5,162.72
2022-02-19,b5,162.7
2022-02-20,b5,162.85
2022-02-21,b5,163.3
2022-02-22,b5,163.89
2022-02-23,b5,164.44
2022-02-24,b5,165.1
2022-02-25,b5,166.02
2022-02-26,b5,166.79
2022-02-27,b5,167.25
2022-02-28,b5,167.67
2022-03-01,b5,168.19
2022-03-02,b5,168.49
2022-03-03,b5,168.68
2022-03-04,b5,168.82
2022-03-05,b5,168.79
2022-03-06,b5,168.95
2022-03-07,b5,169.04
2022-03-08,b5,169.06
2022-03-09,b5,169.34
2022-03-10,b5,169.38
2022-03-11,b5,169.13
2022-03-12,b5,169.25
2022-03-13,b5,169.5
2022-03-14,b5,169.68
2022-03-15,b5,169.88
2022-03-16,b5,169.93
2022-03-17,b5,170.2
2022-03-18,b5,170.55
2022-03-19,b5,170.62
2022-03-20,b5,170.6
2022-03-21,b5,170.64
2022-03-22,b5,170.96
2022-03-23,b5,171.41
2022-03-24,b5,171.74
2022-03-25,b5,172.23
2022-03-26,b5,172.74
2022-03-27,b5,173.1
2022-03-28,b5,173.71
2022-03-29,b5,174.08
2022-03-30,b5,174.51
2022-03-31,b5,175.12
2022-04-01,b5,175.72
2022-04-02,b5,176.41
2022-04-03,b5,177.07
2022-04-04,b5,177.4
2022-04-05,b5,177.5
2022-04-06,b5,177.46
2022-04-07,b5,177.17
2022-04-08,b5,176.91
2022-04-09,b5,176.64
2022-04-10,b5,176.58
2022-04-11,b5,176.51
2022-04-12,b5,176.58
2022-04-13,b5,176.7
2022-04-14,b5,176.9
2022-04-15,b5,176.98
2022-04-16,b5,177.08
2022-04-17,b5,177.22
2022-04-18,b5,177.43
2022-04-19,b5,177.44
2022-04-20,b5,177.39
2022-04-21,b5,177.24
2022-04-22,b5,176.87
2022-04-23,b5,176.51
2022-04-24,b5,176.03
2022-04-25,b5,175.51
2022-04-26,b5,175.11
2022-04-27,b5,174.87
2022-04-28,b5,174.49
2022-04-29,b5,174.4
2022-04-30,b5,174.39
2022-05-01,b5,174.42
2022-05-02,b5,174.66
2022-05-03,b5,174.72
2022-05-04,b5,174.85
2022-05-05,b5,175.19
2022-05-06,b5,175.63
2022-05-07,b5,176.05
2022-05-08,b5,176.51
2022-05-09,b5,177.23
2022-05-10,b5,178.11
2022-05-11,b5,178.75
2022-05-12,b5,179.53
2022-05-13,b5,179.96
2022-05-14,b5,180.54
2022-05-15,b5,181.26
2022-05-16,b5,181.73
2022-05-17,b5,181.86
2022-05-18,b5,182.38
2022-05-19,b5,182.81
2022-05-20,b5,183.57
2022-05-21,b5,184.13
2022-05-22,b5,184.61
2022-05-23,b5,185.23
2022-05-24,b5,186.1
2022-05-25,b5,186.81
2022-05-26,b5,187.48
2022-05-27,b5,187.74
2022-05-28,b5,187.44
2022-05-29,b5,187.28
2022-05-30,b5,186.91
2022-05-31,b5,186.8
2022-06-01,b5,186.34
2022-06-02,b5,185.69
2022-06-03,b5,185.44
2022-06-04,b5,185.35
2022-06-05,b5,185.01
2022-06-06,b5,184.57
2022-06-07,b5,183.75
2022-06-08,b5,183.3
2022-06-09,b5,182.91
2022-06-10,b5,182.96
2022-06-11,b5,183.07
2022-06-12,b5,183.12
2022-06-13,b5,183.3
2022-06-14,b5,183.71
2022-06-15,b5,184.19
2022-06-16,b5,184.71
2022-06-17,b5,184.95
2022-06-18,b5,185.04
2022-06-19,b5,185.25
2022-06-20,b5,185.25
2022-06-21,b5,185.25
2022-06-22,b5,185.16
2022-06-23,b5,185
2022-06-24,b5,184.28
2022-06-25,b5,183.92
2022-06-26,b5,183.56
2022-06-27,b5,183.24
2022-06-28,b5,183.24
2022-06-29,b5,183.38
2022-06-30,b5,183.66
2022-07-01,b5,184.2
2022-07-02,b5,184.78
2022-07-03,b5,185.18
2022-07-04,b5,185.69
2022-07-05,b5,185.98
2022-07-06,b5,185.85
2022-07-07,b5,185.62
2022-07-08,b5,185.49
2022-07-09,b5,185.37
2022-07-10,b5,186.56
2022-07-11,b5,187.9
2022-07-12,b5,189.13
2022-07-13,b5,190.44
2022-07-14,b5,191.52
2022-07-15,b5,191.91
2022-07-16,b5,191.95
2022-07-17,b5,190.9
2022-07-18,b5,189.45
2022-07-19,b5,187.8
2022-07-20,b5,186.28
2022-07-21,b5,184.97
2022-07-22,b5,184.26
2022-07-23,b5,183.74
2022-07-24,b5,183.5
2022-07-25,b5,183.26
2022-07-26,b5,183.34
2022-07-27,b5,183.27
2022-07-28,b5,183.08
2022-07-29,b5,182.74
2022-07-30,b5,182.45
2022-07-31,b5,181.91
2022-08-01,b5,181.61
2022-08-02,b5,181.22
2022-08-03,b5,180.85
2022-08-04,b5,180.47
2022-08-05,b5,180.35
2022-08-06,b5,180.32
2022-08-07,b5,180.07
2022-08-08,b5,179.84
2022-08-09,b5,179.73
2022-08-10,b5,179.41
2022-08-11,b5,179.34
2022-08-12,b5,179.28
2022-08-13,b5,178.86
2022-08-14,b5,178.77
2022-08-15,b5,178.73
2022-08-16,b5,178.44
2022-08-17,b5,178.32
2022-08-18,b5,178.13
2022-08-19,b5,177.95
2022-08-20,b5,178.15
2022-08-21,b5,178.19
2022-08-22,b5,178.15
2022-08-23,b5,178.33
2022-08-24,b5,178.44
2022-08-25,b5,178.61
2022-08-26,b5,178.71
2022-08-27,b5,178.55
2022-08-28,b5,178.47
2022-08-29,b5,178.3
2022-08-30,b5,178.11
2022-08-31,b5,178.18
2022-09-01,b5,178.27
2022-09-02,b5,178.39
2022-09-03,b5,178.97
2022-09-04,b5,179.36
2022-09-05,b5,179.64
2022-09-06,b5,180.05
2022-09-07,b5,180.46
2022-09-08,b5,180.95
2022-09-09,b5,181.36
2022-09-10,b5,181.75
2022-09-11,b5,182.31
2022-09-12,b5,182.99
2022-09-13,b5,183.56
2022-09-14,b5,183.78
2022-09-15,b5,183.99
2022-09-16,b5,184.26
2022-09-17,b5,184.31
2022-09-18,b5,184.18
2022-09-19,b5,184.05
2022-09-20,b5,183.49
2022-09-21,b5,183.26
2022-09-22,b5,183
2022-09-23,b5,182.72
2022-09-24,b5,182.68
2022-09-25,b5,182.75
2022-09-26,b5,183.04
2022-09-27,b5,183.77
2022-09-28,b5,184.22
2022-09-29,b5,184.72
2022-09-30,b5,185.17
2022-10-01,b5,185.4
2022-10-02,b5,185.66
2022-10-03,b5,185.8
2022-10-04,b5,185.76
2022-10-05,b5,185.95
2022-10-06,b5,185.81
2022-10-07,b5,185.71
2022-10-08,b5,185.69
2022-10-09,b5,185.8
2022-10-10,b5,185.63
2022-10-11,b5,185.57
2022-10-12,b5,185.41
2022-10-13,b5,185.48
2022-10-14,b5,185.61
2022-10-15,b5,185.86
2022-10-16,b5,185.96
2022-10-17,b5,186.09
2022-10-18,b5,186.35
2022-10-19,b5,186.81
2022-10-20,b5,187.21
2022-10-21,b5,187.61
2022-10-22,b5,187.83
2022-10-23,b5,188.14
2022-10-24,b5,188.4
2022-10-25,b5,188.56
2022-10-26,b5,188.45
2022-10-27,b5,188.52
2022-10-28,b5,188.48
2022-10-29,b5,188.32
2022-10-30,b5,188.19
2022-10-31,b5,188.3
2022-11-01,b5,188.55
2022-11-02,b5,188.77
2022-11-03,b5,188.7
2022-11-04,b5,188.57
2022-11-05,b5,188.73
2022-11-06,b5,188.82
2022-11-07,b5,188.84
2022-11-08,b5,188.85
2022-11-09,b5,189.03
2022-11-10,b5,189.28
2022-11-11,b5,190.06
2022-11-12,b5,190.42
2022-11-13,b5,190.8
2022-11-14,b5,191.06
2022-11-15,b5,191.38
2022-11-16,b5,191.65
2022-11-17,b5,191.94
2022-11-18,b5,191.72
2022-11-19,b5,191.82
2022-11-20,b5,191.98
2022-11-21,b5,192.22
2022-11-22,b5,192.42
2022-11-23,b5,192.56
2022-11-24,b5,192.58
2022-11-25,b5,192.58
2022-11-26,b5,192.69
2022-11-27,b5,192.65
2022-11-28,b5,192.56
2022-11-29,b5,192.13
2022-11-30,b5,191.79
2022-12-01,b5,191.42
2022-12-02,b5,191.26
2022-12-03,b5,190.81
2022-12-04,b5,190.57
2022-12-05,b5,190.44
2022-12-06,b5,190.5
2022-12-07,b5,190.45
2022-12-08,b5,190.48
2022-12-09,b5,190.78
2022-12-10,b5,191.33
2022-12-11,b5,191.66
2022-12-12,b5,191.89
2022-12-13,b5,192.35
2022-12-14,b5,192.75
2022-12-15,b5,193.2
2022-12-16,b5,193.24
2022-12-17,b5,193.31
2022-12-18,b5,193.59
2022-12-19,b5,193.88
2022-12-20,b5,193.8
2022-12-21,b5,194.07
2022-12-22,b5,194.31
2022-12-23,b5,194.49
2022-12-24,b5,194.47
2022-12-25,b5,194.51
2022-12-26,b5,194.65
2022-12-27,b5,194.87
2022-12-28,b5,194.82
2022-12-29,b5,194.69
2022-12-30,b5,194.69
2022-12-31,b5,194.64
2023-01-01,b5,194.37
2023-01-02,b5,194.09
2023-01-03,b5,193.72
2023-01-04,b5,193.47
2023-01-05,b5,193.53
2023-01-06,b5,193.54
2023-01-07,b5,193.91
2023-01-08,b5,194.32
2023-01-09,b5,194.6
2023-01-10,b5,195.06
2023-01-11,b5,195.62
2023-01-12,b5,195.94
2023-01-13,b5,196.39
2023-01-14,b5,196.51
2023-01-15,b5,196.63
2023-01-16,b5,196.74
2023-01-17,b5,196.91
2023-01-18,b5,197.41
2023-01-19,b5,197.97
2023-01-20,b5,198.19
2023-01-21,b5,198.68
2023-01-22,b5,199.17
2023-01-23,b5,199.51
2023-01-24,b5,200.08
2023-01-25,b5,200.15
2023-01-26,b5,200.28
2023-01-27,b5,200.59
2023-01-28,b5,200.65
2023-01-29,b5,200.75
2023-01-30,b5,200.64
2023-01-31,b5,200.63
2023-02-01,b5,200.76
2023-02-02,b5,200.89
2023-02-03,b5,200.98
2023-02-04,b5,201.08
2023-02-05,b5,201.11
2023-02-06,b5,201.5
2023-02-07,b5,201.73
2023-02-08,b5,201.24
2023-02-09,b5,200.9
2023-02-10,b5,200.57
2023-02-11,b5,200.23
2023-02-12,b5,199.85
2023-02-13,b5,199.54
2023-02-14,b5,198.95
2023-02-15,b5,198.63
2023-02-16,b5,198.09
2023-02-17,b5,197.62
2023-02-18,b5,197.15
2023-02-19,b5,196.95
2023-02-20,b5,196.75
2023-02-21,b5,196.6
2023-02-22,b5,197.06
2023-02-23,b5,197.94
2023-02-24,b5,197.97
2023-02-25,b5,198.1
2023-02-26,b5,197.91
2023-02-27,b5,197.6
2023-02-28,b5,197.29
2023-03-01,b5,196.66
2023-03-02,b5,195.72
2023-03-03,b5,195.46
2023-03-04,b5,195.37
2023-03-05,b5,195.56
2023-03-06,b5,195.77
2023-03-07,b5,195.93
2023-03-08,b5,196.26
2023-03-09,b5,196.75
2023-03-10,b5,198.22
2023-03-11,b5,199.75
2023-03-12,b5,201.16
2023-03-13,b5,202.71
2023-03-14,b5,204.55
2023-03-15,b5,206.25
2023-03-16,b5,207.91
2023-03-17,b5,208.92
2023-03-18,b5,209.99
2023-03-19,b5,210.89
2023-03-20,b5,211.78
2023-03-21,b5,212.44
2023-03-22,b5,211.1
2023-03-23,b5,210.03
2023-03-24,b5,208.83
2023-03-25,b5,207.69
2023-03-26,b5,206.72
2023-03-27,b5,205.72
2023-03-28,b5,204.28
2023-03-29,b5,204.66
2023-03-30,b5,204.51
2023-03-31,b5,204.3
2023-04-01,b5,203.82
2023-04-02,b5,203.35
2023-04-03,b5,202.74
2023-04-04,b5,202.56
2023-04-05,b5,202.72
2023-04-06,b5,202.97
2023-04-07,b5,203.42
2023-04-08,b5,203.7
2023-04-09,b5,203.93
2023-04-10,b5,204.6
2023-04-11,b5,204.85
2023-04-12,b5,204.84
2023-04-13,b5,204.9
2023-04-14,b5,204.85
2023-04-15,b5,204.8
2023-04-16,b5,204.84
2023-04-17,b5,204.33
2023-04-18,b5,204.25
2023-04-19,b5,204.38
2023-04-20,b5,204.5
2023-04-21,b5,204.66
2023-04-22,b5,204.86
2023-04-23,b5,204.96
2023-04-24,b5,205.36
2023-04-25,b5,205.97
2023-04-26,b5,206.49
2023-04-27,b5,206.97
2023-04-28,b5,207.82
2023-04-29,b5,208.33
2023-04-30,b5,208.86
2023-05-01,b5,209.59
2023-05-02,b5,209.74
2023-05-03,b5,209.84
2023-05-04,b5,209.91
2023-05-05,b5,209.75
2023-05-06,b5,208.98
2023-05-07,b5,208.01
2023-05-08,b5,206.88
2023-05-09,b5,205.38
2023-05-10,b5,203.81
2023-05-11,b5,202.45
2023-05-12,b5,201
2023-05-13,b5,200.46
2023-05-14,b5,200.17
2023-05-15,b5,199.57
2023-05-16,b5,199.76
2023-05-17,b5,200.14
2023-05-18,b5,200.57
2023-05-19,b5,200.54
2023-05-20,b5,200.07
2023-05-21,b5,199.7
2023-05-22,b5,199.42
2023-05-23,b5,198.93
2023-05-24,b5,198.24
2023-05-25,b5,197.28
2023-05-26,b5,196.63
2023-05-27,b5,196.42
2023-05-28,b5,195.92
2023-05-29,b5,195.88
2023-05-30,b5,195.67
2023-05-31,b5,195.62
2023-06-01,b5,195.68
2023-06-02,b5,195.59
2023-06-03,b5,195.61
2023-06-04,b5,195.65
2023-06-05,b5,195.36
2023-06-06,b5,195.26
2023-06-07,b5,194.96
2023-06-08,b5,194.7
2023-06-09,b5,194.37
2023-06-10,b5,194.01
2023-06-11,b5,193.76
2023-06-12,b5,193.73
2023-06-13,b5,193.75
2023-06-14,b5,193.88
2023-06-15,b5,193.85
2023-06-16,b5,194.04
2023-06-17,b5,194.13
2023-06-18,b5,194.07
2023-06-19,b5,193.8
2023-06-20,b5,193.49
2023-06-21,b5,193.25
2023-06-22,b5,193.09
2023-06-23,b5,192.94
2023-06-24,b5,192.65
2023-06-25,b5,192.49
2023-06-26,b5,192.07
2023-06-27,b5,191.67
2023-06-28,b5,191.21
2023-06-29,b5,191.14
2023-06-30,b5,191.03
2023-07-01,b5,190.86
2023-07-02,b5,190.7
2023-07-03,b5,190.7
2023-07-04,b5,190.77
2023-07-05,b5,190.96
2023-07-06,b5,190.58
2023-07-07,b5,190.4
2023-07-08,b5,190.28
2023-07-09,b5,190.13
2023-07-10,b5,190.42
2023-07-11,b5,190.8
2023-07-12,b5,190.91
2023-07-13,b5,191.01
2023-07-14,b5,191.22
2023-07-15,b5,191.3
2023-07-16,b5,191.44
2023-07-17,b5,191.27
2023-07-18,b5,190.87
2023-07-19,b5,190.58
2023-07-20,b5,190.32
2023-07-21,b5,189.8
2023-07-22,b5,189.43
2023-07-23,b5,189.31
2023-07-24,b5,189.28
2023-07-25,b5,189.29
2023-07-26,b5,189.13
2023-07-27,b5,189.07
2023-07-28,b5,189.03
2023-07-29,b5,189.07
2023-07-30,b5,188.9
2023-07-31,b5,188.72
2023-08-01,b5,188.64
2023-08-02,b5,188.64
2023-08-03,b5,188.72
2023-08-04,b5,188.69
2023-08-05,b5,188.81
2023-08-06,b5,189
2023-08-07,b5,189.25
2023-08-08,b5,189.42
2023-08-09,b5,189.76
2023-08-10,b5,189.92
2023-08-11,b5,190.01
2023-08-12,b5,190.02
2023-08-13,b5,189.99
2023-08-14,b5,190.02
2023-08-15,b5,190.18
2023-08-16,b5,190.07
2023-08-17,b5,190.15
2023-08-18,b5,190.26
2023-08-19,b5,190.52
2023-08-20,b5,190.76
2023-08-21,b5,191.01
2023-08-22,b5,191.25
2023-08-23,b5,191.69
2023-08-24,b5,192.05
2023-08-25,b5,192.6
2023-08-26,b5,192.89
2023-08-27,b5,193.07
2023-08-28,b5,193.03
2023-08-29,b5,193.17
2023-08-30,b5,193.24
2023-08-31,b5,193.36
2023-09-01,b5,193.42
2023-09-02,b5,193.7
2023-09-03,b5,194.09
2023-09-04,b5,194.43
2023-09-05,b5,194.47
2023-09-06,b5,194.51
2023-09-07,b5,194.68
2023-09-08,b5,194.82
2023-09-09,b5,194.79
2023-09-10,b5,194.73
2023-09-11,b5,194.78
2023-09-12,b5,194.68
2023-09-13,b5,194.59
2023-09-14,b5,194.13
2023-09-15,b5,193.56
2023-09-16,b5,193.1
2023-09-17,b5,192.53
2023-09-18,b5,191.93
2023-09-19,b5,191.6
2023-09-20,b5,191.21
2023-09-21,b5,191.22
2023-09-22,b5,191.37
2023-09-23,b5,191.23
2023-09-24,b5,191.3
2023-09-25,b5,191.42
2023-09-26,b5,191.54
2023-09-27,b5,191.5
2023-09-28,b5,191.17
2023-09-29,b5,190.72
2023-09-30,b5,190.37
2023-10-01,b5,189.77
2023-10-02,b5,189.01
2023-10-03,b5,188.21
2023-10-04,b5,187.74
2023-10-05,b5,187.28
2023-10-06,b5,186.63
2023-10-07,b5,185.99
2023-10-08,b5,185.49
2023-10-09,b5,184.93
2023-10-10,b5,184.33
2023-10-11,b5,183.62
2023-10-12,b5,183.07
2023-10-13,b5,182.71
2023-10-14,b5,182.41
2023-10-15,b5,182.1
2023-10-16,b5,181.85
2023-10-17,b5,181.48
2023-10-18,b5,181.26
2023-10-19,b5,180.93
2023-10-20,b5,180.57
2023-10-21,b5,180.1
2023-10-22,b5,179.7
2023-10-23,b5,179.26
2023-10-24,b5,179
2023-10-25,b5,178.74
2023-10-26,b5,178.66
2023-10-27,b5,178.46
2023-10-28,b5,178.61
2023-10-29,b5,178.56
2023-10-30,b5,178.8
2023-10-31,b5,178.93
2023-11-01,b5,179.21
2023-11-02,b5,179.08
2023-11-03,b5,179.01
2023-11-04,b5,178.59
2023-11-05,b5,178.26
2023-11-06,b5,177.81
2023-11-07,b5,177.46
2023-11-08,b5,176.9
2023-11-09,b5,176.65
2023-11-10,b5,176.35
2023-11-11,b5,176.54
2023-11-12,b5,176.55
2023-11-13,b5,176.54
2023-11-14,b5,176.41
2023-11-15,b5,176.44
2023-11-16,b5,176.44
2023-11-17,b5,176.5
2023-11-18,b5,176.17
2023-11-19,b5,175.99
2023-11-20,b5,175.87
2023-11-21,b5,175.82
2023-11-22,b5,175.52
2023-11-23,b5,175.22
2023-11-24,b5,174.86
2023-11-25,b5,174.58
2023-11-26,b5,174.36
2023-11-27,b5,174.31
2023-11-28,b5,174.37
2023-11-29,b5,174.6
2023-11-30,b5,174.72
2023-12-01,b5,174.89
2023-12-02,b5,174.97
2023-12-03,b5,174.96
2023-12-04,b5,174.65
2023-12-05,b5,174.26
2023-12-06,b5,173.91
2023-12-07,b5,173.65
2023-12-08,b5,173.69
2023-12-09,b5,173.8
2023-12-10,b5,173.96
2023-12-11,b5,174.18
2023-12-12,b5,174.33
2023-12-13,b5,174.51
2023-12-14,b5,174.79
2023-12-15,b5,174.79
2023-12-16,b5,174.73
2023-12-17,b5,174.65
2023-12-18,b5,174.48
2023-12-19,b5,174.28
2023-12-20,b5,174.16
2023-12-21,b5,174.03
2023-12-22,b5,173.66
2023-12-23,b5,173.39
2023-12-24,b5,173.17
2023-12-25,b5,173.42
2023-12-26,b5,173.55
2023-12-27,b5,173.43
2023-12-28,b5,173.12
2023-12-29,b5,173.19
2023-12-30,b5,172.98
2023-12-31,b5,172.82
2024-01-01,b5,172.57
2024-01-02,b5,172.26
2024-01-03,b5,172.03
2024-01-04,b5,171.9
2024-01-05,b5,171.96
2024-01-06,b5,172.31
2024-01-07,b5,172.44
2024-01-08,b5,172.12
2024-01-09,b5,172.14
2024-01-10,b5,172.13
2024-01-11,b5,172.18
2024-01-12,b5,172.05
2024-01-13,b5,171.81
2024-01-14,b5,171.63
2024-01-15,b5,171.61
2024-01-16,b5,171.51
2024-01-17,b5,171.57
2024-01-18,b5,171.59
2024-01-19,b5,171.59
2024-01-20,b5,171.59
2024-01-21,b5,171.65
2024-01-22,b5,171.61
2024-01-23,b5,171.51
2024-01-24,b5,171.3
2024-01-25,b5,171.14
2024-01-26,b5,170.94
2024-01-27,b5,170.86
2024-01-28,b5,170.77
2024-01-29,b5,170.75
2024-01-30,b5,170.81
2024-01-31,b5,170.57
2024-02-01,b5,170.23
2024-02-02,b5,169.99
2024-02-03,b5,169.68
2024-02-04,b5,169.41
2024-02-05,b5,169.12
2024-02-06,b5,168.94
2024-02-07,b5,168.96
2024-02-08,b5,168.94
2024-02-09,b5,168.99
2024-02-10,b5,169.04
2024-02-11,b5,169.02
2024-02-12,b5,168.98
2024-02-13,b5,168.71
2024-02-14,b5,168.71
2024-02-15,b5,169.02
2024-02-16,b5,169.16
2024-02-17,b5,169.26
2024-02-18,b5,169.45
2024-02-19,b5,169.68
2024-02-20,b5,170.27
2024-02-21,b5,170.62
2024-02-22,b5,170.64
2024-02-23,b5,171.1
2024-02-24,b5,171.67
2024-02-25,b5,172.19
2024-02-26,b5,172.75
2024-02-27,b5,172.89
2024-02-28,b5,173.11
2024-02-29,b5,173.42
2024-03-01,b5,173.39
2024-03-02,b5,173.26
2024-03-03,b5,173.03
2024-03-04,b5,172.82
2024-03-05,b5,172.76
2024-03-06,b5,172.6
2024-03-07,b5,172.44
2024-03-08,b5,172.18
2024-03-09,b5,172.04
2024-03-10,b5,171.79
2024-03-11,b5,171.36
2024-03-12,b5,171.02
2024-03-13,b5,170.59
2024-03-14,b5,170.12
2024-03-15,b5,169.77
2024-03-16,b5,169.3
2024-03-17,b5,169.1
2024-03-18,b5,169.17
2024-03-19,b5,169.18
2024-03-20,b5,169.37
2024-03-21,b5,169.55
2024-03-22,b5,169.68
2024-03-23,b5,169.82
2024-03-24,b5,169.89
2024-03-25,b5,169.88
2024-03-26,b5,169.77
2024-03-27,b5,169.56
2024-03-28,b5,169.4
2024-03-29,b5,169.28
2024-03-30,b5,169.2
2024-03-31,b5,169.1
2024-04-01,b5,169.11
2024-04-02,b5,169
2024-04-03,b5,169.03
2024-04-04,b5,168.97
2024-04-05,b5,168.9
2024-04-06,b5,168.84
2024-04-07,b5,168.8
2024-04-08,b5,168.65
2024-04-09,b5,168.67
2024-04-10,b5,168.75
2024-04-11,b5,168.85
2024-04-12,b5,168.94
2024-04-13,b5,169.09
2024-04-14,b5,169.19
2024-04-15,b5,169.27
2024-04-16,b5,169.4
2024-04-17,b5,169.53
2024-04-18,b5,169.68
2024-04-19,b5,170.07
2024-04-20,b5,170.14
2024-04-21,b5,170.36
2024-04-22,b5,170.48
2024-04-23,b5,170.46
2024-04-24,b5,170.28
2024-04-25,b5,170.25
2024-04-26,b5,169.93
2024-04-27,b5,169.71
2024-04-28,b5,169.37
2024-04-29,b5,168.98
2024-04-30,b5,168.67
2024-05-01,b5,168.48
2024-05-02,b5,167.85
2024-05-03,b5,167.43
2024-05-04,b5,167.06
2024-05-05,b5,166.66
2024-05-06,b5,166.5
2024-05-07,b5,166.34
2024-05-08,b5,166.22
2024-05-09,b5,166.42
2024-05-10,b5,166.26
2024-05-11,b5,165.96
2024-05-12,b5,165.67
2024-05-13,b5,165.14
2024-05-14,b5,164.74
2024-05-15,b5,164.3
2024-05-16,b5,163.97
2024-05-17,b5,163.52
2024-05-18,b5,163.17
2024-05-19,b5,162.78
2024-05-20,b5,162.7
2024-05-21,b5,162.19
2024-05-22,b5,161.78
2024-05-23,b5,161.35
2024-05-24,b5,161.19
2024-05-25,b5,161.27
2024-05-26,b5,161.35
2024-05-27,b5,161.08
2024-05-28,b5,161.31
2024-05-29,b5,161.49
2024-05-30,b5,161.51
2024-05-31,b5,161.69
2024-06-01,b5,161.7
2024-06-02,b5,161.75
2024-06-03,b5,161.96
2024-06-04,b5,161.97
2024-06-05,b5,161.81
2024-06-06,b5,161.53
2024-06-07,b5,161.12
2024-06-08,b5,160.92
2024-06-09,b5,160.71
2024-06-10,b5,160.67
2024-06-11,b5,160.63
2024-06-12,b5,160.59
2024-06-13,b5,160.59
2024-06-14,b5,160.53
2024-06-15,b5,160.2
2024-06-16,b5,159.74
2024-06-17,b5,159.05
2024-06-18,b5,158.49
2024-06-19,b5,157.95
2024-06-20,b5,157.46
2024-06-21,b5,157.17
2024-06-22,b5,156.95
2024-06-23,b5,156.84
2024-06-24,b5,156.78
2024-06-25,b5,156.63
2024-06-26,b5,156.95
2024-06-27,b5,157.13
2024-06-28,b5,157.3
2024-06-29,b5,157.04
2024-06-30,b5,156.91
2024-07-01,b5,156.7
2024-07-02,b5,156.47
2024-07-03,b5,155.73
2024-07-04,b5,155.15
2024-07-05,b5,154.72
2024-07-06,b5,154.66
2024-07-07,b5,154.47
2024-07-08,b5,154.39
2024-07-09,b5,154.36
2024-07-10,b5,154.3
2024-07-11,b5,154.19
2024-07-12,b5,154.05
2024-07-13,b5,154.08
2024-07-14,b5,154.2
2024-07-15,b5,154.49
2024-07-16,b5,154.69
2024-07-17,b5,154.94
2024-07-18,b5,155.08
2024-07-19,b5,154.89
2024-07-20,b5,154.52
2024-07-21,b5,154.26
2024-07-22,b5,153.63
2024-07-23,b5,153.08
2024-07-24,b5,152.58
2024-07-25,b5,151.93
2024-07-26,b5,151.48
2024-07-27,b5,151.02
2024-07-28,b5,150.38
2024-07-29,b5,149.83
2024-07-30,b5,149.35
2024-07-31,b5,148.76
2024-08-01,b5,148.39
2024-08-02,b5,147.99
2024-08-03,b5,147.75
2024-08-04,b5,147.71
2024-08-05,b5,147.51
2024-08-06,b5,147.41
2024-08-07,b5,147.42
2024-08-08,b5,147.3
2024-08-09,b5,147.37
2024-08-10,b5,147.21
2024-08-11,b5,146.91
2024-08-12,b5,146.88
2024-08-13,b5,146.89
2024-08-14,b5,146.71
2024-08-15,b5,146.81
2024-08-16,b5,146.71
2024-08-17,b5,146.57
2024-08-18,b5,146.45
2024-08-19,b5,146.49
2024-08-20,b5,146.29
2024-08-21,b5,146.19
2024-08-22,b5,146.03
2024-08-23,b5,145.93
2024-08-24,b5,145.8
2024-08-25,b5,145.73
2024-08-26,b5,145.47
2024-08-27,b5,145.13
2024-08-28,b5,145.01
2024-08-29,b5,145.04
2024-08-30,b5,144.88
2024-08-31,b5,145.09
2024-09-01,b5,145.25
2024-09-02,b5,145.38
2024-09-03,b5,145.61
2024-09-04,b5,145.55
2024-09-05,b5,145.37
2024-09-06,b5,145.41
2024-09-07,b5,145.11
2024-09-08,b5,145.04
2024-09-09,b5,145.06
2024-09-10,b5,145.15
2024-09-11,b5,145.17
2024-09-12,b5,145.25
2024-09-13,b5,145.12
2024-09-14,b5,145.1
2024-09-15,b5,144.83
2024-09-16,b5,144.42
2024-09-17,b5,144.08
2024-09-18,b5,143.81
2024-09-19,b5,143.43
2024-09-20,b5,143.11
2024-09-21,b5,142.96
2024-09-22,b5,142.76
2024-09-23,b5,142.5
2024-09-24,b5,142.24
2024-09-25,b5,142.07
2024-09-26,b5,142
2024-09-27,b5,141.83
2024-09-28,b5,141.48
2024-09-29,b5,141.18
2024-09-30,b5,140.88
2024-10-01,b5,140.41
2024-10-02,b5,139.84
2024-10-03,b5,139.3
2024-10-04,b5,138.95
2024-10-05,b5,138.58
2024-10-06,b5,138.16
2024-10-07,b5,137.85
2024-10-08,b5,137.66
2024-10-09,b5,137.56
2024-10-10,b5,137.28
2024-10-11,b5,137.02
2024-10-12,b5,136.97
2024-10-13,b5,136.92
2024-10-14,b5,136.93
2024-10-15,b5,136.89
2024-10-16,b5,136.8
2024-10-17,b5,136.7
2024-10-18,b5,136.54
2024-10-19,b5,136.4
2024-10-20,b5,136.32
2024-10-21,b5,136.16
2024-10-22,b5,135.98
2024-10-23,b5,135.82
2024-10-24,b5,135.89
2024-10-25,b5,136.03
2024-10-26,b5,135.98
2024-10-27,b5,136
2024-10-28,b5,136.13
2024-10-29,b5,136.24
2024-10-30,b5,136.44
2024-10-31,b5,136.39
2024-11-01,b5,136.37
2024-11-02,b5,136.21
2024-11-03,b5,135.97
2024-11-04,b5,135.58
2024-11-05,b5,135.3
2024-11-06,b5,135.01
2024-11-07,b5,134.76
2024-11-08,b5,134.29
2024-11-09,b5,134.1
2024-11-10,b5,133.78
2024-11-11,b5,133.91
2024-11-12,b5,133.64
2024-11-13,b5,133.3
2024-11-14,b5,133.06
2024-11-15,b5,133.07
2024-11-16,b5,132.95
2024-11-17,b5,132.93
2024-11-18,b5,132.51
2024-11-19,b5,132.5
2024-11-20,b5,132.54
2024-11-21,b5,132.68
2024-11-22,b5,132.87
2024-11-23,b5,133.15
2024-11-24,b5,133.4
2024-11-25,b5,133.75
2024-11-26,b5,134.13
2024-11-27,b5,134.46
2024-11-28,b5,134.62
2024-11-29,b5,134.84
2024-11-30,b5,135.08
2024-12-01,b5,135.25
2024-12-02,b5,135.45
2024-12-03,b5,135.55
2024-12-04,b5,135.68
2024-12-05,b5,135.82
2024-12-06,b5,135.89
2024-12-07,b5,135.96
2024-12-08,b5,135.95
2024-12-09,b5,135.85
2024-12-10,b5,135.8
2024-12-11,b5,135.73
2024-12-12,b5,135.71
2024-12-13,b5,135.67
2024-12-14,b5,135.49
2024-12-15,b5,135.5
2024-12-16,b5,135.54
2024-12-17,b5,135.6
2024-12-18,b5,135.69
2024-12-19,b5,135.76
2024-12-20,b5,135.89
2024-12-21,b5,136.1
2024-12-22,b5,136.28
2024-12-23,b5,136.45
2024-12-24,b5,136.55
2024-12-25,b5,136.74
2024-12-26,b5,136.8
2024-12-27,b5,136.64
2024-12-28,b5,136.5
2024-12-29,b5,136.35
2024-12-30,b5,136.35
2024-12-31,b5,136.37
2025-01-01,b5,136.38
2025-01-02,b5,136.33
2025-01-03,b5,136.36
2025-01-04,b5,136.34
2025-01-05,b5,136.31
2025-01-06,b5,136.05
2025-01-07,b5,135.84
2025-01-08,b5,135.5
2025-01-09,b5,135.48
2025-01-10,b5,135.51
2025-01-11,b5,135.66
2025-01-12,b5,135.87
2025-01-13,b5,136.04
2025-01-14,b5,136.27
2025-01-15,b5,136.45
2025-01-16,b5,136.63
2025-01-17,b5,136.47
2025-01-18,b5,136.25
2025-01-19,b5,136.02
2025-01-20,b5,135.79
2025-01-21,b5,135.57
2025-01-22,b5,135.38
2025-01-23,b5,135.04
2025-01-24,b5,135.07
2025-01-25,b5,135.03
2025-01-26,b5,135.03
2025-01-27,b5,135.02
2025-01-28,b5,135.91
2025-01-29,b5,135.8
2025-01-30,b5,135.88
2025-01-31,b5,135.74
2025-02-01,b5,135.79
2025-02-02,b5,135.79
2025-02-03,b5,135.84
2025-02-04,b5,134.8
2025-02-05,b5,134.85
2025-02-06,b5,134.77
2025-02-07,b5,134.73
2025-02-08,b5,134.6
2025-02-09,b5,134.45
2025-02-10,b5,134.33
2025-02-11,b5,134.43
2025-02-12,b5,134.38
2025-02-13,b5,134.41
2025-02-14,b5,134.46
2025-02-15,b5,134.23
2025-02-16,b5,134.1
2025-02-17,b5,134.01
2025-02-18,b5,133.81
2025-02-19,b5,133.56
2025-02-20,b5,133.22
2025-02-21,b5,132.83
2025-02-22,b5,132.8
2025-02-23,b5,132.7
2025-02-24,b5,132.62
2025-02-25,b5,132.51
2025-02-26,b5,132.52
2025-02-27,b5,132.58
2025-02-28,b5,132.7
2025-03-01,b5,132.72
2025-03-02,b5,132.75
2025-03-03,b5,132.66
2025-03-04,b5,132.57
2025-03-05,b5,131.24
2025-03-06,b5,131.33
2025-03-07,b5,131.38
2025-03-08,b5,131.47
2025-03-09,b5,131.46
2025-03-10,b5,131.35
2025-03-11,b5,131.35
2025-03-12,b5,132.62
2025-03-13,b5,132.4
2025-03-14,b5,132.24
2025-03-15,b5,131.93
2025-03-16,b5,131.78
2025-03-17,b5,131.83
2025-03-18,b5,131.85
2025-03-19,b5,131.99
2025-03-20,b5,132.17
2025-03-21,b5,132.35
2025-03-22,b5,132.55
2025-03-23,b5,132.62
2025-03-24,b5,132.66
2025-03-25,b5,132.61
2025-03-26,b5,132.39
2025-03-27,b5,132.28
2025-03-28,b5,132.16
2025-03-29,b5,132.29
2025-03-30,b5,132.48
2025-03-31,b5,132.75
2025-04-01,b5,133.1
2025-04-02,b5,133.28
2025-04-03,b5,133.4
2025-04-04,b5,133.55
2025-04-05,b5,133.63
2025-04-06,b5,133.64
2025-04-07,b5,133.56
2025-04-08,b5,133.26
2025-04-09,b5,133.13
2025-04-10,b5,132.84
2025-04-11,b5,132.45
2025-04-12,b5,131.92
2025-04-13,b5,131.44
2025-04-14,b5,131.02
2025-04-15,b5,130.77
2025-04-16,b5,130.46
2025-04-17,b5,130.26
2025-04-18,b5,130.09
2025-04-19,b5,129.9
2025-04-20,b5,129.75
2025-04-21,b5,129.7
2025-04-22,b5,129.38
2025-04-23,b5,129.01
2025-04-24,b5,128.63
2025-04-25,b5,128.24
2025-04-26,b5,127.95
2025-04-27,b5,127.62
2025-04-28,b5,127.14
2025-04-29,b5,126.94
2025-04-30,b5,126.95
2025-05-01,b5,127.08
2025-05-02,b5,127.28
2025-05-03,b5,127.4
2025-05-04,b5,127.47
2025-05-05,b5,127.63
2025-05-06,b5,127.93
2025-05-07,b5,128.19
2025-05-08,b5,128.58
2025-05-09,b5,129.02
2025-05-10,b5,129.38
2025-05-11,b5,129.77
2025-05-12,b5,130.12
2025-05-13,b5,130.3
2025-05-14,b5,130.53
2025-05-15,b5,130.44
2025-05-16,b5,130.42
2025-05-17,b5,130.33
2025-05-18,b5,130.45
2025-05-19,b5,130.64
2025-05-20,b5,130.82
2025-05-21,b5,130.88
2025-05-22,b5,130.93
2025-05-23,b5,130.86
2025-05-24,b5,130.89
2025-05-25,b5,130.8
2025-05-26,b5,130.64
2025-05-27,b5,130.56
2025-05-28,b5,130.42
2025-05-29,b5,130.52
2025-05-30,b5,130.55
2025-05-31,b5,130.37
2025-06-01,b5,130.14
2025-06-02,b5,129.86
2025-06-03,b5,129.53
2025-06-04,b5,129.19
2025-06-05,b5,128.62
2025-06-06,b5,128.12
2025-06-07,b5,128
2025-06-08,b5,127.88
2025-06-09,b5,127.94
2025-06-10,b5,127.71
2025-06-11,b5,127.46
2025-06-12,b5,127.26
2025-06-13,b5,126.99
2025-06-14,b5,126.66
2025-06-15,b5,126.45
2025-06-16,b5,126.1
2025-06-17,b5,126.07
2025-06-18,b5,125.97
2025-06-19,b5,125.85
2025-06-20,b5,125.77
2025-06-21,b5,125.53
2025-06-22,b5,125.27
2025-06-23,b5,124.96
2025-06-24,b5,124.59
2025-06-25,b5,124.39
2025-06-26,b5,124.13
2025-06-27,b5,123.89
2025-06-28,b5,123.83
2025-06-29,b5,123.86
2025-06-30,b5,123.95
2025-07-01,b5,124.09
2025-07-02,b5,124.32
2025-07-03,b5,124.56
2025-07-04,b5,124.8
2025-07-05,b5,124.94
2025-07-06,b5,124.87
2025-07-07,b5,124.83
2025-07-08,b5,124.66
2025-07-09,b5,124.33
2025-07-10,b5,124.13
2025-07-11,b5,123.99
2025-07-12,b5,123.91
2025-07-13,b5,123.81
2025-07-14,b5,123.86
2025-07-15,b5,123.81
2025-07-16,b5,123.71
2025-07-17,b5,123.57
2025-07-18,b5,123.39
2025-07-19,b5,123.13
2025-07-20,b5,123.06
2025-07-21,b5,122.8
2025-07-22,b5,122.91
2025-07-23,b5,123.01
2025-07-24,b5,123.14
2025-07-25,b5,123.23
2025-07-26,b5,123.23
2025-07-27,b5,123.13
2025-07-28,b5,122.96
2025-07-29,b5,122.6
2025-07-30,b5,122.22
2025-07-31,b5,121.85
2025-08-01,b5,121.36
2025-08-02,b5,121.06
2025-08-03,b5,120.74
2025-08-04,b5,120.58
2025-08-05,b5,120.49
2025-08-06,b5,120.46
2025-08-07,b5,120.4
2025-08-08,b5,120.46
2025-08-09,b5,120.5
2025-08-10,b5,120.55
2025-08-11,b5,120.56
2025-08-12,b5,120.55
2025-08-13,b5,120.52
2025-08-14,b5,120.49
2025-08-15,b5,120.61
2025-08-16,b5,120.48
2025-08-17,b5,120.36
2025-08-18,b5,120.21
2025-08-19,b5,120.09
2025-08-20,b5,120.15
2025-08-21,b5,120.17
2025-08-22,b5,120.05
2025-08-23,b5,120.09
2025-08-24,b5,120.02
2025-08-25,b5,119.98
2025-08-26,b5,119.91
2025-08-27,b5,119.72
2025-08-28,b5,119.62
2025-08-29,b5,119.48
2025-08-30,b5,119.33
2025-08-31,b5,119.18
2025-09-01,b5,118.99
2025-09-02,b5,118.77
2025-09-03,b5,118.66
2025-09-04,b5,118.5
2025-09-05,b5,118.37
2025-09-06,b5,118.44
2025-09-07,b5,118.56
2025-09-08,b5,118.75
2025-09-09,b5,119.04
2025-09-10,b5,119.21
2025-09-11,b5,119.42
2025-09-12,b5,119.63
2025-09-13,b5,119.67
2025-09-14,b5,119.68
2025-09-15,b5,119.57
2025-09-16,b5,119.52
2025-09-17,b5,119.37
2025-09-18,b5,119.17
2025-09-19,b5,118.89
2025-09-20,b5,118.66
2025-09-21,b5,118.47
2025-09-22,b5,118.29
2025-09-23,b5,117.95
2025-09-24,b5,117.75
2025-09-25,b5,117.53
2025-09-26,b5,117.49
2025-09-27,b5,117.27
2025-09-28,b5,116.98
2025-09-29,b5,116.72
2025-09-30,b5,116.57
2025-10-01,b5,116.51
2025-10-02,b5,116.38
2025-10-03,b5,116.12
2025-10-04,b5,116.03
2025-10-05,b5,115.93
2025-10-06,b5,115.83
2025-10-07,b5,115.66
2025-10-08,b5,115.41
2025-10-09,b5,115.23
2025-10-10,b5,115.04
2025-10-11,b5,114.76
2025-10-12,b5,114.54
2025-10-13,b5,114.33
2025-10-14,b5,114.13
2025-10-15,b5,114.03
2025-10-16,b5,113.93
2025-10-17,b5,113.92
2025-10-18,b5,113.78
2025-10-19,b5,113.77
2025-10-20,b5,113.73
2025-10-21,b5,113.57
2025-10-22,b5,113.42
2025-10-23,b5,113.26
2025-10-24,b5,113.04
2025-10-25,b5,112.92
2025-10-26,b5,112.73
2025-10-27,b5,112.7
2025-10-28,b5,112.86
2025-10-29,b5,112.87
2025-10-30,b5,112.98
2025-10-31,b5,113.04
2025-11-01,b5,112.9
2025-11-02,b5,113.04
2025-11-03,b5,113.05
2025-11-04,b5,113.07
2025-11-05,b5,113.11
2025-11-06,b5,113.06
2025-11-07,b5,113.04
2025-11-08,b5,113.29
2025-11-09,b5,113.21
2025-11-10,b5,113.26
2025-11-11,b5,113.32
2025-11-12,b5,113.27
2025-11-13,b5,113.32
2025-11-14,b5,113.46
2025-11-15,b5,113.61
2025-11-16,b5,113.69
2025-11-17,b5,113.83
2025-11-18,b5,113.82
2025-11-19,b5,113.61
2025-11-20,b5,113.59
2025-11-21,b5,113.65
2025-11-22,b5,113.71
2025-11-23,b5,113.79
2025-11-24,b5,113.74
2025-11-25,b5,113.88
2025-11-26,b5,114.33
2025-11-27,b5,114.4
2025-11-28,b5,114.39
2025-11-29,b5,114.37
2025-11-30,b5,114.31
2025-12-01,b5,114.15
2025-12-02,b5,113.79
2025-12-03,b5,113.35
2025-12-04,b5,113.02
2025-12-05,b5,112.69
2025-12-06,b5,112.36
2025-12-07,b5,112.03
2025-12-08,b5,111.66
2025-12-09,b5,111.42
2025-12-10,b5,111.19
2025-12-11,b5,110.98
2025-12-12,b5,110.69
2025-12-13,b5,110.59
2025-12-14,b5,110.49
2025-12-15,b5,110.51
2025-12-16,b5,110.52
2025-12-17,b5,110.59
2025-12-18,b5,110.67
2025-12-19,b5,110.82
2025-12-20,b5,110.71
2025-12-21,b5,110.7
2025-12-22,b5,110.75
2025-12-23,b5,110.83
2025-12-24,b5,110.92
2025-12-25,b5,110.93
2025-12-26,b5,110.92
2025-12-27,b5,110.94
2025-12-28,b5,110.97
2025-12-29,b5,110.98
2025-12-30,b5,111
2025-12-31,b5,111.07
2026-01-01,b5,110.71
2026-01-02,b5,110.33
2026-01-03,b5,109.73
2026-01-04,b5,108.93
2026-01-05,b5,108.22
2026-01-06,b5,107.75
2026-01-07,b5,107.39
2026-01-08,b5,107.58
2026-01-09,b5,108.06
2026-01-10,b5,108.7
2026-01-11,b5,109.55
2026-01-12,b5,110.2
2026-01-13,b5,110.8
2026-01-14,b5,111.37
2026-01-15,b5,112.04
2026-01-16,b5,112.62
2026-01-17,b5,113.38
2026-01-18,b5,114.02
2026-01-19,b5,114.65
2026-01-20,b5,115.28
2026-01-21,b5,115.9
2026-01-22,b5,116.82
2026-01-23,b5,117.7
2026-01-24,b5,118.5
2026-01-25,b5,119.25
2026-01-26,b5,119.86
2026-01-27,b5,120.3
2026-01-28,b5,120.68
2026-01-29,b5,120.75
2026-01-30,b5,120.82
2026-01-31,b5,120.71
2026-02-01,b5,120.65
2026-02-02,b5,120.53
2026-02-03,b5,120.58
2026-02-04,b5,120.41
2026-02-05,b5,120.31
2026-02-06,b5,120.22
2026-02-07,b5,120.14
2026-02-08,b5,120.07
2026-02-09,b5,120.29
2026-02-10,b5,120.33
2026-02-11,b5,120.62
2026-02-12,b5,120.9
2026-02-13,b5,121.14
2026-02-14,b5,121.46
2026-02-15,b5,121.71
2026-02-16,b5,121.85
2026-02-17,b5,122.03
2026-02-18,b5,122.23
2026-02-19,b5,122.38
2026-02-20,b5,122.55
2026-02-21,b5,122.69
2026-02-22,b5,122.88
2026-02-23,b5,123.11
2026-02-24,b5,123.31
2026-02-25,b5,123.4
2026-02-26,b5,123.41
2026-02-27,b5,123.37
2026-02-28,b5,123.21
2026-03-01,b5,123.05
2026-03-02,b5,122.9
2026-03-03,b5,122.77
2026-03-04,b5,122.62
2026-03-05,b5,122.57
2026-03-06,b5,122.24
2026-03-07,b5,122.01
2026-03-08,b5,121.69
2026-03-09,b5,121.25
2026-03-10,b5,120.68
2026-03-11,b5,119.83
2026-03-12,b5,118.79
2026-03-13,b5,117.98
2026-03-14,b5,117.11
2026-03-15,b5,116.26
2026-03-16,b5,115.47
2026-03-17,b5,114.77
2026-03-18,b5,114.39
2026-03-19,b5,113.89
2026-03-20,b5,113.34
2026-03-21,b5,112.77
2026-03-22,b5,112.16
2026-03-23,b5,111.51
2026-03-24,b5,110.92
2026-03-25,b5,110.27
2026-03-26,b5,109.67
2026-03-27,b5,109.19
2026-03-28,b5,108.76
2026-03-29,b5,108.52
2026-03-30,b5,108.36
2026-03-31,b5,108.2
2026-04-01,b5,108
2026-04-02,b5,108.01
2026-04-03,b5,107.92
2026-04-04,b5,107.94
2026-04-05,b5,107.88
2026-04-06,b5,107.83
2026-04-07,b5,107.6
2026-04-08,b5,107.33
2026-04-09,b5,107.04
2026-04-10,b5,106.8
2026-04-11,b5,106.45
2026-04-12,b5,106.2
2026-04-13,b5,106.06
2026-04-14,b5,106.37
2026-04-15,b5,106.7
2026-04-16,b5,107.17
2026-04-17,b5,107.5
2026-04-18,b5,107.79
2026-04-19,b5,108.15
2026-04-20,b5,108.41
2026-04-21,b5,108.47
2026-04-22,b5,108.64
2026-04-23,b5,108.55
2026-04-24,b5,108.61
2026-04-25,b5,108.65
2026-04-26,b5,108.57
2026-04-27,b5,108.46
2026-04-28,b5,108.31
2026-04-29,b5,108.04
2026-04-30,b5,107.88
2026-05-01,b5,107.69
2026-05-02,b5,107.3
2026-05-03,b5,106.9
2026-05-04,b5,106.49
2026-05-05,b5,106.19
2026-05-06,b5,106.11
2026-05-07,b5,105.96
2026-05-08,b5,105.96
2026-05-09,b5,106.19
2026-05-10,b5,106.46
2026-05-11,b5,106.81
2026-05-12,b5,107.29
2026-05-13,b5,107.67
2026-05-14,b5,108.09
2026-05-15,b5,108.27
2026-05-16,b5,108.44
2026-05-17,b5,108.59
2026-05-18,b5,108.69
2026-05-19,b5,108.52
2026-05-20,b5,108.48
2026-05-21,b5,108.33
2026-05-22,b5,108.26
2026-05-23,b5,108.21
2026-05-24,b5,108.18
2026-05-25,b5,108.05
2026-05-26,b5,107.5
2026-05-27,b5,106.84
2026-05-28,b5,106.11
2026-05-29,b5,105.4
2026-05-30,b5,105.05
2026-05-31,b5,104.81
2026-06-01,b5,104.24
2026-06-02,b5,104.29
2026-06-03,b5,104.29
2026-06-04,b5,104.34
2026-06-05,b5,104.39
2026-06-06,b5,104.43
2026-06-07,b5,104.4
2026-06-08,b5,104.54
2026-06-09,b5,104.67
2026-06-10,b5,104.74
2026-06-11,b5,105.16
2026-06-12,b5,105.53
2026-06-13,b5,105.77
2026-06-14,b5,105.99
2026-06-15,b5,106.44
2026-06-16,b5,106.89
2026-06-17,b5,107.49
2026-06-18,b5,107.6
2026-06-19,b5,107.9
2026-06-20,b5,108.26
2026-06-21,b5,108.54
2026-06-22,b5,108.65
2026-06-23,b5,108.58
2026-06-24,b5,108.39
2026-06-25,b5,108.53
2026-06-26,b5,108.54
2026-06-27,b5,108.41
2026-06-28,b5,108.31
2026-06-29,b5,108.2
2026-06-30,b5,107.98
2026-07-01,b5,107.55
2026-07-02,b5,107.08
2026-07-03,b5,106.69
2026-07-04,b5,106.53
2026-07-05,b5,106.36
2026-07-06,b5,105.99
2026-07-07,b5,105.96
2026-07-08,b5,106.13
2026-07-09,b5,106.1
2026-07-10,b5,105.97
2026-07-11,b5,105.83
2026-07-12,b5,105.77
2026-07-13,b5,105.94
2026-07-14,b5,106
2026-07-15,b5,105.69
2026-07-16,b5,105.56
2026-07-17,b5,105.42
2026-07-18,b5,105.18
2026-07-19,b5,104.88
2026-07-20,b5,104.59
2026-07-21,b5,104.34
2026-07-22,b5,104.26
2026-07-23,b5,104.1
2026-07-24,b5,104.01
2026-07-25,b5,104.08
2026-07-26,b5,104.17
2026-07-27,b5,104.09
2026-07-28,b5,103.91
2026-07-29,b5,103.84
2026-07-30,b5,103.72
2026-07-31,b5,103.46
2026-08-01,b5,103.13
2026-08-02,b5,102.78
2026-08-03,b5,102.63
2026-08-04,b5,102.5
2026-08-05,b5,102.44
2026-08-06,b5,102.31
2026-08-07,b5,102.35
2026-08-08,b5,102.23
2026-08-09,b5,102.22
2026-08-10,b5,102.01
2026-08-11,b5,101.87
2026-08-12,b5,101.66
2026-08-13,b5,101.6
2026-08-14,b5,101.44
2026-08-15,b5,101.06
2026-08-16,b5,100.78
2026-08-17,b5,100.75
2026-08-18,b5,100.6
2026-08-19,b5,100.53
2026-08-20,b5,100.45
2026-08-21,b5,100.44
2026-08-22,b5,100.65
2026-08-23,b5,100.72
2026-08-24,b5,100.58
2026-08-25,b5,100.4
2026-08-26,b5,100.26
2026-08-27,b5,100.16
2026-08-28,b5,99.99
2026-08-29,b5,100.06
2026-08-30,b5,99.93
2026-08-31,b5,99.78
2026-09-01,b5,99.78
2026-09-02,b5,99.88
2026-09-03,b5,100.12
2026-09-04,b5,100.34
2026-09-05,b5,100.5
2026-09-06,b5,100.78
2026-09-07,b5,101.11
2026-09-08,b5,101.29
2026-09-09,b5,101.31
2026-09-10,b5,101.28
2026-09-11,b5,101.33
2026-09-12,b5,101.36
2026-09-13,b5,101.34
2026-09-14,b5,101.32
2026-09-15,b5,101.29
2026-09-16,b5,101.29
2026-09-17,b5,101.2
2026-09-18,b5,100.92
2020-02-01,b8,100
2020-02-02,b8,99.85
2020-02-03,b8,99.85
2020-02-04,b8,99.78
2020-02-05,b8,99.94
2020-02-06,b8,99.89
2020-02-07,b8,99.85
2020-02-08,b8,99.76
2020-02-09,b8,99.68
2020-02-10,b8,99.49
2020-02-11,b8,99.33
2020-02-12,b8,99.28
2020-02-13,b8,99.41
2020-02-14,b8,99.4
2020-02-15,b8,99.47
2020-02-16,b8,99.53
2020-02-17,b8,99.59
2020-02-18,b8,99.47
2020-02-19,b8,99.34
2020-02-20,b8,99.27
2020-02-21,b8,99.24
2020-02-22,b8,99.15
2020-02-23,b8,99.09
2020-02-24,b8,99.07
2020-02-25,b8,99.23
2020-02-26,b8,99.43
2020-02-27,b8,99.65
2020-02-28,b8,99.82
2020-02-29,b8,99.96
2020-03-01,b8,100.08
2020-03-02,b8,100.11
2020-03-03,b8,100.08
2020-03-04,b8,99.91
2020-03-05,b8,99.59
2020-03-06,b8,99.38
2020-03-07,b8,99.15
2020-03-08,b8,98.88
2020-03-09,b8,98.6
2020-03-10,b8,98.48
2020-03-11,b8,98.36
2020-03-12,b8,98.28
2020-03-13,b8,98.15
2020-03-14,b8,97.97
2020-03-15,b8,97.74
2020-03-16,b8,97.51
2020-03-17,b8,96.9
2020-03-18,b8,96.14
2020-03-19,b8,95.13
2020-03-20,b8,93.97
2020-03-21,b8,92.71
2020-03-22,b8,91.39
2020-03-23,b8,89.98
2020-03-24,b8,88.56
2020-03-25,b8,87.06
2020-03-26,b8,85.45
2020-03-27,b8,84.02
2020-03-28,b8,82.4
2020-03-29,b8,80.78
2020-03-30,b8,79.3
2020-03-31,b8,77.85
2020-04-01,b8,76.57
2020-04-02,b8,75.4
2020-04-03,b8,74.09
2020-04-04,b8,73.09
2020-04-05,b8,72.06
2020-04-06,b8,70.92
2020-04-07,b8,69.66
2020-04-08,b8,68.34
2020-04-09,b8,67.14
2020-04-10,b8,65.8
2020-04-11,b8,64.17
2020-04-12,b8,62.63
2020-04-13,b8,61.34
2020-04-14,b8,60.41
2020-04-15,b8,59.73
2020-04-16,b8,58.93
2020-04-17,b8,58.3
2020-04-18,b8,57.95
2020-04-19,b8,57.69
2020-04-20,b8,57.54
2020-04-21,b8,57.39
2020-04-22,b8,57.06
2020-04-23,b8,56.83
2020-04-24,b8,56.65
2020-04-25,b8,56.56
2020-04-26,b8,56.31
2020-04-27,b8,56.05
2020-04-28,b8,55.63
2020-04-29,b8,55.18
2020-04-30,b8,54.87
2020-05-01,b8,54.61
2020-05-02,b8,54.36
2020-05-03,b8,54.19
2020-05-04,b8,53.9
2020-05-05,b8,53.65
2020-05-06,b8,53.44
2020-05-07,b8,53.08
2020-05-08,b8,52.76
2020-05-09,b8,52.45
2020-05-10,b8,52.19
2020-05-11,b8,51.95
2020-05-12,b8,51.86
2020-05-13,b8,51.9
2020-05-14,b8,51.86
2020-05-15,b8,51.91
2020-05-16,b8,51.95
2020-05-17,b8,52.02
2020-05-18,b8,52.08
2020-05-19,b8,52.14
2020-05-20,b8,52.24
2020-05-21,b8,52.55
2020-05-22,b8,52.74
2020-05-23,b8,52.97
2020-05-24,b8,53.11
2020-05-25,b8,53.31
2020-05-26,b8,53.37
2020-05-27,b8,53.35
2020-05-28,b8,53.35
2020-05-29,b8,53.39
2020-05-30,b8,53.46
2020-05-31,b8,53.59
2020-06-01,b8,53.71
2020-06-02,b8,53.79
2020-06-03,b8,54.05
2020-06-04,b8,54.17
2020-06-05,b8,54.33
2020-06-06,b8,54.43
2020-06-07,b8,54.56
2020-06-08,b8,54.53
2020-06-09,b8,54.74
2020-06-10,b8,54.76
2020-06-11,b8,54.93
2020-06-12,b8,55.18
2020-06-13,b8,55.39
2020-06-14,b8,55.68
2020-06-15,b8,56.04
2020-06-16,b8,56.25
2020-06-17,b8,56.53
2020-06-18,b8,56.7
2020-06-19,b8,56.61
2020-06-20,b8,56.55
2020-06-21,b8,56.45
2020-06-22,b8,56.39
2020-06-23,b8,56.32
2020-06-24,b8,56.29
2020-06-25,b8,56.35
2020-06-26,b8,56.43
2020-06-27,b8,56.46
2020-06-28,b8,56.45
2020-06-29,b8,56.55
2020-06-30,b8,56.8
2020-07-01,b8,57.02
2020-07-02,b8,57.2
2020-07-03,b8,57.64
2020-07-04,b8,58.1
2020-07-05,b8,58.62
2020-07-06,b8,59.11
2020-07-07,b8,59.6
2020-07-08,b8,60.25
2020-07-09,b8,60.85
2020-07-10,b8,61.33
2020-07-11,b8,61.59
2020-07-12,b8,61.85
2020-07-13,b8,61.98
2020-07-14,b8,62.09
2020-07-15,b8,61.98
2020-07-16,b8,61.99
2020-07-17,b8,61.91
2020-07-18,b8,62.02
2020-07-19,b8,62.07
2020-07-20,b8,62.2
2020-07-21,b8,62.29
2020-07-22,b8,62.43
2020-07-23,b8,62.54
2020-07-24,b8,62.68
2020-07-25,b8,62.92
2020-07-26,b8,63.13
2020-07-27,b8,63.31
2020-07-28,b8,63.5
2020-07-29,b8,63.68
2020-07-30,b8,63.73
2020-07-31,b8,63.89
2020-08-01,b8,63.92
2020-08-02,b8,63.88
2020-08-03,b8,63.84
2020-08-04,b8,63.91
2020-08-05,b8,64.67
2020-08-06,b8,65.54
2020-08-07,b8,66.45
2020-08-08,b8,67.49
2020-08-09,b8,68.59
2020-08-10,b8,69.58
2020-08-11,b8,70.56
2020-08-12,b8,70.94
2020-08-13,b8,71.48
2020-08-14,b8,71.91
2020-08-15,b8,72.36
2020-08-16,b8,73.03
2020-08-17,b8,73.71
2020-08-18,b8,74.41
2020-08-19,b8,74.92
2020-08-20,b8,75.27
2020-08-21,b8,75.61
2020-08-22,b8,75.94
2020-08-23,b8,76.1
2020-08-24,b8,76.26
2020-08-25,b8,76.35
2020-08-26,b8,76.48
2020-08-27,b8,76.63
2020-08-28,b8,76.68
2020-08-29,b8,76.77
2020-08-30,b8,76.92
2020-08-31,b8,77.06
2020-09-01,b8,77.06
2020-09-02,b8,77.23
2020-09-03,b8,77.37
2020-09-04,b8,77.51
2020-09-05,b8,77.45
2020-09-06,b8,77.34
2020-09-07,b8,77.16
2020-09-08,b8,77.17
2020-09-09,b8,77.12
2020-09-10,b8,77.16
2020-09-11,b8,77.38
2020-09-12,b8,77.61
2020-09-13,b8,77.94
2020-09-14,b8,78.29
2020-09-15,b8,78.57
2020-09-16,b8,78.75
2020-09-17,b8,78.81
2020-09-18,b8,78.77
2020-09-19,b8,78.88
2020-09-20,b8,79
2020-09-21,b8,79.12
2020-09-22,b8,79.36
2020-09-23,b8,79.57
2020-09-24,b8,79.79
2020-09-25,b8,80
2020-09-26,b8,80.22
2020-09-27,b8,80.33
2020-09-28,b8,80.6
2020-09-29,b8,80.76
2020-09-30,b8,80.97
2020-10-01,b8,81.08
2020-10-02,b8,81.15
2020-10-03,b8,81.34
2020-10-04,b8,81.51
2020-10-05,b8,81.55
2020-10-06,b8,81.67
2020-10-07,b8,81.6
2020-10-08,b8,81.66
2020-10-09,b8,81.63
2020-10-10,b8,81.52
2020-10-11,b8,81.47
2020-10-12,b8,81.51
2020-10-13,b8,81.42
2020-10-14,b8,81.6
2020-10-15,b8,81.84
2020-10-16,b8,82.01
2020-10-17,b8,82.14
2020-10-18,b8,82.36
2020-10-19,b8,82.5
2020-10-20,b8,82.77
2020-10-21,b8,83.17
2020-10-22,b8,83.28
2020-10-23,b8,83.46
2020-10-24,b8,83.61
2020-10-25,b8,83.66
2020-10-26,b8,83.87
2020-10-27,b8,83.96
2020-10-28,b8,83.79
2020-10-29,b8,83.86
2020-10-30,b8,83.89
2020-10-31,b8,83.82
2020-11-01,b8,83.73
2020-11-02,b8,83.62
2020-11-03,b8,83.26
2020-11-04,b8,82.83
2020-11-05,b8,82.4
2020-11-06,b8,81.97
2020-11-07,b8,81.66
2020-11-08,b8,81.35
2020-11-09,b8,80.84
2020-11-10,b8,80.6
2020-11-11,b8,80.56
2020-11-12,b8,80.36
2020-11-13,b8,80.16
2020-11-14,b8,79.86
2020-11-15,b8,79.66
2020-11-16,b8,79.6
2020-11-17,b8,79.5
2020-11-18,b8,79.5
2020-11-19,b8,79.45
2020-11-20,b8,79.54
2020-11-21,b8,79.68
2020-11-22,b8,79.85
2020-11-23,b8,80.1
2020-11-24,b8,80.35
2020-11-25,b8,80.38
2020-11-26,b8,80.62
2020-11-27,b8,80.79
2020-11-28,b8,80.99
2020-11-29,b8,81.15
2020-11-30,b8,81.21
2020-12-01,b8,81.32
2020-12-02,b8,81.48
2020-12-03,b8,81.6
2020-12-04,b8,81.7
2020-12-05,b8,81.87
2020-12-06,b8,81.96
2020-12-07,b8,82.01
2020-12-08,b8,82.04
2020-12-09,b8,82.14
2020-12-10,b8,82.3
2020-12-11,b8,82.66
2020-12-12,b8,82.83
2020-12-13,b8,83.05
2020-12-14,b8,83.43
2020-12-15,b8,83.73
2020-12-16,b8,83.99
2020-12-17,b8,84.14
2020-12-18,b8,84.23
2020-12-19,b8,84.43
2020-12-20,b8,84.65
2020-12-21,b8,84.73
2020-12-22,b8,84.74
2020-12-23,b8,84.84
2020-12-24,b8,85.12
2020-12-25,b8,85.45
2020-12-26,b8,85.59
2020-12-27,b8,85.76
2020-12-28,b8,86.09
2020-12-29,b8,86.43
2020-12-30,b8,86.6
2020-12-31,b8,86.74
2021-01-01,b8,86.74
2021-01-02,b8,86.81
2021-01-03,b8,86.82
2021-01-04,b8,86.51
2021-01-05,b8,86.38
2021-01-06,b8,86.39
2021-01-07,b8,86.32
2021-01-08,b8,86.15
2021-01-09,b8,86.15
2021-01-10,b8,86.06
2021-01-11,b8,86.08
2021-01-12,b8,86.08
2021-01-13,b8,86.01
2021-01-14,b8,85.98
2021-01-15,b8,85.99
2021-01-16,b8,85.96
2021-01-17,b8,85.91
2021-01-18,b8,85.85
2021-01-19,b8,85.76
2021-01-20,b8,85.65
2021-01-21,b8,85.67
2021-01-22,b8,85.71
2021-01-23,b8,85.85
2021-01-24,b8,86.03
2021-01-25,b8,86.17
2021-01-26,b8,86.36
2021-01-27,b8,86.45
2021-01-28,b8,86.41
2021-01-29,b8,86.3
2021-01-30,b8,86.19
2021-01-31,b8,86.13
2021-02-01,b8,86.21
2021-02-02,b8,86.2
2021-02-03,b8,86.18
2021-02-04,b8,86.22
2021-02-05,b8,86.31
2021-02-06,b8,86.41
2021-02-07,b8,86.55
2021-02-08,b8,86.63
2021-02-09,b8,86.76
2021-02-10,b8,87.03
2021-02-11,b8,87.2
2021-02-12,b8,87.39
2021-02-13,b8,87.51
2021-02-14,b8,87.67
2021-02-15,b8,87.74
2021-02-16,b8,87.8
2021-02-17,b8,87.94
2021-02-18,b8,88.08
2021-02-19,b8,88.18
2021-02-20,b8,88.28
2021-02-21,b8,88.26
2021-02-22,b8,88.25
2021-02-23,b8,88.34
2021-02-24,b8,88.42
2021-02-25,b8,88.54
2021-02-26,b8,88.67
2021-02-27,b8,88.85
2021-02-28,b8,89.02
2021-03-01,b8,89.19
2021-03-02,b8,89.26
2021-03-03,b8,89.2
2021-03-04,b8,89.12
2021-03-05,b8,89.05
2021-03-06,b8,88.96
2021-03-07,b8,88.86
2021-03-08,b8,88.81
2021-03-09,b8,88.71
2021-03-10,b8,88.73
2021-03-11,b8,89.53
2021-03-12,b8,89.73
2021-03-13,b8,90.1
2021-03-14,b8,90.46
2021-03-15,b8,90.72
2021-03-16,b8,91.52
2021-03-17,b8,92.07
2021-03-18,b8,92.06
2021-03-19,b8,92.67
2021-03-20,b8,93.22
2021-03-21,b8,93.84
2021-03-22,b8,94.54
2021-03-23,b8,94.43
2021-03-24,b8,94.44
2021-03-25,b8,94.27
2021-03-26,b8,94.07
2021-03-27,b8,93.83
2021-03-28,b8,93.49
2021-03-29,b8,93.16
2021-03-30,b8,93.11
2021-03-31,b8,93.07
2021-04-01,b8,92.96
2021-04-02,b8,92.88
2021-04-03,b8,92.81
2021-04-04,b8,93.02
2021-04-05,b8,93.39
2021-04-06,b8,93.61
2021-04-07,b8,93.68
2021-04-08,b8,93.78
2021-04-09,b8,93.84
2021-04-10,b8,93.63
2021-04-11,b8,92.89
2021-04-12,b8,92.23
2021-04-13,b8,91.91
2021-04-14,b8,91.77
2021-04-15,b8,91.68
2021-04-16,b8,91.51
2021-04-17,b8,91.59
2021-04-18,b8,91.94
2021-04-19,b8,92.31
2021-04-20,b8,92.71
2021-04-21,b8,93.17
2021-04-22,b8,93.63
2021-04-23,b8,94.21
2021-04-24,b8,94.63
2021-04-25,b8,95.08
2021-04-26,b8,95.23
2021-04-27,b8,95.2
2021-04-28,b8,95.09
2021-04-29,b8,94.77
2021-04-30,b8,94.83
2021-05-01,b8,95.14
2021-05-02,b8,95.54
2021-05-03,b8,96.12
2021-05-04,b8,96.73
2021-05-05,b8,97.44
2021-05-06,b8,98.38
2021-05-07,b8,99.3
2021-05-08,b8,100.15
2021-05-09,b8,100.98
2021-05-10,b8,101.7
2021-05-11,b8,102.53
2021-05-12,b8,103.38
2021-05-13,b8,104.37
2021-05-14,b8,104.45
2021-05-15,b8,104.51
2021-05-16,b8,104.48
2021-05-17,b8,104.45
2021-05-18,b8,104.41
2021-05-19,b8,104.46
2021-05-20,b8,104.6
2021-05-21,b8,105.21
2021-05-22,b8,105.77
2021-05-23,b8,106.38
2021-05-24,b8,107.07
2021-05-25,b8,107.57
2021-05-26,b8,108.02
2021-05-27,b8,108.22
2021-05-28,b8,108.61
2021-05-29,b8,109.03
2021-05-30,b8,109.58
2021-05-31,b8,110
2021-06-01,b8,110.59
2021-06-02,b8,111.05
2021-06-03,b8,111.52
2021-06-04,b8,112.07
2021-06-05,b8,112.69
2021-06-06,b8,113.09
2021-06-07,b8,113.56
2021-06-08,b8,113.91
2021-06-09,b8,114.4
2021-06-10,b8,114.81
2021-06-11,b8,115.1
2021-06-12,b8,115.35
2021-06-13,b8,115.59
2021-06-14,b8,115.92
2021-06-15,b8,116.57
2021-06-16,b8,117.11
2021-06-17,b8,117.74
2021-06-18,b8,118.27
2021-06-19,b8,118.84
2021-06-20,b8,119.43
2021-06-21,b8,119.97
2021-06-22,b8,120.2
2021-06-23,b8,120.44
2021-06-24,b8,120.64
2021-06-25,b8,120.91
2021-06-26,b8,121.07
2021-06-27,b8,121.19
2021-06-28,b8,121.45
2021-06-29,b8,121.73
2021-06-30,b8,122.01
2021-07-01,b8,122.28
2021-07-02,b8,122.51
2021-07-03,b8,122.73
2021-07-04,b8,123.04
2021-07-05,b8,123
2021-07-06,b8,123
2021-07-07,b8,123.07
2021-07-08,b8,123.16
2021-07-09,b8,123.18
2021-07-10,b8,123.22
2021-07-11,b8,123.24
2021-07-12,b8,123.34
2021-07-13,b8,123.35
2021-07-14,b8,123.46
2021-07-15,b8,123.36
2021-07-16,b8,123.32
2021-07-17,b8,123.46
2021-07-18,b8,123.68
2021-07-19,b8,124.01
2021-07-20,b8,124.33
2021-07-21,b8,124.31
2021-07-22,b8,124.64
2021-07-23,b8,124.88
2021-07-24,b8,125.21
2021-07-25,b8,125.52
2021-07-26,b8,125.54
2021-07-27,b8,125.76
2021-07-28,b8,126.08
2021-07-29,b8,126.22
2021-07-30,b8,126.39
2021-07-31,b8,126.36
2021-08-01,b8,126.3
2021-08-02,b8,126.47
2021-08-03,b8,126.43
2021-08-04,b8,126.41
2021-08-05,b8,126.27
2021-08-06,b8,126.17
2021-08-07,b8,126.14
2021-08-08,b8,125.98
2021-08-09,b8,125.59
2021-08-10,b8,125.48
2021-08-11,b8,125.43
2021-08-12,b8,125.52
2021-08-13,b8,125.82
2021-08-14,b8,125.96
2021-08-15,b8,126.29
2021-08-16,b8,127.1
2021-08-17,b8,127.7
2021-08-18,b8,128.33
2021-08-19,b8,129.03
2021-08-20,b8,129.57
2021-08-21,b8,130.28
2021-08-22,b8,130.87
2021-08-23,b8,131.09
2021-08-24,b8,131.45
2021-08-25,b8,131.7
2021-08-26,b8,131.91
2021-08-27,b8,132.14
2021-08-28,b8,132.38
2021-08-29,b8,132.53
2021-08-30,b8,132.87
2021-08-31,b8,133
2021-09-01,b8,133.2
2021-09-02,b8,133.42
2021-09-03,b8,133.66
2021-09-04,b8,133.95
2021-09-05,b8,134.35
2021-09-06,b8,134.7
2021-09-07,b8,135.14
2021-09-08,b8,135.59
2021-09-09,b8,135.88
2021-09-10,b8,136.17
2021-09-11,b8,136.5
2021-09-12,b8,136.86
2021-09-13,b8,137.41
2021-09-14,b8,137.78
2021-09-15,b8,138.16
2021-09-16,b8,138.63
2021-09-17,b8,139.19
2021-09-18,b8,139.6
2021-09-19,b8,140.05
2021-09-20,b8,140.39
2021-09-21,b8,140.69
2021-09-22,b8,140.88
2021-09-23,b8,141.33
2021-09-24,b8,141.47
2021-09-25,b8,141.53
2021-09-26,b8,141.59
2021-09-27,b8,141.58
2021-09-28,b8,141.82
2021-09-29,b8,141.81
2021-09-30,b8,141.51
2021-10-01,b8,141.38
2021-10-02,b8,141.41
2021-10-03,b8,141.07
2021-10-04,b8,140.85
2021-10-05,b8,140.58
2021-10-06,b8,140.69
2021-10-07,b8,140.89
2021-10-08,b8,141.09
2021-10-09,b8,141.26
2021-10-10,b8,141.84
2021-10-11,b8,142.35
2021-10-12,b8,142.57
2021-10-13,b8,142.98
2021-10-14,b8,143.4
2021-10-15,b8,143.73
2021-10-16,b8,144.16
2021-10-17,b8,144.48
2021-10-18,b8,144.64
2021-10-19,b8,145.14
2021-10-20,b8,145.55
2021-10-21,b8,146.13
2021-10-22,b8,146.49
2021-10-23,b8,147.07
2021-10-24,b8,147.28
2021-10-25,b8,147.68
2021-10-26,b8,147.91
2021-10-27,b8,148.18
2021-10-28,b8,148.22
2021-10-29,b8,148.52
2021-10-30,b8,148.66
2021-10-31,b8,149.1
2021-11-01,b8,149.58
2021-11-02,b8,150.1
2021-11-03,b8,150.25
2021-11-04,b8,150.64
2021-11-05,b8,151.08
2021-11-06,b8,151.4
2021-11-07,b8,151.71
2021-11-08,b8,151.75
2021-11-09,b8,151.93
2021-11-10,b8,152.23
2021-11-11,b8,152.51
2021-11-12,b8,152.6
2021-11-13,b8,152.35
2021-11-14,b8,152.25
2021-11-15,b8,152.24
2021-11-16,b8,152.28
2021-11-17,b8,152.27
2021-11-18,b8,152.05
2021-11-19,b8,152.2
2021-11-20,b8,152.48
2021-11-21,b8,152.67
2021-11-22,b8,152.8
2021-11-23,b8,152.67
2021-11-24,b8,152.55
2021-11-25,b8,152.48
2021-11-26,b8,152.17
2021-11-27,b8,151.87
2021-11-28,b8,151.51
2021-11-29,b8,151.41
2021-11-30,b8,151.28
2021-12-01,b8,151.14
2021-12-02,b8,150.92
2021-12-03,b8,150.84
2021-12-04,b8,151
2021-12-05,b8,151
2021-12-06,b8,150.89
2021-12-07,b8,150.96
2021-12-08,b8,151.11
2021-12-09,b8,151.19
2021-12-10,b8,151.23
2021-12-11,b8,151.14
2021-12-12,b8,151.23
2021-12-13,b8,151.43
2021-12-14,b8,151.45
2021-12-15,b8,151.39
2021-12-16,b8,151.34
2021-12-17,b8,151.26
2021-12-18,b8,151.21
2021-12-19,b8,151.2
2021-12-20,b8,151.05
2021-12-21,b8,150.91
2021-12-22,b8,150.78
2021-12-23,b8,150.73
2021-12-24,b8,150.71
2021-12-25,b8,150.7
2021-12-26,b8,150.61
2021-12-27,b8,150.85
2021-12-28,b8,151.04
2021-12-29,b8,151.26
2021-12-30,b8,151.25
2021-12-31,b8,151.22
2022-01-01,b8,150.94
2022-01-02,b8,150.88
2022-01-03,b8,150.48
2022-01-04,b8,150.38
2022-01-05,b8,150.24
2022-01-06,b8,150.36
2022-01-07,b8,150.64
2022-01-08,b8,151.12
2022-01-09,b8,151.18
2022-01-10,b8,151.39
2022-01-11,b8,151.27
2022-01-12,b8,151.33
2022-01-13,b8,151.42
2022-01-14,b8,151.29
2022-01-15,b8,151.3
2022-01-16,b8,151.4
2022-01-17,b8,151.54
2022-01-18,b8,151.85
2022-01-19,b8,152.07
2022-01-20,b8,152.29
2022-01-21,b8,152.6
2022-01-22,b8,152.63
2022-01-23,b8,152.88
2022-01-24,b8,152.91
2022-01-25,b8,153.13
2022-01-26,b8,153.41
2022-01-27,b8,153.88
2022-01-28,b8,154.49
2022-01-29,b8,155.31
2022-01-30,b8,156.23
2022-01-31,b8,157.21
2022-02-01,b8,157.86
2022-02-02,b8,158.44
2022-02-03,b8,158.78
2022-02-04,b8,158.96
2022-02-05,b8,159.09
2022-02-06,b8,159.17
2022-02-07,b8,159.22
2022-02-08,b8,159.22
2022-02-09,b8,159.39
2022-02-10,b8,159.77
2022-02-11,b8,160.26
2022-02-12,b8,160.57
2022-02-13,b8,160.76
2022-02-14,b8,160.85
2022-02-15,b8,161
2022-02-16,b8,161.12
2022-02-17,b8,161.21
2022-02-18,b8,161.03
2022-02-19,b8,161.16
2022-02-20,b8,161.3
2022-02-21,b8,161.7
2022-02-22,b8,162.2
2022-02-23,b8,162.63
2022-02-24,b8,163.07
2022-02-25,b8,163.77
2022-02-26,b8,164.39
2022-02-27,b8,164.82
2022-02-28,b8,165.2
2022-03-01,b8,165.69
2022-03-02,b8,166.12
2022-03-03,b8,166.63
2022-03-04,b8,167.12
2022-03-05,b8,167.57
2022-03-06,b8,168.15
2022-03-07,b8,168.68
2022-03-08,b8,169.16
2022-03-09,b8,169.61
2022-03-10,b8,169.99
2022-03-11,b8,169.92
2022-03-12,b8,170.22
2022-03-13,b8,170.66
2022-03-14,b8,171.02
2022-03-15,b8,171.26
2022-03-16,b8,171.61
2022-03-17,b8,171.98
2022-03-18,b8,172.52
2022-03-19,b8,172.72
2022-03-20,b8,172.89
2022-03-21,b8,173.15
2022-03-22,b8,173.78
2022-03-23,b8,174.59
2022-03-24,b8,175.37
2022-03-25,b8,176.36
2022-03-26,b8,177.28
2022-03-27,b8,178.02
2022-03-28,b8,178.86
2022-03-29,b8,179.5
2022-03-30,b8,179.76
2022-03-31,b8,179.92
2022-04-01,b8,179.96
2022-04-02,b8,180.22
2022-04-03,b8,180.52
2022-04-04,b8,180.47
2022-04-05,b8,180.33
2022-04-06,b8,180.31
2022-04-07,b8,180.08
2022-04-08,b8,180.22
2022-04-09,b8,180.15
2022-04-10,b8,180.23
2022-04-11,b8,180.36
2022-04-12,b8,180.68
2022-04-13,b8,181.08
2022-04-14,b8,181.62
2022-04-15,b8,182.04
2022-04-16,b8,182.53
2022-04-17,b8,182.95
2022-04-18,b8,183.56
2022-04-19,b8,183.8
2022-04-20,b8,183.93
2022-04-21,b8,184.07
2022-04-22,b8,184.04
2022-04-23,b8,184.15
2022-04-24,b8,184.18
2022-04-25,b8,184.06
2022-04-26,b8,184.04
2022-04-27,b8,184.31
2022-04-28,b8,184.6
2022-04-29,b8,184.74
2022-04-30,b8,184.88
2022-05-01,b8,185.17
2022-05-02,b8,185.74
2022-05-03,b8,186.3
2022-05-04,b8,186.68
2022-05-05,b8,186.94
2022-05-06,b8,187.46
2022-05-07,b8,187.83
2022-05-08,b8,188.29
2022-05-09,b8,188.81
2022-05-10,b8,189.27
2022-05-11,b8,189.52
2022-05-12,b8,190
2022-05-13,b8,190.05
2022-05-14,b8,190.46
2022-05-15,b8,190.92
2022-05-16,b8,191.15
2022-05-17,b8,191.42
2022-05-18,b8,192.01
2022-05-19,b8,192.59
2022-05-20,b8,193.87
2022-05-21,b8,194.56
2022-05-22,b8,195.2
2022-05-23,b8,196.02
2022-05-24,b8,196.56
2022-05-25,b8,197.16
2022-05-26,b8,197.63
2022-05-27,b8,197.46
2022-05-28,b8,197.15
2022-05-29,b8,196.75
2022-05-30,b8,196.16
2022-05-31,b8,195.93
2022-06-01,b8,195.46
2022-06-02,b8,195.05
2022-06-03,b8,195.02
2022-06-04,b8,195.03
2022-06-05,b8,194.96
2022-06-06,b8,194.85
2022-06-07,b8,194.52
2022-06-08,b8,194.27
2022-06-09,b8,194
2022-06-10,b8,194.06
2022-06-11,b8,194.19
2022-06-12,b8,194.23
2022-06-13,b8,194.37
2022-06-14,b8,194.93
2022-06-15,b8,195.44
2022-06-16,b8,196.01
2022-06-17,b8,196.5
2022-06-18,b8,197.05
2022-06-19,b8,197.87
2022-06-20,b8,198.3
2022-06-21,b8,198.6
2022-06-22,b8,199
2022-06-23,b8,199.31
2022-06-24,b8,199.04
2022-06-25,b8,198.76
2022-06-26,b8,198.27
2022-06-27,b8,198.07
2022-06-28,b8,197.81
2022-06-29,b8,197.62
2022-06-30,b8,197.97
2022-07-01,b8,198.3
2022-07-02,b8,198.95
2022-07-03,b8,199.53
2022-07-04,b8,199.89
2022-07-05,b8,200.31
2022-07-06,b8,200.35
2022-07-07,b8,200.1
2022-07-08,b8,200.18
2022-07-09,b8,200.26
2022-07-10,b8,201.65
2022-07-11,b8,203.56
2022-07-12,b8,205.24
2022-07-13,b8,207.05
2022-07-14,b8,208.37
2022-07-15,b8,208.53
2022-07-16,b8,208.47
2022-07-17,b8,207.23
2022-07-18,b8,205.47
2022-07-19,b8,203.76
2022-07-20,b8,202.15
2022-07-21,b8,200.85
2022-07-22,b8,200.96
2022-07-23,b8,200.97
2022-07-24,b8,201.18
2022-07-25,b8,201.22
2022-07-26,b8,201.4
2022-07-27,b8,201.67
2022-07-28,b8,201.93
2022-07-29,b8,201.71
2022-07-30,b8,201.59
2022-07-31,b8,201.33
2022-08-01,b8,201.28
2022-08-02,b8,201.36
2022-08-03,b8,201.23
2022-08-04,b8,201.08
2022-08-05,b8,201.03
2022-08-06,b8,201.28
2022-08-07,b8,201.34
2022-08-08,b8,201.58
2022-08-09,b8,201.94
2022-08-10,b8,202.1
2022-08-11,b8,202.47
2022-08-12,b8,202.78
2022-08-13,b8,202.74
2022-08-14,b8,203.05
2022-08-15,b8,203.57
2022-08-16,b8,203.47
2022-08-17,b8,203.76
2022-08-18,b8,203.76
2022-08-19,b8,203.74
2022-08-20,b8,203.81
2022-08-21,b8,203.7
2022-08-22,b8,203.21
2022-08-23,b8,203.28
2022-08-24,b8,203.24
2022-08-25,b8,203.55
2022-08-26,b8,203.92
2022-08-27,b8,204.22
2022-08-28,b8,204.52
2022-08-29,b8,204.97
2022-08-30,b8,205.13
2022-08-31,b8,205.53
2022-09-01,b8,205.71
2022-09-02,b8,205.93
2022-09-03,b8,206.34
2022-09-04,b8,206.52
2022-09-05,b8,206.79
2022-09-06,b8,207.07
2022-09-07,b8,207.16
2022-09-08,b8,207.31
2022-09-09,b8,207.29
2022-09-10,b8,207.04
2022-09-11,b8,207.06
2022-09-12,b8,207.05
2022-09-13,b8,206.28
2022-09-14,b8,205.46
2022-09-15,b8,204.44
2022-09-16,b8,203.55
2022-09-17,b8,202.86
2022-09-18,b8,202
2022-09-19,b8,200.95
2022-09-20,b8,200.4
2022-09-21,b8,199.88
2022-09-22,b8,199.6
2022-09-23,b8,199.47
2022-09-24,b8,199.46
2022-09-25,b8,199.57
2022-09-26,b8,199.85
2022-09-27,b8,200.72
2022-09-28,b8,201.38
2022-09-29,b8,202
2022-09-30,b8,202.44
2022-10-01,b8,202.71
2022-10-02,b8,203.06
2022-10-03,b8,203.5
2022-10-04,b8,203.59
2022-10-05,b8,203.64
2022-10-06,b8,203.66
2022-10-07,b8,203.59
2022-10-08,b8,203.63
2022-10-09,b8,203.61
2022-10-10,b8,203.35
2022-10-11,b8,203.27
2022-10-12,b8,203.4
2022-10-13,b8,203.51
2022-10-14,b8,203.62
2022-10-15,b8,203.76
2022-10-16,b8,203.92
2022-10-17,b8,204
2022-10-18,b8,204.14
2022-10-19,b8,204.37
2022-10-20,b8,204.56
2022-10-21,b8,204.88
2022-10-22,b8,205.16
2022-10-23,b8,205.59
2022-10-24,b8,206.07
2022-10-25,b8,206.34
2022-10-26,b8,206.3
2022-10-27,b8,206.43
2022-10-28,b8,206.54
2022-10-29,b8,206.8
2022-10-30,b8,206.96
2022-10-31,b8,207.23
2022-11-01,b8,207.7
2022-11-02,b8,208.19
2022-11-03,b8,208.35
2022-11-04,b8,208.69
2022-11-05,b8,208.84
2022-11-06,b8,208.86
2022-11-07,b8,208.92
2022-11-08,b8,208.95
2022-11-09,b8,209.12
2022-11-10,b8,209.44
2022-11-11,b8,209.94
2022-11-12,b8,210.19
2022-11-13,b8,210.58
2022-11-14,b8,210.87
2022-11-15,b8,211.16
2022-11-16,b8,211.49
2022-11-17,b8,211.67
2022-11-18,b8,211.49
2022-11-19,b8,211.65
2022-11-20,b8,211.73
2022-11-21,b8,211.7
2022-11-22,b8,211.76
2022-11-23,b8,211.57
2022-11-24,b8,211.55
2022-11-25,b8,211.28
2022-11-26,b8,211.04
2022-11-27,b8,210.89
2022-11-28,b8,210.86
2022-11-29,b8,210.71
2022-11-30,b8,210.8
2022-12-01,b8,210.71
2022-12-02,b8,210.99
2022-12-03,b8,211.08
2022-12-04,b8,211.19
2022-12-05,b8,211.37
2022-12-06,b8,211.63
2022-12-07,b8,211.95
2022-12-08,b8,212.35
2022-12-09,b8,213.03
2022-12-10,b8,213.67
2022-12-11,b8,214.18
2022-12-12,b8,214.77
2022-12-13,b8,215.3
2022-12-14,b8,215.68
2022-12-15,b8,216.07
2022-12-16,b8,215.91
2022-12-17,b8,216.02
2022-12-18,b8,216.21
2022-12-19,b8,216.43
2022-12-20,b8,216.43
2022-12-21,b8,216.63
2022-12-22,b8,216.85
2022-12-23,b8,217.1
2022-12-24,b8,217.3
2022-12-25,b8,217.74
2022-12-26,b8,218.17
2022-12-27,b8,218.7
2022-12-28,b8,219.03
2022-12-29,b8,219.36
2022-12-30,b8,219.67
2022-12-31,b8,219.77
2023-01-01,b8,219.46
2023-01-02,b8,219.22
2023-01-03,b8,218.97
2023-01-04,b8,218.77
2023-01-05,b8,218.7
2023-01-06,b8,218.78
2023-01-07,b8,219.07
2023-01-08,b8,219.32
2023-01-09,b8,219.36
2023-01-10,b8,219.38
2023-01-11,b8,219.36
2023-01-12,b8,219.34
2023-01-13,b8,219.22
2023-01-14,b8,218.77
2023-01-15,b8,218.42
2023-01-16,b8,217.99
2023-01-17,b8,217.6
2023-01-18,b8,217.85
2023-01-19,b8,217.78
2023-01-20,b8,217.87
2023-01-21,b8,218.49
2023-01-22,b8,219.02
2023-01-23,b8,219.4
2023-01-24,b8,219.93
2023-01-25,b8,219.8
2023-01-26,b8,219.76
2023-01-27,b8,219.43
2023-01-28,b8,218.91
2023-01-29,b8,218.4
2023-01-30,b8,217.76
2023-01-31,b8,217.3
2023-02-01,b8,217.28
2023-02-02,b8,217.39
2023-02-03,b8,217.55
2023-02-04,b8,217.56
2023-02-05,b8,217.68
2023-02-06,b8,218.09
2023-02-07,b8,218.4
2023-02-08,b8,217.78
2023-02-09,b8,217.51
2023-02-10,b8,217.29
2023-02-11,b8,217.11
2023-02-12,b8,216.85
2023-02-13,b8,216.71
2023-02-14,b8,216.37
2023-02-15,b8,216.37
2023-02-16,b8,216.12
2023-02-17,b8,215.84
2023-02-18,b8,215.48
2023-02-19,b8,215.37
2023-02-20,b8,215.18
2023-02-21,b8,214.82
2023-02-22,b8,214.92
2023-02-23,b8,215.28
2023-02-24,b8,214.97
2023-02-25,b8,214.77
2023-02-26,b8,214.21
2023-02-27,b8,213.53
2023-02-28,b8,213.16
2023-03-01,b8,212.49
2023-03-02,b8,211.58
2023-03-03,b8,211.28
2023-03-04,b8,211.09
2023-03-05,b8,211.16
2023-03-06,b8,211.36
2023-03-07,b8,211.39
2023-03-08,b8,211.52
2023-03-09,b8,211.5
2023-03-10,b8,212.57
2023-03-11,b8,213.79
2023-03-12,b8,214.8
2023-03-13,b8,215.85
2023-03-14,b8,217.13
2023-03-15,b8,218.32
2023-03-16,b8,219.74
2023-03-17,b8,220.31
2023-03-18,b8,220.8
2023-03-19,b8,221.27
2023-03-20,b8,221.68
2023-03-21,b8,221.66
2023-03-22,b8,221.06
2023-03-23,b8,220.79
2023-03-24,b8,220.41
2023-03-25,b8,220.08
2023-03-26,b8,219.79
2023-03-27,b8,219.43
2023-03-28,b8,219.22
2023-03-29,b8,219.61
2023-03-30,b8,219.34
2023-03-31,b8,219.02
2023-04-01,b8,218.55
2023-04-02,b8,218.19
2023-04-03,b8,217.91
2023-04-04,b8,217.78
2023-04-05,b8,217.77
2023-04-06,b8,217.91
2023-04-07,b8,218.3
2023-04-08,b8,218.58
2023-04-09,b8,218.74
2023-04-10,b8,219.14
2023-04-11,b8,219.06
2023-04-12,b8,218.93
2023-04-13,b8,218.92
2023-04-14,b8,218.63
2023-04-15,b8,218.34
2023-04-16,b8,218.21
2023-04-17,b8,217.64
2023-04-18,b8,217.56
2023-04-19,b8,217.68
2023-04-20,b8,217.7
2023-04-21,b8,217.87
2023-04-22,b8,218.25
2023-04-23,b8,218.42
2023-04-24,b8,218.81
2023-04-25,b8,219.39
2023-04-26,b8,219.48
2023-04-27,b8,219.57
2023-04-28,b8,219.88
2023-04-29,b8,219.8
2023-04-30,b8,219.62
2023-05-01,b8,219.74
2023-05-02,b8,219.13
2023-05-03,b8,218.72
2023-05-04,b8,218.39
2023-05-05,b8,217.96
2023-05-06,b8,217.47
2023-05-07,b8,217.18
2023-05-08,b8,216.58
2023-05-09,b8,216.04
2023-05-10,b8,215.52
2023-05-11,b8,214.98
2023-05-12,b8,214.23
2023-05-13,b8,213.93
2023-05-14,b8,213.53
2023-05-15,b8,212.87
2023-05-16,b8,212.83
2023-05-17,b8,213.02
2023-05-18,b8,213.23
2023-05-19,b8,213.19
2023-05-20,b8,212.74
2023-05-21,b8,212.55
2023-05-22,b8,212.48
2023-05-23,b8,212.25
2023-05-24,b8,211.66
2023-05-25,b8,210.95
2023-05-26,b8,210.49
2023-05-27,b8,210.45
2023-05-28,b8,209.91
2023-05-29,b8,209.91
2023-05-30,b8,209.53
2023-05-31,b8,209.38
2023-06-01,b8,209.35
2023-06-02,b8,209.32
2023-06-03,b8,209.26
2023-06-04,b8,209.49
2023-06-05,b8,209.37
2023-06-06,b8,209.74
2023-06-07,b8,209.92
2023-06-08,b8,210.01
2023-06-09,b8,209.85
2023-06-10,b8,209.65
2023-06-11,b8,209.48
2023-06-12,b8,209.24
2023-06-13,b8,208.75
2023-06-14,b8,208.36
2023-06-15,b8,207.88
2023-06-16,b8,207.75
2023-06-17,b8,207.6
2023-06-18,b8,207.48
2023-06-19,b8,207.39
2023-06-20,b8,207.34
2023-06-21,b8,207.53
2023-06-22,b8,207.88
2023-06-23,b8,208.04
2023-06-24,b8,208.26
2023-06-25,b8,208.37
2023-06-26,b8,208.19
2023-06-27,b8,208.16
2023-06-28,b8,207.87
2023-06-29,b8,207.81
2023-06-30,b8,207.88
2023-07-01,b8,207.71
2023-07-02,b8,207.56
2023-07-03,b8,207.61
2023-07-04,b8,207.69
2023-07-05,b8,207.77
2023-07-06,b8,207.46
2023-07-07,b8,207.13
2023-07-08,b8,207.03
2023-07-09,b8,206.96
2023-07-10,b8,207.01
2023-07-11,b8,206.84
2023-07-12,b8,206.72
2023-07-13,b8,206.57
2023-07-14,b8,206.73
2023-07-15,b8,206.45
2023-07-16,b8,206.29
2023-07-17,b8,206.12
2023-07-18,b8,205.89
2023-07-19,b8,205.82
2023-07-20,b8,205.86
2023-07-21,b8,205.48
2023-07-22,b8,205.51
2023-07-23,b8,205.7
2023-07-24,b8,205.92
2023-07-25,b8,206.42
2023-07-26,b8,206.62
2023-07-27,b8,206.76
2023-07-28,b8,207.07
2023-07-29,b8,207.57
2023-07-30,b8,207.82
2023-07-31,b8,208.06
2023-08-01,b8,208.28
2023-08-02,b8,208.47
2023-08-03,b8,208.66
2023-08-04,b8,208.91
2023-08-05,b8,208.91
2023-08-06,b8,209.01
2023-08-07,b8,209.28
2023-08-08,b8,209.49
2023-08-09,b8,209.97
2023-08-10,b8,210.39
2023-08-11,b8,210.71
2023-08-12,b8,211.06
2023-08-13,b8,211.51
2023-08-14,b8,212
2023-08-15,b8,212.57
2023-08-16,b8,212.78
2023-08-17,b8,213.06
2023-08-18,b8,213.52
2023-08-19,b8,213.78
2023-08-20,b8,213.89
2023-08-21,b8,214
2023-08-22,b8,213.88
2023-08-23,b8,214.06
2023-08-24,b8,214.14
2023-08-25,b8,213.93
2023-08-26,b8,213.76
2023-08-27,b8,213.55
2023-08-28,b8,213.01
2023-08-29,b8,212.82
2023-08-30,b8,212.62
2023-08-31,b8,212.53
2023-09-01,b8,212.35
2023-09-02,b8,212.28
2023-09-03,b8,212.29
2023-09-04,b8,212.36
2023-09-05,b8,212.01
2023-09-06,b8,211.52
2023-09-07,b8,211.04
2023-09-08,b8,210.77
2023-09-09,b8,210.53
2023-09-10,b8,210.15
2023-09-11,b8,209.81
2023-09-12,b8,209.66
2023-09-13,b8,209.64
2023-09-14,b8,209.51
2023-09-15,b8,209.31
2023-09-16,b8,209.19
2023-09-17,b8,209.08
2023-09-18,b8,208.99
2023-09-19,b8,208.73
2023-09-20,b8,208.76
2023-09-21,b8,208.96
2023-09-22,b8,209.06
2023-09-23,b8,208.95
2023-09-24,b8,208.87
2023-09-25,b8,208.95
2023-09-26,b8,208.94
2023-09-27,b8,208.45
2023-09-28,b8,207.84
2023-09-29,b8,207.29
2023-09-30,b8,206.47
2023-10-01,b8,205.72
2023-10-02,b8,204.73
2023-10-03,b8,204.05
2023-10-04,b8,203.46
2023-10-05,b8,202.79
2023-10-06,b8,202.08
2023-10-07,b8,201.62
2023-10-08,b8,201.17
2023-10-09,b8,200.32
2023-10-10,b8,199.57
2023-10-11,b8,199.01
2023-10-12,b8,198.45
2023-10-13,b8,197.77
2023-10-14,b8,197.07
2023-10-15,b8,196.28
2023-10-16,b8,195.83
2023-10-17,b8,195.1
2023-10-18,b8,194.3
2023-10-19,b8,193.47
2023-10-20,b8,192.79
2023-10-21,b8,191.96
2023-10-22,b8,191.36
2023-10-23,b8,190.8
2023-10-24,b8,190.44
2023-10-25,b8,190.05
2023-10-26,b8,189.83
2023-10-27,b8,189.52
2023-10-28,b8,189.59
2023-10-29,b8,189.29
2023-10-30,b8,189.23
2023-10-31,b8,188.98
2023-11-01,b8,189.05
2023-11-02,b8,188.68
2023-11-03,b8,188.49
2023-11-04,b8,188.09
2023-11-05,b8,187.77
2023-11-06,b8,187.38
2023-11-07,b8,187.15
2023-11-08,b8,186.63
2023-11-09,b8,186.62
2023-11-10,b8,186.61
2023-11-11,b8,186.9
2023-11-12,b8,187.09
2023-11-13,b8,187.31
2023-11-14,b8,187.43
2023-11-15,b8,187.62
2023-11-16,b8,187.69
2023-11-17,b8,187.57
2023-11-18,b8,187.34
2023-11-19,b8,187.25
2023-11-20,b8,186.96
2023-11-21,b8,186.63
2023-11-22,b8,186.19
2023-11-23,b8,185.75
2023-11-24,b8,185.46
2023-11-25,b8,185.07
2023-11-26,b8,184.7
2023-11-27,b8,184.62
2023-11-28,b8,184.69
2023-11-29,b8,184.78
2023-11-30,b8,184.93
2023-12-01,b8,184.83
2023-12-02,b8,184.51
2023-12-03,b8,184.22
2023-12-04,b8,183.66
2023-12-05,b8,183.1
2023-12-06,b8,182.29
2023-12-07,b8,181.38
2023-12-08,b8,180.87
2023-12-09,b8,180.56
2023-12-10,b8,180.23
2023-12-11,b8,180.04
2023-12-12,b8,179.88
2023-12-13,b8,179.87
2023-12-14,b8,179.97
2023-12-15,b8,179.85
2023-12-16,b8,179.69
2023-12-17,b8,179.53
2023-12-18,b8,179.24
2023-12-19,b8,178.75
2023-12-20,b8,178.55
2023-12-21,b8,178.27
2023-12-22,b8,178.01
2023-12-23,b8,177.77
2023-12-24,b8,177.6
2023-12-25,b8,177.92
2023-12-26,b8,177.85
2023-12-27,b8,177.47
2023-12-28,b8,177.34
2023-12-29,b8,177.1
2023-12-30,b8,176.85
2023-12-31,b8,176.7
2024-01-01,b8,176.26
2024-01-02,b8,176.1
2024-01-03,b8,175.97
2024-01-04,b8,175.75
2024-01-05,b8,175.84
2024-01-06,b8,176.29
2024-01-07,b8,176.44
2024-01-08,b8,176.34
2024-01-09,b8,176.57
2024-01-10,b8,177.03
2024-01-11,b8,177.41
2024-01-12,b8,177.64
2024-01-13,b8,177.71
2024-01-14,b8,177.76
2024-01-15,b8,177.94
2024-01-16,b8,177.86
2024-01-17,b8,177.93
2024-01-18,b8,177.93
2024-01-19,b8,177.97
2024-01-20,b8,178.09
2024-01-21,b8,178.37
2024-01-22,b8,178.62
2024-01-23,b8,178.75
2024-01-24,b8,178.57
2024-01-25,b8,178.67
2024-01-26,b8,178.75
2024-01-27,b8,178.65
2024-01-28,b8,178.42
2024-01-29,b8,178.21
2024-01-30,b8,178.1
2024-01-31,b8,177.89
2024-02-01,b8,177.48
2024-02-02,b8,177.14
2024-02-03,b8,176.96
2024-02-04,b8,176.78
2024-02-05,b8,176.52
2024-02-06,b8,176.6
2024-02-07,b8,176.72
2024-02-08,b8,176.99
2024-02-09,b8,177.25
2024-02-10,b8,177.4
2024-02-11,b8,177.61
2024-02-12,b8,177.99
2024-02-13,b8,177.98
2024-02-14,b8,178.4
2024-02-15,b8,178.74
2024-02-16,b8,178.99
2024-02-17,b8,179.24
2024-02-18,b8,179.58
2024-02-19,b8,179.68
2024-02-20,b8,179.88
2024-02-21,b8,179.92
2024-02-22,b8,179.9
2024-02-23,b8,179.98
2024-02-24,b8,180.17
2024-02-25,b8,180.3
2024-02-26,b8,180.66
2024-02-27,b8,180.97
2024-02-28,b8,181.11
2024-02-29,b8,181.25
2024-03-01,b8,181.35
2024-03-02,b8,181.21
2024-03-03,b8,181.01
2024-03-04,b8,180.74
2024-03-05,b8,180.57
2024-03-06,b8,180.47
2024-03-07,b8,180.3
2024-03-08,b8,180.08
2024-03-09,b8,180.1
2024-03-10,b8,180.13
2024-03-11,b8,180.09
2024-03-12,b8,180.17
2024-03-13,b8,180.08
2024-03-14,b8,179.96
2024-03-15,b8,180.05
2024-03-16,b8,179.86
2024-03-17,b8,179.87
2024-03-18,b8,180.07
2024-03-19,b8,180.32
2024-03-20,b8,180.68
2024-03-21,b8,181.11
2024-03-22,b8,181.45
2024-03-23,b8,181.93
2024-03-24,b8,182.34
2024-03-25,b8,182.6
2024-03-26,b8,182.65
2024-03-27,b8,182.75
2024-03-28,b8,182.79
2024-03-29,b8,182.52
2024-03-30,b8,182.36
2024-03-31,b8,182.16
2024-04-01,b8,182.15
2024-04-02,b8,181.84
2024-04-03,b8,181.52
2024-04-04,b8,181.27
2024-04-05,b8,181.22
2024-04-06,b8,181.18
2024-04-07,b8,181.1
2024-04-08,b8,180.88
2024-04-09,b8,181.15
2024-04-10,b8,181.47
2024-04-11,b8,181.69
2024-04-12,b8,182.11
2024-04-13,b8,182.55
2024-04-14,b8,182.99
2024-04-15,b8,183.36
2024-04-16,b8,183.52
2024-04-17,b8,183.84
2024-04-18,b8,184.22
2024-04-19,b8,184.39
2024-04-20,b8,184.45
2024-04-21,b8,184.63
2024-04-22,b8,184.84
2024-04-23,b8,185.17
2024-04-24,b8,185.22
2024-04-25,b8,185.5
2024-04-26,b8,185.71
2024-04-27,b8,185.9
2024-04-28,b8,185.95
2024-04-29,b8,185.94
2024-04-30,b8,185.85
2024-05-01,b8,185.96
2024-05-02,b8,185.37
2024-05-03,b8,184.97
2024-05-04,b8,184.51
2024-05-05,b8,183.99
2024-05-06,b8,183.61
2024-05-07,b8,183.13
2024-05-08,b8,182.81
2024-05-09,b8,182.8
2024-05-10,b8,182.45
2024-05-11,b8,182
2024-05-12,b8,181.62
2024-05-13,b8,180.99
2024-05-14,b8,180.47
2024-05-15,b8,179.75
2024-05-16,b8,179.46
2024-05-17,b8,179.11
2024-05-18,b8,178.63
2024-05-19,b8,178.15
2024-05-20,b8,177.98
2024-05-21,b8,177.51
2024-05-22,b8,177.15
2024-05-23,b8,176.64
2024-05-24,b8,176.29
2024-05-25,b8,176.36
2024-05-26,b8,176.3
2024-05-27,b8,175.89
2024-05-28,b8,176.07
2024-05-29,b8,176.07
2024-05-30,b8,176.06
2024-05-31,b8,176.29
2024-06-01,b8,176.15
2024-06-02,b8,176.15
2024-06-03,b8,176.35
2024-06-04,b8,176.39
2024-06-05,b8,176.36
2024-06-06,b8,176.13
2024-06-07,b8,175.79
2024-06-08,b8,175.83
2024-06-09,b8,175.96
2024-06-10,b8,176.14
2024-06-11,b8,176.26
2024-06-12,b8,176.46
2024-06-13,b8,176.7
2024-06-14,b8,176.66
2024-06-15,b8,176.28
2024-06-16,b8,175.72
2024-06-17,b8,175.1
2024-06-18,b8,174.44
2024-06-19,b8,173.47
2024-06-20,b8,172.72
2024-06-21,b8,172.17
2024-06-22,b8,171.79
2024-06-23,b8,171.51
2024-06-24,b8,171.36
2024-06-25,b8,171.14
2024-06-26,b8,171.96
2024-06-27,b8,172.48
2024-06-28,b8,172.99
2024-06-29,b8,172.76
2024-06-30,b8,172.5
2024-07-01,b8,172.09
2024-07-02,b8,171.83
2024-07-03,b8,170.83
2024-07-04,b8,169.96
2024-07-05,b8,169.36
2024-07-06,b8,169.45
2024-07-07,b8,169.46
2024-07-08,b8,169.56
2024-07-09,b8,169.81
2024-07-10,b8,169.92
2024-07-11,b8,170.2
2024-07-12,b8,170.34
2024-07-13,b8,170.65
2024-07-14,b8,171.12
2024-07-15,b8,171.76
2024-07-16,b8,172.06
2024-07-17,b8,172.55
2024-07-18,b8,172.94
2024-07-19,b8,173.22
2024-07-20,b8,173.24
2024-07-21,b8,173.35
2024-07-22,b8,173.04
2024-07-23,b8,172.83
2024-07-24,b8,172.33
2024-07-25,b8,171.62
2024-07-26,b8,170.85
2024-07-27,b8,170.1
2024-07-28,b8,169.18
2024-07-29,b8,168.44
2024-07-30,b8,167.92
2024-07-31,b8,167.58
2024-08-01,b8,167.27
2024-08-02,b8,166.91
2024-08-03,b8,166.76
2024-08-04,b8,166.8
2024-08-05,b8,166.75
2024-08-06,b8,166.5
2024-08-07,b8,166.31
2024-08-08,b8,166.37
2024-08-09,b8,166.53
2024-08-10,b8,166.51
2024-08-11,b8,166.37
2024-08-12,b8,166.35
2024-08-13,b8,166.53
2024-08-14,b8,166.63
2024-08-15,b8,166.67
2024-08-16,b8,166.73
2024-08-17,b8,166.67
2024-08-18,b8,166.74
2024-08-19,b8,166.84
2024-08-20,b8,166.76
2024-08-21,b8,166.57
2024-08-22,b8,166.44
2024-08-23,b8,166.47
2024-08-24,b8,166.53
2024-08-25,b8,166.42
2024-08-26,b8,166.24
2024-08-27,b8,166.07
2024-08-28,b8,166.11
2024-08-29,b8,166.01
2024-08-30,b8,165.71
2024-08-31,b8,165.61
2024-09-01,b8,165.43
2024-09-02,b8,165.21
2024-09-03,b8,164.88
2024-09-04,b8,164.56
2024-09-05,b8,164.21
2024-09-06,b8,164.03
2024-09-07,b8,163.48
2024-09-08,b8,163.25
2024-09-09,b8,162.96
2024-09-10,b8,162.87
2024-09-11,b8,162.55
2024-09-12,b8,162.22
2024-09-13,b8,161.9
2024-09-14,b8,161.98
2024-09-15,b8,161.84
2024-09-16,b8,161.84
2024-09-17,b8,161.79
2024-09-18,b8,162.03
2024-09-19,b8,162.29
2024-09-20,b8,162.42
2024-09-21,b8,162.49
2024-09-22,b8,162.43
2024-09-23,b8,162.2
2024-09-24,b8,161.95
2024-09-25,b8,161.64
2024-09-26,b8,161.17
2024-09-27,b8,160.71
2024-09-28,b8,160.27
2024-09-29,b8,159.96
2024-09-30,b8,159.75
2024-10-01,b8,159.33
2024-10-02,b8,158.69
2024-10-03,b8,158.39
2024-10-04,b8,158.1
2024-10-05,b8,157.78
2024-10-06,b8,157.37
2024-10-07,b8,157.06
2024-10-08,b8,157.03
2024-10-09,b8,156.94
2024-10-10,b8,156.85
2024-10-11,b8,156.77
2024-10-12,b8,156.73
2024-10-13,b8,156.74
2024-10-14,b8,156.83
2024-10-15,b8,156.8
2024-10-16,b8,156.9
2024-10-17,b8,156.75
2024-10-18,b8,156.69
2024-10-19,b8,156.68
2024-10-20,b8,156.66
2024-10-21,b8,156.47
2024-10-22,b8,156.26
2024-10-23,b8,156.08
2024-10-24,b8,155.94
2024-10-25,b8,155.82
2024-10-26,b8,155.57
2024-10-27,b8,155.31
2024-10-28,b8,155.15
2024-10-29,b8,155.04
2024-10-30,b8,154.89
2024-10-31,b8,154.86
2024-11-01,b8,154.92
2024-11-02,b8,154.78
2024-11-03,b8,154.79
2024-11-04,b8,154.77
2024-11-05,b8,154.79
2024-11-06,b8,154.82
2024-11-07,b8,154.82
2024-11-08,b8,154.14
2024-11-09,b8,153.74
2024-11-10,b8,153.02
2024-11-11,b8,152.72
2024-11-12,b8,151.93
2024-11-13,b8,151.26
2024-11-14,b8,150.55
2024-11-15,b8,150.49
2024-11-16,b8,150.3
2024-11-17,b8,150.29
2024-11-18,b8,149.96
2024-11-19,b8,150.09
2024-11-20,b8,150.15
2024-11-21,b8,150.24
2024-11-22,b8,150.42
2024-11-23,b8,150.74
2024-11-24,b8,150.96
2024-11-25,b8,151.24
2024-11-26,b8,151.62
2024-11-27,b8,151.93
2024-11-28,b8,152.18
2024-11-29,b8,152.47
2024-11-30,b8,152.75
2024-12-01,b8,153.12
2024-12-02,b8,153.45
2024-12-03,b8,153.59
2024-12-04,b8,153.81
2024-12-05,b8,154.14
2024-12-06,b8,154.34
2024-12-07,b8,154.56
2024-12-08,b8,154.69
2024-12-09,b8,154.77
2024-12-10,b8,154.92
2024-12-11,b8,155.06
2024-12-12,b8,155.17
2024-12-13,b8,155.29
2024-12-14,b8,155.3
2024-12-15,b8,155.42
2024-12-16,b8,155.6
2024-12-17,b8,155.85
2024-12-18,b8,156.12
2024-12-19,b8,156.27
2024-12-20,b8,156.43
2024-12-21,b8,156.63
2024-12-22,b8,156.82
2024-12-23,b8,156.94
2024-12-24,b8,156.91
2024-12-25,b8,157.02
2024-12-26,b8,157.04
2024-12-27,b8,156.91
2024-12-28,b8,156.76
2024-12-29,b8,156.44
2024-12-30,b8,156.18
2024-12-31,b8,156.03
2025-01-01,b8,155.69
2025-01-02,b8,155.39
2025-01-03,b8,155.13
2025-01-04,b8,154.92
2025-01-05,b8,154.83
2025-01-06,b8,154.52
2025-01-07,b8,154.37
2025-01-08,b8,154.11
2025-01-09,b8,154.18
2025-01-10,b8,154.26
2025-01-11,b8,154.41
2025-01-12,b8,154.58
2025-01-13,b8,154.82
2025-01-14,b8,154.82
2025-01-15,b8,155.03
2025-01-16,b8,155.08
2025-01-17,b8,155.04
2025-01-18,b8,155.01
2025-01-19,b8,154.95
2025-01-20,b8,154.99
2025-01-21,b8,155.11
2025-01-22,b8,155.13
2025-01-23,b8,155.04
2025-01-24,b8,155.07
2025-01-25,b8,155
2025-01-26,b8,154.9
2025-01-27,b8,154.73
2025-01-28,b8,155.44
2025-01-29,b8,155.32
2025-01-30,b8,155.3
2025-01-31,b8,155.18
2025-02-01,b8,155.21
2025-02-02,b8,155.31
2025-02-03,b8,155.4
2025-02-04,b8,154.5
2025-02-05,b8,154.44
2025-02-06,b8,154.41
2025-02-07,b8,154.28
2025-02-08,b8,154.01
2025-02-09,b8,153.71
2025-02-10,b8,153.31
2025-02-11,b8,153.03
2025-02-12,b8,152.62
2025-02-13,b8,152.14
2025-02-14,b8,151.7
2025-02-15,b8,151.13
2025-02-16,b8,150.66
2025-02-17,b8,150.32
2025-02-18,b8,149.83
2025-02-19,b8,149.45
2025-02-20,b8,148.96
2025-02-21,b8,148.5
2025-02-22,b8,148.12
2025-02-23,b8,147.57
2025-02-24,b8,146.97
2025-02-25,b8,146.44
2025-02-26,b8,145.89
2025-02-27,b8,145.67
2025-02-28,b8,145.51
2025-03-01,b8,145.32
2025-03-02,b8,145.27
2025-03-03,b8,145.22
2025-03-04,b8,145.18
2025-03-05,b8,143.59
2025-03-06,b8,143.38
2025-03-07,b8,143.17
2025-03-08,b8,143.13
2025-03-09,b8,142.97
2025-03-10,b8,142.9
2025-03-11,b8,143.18
2025-03-12,b8,145.02
2025-03-13,b8,145.09
2025-03-14,b8,145.18
2025-03-15,b8,144.94
2025-03-16,b8,144.9
2025-03-17,b8,144.82
2025-03-18,b8,144.45
2025-03-19,b8,144.3
2025-03-20,b8,144.4
2025-03-21,b8,144.55
2025-03-22,b8,144.9
2025-03-23,b8,145.02
2025-03-24,b8,145.18
2025-03-25,b8,145.36
2025-03-26,b8,145.41
2025-03-27,b8,145.55
2025-03-28,b8,145.41
2025-03-29,b8,145.34
2025-03-30,b8,145.38
2025-03-31,b8,145.36
2025-04-01,b8,145.33
2025-04-02,b8,145.23
2025-04-03,b8,145.07
2025-04-04,b8,145.18
2025-04-05,b8,145.25
2025-04-06,b8,145.26
2025-04-07,b8,145.31
2025-04-08,b8,145.05
2025-04-09,b8,144.84
2025-04-10,b8,144.43
2025-04-11,b8,143.79
2025-04-12,b8,143.09
2025-04-13,b8,142.43
2025-04-14,b8,141.81
2025-04-15,b8,141.59
2025-04-16,b8,141.24
2025-04-17,b8,141.17
2025-04-18,b8,141.26
2025-04-19,b8,141.36
2025-04-20,b8,141.55
2025-04-21,b8,141.86
2025-04-22,b8,141.86
2025-04-23,b8,141.88
2025-04-24,b8,141.75
2025-04-25,b8,141.6
2025-04-26,b8,141.56
2025-04-27,b8,141.44
2025-04-28,b8,141.06
2025-04-29,b8,140.87
2025-04-30,b8,141.06
2025-05-01,b8,141.43
2025-05-02,b8,141.82
2025-05-03,b8,142.11
2025-05-04,b8,142.39
2025-05-05,b8,142.83
2025-05-06,b8,143.49
2025-05-07,b8,143.88
2025-05-08,b8,144.43
2025-05-09,b8,145.01
2025-05-10,b8,145.55
2025-05-11,b8,146.09
2025-05-12,b8,146.56
2025-05-13,b8,146.77
2025-05-14,b8,146.89
2025-05-15,b8,146.73
2025-05-16,b8,146.58
2025-05-17,b8,146.38
2025-05-18,b8,146.37
2025-05-19,b8,146.41
2025-05-20,b8,146.58
2025-05-21,b8,146.71
2025-05-22,b8,146.84
2025-05-23,b8,147.06
2025-05-24,b8,147.33
2025-05-25,b8,147.41
2025-05-26,b8,147.44
2025-05-27,b8,147.35
2025-05-28,b8,147.52
2025-05-29,b8,147.57
2025-05-30,b8,147.43
2025-05-31,b8,146.89
2025-06-01,b8,146.42
2025-06-02,b8,145.91
2025-06-03,b8,145.49
2025-06-04,b8,144.85
2025-06-05,b8,144.29
2025-06-06,b8,143.82
2025-06-07,b8,143.84
2025-06-08,b8,143.72
2025-06-09,b8,143.75
2025-06-10,b8,143.34
2025-06-11,b8,143.1
2025-06-12,b8,142.89
2025-06-13,b8,142.74
2025-06-14,b8,142.53
2025-06-15,b8,142.42
2025-06-16,b8,142.22
2025-06-17,b8,142.45
2025-06-18,b8,142.49
2025-06-19,b8,142.49
2025-06-20,b8,142.42
2025-06-21,b8,142.33
2025-06-22,b8,142.3
2025-06-23,b8,142.28
2025-06-24,b8,142.16
2025-06-25,b8,142.23
2025-06-26,b8,142.04
2025-06-27,b8,141.83
2025-06-28,b8,141.57
2025-06-29,b8,141.44
2025-06-30,b8,141.32
2025-07-01,b8,141.16
2025-07-02,b8,140.99
2025-07-03,b8,141.01
2025-07-04,b8,141.02
2025-07-05,b8,141.08
2025-07-06,b8,140.94
2025-07-07,b8,140.82
2025-07-08,b8,140.6
2025-07-09,b8,140.21
2025-07-10,b8,139.81
2025-07-11,b8,139.53
2025-07-12,b8,139.2
2025-07-13,b8,138.81
2025-07-14,b8,138.52
2025-07-15,b8,138.06
2025-07-16,b8,137.68
2025-07-17,b8,137.4
2025-07-18,b8,137.04
2025-07-19,b8,136.64
2025-07-20,b8,136.42
2025-07-21,b8,136.07
2025-07-22,b8,136.12
2025-07-23,b8,136
2025-07-24,b8,135.82
2025-07-25,b8,135.76
2025-07-26,b8,135.61
2025-07-27,b8,135.32
2025-07-28,b8,134.95
2025-07-29,b8,134.42
2025-07-30,b8,134.12
2025-07-31,b8,133.69
2025-08-01,b8,133.07
2025-08-02,b8,132.67
2025-08-03,b8,132.24
2025-08-04,b8,132.01
2025-08-05,b8,131.9
2025-08-06,b8,131.61
2025-08-07,b8,131.5
2025-08-08,b8,131.46
2025-08-09,b8,131.46
2025-08-10,b8,131.47
2025-08-11,b8,131.38
2025-08-12,b8,131.24
2025-08-13,b8,131.29
2025-08-14,b8,131.34
2025-08-15,b8,131.62
2025-08-16,b8,131.65
2025-08-17,b8,131.67
2025-08-18,b8,131.78
2025-08-19,b8,131.75
2025-08-20,b8,131.82
2025-08-21,b8,131.82
2025-08-22,b8,131.55
2025-08-23,b8,131.45
2025-08-24,b8,131.21
2025-08-25,b8,130.94
2025-08-26,b8,130.91
2025-08-27,b8,130.89
2025-08-28,b8,130.8
2025-08-29,b8,130.71
2025-08-30,b8,130.73
2025-08-31,b8,130.83
2025-09-01,b8,130.79
2025-09-02,b8,130.83
2025-09-03,b8,130.8
2025-09-04,b8,130.86
2025-09-05,b8,131.01
2025-09-06,b8,131.1
2025-09-07,b8,131.17
2025-09-08,b8,131.27
2025-09-09,b8,131.22
2025-09-10,b8,131.07
2025-09-11,b8,130.92
2025-09-12,b8,130.76
2025-09-13,b8,130.72
2025-09-14,b8,130.8
2025-09-15,b8,130.96
2025-09-16,b8,131.36
2025-09-17,b8,131.64
2025-09-18,b8,131.85
2025-09-19,b8,131.98
2025-09-20,b8,132.21
2025-09-21,b8,132.39
2025-09-22,b8,132.46
2025-09-23,b8,132.29
2025-09-24,b8,132.19
2025-09-25,b8,132.23
2025-09-26,b8,132.2
2025-09-27,b8,131.82
2025-09-28,b8,131.43
2025-09-29,b8,131.18
2025-09-30,b8,130.93
2025-10-01,b8,130.96
2025-10-02,b8,130.82
2025-10-03,b8,130.76
2025-10-04,b8,130.75
2025-10-05,b8,130.75
2025-10-06,b8,130.66
2025-10-07,b8,130.47
2025-10-08,b8,130.17
2025-10-09,b8,129.92
2025-10-10,b8,129.99
2025-10-11,b8,130.12
2025-10-12,b8,130.27
2025-10-13,b8,130.34
2025-10-14,b8,130.61
2025-10-15,b8,130.82
2025-10-16,b8,131.05
2025-10-17,b8,130.91
2025-10-18,b8,130.68
2025-10-19,b8,130.52
2025-10-20,b8,130.51
2025-10-21,b8,130.12
2025-10-22,b8,129.96
2025-10-23,b8,129.84
2025-10-24,b8,129.78
2025-10-25,b8,129.55
2025-10-26,b8,129.27
2025-10-27,b8,129.07
2025-10-28,b8,129.16
2025-10-29,b8,128.99
2025-10-30,b8,128.7
2025-10-31,b8,128.44
2025-11-01,b8,128.26
2025-11-02,b8,128.38
2025-11-03,b8,128.41
2025-11-04,b8,128.44
2025-11-05,b8,128.44
2025-11-06,b8,128.54
2025-11-07,b8,128.7
2025-11-08,b8,129.1
2025-11-09,b8,129.14
2025-11-10,b8,129.26
2025-11-11,b8,129.42
2025-11-12,b8,129.52
2025-11-13,b8,129.65
2025-11-14,b8,129.74
2025-11-15,b8,129.76
2025-11-16,b8,129.75
2025-11-17,b8,129.79
2025-11-18,b8,129.86
2025-11-19,b8,129.59
2025-11-20,b8,129.42
2025-11-21,b8,129.25
2025-11-22,b8,129.18
2025-11-23,b8,129.09
2025-11-24,b8,128.94
2025-11-25,b8,128.76
2025-11-26,b8,129.04
2025-11-27,b8,129.18
2025-11-28,b8,129.32
2025-11-29,b8,129.44
2025-11-30,b8,129.56
2025-12-01,b8,129.63
2025-12-02,b8,129.59
2025-12-03,b8,129.48
2025-12-04,b8,129.29
2025-12-05,b8,129.19
2025-12-06,b8,128.96
2025-12-07,b8,128.71
2025-12-08,b8,128.42
2025-12-09,b8,128.27
2025-12-10,b8,128
2025-12-11,b8,127.73
2025-12-12,b8,127.27
2025-12-13,b8,127.05
2025-12-14,b8,126.88
2025-12-15,b8,126.76
2025-12-16,b8,126.63
2025-12-17,b8,126.6
2025-12-18,b8,126.57
2025-12-19,b8,126.64
2025-12-20,b8,126.57
2025-12-21,b8,126.6
2025-12-22,b8,126.66
2025-12-23,b8,126.76
2025-12-24,b8,126.9
2025-12-25,b8,127.1
2025-12-26,b8,127.17
2025-12-27,b8,127.16
2025-12-28,b8,127.12
2025-12-29,b8,127.09
2025-12-30,b8,127.01
2025-12-31,b8,127.03
2026-01-01,b8,126.28
2026-01-02,b8,125.67
2026-01-03,b8,124.85
2026-01-04,b8,123.77
2026-01-05,b8,122.79
2026-01-06,b8,122.25
2026-01-07,b8,121.78
2026-01-08,b8,122.17
2026-01-09,b8,122.73
2026-01-10,b8,123.53
2026-01-11,b8,124.43
2026-01-12,b8,125.12
2026-01-13,b8,125.55
2026-01-14,b8,126
2026-01-15,b8,126.51
2026-01-16,b8,127.14
2026-01-17,b8,127.84
2026-01-18,b8,128.56
2026-01-19,b8,129.2
2026-01-20,b8,129.96
2026-01-21,b8,130.75
2026-01-22,b8,131.71
2026-01-23,b8,132.48
2026-01-24,b8,133.18
2026-01-25,b8,133.75
2026-01-26,b8,134.28
2026-01-27,b8,134.51
2026-01-28,b8,134.65
2026-01-29,b8,134.63
2026-01-30,b8,134.62
2026-01-31,b8,134.44
2026-02-01,b8,134.38
2026-02-02,b8,134.2
2026-02-03,b8,134.3
2026-02-04,b8,134.27
2026-02-05,b8,134.28
2026-02-06,b8,134.26
2026-02-07,b8,134.38
2026-02-08,b8,134.42
2026-02-09,b8,134.81
2026-02-10,b8,134.98
2026-02-11,b8,135.24
2026-02-12,b8,135.52
2026-02-13,b8,135.87
2026-02-14,b8,136.15
2026-02-15,b8,136.52
2026-02-16,b8,136.83
2026-02-17,b8,137.21
2026-02-18,b8,137.56
2026-02-19,b8,137.85
2026-02-20,b8,137.94
2026-02-21,b8,137.99
2026-02-22,b8,137.9
2026-02-23,b8,137.68
2026-02-24,b8,137.39
2026-02-25,b8,137.04
2026-02-26,b8,136.66
2026-02-27,b8,136.44
2026-02-28,b8,136.04
2026-03-01,b8,135.63
2026-03-02,b8,135.28
2026-03-03,b8,134.87
2026-03-04,b8,134.64
2026-03-05,b8,134.45
2026-03-06,b8,134
2026-03-07,b8,133.64
2026-03-08,b8,133.26
2026-03-09,b8,132.88
2026-03-10,b8,132.45
2026-03-11,b8,131.51
2026-03-12,b8,130.38
2026-03-13,b8,129.47
2026-03-14,b8,128.56
2026-03-15,b8,127.59
2026-03-16,b8,126.6
2026-03-17,b8,125.57
2026-03-18,b8,125.01
2026-03-19,b8,124.37
2026-03-20,b8,123.56
2026-03-21,b8,122.64
2026-03-22,b8,121.83
2026-03-23,b8,120.97
2026-03-24,b8,120.29
2026-03-25,b8,119.44
2026-03-26,b8,118.54
2026-03-27,b8,117.73
2026-03-28,b8,117.11
2026-03-29,b8,116.6
2026-03-30,b8,116.3
2026-03-31,b8,115.88
2026-04-01,b8,115.41
2026-04-02,b8,115.25
2026-04-03,b8,115.15
2026-04-04,b8,115.2
2026-04-05,b8,115.25
2026-04-06,b8,115.2
2026-04-07,b8,114.95
2026-04-08,b8,114.86
2026-04-09,b8,114.87
2026-04-10,b8,114.92
2026-04-11,b8,114.86
2026-04-12,b8,114.81
2026-04-13,b8,114.81
2026-04-14,b8,115.16
2026-04-15,b8,115.38
2026-04-16,b8,115.48
2026-04-17,b8,115.46
2026-04-18,b8,115.43
2026-04-19,b8,115.51
2026-04-20,b8,115.58
2026-04-21,b8,115.74
2026-04-22,b8,116.09
2026-04-23,b8,116.15
2026-04-24,b8,116.27
2026-04-25,b8,116.27
2026-04-26,b8,116.16
2026-04-27,b8,116.05
2026-04-28,b8,115.83
2026-04-29,b8,115.36
2026-04-30,b8,114.95
2026-05-01,b8,114.57
2026-05-02,b8,114.04
2026-05-03,b8,113.57
2026-05-04,b8,113.06
2026-05-05,b8,112.78
2026-05-06,b8,112.72
2026-05-07,b8,112.86
2026-05-08,b8,112.99
2026-05-09,b8,113.23
2026-05-10,b8,113.41
2026-05-11,b8,113.66
2026-05-12,b8,113.89
2026-05-13,b8,114.08
2026-05-14,b8,114.12
2026-05-15,b8,113.87
2026-05-16,b8,113.75
2026-05-17,b8,113.69
2026-05-18,b8,113.59
2026-05-19,b8,113.25
2026-05-20,b8,112.9
2026-05-21,b8,112.64
2026-05-22,b8,112.57
2026-05-23,b8,112.52
2026-05-24,b8,112.38
2026-05-25,b8,112.09
2026-05-26,b8,111.36
2026-05-27,b8,110.62
2026-05-28,b8,109.86
2026-05-29,b8,109.15
2026-05-30,b8,108.74
2026-05-31,b8,108.43
2026-06-01,b8,107.95
2026-06-02,b8,108.1
2026-06-03,b8,108.24
2026-06-04,b8,108.36
2026-06-05,b8,108.62
2026-06-06,b8,108.85
2026-06-07,b8,109.11
2026-06-08,b8,109.35
2026-06-09,b8,109.57
2026-06-10,b8,109.65
2026-06-11,b8,109.91
2026-06-12,b8,110.02
2026-06-13,b8,110.1
2026-06-14,b8,110.12
2026-06-15,b8,110.57
2026-06-16,b8,110.87
2026-06-17,b8,111.38
2026-06-18,b8,111.56
2026-06-19,b8,111.9
2026-06-20,b8,112.2
2026-06-21,b8,112.5
2026-06-22,b8,112.4
2026-06-23,b8,112.19
2026-06-24,b8,111.9
2026-06-25,b8,111.78
2026-06-26,b8,111.41
2026-06-27,b8,110.94
2026-06-28,b8,110.42
2026-06-29,b8,110.22
2026-06-30,b8,110.03
2026-07-01,b8,109.59
2026-07-02,b8,109.27
2026-07-03,b8,109.2
2026-07-04,b8,109.28
2026-07-05,b8,109.41
2026-07-06,b8,109.27
2026-07-07,b8,109.4
2026-07-08,b8,109.7
2026-07-09,b8,109.77
2026-07-10,b8,109.71
2026-07-11,b8,109.77
2026-07-12,b8,109.81
2026-07-13,b8,109.95
2026-07-14,b8,110.03
2026-07-15,b8,109.79
2026-07-16,b8,109.7
2026-07-17,b8,109.53
2026-07-18,b8,109.31
2026-07-19,b8,109.16
2026-07-20,b8,108.98
2026-07-21,b8,108.74
2026-07-22,b8,108.89
2026-07-23,b8,108.97
2026-07-24,b8,109.08
2026-07-25,b8,109.02
2026-07-26,b8,108.92
2026-07-27,b8,108.74
2026-07-28,b8,108.59
2026-07-29,b8,108.35
2026-07-30,b8,108.09
2026-07-31,b8,107.95
2026-08-01,b8,107.84
2026-08-02,b8,107.7
2026-08-03,b8,107.69
2026-08-04,b8,107.73
2026-08-05,b8,107.8
2026-08-06,b8,107.75
2026-08-07,b8,107.76
2026-08-08,b8,107.73
2026-08-09,b8,107.9
2026-08-10,b8,107.85
2026-08-11,b8,107.83
2026-08-12,b8,107.79
2026-08-13,b8,107.93
2026-08-14,b8,107.95
2026-08-15,b8,107.94
2026-08-16,b8,107.84
2026-08-17,b8,107.99
2026-08-18,b8,108.17
2026-08-19,b8,108.31
2026-08-20,b8,108.42
2026-08-21,b8,108.49
2026-08-22,b8,108.68
2026-08-23,b8,108.89
2026-08-24,b8,108.94
2026-08-25,b8,108.9
2026-08-26,b8,108.96
2026-08-27,b8,108.93
2026-08-28,b8,108.85
2026-08-29,b8,108.84
2026-08-30,b8,108.75
2026-08-31,b8,108.63
2026-09-01,b8,108.44
2026-09-02,b8,108.51
2026-09-03,b8,108.63
2026-09-04,b8,108.75
2026-09-05,b8,108.91
2026-09-06,b8,108.99
2026-09-07,b8,109.1
2026-09-08,b8,109.14
2026-09-09,b8,109.03
2026-09-10,b8,109.07
2026-09-11,b8,109.14
2026-09-12,b8,109.16
2026-09-13,b8,109.31
2026-09-14,b8,109.45
2026-09-15,b8,109.68
2026-09-16,b8,109.72
2026-09-17,b8,109.53
2026-09-18,b8,109.43
2020-02-01,bfc,100
2020-02-02,bfc,99.77
2020-02-03,bfc,99.58
2020-02-04,bfc,99.49
2020-02-05,bfc,99.64
2020-02-06,bfc,99.48
2020-02-07,bfc,99.28
2020-02-08,bfc,99.15
2020-02-09,bfc,99.07
2020-02-10,bfc,98.94
2020-02-11,bfc,98.92
2020-02-12,bfc,99.08
2020-02-13,bfc,99.3
2020-02-14,bfc,99.46
2020-02-15,bfc,99.58
2020-02-16,bfc,99.83
2020-02-17,bfc,100.07
2020-02-18,bfc,99.92
2020-02-19,bfc,99.68
2020-02-20,bfc,99.6
2020-02-21,bfc,99.38
2020-02-22,bfc,99.13
2020-02-23,bfc,98.83
2020-02-24,bfc,98.67
2020-02-25,bfc,98.9
2020-02-26,bfc,99.27
2020-02-27,bfc,99.77
2020-02-28,bfc,100.46
2020-02-29,bfc,101.18
2020-03-01,bfc,101.99
2020-03-02,bfc,102.54
2020-03-03,bfc,102.98
2020-03-04,bfc,103.39
2020-03-05,bfc,103.54
2020-03-06,bfc,103.75
2020-03-07,bfc,103.92
2020-03-08,bfc,103.88
2020-03-09,bfc,103.85
2020-03-10,bfc,103.77
2020-03-11,bfc,103.43
2020-03-12,bfc,103.11
2020-03-13,bfc,102.69
2020-03-14,bfc,102.35
2020-03-15,bfc,102.04
2020-03-16,bfc,101.69
2020-03-17,bfc,101.29
2020-03-18,bfc,100.84
2020-03-19,bfc,100.21
2020-03-20,bfc,99.25
2020-03-21,bfc,97.93
2020-03-22,bfc,96.25
2020-03-23,bfc,94.67
2020-03-24,bfc,93
2020-03-25,bfc,91.12
2020-03-26,bfc,89.1
2020-03-27,bfc,87.37
2020-03-28,bfc,85.51
2020-03-29,bfc,83.93
2020-03-30,bfc,82.3
2020-03-31,bfc,80.78
2020-04-01,bfc,79.7
2020-04-02,bfc,78.8
2020-04-03,bfc,77.67
2020-04-04,bfc,76.97
2020-04-05,bfc,76.23
2020-04-06,bfc,75.44
2020-04-07,bfc,74.38
2020-04-08,bfc,73.23
2020-04-09,bfc,72.11
2020-04-10,bfc,71.12
2020-04-11,bfc,69.82
2020-04-12,bfc,68.54
2020-04-13,bfc,67.4
2020-04-14,bfc,66.57
2020-04-15,bfc,65.78
2020-04-16,bfc,64.95
2020-04-17,bfc,64.18
2020-04-18,bfc,63.58
2020-04-19,bfc,63.06
2020-04-20,bfc,62.76
2020-04-21,bfc,62.54
2020-04-22,bfc,62.49
2020-04-23,bfc,62.41
2020-04-24,bfc,62.33
2020-04-25,bfc,62.4
2020-04-26,bfc,62.28
2020-04-27,bfc,62.11
2020-04-28,bfc,61.84
2020-04-29,bfc,61.27
2020-04-30,bfc,60.96
2020-05-01,bfc,60.6
2020-05-02,bfc,60.27
2020-05-03,bfc,60.11
2020-05-04,bfc,59.94
2020-05-05,bfc,59.67
2020-05-06,bfc,59.67
2020-05-07,bfc,59.51
2020-05-08,bfc,59.55
2020-05-09,bfc,59.55
2020-05-10,bfc,59.52
2020-05-11,bfc,59.32
2020-05-12,bfc,59.14
2020-05-13,bfc,58.95
2020-05-14,bfc,58.65
2020-05-15,bfc,58.45
2020-05-16,bfc,58.35
2020-05-17,bfc,58.34
2020-05-18,bfc,58.28
2020-05-19,bfc,58.51
2020-05-20,bfc,58.69
2020-05-21,bfc,59.06
2020-05-22,bfc,59.14
2020-05-23,bfc,59.11
2020-05-24,bfc,59.14
2020-05-25,bfc,59.38
2020-05-26,bfc,59.37
2020-05-27,bfc,59.31
2020-05-28,bfc,59.23
2020-05-29,bfc,59.45
2020-05-30,bfc,59.7
2020-05-31,bfc,59.98
2020-06-01,bfc,60.3
2020-06-02,bfc,60.53
2020-06-03,bfc,60.72
2020-06-04,bfc,60.87
2020-06-05,bfc,60.97
2020-06-06,bfc,61.19
2020-06-07,bfc,61.27
2020-06-08,bfc,61.26
2020-06-09,bfc,61.56
2020-06-10,bfc,61.96
2020-06-11,bfc,62.43
2020-06-12,bfc,62.88
2020-06-13,bfc,63.31
2020-06-14,bfc,63.73
2020-06-15,bfc,64.05
2020-06-16,bfc,64.17
2020-06-17,bfc,64.29
2020-06-18,bfc,64.39
2020-06-19,bfc,64.25
2020-06-20,bfc,63.98
2020-06-21,bfc,63.91
2020-06-22,bfc,63.96
2020-06-23,bfc,64.04
2020-06-24,bfc,64.09
2020-06-25,bfc,64.2
2020-06-26,bfc,64.41
2020-06-27,bfc,64.62
2020-06-28,bfc,64.63
2020-06-29,bfc,64.54
2020-06-30,bfc,64.56
2020-07-01,bfc,64.69
2020-07-02,bfc,64.72
2020-07-03,bfc,64.85
2020-07-04,bfc,65.05
2020-07-05,bfc,65.3
2020-07-06,bfc,65.65
2020-07-07,bfc,66.04
2020-07-08,bfc,66.29
2020-07-09,bfc,66.49
2020-07-10,bfc,67.06
2020-07-11,bfc,67.3
2020-07-12,bfc,67.61
2020-07-13,bfc,67.72
2020-07-14,bfc,67.75
2020-07-15,bfc,67.59
2020-07-16,bfc,67.45
2020-07-17,bfc,66.83
2020-07-18,bfc,66.53
2020-07-19,bfc,66.15
2020-07-20,bfc,66
2020-07-21,bfc,65.85
2020-07-22,bfc,65.98
2020-07-23,bfc,66.31
2020-07-24,bfc,66.66
2020-07-25,bfc,67.07
2020-07-26,bfc,67.53
2020-07-27,bfc,68.08
2020-07-28,bfc,68.54
2020-07-29,bfc,69.06
2020-07-30,bfc,69.39
2020-07-31,bfc,69.82
2020-08-01,bfc,70.11
2020-08-02,bfc,70.25
2020-08-03,bfc,70.3
2020-08-04,bfc,70.4
2020-08-05,bfc,71.09
2020-08-06,bfc,71.78
2020-08-07,bfc,72.7
2020-08-08,bfc,73.52
2020-08-09,bfc,74.33
2020-08-10,bfc,75.17
2020-08-11,bfc,75.98
2020-08-12,bfc,76.19
2020-08-13,bfc,76.71
2020-08-14,bfc,76.98
2020-08-15,bfc,77.55
2020-08-16,bfc,78.38
2020-08-17,bfc,79.2
2020-08-18,bfc,80.06
2020-08-19,bfc,80.81
2020-08-20,bfc,81.27
2020-08-21,bfc,81.83
2020-08-22,bfc,82.14
2020-08-23,bfc,82.78
2020-08-24,bfc,83.33
2020-08-25,bfc,83.92
2020-08-26,bfc,84.43
2020-08-27,bfc,85.24
2020-08-28,bfc,85.93
2020-08-29,bfc,86.26
2020-08-30,bfc,86.47
2020-08-31,bfc,86.74
2020-09-01,bfc,86.94
2020-09-02,bfc,87.24
2020-09-03,bfc,87.31
2020-09-04,bfc,87.29
2020-09-05,bfc,87.26
2020-09-06,bfc,87.45
2020-09-07,bfc,87.5
2020-09-08,bfc,87.58
2020-09-09,bfc,87.75
2020-09-10,bfc,87.9
2020-09-11,bfc,88.21
2020-09-12,bfc,88.33
2020-09-13,bfc,88.3
2020-09-14,bfc,88.35
2020-09-15,bfc,88.28
2020-09-16,bfc,88.2
2020-09-17,bfc,87.97
2020-09-18,bfc,87.71
2020-09-19,bfc,87.69
2020-09-20,bfc,87.74
2020-09-21,bfc,87.7
2020-09-22,bfc,87.85
2020-09-23,bfc,87.8
2020-09-24,bfc,87.88
2020-09-25,bfc,87.94
2020-09-26,bfc,87.83
2020-09-27,bfc,87.78
2020-09-28,bfc,87.83
2020-09-29,bfc,87.96
2020-09-30,bfc,88.23
2020-10-01,bfc,88.35
2020-10-02,bfc,88.47
2020-10-03,bfc,88.83
2020-10-04,bfc,89.04
2020-10-05,bfc,89.27
2020-10-06,bfc,89.37
2020-10-07,bfc,89.47
2020-10-08,bfc,89.65
2020-10-09,bfc,89.82
2020-10-10,bfc,89.92
2020-10-11,bfc,90.13
2020-10-12,bfc,90.36
2020-10-13,bfc,90.49
2020-10-14,bfc,90.54
2020-10-15,bfc,90.79
2020-10-16,bfc,90.85
2020-10-17,bfc,90.81
2020-10-18,bfc,90.98
2020-10-19,bfc,90.88
2020-10-20,bfc,90.92
2020-10-21,bfc,91.03
2020-10-22,bfc,90.93
2020-10-23,bfc,90.77
2020-10-24,bfc,90.84
2020-10-25,bfc,90.62
2020-10-26,bfc,90.6
2020-10-27,bfc,90.56
2020-10-28,bfc,90.53
2020-10-29,bfc,90.55
2020-10-30,bfc,90.69
2020-10-31,bfc,90.52
2020-11-01,bfc,90.51
2020-11-02,bfc,90.7
2020-11-03,bfc,90.57
2020-11-04,bfc,90.44
2020-11-05,bfc,90.22
2020-11-06,bfc,89.99
2020-11-07,bfc,89.85
2020-11-08,bfc,89.74
2020-11-09,bfc,89.4
2020-11-10,bfc,89.32
2020-11-11,bfc,89.3
2020-11-12,bfc,89.26
2020-11-13,bfc,89.23
2020-11-14,bfc,89.11
2020-11-15,bfc,88.98
2020-11-16,bfc,88.92
2020-11-17,bfc,88.92
2020-11-18,bfc,88.98
2020-11-19,bfc,89.07
2020-11-20,bfc,89.34
2020-11-21,bfc,89.57
2020-11-22,bfc,89.74
2020-11-23,bfc,89.89
2020-11-24,bfc,89.97
2020-11-25,bfc,89.94
2020-11-26,bfc,90.05
2020-11-27,bfc,90.02
2020-11-28,bfc,90.14
2020-11-29,bfc,90.18
2020-11-30,bfc,90.22
2020-12-01,bfc,90.37
2020-12-02,bfc,90.28
2020-12-03,bfc,90.24
2020-12-04,bfc,90.14
2020-12-05,bfc,90.1
2020-12-06,bfc,90.15
2020-12-07,bfc,90.09
2020-12-08,bfc,89.99
2020-12-09,bfc,90.05
2020-12-10,bfc,89.98
2020-12-11,bfc,90.11
2020-12-12,bfc,90.07
2020-12-13,bfc,90.15
2020-12-14,bfc,90.36
2020-12-15,bfc,90.25
2020-12-16,bfc,90.27
2020-12-17,bfc,90.36
2020-12-18,bfc,90.38
2020-12-19,bfc,90.55
2020-12-20,bfc,90.73
2020-12-21,bfc,90.91
2020-12-22,bfc,91.31
2020-12-23,bfc,91.68
2020-12-24,bfc,92.04
2020-12-25,bfc,92.51
2020-12-26,bfc,92.76
2020-12-27,bfc,92.95
2020-12-28,bfc,93.33
2020-12-29,bfc,93.61
2020-12-30,bfc,93.84
2020-12-31,bfc,94.18
2021-01-01,bfc,94.55
2021-01-02,bfc,94.88
2021-01-03,bfc,95.2
2021-01-04,bfc,95.19
2021-01-05,bfc,95.35
2021-01-06,bfc,95.63
2021-01-07,bfc,95.76
2021-01-08,bfc,95.71
2021-01-09,bfc,95.89
2021-01-10,bfc,95.96
2021-01-11,bfc,96.14
2021-01-12,bfc,96.37
2021-01-13,bfc,96.39
2021-01-14,bfc,96.41
2021-01-15,bfc,96.47
2021-01-16,bfc,96.45
2021-01-17,bfc,96.54
2021-01-18,bfc,96.73
2021-01-19,bfc,96.78
2021-01-20,bfc,96.76
2021-01-21,bfc,96.76
2021-01-22,bfc,96.7
2021-01-23,bfc,96.73
2021-01-24,bfc,96.53
2021-01-25,bfc,96.22
2021-01-26,bfc,96.01
2021-01-27,bfc,95.88
2021-01-28,bfc,95.7
2021-01-29,bfc,95.46
2021-01-30,bfc,95.47
2021-01-31,bfc,95.62
2021-02-01,bfc,95.82
2021-02-02,bfc,95.84
2021-02-03,bfc,95.86
2021-02-04,bfc,95.89
2021-02-05,bfc,95.76
2021-02-06,bfc,95.34
2021-02-07,bfc,94.92
2021-02-08,bfc,94.54
2021-02-09,bfc,94.24
2021-02-10,bfc,94.02
2021-02-11,bfc,93.94
2021-02-12,bfc,94.3
2021-02-13,bfc,94.59
2021-02-14,bfc,94.95
2021-02-15,bfc,95.34
2021-02-16,bfc,95.76
2021-02-17,bfc,96.07
2021-02-18,bfc,96.35
2021-02-19,bfc,96.33
2021-02-20,bfc,96.43
2021-02-21,bfc,96.49
2021-02-22,bfc,96.41
2021-02-23,bfc,96.4
2021-02-24,bfc,96.67
2021-02-25,bfc,96.94
2021-02-26,bfc,97.26
2021-02-27,bfc,97.79
2021-02-28,bfc,98.27
2021-03-01,bfc,98.63
2021-03-02,bfc,98.94
2021-03-03,bfc,99.19
2021-03-04,bfc,99.55
2021-03-05,bfc,100.03
2021-03-06,bfc,100.28
2021-03-07,bfc,100.67
2021-03-08,bfc,101.09
2021-03-09,bfc,101.58
2021-03-10,bfc,101.86
2021-03-11,bfc,102.52
2021-03-12,bfc,102.7
2021-03-13,bfc,103.48
2021-03-14,bfc,103.8
2021-03-15,bfc,104.09
2021-03-16,bfc,104.61
2021-03-17,bfc,104.62
2021-03-18,bfc,104.33
2021-03-19,bfc,104.5
2021-03-20,bfc,104.4
2021-03-21,bfc,104.62
2021-03-22,bfc,104.73
2021-03-23,bfc,104.28
2021-03-24,bfc,104.41
2021-03-25,bfc,104.31
2021-03-26,bfc,104.19
2021-03-27,bfc,103.82
2021-03-28,bfc,103.51
2021-03-29,bfc,103.44
2021-03-30,bfc,103.62
2021-03-31,bfc,103.89
2021-04-01,bfc,104.11
2021-04-02,bfc,104.17
2021-04-03,bfc,104.24
2021-04-04,bfc,104.35
2021-04-05,bfc,104.49
2021-04-06,bfc,104.35
2021-04-07,bfc,103.93
2021-04-08,bfc,103.55
2021-04-09,bfc,103.37
2021-04-10,bfc,103.06
2021-04-11,bfc,102.24
2021-04-12,bfc,101.64
2021-04-13,bfc,101.29
2021-04-14,bfc,101.1
2021-04-15,bfc,100.81
2021-04-16,bfc,100.51
2021-04-17,bfc,100.29
2021-04-18,bfc,100.37
2021-04-19,bfc,100.35
2021-04-20,bfc,100.42
2021-04-21,bfc,100.61
2021-04-22,bfc,101.15
2021-04-23,bfc,101.63
2021-04-24,bfc,101.93
2021-04-25,bfc,102.18
2021-04-26,bfc,102.07
2021-04-27,bfc,101.94
2021-04-28,bfc,101.77
2021-04-29,bfc,101.26
2021-04-30,bfc,101.16
2021-05-01,bfc,101.49
2021-05-02,bfc,102.07
2021-05-03,bfc,102.9
2021-05-04,bfc,103.72
2021-05-05,bfc,104.57
2021-05-06,bfc,105.71
2021-05-07,bfc,106.81
2021-05-08,bfc,107.76
2021-05-09,bfc,108.63
2021-05-10,bfc,109.51
2021-05-11,bfc,110.38
2021-05-12,bfc,111.21
2021-05-13,bfc,112.05
2021-05-14,bfc,112.02
2021-05-15,bfc,111.93
2021-05-16,bfc,111.88
2021-05-17,bfc,111.88
2021-05-18,bfc,111.91
2021-05-19,bfc,111.99
2021-05-20,bfc,112.17
2021-05-21,bfc,112.86
2021-05-22,bfc,113.5
2021-05-23,bfc,114.11
2021-05-24,bfc,114.86
2021-05-25,bfc,115.28
2021-05-26,bfc,115.64
2021-05-27,bfc,115.74
2021-05-28,bfc,115.88
2021-05-29,bfc,116.32
2021-05-30,bfc,116.79
2021-05-31,bfc,117.04
2021-06-01,bfc,117.58
2021-06-02,bfc,118.12
2021-06-03,bfc,118.82
2021-06-04,bfc,119.56
2021-06-05,bfc,120.1
2021-06-06,bfc,120.51
2021-06-07,bfc,120.87
2021-06-08,bfc,121.27
2021-06-09,bfc,121.76
2021-06-10,bfc,122.07
2021-06-11,bfc,122.35
2021-06-12,bfc,122.67
2021-06-13,bfc,123.09
2021-06-14,bfc,123.49
2021-06-15,bfc,124.11
2021-06-16,bfc,124.71
2021-06-17,bfc,125.43
2021-06-18,bfc,126.07
2021-06-19,bfc,126.55
2021-06-20,bfc,126.82
2021-06-21,bfc,127.21
2021-06-22,bfc,127.38
2021-06-23,bfc,127.34
2021-06-24,bfc,127.16
2021-06-25,bfc,127.04
2021-06-26,bfc,127.4
2021-06-27,bfc,127.35
2021-06-28,bfc,127.36
2021-06-29,bfc,127.31
2021-06-30,bfc,127.34
2021-07-01,bfc,127.37
2021-07-02,bfc,127.44
2021-07-03,bfc,126.96
2021-07-04,bfc,127.06
2021-07-05,bfc,126.76
2021-07-06,bfc,126.62
2021-07-07,bfc,126.4
2021-07-08,bfc,126.26
2021-07-09,bfc,125.97
2021-07-10,bfc,126.57
2021-07-11,bfc,126.6
2021-07-12,bfc,126.82
2021-07-13,bfc,126.86
2021-07-14,bfc,127.28
2021-07-15,bfc,127.35
2021-07-16,bfc,127.55
2021-07-17,bfc,127.66
2021-07-18,bfc,127.9
2021-07-19,bfc,128.34
2021-07-20,bfc,128.67
2021-07-21,bfc,128.71
2021-07-22,bfc,129.15
2021-07-23,bfc,129.47
2021-07-24,bfc,129.74
2021-07-25,bfc,130.02
2021-07-26,bfc,130.15
2021-07-27,bfc,130.35
2021-07-28,bfc,130.63
2021-07-29,bfc,130.86
2021-07-30,bfc,130.93
2021-07-31,bfc,130.96
2021-08-01,bfc,130.9
2021-08-02,bfc,130.88
2021-08-03,bfc,130.91
2021-08-04,bfc,130.96
2021-08-05,bfc,130.87
2021-08-06,bfc,130.96
2021-08-07,bfc,131.18
2021-08-08,bfc,131.23
2021-08-09,bfc,131.07
2021-08-10,bfc,131.22
2021-08-11,bfc,131.2
2021-08-12,bfc,131.28
2021-08-13,bfc,131.6
2021-08-14,bfc,131.64
2021-08-15,bfc,131.85
2021-08-16,bfc,132.55
2021-08-17,bfc,132.88
2021-08-18,bfc,133.47
2021-08-19,bfc,133.97
2021-08-20,bfc,134.37
2021-08-21,bfc,134.92
2021-08-22,bfc,135.41
2021-08-23,bfc,135.62
2021-08-24,bfc,135.99
2021-08-25,bfc,136.17
2021-08-26,bfc,136.49
2021-08-27,bfc,136.76
2021-08-28,bfc,137.06
2021-08-29,bfc,137.25
2021-08-30,bfc,137.41
2021-08-31,bfc,137.53
2021-09-01,bfc,137.6
2021-09-02,bfc,137.53
2021-09-03,bfc,137.51
2021-09-04,bfc,137.54
2021-09-05,bfc,137.68
2021-09-06,bfc,137.8
2021-09-07,bfc,137.88
2021-09-08,bfc,138.23
2021-09-09,bfc,138.54
2021-09-10,bfc,138.96
2021-09-11,bfc,139.47
2021-09-12,bfc,140.03
2021-09-13,bfc,140.72
2021-09-14,bfc,141.27
2021-09-15,bfc,141.88
2021-09-16,bfc,142.56
2021-09-17,bfc,143.26
2021-09-18,bfc,143.83
2021-09-19,bfc,144.47
2021-09-20,bfc,145.09
2021-09-21,bfc,145.72
2021-09-22,bfc,146.22
2021-09-23,bfc,146.81
2021-09-24,bfc,146.95
2021-09-25,bfc,147.03
2021-09-26,bfc,147.07
2021-09-27,bfc,147.07
2021-09-28,bfc,147.14
2021-09-29,bfc,146.99
2021-09-30,bfc,146.75
2021-10-01,bfc,146.43
2021-10-02,bfc,146.13
2021-10-03,bfc,145.59
2021-10-04,bfc,145.07
2021-10-05,bfc,144.7
2021-10-06,bfc,144.53
2021-10-07,bfc,144.36
2021-10-08,bfc,144.36
2021-10-09,bfc,144.31
2021-10-10,bfc,144.7
2021-10-11,bfc,145.05
2021-10-12,bfc,144.99
2021-10-13,bfc,144.92
2021-10-14,bfc,144.95
2021-10-15,bfc,145.14
2021-10-16,bfc,145.47
2021-10-17,bfc,145.51
2021-10-18,bfc,145.51
2021-10-19,bfc,145.89
2021-10-20,bfc,146.19
2021-10-21,bfc,146.32
2021-10-22,bfc,146.37
2021-10-23,bfc,146.43
2021-10-24,bfc,146.35
2021-10-25,bfc,146.41
2021-10-26,bfc,146.36
2021-10-27,bfc,146.25
2021-10-28,bfc,146.32
2021-10-29,bfc,146.56
2021-10-30,bfc,146.85
2021-10-31,bfc,147.13
2021-11-01,bfc,147.56
2021-11-02,bfc,147.84
2021-11-03,bfc,148.17
2021-11-04,bfc,148.52
2021-11-05,bfc,148.7
2021-11-06,bfc,148.74
2021-11-07,bfc,148.92
2021-11-08,bfc,148.8
2021-11-09,bfc,148.91
2021-11-10,bfc,148.9
2021-11-11,bfc,148.92
2021-11-12,bfc,148.69
2021-11-13,bfc,148.23
2021-11-14,bfc,147.88
2021-11-15,bfc,147.66
2021-11-16,bfc,147.51
2021-11-17,bfc,147.31
2021-11-18,bfc,146.93
2021-11-19,bfc,147.1
2021-11-20,bfc,147.21
2021-11-21,bfc,147.32
2021-11-22,bfc,147.35
2021-11-23,bfc,147.31
2021-11-24,bfc,147.43
2021-11-25,bfc,147.55
2021-11-26,bfc,147.39
2021-11-27,bfc,147.44
2021-11-28,bfc,147.46
2021-11-29,bfc,147.48
2021-11-30,bfc,147.45
2021-12-01,bfc,147.39
2021-12-02,bfc,147.31
2021-12-03,bfc,147.47
2021-12-04,bfc,147.77
2021-12-05,bfc,147.71
2021-12-06,bfc,147.79
2021-12-07,bfc,147.93
2021-12-08,bfc,148.1
2021-12-09,bfc,148.17
2021-12-10,bfc,148.05
2021-12-11,bfc,148.04
2021-12-12,bfc,148.19
2021-12-13,bfc,148.39
2021-12-14,bfc,148.68
2021-12-15,bfc,149.06
2021-12-16,bfc,149.62
2021-12-17,bfc,150.27
2021-12-18,bfc,150.74
2021-12-19,bfc,151.39
2021-12-20,bfc,152.02
2021-12-21,bfc,152.42
2021-12-22,bfc,152.61
2021-12-23,bfc,153.01
2021-12-24,bfc,153.41
2021-12-25,bfc,153.75
2021-12-26,bfc,153.97
2021-12-27,bfc,154.34
2021-12-28,bfc,154.5
2021-12-29,bfc,154.81
2021-12-30,bfc,154.83
2021-12-31,bfc,154.67
2022-01-01,bfc,154.66
2022-01-02,bfc,154.75
2022-01-03,bfc,154.44
2022-01-04,bfc,154.47
2022-01-05,bfc,154.43
2022-01-06,bfc,154.33
2022-01-07,bfc,154.46
2022-01-08,bfc,154.56
2022-01-09,bfc,154.48
2022-01-10,bfc,154.61
2022-01-11,bfc,154.67
2022-01-12,bfc,154.79
2022-01-13,bfc,155.21
2022-01-14,bfc,155.43
2022-01-15,bfc,155.78
2022-01-16,bfc,156.18
2022-01-17,bfc,156.54
2022-01-18,bfc,157.03
2022-01-19,bfc,157.33
2022-01-20,bfc,157.27
2022-01-21,bfc,157.38
2022-01-22,bfc,157.24
2022-01-23,bfc,157.29
2022-01-24,bfc,157.17
2022-01-25,bfc,156.93
2022-01-26,bfc,156.87
2022-01-27,bfc,157.12
2022-01-28,bfc,157.38
2022-01-29,bfc,157.71
2022-01-30,bfc,158.27
2022-01-31,bfc,158.8
2022-02-01,bfc,159.41
2022-02-02,bfc,160.08
2022-02-03,bfc,160.71
2022-02-04,bfc,161.37
2022-02-05,bfc,162.48
2022-02-06,bfc,163.27
2022-02-07,bfc,164.21
2022-02-08,bfc,165.2
2022-02-09,bfc,166.08
2022-02-10,bfc,166.64
2022-02-11,bfc,167.14
2022-02-12,bfc,167.18
2022-02-13,bfc,167.22
2022-02-14,bfc,167.06
2022-02-15,bfc,166.84
2022-02-16,bfc,166.56
2022-02-17,bfc,166.69
2022-02-18,bfc,166.74
2022-02-19,bfc,166.87
2022-02-20,bfc,167.03
2022-02-21,bfc,167.5
2022-02-22,bfc,167.88
2022-02-23,bfc,168.37
2022-02-24,bfc,168.8
2022-02-25,bfc,169.29
2022-02-26,bfc,169.7
2022-02-27,bfc,170.21
2022-02-28,bfc,170.51
2022-03-01,bfc,170.9
2022-03-02,bfc,171.03
2022-03-03,bfc,171.05
2022-03-04,bfc,170.84
2022-03-05,bfc,170.46
2022-03-06,bfc,169.86
2022-03-07,bfc,169.36
2022-03-08,bfc,168.91
2022-03-09,bfc,168.6
2022-03-10,bfc,168.23
2022-03-11,bfc,167.76
2022-03-12,bfc,167.66
2022-03-13,bfc,167.87
2022-03-14,bfc,167.79
2022-03-15,bfc,167.7
2022-03-16,bfc,167.52
2022-03-17,bfc,167.84
2022-03-18,bfc,168.39
2022-03-19,bfc,168.83
2022-03-20,bfc,168.88
2022-03-21,bfc,169.21
2022-03-22,bfc,170.21
2022-03-23,bfc,171.66
2022-03-24,bfc,172.76
2022-03-25,bfc,174.03
2022-03-26,bfc,175.1
2022-03-27,bfc,176.26
2022-03-28,bfc,177.53
2022-03-29,bfc,178.13
2022-03-30,bfc,178.45
2022-03-31,bfc,178.68
2022-04-01,bfc,178.94
2022-04-02,bfc,179.48
2022-04-03,bfc,179.89
2022-04-04,bfc,180.05
2022-04-05,bfc,180.18
2022-04-06,bfc,180.38
2022-04-07,bfc,180.19
2022-04-08,bfc,180.34
2022-04-09,bfc,180.21
2022-04-10,bfc,180.35
2022-04-11,bfc,180.4
2022-04-12,bfc,180.6
2022-04-13,bfc,180.85
2022-04-14,bfc,181.4
2022-04-15,bfc,181.54
2022-04-16,bfc,181.78
2022-04-17,bfc,181.93
2022-04-18,bfc,182.2
2022-04-19,bfc,182.15
2022-04-20,bfc,181.97
2022-04-21,bfc,181.88
2022-04-22,bfc,181.76
2022-04-23,bfc,181.88
2022-04-24,bfc,181.87
2022-04-25,bfc,181.79
2022-04-26,bfc,181.65
2022-04-27,bfc,181.69
2022-04-28,bfc,181.76
2022-04-29,bfc,181.59
2022-04-30,bfc,181.33
2022-05-01,bfc,181.32
2022-05-02,bfc,181.5
2022-05-03,bfc,181.64
2022-05-04,bfc,181.79
2022-05-05,bfc,181.82
2022-05-06,bfc,182.2
2022-05-07,bfc,182.44
2022-05-08,bfc,182.7
2022-05-09,bfc,183.11
2022-05-10,bfc,183.55
2022-05-11,bfc,183.9
2022-05-12,bfc,184.3
2022-05-13,bfc,184.46
2022-05-14,bfc,184.86
2022-05-15,bfc,185.3
2022-05-16,bfc,185.66
2022-05-17,bfc,185.98
2022-05-18,bfc,186.44
2022-05-19,bfc,186.94
2022-05-20,bfc,187.98
2022-05-21,bfc,188.75
2022-05-22,bfc,189.58
2022-05-23,bfc,190.49
2022-05-24,bfc,191.59
2022-05-25,bfc,192.45
2022-05-26,bfc,193.24
2022-05-27,bfc,193.24
2022-05-28,bfc,192.99
2022-05-29,bfc,192.79
2022-05-30,bfc,192.3
2022-05-31,bfc,192.11
2022-06-01,bfc,191.98
2022-06-02,bfc,191.97
2022-06-03,bfc,192.26
2022-06-04,bfc,192.56
2022-06-05,bfc,192.52
2022-06-06,bfc,192.54
2022-06-07,bfc,192
2022-06-08,bfc,191.37
2022-06-09,bfc,190.58
2022-06-10,bfc,190.12
2022-06-11,bfc,189.84
2022-06-12,bfc,189.53
2022-06-13,bfc,189.32
2022-06-14,bfc,189.5
2022-06-15,bfc,189.51
2022-06-16,bfc,189.6
2022-06-17,bfc,189.59
2022-06-18,bfc,189.57
2022-06-19,bfc,189.75
2022-06-20,bfc,189.78
2022-06-21,bfc,189.68
2022-06-22,bfc,190.04
2022-06-23,bfc,190.38
2022-06-24,bfc,190.29
2022-06-25,bfc,190.24
2022-06-26,bfc,190.13
2022-06-27,bfc,190.19
2022-06-28,bfc,190.37
2022-06-29,bfc,190.41
2022-06-30,bfc,190.88
2022-07-01,bfc,191.34
2022-07-02,bfc,192.1
2022-07-03,bfc,192.62
2022-07-04,bfc,192.95
2022-07-05,bfc,193.37
2022-07-06,bfc,193.75
2022-07-07,bfc,193.79
2022-07-08,bfc,194.14
2022-07-09,bfc,194.59
2022-07-10,bfc,196.57
2022-07-11,bfc,198.53
2022-07-12,bfc,200.26
2022-07-13,bfc,201.61
2022-07-14,bfc,202.79
2022-07-15,bfc,203
2022-07-16,bfc,202.67
2022-07-17,bfc,201.03
2022-07-18,bfc,199.45
2022-07-19,bfc,197.78
2022-07-20,bfc,196.38
2022-07-21,bfc,195.07
2022-07-22,bfc,194.76
2022-07-23,bfc,194.46
2022-07-24,bfc,194.34
2022-07-25,bfc,193.84
2022-07-26,bfc,193.64
2022-07-27,bfc,193.63
2022-07-28,bfc,193.48
2022-07-29,bfc,193.11
2022-07-30,bfc,192.98
2022-07-31,bfc,192.69
2022-08-01,bfc,192.74
2022-08-02,bfc,192.76
2022-08-03,bfc,192.7
2022-08-04,bfc,192.81
2022-08-05,bfc,192.92
2022-08-06,bfc,193.2
2022-08-07,bfc,193.33
2022-08-08,bfc,193.6
2022-08-09,bfc,193.73
2022-08-10,bfc,193.71
2022-08-11,bfc,193.71
2022-08-12,bfc,193.71
2022-08-13,bfc,193.25
2022-08-14,bfc,193.16
2022-08-15,bfc,193.14
2022-08-16,bfc,193.03
2022-08-17,bfc,193.07
2022-08-18,bfc,193.16
2022-08-19,bfc,193.15
2022-08-20,bfc,193.58
2022-08-21,bfc,193.74
2022-08-22,bfc,193.79
2022-08-23,bfc,193.85
2022-08-24,bfc,193.92
2022-08-25,bfc,194.06
2022-08-26,bfc,194.35
2022-08-27,bfc,194.48
2022-08-28,bfc,194.61
2022-08-29,bfc,194.62
2022-08-30,bfc,194.78
2022-08-31,bfc,194.92
2022-09-01,bfc,195.03
2022-09-02,bfc,195.11
2022-09-03,bfc,195.37
2022-09-04,bfc,195.43
2022-09-05,bfc,195.62
2022-09-06,bfc,195.62
2022-09-07,bfc,195.55
2022-09-08,bfc,195.48
2022-09-09,bfc,195.3
2022-09-10,bfc,195.21
2022-09-11,bfc,195.23
2022-09-12,bfc,195.29
2022-09-13,bfc,195.37
2022-09-14,bfc,195.57
2022-09-15,bfc,195.48
2022-09-16,bfc,195.61
2022-09-17,bfc,195.66
2022-09-18,bfc,195.63
2022-09-19,bfc,195.41
2022-09-20,bfc,195.03
2022-09-21,bfc,194.72
2022-09-22,bfc,194.75
2022-09-23,bfc,194.62
2022-09-24,bfc,194.68
2022-09-25,bfc,194.83
2022-09-26,bfc,195.12
2022-09-27,bfc,195.76
2022-09-28,bfc,196.34
2022-09-29,bfc,196.74
2022-09-30,bfc,197.13
2022-10-01,bfc,197.33
2022-10-02,bfc,197.59
2022-10-03,bfc,197.95
2022-10-04,bfc,198.2
2022-10-05,bfc,198.32
2022-10-06,bfc,198.4
2022-10-07,bfc,198.59
2022-10-08,bfc,198.8
2022-10-09,bfc,198.99
2022-10-10,bfc,199.07
2022-10-11,bfc,199.03
2022-10-12,bfc,199.28
2022-10-13,bfc,199.54
2022-10-14,bfc,199.55
2022-10-15,bfc,199.62
2022-10-16,bfc,199.56
2022-10-17,bfc,199.35
2022-10-18,bfc,199.35
2022-10-19,bfc,199.03
2022-10-20,bfc,199.02
2022-10-21,bfc,198.99
2022-10-22,bfc,199
2022-10-23,bfc,199.13
2022-10-24,bfc,199.38
2022-10-25,bfc,199.29
2022-10-26,bfc,199.34
2022-10-27,bfc,199.21
2022-10-28,bfc,199.27
2022-10-29,bfc,199.14
2022-10-30,bfc,199.15
2022-10-31,bfc,199.16
2022-11-01,bfc,199.59
2022-11-02,bfc,199.73
2022-11-03,bfc,199.75
2022-11-04,bfc,199.74
2022-11-05,bfc,199.82
2022-11-06,bfc,199.8
2022-11-07,bfc,199.72
2022-11-08,bfc,199.56
2022-11-09,bfc,199.71
2022-11-10,bfc,199.82
2022-11-11,bfc,200.29
2022-11-12,bfc,200.55
2022-11-13,bfc,200.87
2022-11-14,bfc,201.22
2022-11-15,bfc,201.69
2022-11-16,bfc,202.08
2022-11-17,bfc,202.6
2022-11-18,bfc,202.81
2022-11-19,bfc,203.03
2022-11-20,bfc,203.29
2022-11-21,bfc,203.33
2022-11-22,bfc,203.44
2022-11-23,bfc,203.41
2022-11-24,bfc,203.25
2022-11-25,bfc,203
2022-11-26,bfc,202.94
2022-11-27,bfc,202.98
2022-11-28,bfc,203.26
2022-11-29,bfc,203.13
2022-11-30,bfc,203.09
2022-12-01,bfc,203.14
2022-12-02,bfc,203.5
2022-12-03,bfc,203.47
2022-12-04,bfc,203.62
2022-12-05,bfc,203.69
2022-12-06,bfc,203.97
2022-12-07,bfc,204.59
2022-12-08,bfc,205.04
2022-12-09,bfc,205.73
2022-12-10,bfc,206.6
2022-12-11,bfc,207.19
2022-12-12,bfc,207.98
2022-12-13,bfc,208.7
2022-12-14,bfc,209.24
2022-12-15,bfc,209.74
2022-12-16,bfc,209.83
2022-12-17,bfc,209.75
2022-12-18,bfc,209.91
2022-12-19,bfc,210.14
2022-12-20,bfc,210.29
2022-12-21,bfc,210.42
2022-12-22,bfc,210.71
2022-12-23,bfc,210.72
2022-12-24,bfc,210.88
2022-12-25,bfc,211.1
2022-12-26,bfc,211.18
2022-12-27,bfc,211.43
2022-12-28,bfc,211.52
2022-12-29,bfc,211.52
2022-12-30,bfc,211.81
2022-12-31,bfc,212.13
2023-01-01,bfc,212.28
2023-01-02,bfc,212.38
2023-01-03,bfc,212.22
2023-01-04,bfc,212.41
2023-01-05,bfc,212.48
2023-01-06,bfc,212.62
2023-01-07,bfc,212.87
2023-01-08,bfc,212.98
2023-01-09,bfc,213.15
2023-01-10,bfc,213.47
2023-01-11,bfc,213.31
2023-01-12,bfc,213.43
2023-01-13,bfc,213.64
2023-01-14,bfc,213.6
2023-01-15,bfc,213.6
2023-01-16,bfc,213.43
2023-01-17,bfc,213.42
2023-01-18,bfc,214.47
2023-01-19,bfc,215
2023-01-20,bfc,215.21
2023-01-21,bfc,215.78
2023-01-22,bfc,216.32
2023-01-23,bfc,216.62
2023-01-24,bfc,216.81
2023-01-25,bfc,215.99
2023-01-26,bfc,215.59
2023-01-27,bfc,215.41
2023-01-28,bfc,215.05
2023-01-29,bfc,214.73
2023-01-30,bfc,214.08
2023-01-31,bfc,213.7
2023-02-01,bfc,213.77
2023-02-02,bfc,213.85
2023-02-03,bfc,213.43
2023-02-04,bfc,212.88
2023-02-05,bfc,212.27
2023-02-06,bfc,212.11
2023-02-07,bfc,211.84
2023-02-08,bfc,210.64
2023-02-09,bfc,209.85
2023-02-10,bfc,209.56
2023-02-11,bfc,209.28
2023-02-12,bfc,208.89
2023-02-13,bfc,208.72
2023-02-14,bfc,208.35
2023-02-15,bfc,208.45
2023-02-16,bfc,208.21
2023-02-17,bfc,207.88
2023-02-18,bfc,207.35
2023-02-19,bfc,207.07
2023-02-20,bfc,206.91
2023-02-21,bfc,206.7
2023-02-22,bfc,206.77
2023-02-23,bfc,206.94
2023-02-24,bfc,206.54
2023-02-25,bfc,206.48
2023-02-26,bfc,206.09
2023-02-27,bfc,205.45
2023-02-28,bfc,205.15
2023-03-01,bfc,204.9
2023-03-02,bfc,204.63
2023-03-03,bfc,204.98
2023-03-04,bfc,205.41
2023-03-05,bfc,206.16
2023-03-06,bfc,206.85
2023-03-07,bfc,207.11
2023-03-08,bfc,207.42
2023-03-09,bfc,207.91
2023-03-10,bfc,209.17
2023-03-11,bfc,210.39
2023-03-12,bfc,211.58
2023-03-13,bfc,212.99
2023-03-14,bfc,214.66
2023-03-15,bfc,216.25
2023-03-16,bfc,217.63
2023-03-17,bfc,218.41
2023-03-18,bfc,219.48
2023-03-19,bfc,220.34
2023-03-20,bfc,221.04
2023-03-21,bfc,221.63
2023-03-22,bfc,220.32
2023-03-23,bfc,219.39
2023-03-24,bfc,218.24
2023-03-25,bfc,217.07
2023-03-26,bfc,215.87
2023-03-27,bfc,214.61
2023-03-28,bfc,213.18
2023-03-29,bfc,213.32
2023-03-30,bfc,213.02
2023-03-31,bfc,212.7
2023-04-01,bfc,212.09
2023-04-02,bfc,211.62
2023-04-03,bfc,211.43
2023-04-04,bfc,211.55
2023-04-05,bfc,211.85
2023-04-06,bfc,212.02
2023-04-07,bfc,212.38
2023-04-08,bfc,212.84
2023-04-09,bfc,213.15
2023-04-10,bfc,213.74
2023-04-11,bfc,213.75
2023-04-12,bfc,213.71
2023-04-13,bfc,213.8
2023-04-14,bfc,213.77
2023-04-15,bfc,213.82
2023-04-16,bfc,213.9
2023-04-17,bfc,213.41
2023-04-18,bfc,213.48
2023-04-19,bfc,213.6
2023-04-20,bfc,213.64
2023-04-21,bfc,213.57
2023-04-22,bfc,213.35
2023-04-23,bfc,213.11
2023-04-24,bfc,213.21
2023-04-25,bfc,213.4
2023-04-26,bfc,213.45
2023-04-27,bfc,213.71
2023-04-28,bfc,214.16
2023-04-29,bfc,214.43
2023-04-30,bfc,214.75
2023-05-01,bfc,215.3
2023-05-02,bfc,215.31
2023-05-03,bfc,215.7
2023-05-04,bfc,215.67
2023-05-05,bfc,215.92
2023-05-06,bfc,215.99
2023-05-07,bfc,216.06
2023-05-08,bfc,215.65
2023-05-09,bfc,215.38
2023-05-10,bfc,214.81
2023-05-11,bfc,214.56
2023-05-12,bfc,214.14
2023-05-13,bfc,214.05
2023-05-14,bfc,213.85
2023-05-15,bfc,213.7
2023-05-16,bfc,213.82
2023-05-17,bfc,214.05
2023-05-18,bfc,214.39
2023-05-19,bfc,214.41
2023-05-20,bfc,214.16
2023-05-21,bfc,214.35
2023-05-22,bfc,214.47
2023-05-23,bfc,214.57
2023-05-24,bfc,214.2
2023-05-25,bfc,213.89
2023-05-26,bfc,213.86
2023-05-27,bfc,214.03
2023-05-28,bfc,213.59
2023-05-29,bfc,213.72
2023-05-30,bfc,213.61
2023-05-31,bfc,213.77
2023-06-01,bfc,213.8
2023-06-02,bfc,213.48
2023-06-03,bfc,213.43
2023-06-04,bfc,213.69
2023-06-05,bfc,213.6
2023-06-06,bfc,213.78
2023-06-07,bfc,214.08
2023-06-08,bfc,214.37
2023-06-09,bfc,214.43
2023-06-10,bfc,214.48
2023-06-11,bfc,214.52
2023-06-12,bfc,214.42
2023-06-13,bfc,214.13
2023-06-14,bfc,214.07
2023-06-15,bfc,213.78
2023-06-16,bfc,214
2023-06-17,bfc,213.85
2023-06-18,bfc,213.89
2023-06-19,bfc,213.95
2023-06-20,bfc,214.1
2023-06-21,bfc,214.05
2023-06-22,bfc,213.93
2023-06-23,bfc,213.66
2023-06-24,bfc,214.51
2023-06-25,bfc,214.86
2023-06-26,bfc,215.37
2023-06-27,bfc,215.42
2023-06-28,bfc,215.53
2023-06-29,bfc,216.02
2023-06-30,bfc,216.75
2023-07-01,bfc,216.21
2023-07-02,bfc,215.83
2023-07-03,bfc,215.41
2023-07-04,bfc,215.71
2023-07-05,bfc,216.06
2023-07-06,bfc,216.19
2023-07-07,bfc,215.92
2023-07-08,bfc,216
2023-07-09,bfc,216.32
2023-07-10,bfc,216.84
2023-07-11,bfc,216.96
2023-07-12,bfc,216.95
2023-07-13,bfc,216.75
2023-07-14,bfc,217.05
2023-07-15,bfc,216.83
2023-07-16,bfc,216.61
2023-07-17,bfc,216.07
2023-07-18,bfc,215.41
2023-07-19,bfc,214.59
2023-07-20,bfc,214.44
2023-07-21,bfc,213.23
2023-07-22,bfc,212.53
2023-07-23,bfc,212.48
2023-07-24,bfc,212.52
2023-07-25,bfc,212.67
2023-07-26,bfc,213.01
2023-07-27,bfc,212.82
2023-07-28,bfc,213.37
2023-07-29,bfc,214.57
2023-07-30,bfc,214.85
2023-07-31,bfc,215.34
2023-08-01,bfc,216.18
2023-08-02,bfc,216.87
2023-08-03,bfc,217.74
2023-08-04,bfc,218.26
2023-08-05,bfc,218.19
2023-08-06,bfc,218.28
2023-08-07,bfc,218.61
2023-08-08,bfc,218.94
2023-08-09,bfc,219.37
2023-08-10,bfc,219.28
2023-08-11,bfc,220.07
2023-08-12,bfc,220.48
2023-08-13,bfc,221.16
2023-08-14,bfc,221.5
2023-08-15,bfc,222.01
2023-08-16,bfc,222.23
2023-08-17,bfc,222.57
2023-08-18,bfc,222.5
2023-08-19,bfc,223
2023-08-20,bfc,223.49
2023-08-21,bfc,224.04
2023-08-22,bfc,224.09
2023-08-23,bfc,224.05
2023-08-24,bfc,224.83
2023-08-25,bfc,225.28
2023-08-26,bfc,225.34
2023-08-27,bfc,225.19
2023-08-28,bfc,224.83
2023-08-29,bfc,224.9
2023-08-30,bfc,225.32
2023-08-31,bfc,224.98
2023-09-01,bfc,224.88
2023-09-02,bfc,224.59
2023-09-03,bfc,224.78
2023-09-04,bfc,224.88
2023-09-05,bfc,224.47
2023-09-06,bfc,223.98
2023-09-07,bfc,223.48
2023-09-08,bfc,223.61
2023-09-09,bfc,223.49
2023-09-10,bfc,223.19
2023-09-11,bfc,222.83
2023-09-12,bfc,222.36
2023-09-13,bfc,222.42
2023-09-14,bfc,221.98
2023-09-15,bfc,220.76
2023-09-16,bfc,220.53
2023-09-17,bfc,219.79
2023-09-18,bfc,219.4
2023-09-19,bfc,219.36
2023-09-20,bfc,218.58
2023-09-21,bfc,218.99
2023-09-22,bfc,219.39
2023-09-23,bfc,219.04
2023-09-24,bfc,219.4
2023-09-25,bfc,219.43
2023-09-26,bfc,219.09
2023-09-27,bfc,219.08
2023-09-28,bfc,218.42
2023-09-29,bfc,217.76
2023-09-30,bfc,217.52
2023-10-01,bfc,216.6
2023-10-02,bfc,215.66
2023-10-03,bfc,215
2023-10-04,bfc,214.61
2023-10-05,bfc,214.05
2023-10-06,bfc,213.72
2023-10-07,bfc,212.93
2023-10-08,bfc,212.63
2023-10-09,bfc,212.12
2023-10-10,bfc,211.6
2023-10-11,bfc,210.94
2023-10-12,bfc,210.6
2023-10-13,bfc,210.16
2023-10-14,bfc,209.75
2023-10-15,bfc,209.21
2023-10-16,bfc,208.84
2023-10-17,bfc,208.41
2023-10-18,bfc,208.01
2023-10-19,bfc,207.28
2023-10-20,bfc,206.76
2023-10-21,bfc,205.76
2023-10-22,bfc,205.29
2023-10-23,bfc,204.52
2023-10-24,bfc,204.16
2023-10-25,bfc,203.39
2023-10-26,bfc,203.04
2023-10-27,bfc,202.26
2023-10-28,bfc,202.39
2023-10-29,bfc,201.4
2023-10-30,bfc,201.18
2023-10-31,bfc,200.44
2023-11-01,bfc,200.38
2023-11-02,bfc,199.98
2023-11-03,bfc,199.84
2023-11-04,bfc,199.41
2023-11-05,bfc,199.45
2023-11-06,bfc,199.04
2023-11-07,bfc,198.71
2023-11-08,bfc,197.91
2023-11-09,bfc,197.16
2023-11-10,bfc,196.67
2023-11-11,bfc,196.68
2023-11-12,bfc,196.72
2023-11-13,bfc,196.98
2023-11-14,bfc,197.22
2023-11-15,bfc,197.73
2023-11-16,bfc,198.56
2023-11-17,bfc,199.23
2023-11-18,bfc,199.8
2023-11-19,bfc,200.4
2023-11-20,bfc,200.8
2023-11-21,bfc,201.35
2023-11-22,bfc,201.5
2023-11-23,bfc,201.55
2023-11-24,bfc,201.25
2023-11-25,bfc,200.66
2023-11-26,bfc,200.08
2023-11-27,bfc,200.05
2023-11-28,bfc,200.07
2023-11-29,bfc,200.13
2023-11-30,bfc,200.23
2023-12-01,bfc,200.2
2023-12-02,bfc,200.19
2023-12-03,bfc,200.25
2023-12-04,bfc,199.79
2023-12-05,bfc,199.16
2023-12-06,bfc,198.86
2023-12-07,bfc,198.49
2023-12-08,bfc,198.76
2023-12-09,bfc,198.8
2023-12-10,bfc,198.81
2023-12-11,bfc,198.8
2023-12-12,bfc,199.09
2023-12-13,bfc,199.25
2023-12-14,bfc,199.75
2023-12-15,bfc,199.35
2023-12-16,bfc,199.28
2023-12-17,bfc,199.24
2023-12-18,bfc,199.11
2023-12-19,bfc,198.78
2023-12-20,bfc,198.96
2023-12-21,bfc,198.8
2023-12-22,bfc,198.85
2023-12-23,bfc,198.72
2023-12-24,bfc,198.53
2023-12-25,bfc,198.81
2023-12-26,bfc,198.92
2023-12-27,bfc,198.64
2023-12-28,bfc,198.5
2023-12-29,bfc,198.68
2023-12-30,bfc,198.71
2023-12-31,bfc,198.7
2024-01-01,bfc,198.73
2024-01-02,bfc,198.73
2024-01-03,bfc,198.4
2024-01-04,bfc,198.03
2024-01-05,bfc,197.9
2024-01-06,bfc,198
2024-01-07,bfc,197.76
2024-01-08,bfc,197.25
2024-01-09,bfc,196.87
2024-01-10,bfc,196.92
2024-01-11,bfc,196.83
2024-01-12,bfc,196.5
2024-01-13,bfc,196.01
2024-01-14,bfc,195.37
2024-01-15,bfc,195.03
2024-01-16,bfc,194.69
2024-01-17,bfc,194.49
2024-01-18,bfc,194.32
2024-01-19,bfc,193.93
2024-01-20,bfc,193.8
2024-01-21,bfc,194.11
2024-01-22,bfc,194
2024-01-23,bfc,193.95
2024-01-24,bfc,193.66
2024-01-25,bfc,193.54
2024-01-26,bfc,193.53
2024-01-27,bfc,194.06
2024-01-28,bfc,194.46
2024-01-29,bfc,194.92
2024-01-30,bfc,194.87
2024-01-31,bfc,194.54
2024-02-01,bfc,193.92
2024-02-02,bfc,193.54
2024-02-03,bfc,192.82
2024-02-04,bfc,192.21
2024-02-05,bfc,191.44
2024-02-06,bfc,191.21
2024-02-07,bfc,191.05
2024-02-08,bfc,191.16
2024-02-09,bfc,191.13
2024-02-10,bfc,190.94
2024-02-11,bfc,190.8
2024-02-12,bfc,190.84
2024-02-13,bfc,190.02
2024-02-14,bfc,190.26
2024-02-15,bfc,191.2
2024-02-16,bfc,191.86
2024-02-17,bfc,192.38
2024-02-18,bfc,192.85
2024-02-19,bfc,193.45
2024-02-20,bfc,195
2024-02-21,bfc,195.8
2024-02-22,bfc,195.76
2024-02-23,bfc,196.04
2024-02-24,bfc,196.4
2024-02-25,bfc,196.67
2024-02-26,bfc,196.88
2024-02-27,bfc,195.83
2024-02-28,bfc,194.63
2024-02-29,bfc,193.6
2024-03-01,bfc,192.26
2024-03-02,bfc,191.17
2024-03-03,bfc,189.99
2024-03-04,bfc,188.66
2024-03-05,bfc,188.26
2024-03-06,bfc,188.02
2024-03-07,bfc,187.76
2024-03-08,bfc,187.81
2024-03-09,bfc,187.78
2024-03-10,bfc,187.41
2024-03-11,bfc,186.82
2024-03-12,bfc,186.89
2024-03-13,bfc,186.86
2024-03-14,bfc,186.63
2024-03-15,bfc,186.29
2024-03-16,bfc,185.81
2024-03-17,bfc,185.83
2024-03-18,bfc,186.21
2024-03-19,bfc,186.09
2024-03-20,bfc,186.13
2024-03-21,bfc,186.25
2024-03-22,bfc,186.4
2024-03-23,bfc,186.53
2024-03-24,bfc,186.57
2024-03-25,bfc,186.62
2024-03-26,bfc,186.74
2024-03-27,bfc,186.64
2024-03-28,bfc,186.51
2024-03-29,bfc,186.41
2024-03-30,bfc,186.48
2024-03-31,bfc,186.52
2024-04-01,bfc,186.85
2024-04-02,bfc,186.85
2024-04-03,bfc,187
2024-04-04,bfc,186.88
2024-04-05,bfc,186.73
2024-04-06,bfc,186.79
2024-04-07,bfc,186.89
2024-04-08,bfc,186.44
2024-04-09,bfc,186.38
2024-04-10,bfc,186.2
2024-04-11,bfc,186.41
2024-04-12,bfc,186.57
2024-04-13,bfc,186.75
2024-04-14,bfc,186.84
2024-04-15,bfc,186.85
2024-04-16,bfc,186.92
2024-04-17,bfc,187.15
2024-04-18,bfc,187.21
2024-04-19,bfc,187.74
2024-04-20,bfc,187.86
2024-04-21,bfc,188.2
2024-04-22,bfc,188.83
2024-04-23,bfc,189.44
2024-04-24,bfc,189.58
2024-04-25,bfc,189.84
2024-04-26,bfc,189.5
2024-04-27,bfc,189.4
2024-04-28,bfc,189.32
2024-04-29,bfc,189.09
2024-04-30,bfc,188.66
2024-05-01,bfc,188.71
2024-05-02,bfc,188.52
2024-05-03,bfc,188.68
2024-05-04,bfc,188.73
2024-05-05,bfc,188.48
2024-05-06,bfc,188.48
2024-05-07,bfc,188.49
2024-05-08,bfc,188.78
2024-05-09,bfc,189.02
2024-05-10,bfc,189.02
2024-05-11,bfc,188.77
2024-05-12,bfc,188.53
2024-05-13,bfc,188.03
2024-05-14,bfc,187.62
2024-05-15,bfc,186.89
2024-05-16,bfc,186.51
2024-05-17,bfc,185.84
2024-05-18,bfc,185.13
2024-05-19,bfc,184.48
2024-05-20,bfc,183.96
2024-05-21,bfc,182.9
2024-05-22,bfc,182.01
2024-05-23,bfc,181.16
2024-05-24,bfc,180.87
2024-05-25,bfc,180.81
2024-05-26,bfc,180.62
2024-05-27,bfc,180.21
2024-05-28,bfc,180.68
2024-05-29,bfc,181.11
2024-05-30,bfc,181.33
2024-05-31,bfc,181.36
2024-06-01,bfc,181.49
2024-06-02,bfc,181.79
2024-06-03,bfc,182.17
2024-06-04,bfc,182.29
2024-06-05,bfc,181.98
2024-06-06,bfc,181.6
2024-06-07,bfc,181.34
2024-06-08,bfc,181.14
2024-06-09,bfc,180.97
2024-06-10,bfc,181.14
2024-06-11,bfc,181.23
2024-06-12,bfc,181.48
2024-06-13,bfc,181.61
2024-06-14,bfc,181.09
2024-06-15,bfc,180.11
2024-06-16,bfc,178.84
2024-06-17,bfc,177.45
2024-06-18,bfc,176.2
2024-06-19,bfc,174.79
2024-06-20,bfc,173.88
2024-06-21,bfc,173.46
2024-06-22,bfc,173.4
2024-06-23,bfc,173.62
2024-06-24,bfc,173.92
2024-06-25,bfc,174.03
2024-06-26,bfc,174.15
2024-06-27,bfc,173.96
2024-06-28,bfc,173.72
2024-06-29,bfc,173.32
2024-06-30,bfc,173.02
2024-07-01,bfc,172.49
2024-07-02,bfc,171.78
2024-07-03,bfc,170.85
2024-07-04,bfc,170.12
2024-07-05,bfc,169.63
2024-07-06,bfc,169.4
2024-07-07,bfc,169.01
2024-07-08,bfc,168.62
2024-07-09,bfc,168.73
2024-07-10,bfc,169.43
2024-07-11,bfc,169.9
2024-07-12,bfc,170.56
2024-07-13,bfc,171.05
2024-07-14,bfc,171.81
2024-07-15,bfc,172.36
2024-07-16,bfc,172.5
2024-07-17,bfc,172.42
2024-07-18,bfc,172.43
2024-07-19,bfc,172.13
2024-07-20,bfc,171.63
2024-07-21,bfc,171.23
2024-07-22,bfc,170.91
2024-07-23,bfc,170.7
2024-07-24,bfc,170.34
2024-07-25,bfc,169.78
2024-07-26,bfc,169.37
2024-07-27,bfc,169.21
2024-07-28,bfc,168.93
2024-07-29,bfc,168.96
2024-07-30,bfc,168.83
2024-07-31,bfc,168.86
2024-08-01,bfc,168.84
2024-08-02,bfc,168.88
2024-08-03,bfc,168.66
2024-08-04,bfc,168.39
2024-08-05,bfc,167.96
2024-08-06,bfc,167.59
2024-08-07,bfc,167.31
2024-08-08,bfc,167.15
2024-08-09,bfc,166.97
2024-08-10,bfc,166.8
2024-08-11,bfc,166.58
2024-08-12,bfc,166.4
2024-08-13,bfc,166.65
2024-08-14,bfc,166.57
2024-08-15,bfc,166.71
2024-08-16,bfc,166.54
2024-08-17,bfc,166.53
2024-08-18,bfc,166.44
2024-08-19,bfc,166.42
2024-08-20,bfc,166.26
2024-08-21,bfc,166.08
2024-08-22,bfc,166.11
2024-08-23,bfc,166.22
2024-08-24,bfc,166.22
2024-08-25,bfc,166.14
2024-08-26,bfc,165.99
2024-08-27,bfc,165.7
2024-08-28,bfc,165.78
2024-08-29,bfc,165.56
2024-08-30,bfc,165.53
2024-08-31,bfc,165.72
2024-09-01,bfc,165.95
2024-09-02,bfc,166.06
2024-09-03,bfc,166.03
2024-09-04,bfc,165.87
2024-09-05,bfc,165.86
2024-09-06,bfc,165.95
2024-09-07,bfc,165.88
2024-09-08,bfc,165.83
2024-09-09,bfc,165.82
2024-09-10,bfc,166.03
2024-09-11,bfc,165.62
2024-09-12,bfc,165.37
2024-09-13,bfc,165.09
2024-09-14,bfc,164.9
2024-09-15,bfc,164.65
2024-09-16,bfc,164.37
2024-09-17,bfc,164.31
2024-09-18,bfc,164.78
2024-09-19,bfc,164.87
2024-09-20,bfc,164.67
2024-09-21,bfc,164.24
2024-09-22,bfc,163.84
2024-09-23,bfc,163.48
2024-09-24,bfc,162.78
2024-09-25,bfc,162.29
2024-09-26,bfc,161.7
2024-09-27,bfc,161.21
2024-09-28,bfc,160.98
2024-09-29,bfc,160.78
2024-09-30,bfc,160.73
2024-10-01,bfc,160.55
2024-10-02,bfc,160.02
2024-10-03,bfc,159.58
2024-10-04,bfc,159.33
2024-10-05,bfc,158.94
2024-10-06,bfc,158.5
2024-10-07,bfc,157.87
2024-10-08,bfc,157.5
2024-10-09,bfc,157.43
2024-10-10,bfc,157.53
2024-10-11,bfc,157.27
2024-10-12,bfc,157.32
2024-10-13,bfc,157.36
2024-10-14,bfc,157.65
2024-10-15,bfc,157.88
2024-10-16,bfc,157.87
2024-10-17,bfc,157.74
2024-10-18,bfc,157.87
2024-10-19,bfc,157.73
2024-10-20,bfc,157.77
2024-10-21,bfc,157.35
2024-10-22,bfc,157.06
2024-10-23,bfc,156.72
2024-10-24,bfc,156.69
2024-10-25,bfc,156.61
2024-10-26,bfc,156.48
2024-10-27,bfc,156.26
2024-10-28,bfc,156.43
2024-10-29,bfc,156.43
2024-10-30,bfc,156.74
2024-10-31,bfc,156.86
2024-11-01,bfc,157.21
2024-11-02,bfc,157.43
2024-11-03,bfc,157.78
2024-11-04,bfc,157.92
2024-11-05,bfc,158.16
2024-11-06,bfc,158.27
2024-11-07,bfc,158.37
2024-11-08,bfc,158.07
2024-11-09,bfc,157.96
2024-11-10,bfc,157.62
2024-11-11,bfc,157.79
2024-11-12,bfc,157.62
2024-11-13,bfc,157.44
2024-11-14,bfc,157.38
2024-11-15,bfc,157.61
2024-11-16,bfc,157.8
2024-11-17,bfc,158.18
2024-11-18,bfc,158.12
2024-11-19,bfc,158.27
2024-11-20,bfc,158.49
2024-11-21,bfc,158.55
2024-11-22,bfc,158.61
2024-11-23,bfc,158.84
2024-11-24,bfc,158.91
2024-11-25,bfc,159.05
2024-11-26,bfc,159.28
2024-11-27,bfc,159.48
2024-11-28,bfc,159.7
2024-11-29,bfc,159.72
2024-11-30,bfc,159.79
2024-12-01,bfc,160.05
2024-12-02,bfc,160.27
2024-12-03,bfc,160.52
2024-12-04,bfc,160.44
2024-12-05,bfc,160.39
2024-12-06,bfc,160.49
2024-12-07,bfc,160.42
2024-12-08,bfc,160.3
2024-12-09,bfc,159.98
2024-12-10,bfc,159.71
2024-12-11,bfc,159.48
2024-12-12,bfc,159.27
2024-12-13,bfc,159.16
2024-12-14,bfc,159.05
2024-12-15,bfc,158.82
2024-12-16,bfc,158.77
2024-12-17,bfc,158.86
2024-12-18,bfc,159.12
2024-12-19,bfc,159.36
2024-12-20,bfc,159.56
2024-12-21,bfc,159.62
2024-12-22,bfc,159.71
2024-12-23,bfc,159.78
2024-12-24,bfc,159.65
2024-12-25,bfc,159.61
2024-12-26,bfc,159.44
2024-12-27,bfc,159.08
2024-12-28,bfc,158.92
2024-12-29,bfc,158.77
2024-12-30,bfc,158.79
2024-12-31,bfc,158.73
2025-01-01,bfc,158.66
2025-01-02,bfc,158.55
2025-01-03,bfc,158.5
2025-01-04,bfc,158.39
2025-01-05,bfc,158.24
2025-01-06,bfc,157.74
2025-01-07,bfc,157.32
2025-01-08,bfc,156.79
2025-01-09,bfc,156.41
2025-01-10,bfc,156.15
2025-01-11,bfc,155.85
2025-01-12,bfc,155.72
2025-01-13,bfc,155.63
2025-01-14,bfc,155.5
2025-01-15,bfc,155.49
2025-01-16,bfc,155.4
2025-01-17,bfc,154.96
2025-01-18,bfc,154.61
2025-01-19,bfc,154.03
2025-01-20,bfc,153.46
2025-01-21,bfc,153.15
2025-01-22,bfc,152.8
2025-01-23,bfc,152.44
2025-01-24,bfc,152.63
2025-01-25,bfc,152.78
2025-01-26,bfc,153.05
2025-01-27,bfc,153.47
2025-01-28,bfc,154.74
2025-01-29,bfc,154.82
2025-01-30,bfc,155.13
2025-01-31,bfc,155.3
2025-02-01,bfc,155.52
2025-02-02,bfc,155.72
2025-02-03,bfc,155.81
2025-02-04,bfc,154.93
2025-02-05,bfc,155.21
2025-02-06,bfc,155.43
2025-02-07,bfc,155.42
2025-02-08,bfc,155.5
2025-02-09,bfc,155.46
2025-02-10,bfc,155.54
2025-02-11,bfc,155.55
2025-02-12,bfc,155.37
2025-02-13,bfc,155.12
2025-02-14,bfc,154.96
2025-02-15,bfc,154.74
2025-02-16,bfc,154.74
2025-02-17,bfc,154.65
2025-02-18,bfc,154.58
2025-02-19,bfc,154.54
2025-02-20,bfc,154.55
2025-02-21,bfc,154.51
2025-02-22,bfc,154.56
2025-02-23,bfc,154.42
2025-02-24,bfc,154.53
2025-02-25,bfc,154.5
2025-02-26,bfc,154.69
2025-02-27,bfc,155.02
2025-02-28,bfc,155.41
2025-03-01,bfc,155.61
2025-03-02,bfc,155.91
2025-03-03,bfc,156.07
2025-03-04,bfc,156.3
2025-03-05,bfc,154.88
2025-03-06,bfc,154.77
2025-03-07,bfc,154.44
2025-03-08,bfc,154
2025-03-09,bfc,153.42
2025-03-10,bfc,152.73
2025-03-11,bfc,152.72
2025-03-12,bfc,154.29
2025-03-13,bfc,153.57
2025-03-14,bfc,153.12
2025-03-15,bfc,152.79
2025-03-16,bfc,152.66
2025-03-17,bfc,152.74
2025-03-18,bfc,152.15
2025-03-19,bfc,151.79
2025-03-20,bfc,152.33
2025-03-21,bfc,152.66
2025-03-22,bfc,153.03
2025-03-23,bfc,153.32
2025-03-24,bfc,153.53
2025-03-25,bfc,153.64
2025-03-26,bfc,153.52
2025-03-27,bfc,153.34
2025-03-28,bfc,153.15
2025-03-29,bfc,153.14
2025-03-30,bfc,153.05
2025-03-31,bfc,152.88
2025-04-01,bfc,152.86
2025-04-02,bfc,152.88
2025-04-03,bfc,152.94
2025-04-04,bfc,153.13
2025-04-05,bfc,153.18
2025-04-06,bfc,153.23
2025-04-07,bfc,153.32
2025-04-08,bfc,153.28
2025-04-09,bfc,153.26
2025-04-10,bfc,152.92
2025-04-11,bfc,152.38
2025-04-12,bfc,152
2025-04-13,bfc,151.63
2025-04-14,bfc,151.2
2025-04-15,bfc,151.02
2025-04-16,bfc,150.64
2025-04-17,bfc,150.46
2025-04-18,bfc,150.39
2025-04-19,bfc,150.11
2025-04-20,bfc,150.03
2025-04-21,bfc,150.2
2025-04-22,bfc,150.01
2025-04-23,bfc,149.94
2025-04-24,bfc,149.77
2025-04-25,bfc,149.61
2025-04-26,bfc,149.6
2025-04-27,bfc,149.5
2025-04-28,bfc,149.1
2025-04-29,bfc,148.87
2025-04-30,bfc,148.99
2025-05-01,bfc,149.3
2025-05-02,bfc,149.57
2025-05-03,bfc,149.68
2025-05-04,bfc,149.8
2025-05-05,bfc,150.04
2025-05-06,bfc,150.19
2025-05-07,bfc,150.07
2025-05-08,bfc,150.18
2025-05-09,bfc,150.14
2025-05-10,bfc,150.23
2025-05-11,bfc,150.2
2025-05-12,bfc,150.06
2025-05-13,bfc,150.2
2025-05-14,bfc,150.17
2025-05-15,bfc,149.75
2025-05-16,bfc,149.54
2025-05-17,bfc,149.12
2025-05-18,bfc,148.86
2025-05-19,bfc,148.76
2025-05-20,bfc,148.68
2025-05-21,bfc,148.61
2025-05-22,bfc,148.7
2025-05-23,bfc,148.86
2025-05-24,bfc,149.22
2025-05-25,bfc,149.5
2025-05-26,bfc,149.69
2025-05-27,bfc,149.73
2025-05-28,bfc,149.96
2025-05-29,bfc,150.42
2025-05-30,bfc,150.65
2025-05-31,bfc,150.61
2025-06-01,bfc,150.51
2025-06-02,bfc,150.57
2025-06-03,bfc,150.58
2025-06-04,bfc,150.34
2025-06-05,bfc,149.74
2025-06-06,bfc,149.25
2025-06-07,bfc,149.03
2025-06-08,bfc,148.78
2025-06-09,bfc,148.65
2025-06-10,bfc,148.18
2025-06-11,bfc,147.79
2025-06-12,bfc,147.46
2025-06-13,bfc,147.08
2025-06-14,bfc,146.8
2025-06-15,bfc,146.7
2025-06-16,bfc,146.29
2025-06-17,bfc,146.19
2025-06-18,bfc,146.07
2025-06-19,bfc,145.89
2025-06-20,bfc,145.88
2025-06-21,bfc,145.55
2025-06-22,bfc,145.2
2025-06-23,bfc,144.92
2025-06-24,bfc,144.54
2025-06-25,bfc,144.41
2025-06-26,bfc,144.41
2025-06-27,bfc,144.37
2025-06-28,bfc,144.5
2025-06-29,bfc,144.6
2025-06-30,bfc,144.71
2025-07-01,bfc,144.94
2025-07-02,bfc,145
2025-07-03,bfc,144.94
2025-07-04,bfc,145.03
2025-07-05,bfc,145.15
2025-07-06,bfc,145.19
2025-07-07,bfc,145.26
2025-07-08,bfc,145.08
2025-07-09,bfc,145.07
2025-07-10,bfc,145.4
2025-07-11,bfc,145.58
2025-07-12,bfc,145.57
2025-07-13,bfc,145.51
2025-07-14,bfc,145.74
2025-07-15,bfc,145.64
2025-07-16,bfc,145.42
2025-07-17,bfc,144.98
2025-07-18,bfc,144.57
2025-07-19,bfc,144.15
2025-07-20,bfc,144
2025-07-21,bfc,143.75
2025-07-22,bfc,144.11
2025-07-23,bfc,144.37
2025-07-24,bfc,144.42
2025-07-25,bfc,144.46
2025-07-26,bfc,144.55
2025-07-27,bfc,144.49
2025-07-28,bfc,144.32
2025-07-29,bfc,144.08
2025-07-30,bfc,144.03
2025-07-31,bfc,144.12
2025-08-01,bfc,144.19
2025-08-02,bfc,144.29
2025-08-03,bfc,144.4
2025-08-04,bfc,144.54
2025-08-05,bfc,144.67
2025-08-06,bfc,144.67
2025-08-07,bfc,144.69
2025-08-08,bfc,144.66
2025-08-09,bfc,144.52
2025-08-10,bfc,144.39
2025-08-11,bfc,144.26
2025-08-12,bfc,144.13
2025-08-13,bfc,144.13
2025-08-14,bfc,144.17
2025-08-15,bfc,144.36
2025-08-16,bfc,144.55
2025-08-17,bfc,144.77
2025-08-18,bfc,144.96
2025-08-19,bfc,145.13
2025-08-20,bfc,145.21
2025-08-21,bfc,145.28
2025-08-22,bfc,145.25
2025-08-23,bfc,145.4
2025-08-24,bfc,145.41
2025-08-25,bfc,145.45
2025-08-26,bfc,145.47
2025-08-27,bfc,145.58
2025-08-28,bfc,145.55
2025-08-29,bfc,145.38
2025-08-30,bfc,145.18
2025-08-31,bfc,144.97
2025-09-01,bfc,144.58
2025-09-02,bfc,144.27
2025-09-03,bfc,143.96
2025-09-04,bfc,143.86
2025-09-05,bfc,143.95
2025-09-06,bfc,143.99
2025-09-07,bfc,144.02
2025-09-08,bfc,144.15
2025-09-09,bfc,144.15
2025-09-10,bfc,144.11
2025-09-11,bfc,143.89
2025-09-12,bfc,143.55
2025-09-13,bfc,143.34
2025-09-14,bfc,143.21
2025-09-15,bfc,143.05
2025-09-16,bfc,143.03
2025-09-17,bfc,142.85
2025-09-18,bfc,142.7
2025-09-19,bfc,142.64
2025-09-20,bfc,142.69
2025-09-21,bfc,142.67
2025-09-22,bfc,142.67
2025-09-23,bfc,142.44
2025-09-24,bfc,142.26
2025-09-25,bfc,142.16
2025-09-26,bfc,141.9
2025-09-27,bfc,141.46
2025-09-28,bfc,141.05
2025-09-29,bfc,140.56
2025-09-30,bfc,140.45
2025-10-01,bfc,140.59
2025-10-02,bfc,140.68
2025-10-03,bfc,140.77
2025-10-04,bfc,140.76
2025-10-05,bfc,140.77
2025-10-06,bfc,140.94
2025-10-07,bfc,141.02
2025-10-08,bfc,140.93
2025-10-09,bfc,140.59
2025-10-10,bfc,140.73
2025-10-11,bfc,140.83
2025-10-12,bfc,140.98
2025-10-13,bfc,141.03
2025-10-14,bfc,140.95
2025-10-15,bfc,140.97
2025-10-16,bfc,141.15
2025-10-17,bfc,140.77
2025-10-18,bfc,140.45
2025-10-19,bfc,140.09
2025-10-20,bfc,139.82
2025-10-21,bfc,139.33
2025-10-22,bfc,139.07
2025-10-23,bfc,138.62
2025-10-24,bfc,138.53
2025-10-25,bfc,138.36
2025-10-26,bfc,138.27
2025-10-27,bfc,138.18
2025-10-28,bfc,138.36
2025-10-29,bfc,138.14
2025-10-30,bfc,138.23
2025-10-31,bfc,137.99
2025-11-01,bfc,137.63
2025-11-02,bfc,137.49
2025-11-03,bfc,137.31
2025-11-04,bfc,137.23
2025-11-05,bfc,137.19
2025-11-06,bfc,137.24
2025-11-07,bfc,137.47
2025-11-08,bfc,137.98
2025-11-09,bfc,138.16
2025-11-10,bfc,138.5
2025-11-11,bfc,138.83
2025-11-12,bfc,139.11
2025-11-13,bfc,139.36
2025-11-14,bfc,139.47
2025-11-15,bfc,139.66
2025-11-16,bfc,139.91
2025-11-17,bfc,140.17
2025-11-18,bfc,140.35
2025-11-19,bfc,140.05
2025-11-20,bfc,139.79
2025-11-21,bfc,139.62
2025-11-22,bfc,139.26
2025-11-23,bfc,138.76
2025-11-24,bfc,138.22
2025-11-25,bfc,137.68
2025-11-26,bfc,137.83
2025-11-27,bfc,137.67
2025-11-28,bfc,137.55
2025-11-29,bfc,137.41
2025-11-30,bfc,137.31
2025-12-01,bfc,137.16
2025-12-02,bfc,136.95
2025-12-03,bfc,136.7
2025-12-04,bfc,136.49
2025-12-05,bfc,136.25
2025-12-06,bfc,136.09
2025-12-07,bfc,135.84
2025-12-08,bfc,135.56
2025-12-09,bfc,135.29
2025-12-10,bfc,134.88
2025-12-11,bfc,134.58
2025-12-12,bfc,134.22
2025-12-13,bfc,134.1
2025-12-14,bfc,134.08
2025-12-15,bfc,134.02
2025-12-16,bfc,134.01
2025-12-17,bfc,133.9
2025-12-18,bfc,133.6
2025-12-19,bfc,133.3
2025-12-20,bfc,132.78
2025-12-21,bfc,132.39
2025-12-22,bfc,132.08
2025-12-23,bfc,131.79
2025-12-24,bfc,131.59
2025-12-25,bfc,131.56
2025-12-26,bfc,131.57
2025-12-27,bfc,131.44
2025-12-28,bfc,131.29
2025-12-29,bfc,131.21
2025-12-30,bfc,131.13
2025-12-31,bfc,131.15
2026-01-01,bfc,130.59
2026-01-02,bfc,130.05
2026-01-03,bfc,129.43
2026-01-04,bfc,128.71
2026-01-05,bfc,127.94
2026-01-06,bfc,127.35
2026-01-07,bfc,126.99
2026-01-08,bfc,127.55
2026-01-09,bfc,128.31
2026-01-10,bfc,129.25
2026-01-11,bfc,130.11
2026-01-12,bfc,130.95
2026-01-13,bfc,131.79
2026-01-14,bfc,132.39
2026-01-15,bfc,132.96
2026-01-16,bfc,133.64
2026-01-17,bfc,134.58
2026-01-18,bfc,135.53
2026-01-19,bfc,136.29
2026-01-20,bfc,137.06
2026-01-21,bfc,137.79
2026-01-22,bfc,138.81
2026-01-23,bfc,139.63
2026-01-24,bfc,140.06
2026-01-25,bfc,140.29
2026-01-26,bfc,140.52
2026-01-27,bfc,140.5
2026-01-28,bfc,140.56
2026-01-29,bfc,140.12
2026-01-30,bfc,139.68
2026-01-31,bfc,139.21
2026-02-01,bfc,138.87
2026-02-02,bfc,138.32
2026-02-03,bfc,138.07
2026-02-04,bfc,137.68
2026-02-05,bfc,137.67
2026-02-06,bfc,137.77
2026-02-07,bfc,137.9
2026-02-08,bfc,137.97
2026-02-09,bfc,138.46
2026-02-10,bfc,138.8
2026-02-11,bfc,139.3
2026-02-12,bfc,139.63
2026-02-13,bfc,139.93
2026-02-14,bfc,140.42
2026-02-15,bfc,141.1
2026-02-16,bfc,141.74
2026-02-17,bfc,142.33
2026-02-18,bfc,142.99
2026-02-19,bfc,143.58
2026-02-20,bfc,144.05
2026-02-21,bfc,144.38
2026-02-22,bfc,144.46
2026-02-23,bfc,144.32
2026-02-24,bfc,144.14
2026-02-25,bfc,143.92
2026-02-26,bfc,143.52
2026-02-27,bfc,143.39
2026-02-28,bfc,143.12
2026-03-01,bfc,142.96
2026-03-02,bfc,142.84
2026-03-03,bfc,142.83
2026-03-04,bfc,142.81
2026-03-05,bfc,143.01
2026-03-06,bfc,142.82
2026-03-07,bfc,142.79
2026-03-08,bfc,142.72
2026-03-09,bfc,142.59
2026-03-10,bfc,142.3
2026-03-11,bfc,141.44
2026-03-12,bfc,140.45
2026-03-13,bfc,139.49
2026-03-14,bfc,138.29
2026-03-15,bfc,137.11
2026-03-16,bfc,136.05
2026-03-17,bfc,134.91
2026-03-18,bfc,134.47
2026-03-19,bfc,133.75
2026-03-20,bfc,132.92
2026-03-21,bfc,132.19
2026-03-22,bfc,131.26
2026-03-23,bfc,130.58
2026-03-24,bfc,130.03
2026-03-25,bfc,129.25
2026-03-26,bfc,128.68
2026-03-27,bfc,128.29
2026-03-28,bfc,127.96
2026-03-29,bfc,127.94
2026-03-30,bfc,127.89
2026-03-31,bfc,127.74
2026-04-01,bfc,127.57
2026-04-02,bfc,127.31
2026-04-03,bfc,127.04
2026-04-04,bfc,126.91
2026-04-05,bfc,126.65
2026-04-06,bfc,126.32
2026-04-07,bfc,125.92
2026-04-08,bfc,125.7
2026-04-09,bfc,125.66
2026-04-10,bfc,125.73
2026-04-11,bfc,125.56
2026-04-12,bfc,125.59
2026-04-13,bfc,125.61
2026-04-14,bfc,125.97
2026-04-15,bfc,125.97
2026-04-16,bfc,126.01
2026-04-17,bfc,125.91
2026-04-18,bfc,125.89
2026-04-19,bfc,126
2026-04-20,bfc,126.19
2026-04-21,bfc,126.42
2026-04-22,bfc,127.06
2026-04-23,bfc,127.53
2026-04-24,bfc,128.07
2026-04-25,bfc,128.4
2026-04-26,bfc,128.51
2026-04-27,bfc,128.47
2026-04-28,bfc,128.44
2026-04-29,bfc,128.25
2026-04-30,bfc,127.93
2026-05-01,bfc,127.67
2026-05-02,bfc,127.13
2026-05-03,bfc,126.57
2026-05-04,bfc,126.08
2026-05-05,bfc,125.72
2026-05-06,bfc,125.55
2026-05-07,bfc,125.47
2026-05-08,bfc,125.5
2026-05-09,bfc,125.86
2026-05-10,bfc,126.31
2026-05-11,bfc,126.84
2026-05-12,bfc,127.05
2026-05-13,bfc,127.17
2026-05-14,bfc,127.35
2026-05-15,bfc,127.15
2026-05-16,bfc,127.04
2026-05-17,bfc,127.16
2026-05-18,bfc,127.14
2026-05-19,bfc,126.71
2026-05-20,bfc,126.45
2026-05-21,bfc,126.18
2026-05-22,bfc,126.06
2026-05-23,bfc,125.95
2026-05-24,bfc,125.65
2026-05-25,bfc,125.21
2026-05-26,bfc,124.61
2026-05-27,bfc,123.77
2026-05-28,bfc,122.96
2026-05-29,bfc,122.31
2026-05-30,bfc,122.1
2026-05-31,bfc,122
2026-06-01,bfc,121.55
2026-06-02,bfc,121.78
2026-06-03,bfc,121.86
2026-06-04,bfc,121.94
2026-06-05,bfc,121.84
2026-06-06,bfc,121.98
2026-06-07,bfc,121.94
2026-06-08,bfc,122.16
2026-06-09,bfc,122.46
2026-06-10,bfc,122.77
2026-06-11,bfc,123.19
2026-06-12,bfc,123.6
2026-06-13,bfc,123.74
2026-06-14,bfc,123.75
2026-06-15,bfc,124.03
2026-06-16,bfc,124.27
2026-06-17,bfc,124.7
2026-06-18,bfc,124.94
2026-06-19,bfc,125.28
2026-06-20,bfc,125.64
2026-06-21,bfc,126.24
2026-06-22,bfc,126.52
2026-06-23,bfc,126.62
2026-06-24,bfc,126.65
2026-06-25,bfc,126.71
2026-06-26,bfc,126.7
2026-06-27,bfc,126.5
2026-06-28,bfc,126.08
2026-06-29,bfc,125.66
2026-06-30,bfc,125.13
2026-07-01,bfc,124.11
2026-07-02,bfc,123.41
2026-07-03,bfc,122.7
2026-07-04,bfc,122.25
2026-07-05,bfc,121.97
2026-07-06,bfc,121.62
2026-07-07,bfc,121.66
2026-07-08,bfc,122.17
2026-07-09,bfc,122.15
2026-07-10,bfc,122.53
2026-07-11,bfc,122.87
2026-07-12,bfc,123.19
2026-07-13,bfc,123.58
2026-07-14,bfc,123.95
2026-07-15,bfc,123.75
2026-07-16,bfc,123.75
2026-07-17,bfc,123.36
2026-07-18,bfc,122.9
2026-07-19,bfc,122.5
2026-07-20,bfc,122.19
2026-07-21,bfc,121.89
2026-07-22,bfc,122.04
2026-07-23,bfc,122.01
2026-07-24,bfc,121.88
2026-07-25,bfc,121.81
2026-07-26,bfc,121.71
2026-07-27,bfc,121.47
2026-07-28,bfc,121.21
2026-07-29,bfc,121.04
2026-07-30,bfc,120.92
2026-07-31,bfc,120.67
2026-08-01,bfc,120.46
2026-08-02,bfc,120.14
2026-08-03,bfc,119.94
2026-08-04,bfc,119.85
2026-08-05,bfc,119.62
2026-08-06,bfc,119.38
2026-08-07,bfc,119.61
2026-08-08,bfc,119.64
2026-08-09,bfc,119.88
2026-08-10,bfc,120.04
2026-08-11,bfc,120.08
2026-08-12,bfc,120.15
2026-08-13,bfc,120.48
2026-08-14,bfc,120.61
2026-08-15,bfc,120.64
2026-08-16,bfc,120.69
2026-08-17,bfc,120.8
2026-08-18,bfc,120.87
2026-08-19,bfc,120.94
2026-08-20,bfc,120.91
2026-08-21,bfc,120.97
2026-08-22,bfc,121.13
2026-08-23,bfc,121.19
2026-08-24,bfc,121.38
2026-08-25,bfc,121.55
2026-08-26,bfc,121.9
2026-08-27,bfc,122.2
2026-08-28,bfc,122.44
2026-08-29,bfc,122.83
2026-08-30,bfc,123.25
2026-08-31,bfc,123.29
2026-09-01,bfc,123.28
2026-09-02,bfc,123.22
2026-09-03,bfc,123.09
2026-09-04,bfc,122.99
2026-09-05,bfc,122.83
2026-09-06,bfc,122.52
2026-09-07,bfc,122.15
2026-09-08,bfc,121.9
2026-09-09,bfc,121.61
2026-09-10,bfc,121.5
2026-09-11,bfc,121.18
2026-09-12,bfc,120.91
2026-09-13,bfc,120.55
2026-09-14,bfc,120.48
2026-09-15,bfc,120.25
2026-09-16,bfc,120.02
2026-09-17,bfc,119.74
2026-09-18,bfc,119.65
2020-02-01,cvl,100
2020-02-02,cvl,99.8
2020-02-03,cvl,99.51
2020-02-04,cvl,99.24
2020-02-05,cvl,99.29
2020-02-06,cvl,99.24
2020-02-07,cvl,99.11
2020-02-08,cvl,98.76
2020-02-09,cvl,98.54
2020-02-10,cvl,98.29
2020-02-11,cvl,97.98
2020-02-12,cvl,97.83
2020-02-13,cvl,97.82
2020-02-14,cvl,97.91
2020-02-15,cvl,98.01
2020-02-16,cvl,98.03
2020-02-17,cvl,98.04
2020-02-18,cvl,97.63
2020-02-19,cvl,97.32
2020-02-20,cvl,97.15
2020-02-21,cvl,96.9
2020-02-22,cvl,96.66
2020-02-23,cvl,96.42
2020-02-24,cvl,96.24
2020-02-25,cvl,96.47
2020-02-26,cvl,96.58
2020-02-27,cvl,96.75
2020-02-28,cvl,97.04
2020-02-29,cvl,97.18
2020-03-01,cvl,97.39
2020-03-02,cvl,97.56
2020-03-03,cvl,97.63
2020-03-04,cvl,97.71
2020-03-05,cvl,97.6
2020-03-06,cvl,97.49
2020-03-07,cvl,97.36
2020-03-08,cvl,97.21
2020-03-09,cvl,97.07
2020-03-10,cvl,97.21
2020-03-11,cvl,97.32
2020-03-12,cvl,97.5
2020-03-13,cvl,97.56
2020-03-14,cvl,97.76
2020-03-15,cvl,97.83
2020-03-16,cvl,97.79
2020-03-17,cvl,97.34
2020-03-18,cvl,96.66
2020-03-19,cvl,95.73
2020-03-20,cvl,94.72
2020-03-21,cvl,93.49
2020-03-22,cvl,92.18
2020-03-23,cvl,91.13
2020-03-24,cvl,90.05
2020-03-25,cvl,88.91
2020-03-26,cvl,87.49
2020-03-27,cvl,86.21
2020-03-28,cvl,84.61
2020-03-29,cvl,83.14
2020-03-30,cvl,81.49
2020-03-31,cvl,79.87
2020-04-01,cvl,78.6
2020-04-02,cvl,77.75
2020-04-03,cvl,76.6
2020-04-04,cvl,75.99
2020-04-05,cvl,75.39
2020-04-06,cvl,74.69
2020-04-07,cvl,73.81
2020-04-08,cvl,72.82
2020-04-09,cvl,71.73
2020-04-10,cvl,70.66
2020-04-11,cvl,69.25
2020-04-12,cvl,67.76
2020-04-13,cvl,66.59
2020-04-14,cvl,65.68
2020-04-15,cvl,64.91
2020-04-16,cvl,64.21
2020-04-17,cvl,63.66
2020-04-18,cvl,63.45
2020-04-19,cvl,63.35
2020-04-20,cvl,63.2
2020-04-21,cvl,63.13
2020-04-22,cvl,62.97
2020-04-23,cvl,62.76
2020-04-24,cvl,62.72
2020-04-25,cvl,62.73
2020-04-26,cvl,62.61
2020-04-27,cvl,62.48
2020-04-28,cvl,62.27
2020-04-29,cvl,61.93
2020-04-30,cvl,61.59
2020-05-01,cvl,61.23
2020-05-02,cvl,60.69
2020-05-03,cvl,60.26
2020-05-04,cvl,59.77
2020-05-05,cvl,59.28
2020-05-06,cvl,58.91
2020-05-07,cvl,58.61
2020-05-08,cvl,58.26
2020-05-09,cvl,57.9
2020-05-10,cvl,57.59
2020-05-11,cvl,57.3
2020-05-12,cvl,57.13
2020-05-13,cvl,56.97
2020-05-14,cvl,56.66
2020-05-15,cvl,56.45
2020-05-16,cvl,56.34
2020-05-17,cvl,56.25
2020-05-18,cvl,56.21
2020-05-19,cvl,56.15
2020-05-20,cvl,56.26
2020-05-21,cvl,56.65
2020-05-22,cvl,56.92
2020-05-23,cvl,57.26
2020-05-24,cvl,57.53
2020-05-25,cvl,57.81
2020-05-26,cvl,57.93
2020-05-27,cvl,57.79
2020-05-28,cvl,57.63
2020-05-29,cvl,57.72
2020-05-30,cvl,57.78
2020-05-31,cvl,57.86
2020-06-01,cvl,57.86
2020-06-02,cvl,57.92
2020-06-03,cvl,58.15
2020-06-04,cvl,58.29
2020-06-05,cvl,58.39
2020-06-06,cvl,58.38
2020-06-07,cvl,58.42
2020-06-08,cvl,58.43
2020-06-09,cvl,58.66
2020-06-10,cvl,58.86
2020-06-11,cvl,59.17
2020-06-12,cvl,59.39
2020-06-13,cvl,59.74
2020-06-14,cvl,60.17
2020-06-15,cvl,60.58
2020-06-16,cvl,60.78
2020-06-17,cvl,60.87
2020-06-18,cvl,60.87
2020-06-19,cvl,60.79
2020-06-20,cvl,60.65
2020-06-21,cvl,60.49
2020-06-22,cvl,60.49
2020-06-23,cvl,60.53
2020-06-24,cvl,60.65
2020-06-25,cvl,60.86
2020-06-26,cvl,61.05
2020-06-27,cvl,61.21
2020-06-28,cvl,61.28
2020-06-29,cvl,61.26
2020-06-30,cvl,61.3
2020-07-01,cvl,61.32
2020-07-02,cvl,61.28
2020-07-03,cvl,61.33
2020-07-04,cvl,61.45
2020-07-05,cvl,61.63
2020-07-06,cvl,61.84
2020-07-07,cvl,62.13
2020-07-08,cvl,62.6
2020-07-09,cvl,62.94
2020-07-10,cvl,63.22
2020-07-11,cvl,63.07
2020-07-12,cvl,63.03
2020-07-13,cvl,62.91
2020-07-14,cvl,62.7
2020-07-15,cvl,62.45
2020-07-16,cvl,62.37
2020-07-17,cvl,62.26
2020-07-18,cvl,62.45
2020-07-19,cvl,62.55
2020-07-20,cvl,62.79
2020-07-21,cvl,62.95
2020-07-22,cvl,63.11
2020-07-23,cvl,63.3
2020-07-24,cvl,63.57
2020-07-25,cvl,63.9
2020-07-26,cvl,64.34
2020-07-27,cvl,64.7
2020-07-28,cvl,65.16
2020-07-29,cvl,65.5
2020-07-30,cvl,65.68
2020-07-31,cvl,65.94
2020-08-01,cvl,66.2
2020-08-02,cvl,66.26
2020-08-03,cvl,66.41
2020-08-04,cvl,66.59
2020-08-05,cvl,67.37
2020-08-06,cvl,68.38
2020-08-07,cvl,69.33
2020-08-08,cvl,70.31
2020-08-09,cvl,71.31
2020-08-10,cvl,72.02
2020-08-11,cvl,72.73
2020-08-12,cvl,72.95
2020-08-13,cvl,73.14
2020-08-14,cvl,73.27
2020-08-15,cvl,73.35
2020-08-16,cvl,73.6
2020-08-17,cvl,74.14
2020-08-18,cvl,74.66
2020-08-19,cvl,74.98
2020-08-20,cvl,75.26
2020-08-21,cvl,75.53
2020-08-22,cvl,75.81
2020-08-23,cvl,76.02
2020-08-24,cvl,76.11
2020-08-25,cvl,76.24
2020-08-26,cvl,76.24
2020-08-27,cvl,76.42
2020-08-28,cvl,76.63
2020-08-29,cvl,77.13
2020-08-30,cvl,77.43
2020-08-31,cvl,77.82
2020-09-01,cvl,78.01
2020-09-02,cvl,78.5
2020-09-03,cvl,78.83
2020-09-04,cvl,79.15
2020-09-05,cvl,79.14
2020-09-06,cvl,79.32
2020-09-07,cvl,79.27
2020-09-08,cvl,79.38
2020-09-09,cvl,79.41
2020-09-10,cvl,79.38
2020-09-11,cvl,79.4
2020-09-12,cvl,79.37
2020-09-13,cvl,79.27
2020-09-14,cvl,79.38
2020-09-15,cvl,79.42
2020-09-16,cvl,79.43
2020-09-17,cvl,79.53
2020-09-18,cvl,79.67
2020-09-19,cvl,80
2020-09-20,cvl,80.48
2020-09-21,cvl,80.76
2020-09-22,cvl,81.25
2020-09-23,cvl,81.66
2020-09-24,cvl,82
2020-09-25,cvl,82.16
2020-09-26,cvl,82.19
2020-09-27,cvl,82.2
2020-09-28,cvl,82.33
2020-09-29,cvl,82.28
2020-09-30,cvl,82.33
2020-10-01,cvl,82.2
2020-10-02,cvl,82.26
2020-10-03,cvl,82.47
2020-10-04,cvl,82.51
2020-10-05,cvl,82.53
2020-10-06,cvl,82.64
2020-10-07,cvl,82.7
2020-10-08,cvl,82.83
2020-10-09,cvl,82.87
2020-10-10,cvl,83
2020-10-11,cvl,83.2
2020-10-12,cvl,83.45
2020-10-13,cvl,83.68
2020-10-14,cvl,83.96
2020-10-15,cvl,84.42
2020-10-16,cvl,84.7
2020-10-17,cvl,84.73
2020-10-18,cvl,84.99
2020-10-19,cvl,85.04
2020-10-20,cvl,84.88
2020-10-21,cvl,84.87
2020-10-22,cvl,84.68
2020-10-23,cvl,84.62
2020-10-24,cvl,84.7
2020-10-25,cvl,84.46
2020-10-26,cvl,84.41
2020-10-27,cvl,84.55
2020-10-28,cvl,84.65
2020-10-29,cvl,84.75
2020-10-30,cvl,84.81
2020-10-31,cvl,84.7
2020-11-01,cvl,84.7
2020-11-02,cvl,84.76
2020-11-03,cvl,84.68
2020-11-04,cvl,84.41
2020-11-05,cvl,84.24
2020-11-06,cvl,84.2
2020-11-07,cvl,84.1
2020-11-08,cvl,84.16
2020-11-09,cvl,83.94
2020-11-10,cvl,83.95
2020-11-11,cvl,83.98
2020-11-12,cvl,83.88
2020-11-13,cvl,83.67
2020-11-14,cvl,83.48
2020-11-15,cvl,83.31
2020-11-16,cvl,83.13
2020-11-17,cvl,82.9
2020-11-18,cvl,82.95
2020-11-19,cvl,82.97
2020-11-20,cvl,83.1
2020-11-21,cvl,83.17
2020-11-22,cvl,83.21
2020-11-23,cvl,83.47
2020-11-24,cvl,83.67
2020-11-25,cvl,83.63
2020-11-26,cvl,83.77
2020-11-27,cvl,83.84
2020-11-28,cvl,84.02
2020-11-29,cvl,84.26
2020-11-30,cvl,84.42
2020-12-01,cvl,84.53
2020-12-02,cvl,84.61
2020-12-03,cvl,84.75
2020-12-04,cvl,84.8
2020-12-05,cvl,84.91
2020-12-06,cvl,84.89
2020-12-07,cvl,84.88
2020-12-08,cvl,84.72
2020-12-09,cvl,84.82
2020-12-10,cvl,84.78
2020-12-11,cvl,84.86
2020-12-12,cvl,84.89
2020-12-13,cvl,85
2020-12-14,cvl,85.2
2020-12-15,cvl,85.59
2020-12-16,cvl,85.88
2020-12-17,cvl,86.08
2020-12-18,cvl,86.37
2020-12-19,cvl,86.57
2020-12-20,cvl,86.76
2020-12-21,cvl,86.92
2020-12-22,cvl,87.03
2020-12-23,cvl,87.04
2020-12-24,cvl,87.29
2020-12-25,cvl,87.41
2020-12-26,cvl,87.44
2020-12-27,cvl,87.56
2020-12-28,cvl,87.82
2020-12-29,cvl,88
2020-12-30,cvl,88.19
2020-12-31,cvl,88.35
2021-01-01,cvl,88.61
2021-01-02,cvl,88.92
2021-01-03,cvl,89.13
2021-01-04,cvl,89.18
2021-01-05,cvl,89.38
2021-01-06,cvl,89.69
2021-01-07,cvl,89.79
2021-01-08,cvl,89.85
2021-01-09,cvl,90.12
2021-01-10,cvl,90.29
2021-01-11,cvl,90.45
2021-01-12,cvl,90.59
2021-01-13,cvl,90.56
2021-01-14,cvl,90.78
2021-01-15,cvl,90.87
2021-01-16,cvl,90.9
2021-01-17,cvl,90.81
2021-01-18,cvl,90.71
2021-01-19,cvl,90.77
2021-01-20,cvl,90.98
2021-01-21,cvl,91.01
2021-01-22,cvl,91.27
2021-01-23,cvl,91.46
2021-01-24,cvl,91.88
2021-01-25,cvl,92.16
2021-01-26,cvl,92.36
2021-01-27,cvl,92.43
2021-01-28,cvl,92.61
2021-01-29,cvl,92.43
2021-01-30,cvl,92.46
2021-01-31,cvl,92.43
2021-02-01,cvl,92.69
2021-02-02,cvl,92.67
2021-02-03,cvl,92.7
2021-02-04,cvl,92.62
2021-02-05,cvl,92.62
2021-02-06,cvl,92.5
2021-02-07,cvl,92.39
2021-02-08,cvl,92.15
2021-02-09,cvl,92.04
2021-02-10,cvl,91.92
2021-02-11,cvl,91.87
2021-02-12,cvl,92
2021-02-13,cvl,92.09
2021-02-14,cvl,92.2
2021-02-15,cvl,92.28
2021-02-16,cvl,92.39
2021-02-17,cvl,92.49
2021-02-18,cvl,92.62
2021-02-19,cvl,92.62
2021-02-20,cvl,92.72
2021-02-21,cvl,92.72
2021-02-22,cvl,92.68
2021-02-23,cvl,92.77
2021-02-24,cvl,92.89
2021-02-25,cvl,93.03
2021-02-26,cvl,93.22
2021-02-27,cvl,93.36
2021-02-28,cvl,93.58
2021-03-01,cvl,93.65
2021-03-02,cvl,93.64
2021-03-03,cvl,93.75
2021-03-04,cvl,93.76
2021-03-05,cvl,93.93
2021-03-06,cvl,93.91
2021-03-07,cvl,93.89
2021-03-08,cvl,94.09
2021-03-09,cvl,94.31
2021-03-10,cvl,94.33
2021-03-11,cvl,94.96
2021-03-12,cvl,95
2021-03-13,cvl,95.35
2021-03-14,cvl,95.7
2021-03-15,cvl,95.94
2021-03-16,cvl,96.58
2021-03-17,cvl,97.26
2021-03-18,cvl,97.58
2021-03-19,cvl,98.31
2021-03-20,cvl,99.01
2021-03-21,cvl,99.67
2021-03-22,cvl,100.14
2021-03-23,cvl,100.01
2021-03-24,cvl,99.92
2021-03-25,cvl,99.81
2021-03-26,cvl,99.43
2021-03-27,cvl,99.06
2021-03-28,cvl,98.6
2021-03-29,cvl,98.42
2021-03-30,cvl,98.44
2021-03-31,cvl,98.54
2021-04-01,cvl,98.46
2021-04-02,cvl,98.62
2021-04-03,cvl,98.55
2021-04-04,cvl,98.75
2021-04-05,cvl,99.04
2021-04-06,cvl,99.03
2021-04-07,cvl,98.83
2021-04-08,cvl,98.64
2021-04-09,cvl,98.52
2021-04-10,cvl,98.4
2021-04-11,cvl,97.68
2021-04-12,cvl,97.07
2021-04-13,cvl,96.83
2021-04-14,cvl,96.56
2021-04-15,cvl,96.43
2021-04-16,cvl,96.33
2021-04-17,cvl,96.32
2021-04-18,cvl,96.71
2021-04-19,cvl,97
2021-04-20,cvl,97.21
2021-04-21,cvl,97.54
2021-04-22,cvl,97.75
2021-04-23,cvl,97.9
2021-04-24,cvl,98.15
2021-04-25,cvl,98.46
2021-04-26,cvl,98.53
2021-04-27,cvl,98.65
2021-04-28,cvl,98.95
2021-04-29,cvl,99.16
2021-04-30,cvl,99.5
2021-05-01,cvl,99.89
2021-05-02,cvl,100.25
2021-05-03,cvl,100.81
2021-05-04,cvl,101.37
2021-05-05,cvl,101.73
2021-05-06,cvl,102.32
2021-05-07,cvl,102.94
2021-05-08,cvl,103.42
2021-05-09,cvl,103.83
2021-05-10,cvl,104.19
2021-05-11,cvl,104.49
2021-05-12,cvl,104.86
2021-05-13,cvl,105.26
2021-05-14,cvl,105.05
2021-05-15,cvl,104.74
2021-05-16,cvl,104.57
2021-05-17,cvl,104.32
2021-05-18,cvl,104.16
2021-05-19,cvl,103.94
2021-05-20,cvl,103.78
2021-05-21,cvl,104.16
2021-05-22,cvl,104.7
2021-05-23,cvl,105.28
2021-05-24,cvl,105.82
2021-05-25,cvl,106.2
2021-05-26,cvl,106.6
2021-05-27,cvl,106.73
2021-05-28,cvl,106.78
2021-05-29,cvl,106.98
2021-05-30,cvl,107.17
2021-05-31,cvl,107.36
2021-06-01,cvl,107.75
2021-06-02,cvl,108.11
2021-06-03,cvl,108.66
2021-06-04,cvl,109.29
2021-06-05,cvl,109.95
2021-06-06,cvl,110.46
2021-06-07,cvl,111.03
2021-06-08,cvl,111.5
2021-06-09,cvl,112.02
2021-06-10,cvl,112.34
2021-06-11,cvl,112.61
2021-06-12,cvl,112.73
2021-06-13,cvl,112.88
2021-06-14,cvl,113.16
2021-06-15,cvl,113.52
2021-06-16,cvl,113.88
2021-06-17,cvl,114.42
2021-06-18,cvl,114.89
2021-06-19,cvl,115.5
2021-06-20,cvl,116.09
2021-06-21,cvl,116.64
2021-06-22,cvl,117.19
2021-06-23,cvl,117.59
2021-06-24,cvl,117.9
2021-06-25,cvl,118.26
2021-06-26,cvl,118.4
2021-06-27,cvl,118.56
2021-06-28,cvl,118.74
2021-06-29,cvl,118.89
2021-06-30,cvl,119.13
2021-07-01,cvl,119.37
2021-07-02,cvl,119.6
2021-07-03,cvl,119.8
2021-07-04,cvl,120
2021-07-05,cvl,119.95
2021-07-06,cvl,119.98
2021-07-07,cvl,120.05
2021-07-08,cvl,120.14
2021-07-09,cvl,120.08
2021-07-10,cvl,120.05
2021-07-11,cvl,120.01
2021-07-12,cvl,120.15
2021-07-13,cvl,120.21
2021-07-14,cvl,120.29
2021-07-15,cvl,120.28
2021-07-16,cvl,120.53
2021-07-17,cvl,120.98
2021-07-18,cvl,121.57
2021-07-19,cvl,122.05
2021-07-20,cvl,122.54
2021-07-21,cvl,122.95
2021-07-22,cvl,123.62
2021-07-23,cvl,124.01
2021-07-24,cvl,124.39
2021-07-25,cvl,124.74
2021-07-26,cvl,125.08
2021-07-27,cvl,125.3
2021-07-28,cvl,125.49
2021-07-29,cvl,125.39
2021-07-30,cvl,125.34
2021-07-31,cvl,125.12
2021-08-01,cvl,124.88
2021-08-02,cvl,124.66
2021-08-03,cvl,124.48
2021-08-04,cvl,124.33
2021-08-05,cvl,124.13
2021-08-06,cvl,124.09
2021-08-07,cvl,124.12
2021-08-08,cvl,124.01
2021-08-09,cvl,123.62
2021-08-10,cvl,123.54
2021-08-11,cvl,123.37
2021-08-12,cvl,123.37
2021-08-13,cvl,123.34
2021-08-14,cvl,123.27
2021-08-15,cvl,123.33
2021-08-16,cvl,123.79
2021-08-17,cvl,123.92
2021-08-18,cvl,124.3
2021-08-19,cvl,124.55
2021-08-20,cvl,124.87
2021-08-21,cvl,125.23
2021-08-22,cvl,125.49
2021-08-23,cvl,125.55
2021-08-24,cvl,125.68
2021-08-25,cvl,125.76
2021-08-26,cvl,125.91
2021-08-27,cvl,126.06
2021-08-28,cvl,126.13
2021-08-29,cvl,126.25
2021-08-30,cvl,126.4
2021-08-31,cvl,126.66
2021-09-01,cvl,126.8
2021-09-02,cvl,126.91
2021-09-03,cvl,126.94
2021-09-04,cvl,127
2021-09-05,cvl,127.08
2021-09-06,cvl,127.16
2021-09-07,cvl,127.19
2021-09-08,cvl,127.28
2021-09-09,cvl,127.22
2021-09-10,cvl,127.2
2021-09-11,cvl,127.35
2021-09-12,cvl,127.41
2021-09-13,cvl,127.6
2021-09-14,cvl,127.67
2021-09-15,cvl,127.91
2021-09-16,cvl,128.11
2021-09-17,cvl,128.45
2021-09-18,cvl,128.8
2021-09-19,cvl,129.27
2021-09-20,cvl,129.64
2021-09-21,cvl,130.06
2021-09-22,cvl,130.35
2021-09-23,cvl,130.97
2021-09-24,cvl,131.14
2021-09-25,cvl,131.08
2021-09-26,cvl,131.07
2021-09-27,cvl,131.08
2021-09-28,cvl,131.16
2021-09-29,cvl,131.02
2021-09-30,cvl,130.79
2021-10-01,cvl,130.82
2021-10-02,cvl,131.05
2021-10-03,cvl,131.01
2021-10-04,cvl,130.99
2021-10-05,cvl,131.1
2021-10-06,cvl,131.44
2021-10-07,cvl,131.74
2021-10-08,cvl,132.07
2021-10-09,cvl,132.21
2021-10-10,cvl,132.68
2021-10-11,cvl,133.08
2021-10-12,cvl,133.14
2021-10-13,cvl,133.18
2021-10-14,cvl,133.15
2021-10-15,cvl,133.27
2021-10-16,cvl,133.49
2021-10-17,cvl,133.61
2021-10-18,cvl,133.68
2021-10-19,cvl,133.98
2021-10-20,cvl,134.21
2021-10-21,cvl,134.59
2021-10-22,cvl,134.61
2021-10-23,cvl,134.72
2021-10-24,cvl,134.58
2021-10-25,cvl,134.66
2021-10-26,cvl,134.62
2021-10-27,cvl,134.59
2021-10-28,cvl,134.65
2021-10-29,cvl,134.9
2021-10-30,cvl,135.17
2021-10-31,cvl,135.55
2021-11-01,cvl,135.96
2021-11-02,cvl,136.19
2021-11-03,cvl,136.32
2021-11-04,cvl,136.45
2021-11-05,cvl,136.56
2021-11-06,cvl,136.5
2021-11-07,cvl,136.41
2021-11-08,cvl,136.2
2021-11-09,cvl,136.43
2021-11-10,cvl,136.84
2021-11-11,cvl,137.14
2021-11-12,cvl,137.38
2021-11-13,cvl,137.47
2021-11-14,cvl,137.74
2021-11-15,cvl,137.93
2021-11-16,cvl,137.82
2021-11-17,cvl,137.67
2021-11-18,cvl,137.4
2021-11-19,cvl,137.32
2021-11-20,cvl,137.17
2021-11-21,cvl,137.05
2021-11-22,cvl,136.93
2021-11-23,cvl,136.91
2021-11-24,cvl,136.88
2021-11-25,cvl,137
2021-11-26,cvl,137
2021-11-27,cvl,137.04
2021-11-28,cvl,136.93
2021-11-29,cvl,137.21
2021-11-30,cvl,137.4
2021-12-01,cvl,137.49
2021-12-02,cvl,137.48
2021-12-03,cvl,137.56
2021-12-04,cvl,137.93
2021-12-05,cvl,138.19
2021-12-06,cvl,138.07
2021-12-07,cvl,138.15
2021-12-08,cvl,138.24
2021-12-09,cvl,138.15
2021-12-10,cvl,138.14
2021-12-11,cvl,138.18
2021-12-12,cvl,138.37
2021-12-13,cvl,138.63
2021-12-14,cvl,138.79
2021-12-15,cvl,138.88
2021-12-16,cvl,139.13
2021-12-17,cvl,139.21
2021-12-18,cvl,139.23
2021-12-19,cvl,139.32
2021-12-20,cvl,139.44
2021-12-21,cvl,139.68
2021-12-22,cvl,140.1
2021-12-23,cvl,140.65
2021-12-24,cvl,141.37
2021-12-25,cvl,142.08
2021-12-26,cvl,142.77
2021-12-27,cvl,143.58
2021-12-28,cvl,143.97
2021-12-29,cvl,144.41
2021-12-30,cvl,144.63
2021-12-31,cvl,144.66
2022-01-01,cvl,144.66
2022-01-02,cvl,144.68
2022-01-03,cvl,144.46
2022-01-04,cvl,144.45
2022-01-05,cvl,144.33
2022-01-06,cvl,144.25
2022-01-07,cvl,144.55
2022-01-08,cvl,144.76
2022-01-09,cvl,144.75
2022-01-10,cvl,144.86
2022-01-11,cvl,145.01
2022-01-12,cvl,145.22
2022-01-13,cvl,145.6
2022-01-14,cvl,145.67
2022-01-15,cvl,145.71
2022-01-16,cvl,145.91
2022-01-17,cvl,146.11
2022-01-18,cvl,146.22
2022-01-19,cvl,146.29
2022-01-20,cvl,146.42
2022-01-21,cvl,146.56
2022-01-22,cvl,146.62
2022-01-23,cvl,146.76
2022-01-24,cvl,146.78
2022-01-25,cvl,147.05
2022-01-26,cvl,147.42
2022-01-27,cvl,147.73
2022-01-28,cvl,148.13
2022-01-29,cvl,148.66
2022-01-30,cvl,149.23
2022-01-31,cvl,149.92
2022-02-01,cvl,149.98
2022-02-02,cvl,150.3
2022-02-03,cvl,150.55
2022-02-04,cvl,150.68
2022-02-05,cvl,151.21
2022-02-06,cvl,151.69
2022-02-07,cvl,151.97
2022-02-08,cvl,152.54
2022-02-09,cvl,152.94
2022-02-10,cvl,153.22
2022-02-11,cvl,153.57
2022-02-12,cvl,153.54
2022-02-13,cvl,153.48
2022-02-14,cvl,153.4
2022-02-15,cvl,153.43
2022-02-16,cvl,153.33
2022-02-17,cvl,153.37
2022-02-18,cvl,153.34
2022-02-19,cvl,153.46
2022-02-20,cvl,153.73
2022-02-21,cvl,154.26
2022-02-22,cvl,154.7
2022-02-23,cvl,155.43
2022-02-24,cvl,155.83
2022-02-25,cvl,156.37
2022-02-26,cvl,156.73
2022-02-27,cvl,156.69
2022-02-28,cvl,156.45
2022-03-01,cvl,156.49
2022-03-02,cvl,156.26
2022-03-03,cvl,156.3
2022-03-04,cvl,156.24
2022-03-05,cvl,156.19
2022-03-06,cvl,156.26
2022-03-07,cvl,156.43
2022-03-08,cvl,156.45
2022-03-09,cvl,156.4
2022-03-10,cvl,156.36
2022-03-11,cvl,156.19
2022-03-12,cvl,156.2
2022-03-13,cvl,156.41
2022-03-14,cvl,156.49
2022-03-15,cvl,156.63
2022-03-16,cvl,156.65
2022-03-17,cvl,156.83
2022-03-18,cvl,157.07
2022-03-19,cvl,157.05
2022-03-20,cvl,156.96
2022-03-21,cvl,156.96
2022-03-22,cvl,157.38
2022-03-23,cvl,158.31
2022-03-24,cvl,159.15
2022-03-25,cvl,160.29
2022-03-26,cvl,161.19
2022-03-27,cvl,161.73
2022-03-28,cvl,162.5
2022-03-29,cvl,162.83
2022-03-30,cvl,162.8
2022-03-31,cvl,162.74
2022-04-01,cvl,162.7
2022-04-02,cvl,163.12
2022-04-03,cvl,163.62
2022-04-04,cvl,163.84
2022-04-05,cvl,163.63
2022-04-06,cvl,163.62
2022-04-07,cvl,163.4
2022-04-08,cvl,163.05
2022-04-09,cvl,162.54
2022-04-10,cvl,162.24
2022-04-11,cvl,161.87
2022-04-12,cvl,161.82
2022-04-13,cvl,161.61
2022-04-14,cvl,161.9
2022-04-15,cvl,162.14
2022-04-16,cvl,162.47
2022-04-17,cvl,162.8
2022-04-18,cvl,163.31
2022-04-19,cvl,163.72
2022-04-20,cvl,164.14
2022-04-21,cvl,164.24
2022-04-22,cvl,164.17
2022-04-23,cvl,164.13
2022-04-24,cvl,164.15
2022-04-25,cvl,164.08
2022-04-26,cvl,164.01
2022-04-27,cvl,164.1
2022-04-28,cvl,164.29
2022-04-29,cvl,164.52
2022-04-30,cvl,164.61
2022-05-01,cvl,164.77
2022-05-02,cvl,164.93
2022-05-03,cvl,165.21
2022-05-04,cvl,165.27
2022-05-05,cvl,165.38
2022-05-06,cvl,165.43
2022-05-07,cvl,165.58
2022-05-08,cvl,165.63
2022-05-09,cvl,165.87
2022-05-10,cvl,166.06
2022-05-11,cvl,166.41
2022-05-12,cvl,166.78
2022-05-13,cvl,166.99
2022-05-14,cvl,167.42
2022-05-15,cvl,167.78
2022-05-16,cvl,168.17
2022-05-17,cvl,168.45
2022-05-18,cvl,168.68
2022-05-19,cvl,168.81
2022-05-20,cvl,169.8
2022-05-21,cvl,170.38
2022-05-22,cvl,171.06
2022-05-23,cvl,171.92
2022-05-24,cvl,172.73
2022-05-25,cvl,173.52
2022-05-26,cvl,174.12
2022-05-27,cvl,173.86
2022-05-28,cvl,173.47
2022-05-29,cvl,173.17
2022-05-30,cvl,172.61
2022-05-31,cvl,172.37
2022-06-01,cvl,172.07
2022-06-02,cvl,171.78
2022-06-03,cvl,171.75
2022-06-04,cvl,171.9
2022-06-05,cvl,171.83
2022-06-06,cvl,171.66
2022-06-07,cvl,171.11
2022-06-08,cvl,170.6
2022-06-09,cvl,170.21
2022-06-10,cvl,170.25
2022-06-11,cvl,170.16
2022-06-12,cvl,170.03
2022-06-13,cvl,170.03
2022-06-14,cvl,170.36
2022-06-15,cvl,170.68
2022-06-16,cvl,170.87
2022-06-17,cvl,170.54
2022-06-18,cvl,170.4
2022-06-19,cvl,170.43
2022-06-20,cvl,170.36
2022-06-21,cvl,170.01
2022-06-22,cvl,169.6
2022-06-23,cvl,169.3
2022-06-24,cvl,169.01
2022-06-25,cvl,168.76
2022-06-26,cvl,168.51
2022-06-27,cvl,168.39
2022-06-28,cvl,168.56
2022-06-29,cvl,168.78
2022-06-30,cvl,169.22
2022-07-01,cvl,169.66
2022-07-02,cvl,170.15
2022-07-03,cvl,170.37
2022-07-04,cvl,170.43
2022-07-05,cvl,170.45
2022-07-06,cvl,170.36
2022-07-07,cvl,170.03
2022-07-08,cvl,169.8
2022-07-09,cvl,169.68
2022-07-10,cvl,170.67
2022-07-11,cvl,171.7
2022-07-12,cvl,172.68
2022-07-13,cvl,173.58
2022-07-14,cvl,174.26
2022-07-15,cvl,174.57
2022-07-16,cvl,174.42
2022-07-17,cvl,173.4
2022-07-18,cvl,172.29
2022-07-19,cvl,171.16
2022-07-20,cvl,170.16
2022-07-21,cvl,169.42
2022-07-22,cvl,169.27
2022-07-23,cvl,169.15
2022-07-24,cvl,169.22
2022-07-25,cvl,169.27
2022-07-26,cvl,169.35
2022-07-27,cvl,169.43
2022-07-28,cvl,169.49
2022-07-29,cvl,169.17
2022-07-30,cvl,169.12
2022-07-31,cvl,168.92
2022-08-01,cvl,168.92
2022-08-02,cvl,168.99
2022-08-03,cvl,169.04
2022-08-04,cvl,169.02
2022-08-05,cvl,169.23
2022-08-06,cvl,169.49
2022-08-07,cvl,169.56
2022-08-08,cvl,169.75
2022-08-09,cvl,169.88
2022-08-10,cvl,169.99
2022-08-11,cvl,170.12
2022-08-12,cvl,170.18
2022-08-13,cvl,169.86
2022-08-14,cvl,169.95
2022-08-15,cvl,170
2022-08-16,cvl,169.96
2022-08-17,cvl,170.07
2022-08-18,cvl,170.08
2022-08-19,cvl,169.95
2022-08-20,cvl,170.16
2022-08-21,cvl,170.13
2022-08-22,cvl,170
2022-08-23,cvl,170.08
2022-08-24,cvl,170.02
2022-08-25,cvl,170.14
2022-08-26,cvl,170.44
2022-08-27,cvl,170.54
2022-08-28,cvl,170.63
2022-08-29,cvl,170.52
2022-08-30,cvl,170.39
2022-08-31,cvl,170.35
2022-09-01,cvl,170.25
2022-09-02,cvl,170.28
2022-09-03,cvl,170.55
2022-09-04,cvl,170.66
2022-09-05,cvl,170.86
2022-09-06,cvl,170.83
2022-09-07,cvl,170.7
2022-09-08,cvl,170.5
2022-09-09,cvl,169.95
2022-09-10,cvl,169.68
2022-09-11,cvl,169.52
2022-09-12,cvl,169.44
2022-09-13,cvl,169.41
2022-09-14,cvl,169.46
2022-09-15,cvl,169.54
2022-09-16,cvl,169.77
2022-09-17,cvl,169.68
2022-09-18,cvl,169.34
2022-09-19,cvl,168.99
2022-09-20,cvl,168.59
2022-09-21,cvl,168.35
2022-09-22,cvl,168.16
2022-09-23,cvl,167.96
2022-09-24,cvl,167.96
2022-09-25,cvl,168.3
2022-09-26,cvl,168.57
2022-09-27,cvl,169.27
2022-09-28,cvl,169.7
2022-09-29,cvl,170.13
2022-09-30,cvl,170.62
2022-10-01,cvl,170.92
2022-10-02,cvl,171.17
2022-10-03,cvl,171.47
2022-10-04,cvl,171.5
2022-10-05,cvl,171.67
2022-10-06,cvl,171.95
2022-10-07,cvl,172.07
2022-10-08,cvl,172.27
2022-10-09,cvl,172.47
2022-10-10,cvl,172.65
2022-10-11,cvl,172.83
2022-10-12,cvl,173.02
2022-10-13,cvl,173.11
2022-10-14,cvl,173.35
2022-10-15,cvl,173.65
2022-10-16,cvl,173.91
2022-10-17,cvl,173.94
2022-10-18,cvl,174.09
2022-10-19,cvl,174.34
2022-10-20,cvl,174.59
2022-10-21,cvl,174.95
2022-10-22,cvl,175.14
2022-10-23,cvl,175.57
2022-10-24,cvl,176.17
2022-10-25,cvl,176.64
2022-10-26,cvl,176.81
2022-10-27,cvl,176.93
2022-10-28,cvl,176.91
2022-10-29,cvl,177.3
2022-10-30,cvl,177.5
2022-10-31,cvl,177.78
2022-11-01,cvl,178.04
2022-11-02,cvl,178.29
2022-11-03,cvl,178.72
2022-11-04,cvl,179.27
2022-11-05,cvl,179.44
2022-11-06,cvl,179.62
2022-11-07,cvl,179.73
2022-11-08,cvl,180.07
2022-11-09,cvl,180.41
2022-11-10,cvl,180.65
2022-11-11,cvl,180.98
2022-11-12,cvl,181.28
2022-11-13,cvl,181.59
2022-11-14,cvl,181.78
2022-11-15,cvl,181.89
2022-11-16,cvl,182.13
2022-11-17,cvl,182.27
2022-11-18,cvl,182.12
2022-11-19,cvl,182.19
2022-11-20,cvl,182.19
2022-11-21,cvl,182.23
2022-11-22,cvl,182.37
2022-11-23,cvl,182.46
2022-11-24,cvl,182.76
2022-11-25,cvl,183.16
2022-11-26,cvl,183.53
2022-11-27,cvl,183.95
2022-11-28,cvl,184.35
2022-11-29,cvl,184.82
2022-11-30,cvl,185.33
2022-12-01,cvl,185.53
2022-12-02,cvl,185.87
2022-12-03,cvl,186.02
2022-12-04,cvl,186.17
2022-12-05,cvl,186.54
2022-12-06,cvl,186.41
2022-12-07,cvl,186.52
2022-12-08,cvl,186.53
2022-12-09,cvl,186.87
2022-12-10,cvl,187.19
2022-12-11,cvl,187.5
2022-12-12,cvl,187.91
2022-12-13,cvl,188.59
2022-12-14,cvl,188.97
2022-12-15,cvl,189.64
2022-12-16,cvl,189.79
2022-12-17,cvl,190.07
2022-12-18,cvl,190.55
2022-12-19,cvl,190.89
2022-12-20,cvl,191.06
2022-12-21,cvl,191.38
2022-12-22,cvl,191.7
2022-12-23,cvl,191.95
2022-12-24,cvl,192.05
2022-12-25,cvl,192.27
2022-12-26,cvl,192.46
2022-12-27,cvl,192.93
2022-12-28,cvl,193.38
2022-12-29,cvl,193.6
2022-12-30,cvl,193.98
2022-12-31,cvl,194.26
2023-01-01,cvl,194.33
2023-01-02,cvl,194.55
2023-01-03,cvl,194.43
2023-01-04,cvl,194.33
2023-01-05,cvl,194.07
2023-01-06,cvl,193.97
2023-01-07,cvl,194.22
2023-01-08,cvl,194.29
2023-01-09,cvl,194.14
2023-01-10,cvl,194.02
2023-01-11,cvl,193.95
2023-01-12,cvl,194.19
2023-01-13,cvl,194.39
2023-01-14,cvl,194.26
2023-01-15,cvl,194.25
2023-01-16,cvl,194.26
2023-01-17,cvl,194.21
2023-01-18,cvl,194.69
2023-01-19,cvl,195
2023-01-20,cvl,195.31
2023-01-21,cvl,195.93
2023-01-22,cvl,196.46
2023-01-23,cvl,196.65
2023-01-24,cvl,197.24
2023-01-25,cvl,197.06
2023-01-26,cvl,196.98
2023-01-27,cvl,196.77
2023-01-28,cvl,196.31
2023-01-29,cvl,195.77
2023-01-30,cvl,195.17
2023-01-31,cvl,194.88
2023-02-01,cvl,195.02
2023-02-02,cvl,195.1
2023-02-03,cvl,194.78
2023-02-04,cvl,194.64
2023-02-05,cvl,194.6
2023-02-06,cvl,194.87
2023-02-07,cvl,194.9
2023-02-08,cvl,194.16
2023-02-09,cvl,193.88
2023-02-10,cvl,193.83
2023-02-11,cvl,193.71
2023-02-12,cvl,193.53
2023-02-13,cvl,193.51
2023-02-14,cvl,193.18
2023-02-15,cvl,193.07
2023-02-16,cvl,192.56
2023-02-17,cvl,192.22
2023-02-18,cvl,191.68
2023-02-19,cvl,191.42
2023-02-20,cvl,191.19
2023-02-21,cvl,191.03
2023-02-22,cvl,191.33
2023-02-23,cvl,191.93
2023-02-24,cvl,191.8
2023-02-25,cvl,191.99
2023-02-26,cvl,191.71
2023-02-27,cvl,191.21
2023-02-28,cvl,190.73
2023-03-01,cvl,190.11
2023-03-02,cvl,189.07
2023-03-03,cvl,188.85
2023-03-04,cvl,188.59
2023-03-05,cvl,188.98
2023-03-06,cvl,189.41
2023-03-07,cvl,189.62
2023-03-08,cvl,189.67
2023-03-09,cvl,190.1
2023-03-10,cvl,191.23
2023-03-11,cvl,192.36
2023-03-12,cvl,193.08
2023-03-13,cvl,193.98
2023-03-14,cvl,195.08
2023-03-15,cvl,196.3
2023-03-16,cvl,197.31
2023-03-17,cvl,197.64
2023-03-18,cvl,198.02
2023-03-19,cvl,198.3
2023-03-20,cvl,198.6
2023-03-21,cvl,198.63
2023-03-22,cvl,197.52
2023-03-23,cvl,197.03
2023-03-24,cvl,196.4
2023-03-25,cvl,196
2023-03-26,cvl,195.66
2023-03-27,cvl,195.09
2023-03-28,cvl,194.96
2023-03-29,cvl,195.84
2023-03-30,cvl,195.93
2023-03-31,cvl,196.01
2023-04-01,cvl,195.72
2023-04-02,cvl,195.56
2023-04-03,cvl,195.46
2023-04-04,cvl,195.31
2023-04-05,cvl,195.36
2023-04-06,cvl,195.72
2023-04-07,cvl,196.34
2023-04-08,cvl,197.01
2023-04-09,cvl,197.53
2023-04-10,cvl,198.36
2023-04-11,cvl,198.73
2023-04-12,cvl,199.09
2023-04-13,cvl,199.38
2023-04-14,cvl,199.25
2023-04-15,cvl,199.05
2023-04-16,cvl,199.09
2023-04-17,cvl,198.66
2023-04-18,cvl,198.73
2023-04-19,cvl,198.55
2023-04-20,cvl,198.37
2023-04-21,cvl,198.26
2023-04-22,cvl,198.52
2023-04-23,cvl,198.51
2023-04-24,cvl,198.93
2023-04-25,cvl,199.3
2023-04-26,cvl,199.63
2023-04-27,cvl,200.02
2023-04-28,cvl,200.73
2023-04-29,cvl,201.04
2023-04-30,cvl,201.22
2023-05-01,cvl,201.39
2023-05-02,cvl,201
2023-05-03,cvl,200.7
2023-05-04,cvl,200.26
2023-05-05,cvl,199.74
2023-05-06,cvl,198.77
2023-05-07,cvl,197.86
2023-05-08,cvl,196.68
2023-05-09,cvl,195.19
2023-05-10,cvl,193.88
2023-05-11,cvl,192.44
2023-05-12,cvl,190.97
2023-05-13,cvl,189.98
2023-05-14,cvl,188.9
2023-05-15,cvl,187.71
2023-05-16,cvl,187.31
2023-05-17,cvl,186.98
2023-05-18,cvl,187.1
2023-05-19,cvl,186.88
2023-05-20,cvl,186.27
2023-05-21,cvl,186.04
2023-05-22,cvl,185.85
2023-05-23,cvl,185.61
2023-05-24,cvl,185.22
2023-05-25,cvl,184.43
2023-05-26,cvl,183.81
2023-05-27,cvl,183.64
2023-05-28,cvl,183.26
2023-05-29,cvl,183.4
2023-05-30,cvl,183.18
2023-05-31,cvl,182.93
2023-06-01,cvl,182.79
2023-06-02,cvl,182.56
2023-06-03,cvl,182.37
2023-06-04,cvl,182.29
2023-06-05,cvl,181.91
2023-06-06,cvl,181.81
2023-06-07,cvl,181.77
2023-06-08,cvl,181.86
2023-06-09,cvl,181.74
2023-06-10,cvl,181.78
2023-06-11,cvl,181.64
2023-06-12,cvl,181.75
2023-06-13,cvl,181.82
2023-06-14,cvl,181.95
2023-06-15,cvl,181.89
2023-06-16,cvl,182.39
2023-06-17,cvl,182.59
2023-06-18,cvl,182.97
2023-06-19,cvl,183.1
2023-06-20,cvl,183.26
2023-06-21,cvl,183.47
2023-06-22,cvl,183.62
2023-06-23,cvl,183.54
2023-06-24,cvl,183.61
2023-06-25,cvl,183.56
2023-06-26,cvl,183.46
2023-06-27,cvl,183.18
2023-06-28,cvl,182.89
2023-06-29,cvl,182.94
2023-06-30,cvl,182.79
2023-07-01,cvl,182.48
2023-07-02,cvl,182.13
2023-07-03,cvl,181.71
2023-07-04,cvl,181.47
2023-07-05,cvl,181.24
2023-07-06,cvl,180.76
2023-07-07,cvl,180.41
2023-07-08,cvl,180.17
2023-07-09,cvl,179.83
2023-07-10,cvl,179.84
2023-07-11,cvl,179.8
2023-07-12,cvl,179.49
2023-07-13,cvl,179.32
2023-07-14,cvl,179.29
2023-07-15,cvl,179.25
2023-07-16,cvl,179.44
2023-07-17,cvl,179.5
2023-07-18,cvl,179.42
2023-07-19,cvl,179.68
2023-07-20,cvl,180.16
2023-07-21,cvl,180.37
2023-07-22,cvl,180.39
2023-07-23,cvl,180.73
2023-07-24,cvl,180.92
2023-07-25,cvl,181.43
2023-07-26,cvl,181.9
2023-07-27,cvl,182.26
2023-07-28,cvl,182.84
2023-07-29,cvl,183.94
2023-07-30,cvl,184.71
2023-07-31,cvl,185.62
2023-08-01,cvl,186.58
2023-08-02,cvl,187.26
2023-08-03,cvl,187.49
2023-08-04,cvl,187.58
2023-08-05,cvl,187.44
2023-08-06,cvl,187.34
2023-08-07,cvl,187.28
2023-08-08,cvl,187.07
2023-08-09,cvl,187.02
2023-08-10,cvl,187.08
2023-08-11,cvl,187.17
2023-08-12,cvl,187.16
2023-08-13,cvl,187.19
2023-08-14,cvl,187.37
2023-08-15,cvl,187.69
2023-08-16,cvl,187.81
2023-08-17,cvl,188.08
2023-08-18,cvl,188.36
2023-08-19,cvl,188.56
2023-08-20,cvl,188.76
2023-08-21,cvl,188.89
2023-08-22,cvl,188.74
2023-08-23,cvl,188.77
2023-08-24,cvl,188.89
2023-08-25,cvl,189.08
2023-08-26,cvl,189.3
2023-08-27,cvl,189.48
2023-08-28,cvl,189.43
2023-08-29,cvl,189.68
2023-08-30,cvl,189.78
2023-08-31,cvl,189.84
2023-09-01,cvl,189.65
2023-09-02,cvl,189.5
2023-09-03,cvl,189.35
2023-09-04,cvl,189.2
2023-09-05,cvl,188.57
2023-09-06,cvl,188.11
2023-09-07,cvl,187.65
2023-09-08,cvl,187.38
2023-09-09,cvl,187.04
2023-09-10,cvl,186.6
2023-09-11,cvl,186.26
2023-09-12,cvl,185.85
2023-09-13,cvl,185.43
2023-09-14,cvl,184.77
2023-09-15,cvl,184.2
2023-09-16,cvl,183.9
2023-09-17,cvl,183.52
2023-09-18,cvl,183.07
2023-09-19,cvl,183.17
2023-09-20,cvl,183.08
2023-09-21,cvl,182.99
2023-09-22,cvl,182.82
2023-09-23,cvl,182.48
2023-09-24,cvl,182.26
2023-09-25,cvl,182.18
2023-09-26,cvl,181.86
2023-09-27,cvl,181.59
2023-09-28,cvl,181.67
2023-09-29,cvl,181.67
2023-09-30,cvl,181.67
2023-10-01,cvl,181.54
2023-10-02,cvl,181.17
2023-10-03,cvl,180.89
2023-10-04,cvl,180.84
2023-10-05,cvl,180.54
2023-10-06,cvl,180.3
2023-10-07,cvl,179.74
2023-10-08,cvl,179.27
2023-10-09,cvl,178.72
2023-10-10,cvl,178.18
2023-10-11,cvl,177.61
2023-10-12,cvl,177.13
2023-10-13,cvl,176.57
2023-10-14,cvl,176.2
2023-10-15,cvl,175.89
2023-10-16,cvl,175.73
2023-10-17,cvl,175.35
2023-10-18,cvl,174.82
2023-10-19,cvl,174.35
2023-10-20,cvl,174.01
2023-10-21,cvl,173.61
2023-10-22,cvl,173.37
2023-10-23,cvl,173.13
2023-10-24,cvl,173.14
2023-10-25,cvl,173.11
2023-10-26,cvl,173
2023-10-27,cvl,172.92
2023-10-28,cvl,172.9
2023-10-29,cvl,172.65
2023-10-30,cvl,172.61
2023-10-31,cvl,172.45
2023-11-01,cvl,172.51
2023-11-02,cvl,172.35
2023-11-03,cvl,171.88
2023-11-04,cvl,171.46
2023-11-05,cvl,171.01
2023-11-06,cvl,170.4
2023-11-07,cvl,169.85
2023-11-08,cvl,169.12
2023-11-09,cvl,168.54
2023-11-10,cvl,168.21
2023-11-11,cvl,168.11
2023-11-12,cvl,168.03
2023-11-13,cvl,168.12
2023-11-14,cvl,168.07
2023-11-15,cvl,168.21
2023-11-16,cvl,168.45
2023-11-17,cvl,168.78
2023-11-18,cvl,168.81
2023-11-19,cvl,168.89
2023-11-20,cvl,168.82
2023-11-21,cvl,168.85
2023-11-22,cvl,168.81
2023-11-23,cvl,168.73
2023-11-24,cvl,168.62
2023-11-25,cvl,168.56
2023-11-26,cvl,168.51
2023-11-27,cvl,168.67
2023-11-28,cvl,168.85
2023-11-29,cvl,169.04
2023-11-30,cvl,169.2
2023-12-01,cvl,168.96
2023-12-02,cvl,168.73
2023-12-03,cvl,168.51
2023-12-04,cvl,167.99
2023-12-05,cvl,167.52
2023-12-06,cvl,167.12
2023-12-07,cvl,166.77
2023-12-08,cvl,166.79
2023-12-09,cvl,166.88
2023-12-10,cvl,166.97
2023-12-11,cvl,167.05
2023-12-12,cvl,167.07
2023-12-13,cvl,167.07
2023-12-14,cvl,167.14
2023-12-15,cvl,166.93
2023-12-16,cvl,166.52
2023-12-17,cvl,166.18
2023-12-18,cvl,165.83
2023-12-19,cvl,165.44
2023-12-20,cvl,165.17
2023-12-21,cvl,164.92
2023-12-22,cvl,164.84
2023-12-23,cvl,164.83
2023-12-24,cvl,164.84
2023-12-25,cvl,165.21
2023-12-26,cvl,165.41
2023-12-27,cvl,165.34
2023-12-28,cvl,165.2
2023-12-29,cvl,165.06
2023-12-30,cvl,164.89
2023-12-31,cvl,164.64
2024-01-01,cvl,164.36
2024-01-02,cvl,163.99
2024-01-03,cvl,163.69
2024-01-04,cvl,163.33
2024-01-05,cvl,163.27
2024-01-06,cvl,163.31
2024-01-07,cvl,163.21
2024-01-08,cvl,162.82
2024-01-09,cvl,162.81
2024-01-10,cvl,162.89
2024-01-11,cvl,162.96
2024-01-12,cvl,162.79
2024-01-13,cvl,162.48
2024-01-14,cvl,162.27
2024-01-15,cvl,162.14
2024-01-16,cvl,161.89
2024-01-17,cvl,161.83
2024-01-18,cvl,161.77
2024-01-19,cvl,161.63
2024-01-20,cvl,161.83
2024-01-21,cvl,162.04
2024-01-22,cvl,162.12
2024-01-23,cvl,162.33
2024-01-24,cvl,162.4
2024-01-25,cvl,162.5
2024-01-26,cvl,162.64
2024-01-27,cvl,162.89
2024-01-28,cvl,163.03
2024-01-29,cvl,163.2
2024-01-30,cvl,162.84
2024-01-31,cvl,161.99
2024-02-01,cvl,161.15
2024-02-02,cvl,160.42
2024-02-03,cvl,159.5
2024-02-04,cvl,158.61
2024-02-05,cvl,157.69
2024-02-06,cvl,157.23
2024-02-07,cvl,157.21
2024-02-08,cvl,157.41
2024-02-09,cvl,157.53
2024-02-10,cvl,157.49
2024-02-11,cvl,157.57
2024-02-12,cvl,157.91
2024-02-13,cvl,157.61
2024-02-14,cvl,157.78
2024-02-15,cvl,158.41
2024-02-16,cvl,159.17
2024-02-17,cvl,159.9
2024-02-18,cvl,160.69
2024-02-19,cvl,161.32
2024-02-20,cvl,162.74
2024-02-21,cvl,163.78
2024-02-22,cvl,164.15
2024-02-23,cvl,164.56
2024-02-24,cvl,164.92
2024-02-25,cvl,165.13
2024-02-26,cvl,165.33
2024-02-27,cvl,165.05
2024-02-28,cvl,164.62
2024-02-29,cvl,164.42
2024-03-01,cvl,164.02
2024-03-02,cvl,163.73
2024-03-03,cvl,163.41
2024-03-04,cvl,163.22
2024-03-05,cvl,163.36
2024-03-06,cvl,163.42
2024-03-07,cvl,163.22
2024-03-08,cvl,163.06
2024-03-09,cvl,162.88
2024-03-10,cvl,162.74
2024-03-11,cvl,162.53
2024-03-12,cvl,162.28
2024-03-13,cvl,161.99
2024-03-14,cvl,161.84
2024-03-15,cvl,161.94
2024-03-16,cvl,161.97
2024-03-17,cvl,162.05
2024-03-18,cvl,162.24
2024-03-19,cvl,162.42
2024-03-20,cvl,162.67
2024-03-21,cvl,162.99
2024-03-22,cvl,163.06
2024-03-23,cvl,163.33
2024-03-24,cvl,163.6
2024-03-25,cvl,163.95
2024-03-26,cvl,164.15
2024-03-27,cvl,164.38
2024-03-28,cvl,164.41
2024-03-29,cvl,164.49
2024-03-30,cvl,164.4
2024-03-31,cvl,164.32
2024-04-01,cvl,164.07
2024-04-02,cvl,163.81
2024-04-03,cvl,163.57
2024-04-04,cvl,163.46
2024-04-05,cvl,163.45
2024-04-06,cvl,163.6
2024-04-07,cvl,163.83
2024-04-08,cvl,163.99
2024-04-09,cvl,164.37
2024-04-10,cvl,164.68
2024-04-11,cvl,165.01
2024-04-12,cvl,165.17
2024-04-13,cvl,165.35
2024-04-14,cvl,165.36
2024-04-15,cvl,165.51
2024-04-16,cvl,165.59
2024-04-17,cvl,165.83
2024-04-18,cvl,166.03
2024-04-19,cvl,166.53
2024-04-20,cvl,166.71
2024-04-21,cvl,167.09
2024-04-22,cvl,167.43
2024-04-23,cvl,167.95
2024-04-24,cvl,168.41
2024-04-25,cvl,168.89
2024-04-26,cvl,169.18
2024-04-27,cvl,169.53
2024-04-28,cvl,169.77
2024-04-29,cvl,169.87
2024-04-30,cvl,169.67
2024-05-01,cvl,169.47
2024-05-02,cvl,168.84
2024-05-03,cvl,168.18
2024-05-04,cvl,167.64
2024-05-05,cvl,167.01
2024-05-06,cvl,166.42
2024-05-07,cvl,165.99
2024-05-08,cvl,165.44
2024-05-09,cvl,165.08
2024-05-10,cvl,164.56
2024-05-11,cvl,163.98
2024-05-12,cvl,163.5
2024-05-13,cvl,162.99
2024-05-14,cvl,162.34
2024-05-15,cvl,161.85
2024-05-16,cvl,161.64
2024-05-17,cvl,161.32
2024-05-18,cvl,160.92
2024-05-19,cvl,160.42
2024-05-20,cvl,160.09
2024-05-21,cvl,159.47
2024-05-22,cvl,159.13
2024-05-23,cvl,158.68
2024-05-24,cvl,158.44
2024-05-25,cvl,158.42
2024-05-26,cvl,158.41
2024-05-27,cvl,158.27
2024-05-28,cvl,158.68
2024-05-29,cvl,158.84
2024-05-30,cvl,159.1
2024-05-31,cvl,159.41
2024-06-01,cvl,159.8
2024-06-02,cvl,160.26
2024-06-03,cvl,160.7
2024-06-04,cvl,161.11
2024-06-05,cvl,161.25
2024-06-06,cvl,161.22
2024-06-07,cvl,161.1
2024-06-08,cvl,160.86
2024-06-09,cvl,160.65
2024-06-10,cvl,160.51
2024-06-11,cvl,160.32
2024-06-12,cvl,160.17
2024-06-13,cvl,160.11
2024-06-14,cvl,159.59
2024-06-15,cvl,158.92
2024-06-16,cvl,158.06
2024-06-17,cvl,157.04
2024-06-18,cvl,156.24
2024-06-19,cvl,155.44
2024-06-20,cvl,154.83
2024-06-21,cvl,154.81
2024-06-22,cvl,154.85
2024-06-23,cvl,154.97
2024-06-24,cvl,155.36
2024-06-25,cvl,155.48
2024-06-26,cvl,155.61
2024-06-27,cvl,155.56
2024-06-28,cvl,155.34
2024-06-29,cvl,155.1
2024-06-30,cvl,155.02
2024-07-01,cvl,154.69
2024-07-02,cvl,154.38
2024-07-03,cvl,155.13
2024-07-04,cvl,155.82
2024-07-05,cvl,156.77
2024-07-06,cvl,157.75
2024-07-07,cvl,158.62
2024-07-08,cvl,159.59
2024-07-09,cvl,160.59
2024-07-10,cvl,159.53
2024-07-11,cvl,158.69
2024-07-12,cvl,157.85
2024-07-13,cvl,157.14
2024-07-14,cvl,156.42
2024-07-15,cvl,156
2024-07-16,cvl,155.64
2024-07-17,cvl,156.39
2024-07-18,cvl,157.09
2024-07-19,cvl,157.56
2024-07-20,cvl,157.75
2024-07-21,cvl,158.12
2024-07-22,cvl,158.16
2024-07-23,cvl,158.07
2024-07-24,cvl,157.83
2024-07-25,cvl,157.3
2024-07-26,cvl,156.94
2024-07-27,cvl,156.64
2024-07-28,cvl,156.22
2024-07-29,cvl,155.83
2024-07-30,cvl,155.53
2024-07-31,cvl,155.38
2024-08-01,cvl,155.31
2024-08-02,cvl,155.1
2024-08-03,cvl,154.87
2024-08-04,cvl,154.77
2024-08-05,cvl,154.62
2024-08-06,cvl,154.38
2024-08-07,cvl,154.16
2024-08-08,cvl,153.97
2024-08-09,cvl,153.98
2024-08-10,cvl,154.01
2024-08-11,cvl,153.95
2024-08-12,cvl,153.96
2024-08-13,cvl,154.15
2024-08-14,cvl,154.2
2024-08-15,cvl,154.42
2024-08-16,cvl,154.34
2024-08-17,cvl,154.29
2024-08-18,cvl,154.25
2024-08-19,cvl,154.21
2024-08-20,cvl,153.91
2024-08-21,cvl,153.58
2024-08-22,cvl,153.21
2024-08-23,cvl,153.09
2024-08-24,cvl,152.97
2024-08-25,cvl,152.86
2024-08-26,cvl,152.68
2024-08-27,cvl,152.72
2024-08-28,cvl,152.93
2024-08-29,cvl,153.05
2024-08-30,cvl,152.93
2024-08-31,cvl,153.01
2024-09-01,cvl,152.96
2024-09-02,cvl,152.91
2024-09-03,cvl,152.75
2024-09-04,cvl,152.58
2024-09-05,cvl,152.52
2024-09-06,cvl,152.75
2024-09-07,cvl,152.71
2024-09-08,cvl,152.79
2024-09-09,cvl,152.76
2024-09-10,cvl,152.71
2024-09-11,cvl,152.23
2024-09-12,cvl,151.82
2024-09-13,cvl,151.46
2024-09-14,cvl,151.33
2024-09-15,cvl,151.09
2024-09-16,cvl,150.91
2024-09-17,cvl,150.68
2024-09-18,cvl,150.9
2024-09-19,cvl,150.92
2024-09-20,cvl,150.74
2024-09-21,cvl,150.51
2024-09-22,cvl,150.34
2024-09-23,cvl,150.01
2024-09-24,cvl,149.93
2024-09-25,cvl,149.82
2024-09-26,cvl,149.67
2024-09-27,cvl,149.38
2024-09-28,cvl,149.03
2024-09-29,cvl,148.69
2024-09-30,cvl,148.61
2024-10-01,cvl,148.19
2024-10-02,cvl,147.78
2024-10-03,cvl,147.55
2024-10-04,cvl,147.39
2024-10-05,cvl,147.28
2024-10-06,cvl,147.06
2024-10-07,cvl,146.73
2024-10-08,cvl,146.67
2024-10-09,cvl,146.8
2024-10-10,cvl,146.63
2024-10-11,cvl,146.58
2024-10-12,cvl,146.58
2024-10-13,cvl,146.68
2024-10-14,cvl,146.9
2024-10-15,cvl,147.07
2024-10-16,cvl,146.95
2024-10-17,cvl,146.9
2024-10-18,cvl,146.87
2024-10-19,cvl,146.9
2024-10-20,cvl,146.96
2024-10-21,cvl,146.95
2024-10-22,cvl,146.79
2024-10-23,cvl,146.9
2024-10-24,cvl,147.1
2024-10-25,cvl,147.34
2024-10-26,cvl,147.45
2024-10-27,cvl,147.59
2024-10-28,cvl,147.84
2024-10-29,cvl,148.09
2024-10-30,cvl,148.3
2024-10-31,cvl,148.52
2024-11-01,cvl,148.87
2024-11-02,cvl,148.99
2024-11-03,cvl,149.1
2024-11-04,cvl,149.09
2024-11-05,cvl,149.23
2024-11-06,cvl,149.2
2024-11-07,cvl,149.26
2024-11-08,cvl,148.87
2024-11-09,cvl,148.77
2024-11-10,cvl,148.55
2024-11-11,cvl,148.62
2024-11-12,cvl,148.37
2024-11-13,cvl,148.14
2024-11-14,cvl,147.77
2024-11-15,cvl,147.77
2024-11-16,cvl,147.45
2024-11-17,cvl,147.2
2024-11-18,cvl,146.63
2024-11-19,cvl,146.45
2024-11-20,cvl,146.3
2024-11-21,cvl,146.07
2024-11-22,cvl,145.79
2024-11-23,cvl,145.84
2024-11-24,cvl,145.94
2024-11-25,cvl,146.15
2024-11-26,cvl,146.16
2024-11-27,cvl,146.05
2024-11-28,cvl,146.03
2024-11-29,cvl,146.21
2024-11-30,cvl,146.36
2024-12-01,cvl,146.18
2024-12-02,cvl,146.07
2024-12-03,cvl,146.04
2024-12-04,cvl,146.09
2024-12-05,cvl,146.13
2024-12-06,cvl,145.94
2024-12-07,cvl,145.83
2024-12-08,cvl,145.72
2024-12-09,cvl,145.67
2024-12-10,cvl,145.63
2024-12-11,cvl,145.56
2024-12-12,cvl,145.39
2024-12-13,cvl,145.46
2024-12-14,cvl,145.27
2024-12-15,cvl,145.47
2024-12-16,cvl,145.57
2024-12-17,cvl,145.7
2024-12-18,cvl,145.87
2024-12-19,cvl,146.18
2024-12-20,cvl,146.3
2024-12-21,cvl,146.23
2024-12-22,cvl,146.09
2024-12-23,cvl,145.92
2024-12-24,cvl,145.66
2024-12-25,cvl,145.42
2024-12-26,cvl,145.02
2024-12-27,cvl,144.5
2024-12-28,cvl,144.29
2024-12-29,cvl,143.93
2024-12-30,cvl,143.69
2024-12-31,cvl,143.52
2025-01-01,cvl,143.29
2025-01-02,cvl,143.07
2025-01-03,cvl,142.9
2025-01-04,cvl,142.78
2025-01-05,cvl,142.67
2025-01-06,cvl,142.26
2025-01-07,cvl,141.94
2025-01-08,cvl,141.5
2025-01-09,cvl,141.3
2025-01-10,cvl,141.2
2025-01-11,cvl,141.09
2025-01-12,cvl,141.04
2025-01-13,cvl,141.05
2025-01-14,cvl,140.92
2025-01-15,cvl,140.99
2025-01-16,cvl,140.88
2025-01-17,cvl,140.59
2025-01-18,cvl,140.35
2025-01-19,cvl,140.08
2025-01-20,cvl,139.96
2025-01-21,cvl,139.97
2025-01-22,cvl,139.95
2025-01-23,cvl,139.89
2025-01-24,cvl,140.13
2025-01-25,cvl,140.27
2025-01-26,cvl,140.42
2025-01-27,cvl,140.49
2025-01-28,cvl,141.49
2025-01-29,cvl,141.5
2025-01-30,cvl,141.63
2025-01-31,cvl,141.61
2025-02-01,cvl,141.73
2025-02-02,cvl,141.82
2025-02-03,cvl,141.78
2025-02-04,cvl,140.76
2025-02-05,cvl,140.75
2025-02-06,cvl,140.79
2025-02-07,cvl,140.78
2025-02-08,cvl,140.59
2025-02-09,cvl,140.42
2025-02-10,cvl,140.26
2025-02-11,cvl,140.17
2025-02-12,cvl,139.93
2025-02-13,cvl,139.66
2025-02-14,cvl,139.4
2025-02-15,cvl,139.09
2025-02-16,cvl,138.91
2025-02-17,cvl,138.87
2025-02-18,cvl,138.49
2025-02-19,cvl,138.11
2025-02-20,cvl,137.66
2025-02-21,cvl,137.14
2025-02-22,cvl,136.85
2025-02-23,cvl,136.4
2025-02-24,cvl,135.85
2025-02-25,cvl,135.59
2025-02-26,cvl,135.3
2025-02-27,cvl,135.35
2025-02-28,cvl,135.54
2025-03-01,cvl,135.51
2025-03-02,cvl,135.49
2025-03-03,cvl,135.56
2025-03-04,cvl,135.53
2025-03-05,cvl,134.49
2025-03-06,cvl,134.37
2025-03-07,cvl,134.18
2025-03-08,cvl,134.42
2025-03-09,cvl,134.67
2025-03-10,cvl,134.98
2025-03-11,cvl,135.35
2025-03-12,cvl,136.97
2025-03-13,cvl,137.18
2025-03-14,cvl,137.45
2025-03-15,cvl,137.32
2025-03-16,cvl,137.29
2025-03-17,cvl,137.31
2025-03-18,cvl,137.34
2025-03-19,cvl,137.33
2025-03-20,cvl,137.41
2025-03-21,cvl,137.43
2025-03-22,cvl,137.56
2025-03-23,cvl,137.7
2025-03-24,cvl,137.74
2025-03-25,cvl,137.81
2025-03-26,cvl,137.72
2025-03-27,cvl,137.68
2025-03-28,cvl,137.46
2025-03-29,cvl,137.32
2025-03-30,cvl,137.11
2025-03-31,cvl,136.9
2025-04-01,cvl,136.62
2025-04-02,cvl,136.53
2025-04-03,cvl,136.46
2025-04-04,cvl,136.48
2025-04-05,cvl,136.43
2025-04-06,cvl,136.35
2025-04-07,cvl,136.3
2025-04-08,cvl,136.21
2025-04-09,cvl,135.98
2025-04-10,cvl,135.73
2025-04-11,cvl,135.44
2025-04-12,cvl,135.18
2025-04-13,cvl,134.91
2025-04-14,cvl,134.66
2025-04-15,cvl,134.34
2025-04-16,cvl,134.24
2025-04-17,cvl,134.06
2025-04-18,cvl,134.1
2025-04-19,cvl,134.04
2025-04-20,cvl,134.03
2025-04-21,cvl,134.17
2025-04-22,cvl,134.24
2025-04-23,cvl,134.09
2025-04-24,cvl,133.99
2025-04-25,cvl,133.95
2025-04-26,cvl,134.04
2025-04-27,cvl,134.09
2025-04-28,cvl,134.06
2025-04-29,cvl,134.18
2025-04-30,cvl,134.46
2025-05-01,cvl,134.84
2025-05-02,cvl,135.03
2025-05-03,cvl,135.01
2025-05-04,cvl,135
2025-05-05,cvl,134.97
2025-05-06,cvl,134.89
2025-05-07,cvl,134.72
2025-05-08,cvl,134.49
2025-05-09,cvl,134.2
2025-05-10,cvl,133.89
2025-05-11,cvl,133.57
2025-05-12,cvl,133.21
2025-05-13,cvl,132.98
2025-05-14,cvl,132.75
2025-05-15,cvl,132.34
2025-05-16,cvl,132.12
2025-05-17,cvl,131.9
2025-05-18,cvl,131.92
2025-05-19,cvl,131.97
2025-05-20,cvl,132.06
2025-05-21,cvl,132.1
2025-05-22,cvl,132.23
2025-05-23,cvl,132.44
2025-05-24,cvl,132.68
2025-05-25,cvl,132.72
2025-05-26,cvl,132.69
2025-05-27,cvl,132.54
2025-05-28,cvl,132.42
2025-05-29,cvl,132.62
2025-05-30,cvl,132.61
2025-05-31,cvl,132.46
2025-06-01,cvl,132.27
2025-06-02,cvl,132.12
2025-06-03,cvl,131.9
2025-06-04,cvl,131.51
2025-06-05,cvl,130.84
2025-06-06,cvl,130.33
2025-06-07,cvl,130
2025-06-08,cvl,129.63
2025-06-09,cvl,129.38
2025-06-10,cvl,128.82
2025-06-11,cvl,128.5
2025-06-12,cvl,128.11
2025-06-13,cvl,127.62
2025-06-14,cvl,127.28
2025-06-15,cvl,127.05
2025-06-16,cvl,126.62
2025-06-17,cvl,126.59
2025-06-18,cvl,126.66
2025-06-19,cvl,126.68
2025-06-20,cvl,126.64
2025-06-21,cvl,126.43
2025-06-22,cvl,126.34
2025-06-23,cvl,126.35
2025-06-24,cvl,126.32
2025-06-25,cvl,126.08
2025-06-26,cvl,126.05
2025-06-27,cvl,126.09
2025-06-28,cvl,126.21
2025-06-29,cvl,126.22
2025-06-30,cvl,126.15
2025-07-01,cvl,126.11
2025-07-02,cvl,126.1
2025-07-03,cvl,125.82
2025-07-04,cvl,125.48
2025-07-05,cvl,125.08
2025-07-06,cvl,124.71
2025-07-07,cvl,124.46
2025-07-08,cvl,124.1
2025-07-09,cvl,123.69
2025-07-10,cvl,123.5
2025-07-11,cvl,123.46
2025-07-12,cvl,123.53
2025-07-13,cvl,123.5
2025-07-14,cvl,123.6
2025-07-15,cvl,123.67
2025-07-16,cvl,123.87
2025-07-17,cvl,124.1
2025-07-18,cvl,124.14
2025-07-19,cvl,124.05
2025-07-20,cvl,124.08
2025-07-21,cvl,123.89
2025-07-22,cvl,123.96
2025-07-23,cvl,123.77
2025-07-24,cvl,123.48
2025-07-25,cvl,123.45
2025-07-26,cvl,123.46
2025-07-27,cvl,123.42
2025-07-28,cvl,123.45
2025-07-29,cvl,123.39
2025-07-30,cvl,123.48
2025-07-31,cvl,123.61
2025-08-01,cvl,123.44
2025-08-02,cvl,123.18
2025-08-03,cvl,122.72
2025-08-04,cvl,122.36
2025-08-05,cvl,122.16
2025-08-06,cvl,121.82
2025-08-07,cvl,121.52
2025-08-08,cvl,121.33
2025-08-09,cvl,121.21
2025-08-10,cvl,121.24
2025-08-11,cvl,121.15
2025-08-12,cvl,120.92
2025-08-13,cvl,120.83
2025-08-14,cvl,120.83
2025-08-15,cvl,121.04
2025-08-16,cvl,121
2025-08-17,cvl,121.08
2025-08-18,cvl,121.28
2025-08-19,cvl,121.38
2025-08-20,cvl,121.76
2025-08-21,cvl,121.96
2025-08-22,cvl,121.88
2025-08-23,cvl,122.08
2025-08-24,cvl,122.09
2025-08-25,cvl,121.96
2025-08-26,cvl,121.82
2025-08-27,cvl,121.57
2025-08-28,cvl,121.48
2025-08-29,cvl,121.36
2025-08-30,cvl,121.21
2025-08-31,cvl,121.09
2025-09-01,cvl,120.92
2025-09-02,cvl,120.86
2025-09-03,cvl,120.75
2025-09-04,cvl,120.68
2025-09-05,cvl,120.7
2025-09-06,cvl,120.68
2025-09-07,cvl,120.68
2025-09-08,cvl,120.75
2025-09-09,cvl,120.62
2025-09-10,cvl,120.37
2025-09-11,cvl,120.09
2025-09-12,cvl,119.8
2025-09-13,cvl,119.51
2025-09-14,cvl,119.27
2025-09-15,cvl,119.12
2025-09-16,cvl,119.24
2025-09-17,cvl,119.31
2025-09-18,cvl,119.37
2025-09-19,cvl,119.37
2025-09-20,cvl,119.54
2025-09-21,cvl,119.67
2025-09-22,cvl,119.72
2025-09-23,cvl,119.61
2025-09-24,cvl,119.6
2025-09-25,cvl,119.62
2025-09-26,cvl,119.61
2025-09-27,cvl,119.38
2025-09-28,cvl,119.09
2025-09-29,cvl,118.85
2025-09-30,cvl,118.72
2025-10-01,cvl,118.76
2025-10-02,cvl,118.79
2025-10-03,cvl,118.83
2025-10-04,cvl,118.96
2025-10-05,cvl,119.1
2025-10-06,cvl,119.08
2025-10-07,cvl,119.03
2025-10-08,cvl,118.81
2025-10-09,cvl,118.47
2025-10-10,cvl,118.42
2025-10-11,cvl,118.32
2025-10-12,cvl,118.29
2025-10-13,cvl,118.31
2025-10-14,cvl,118.29
2025-10-15,cvl,118.22
2025-10-16,cvl,118.23
2025-10-17,cvl,117.88
2025-10-18,cvl,117.54
2025-10-19,cvl,117.19
2025-10-20,cvl,116.84
2025-10-21,cvl,116.41
2025-10-22,cvl,116.19
2025-10-23,cvl,115.95
2025-10-24,cvl,115.78
2025-10-25,cvl,115.66
2025-10-26,cvl,115.49
2025-10-27,cvl,115.52
2025-10-28,cvl,115.62
2025-10-29,cvl,115.59
2025-10-30,cvl,115.64
2025-10-31,cvl,115.61
2025-11-01,cvl,115.27
2025-11-02,cvl,115.27
2025-11-03,cvl,115.13
2025-11-04,cvl,115.02
2025-11-05,cvl,114.85
2025-11-06,cvl,114.67
2025-11-07,cvl,114.71
2025-11-08,cvl,115.06
2025-11-09,cvl,115.09
2025-11-10,cvl,115.29
2025-11-11,cvl,115.46
2025-11-12,cvl,115.56
2025-11-13,cvl,115.65
2025-11-14,cvl,115.63
2025-11-15,cvl,115.62
2025-11-16,cvl,115.57
2025-11-17,cvl,115.54
2025-11-18,cvl,115.67
2025-11-19,cvl,115.41
2025-11-20,cvl,115.26
2025-11-21,cvl,115.12
2025-11-22,cvl,114.97
2025-11-23,cvl,114.9
2025-11-24,cvl,114.79
2025-11-25,cvl,114.56
2025-11-26,cvl,114.82
2025-11-27,cvl,114.77
2025-11-28,cvl,114.83
2025-11-29,cvl,114.93
2025-11-30,cvl,114.96
2025-12-01,cvl,114.59
2025-12-02,cvl,114.29
2025-12-03,cvl,113.88
2025-12-04,cvl,113.57
2025-12-05,cvl,113.26
2025-12-06,cvl,112.77
2025-12-07,cvl,112.33
2025-12-08,cvl,111.96
2025-12-09,cvl,111.76
2025-12-10,cvl,111.58
2025-12-11,cvl,111.55
2025-12-12,cvl,111.38
2025-12-13,cvl,111.56
2025-12-14,cvl,111.72
2025-12-15,cvl,112.06
2025-12-16,cvl,112.29
2025-12-17,cvl,112.65
2025-12-18,cvl,112.96
2025-12-19,cvl,113.37
2025-12-20,cvl,113.38
2025-12-21,cvl,113.48
2025-12-22,cvl,113.75
2025-12-23,cvl,113.91
2025-12-24,cvl,114.1
2025-12-25,cvl,114.05
2025-12-26,cvl,114
2025-12-27,cvl,114.01
2025-12-28,cvl,114.02
2025-12-29,cvl,113.86
2025-12-30,cvl,113.72
2025-12-31,cvl,113.47
2026-01-01,cvl,113.04
2026-01-02,cvl,112.54
2026-01-03,cvl,111.99
2026-01-04,cvl,111.27
2026-01-05,cvl,110.53
2026-01-06,cvl,110.11
2026-01-07,cvl,109.9
2026-01-08,cvl,109.98
2026-01-09,cvl,110.31
2026-01-10,cvl,110.72
2026-01-11,cvl,111.22
2026-01-12,cvl,111.64
2026-01-13,cvl,111.98
2026-01-14,cvl,112.31
2026-01-15,cvl,112.87
2026-01-16,cvl,113.37
2026-01-17,cvl,113.95
2026-01-18,cvl,114.48
2026-01-19,cvl,115.08
2026-01-20,cvl,115.77
2026-01-21,cvl,116.41
2026-01-22,cvl,117.34
2026-01-23,cvl,118.22
2026-01-24,cvl,119.02
2026-01-25,cvl,119.7
2026-01-26,cvl,120.12
2026-01-27,cvl,120.28
2026-01-28,cvl,120.49
2026-01-29,cvl,120.35
2026-01-30,cvl,120.17
2026-01-31,cvl,119.88
2026-02-01,cvl,119.74
2026-02-02,cvl,119.44
2026-02-03,cvl,119.33
2026-02-04,cvl,119.04
2026-02-05,cvl,119
2026-02-06,cvl,119.05
2026-02-07,cvl,119.31
2026-02-08,cvl,119.37
2026-02-09,cvl,119.81
2026-02-10,cvl,120.14
2026-02-11,cvl,120.64
2026-02-12,cvl,120.92
2026-02-13,cvl,121.23
2026-02-14,cvl,121.58
2026-02-15,cvl,122.07
2026-02-16,cvl,122.41
2026-02-17,cvl,122.72
2026-02-18,cvl,123.06
2026-02-19,cvl,123.43
2026-02-20,cvl,123.68
2026-02-21,cvl,123.72
2026-02-22,cvl,123.65
2026-02-23,cvl,123.61
2026-02-24,cvl,123.4
2026-02-25,cvl,123.11
2026-02-26,cvl,122.58
2026-02-27,cvl,122.23
2026-02-28,cvl,121.9
2026-03-01,cvl,121.52
2026-03-02,cvl,121.23
2026-03-03,cvl,121.08
2026-03-04,cvl,120.96
2026-03-05,cvl,121.11
2026-03-06,cvl,120.92
2026-03-07,cvl,120.82
2026-03-08,cvl,120.72
2026-03-09,cvl,120.58
2026-03-10,cvl,120.4
2026-03-11,cvl,119.83
2026-03-12,cvl,119.03
2026-03-13,cvl,118.42
2026-03-14,cvl,117.59
2026-03-15,cvl,116.85
2026-03-16,cvl,116.1
2026-03-17,cvl,115.34
2026-03-18,cvl,115.03
2026-03-19,cvl,114.57
2026-03-20,cvl,113.99
2026-03-21,cvl,113.45
2026-03-22,cvl,112.74
2026-03-23,cvl,112.28
2026-03-24,cvl,111.92
2026-03-25,cvl,111.59
2026-03-26,cvl,111.27
2026-03-27,cvl,110.94
2026-03-28,cvl,110.82
2026-03-29,cvl,110.92
2026-03-30,cvl,110.96
2026-03-31,cvl,110.92
2026-04-01,cvl,110.66
2026-04-02,cvl,110.69
2026-04-03,cvl,110.75
2026-04-04,cvl,110.9
2026-04-05,cvl,110.96
2026-04-06,cvl,110.91
2026-04-07,cvl,110.67
2026-04-08,cvl,110.54
2026-04-09,cvl,110.41
2026-04-10,cvl,110.27
2026-04-11,cvl,110.12
2026-04-12,cvl,110.12
2026-04-13,cvl,110.2
2026-04-14,cvl,110.49
2026-04-15,cvl,110.54
2026-04-16,cvl,110.76
2026-04-17,cvl,110.72
2026-04-18,cvl,110.67
2026-04-19,cvl,110.65
2026-04-20,cvl,110.61
2026-04-21,cvl,110.72
2026-04-22,cvl,111.13
2026-04-23,cvl,111.28
2026-04-24,cvl,111.63
2026-04-25,cvl,111.85
2026-04-26,cvl,111.99
2026-04-27,cvl,112.05
2026-04-28,cvl,112.1
2026-04-29,cvl,112.03
2026-04-30,cvl,111.85
2026-05-01,cvl,111.61
2026-05-02,cvl,110.93
2026-05-03,cvl,110.25
2026-05-04,cvl,109.58
2026-05-05,cvl,109
2026-05-06,cvl,108.5
2026-05-07,cvl,108.17
2026-05-08,cvl,107.9
2026-05-09,cvl,107.9
2026-05-10,cvl,107.85
2026-05-11,cvl,107.85
2026-05-12,cvl,107.95
2026-05-13,cvl,107.99
2026-05-14,cvl,107.9
2026-05-15,cvl,107.66
2026-05-16,cvl,107.61
2026-05-17,cvl,107.76
2026-05-18,cvl,107.93
2026-05-19,cvl,107.67
2026-05-20,cvl,107.62
2026-05-21,cvl,107.68
2026-05-22,cvl,107.79
2026-05-23,cvl,108.04
2026-05-24,cvl,108.12
2026-05-25,cvl,108.04
2026-05-26,cvl,107.63
2026-05-27,cvl,107.1
2026-05-28,cvl,106.47
2026-05-29,cvl,106.04
2026-05-30,cvl,105.66
2026-05-31,cvl,105.34
2026-06-01,cvl,104.75
2026-06-02,cvl,104.77
2026-06-03,cvl,104.75
2026-06-04,cvl,104.74
2026-06-05,cvl,104.72
2026-06-06,cvl,104.73
2026-06-07,cvl,104.76
2026-06-08,cvl,104.88
2026-06-09,cvl,104.96
2026-06-10,cvl,104.8
2026-06-11,cvl,104.89
2026-06-12,cvl,104.79
2026-06-13,cvl,104.67
2026-06-14,cvl,104.51
2026-06-15,cvl,105.18
2026-06-16,cvl,106.07
2026-06-17,cvl,107.14
2026-06-18,cvl,107.84
2026-06-19,cvl,108.91
2026-06-20,cvl,110.01
2026-06-21,cvl,111.05
2026-06-22,cvl,111.52
2026-06-23,cvl,111.61
2026-06-24,cvl,111.66
2026-06-25,cvl,112.03
2026-06-26,cvl,111.96
2026-06-27,cvl,111.88
2026-06-28,cvl,111.69
2026-06-29,cvl,111.39
2026-06-30,cvl,110.94
2026-07-01,cvl,110.39
2026-07-02,cvl,109.96
2026-07-03,cvl,109.52
2026-07-04,cvl,109.29
2026-07-05,cvl,108.94
2026-07-06,cvl,108.55
2026-07-07,cvl,108.52
2026-07-08,cvl,108.65
2026-07-09,cvl,108.26
2026-07-10,cvl,107.89
2026-07-11,cvl,107.44
2026-07-12,cvl,107.19
2026-07-13,cvl,106.91
2026-07-14,cvl,106.63
2026-07-15,cvl,106.1
2026-07-16,cvl,106.04
2026-07-17,cvl,106.1
2026-07-18,cvl,106.1
2026-07-19,cvl,106.17
2026-07-20,cvl,106.28
2026-07-21,cvl,106.39
2026-07-22,cvl,106.74
2026-07-23,cvl,106.93
2026-07-24,cvl,107.07
2026-07-25,cvl,107.25
2026-07-26,cvl,107.55
2026-07-27,cvl,107.73
2026-07-28,cvl,107.88
2026-07-29,cvl,108.02
2026-07-30,cvl,108.08
2026-07-31,cvl,107.93
2026-08-01,cvl,107.82
2026-08-02,cvl,107.54
2026-08-03,cvl,107.55
2026-08-04,cvl,107.65
2026-08-05,cvl,107.72
2026-08-06,cvl,107.63
2026-08-07,cvl,107.9
2026-08-08,cvl,108.05
2026-08-09,cvl,108.14
2026-08-10,cvl,107.94
2026-08-11,cvl,107.61
2026-08-12,cvl,107.31
2026-08-13,cvl,107.25
2026-08-14,cvl,107.02
2026-08-15,cvl,106.8
2026-08-16,cvl,106.72
2026-08-17,cvl,106.9
2026-08-18,cvl,106.92
2026-08-19,cvl,107.05
2026-08-20,cvl,107.25
2026-08-21,cvl,107.53
2026-08-22,cvl,107.87
2026-08-23,cvl,108.26
2026-08-24,cvl,108.5
2026-08-25,cvl,108.63
2026-08-26,cvl,108.69
2026-08-27,cvl,108.64
2026-08-28,cvl,108.5
2026-08-29,cvl,108.37
2026-08-30,cvl,108.08
2026-08-31,cvl,107.7
2026-09-01,cvl,107.51
2026-09-02,cvl,107.21
2026-09-03,cvl,106.95
2026-09-04,cvl,106.82
2026-09-05,cvl,106.68
2026-09-06,cvl,106.58
2026-09-07,cvl,106.74
2026-09-08,cvl,106.91
2026-09-09,cvl,107.14
2026-09-10,cvl,107.31
2026-09-11,cvl,107.52
2026-09-12,cvl,107.74
2026-09-13,cvl,107.8
2026-09-14,cvl,107.64
2026-09-15,cvl,107.47
2026-09-16,cvl,107.01
2026-09-17,cvl,106.58
2026-09-18,cvl,106.11
2020-02-01,ge,100
2020-02-02,ge,99.65
2020-02-03,ge,99.58
2020-02-04,ge,99.56
2020-02-05,ge,100.18
2020-02-06,ge,100.45
2020-02-07,ge,100.73
2020-02-08,ge,100.94
2020-02-09,ge,101.24
2020-02-10,ge,101.29
2020-02-11,ge,101.33
2020-02-12,ge,101.42
2020-02-13,ge,101.69
2020-02-14,ge,101.94
2020-02-15,ge,101.95
2020-02-16,ge,102.02
2020-02-17,ge,102
2020-02-18,ge,101.75
2020-02-19,ge,101.51
2020-02-20,ge,101.28
2020-02-21,ge,101.06
2020-02-22,ge,101.01
2020-02-23,ge,100.89
2020-02-24,ge,100.97
2020-02-25,ge,101.2
2020-02-26,ge,101.39
2020-02-27,ge,101.68
2020-02-28,ge,102.09
2020-02-29,ge,102.43
2020-03-01,ge,102.8
2020-03-02,ge,103.03
2020-03-03,ge,103.24
2020-03-04,ge,103.53
2020-03-05,ge,103.54
2020-03-06,ge,103.42
2020-03-07,ge,103.52
2020-03-08,ge,103.61
2020-03-09,ge,103.69
2020-03-10,ge,103.79
2020-03-11,ge,103.62
2020-03-12,ge,103.76
2020-03-13,ge,103.92
2020-03-14,ge,103.89
2020-03-15,ge,103.71
2020-03-16,ge,103.41
2020-03-17,ge,103.15
2020-03-18,ge,102.96
2020-03-19,ge,102.34
2020-03-20,ge,101.44
2020-03-21,ge,100.42
2020-03-22,ge,99.44
2020-03-23,ge,98.61
2020-03-24,ge,97.58
2020-03-25,ge,96.37
2020-03-26,ge,95.1
2020-03-27,ge,94.14
2020-03-28,ge,92.91
2020-03-29,ge,91.63
2020-03-30,ge,90.35
2020-03-31,ge,89.06
2020-04-01,ge,87.95
2020-04-02,ge,86.1
2020-04-03,ge,84.16
2020-04-04,ge,83.3
2020-04-05,ge,81.6
2020-04-06,ge,79.76
2020-04-07,ge,77.71
2020-04-08,ge,75.69
2020-04-09,ge,74.58
2020-04-10,ge,73.29
2020-04-11,ge,71.98
2020-04-12,ge,70.6
2020-04-13,ge,69.36
2020-04-14,ge,68.44
2020-04-15,ge,67.62
2020-04-16,ge,66.87
2020-04-17,ge,66.34
2020-04-18,ge,65.98
2020-04-19,ge,65.72
2020-04-20,ge,65.55
2020-04-21,ge,65.41
2020-04-22,ge,65.17
2020-04-23,ge,64.9
2020-04-24,ge,64.66
2020-04-25,ge,64.46
2020-04-26,ge,64.26
2020-04-27,ge,64.21
2020-04-28,ge,64.16
2020-04-29,ge,64.09
2020-04-30,ge,63.99
2020-05-01,ge,63.85
2020-05-02,ge,63.69
2020-05-03,ge,63.57
2020-05-04,ge,63.27
2020-05-05,ge,62.88
2020-05-06,ge,62.5
2020-05-07,ge,62.1
2020-05-08,ge,61.74
2020-05-09,ge,61.38
2020-05-10,ge,61.09
2020-05-11,ge,60.83
2020-05-12,ge,60.68
2020-05-13,ge,61.44
2020-05-14,ge,62.16
2020-05-15,ge,62.98
2020-05-16,ge,63
2020-05-17,ge,63.8
2020-05-18,ge,64.62
2020-05-19,ge,65.52
2020-05-20,ge,64.86
2020-05-21,ge,64.55
2020-05-22,ge,63.97
2020-05-23,ge,63.41
2020-05-24,ge,62.66
2020-05-25,ge,61.91
2020-05-26,ge,61.22
2020-05-27,ge,61.25
2020-05-28,ge,61.02
2020-05-29,ge,61.08
2020-05-30,ge,61.85
2020-05-31,ge,62.15
2020-06-01,ge,62.36
2020-06-02,ge,62.39
2020-06-03,ge,62.44
2020-06-04,ge,62.56
2020-06-05,ge,62.74
2020-06-06,ge,62.25
2020-06-07,ge,62.37
2020-06-08,ge,62.53
2020-06-09,ge,62.78
2020-06-10,ge,63.04
2020-06-11,ge,63.27
2020-06-12,ge,63.35
2020-06-13,ge,63.53
2020-06-14,ge,63.72
2020-06-15,ge,63.86
2020-06-16,ge,64.04
2020-06-17,ge,64.13
2020-06-18,ge,64.33
2020-06-19,ge,64.41
2020-06-20,ge,64.29
2020-06-21,ge,64.22
2020-06-22,ge,64.26
2020-06-23,ge,64.23
2020-06-24,ge,64.37
2020-06-25,ge,64.53
2020-06-26,ge,64.71
2020-06-27,ge,64.88
2020-06-28,ge,64.98
2020-06-29,ge,65.08
2020-06-30,ge,65.18
2020-07-01,ge,65.12
2020-07-02,ge,64.94
2020-07-03,ge,64.92
2020-07-04,ge,64.97
2020-07-05,ge,65.05
2020-07-06,ge,65.1
2020-07-07,ge,65.31
2020-07-08,ge,65.66
2020-07-09,ge,65.88
2020-07-10,ge,66.2
2020-07-11,ge,66.24
2020-07-12,ge,66.34
2020-07-13,ge,66.35
2020-07-14,ge,66.25
2020-07-15,ge,66.03
2020-07-16,ge,66.04
2020-07-17,ge,65.83
2020-07-18,ge,65.93
2020-07-19,ge,66.03
2020-07-20,ge,66.3
2020-07-21,ge,66.47
2020-07-22,ge,66.75
2020-07-23,ge,67.12
2020-07-24,ge,67.54
2020-07-25,ge,68.03
2020-07-26,ge,68.56
2020-07-27,ge,69.05
2020-07-28,ge,69.63
2020-07-29,ge,70.17
2020-07-30,ge,70.46
2020-07-31,ge,70.8
2020-08-01,ge,70.91
2020-08-02,ge,70.93
2020-08-03,ge,70.96
2020-08-04,ge,70.9
2020-08-05,ge,71.5
2020-08-06,ge,72.19
2020-08-07,ge,72.87
2020-08-08,ge,73.53
2020-08-09,ge,74.25
2020-08-10,ge,74.9
2020-08-11,ge,75.61
2020-08-12,ge,75.65
2020-08-13,ge,75.85
2020-08-14,ge,76.07
2020-08-15,ge,76.37
2020-08-16,ge,76.86
2020-08-17,ge,77.51
2020-08-18,ge,78.1
2020-08-19,ge,78.57
2020-08-20,ge,78.94
2020-08-21,ge,79.25
2020-08-22,ge,79.54
2020-08-23,ge,79.67
2020-08-24,ge,79.64
2020-08-25,ge,79.81
2020-08-26,ge,80.1
2020-08-27,ge,80.29
2020-08-28,ge,80.38
2020-08-29,ge,80.56
2020-08-30,ge,80.69
2020-08-31,ge,80.91
2020-09-01,ge,80.96
2020-09-02,ge,81.08
2020-09-03,ge,81.36
2020-09-04,ge,81.71
2020-09-05,ge,81.94
2020-09-06,ge,82.23
2020-09-07,ge,82.42
2020-09-08,ge,82.67
2020-09-09,ge,82.76
2020-09-10,ge,82.8
2020-09-11,ge,82.89
2020-09-12,ge,82.88
2020-09-13,ge,82.75
2020-09-14,ge,82.69
2020-09-15,ge,82.55
2020-09-16,ge,82.64
2020-09-17,ge,82.69
2020-09-18,ge,82.77
2020-09-19,ge,83.07
2020-09-20,ge,83.45
2020-09-21,ge,83.62
2020-09-22,ge,83.97
2020-09-23,ge,84.02
2020-09-24,ge,84.02
2020-09-25,ge,84.05
2020-09-26,ge,84.1
2020-09-27,ge,84.18
2020-09-28,ge,84.48
2020-09-29,ge,84.61
2020-09-30,ge,84.9
2020-10-01,ge,85.2
2020-10-02,ge,85.41
2020-10-03,ge,85.61
2020-10-04,ge,85.72
2020-10-05,ge,85.87
2020-10-06,ge,86.08
2020-10-07,ge,86.16
2020-10-08,ge,86.23
2020-10-09,ge,86.33
2020-10-10,ge,86.48
2020-10-11,ge,86.66
2020-10-12,ge,86.86
2020-10-13,ge,87.03
2020-10-14,ge,87.37
2020-10-15,ge,87.74
2020-10-16,ge,87.83
2020-10-17,ge,87.78
2020-10-18,ge,87.89
2020-10-19,ge,87.79
2020-10-20,ge,87.68
2020-10-21,ge,87.64
2020-10-22,ge,87.48
2020-10-23,ge,87.35
2020-10-24,ge,87.33
2020-10-25,ge,87.16
2020-10-26,ge,86.94
2020-10-27,ge,86.91
2020-10-28,ge,86.77
2020-10-29,ge,86.56
2020-10-30,ge,86.34
2020-10-31,ge,86.11
2020-11-01,ge,85.96
2020-11-02,ge,86.07
2020-11-03,ge,85.83
2020-11-04,ge,85.63
2020-11-05,ge,85.53
2020-11-06,ge,85.34
2020-11-07,ge,85.16
2020-11-08,ge,84.95
2020-11-09,ge,84.5
2020-11-10,ge,84.19
2020-11-11,ge,83.92
2020-11-12,ge,83.59
2020-11-13,ge,83.39
2020-11-14,ge,82.95
2020-11-15,ge,82.63
2020-11-16,ge,82.45
2020-11-17,ge,82.33
2020-11-18,ge,82.29
2020-11-19,ge,82.35
2020-11-20,ge,82.53
2020-11-21,ge,82.79
2020-11-22,ge,82.96
2020-11-23,ge,83.15
2020-11-24,ge,83.29
2020-11-25,ge,83.36
2020-11-26,ge,83.42
2020-11-27,ge,83.46
2020-11-28,ge,83.53
2020-11-29,ge,83.63
2020-11-30,ge,83.72
2020-12-01,ge,83.83
2020-12-02,ge,83.82
2020-12-03,ge,83.91
2020-12-04,ge,83.97
2020-12-05,ge,84.17
2020-12-06,ge,84.29
2020-12-07,ge,84.37
2020-12-08,ge,84.36
2020-12-09,ge,84.41
2020-12-10,ge,84.46
2020-12-11,ge,84.61
2020-12-12,ge,84.7
2020-12-13,ge,84.92
2020-12-14,ge,85.21
2020-12-15,ge,85.51
2020-12-16,ge,85.84
2020-12-17,ge,86.03
2020-12-18,ge,86.21
2020-12-19,ge,86.39
2020-12-20,ge,86.54
2020-12-21,ge,86.71
2020-12-22,ge,86.9
2020-12-23,ge,87.12
2020-12-24,ge,87.43
2020-12-25,ge,87.84
2020-12-26,ge,87.95
2020-12-27,ge,88.09
2020-12-28,ge,88.37
2020-12-29,ge,88.58
2020-12-30,ge,88.67
2020-12-31,ge,88.9
2021-01-01,ge,89
2021-01-02,ge,89.18
2021-01-03,ge,89.45
2021-01-04,ge,89.5
2021-01-05,ge,89.64
2021-01-06,ge,89.94
2021-01-07,ge,90.06
2021-01-08,ge,90.22
2021-01-09,ge,90.5
2021-01-10,ge,90.62
2021-01-11,ge,90.61
2021-01-12,ge,90.76
2021-01-13,ge,90.81
2021-01-14,ge,90.9
2021-01-15,ge,90.92
2021-01-16,ge,90.94
2021-01-17,ge,90.94
2021-01-18,ge,91.02
2021-01-19,ge,90.95
2021-01-20,ge,90.93
2021-01-21,ge,90.94
2021-01-22,ge,91.05
2021-01-23,ge,91.21
2021-01-24,ge,91.39
2021-01-25,ge,91.6
2021-01-26,ge,91.85
2021-01-27,ge,92
2021-01-28,ge,92.14
2021-01-29,ge,92.07
2021-01-30,ge,92.13
2021-01-31,ge,92.12
2021-02-01,ge,92.29
2021-02-02,ge,92.42
2021-02-03,ge,92.51
2021-02-04,ge,92.58
2021-02-05,ge,92.8
2021-02-06,ge,92.89
2021-02-07,ge,93.07
2021-02-08,ge,93.14
2021-02-09,ge,93.3
2021-02-10,ge,93.6
2021-02-11,ge,93.88
2021-02-12,ge,94.3
2021-02-13,ge,94.68
2021-02-14,ge,95.08
2021-02-15,ge,95.29
2021-02-16,ge,95.63
2021-02-17,ge,95.86
2021-02-18,ge,96.2
2021-02-19,ge,96.22
2021-02-20,ge,96.31
2021-02-21,ge,96.39
2021-02-22,ge,96.57
2021-02-23,ge,96.64
2021-02-24,ge,96.89
2021-02-25,ge,97.02
2021-02-26,ge,97.29
2021-02-27,ge,97.71
2021-02-28,ge,98.07
2021-03-01,ge,98.34
2021-03-02,ge,98.5
2021-03-03,ge,98.56
2021-03-04,ge,98.58
2021-03-05,ge,98.56
2021-03-06,ge,98.35
2021-03-07,ge,98.16
2021-03-08,ge,98.09
2021-03-09,ge,98.05
2021-03-10,ge,97.97
2021-03-11,ge,98.36
2021-03-12,ge,98.39
2021-03-13,ge,99.41
2021-03-14,ge,99.77
2021-03-15,ge,100.03
2021-03-16,ge,100.64
2021-03-17,ge,100.44
2021-03-18,ge,100
2021-03-19,ge,100.02
2021-03-20,ge,99.67
2021-03-21,ge,99.87
2021-03-22,ge,100.16
2021-03-23,ge,99.85
2021-03-24,ge,100.45
2021-03-25,ge,100.9
2021-03-26,ge,101.37
2021-03-27,ge,101.31
2021-03-28,ge,101.33
2021-03-29,ge,101.38
2021-03-30,ge,101.65
2021-03-31,ge,102
2021-04-01,ge,102.32
2021-04-02,ge,102.5
2021-04-03,ge,102.71
2021-04-04,ge,102.99
2021-04-05,ge,103.26
2021-04-06,ge,103.39
2021-04-07,ge,103.2
2021-04-08,ge,102.92
2021-04-09,ge,102.8
2021-04-10,ge,102.52
2021-04-11,ge,101.95
2021-04-12,ge,101.47
2021-04-13,ge,101.21
2021-04-14,ge,101.24
2021-04-15,ge,101.37
2021-04-16,ge,101.44
2021-04-17,ge,101.67
2021-04-18,ge,102.1
2021-04-19,ge,102.44
2021-04-20,ge,102.71
2021-04-21,ge,102.93
2021-04-22,ge,103.2
2021-04-23,ge,103.39
2021-04-24,ge,103.45
2021-04-25,ge,103.57
2021-04-26,ge,103.56
2021-04-27,ge,103.55
2021-04-28,ge,103.56
2021-04-29,ge,103.51
2021-04-30,ge,103.52
2021-05-01,ge,103.73
2021-05-02,ge,103.92
2021-05-03,ge,104.27
2021-05-04,ge,104.71
2021-05-05,ge,105.15
2021-05-06,ge,105.67
2021-05-07,ge,106.34
2021-05-08,ge,106.94
2021-05-09,ge,107.55
2021-05-10,ge,108.08
2021-05-11,ge,108.58
2021-05-12,ge,109.12
2021-05-13,ge,109.66
2021-05-14,ge,109.61
2021-05-15,ge,109.4
2021-05-16,ge,109.16
2021-05-17,ge,108.96
2021-05-18,ge,108.72
2021-05-19,ge,108.49
2021-05-20,ge,108.25
2021-05-21,ge,108.49
2021-05-22,ge,108.85
2021-05-23,ge,109.21
2021-05-24,ge,109.55
2021-05-25,ge,109.7
2021-05-26,ge,109.9
2021-05-27,ge,109.99
2021-05-28,ge,110.03
2021-05-29,ge,110.3
2021-05-30,ge,110.53
2021-05-31,ge,110.82
2021-06-01,ge,111.29
2021-06-02,ge,111.67
2021-06-03,ge,112.13
2021-06-04,ge,112.65
2021-06-05,ge,113.12
2021-06-06,ge,113.57
2021-06-07,ge,113.92
2021-06-08,ge,114.27
2021-06-09,ge,114.52
2021-06-10,ge,114.76
2021-06-11,ge,115.06
2021-06-12,ge,115.27
2021-06-13,ge,115.47
2021-06-14,ge,115.93
2021-06-15,ge,116.49
2021-06-16,ge,117.14
2021-06-17,ge,117.69
2021-06-18,ge,118.24
2021-06-19,ge,118.68
2021-06-20,ge,118.98
2021-06-21,ge,119.18
2021-06-22,ge,119.26
2021-06-23,ge,119.32
2021-06-24,ge,119.4
2021-06-25,ge,119.47
2021-06-26,ge,120.27
2021-06-27,ge,120.36
2021-06-28,ge,120.5
2021-06-29,ge,120.63
2021-06-30,ge,120.7
2021-07-01,ge,120.78
2021-07-02,ge,120.8
2021-07-03,ge,120.13
2021-07-04,ge,120.31
2021-07-05,ge,120.09
2021-07-06,ge,119.99
2021-07-07,ge,119.87
2021-07-08,ge,119.9
2021-07-09,ge,119.88
2021-07-10,ge,120.78
2021-07-11,ge,120.68
2021-07-12,ge,120.85
2021-07-13,ge,120.86
2021-07-14,ge,121.31
2021-07-15,ge,121.47
2021-07-16,ge,121.64
2021-07-17,ge,121.87
2021-07-18,ge,122.34
2021-07-19,ge,122.83
2021-07-20,ge,123.38
2021-07-21,ge,123.31
2021-07-22,ge,123.58
2021-07-23,ge,123.88
2021-07-24,ge,124.11
2021-07-25,ge,124.36
2021-07-26,ge,124.54
2021-07-27,ge,124.71
2021-07-28,ge,125.07
2021-07-29,ge,125.21
2021-07-30,ge,125.28
2021-07-31,ge,125.26
2021-08-01,ge,125.21
2021-08-02,ge,125.28
2021-08-03,ge,125.25
2021-08-04,ge,125.39
2021-08-05,ge,125.42
2021-08-06,ge,125.55
2021-08-07,ge,125.59
2021-08-08,ge,125.47
2021-08-09,ge,125.02
2021-08-10,ge,124.86
2021-08-11,ge,124.6
2021-08-12,ge,124.44
2021-08-13,ge,124.38
2021-08-14,ge,124.21
2021-08-15,ge,124.32
2021-08-16,ge,124.88
2021-08-17,ge,125.08
2021-08-18,ge,125.47
2021-08-19,ge,125.87
2021-08-20,ge,126.26
2021-08-21,ge,126.87
2021-08-22,ge,127.34
2021-08-23,ge,127.47
2021-08-24,ge,127.85
2021-08-25,ge,127.99
2021-08-26,ge,128.26
2021-08-27,ge,128.35
2021-08-28,ge,128.54
2021-08-29,ge,128.62
2021-08-30,ge,128.76
2021-08-31,ge,128.76
2021-09-01,ge,128.8
2021-09-02,ge,128.74
2021-09-03,ge,128.75
2021-09-04,ge,128.73
2021-09-05,ge,128.81
2021-09-06,ge,128.96
2021-09-07,ge,129.15
2021-09-08,ge,129.49
2021-09-09,ge,129.62
2021-09-10,ge,129.81
2021-09-11,ge,130.02
2021-09-12,ge,130.25
2021-09-13,ge,130.5
2021-09-14,ge,130.65
2021-09-15,ge,130.76
2021-09-16,ge,130.98
2021-09-17,ge,131.26
2021-09-18,ge,131.5
2021-09-19,ge,131.85
2021-09-20,ge,132.14
2021-09-21,ge,132.47
2021-09-22,ge,132.65
2021-09-23,ge,132.99
2021-09-24,ge,133.11
2021-09-25,ge,133.16
2021-09-26,ge,133.26
2021-09-27,ge,133.41
2021-09-28,ge,133.54
2021-09-29,ge,133.64
2021-09-30,ge,133.64
2021-10-01,ge,133.76
2021-10-02,ge,134.03
2021-10-03,ge,133.92
2021-10-04,ge,133.72
2021-10-05,ge,133.94
2021-10-06,ge,134.36
2021-10-07,ge,134.65
2021-10-08,ge,135.12
2021-10-09,ge,135.36
2021-10-10,ge,135.99
2021-10-11,ge,136.74
2021-10-12,ge,137.06
2021-10-13,ge,137.18
2021-10-14,ge,137.37
2021-10-15,ge,137.45
2021-10-16,ge,137.74
2021-10-17,ge,137.92
2021-10-18,ge,137.79
2021-10-19,ge,137.92
2021-10-20,ge,138.04
2021-10-21,ge,138.42
2021-10-22,ge,138.63
2021-10-23,ge,138.82
2021-10-24,ge,138.77
2021-10-25,ge,138.91
2021-10-26,ge,138.78
2021-10-27,ge,138.81
2021-10-28,ge,138.81
2021-10-29,ge,138.94
2021-10-30,ge,139.07
2021-10-31,ge,139.26
2021-11-01,ge,139.68
2021-11-02,ge,139.89
2021-11-03,ge,140.12
2021-11-04,ge,140.3
2021-11-05,ge,140.36
2021-11-06,ge,140.29
2021-11-07,ge,140.3
2021-11-08,ge,140.01
2021-11-09,ge,140.32
2021-11-10,ge,140.37
2021-11-11,ge,140.63
2021-11-12,ge,140.78
2021-11-13,ge,140.65
2021-11-14,ge,140.62
2021-11-15,ge,140.66
2021-11-16,ge,140.47
2021-11-17,ge,140.33
2021-11-18,ge,139.87
2021-11-19,ge,139.81
2021-11-20,ge,139.95
2021-11-21,ge,140.07
2021-11-22,ge,140.2
2021-11-23,ge,140.37
2021-11-24,ge,140.54
2021-11-25,ge,140.61
2021-11-26,ge,140.6
2021-11-27,ge,140.43
2021-11-28,ge,140.28
2021-11-29,ge,140.27
2021-11-30,ge,140.22
2021-12-01,ge,140.21
2021-12-02,ge,140.21
2021-12-03,ge,140.12
2021-12-04,ge,140.42
2021-12-05,ge,140.45
2021-12-06,ge,140.47
2021-12-07,ge,140.62
2021-12-08,ge,140.83
2021-12-09,ge,141.01
2021-12-10,ge,141.22
2021-12-11,ge,141.35
2021-12-12,ge,141.7
2021-12-13,ge,142.05
2021-12-14,ge,142.3
2021-12-15,ge,142.45
2021-12-16,ge,142.69
2021-12-17,ge,142.57
2021-12-18,ge,142.44
2021-12-19,ge,142.35
2021-12-20,ge,142.15
2021-12-21,ge,141.82
2021-12-22,ge,141.42
2021-12-23,ge,141.22
2021-12-24,ge,141.26
2021-12-25,ge,141.33
2021-12-26,ge,141.26
2021-12-27,ge,141.52
2021-12-28,ge,141.67
2021-12-29,ge,141.97
2021-12-30,ge,142.08
2021-12-31,ge,142.11
2022-01-01,ge,142.14
2022-01-02,ge,142.27
2022-01-03,ge,142.05
2022-01-04,ge,142.08
2022-01-05,ge,142.23
2022-01-06,ge,142.19
2022-01-07,ge,142.47
2022-01-08,ge,142.66
2022-01-09,ge,142.54
2022-01-10,ge,142.51
2022-01-11,ge,142.29
2022-01-12,ge,141.95
2022-01-13,ge,141.98
2022-01-14,ge,141.71
2022-01-15,ge,141.65
2022-01-16,ge,141.79
2022-01-17,ge,141.94
2022-01-18,ge,142.16
2022-01-19,ge,142.31
2022-01-20,ge,142.36
2022-01-21,ge,142.64
2022-01-22,ge,142.6
2022-01-23,ge,142.76
2022-01-24,ge,142.86
2022-01-25,ge,143.59
2022-01-26,ge,144.46
2022-01-27,ge,145.47
2022-01-28,ge,146.63
2022-01-29,ge,148.01
2022-01-30,ge,149.49
2022-01-31,ge,150.93
2022-02-01,ge,151.17
2022-02-02,ge,151.51
2022-02-03,ge,151.66
2022-02-04,ge,151.52
2022-02-05,ge,151.21
2022-02-06,ge,150.79
2022-02-07,ge,150.24
2022-02-08,ge,150.26
2022-02-09,ge,150.09
2022-02-10,ge,149.68
2022-02-11,ge,149.33
2022-02-12,ge,149.07
2022-02-13,ge,148.7
2022-02-14,ge,148.3
2022-02-15,ge,147.94
2022-02-16,ge,147.64
2022-02-17,ge,147.82
2022-02-18,ge,147.84
2022-02-19,ge,147.96
2022-02-20,ge,148.13
2022-02-21,ge,148.62
2022-02-22,ge,149.09
2022-02-23,ge,149.66
2022-02-24,ge,149.82
2022-02-25,ge,150.13
2022-02-26,ge,150.46
2022-02-27,ge,150.83
2022-02-28,ge,151.04
2022-03-01,ge,151.36
2022-03-02,ge,151.51
2022-03-03,ge,151.96
2022-03-04,ge,152.5
2022-03-05,ge,152.95
2022-03-06,ge,153.35
2022-03-07,ge,153.79
2022-03-08,ge,154.11
2022-03-09,ge,154.38
2022-03-10,ge,154.52
2022-03-11,ge,154.28
2022-03-12,ge,154.27
2022-03-13,ge,154.36
2022-03-14,ge,154.25
2022-03-15,ge,154.14
2022-03-16,ge,154.01
2022-03-17,ge,154.24
2022-03-18,ge,154.66
2022-03-19,ge,154.67
2022-03-20,ge,154.5
2022-03-21,ge,154.59
2022-03-22,ge,155.14
2022-03-23,ge,155.98
2022-03-24,ge,156.57
2022-03-25,ge,157.36
2022-03-26,ge,158.31
2022-03-27,ge,159.24
2022-03-28,ge,160.12
2022-03-29,ge,160.78
2022-03-30,ge,161.33
2022-03-31,ge,161.76
2022-04-01,ge,162.14
2022-04-02,ge,162.7
2022-04-03,ge,163.12
2022-04-04,ge,163.4
2022-04-05,ge,163.41
2022-04-06,ge,163.49
2022-04-07,ge,163.51
2022-04-08,ge,163.55
2022-04-09,ge,163.33
2022-04-10,ge,163.3
2022-04-11,ge,163.35
2022-04-12,ge,163.55
2022-04-13,ge,163.74
2022-04-14,ge,164.09
2022-04-15,ge,164.37
2022-04-16,ge,164.59
2022-04-17,ge,164.84
2022-04-18,ge,165.15
2022-04-19,ge,165.35
2022-04-20,ge,165.35
2022-04-21,ge,165.22
2022-04-22,ge,165.01
2022-04-23,ge,165.01
2022-04-24,ge,165.05
2022-04-25,ge,165.09
2022-04-26,ge,165.11
2022-04-27,ge,165.38
2022-04-28,ge,165.84
2022-04-29,ge,166.5
2022-04-30,ge,166.94
2022-05-01,ge,167.47
2022-05-02,ge,168.03
2022-05-03,ge,168.56
2022-05-04,ge,168.89
2022-05-05,ge,169.24
2022-05-06,ge,169.26
2022-05-07,ge,169.39
2022-05-08,ge,169.38
2022-05-09,ge,169.52
2022-05-10,ge,169.69
2022-05-11,ge,170.01
2022-05-12,ge,170.24
2022-05-13,ge,170.42
2022-05-14,ge,170.82
2022-05-15,ge,171.25
2022-05-16,ge,171.58
2022-05-17,ge,172.08
2022-05-18,ge,172.52
2022-05-19,ge,172.91
2022-05-20,ge,173.7
2022-05-21,ge,174.26
2022-05-22,ge,175.02
2022-05-23,ge,175.91
2022-05-24,ge,176.29
2022-05-25,ge,176.67
2022-05-26,ge,177.19
2022-05-27,ge,177.32
2022-05-28,ge,177.02
2022-05-29,ge,176.72
2022-05-30,ge,176.13
2022-05-31,ge,176
2022-06-01,ge,175.64
2022-06-02,ge,175.2
2022-06-03,ge,175.02
2022-06-04,ge,175.17
2022-06-05,ge,175.09
2022-06-06,ge,175.13
2022-06-07,ge,174.74
2022-06-08,ge,174.31
2022-06-09,ge,173.7
2022-06-10,ge,173.32
2022-06-11,ge,172.9
2022-06-12,ge,172.41
2022-06-13,ge,171.97
2022-06-14,ge,171.86
2022-06-15,ge,171.97
2022-06-16,ge,172.32
2022-06-17,ge,172.42
2022-06-18,ge,172.6
2022-06-19,ge,172.95
2022-06-20,ge,173.2
2022-06-21,ge,173.24
2022-06-22,ge,173.35
2022-06-23,ge,173.37
2022-06-24,ge,173.17
2022-06-25,ge,173.02
2022-06-26,ge,172.82
2022-06-27,ge,172.6
2022-06-28,ge,172.63
2022-06-29,ge,172.7
2022-06-30,ge,172.95
2022-07-01,ge,173.4
2022-07-02,ge,174.04
2022-07-03,ge,174.46
2022-07-04,ge,174.91
2022-07-05,ge,175.34
2022-07-06,ge,175.58
2022-07-07,ge,175.76
2022-07-08,ge,175.97
2022-07-09,ge,176.21
2022-07-10,ge,177.66
2022-07-11,ge,178.98
2022-07-12,ge,180.32
2022-07-13,ge,181.47
2022-07-14,ge,182.34
2022-07-15,ge,182.53
2022-07-16,ge,182.49
2022-07-17,ge,181.36
2022-07-18,ge,180.23
2022-07-19,ge,179.05
2022-07-20,ge,178.2
2022-07-21,ge,177.5
2022-07-22,ge,177.42
2022-07-23,ge,177.39
2022-07-24,ge,177.57
2022-07-25,ge,177.66
2022-07-26,ge,177.88
2022-07-27,ge,178.1
2022-07-28,ge,178.23
2022-07-29,ge,178.26
2022-07-30,ge,178.43
2022-07-31,ge,178.45
2022-08-01,ge,178.66
2022-08-02,ge,178.83
2022-08-03,ge,178.82
2022-08-04,ge,178.87
2022-08-05,ge,178.92
2022-08-06,ge,179.06
2022-08-07,ge,179.12
2022-08-08,ge,179.27
2022-08-09,ge,179.36
2022-08-10,ge,179.4
2022-08-11,ge,179.55
2022-08-12,ge,179.89
2022-08-13,ge,179.8
2022-08-14,ge,180
2022-08-15,ge,180.24
2022-08-16,ge,180.24
2022-08-17,ge,180.49
2022-08-18,ge,180.52
2022-08-19,ge,180.4
2022-08-20,ge,180.61
2022-08-21,ge,180.59
2022-08-22,ge,180.52
2022-08-23,ge,180.66
2022-08-24,ge,180.81
2022-08-25,ge,181.12
2022-08-26,ge,181.33
2022-08-27,ge,181.33
2022-08-28,ge,181.29
2022-08-29,ge,181.19
2022-08-30,ge,181.01
2022-08-31,ge,180.79
2022-09-01,ge,180.63
2022-09-02,ge,180.61
2022-09-03,ge,180.91
2022-09-04,ge,181.14
2022-09-05,ge,181.35
2022-09-06,ge,181.62
2022-09-07,ge,181.9
2022-09-08,ge,182.12
2022-09-09,ge,182.15
2022-09-10,ge,182.22
2022-09-11,ge,182.32
2022-09-12,ge,182.48
2022-09-13,ge,182.64
2022-09-14,ge,182.65
2022-09-15,ge,182.63
2022-09-16,ge,182.83
2022-09-17,ge,182.78
2022-09-18,ge,182.58
2022-09-19,ge,182.34
2022-09-20,ge,182
2022-09-21,ge,181.86
2022-09-22,ge,181.75
2022-09-23,ge,181.62
2022-09-24,ge,181.75
2022-09-25,ge,182.06
2022-09-26,ge,182.37
2022-09-27,ge,183
2022-09-28,ge,183.39
2022-09-29,ge,183.84
2022-09-30,ge,184.31
2022-10-01,ge,184.61
2022-10-02,ge,184.97
2022-10-03,ge,185.49
2022-10-04,ge,185.63
2022-10-05,ge,185.87
2022-10-06,ge,186
2022-10-07,ge,186.03
2022-10-08,ge,185.88
2022-10-09,ge,185.68
2022-10-10,ge,185.24
2022-10-11,ge,185.01
2022-10-12,ge,184.77
2022-10-13,ge,184.61
2022-10-14,ge,184.48
2022-10-15,ge,184.61
2022-10-16,ge,184.67
2022-10-17,ge,184.69
2022-10-18,ge,184.82
2022-10-19,ge,184.98
2022-10-20,ge,185.14
2022-10-21,ge,185.23
2022-10-22,ge,185.39
2022-10-23,ge,185.72
2022-10-24,ge,186.13
2022-10-25,ge,186.32
2022-10-26,ge,186.37
2022-10-27,ge,186.5
2022-10-28,ge,186.61
2022-10-29,ge,186.59
2022-10-30,ge,186.64
2022-10-31,ge,186.75
2022-11-01,ge,187.02
2022-11-02,ge,187.19
2022-11-03,ge,187.09
2022-11-04,ge,186.85
2022-11-05,ge,186.89
2022-11-06,ge,186.77
2022-11-07,ge,186.68
2022-11-08,ge,186.56
2022-11-09,ge,186.59
2022-11-10,ge,186.72
2022-11-11,ge,187.35
2022-11-12,ge,187.58
2022-11-13,ge,187.86
2022-11-14,ge,187.95
2022-11-15,ge,188.18
2022-11-16,ge,188.5
2022-11-17,ge,188.66
2022-11-18,ge,188.62
2022-11-19,ge,188.72
2022-11-20,ge,188.78
2022-11-21,ge,188.88
2022-11-22,ge,188.93
2022-11-23,ge,188.84
2022-11-24,ge,188.88
2022-11-25,ge,188.96
2022-11-26,ge,189.16
2022-11-27,ge,189.33
2022-11-28,ge,189.59
2022-11-29,ge,189.77
2022-11-30,ge,189.86
2022-12-01,ge,189.9
2022-12-02,ge,190.04
2022-12-03,ge,189.74
2022-12-04,ge,189.72
2022-12-05,ge,189.73
2022-12-06,ge,189.52
2022-12-07,ge,189.73
2022-12-08,ge,189.92
2022-12-09,ge,190.17
2022-12-10,ge,190.63
2022-12-11,ge,190.85
2022-12-12,ge,191.34
2022-12-13,ge,192.01
2022-12-14,ge,192.33
2022-12-15,ge,192.74
2022-12-16,ge,192.82
2022-12-17,ge,192.91
2022-12-18,ge,193.21
2022-12-19,ge,193.36
2022-12-20,ge,193.37
2022-12-21,ge,193.53
2022-12-22,ge,193.67
2022-12-23,ge,193.79
2022-12-24,ge,193.95
2022-12-25,ge,194.15
2022-12-26,ge,194.33
2022-12-27,ge,194.55
2022-12-28,ge,194.61
2022-12-29,ge,194.67
2022-12-30,ge,194.81
2022-12-31,ge,194.82
2023-01-01,ge,194.73
2023-01-02,ge,194.58
2023-01-03,ge,194.41
2023-01-04,ge,194.34
2023-01-05,ge,194.28
2023-01-06,ge,194.34
2023-01-07,ge,194.59
2023-01-08,ge,194.73
2023-01-09,ge,194.59
2023-01-10,ge,194.49
2023-01-11,ge,194.27
2023-01-12,ge,194.15
2023-01-13,ge,194.12
2023-01-14,ge,193.78
2023-01-15,ge,193.52
2023-01-16,ge,193.46
2023-01-17,ge,193.46
2023-01-18,ge,194.04
2023-01-19,ge,194.45
2023-01-20,ge,194.67
2023-01-21,ge,195.22
2023-01-22,ge,195.75
2023-01-23,ge,196.07
2023-01-24,ge,196.59
2023-01-25,ge,196.53
2023-01-26,ge,196.37
2023-01-27,ge,196.36
2023-01-28,ge,196.36
2023-01-29,ge,196.24
2023-01-30,ge,195.83
2023-01-31,ge,195.54
2023-02-01,ge,195.69
2023-02-02,ge,196.1
2023-02-03,ge,196.12
2023-02-04,ge,195.91
2023-02-05,ge,195.8
2023-02-06,ge,196.04
2023-02-07,ge,196.25
2023-02-08,ge,195.53
2023-02-09,ge,194.96
2023-02-10,ge,194.71
2023-02-11,ge,194.49
2023-02-12,ge,194.16
2023-02-13,ge,193.99
2023-02-14,ge,193.49
2023-02-15,ge,193.27
2023-02-16,ge,192.98
2023-02-17,ge,192.62
2023-02-18,ge,192.17
2023-02-19,ge,191.99
2023-02-20,ge,191.91
2023-02-21,ge,191.63
2023-02-22,ge,191.82
2023-02-23,ge,192.1
2023-02-24,ge,191.95
2023-02-25,ge,192.02
2023-02-26,ge,191.66
2023-02-27,ge,191.15
2023-02-28,ge,190.84
2023-03-01,ge,190.42
2023-03-02,ge,189.75
2023-03-03,ge,189.54
2023-03-04,ge,189.26
2023-03-05,ge,189.35
2023-03-06,ge,189.29
2023-03-07,ge,189.27
2023-03-08,ge,189.26
2023-03-09,ge,189.33
2023-03-10,ge,190
2023-03-11,ge,190.59
2023-03-12,ge,191.17
2023-03-13,ge,192.11
2023-03-14,ge,192.94
2023-03-15,ge,193.79
2023-03-16,ge,194.67
2023-03-17,ge,195
2023-03-18,ge,195.46
2023-03-19,ge,195.87
2023-03-20,ge,196.09
2023-03-21,ge,196.31
2023-03-22,ge,195.71
2023-03-23,ge,195.45
2023-03-24,ge,195
2023-03-25,ge,194.75
2023-03-26,ge,194.44
2023-03-27,ge,194.1
2023-03-28,ge,193.9
2023-03-29,ge,194.31
2023-03-30,ge,194.38
2023-03-31,ge,194.46
2023-04-01,ge,194.27
2023-04-02,ge,194.13
2023-04-03,ge,194.03
2023-04-04,ge,193.96
2023-04-05,ge,194.17
2023-04-06,ge,194.12
2023-04-07,ge,194.65
2023-04-08,ge,195.09
2023-04-09,ge,195.4
2023-04-10,ge,196.02
2023-04-11,ge,196.28
2023-04-12,ge,196.4
2023-04-13,ge,196.81
2023-04-14,ge,196.41
2023-04-15,ge,196.24
2023-04-16,ge,196.34
2023-04-17,ge,195.95
2023-04-18,ge,195.97
2023-04-19,ge,196.11
2023-04-20,ge,196.35
2023-04-21,ge,196.96
2023-04-22,ge,197.8
2023-04-23,ge,198.55
2023-04-24,ge,199.73
2023-04-25,ge,201.21
2023-04-26,ge,202.59
2023-04-27,ge,204.12
2023-04-28,ge,205.99
2023-04-29,ge,207.61
2023-04-30,ge,209.09
2023-05-01,ge,210.87
2023-05-02,ge,212
2023-05-03,ge,213.41
2023-05-04,ge,214.56
2023-05-05,ge,215.72
2023-05-06,ge,214.4
2023-05-07,ge,212.78
2023-05-08,ge,210.41
2023-05-09,ge,206.83
2023-05-10,ge,202.95
2023-05-11,ge,199.16
2023-05-12,ge,195.04
2023-05-13,ge,193.3
2023-05-14,ge,191.89
2023-05-15,ge,190.4
2023-05-16,ge,190.44
2023-05-17,ge,190.57
2023-05-18,ge,190.72
2023-05-19,ge,190.58
2023-05-20,ge,190.04
2023-05-21,ge,189.7
2023-05-22,ge,189.51
2023-05-23,ge,189.21
2023-05-24,ge,188.45
2023-05-25,ge,187.46
2023-05-26,ge,187.05
2023-05-27,ge,187.07
2023-05-28,ge,186.69
2023-05-29,ge,186.86
2023-05-30,ge,186.57
2023-05-31,ge,186.74
2023-06-01,ge,186.84
2023-06-02,ge,186.56
2023-06-03,ge,186.76
2023-06-04,ge,187.36
2023-06-05,ge,187.81
2023-06-06,ge,188.65
2023-06-07,ge,189.36
2023-06-08,ge,190.25
2023-06-09,ge,190.39
2023-06-10,ge,190.18
2023-06-11,ge,189.73
2023-06-12,ge,189.08
2023-06-13,ge,188.55
2023-06-14,ge,188.13
2023-06-15,ge,187.37
2023-06-16,ge,187.49
2023-06-17,ge,187.3
2023-06-18,ge,187.31
2023-06-19,ge,187.27
2023-06-20,ge,187.25
2023-06-21,ge,187.14
2023-06-22,ge,187.47
2023-06-23,ge,187.52
2023-06-24,ge,187.93
2023-06-25,ge,188.06
2023-06-26,ge,188.05
2023-06-27,ge,187.78
2023-06-28,ge,187.3
2023-06-29,ge,186.93
2023-06-30,ge,186.77
2023-07-01,ge,186.24
2023-07-02,ge,185.75
2023-07-03,ge,185.25
2023-07-04,ge,185.07
2023-07-05,ge,185.12
2023-07-06,ge,184.73
2023-07-07,ge,184.48
2023-07-08,ge,184.46
2023-07-09,ge,184.47
2023-07-10,ge,184.77
2023-07-11,ge,184.79
2023-07-12,ge,184.64
2023-07-13,ge,184.58
2023-07-14,ge,184.62
2023-07-15,ge,184.54
2023-07-16,ge,184.53
2023-07-17,ge,184.32
2023-07-18,ge,184.12
2023-07-19,ge,184.19
2023-07-20,ge,184.62
2023-07-21,ge,184.41
2023-07-22,ge,184.24
2023-07-23,ge,184.4
2023-07-24,ge,184.63
2023-07-25,ge,185.13
2023-07-26,ge,185.57
2023-07-27,ge,185.78
2023-07-28,ge,186.42
2023-07-29,ge,187.21
2023-07-30,ge,187.6
2023-07-31,ge,188.09
2023-08-01,ge,188.68
2023-08-02,ge,189.04
2023-08-03,ge,189.27
2023-08-04,ge,189.42
2023-08-05,ge,189.4
2023-08-06,ge,189.57
2023-08-07,ge,189.73
2023-08-08,ge,189.9
2023-08-09,ge,190.23
2023-08-10,ge,190.47
2023-08-11,ge,190.78
2023-08-12,ge,191.03
2023-08-13,ge,191.26
2023-08-14,ge,191.59
2023-08-15,ge,191.93
2023-08-16,ge,192.01
2023-08-17,ge,192.4
2023-08-18,ge,192.75
2023-08-19,ge,193.11
2023-08-20,ge,193.45
2023-08-21,ge,193.64
2023-08-22,ge,193.69
2023-08-23,ge,194.06
2023-08-24,ge,194.35
2023-08-25,ge,194.7
2023-08-26,ge,195.12
2023-08-27,ge,195.47
2023-08-28,ge,195.68
2023-08-29,ge,195.98
2023-08-30,ge,196.13
2023-08-31,ge,196.3
2023-09-01,ge,196.29
2023-09-02,ge,196.19
2023-09-03,ge,196.26
2023-09-04,ge,196.38
2023-09-05,ge,196.23
2023-09-06,ge,196.22
2023-09-07,ge,196.08
2023-09-08,ge,196.04
2023-09-09,ge,195.9
2023-09-10,ge,195.67
2023-09-11,ge,195.44
2023-09-12,ge,195.23
2023-09-13,ge,195.03
2023-09-14,ge,194.66
2023-09-15,ge,194.18
2023-09-16,ge,193.88
2023-09-17,ge,193.46
2023-09-18,ge,193.06
2023-09-19,ge,192.92
2023-09-20,ge,192.59
2023-09-21,ge,192.54
2023-09-22,ge,192.48
2023-09-23,ge,192.41
2023-09-24,ge,192.46
2023-09-25,ge,192.62
2023-09-26,ge,192.57
2023-09-27,ge,192.53
2023-09-28,ge,192.5
2023-09-29,ge,192.24
2023-09-30,ge,191.9
2023-10-01,ge,191.56
2023-10-02,ge,191.09
2023-10-03,ge,190.73
2023-10-04,ge,190.54
2023-10-05,ge,190.24
2023-10-06,ge,190.22
2023-10-07,ge,189.94
2023-10-08,ge,189.78
2023-10-09,ge,189.45
2023-10-10,ge,189.19
2023-10-11,ge,188.98
2023-10-12,ge,188.87
2023-10-13,ge,188.73
2023-10-14,ge,188.83
2023-10-15,ge,188.74
2023-10-16,ge,188.79
2023-10-17,ge,188.52
2023-10-18,ge,188.17
2023-10-19,ge,187.53
2023-10-20,ge,187
2023-10-21,ge,186.21
2023-10-22,ge,185.67
2023-10-23,ge,185.06
2023-10-24,ge,184.63
2023-10-25,ge,184.27
2023-10-26,ge,183.95
2023-10-27,ge,183.59
2023-10-28,ge,183.52
2023-10-29,ge,183.21
2023-10-30,ge,183.14
2023-10-31,ge,183.02
2023-11-01,ge,183.07
2023-11-02,ge,182.94
2023-11-03,ge,182.44
2023-11-04,ge,182.02
2023-11-05,ge,181.61
2023-11-06,ge,180.99
2023-11-07,ge,180.55
2023-11-08,ge,179.74
2023-11-09,ge,179.08
2023-11-10,ge,178.82
2023-11-11,ge,178.85
2023-11-12,ge,178.89
2023-11-13,ge,179
2023-11-14,ge,178.73
2023-11-15,ge,178.67
2023-11-16,ge,178.84
2023-11-17,ge,178.83
2023-11-18,ge,178.42
2023-11-19,ge,178.09
2023-11-20,ge,177.84
2023-11-21,ge,177.61
2023-11-22,ge,177.35
2023-11-23,ge,177.04
2023-11-24,ge,176.71
2023-11-25,ge,176.43
2023-11-26,ge,176.06
2023-11-27,ge,175.87
2023-11-28,ge,175.91
2023-11-29,ge,176.06
2023-11-30,ge,176.12
2023-12-01,ge,176.19
2023-12-02,ge,176.19
2023-12-03,ge,176.3
2023-12-04,ge,176.06
2023-12-05,ge,175.8
2023-12-06,ge,175.53
2023-12-07,ge,175.28
2023-12-08,ge,175.49
2023-12-09,ge,175.63
2023-12-10,ge,175.78
2023-12-11,ge,175.93
2023-12-12,ge,176.12
2023-12-13,ge,176.29
2023-12-14,ge,176.61
2023-12-15,ge,176.44
2023-12-16,ge,176.54
2023-12-17,ge,176.53
2023-12-18,ge,176.39
2023-12-19,ge,176.22
2023-12-20,ge,176.1
2023-12-21,ge,175.94
2023-12-22,ge,175.77
2023-12-23,ge,175.42
2023-12-24,ge,175.2
2023-12-25,ge,175.52
2023-12-26,ge,175.56
2023-12-27,ge,175.32
2023-12-28,ge,175.13
2023-12-29,ge,175.04
2023-12-30,ge,174.86
2023-12-31,ge,174.58
2024-01-01,ge,174.16
2024-01-02,ge,173.79
2024-01-03,ge,173.59
2024-01-04,ge,173.23
2024-01-05,ge,173.22
2024-01-06,ge,173.39
2024-01-07,ge,173.42
2024-01-08,ge,173.19
2024-01-09,ge,173.12
2024-01-10,ge,173.2
2024-01-11,ge,173.37
2024-01-12,ge,173.34
2024-01-13,ge,173.08
2024-01-14,ge,172.81
2024-01-15,ge,172.64
2024-01-16,ge,172.4
2024-01-17,ge,172.11
2024-01-18,ge,171.77
2024-01-19,ge,171.26
2024-01-20,ge,171.15
2024-01-21,ge,171.11
2024-01-22,ge,171.01
2024-01-23,ge,171.07
2024-01-24,ge,171.07
2024-01-25,ge,171.12
2024-01-26,ge,171.34
2024-01-27,ge,171.5
2024-01-28,ge,171.73
2024-01-29,ge,171.99
2024-01-30,ge,171.9
2024-01-31,ge,171.45
2024-02-01,ge,171.1
2024-02-02,ge,170.68
2024-02-03,ge,170.24
2024-02-04,ge,169.81
2024-02-05,ge,169.39
2024-02-06,ge,169.36
2024-02-07,ge,169.68
2024-02-08,ge,169.93
2024-02-09,ge,170.31
2024-02-10,ge,170.61
2024-02-11,ge,170.81
2024-02-12,ge,171.13
2024-02-13,ge,170.89
2024-02-14,ge,171.01
2024-02-15,ge,171.49
2024-02-16,ge,171.73
2024-02-17,ge,171.89
2024-02-18,ge,172.16
2024-02-19,ge,172.37
2024-02-20,ge,173.13
2024-02-21,ge,173.63
2024-02-22,ge,173.73
2024-02-23,ge,174.08
2024-02-24,ge,174.55
2024-02-25,ge,174.91
2024-02-26,ge,175.29
2024-02-27,ge,174.69
2024-02-28,ge,174.11
2024-02-29,ge,173.67
2024-03-01,ge,173.06
2024-03-02,ge,172.55
2024-03-03,ge,171.96
2024-03-04,ge,171.36
2024-03-05,ge,171.58
2024-03-06,ge,171.76
2024-03-07,ge,171.87
2024-03-08,ge,172.09
2024-03-09,ge,172.3
2024-03-10,ge,172.36
2024-03-11,ge,172.25
2024-03-12,ge,172.33
2024-03-13,ge,172.36
2024-03-14,ge,172.47
2024-03-15,ge,172.58
2024-03-16,ge,172.45
2024-03-17,ge,172.68
2024-03-18,ge,173.1
2024-03-19,ge,173.43
2024-03-20,ge,173.82
2024-03-21,ge,174.11
2024-03-22,ge,174.39
2024-03-23,ge,174.78
2024-03-24,ge,175.05
2024-03-25,ge,175.27
2024-03-26,ge,175.34
2024-03-27,ge,175.28
2024-03-28,ge,175.21
2024-03-29,ge,175.12
2024-03-30,ge,174.91
2024-03-31,ge,174.58
2024-04-01,ge,174.37
2024-04-02,ge,173.81
2024-04-03,ge,173.18
2024-04-04,ge,172.5
2024-04-05,ge,171.83
2024-04-06,ge,171.44
2024-04-07,ge,171.16
2024-04-08,ge,170.79
2024-04-09,ge,170.88
2024-04-10,ge,171.19
2024-04-11,ge,171.76
2024-04-12,ge,172.34
2024-04-13,ge,172.74
2024-04-14,ge,173.1
2024-04-15,ge,173.42
2024-04-16,ge,173.8
2024-04-17,ge,174.17
2024-04-18,ge,174.49
2024-04-19,ge,175.01
2024-04-20,ge,175.38
2024-04-21,ge,175.84
2024-04-22,ge,176.17
2024-04-23,ge,176.52
2024-04-24,ge,176.67
2024-04-25,ge,176.78
2024-04-26,ge,176.55
2024-04-27,ge,176.63
2024-04-28,ge,176.68
2024-04-29,ge,176.92
2024-04-30,ge,176.66
2024-05-01,ge,176.71
2024-05-02,ge,176.22
2024-05-03,ge,175.99
2024-05-04,ge,175.57
2024-05-05,ge,175.01
2024-05-06,ge,174.39
2024-05-07,ge,174.1
2024-05-08,ge,173.67
2024-05-09,ge,173.44
2024-05-10,ge,172.88
2024-05-11,ge,172.24
2024-05-12,ge,171.55
2024-05-13,ge,170.79
2024-05-14,ge,170.03
2024-05-15,ge,169.26
2024-05-16,ge,168.75
2024-05-17,ge,168.13
2024-05-18,ge,167.64
2024-05-19,ge,167.19
2024-05-20,ge,166.84
2024-05-21,ge,166.19
2024-05-22,ge,165.69
2024-05-23,ge,165.23
2024-05-24,ge,164.91
2024-05-25,ge,164.66
2024-05-26,ge,164.5
2024-05-27,ge,164.03
2024-05-28,ge,164.21
2024-05-29,ge,164.33
2024-05-30,ge,164.25
2024-05-31,ge,164.43
2024-06-01,ge,164.52
2024-06-02,ge,164.63
2024-06-03,ge,165.09
2024-06-04,ge,165.35
2024-06-05,ge,165.47
2024-06-06,ge,165.55
2024-06-07,ge,165.53
2024-06-08,ge,165.66
2024-06-09,ge,165.7
2024-06-10,ge,165.84
2024-06-11,ge,165.83
2024-06-12,ge,165.79
2024-06-13,ge,165.86
2024-06-14,ge,165.49
2024-06-15,ge,165
2024-06-16,ge,164.54
2024-06-17,ge,163.73
2024-06-18,ge,163.02
2024-06-19,ge,162.23
2024-06-20,ge,161.6
2024-06-21,ge,161.55
2024-06-22,ge,161.43
2024-06-23,ge,161.36
2024-06-24,ge,161.68
2024-06-25,ge,161.9
2024-06-26,ge,162.04
2024-06-27,ge,161.98
2024-06-28,ge,161.68
2024-06-29,ge,161.59
2024-06-30,ge,161.42
2024-07-01,ge,160.86
2024-07-02,ge,160.25
2024-07-03,ge,160.16
2024-07-04,ge,160.09
2024-07-05,ge,160.34
2024-07-06,ge,160.46
2024-07-07,ge,160.58
2024-07-08,ge,160.76
2024-07-09,ge,161.24
2024-07-10,ge,160.79
2024-07-11,ge,160.32
2024-07-12,ge,159.71
2024-07-13,ge,159.14
2024-07-14,ge,158.67
2024-07-15,ge,158.59
2024-07-16,ge,158.4
2024-07-17,ge,158.79
2024-07-18,ge,159.25
2024-07-19,ge,159.63
2024-07-20,ge,159.93
2024-07-21,ge,160.28
2024-07-22,ge,160.33
2024-07-23,ge,160.47
2024-07-24,ge,160.47
2024-07-25,ge,160.35
2024-07-26,ge,160.28
2024-07-27,ge,160.29
2024-07-28,ge,160.19
2024-07-29,ge,160.16
2024-07-30,ge,160.05
2024-07-31,ge,159.86
2024-08-01,ge,159.8
2024-08-02,ge,159.63
2024-08-03,ge,159.5
2024-08-04,ge,159.46
2024-08-05,ge,159.37
2024-08-06,ge,159.11
2024-08-07,ge,159.06
2024-08-08,ge,158.97
2024-08-09,ge,159.04
2024-08-10,ge,158.99
2024-08-11,ge,158.75
2024-08-12,ge,158.64
2024-08-13,ge,158.73
2024-08-14,ge,158.53
2024-08-15,ge,158.47
2024-08-16,ge,158.23
2024-08-17,ge,157.98
2024-08-18,ge,157.71
2024-08-19,ge,157.52
2024-08-20,ge,157.23
2024-08-21,ge,157.05
2024-08-22,ge,156.77
2024-08-23,ge,156.66
2024-08-24,ge,156.52
2024-08-25,ge,156.46
2024-08-26,ge,156.26
2024-08-27,ge,156.11
2024-08-28,ge,156.04
2024-08-29,ge,156.14
2024-08-30,ge,156.16
2024-08-31,ge,156.38
2024-09-01,ge,156.53
2024-09-02,ge,156.68
2024-09-03,ge,156.74
2024-09-04,ge,156.76
2024-09-05,ge,156.69
2024-09-06,ge,156.67
2024-09-07,ge,156.42
2024-09-08,ge,156.29
2024-09-09,ge,156.05
2024-09-10,ge,155.75
2024-09-11,ge,155.23
2024-09-12,ge,154.76
2024-09-13,ge,154.2
2024-09-14,ge,153.9
2024-09-15,ge,153.5
2024-09-16,ge,153.24
2024-09-17,ge,153.21
2024-09-18,ge,153.52
2024-09-19,ge,153.54
2024-09-20,ge,153.61
2024-09-21,ge,153.57
2024-09-22,ge,153.61
2024-09-23,ge,153.53
2024-09-24,ge,153.38
2024-09-25,ge,153.17
2024-09-26,ge,153.2
2024-09-27,ge,153.15
2024-09-28,ge,153.08
2024-09-29,ge,152.99
2024-09-30,ge,153.03
2024-10-01,ge,152.89
2024-10-02,ge,152.5
2024-10-03,ge,152.13
2024-10-04,ge,151.83
2024-10-05,ge,151.63
2024-10-06,ge,151.39
2024-10-07,ge,151.02
2024-10-08,ge,150.96
2024-10-09,ge,150.97
2024-10-10,ge,151.07
2024-10-11,ge,151.22
2024-10-12,ge,151.26
2024-10-13,ge,151.37
2024-10-14,ge,151.66
2024-10-15,ge,151.75
2024-10-16,ge,151.96
2024-10-17,ge,151.8
2024-10-18,ge,151.65
2024-10-19,ge,151.63
2024-10-20,ge,151.6
2024-10-21,ge,151.4
2024-10-22,ge,151.15
2024-10-23,ge,150.85
2024-10-24,ge,150.83
2024-10-25,ge,150.7
2024-10-26,ge,150.38
2024-10-27,ge,150.03
2024-10-28,ge,149.87
2024-10-29,ge,149.75
2024-10-30,ge,149.79
2024-10-31,ge,149.65
2024-11-01,ge,149.75
2024-11-02,ge,149.69
2024-11-03,ge,149.59
2024-11-04,ge,149.52
2024-11-05,ge,149.47
2024-11-06,ge,149.36
2024-11-07,ge,149.3
2024-11-08,ge,148.89
2024-11-09,ge,148.63
2024-11-10,ge,148.26
2024-11-11,ge,148.17
2024-11-12,ge,147.77
2024-11-13,ge,147.46
2024-11-14,ge,147.18
2024-11-15,ge,147.15
2024-11-16,ge,147.19
2024-11-17,ge,147.19
2024-11-18,ge,146.89
2024-11-19,ge,146.99
2024-11-20,ge,147.04
2024-11-21,ge,147
2024-11-22,ge,146.93
2024-11-23,ge,147.01
2024-11-24,ge,147.12
2024-11-25,ge,147.23
2024-11-26,ge,147.25
2024-11-27,ge,147.31
2024-11-28,ge,147.39
2024-11-29,ge,147.49
2024-11-30,ge,147.52
2024-12-01,ge,147.61
2024-12-02,ge,147.72
2024-12-03,ge,147.84
2024-12-04,ge,147.83
2024-12-05,ge,147.9
2024-12-06,ge,147.95
2024-12-07,ge,147.86
2024-12-08,ge,147.8
2024-12-09,ge,147.64
2024-12-10,ge,147.43
2024-12-11,ge,147.28
2024-12-12,ge,147.11
2024-12-13,ge,147.01
2024-12-14,ge,146.96
2024-12-15,ge,147
2024-12-16,ge,147.05
2024-12-17,ge,147.25
2024-12-18,ge,147.41
2024-12-19,ge,147.57
2024-12-20,ge,147.76
2024-12-21,ge,147.9
2024-12-22,ge,147.97
2024-12-23,ge,148.08
2024-12-24,ge,148.05
2024-12-25,ge,148.18
2024-12-26,ge,148.23
2024-12-27,ge,148.06
2024-12-28,ge,147.94
2024-12-29,ge,147.78
2024-12-30,ge,147.71
2024-12-31,ge,147.68
2025-01-01,ge,147.6
2025-01-02,ge,147.4
2025-01-03,ge,147.26
2025-01-04,ge,147.19
2025-01-05,ge,147.09
2025-01-06,ge,146.79
2025-01-07,ge,146.5
2025-01-08,ge,146.12
2025-01-09,ge,146.02
2025-01-10,ge,145.9
2025-01-11,ge,145.79
2025-01-12,ge,145.81
2025-01-13,ge,145.87
2025-01-14,ge,146.01
2025-01-15,ge,146.14
2025-01-16,ge,146.18
2025-01-17,ge,146.1
2025-01-18,ge,145.89
2025-01-19,ge,145.58
2025-01-20,ge,145.42
2025-01-21,ge,145.23
2025-01-22,ge,145.08
2025-01-23,ge,144.83
2025-01-24,ge,144.74
2025-01-25,ge,144.81
2025-01-26,ge,144.92
2025-01-27,ge,144.93
2025-01-28,ge,145.73
2025-01-29,ge,145.57
2025-01-30,ge,145.68
2025-01-31,ge,145.7
2025-02-01,ge,145.88
2025-02-02,ge,146.03
2025-02-03,ge,146.06
2025-02-04,ge,145.31
2025-02-05,ge,145.62
2025-02-06,ge,145.8
2025-02-07,ge,145.95
2025-02-08,ge,146.04
2025-02-09,ge,146.14
2025-02-10,ge,146.29
2025-02-11,ge,146.48
2025-02-12,ge,146.4
2025-02-13,ge,146.25
2025-02-14,ge,146.26
2025-02-15,ge,146.1
2025-02-16,ge,146.1
2025-02-17,ge,146.16
2025-02-18,ge,146.12
2025-02-19,ge,146.19
2025-02-20,ge,146.21
2025-02-21,ge,146.17
2025-02-22,ge,146.17
2025-02-23,ge,145.94
2025-02-24,ge,145.76
2025-02-25,ge,145.54
2025-02-26,ge,145.47
2025-02-27,ge,145.75
2025-02-28,ge,146.07
2025-03-01,ge,146.38
2025-03-02,ge,146.76
2025-03-03,ge,146.92
2025-03-04,ge,147.03
2025-03-05,ge,145.77
2025-03-06,ge,145.43
2025-03-07,ge,145
2025-03-08,ge,144.68
2025-03-09,ge,144.33
2025-03-10,ge,144.07
2025-03-11,ge,144.77
2025-03-12,ge,146.75
2025-03-13,ge,146.44
2025-03-14,ge,146.19
2025-03-15,ge,145.71
2025-03-16,ge,145.32
2025-03-17,ge,145.08
2025-03-18,ge,143.72
2025-03-19,ge,142.5
2025-03-20,ge,142.24
2025-03-21,ge,141.96
2025-03-22,ge,142.25
2025-03-23,ge,142.44
2025-03-24,ge,142.58
2025-03-25,ge,142.96
2025-03-26,ge,143.31
2025-03-27,ge,143.88
2025-03-28,ge,144.33
2025-03-29,ge,144.32
2025-03-30,ge,144.36
2025-03-31,ge,144.32
2025-04-01,ge,144.25
2025-04-02,ge,143.92
2025-04-03,ge,143.63
2025-04-04,ge,143.5
2025-04-05,ge,143.39
2025-04-06,ge,143.29
2025-04-07,ge,143.02
2025-04-08,ge,142.63
2025-04-09,ge,142.46
2025-04-10,ge,142.19
2025-04-11,ge,141.77
2025-04-12,ge,141.27
2025-04-13,ge,140.78
2025-04-14,ge,140.61
2025-04-15,ge,140.62
2025-04-16,ge,140.38
2025-04-17,ge,140.15
2025-04-18,ge,139.98
2025-04-19,ge,139.71
2025-04-20,ge,139.42
2025-04-21,ge,139.16
2025-04-22,ge,138.55
2025-04-23,ge,138.02
2025-04-24,ge,137.41
2025-04-25,ge,136.77
2025-04-26,ge,136.22
2025-04-27,ge,135.76
2025-04-28,ge,135.22
2025-04-29,ge,135.05
2025-04-30,ge,135.34
2025-05-01,ge,135.81
2025-05-02,ge,136.19
2025-05-03,ge,136.65
2025-05-04,ge,137.04
2025-05-05,ge,137.48
2025-05-06,ge,137.82
2025-05-07,ge,137.84
2025-05-08,ge,137.91
2025-05-09,ge,137.98
2025-05-10,ge,138.02
2025-05-11,ge,137.93
2025-05-12,ge,137.97
2025-05-13,ge,138.16
2025-05-14,ge,138.17
2025-05-15,ge,138.01
2025-05-16,ge,138.11
2025-05-17,ge,138.23
2025-05-18,ge,138.58
2025-05-19,ge,138.72
2025-05-20,ge,138.68
2025-05-21,ge,138.92
2025-05-22,ge,139.18
2025-05-23,ge,139.41
2025-05-24,ge,139.52
2025-05-25,ge,139.51
2025-05-26,ge,139.67
2025-05-27,ge,139.9
2025-05-28,ge,140.12
2025-05-29,ge,140.57
2025-05-30,ge,140.75
2025-05-31,ge,140.83
2025-06-01,ge,140.91
2025-06-02,ge,140.77
2025-06-03,ge,140.61
2025-06-04,ge,140.39
2025-06-05,ge,139.71
2025-06-06,ge,139.26
2025-06-07,ge,139.13
2025-06-08,ge,139.07
2025-06-09,ge,139.27
2025-06-10,ge,139.14
2025-06-11,ge,138.99
2025-06-12,ge,138.76
2025-06-13,ge,138.53
2025-06-14,ge,138.22
2025-06-15,ge,137.85
2025-06-16,ge,137.23
2025-06-17,ge,136.96
2025-06-18,ge,136.78
2025-06-19,ge,136.87
2025-06-20,ge,136.88
2025-06-21,ge,136.79
2025-06-22,ge,136.78
2025-06-23,ge,136.85
2025-06-24,ge,136.8
2025-06-25,ge,136.7
2025-06-26,ge,136.64
2025-06-27,ge,136.53
2025-06-28,ge,136.54
2025-06-29,ge,136.57
2025-06-30,ge,136.55
2025-07-01,ge,136.56
2025-07-02,ge,136.47
2025-07-03,ge,136.38
2025-07-04,ge,136.35
2025-07-05,ge,136.3
2025-07-06,ge,136.11
2025-07-07,ge,136.04
2025-07-08,ge,135.9
2025-07-09,ge,135.72
2025-07-10,ge,135.63
2025-07-11,ge,135.51
2025-07-12,ge,135.31
2025-07-13,ge,135.15
2025-07-14,ge,135.12
2025-07-15,ge,134.83
2025-07-16,ge,134.7
2025-07-17,ge,134.44
2025-07-18,ge,134.1
2025-07-19,ge,133.77
2025-07-20,ge,133.73
2025-07-21,ge,133.47
2025-07-22,ge,133.62
2025-07-23,ge,133.64
2025-07-24,ge,133.6
2025-07-25,ge,133.84
2025-07-26,ge,134.11
2025-07-27,ge,134.1
2025-07-28,ge,134.12
2025-07-29,ge,133.96
2025-07-30,ge,133.86
2025-07-31,ge,133.87
2025-08-01,ge,133.65
2025-08-02,ge,133.36
2025-08-03,ge,133.11
2025-08-04,ge,132.91
2025-08-05,ge,132.89
2025-08-06,ge,132.76
2025-08-07,ge,132.67
2025-08-08,ge,132.7
2025-08-09,ge,132.74
2025-08-10,ge,132.81
2025-08-11,ge,132.87
2025-08-12,ge,132.83
2025-08-13,ge,132.95
2025-08-14,ge,133.02
2025-08-15,ge,133.3
2025-08-16,ge,133.49
2025-08-17,ge,133.72
2025-08-18,ge,133.9
2025-08-19,ge,134.14
2025-08-20,ge,134.36
2025-08-21,ge,134.54
2025-08-22,ge,134.45
2025-08-23,ge,134.51
2025-08-24,ge,134.41
2025-08-25,ge,134.44
2025-08-26,ge,134.47
2025-08-27,ge,134.53
2025-08-28,ge,134.51
2025-08-29,ge,134.36
2025-08-30,ge,134.28
2025-08-31,ge,134.19
2025-09-01,ge,133.96
2025-09-02,ge,133.83
2025-09-03,ge,133.71
2025-09-04,ge,133.68
2025-09-05,ge,133.75
2025-09-06,ge,133.84
2025-09-07,ge,133.96
2025-09-08,ge,134.01
2025-09-09,ge,133.81
2025-09-10,ge,133.5
2025-09-11,ge,133.19
2025-09-12,ge,132.81
2025-09-13,ge,132.38
2025-09-14,ge,132.02
2025-09-15,ge,131.7
2025-09-16,ge,131.73
2025-09-17,ge,131.63
2025-09-18,ge,131.6
2025-09-19,ge,131.68
2025-09-20,ge,131.82
2025-09-21,ge,131.82
2025-09-22,ge,131.88
2025-09-23,ge,131.62
2025-09-24,ge,131.45
2025-09-25,ge,131.33
2025-09-26,ge,130.88
2025-09-27,ge,130.33
2025-09-28,ge,129.83
2025-09-29,ge,129.32
2025-09-30,ge,128.92
2025-10-01,ge,128.68
2025-10-02,ge,128.35
2025-10-03,ge,128.29
2025-10-04,ge,128.29
2025-10-05,ge,128.38
2025-10-06,ge,128.48
2025-10-07,ge,128.56
2025-10-08,ge,128.47
2025-10-09,ge,128.22
2025-10-10,ge,128.22
2025-10-11,ge,128.13
2025-10-12,ge,127.99
2025-10-13,ge,127.8
2025-10-14,ge,127.64
2025-10-15,ge,127.59
2025-10-16,ge,127.61
2025-10-17,ge,127.39
2025-10-18,ge,127.15
2025-10-19,ge,126.93
2025-10-20,ge,126.73
2025-10-21,ge,126.4
2025-10-22,ge,126.22
2025-10-23,ge,125.98
2025-10-24,ge,125.78
2025-10-25,ge,125.66
2025-10-26,ge,125.5
2025-10-27,ge,125.49
2025-10-28,ge,125.64
2025-10-29,ge,125.61
2025-10-30,ge,125.72
2025-10-31,ge,125.83
2025-11-01,ge,125.63
2025-11-02,ge,125.81
2025-11-03,ge,125.83
2025-11-04,ge,125.82
2025-11-05,ge,125.57
2025-11-06,ge,125.36
2025-11-07,ge,125.17
2025-11-08,ge,125.28
2025-11-09,ge,124.88
2025-11-10,ge,124.68
2025-11-11,ge,124.57
2025-11-12,ge,124.57
2025-11-13,ge,124.6
2025-11-14,ge,124.61
2025-11-15,ge,124.62
2025-11-16,ge,124.71
2025-11-17,ge,124.76
2025-11-18,ge,124.7
2025-11-19,ge,124.4
2025-11-20,ge,124.18
2025-11-21,ge,123.84
2025-11-22,ge,123.48
2025-11-23,ge,123.02
2025-11-24,ge,122.6
2025-11-25,ge,122.3
2025-11-26,ge,122.45
2025-11-27,ge,122.51
2025-11-28,ge,122.7
2025-11-29,ge,122.84
2025-11-30,ge,123.04
2025-12-01,ge,123.13
2025-12-02,ge,123.04
2025-12-03,ge,122.8
2025-12-04,ge,122.49
2025-12-05,ge,122.26
2025-12-06,ge,121.99
2025-12-07,ge,121.63
2025-12-08,ge,121.33
2025-12-09,ge,121.22
2025-12-10,ge,121.11
2025-12-11,ge,121.05
2025-12-12,ge,120.83
2025-12-13,ge,120.88
2025-12-14,ge,121.07
2025-12-15,ge,121.3
2025-12-16,ge,121.47
2025-12-17,ge,121.59
2025-12-18,ge,121.72
2025-12-19,ge,121.82
2025-12-20,ge,121.73
2025-12-21,ge,121.7
2025-12-22,ge,121.66
2025-12-23,ge,121.66
2025-12-24,ge,121.66
2025-12-25,ge,121.53
2025-12-26,ge,121.49
2025-12-27,ge,121.33
2025-12-28,ge,121.17
2025-12-29,ge,121.01
2025-12-30,ge,120.8
2025-12-31,ge,120.73
2026-01-01,ge,120.44
2026-01-02,ge,120
2026-01-03,ge,119.54
2026-01-04,ge,118.86
2026-01-05,ge,118.12
2026-01-06,ge,117.64
2026-01-07,ge,117.34
2026-01-08,ge,117.46
2026-01-09,ge,117.76
2026-01-10,ge,118.26
2026-01-11,ge,118.81
2026-01-12,ge,119.24
2026-01-13,ge,119.55
2026-01-14,ge,119.8
2026-01-15,ge,120.11
2026-01-16,ge,120.56
2026-01-17,ge,120.96
2026-01-18,ge,121.38
2026-01-19,ge,121.78
2026-01-20,ge,122.41
2026-01-21,ge,122.93
2026-01-22,ge,123.63
2026-01-23,ge,124.24
2026-01-24,ge,124.76
2026-01-25,ge,125.23
2026-01-26,ge,125.66
2026-01-27,ge,125.8
2026-01-28,ge,125.97
2026-01-29,ge,125.9
2026-01-30,ge,125.88
2026-01-31,ge,125.77
2026-02-01,ge,125.77
2026-02-02,ge,125.49
2026-02-03,ge,125.3
2026-02-04,ge,124.91
2026-02-05,ge,124.86
2026-02-06,ge,124.87
2026-02-07,ge,124.93
2026-02-08,ge,124.87
2026-02-09,ge,125.16
2026-02-10,ge,125.48
2026-02-11,ge,126.04
2026-02-12,ge,126.29
2026-02-13,ge,126.59
2026-02-14,ge,126.96
2026-02-15,ge,127.33
2026-02-16,ge,127.68
2026-02-17,ge,128.05
2026-02-18,ge,128.32
2026-02-19,ge,128.54
2026-02-20,ge,128.65
2026-02-21,ge,128.63
2026-02-22,ge,128.64
2026-02-23,ge,128.56
2026-02-24,ge,128.28
2026-02-25,ge,127.88
2026-02-26,ge,127.51
2026-02-27,ge,127.24
2026-02-28,ge,126.95
2026-03-01,ge,126.69
2026-03-02,ge,126.43
2026-03-03,ge,126.33
2026-03-04,ge,126.49
2026-03-05,ge,126.66
2026-03-06,ge,126.67
2026-03-07,ge,126.77
2026-03-08,ge,126.85
2026-03-09,ge,126.9
2026-03-10,ge,126.76
2026-03-11,ge,126
2026-03-12,ge,125.16
2026-03-13,ge,124.33
2026-03-14,ge,123.23
2026-03-15,ge,122.14
2026-03-16,ge,121.11
2026-03-17,ge,120.26
2026-03-18,ge,120.05
2026-03-19,ge,119.68
2026-03-20,ge,119.17
2026-03-21,ge,118.85
2026-03-22,ge,118.44
2026-03-23,ge,118.12
2026-03-24,ge,117.74
2026-03-25,ge,117.28
2026-03-26,ge,116.95
2026-03-27,ge,116.68
2026-03-28,ge,116.47
2026-03-29,ge,116.46
2026-03-30,ge,116.52
2026-03-31,ge,116.4
2026-04-01,ge,116.13
2026-04-02,ge,115.71
2026-04-03,ge,115.26
2026-04-04,ge,114.74
2026-04-05,ge,114.18
2026-04-06,ge,113.64
2026-04-07,ge,113.09
2026-04-08,ge,112.64
2026-04-09,ge,112.39
2026-04-10,ge,112.22
2026-04-11,ge,112.25
2026-04-12,ge,112.35
2026-04-13,ge,112.4
2026-04-14,ge,112.67
2026-04-15,ge,112.91
2026-04-16,ge,113.25
2026-04-17,ge,113.46
2026-04-18,ge,113.58
2026-04-19,ge,113.75
2026-04-20,ge,113.88
2026-04-21,ge,114.05
2026-04-22,ge,114.31
2026-04-23,ge,114.4
2026-04-24,ge,114.57
2026-04-25,ge,114.68
2026-04-26,ge,114.68
2026-04-27,ge,114.7
2026-04-28,ge,114.81
2026-04-29,ge,114.88
2026-04-30,ge,114.79
2026-05-01,ge,114.68
2026-05-02,ge,114.07
2026-05-03,ge,113.48
2026-05-04,ge,112.82
2026-05-05,ge,112.22
2026-05-06,ge,111.79
2026-05-07,ge,111.49
2026-05-08,ge,111.42
2026-05-09,ge,111.76
2026-05-10,ge,112.04
2026-05-11,ge,112.5
2026-05-12,ge,112.87
2026-05-13,ge,113.14
2026-05-14,ge,113.44
2026-05-15,ge,113.26
2026-05-16,ge,113.16
2026-05-17,ge,113.23
2026-05-18,ge,113.15
2026-05-19,ge,112.68
2026-05-20,ge,112.24
2026-05-21,ge,111.91
2026-05-22,ge,111.79
2026-05-23,ge,111.74
2026-05-24,ge,111.47
2026-05-25,ge,111.02
2026-05-26,ge,110.55
2026-05-27,ge,109.97
2026-05-28,ge,109.11
2026-05-29,ge,108.43
2026-05-30,ge,107.96
2026-05-31,ge,107.64
2026-06-01,ge,107.03
2026-06-02,ge,106.91
2026-06-03,ge,106.78
2026-06-04,ge,106.91
2026-06-05,ge,107.01
2026-06-06,ge,107.24
2026-06-07,ge,107.44
2026-06-08,ge,107.94
2026-06-09,ge,108.38
2026-06-10,ge,108.84
2026-06-11,ge,109.39
2026-06-12,ge,109.85
2026-06-13,ge,110.13
2026-06-14,ge,110.3
2026-06-15,ge,110.74
2026-06-16,ge,111.17
2026-06-17,ge,111.48
2026-06-18,ge,111.6
2026-06-19,ge,111.79
2026-06-20,ge,112.14
2026-06-21,ge,112.57
2026-06-22,ge,112.75
2026-06-23,ge,112.81
2026-06-24,ge,113.02
2026-06-25,ge,113.36
2026-06-26,ge,113.52
2026-06-27,ge,113.39
2026-06-28,ge,113.18
2026-06-29,ge,112.93
2026-06-30,ge,112.55
2026-07-01,ge,111.83
2026-07-02,ge,111.15
2026-07-03,ge,110.67
2026-07-04,ge,110.39
2026-07-05,ge,110.22
2026-07-06,ge,109.82
2026-07-07,ge,109.73
2026-07-08,ge,110.01
2026-07-09,ge,109.88
2026-07-10,ge,109.72
2026-07-11,ge,109.53
2026-07-12,ge,109.45
2026-07-13,ge,109.59
2026-07-14,ge,109.7
2026-07-15,ge,109.33
2026-07-16,ge,109.33
2026-07-17,ge,109.21
2026-07-18,ge,109.12
2026-07-19,ge,108.92
2026-07-20,ge,108.7
2026-07-21,ge,108.53
2026-07-22,ge,108.72
2026-07-23,ge,108.72
2026-07-24,ge,108.82
2026-07-25,ge,109.03
2026-07-26,ge,109.25
2026-07-27,ge,109.43
2026-07-28,ge,109.43
2026-07-29,ge,109.58
2026-07-30,ge,109.76
2026-07-31,ge,109.75
2026-08-01,ge,109.69
2026-08-02,ge,109.5
2026-08-03,ge,109.44
2026-08-04,ge,109.48
2026-08-05,ge,109.41
2026-08-06,ge,109.26
2026-08-07,ge,109.37
2026-08-08,ge,109.39
2026-08-09,ge,109.67
2026-08-10,ge,109.7
2026-08-11,ge,109.85
2026-08-12,ge,109.82
2026-08-13,ge,109.83
2026-08-14,ge,109.78
2026-08-15,ge,109.64
2026-08-16,ge,109.42
2026-08-17,ge,109.32
2026-08-18,ge,109.25
2026-08-19,ge,109.24
2026-08-20,ge,109.38
2026-08-21,ge,109.46
2026-08-22,ge,109.58
2026-08-23,ge,109.66
2026-08-24,ge,109.76
2026-08-25,ge,109.73
2026-08-26,ge,109.8
2026-08-27,ge,109.76
2026-08-28,ge,109.71
2026-08-29,ge,109.76
2026-08-30,ge,109.67
2026-08-31,ge,109.46
2026-09-01,ge,109.25
2026-09-02,ge,109.13
2026-09-03,ge,109.19
2026-09-04,ge,109.32
2026-09-05,ge,109.48
2026-09-06,ge,109.57
2026-09-07,ge,109.73
2026-09-08,ge,109.86
2026-09-09,ge,109.8
2026-09-10,ge,109.68
2026-09-11,ge,109.6
2026-09-12,ge,109.47
2026-09-13,ge,109.37
2026-09-14,ge,109.34
2026-09-15,ge,109.2
2026-09-16,ge,108.88
2026-09-17,ge,108.52
2026-09-18,ge,108.17
2020-02-01,hdf,100
2020-02-02,hdf,99.68
2020-02-03,hdf,99.45
2020-02-04,hdf,99.09
2020-02-05,hdf,99.01
2020-02-06,hdf,97.97
2020-02-07,hdf,96.83
2020-02-08,hdf,96.78
2020-02-09,hdf,96.77
2020-02-10,hdf,96.72
2020-02-11,hdf,96.88
2020-02-12,hdf,97.15
2020-02-13,hdf,97.38
2020-02-14,hdf,97.66
2020-02-15,hdf,97.86
2020-02-16,hdf,98.03
2020-02-17,hdf,98.16
2020-02-18,hdf,98.04
2020-02-19,hdf,97.83
2020-02-20,hdf,97.68
2020-02-21,hdf,97.35
2020-02-22,hdf,97.11
2020-02-23,hdf,97.03
2020-02-24,hdf,96.94
2020-02-25,hdf,96.87
2020-02-26,hdf,96.91
2020-02-27,hdf,97.06
2020-02-28,hdf,97.24
2020-02-29,hdf,97.35
2020-03-01,hdf,97.46
2020-03-02,hdf,97.56
2020-03-03,hdf,97.68
2020-03-04,hdf,97.73
2020-03-05,hdf,97.67
2020-03-06,hdf,97.67
2020-03-07,hdf,97.57
2020-03-08,hdf,97.49
2020-03-09,hdf,97.36
2020-03-10,hdf,97.29
2020-03-11,hdf,97.15
2020-03-12,hdf,97.09
2020-03-13,hdf,97.07
2020-03-14,hdf,97.13
2020-03-15,hdf,97.06
2020-03-16,hdf,97
2020-03-17,hdf,96.84
2020-03-18,hdf,96.51
2020-03-19,hdf,95.92
2020-03-20,hdf,95.13
2020-03-21,hdf,94.15
2020-03-22,hdf,93.28
2020-03-23,hdf,92.43
2020-03-24,hdf,91.38
2020-03-25,hdf,90.38
2020-03-26,hdf,89.27
2020-03-27,hdf,88.34
2020-03-28,hdf,86.68
2020-03-29,hdf,84.86
2020-03-30,hdf,82.99
2020-03-31,hdf,81.31
2020-04-01,hdf,79.88
2020-04-02,hdf,78.29
2020-04-03,hdf,76.5
2020-04-04,hdf,75.82
2020-04-05,hdf,74.92
2020-04-06,hdf,73.99
2020-04-07,hdf,72.85
2020-04-08,hdf,71.64
2020-04-09,hdf,70.74
2020-04-10,hdf,69.67
2020-04-11,hdf,68.45
2020-04-12,hdf,67.18
2020-04-13,hdf,66.06
2020-04-14,hdf,65.12
2020-04-15,hdf,64.4
2020-04-16,hdf,63.67
2020-04-17,hdf,63.16
2020-04-18,hdf,62.83
2020-04-19,hdf,62.61
2020-04-20,hdf,62.49
2020-04-21,hdf,62.49
2020-04-22,hdf,62.36
2020-04-23,hdf,62.17
2020-04-24,hdf,62.12
2020-04-25,hdf,61.92
2020-04-26,hdf,61.7
2020-04-27,hdf,61.62
2020-04-28,hdf,61.69
2020-04-29,hdf,61.58
2020-04-30,hdf,61.49
2020-05-01,hdf,61.44
2020-05-02,hdf,61.7
2020-05-03,hdf,61.97
2020-05-04,hdf,61.99
2020-05-05,hdf,61.82
2020-05-06,hdf,61.28
2020-05-07,hdf,60.82
2020-05-08,hdf,60.31
2020-05-09,hdf,59.78
2020-05-10,hdf,59.27
2020-05-11,hdf,58.72
2020-05-12,hdf,58.19
2020-05-13,hdf,58.4
2020-05-14,hdf,58.42
2020-05-15,hdf,58.67
2020-05-16,hdf,58.6
2020-05-17,hdf,58.94
2020-05-18,hdf,59.27
2020-05-19,hdf,59.67
2020-05-20,hdf,59.7
2020-05-21,hdf,59.99
2020-05-22,hdf,59.83
2020-05-23,hdf,59.61
2020-05-24,hdf,59.19
2020-05-25,hdf,58.87
2020-05-26,hdf,58.4
2020-05-27,hdf,58.08
2020-05-28,hdf,57.78
2020-05-29,hdf,57.87
2020-05-30,hdf,58.3
2020-05-31,hdf,58.47
2020-06-01,hdf,58.63
2020-06-02,hdf,58.66
2020-06-03,hdf,58.7
2020-06-04,hdf,58.61
2020-06-05,hdf,58.47
2020-06-06,hdf,58.08
2020-06-07,hdf,58.01
2020-06-08,hdf,57.81
2020-06-09,hdf,57.9
2020-06-10,hdf,58.03
2020-06-11,hdf,58.31
2020-06-12,hdf,58.76
2020-06-13,hdf,59
2020-06-14,hdf,59.27
2020-06-15,hdf,59.73
2020-06-16,hdf,60.06
2020-06-17,hdf,60.33
2020-06-18,hdf,60.56
2020-06-19,hdf,60.45
2020-06-20,hdf,60.43
2020-06-21,hdf,60.44
2020-06-22,hdf,60.46
2020-06-23,hdf,60.48
2020-06-24,hdf,60.47
2020-06-25,hdf,60.5
2020-06-26,hdf,60.59
2020-06-27,hdf,60.78
2020-06-28,hdf,60.94
2020-06-29,hdf,60.99
2020-06-30,hdf,61.17
2020-07-01,hdf,61.42
2020-07-02,hdf,61.71
2020-07-03,hdf,62.11
2020-07-04,hdf,62.42
2020-07-05,hdf,62.72
2020-07-06,hdf,63.06
2020-07-07,hdf,63.31
2020-07-08,hdf,63.68
2020-07-09,hdf,63.94
2020-07-10,hdf,64.18
2020-07-11,hdf,64.29
2020-07-12,hdf,64.5
2020-07-13,hdf,64.65
2020-07-14,hdf,64.66
2020-07-15,hdf,64.46
2020-07-16,hdf,64.33
2020-07-17,hdf,64.14
2020-07-18,hdf,64.03
2020-07-19,hdf,63.89
2020-07-20,hdf,63.83
2020-07-21,hdf,63.85
2020-07-22,hdf,64.05
2020-07-23,hdf,64.32
2020-07-24,hdf,64.64
2020-07-25,hdf,65.01
2020-07-26,hdf,65.31
2020-07-27,hdf,65.62
2020-07-28,hdf,66.04
2020-07-29,hdf,66.47
2020-07-30,hdf,66.75
2020-07-31,hdf,66.99
2020-08-01,hdf,67.18
2020-08-02,hdf,67.32
2020-08-03,hdf,67.49
2020-08-04,hdf,67.62
2020-08-05,hdf,68.22
2020-08-06,hdf,68.81
2020-08-07,hdf,69.43
2020-08-08,hdf,70.1
2020-08-09,hdf,70.9
2020-08-10,hdf,71.6
2020-08-11,hdf,72.36
2020-08-12,hdf,72.63
2020-08-13,hdf,73.05
2020-08-14,hdf,73.53
2020-08-15,hdf,74.06
2020-08-16,hdf,74.67
2020-08-17,hdf,75.41
2020-08-18,hdf,76.11
2020-08-19,hdf,76.65
2020-08-20,hdf,77.09
2020-08-21,hdf,77.46
2020-08-22,hdf,77.65
2020-08-23,hdf,77.76
2020-08-24,hdf,77.73
2020-08-25,hdf,77.72
2020-08-26,hdf,77.63
2020-08-27,hdf,77.66
2020-08-28,hdf,77.63
2020-08-29,hdf,77.77
2020-08-30,hdf,77.86
2020-08-31,hdf,78.08
2020-09-01,hdf,78.15
2020-09-02,hdf,78.46
2020-09-03,hdf,78.64
2020-09-04,hdf,78.95
2020-09-05,hdf,79.16
2020-09-06,hdf,79.44
2020-09-07,hdf,79.41
2020-09-08,hdf,79.52
2020-09-09,hdf,79.53
2020-09-10,hdf,79.48
2020-09-11,hdf,79.55
2020-09-12,hdf,79.55
2020-09-13,hdf,79.46
2020-09-14,hdf,79.5
2020-09-15,hdf,79.44
2020-09-16,hdf,79.5
2020-09-17,hdf,79.57
2020-09-18,hdf,79.67
2020-09-19,hdf,79.75
2020-09-20,hdf,79.98
2020-09-21,hdf,80.2
2020-09-22,hdf,80.53
2020-09-23,hdf,80.72
2020-09-24,hdf,81.04
2020-09-25,hdf,81.23
2020-09-26,hdf,81.51
2020-09-27,hdf,81.81
2020-09-28,hdf,82.2
2020-09-29,hdf,82.56
2020-09-30,hdf,82.98
2020-10-01,hdf,83.11
2020-10-02,hdf,83.38
2020-10-03,hdf,83.7
2020-10-04,hdf,83.86
2020-10-05,hdf,83.89
2020-10-06,hdf,83.93
2020-10-07,hdf,83.79
2020-10-08,hdf,83.87
2020-10-09,hdf,83.85
2020-10-10,hdf,83.92
2020-10-11,hdf,84.04
2020-10-12,hdf,84.23
2020-10-13,hdf,84.38
2020-10-14,hdf,84.69
2020-10-15,hdf,85.03
2020-10-16,hdf,85.15
2020-10-17,hdf,85.2
2020-10-18,hdf,85.46
2020-10-19,hdf,85.65
2020-10-20,hdf,85.77
2020-10-21,hdf,86
2020-10-22,hdf,86.05
2020-10-23,hdf,86.11
2020-10-24,hdf,86.11
2020-10-25,hdf,85.91
2020-10-26,hdf,85.75
2020-10-27,hdf,86.06
2020-10-28,hdf,86.17
2020-10-29,hdf,86.22
2020-10-30,hdf,86.24
2020-10-31,hdf,86.14
2020-11-01,hdf,86.07
2020-11-02,hdf,86.15
2020-11-03,hdf,85.7
2020-11-04,hdf,85.31
2020-11-05,hdf,85.05
2020-11-06,hdf,84.85
2020-11-07,hdf,84.66
2020-11-08,hdf,84.53
2020-11-09,hdf,84.25
2020-11-10,hdf,84.07
2020-11-11,hdf,83.86
2020-11-12,hdf,83.68
2020-11-13,hdf,83.42
2020-11-14,hdf,83.11
2020-11-15,hdf,82.88
2020-11-16,hdf,82.7
2020-11-17,hdf,82.59
2020-11-18,hdf,82.53
2020-11-19,hdf,82.42
2020-11-20,hdf,82.55
2020-11-21,hdf,82.74
2020-11-22,hdf,82.8
2020-11-23,hdf,82.92
2020-11-24,hdf,83.04
2020-11-25,hdf,83.13
2020-11-26,hdf,83.31
2020-11-27,hdf,83.34
2020-11-28,hdf,83.48
2020-11-29,hdf,83.62
2020-11-30,hdf,83.76
2020-12-01,hdf,83.8
2020-12-02,hdf,83.79
2020-12-03,hdf,83.83
2020-12-04,hdf,83.93
2020-12-05,hdf,84.06
2020-12-06,hdf,84.21
2020-12-07,hdf,84.33
2020-12-08,hdf,84.37
2020-12-09,hdf,84.44
2020-12-10,hdf,84.44
2020-12-11,hdf,84.5
2020-12-12,hdf,84.51
2020-12-13,hdf,84.52
2020-12-14,hdf,84.63
2020-12-15,hdf,84.81
2020-12-16,hdf,85.04
2020-12-17,hdf,85.23
2020-12-18,hdf,85.38
2020-12-19,hdf,85.52
2020-12-20,hdf,85.69
2020-12-21,hdf,85.77
2020-12-22,hdf,85.88
2020-12-23,hdf,85.94
2020-12-24,hdf,86.19
2020-12-25,hdf,86.55
2020-12-26,hdf,86.65
2020-12-27,hdf,86.76
2020-12-28,hdf,87.02
2020-12-29,hdf,87.31
2020-12-30,hdf,87.53
2020-12-31,hdf,87.77
2021-01-01,hdf,87.94
2021-01-02,hdf,88.24
2021-01-03,hdf,88.48
2021-01-04,hdf,88.49
2021-01-05,hdf,88.5
2021-01-06,hdf,88.73
2021-01-07,hdf,88.79
2021-01-08,hdf,88.8
2021-01-09,hdf,88.89
2021-01-10,hdf,88.98
2021-01-11,hdf,89.1
2021-01-12,hdf,89.33
2021-01-13,hdf,89.53
2021-01-14,hdf,89.84
2021-01-15,hdf,90.06
2021-01-16,hdf,90.25
2021-01-17,hdf,90.37
2021-01-18,hdf,90.46
2021-01-19,hdf,90.54
2021-01-20,hdf,90.53
2021-01-21,hdf,90.43
2021-01-22,hdf,90.53
2021-01-23,hdf,90.6
2021-01-24,hdf,90.85
2021-01-25,hdf,90.99
2021-01-26,hdf,91.07
2021-01-27,hdf,91.08
2021-01-28,hdf,91.06
2021-01-29,hdf,90.72
2021-01-30,hdf,90.44
2021-01-31,hdf,90.13
2021-02-01,hdf,90.22
2021-02-02,hdf,90.19
2021-02-03,hdf,90.07
2021-02-04,hdf,89.98
2021-02-05,hdf,90.01
2021-02-06,hdf,89.93
2021-02-07,hdf,89.85
2021-02-08,hdf,89.53
2021-02-09,hdf,89.3
2021-02-10,hdf,89.26
2021-02-11,hdf,89.3
2021-02-12,hdf,89.56
2021-02-13,hdf,90.03
2021-02-14,hdf,90.42
2021-02-15,hdf,90.75
2021-02-16,hdf,91.06
2021-02-17,hdf,91.28
2021-02-18,hdf,91.7
2021-02-19,hdf,92.01
2021-02-20,hdf,92.2
2021-02-21,hdf,92.44
2021-02-22,hdf,92.72
2021-02-23,hdf,93.16
2021-02-24,hdf,93.66
2021-02-25,hdf,93.88
2021-02-26,hdf,94.04
2021-02-27,hdf,94.31
2021-02-28,hdf,94.56
2021-03-01,hdf,94.63
2021-03-02,hdf,94.73
2021-03-03,hdf,94.77
2021-03-04,hdf,94.85
2021-03-05,hdf,94.92
2021-03-06,hdf,94.89
2021-03-07,hdf,94.84
2021-03-08,hdf,95.02
2021-03-09,hdf,95.13
2021-03-10,hdf,95.08
2021-03-11,hdf,95.61
2021-03-12,hdf,95.73
2021-03-13,hdf,96.23
2021-03-14,hdf,96.42
2021-03-15,hdf,96.48
2021-03-16,hdf,96.81
2021-03-17,hdf,96.98
2021-03-18,hdf,96.76
2021-03-19,hdf,96.96
2021-03-20,hdf,97.07
2021-03-21,hdf,97.44
2021-03-22,hdf,97.95
2021-03-23,hdf,97.9
2021-03-24,hdf,98.31
2021-03-25,hdf,98.64
2021-03-26,hdf,98.94
2021-03-27,hdf,99.11
2021-03-28,hdf,99.08
2021-03-29,hdf,98.96
2021-03-30,hdf,99.23
2021-03-31,hdf,99.67
2021-04-01,hdf,99.5
2021-04-02,hdf,99.85
2021-04-03,hdf,100.21
2021-04-04,hdf,100.87
2021-04-05,hdf,101.66
2021-04-06,hdf,102.02
2021-04-07,hdf,102
2021-04-08,hdf,102.07
2021-04-09,hdf,101.49
2021-04-10,hdf,100.62
2021-04-11,hdf,99.62
2021-04-12,hdf,98.66
2021-04-13,hdf,97.8
2021-04-14,hdf,97.1
2021-04-15,hdf,96.81
2021-04-16,hdf,96.88
2021-04-17,hdf,97.18
2021-04-18,hdf,97.48
2021-04-19,hdf,97.78
2021-04-20,hdf,98.33
2021-04-21,hdf,98.82
2021-04-22,hdf,99.47
2021-04-23,hdf,99.88
2021-04-24,hdf,100.1
2021-04-25,hdf,100.13
2021-04-26,hdf,100.18
2021-04-27,hdf,100.25
2021-04-28,hdf,100.6
2021-04-29,hdf,100.82
2021-04-30,hdf,101.19
2021-05-01,hdf,101.85
2021-05-02,hdf,102.99
2021-05-03,hdf,103.82
2021-05-04,hdf,104.79
2021-05-05,hdf,105.55
2021-05-06,hdf,105.92
2021-05-07,hdf,106.37
2021-05-08,hdf,106.76
2021-05-09,hdf,107.13
2021-05-10,hdf,107.66
2021-05-11,hdf,107.95
2021-05-12,hdf,108.24
2021-05-13,hdf,109
2021-05-14,hdf,109.1
2021-05-15,hdf,108.9
2021-05-16,hdf,108.57
2021-05-17,hdf,108.32
2021-05-18,hdf,108.3
2021-05-19,hdf,108.19
2021-05-20,hdf,107.95
2021-05-21,hdf,108.5
2021-05-22,hdf,109.19
2021-05-23,hdf,109.61
2021-05-24,hdf,110.16
2021-05-25,hdf,110.32
2021-05-26,hdf,110.59
2021-05-27,hdf,110.85
2021-05-28,hdf,110.87
2021-05-29,hdf,111.05
2021-05-30,hdf,111.52
2021-05-31,hdf,111.85
2021-06-01,hdf,112.29
2021-06-02,hdf,112.66
2021-06-03,hdf,113.1
2021-06-04,hdf,113.56
2021-06-05,hdf,114.05
2021-06-06,hdf,114.32
2021-06-07,hdf,114.58
2021-06-08,hdf,114.75
2021-06-09,hdf,115.07
2021-06-10,hdf,115.39
2021-06-11,hdf,115.73
2021-06-12,hdf,116.08
2021-06-13,hdf,116.39
2021-06-14,hdf,116.75
2021-06-15,hdf,117.47
2021-06-16,hdf,118.09
2021-06-17,hdf,118.83
2021-06-18,hdf,119.31
2021-06-19,hdf,119.72
2021-06-20,hdf,120.09
2021-06-21,hdf,120.37
2021-06-22,hdf,120.45
2021-06-23,hdf,120.47
2021-06-24,hdf,120.42
2021-06-25,hdf,120.56
2021-06-26,hdf,120.95
2021-06-27,hdf,121.2
2021-06-28,hdf,121.64
2021-06-29,hdf,122.07
2021-06-30,hdf,122.49
2021-07-01,hdf,122.91
2021-07-02,hdf,123.33
2021-07-03,hdf,123.23
2021-07-04,hdf,123.38
2021-07-05,hdf,123.18
2021-07-06,hdf,123.03
2021-07-07,hdf,122.86
2021-07-08,hdf,122.82
2021-07-09,hdf,122.75
2021-07-10,hdf,123.36
2021-07-11,hdf,123.71
2021-07-12,hdf,124.18
2021-07-13,hdf,124.65
2021-07-14,hdf,125.23
2021-07-15,hdf,125.31
2021-07-16,hdf,125.34
2021-07-17,hdf,125.28
2021-07-18,hdf,125.37
2021-07-19,hdf,125.5
2021-07-20,hdf,125.52
2021-07-21,hdf,125.31
2021-07-22,hdf,125.54
2021-07-23,hdf,125.68
2021-07-24,hdf,125.93
2021-07-25,hdf,126.04
2021-07-26,hdf,126.1
2021-07-27,hdf,126.2
2021-07-28,hdf,126.33
2021-07-29,hdf,126.45
2021-07-30,hdf,126.64
2021-07-31,hdf,126.67
2021-08-01,hdf,126.62
2021-08-02,hdf,126.68
2021-08-03,hdf,126.71
2021-08-04,hdf,126.78
2021-08-05,hdf,126.79
2021-08-06,hdf,126.77
2021-08-07,hdf,126.87
2021-08-08,hdf,126.94
2021-08-09,hdf,126.9
2021-08-10,hdf,126.99
2021-08-11,hdf,127.08
2021-08-12,hdf,127.16
2021-08-13,hdf,127.42
2021-08-14,hdf,127.47
2021-08-15,hdf,127.7
2021-08-16,hdf,128.23
2021-08-17,hdf,128.62
2021-08-18,hdf,129.2
2021-08-19,hdf,129.72
2021-08-20,hdf,130.11
2021-08-21,hdf,130.73
2021-08-22,hdf,131.19
2021-08-23,hdf,131.39
2021-08-24,hdf,131.72
2021-08-25,hdf,131.9
2021-08-26,hdf,132.11
2021-08-27,hdf,132.35
2021-08-28,hdf,132.51
2021-08-29,hdf,132.66
2021-08-30,hdf,132.85
2021-08-31,hdf,133.01
2021-09-01,hdf,133.12
2021-09-02,hdf,133.2
2021-09-03,hdf,133.24
2021-09-04,hdf,133.28
2021-09-05,hdf,133.41
2021-09-06,hdf,133.57
2021-09-07,hdf,133.62
2021-09-08,hdf,133.72
2021-09-09,hdf,133.69
2021-09-10,hdf,133.69
2021-09-11,hdf,133.92
2021-09-12,hdf,134.14
2021-09-13,hdf,134.26
2021-09-14,hdf,134.33
2021-09-15,hdf,134.44
2021-09-16,hdf,134.83
2021-09-17,hdf,135.23
2021-09-18,hdf,135.54
2021-09-19,hdf,135.84
2021-09-20,hdf,136.16
2021-09-21,hdf,136.5
2021-09-22,hdf,136.87
2021-09-23,hdf,137.03
2021-09-24,hdf,137.17
2021-09-25,hdf,137.19
2021-09-26,hdf,137.29
2021-09-27,hdf,137.47
2021-09-28,hdf,137.71
2021-09-29,hdf,137.7
2021-09-30,hdf,137.8
2021-10-01,hdf,137.78
2021-10-02,hdf,137.92
2021-10-03,hdf,137.79
2021-10-04,hdf,137.7
2021-10-05,hdf,137.76
2021-10-06,hdf,138.14
2021-10-07,hdf,138.45
2021-10-08,hdf,138.9
2021-10-09,hdf,139.19
2021-10-10,hdf,139.85
2021-10-11,hdf,140.41
2021-10-12,hdf,140.59
2021-10-13,hdf,140.61
2021-10-14,hdf,140.79
2021-10-15,hdf,141.04
2021-10-16,hdf,141.28
2021-10-17,hdf,141.44
2021-10-18,hdf,141.58
2021-10-19,hdf,141.97
2021-10-20,hdf,142.37
2021-10-21,hdf,142.83
2021-10-22,hdf,143.05
2021-10-23,hdf,143.36
2021-10-24,hdf,143.35
2021-10-25,hdf,143.49
2021-10-26,hdf,143.55
2021-10-27,hdf,143.56
2021-10-28,hdf,143.6
2021-10-29,hdf,143.69
2021-10-30,hdf,143.79
2021-10-31,hdf,144
2021-11-01,hdf,144.23
2021-11-02,hdf,144.36
2021-11-03,hdf,144.62
2021-11-04,hdf,144.72
2021-11-05,hdf,144.86
2021-11-06,hdf,145.01
2021-11-07,hdf,145.21
2021-11-08,hdf,145.14
2021-11-09,hdf,145.24
2021-11-10,hdf,145.16
2021-11-11,hdf,145.18
2021-11-12,hdf,145.02
2021-11-13,hdf,144.5
2021-11-14,hdf,144.17
2021-11-15,hdf,143.89
2021-11-16,hdf,143.59
2021-11-17,hdf,143.39
2021-11-18,hdf,143.06
2021-11-19,hdf,143.12
2021-11-20,hdf,143.2
2021-11-21,hdf,143.3
2021-11-22,hdf,143.43
2021-11-23,hdf,143.53
2021-11-24,hdf,143.45
2021-11-25,hdf,143.44
2021-11-26,hdf,143.29
2021-11-27,hdf,143.32
2021-11-28,hdf,143.18
2021-11-29,hdf,143.27
2021-11-30,hdf,143.43
2021-12-01,hdf,143.76
2021-12-02,hdf,143.99
2021-12-03,hdf,144.2
2021-12-04,hdf,144.56
2021-12-05,hdf,144.82
2021-12-06,hdf,144.99
2021-12-07,hdf,145.08
2021-12-08,hdf,145.11
2021-12-09,hdf,145.29
2021-12-10,hdf,145.44
2021-12-11,hdf,145.5
2021-12-12,hdf,145.81
2021-12-13,hdf,146.05
2021-12-14,hdf,146.26
2021-12-15,hdf,146.44
2021-12-16,hdf,146.48
2021-12-17,hdf,146.52
2021-12-18,hdf,146.6
2021-12-19,hdf,146.64
2021-12-20,hdf,146.56
2021-12-21,hdf,146.46
2021-12-22,hdf,146.39
2021-12-23,hdf,146.53
2021-12-24,hdf,146.65
2021-12-25,hdf,146.71
2021-12-26,hdf,146.74
2021-12-27,hdf,147.06
2021-12-28,hdf,147.34
2021-12-29,hdf,147.72
2021-12-30,hdf,147.82
2021-12-31,hdf,147.94
2022-01-01,hdf,148.05
2022-01-02,hdf,148.09
2022-01-03,hdf,147.93
2022-01-04,hdf,148.05
2022-01-05,hdf,148.07
2022-01-06,hdf,148.09
2022-01-07,hdf,148.34
2022-01-08,hdf,148.62
2022-01-09,hdf,148.65
2022-01-10,hdf,148.68
2022-01-11,hdf,148.44
2022-01-12,hdf,148.34
2022-01-13,hdf,148.38
2022-01-14,hdf,148.13
2022-01-15,hdf,147.92
2022-01-16,hdf,147.92
2022-01-17,hdf,148
2022-01-18,hdf,148.27
2022-01-19,hdf,148.5
2022-01-20,hdf,148.77
2022-01-21,hdf,149.19
2022-01-22,hdf,149.42
2022-01-23,hdf,149.86
2022-01-24,hdf,150.15
2022-01-25,hdf,150.57
2022-01-26,hdf,150.95
2022-01-27,hdf,151.32
2022-01-28,hdf,151.79
2022-01-29,hdf,152.37
2022-01-30,hdf,152.8
2022-01-31,hdf,153.45
2022-02-01,hdf,153.84
2022-02-02,hdf,154.38
2022-02-03,hdf,154.77
2022-02-04,hdf,155.17
2022-02-05,hdf,155.63
2022-02-06,hdf,156.12
2022-02-07,hdf,156.37
2022-02-08,hdf,156.59
2022-02-09,hdf,156.74
2022-02-10,hdf,156.66
2022-02-11,hdf,156.1
2022-02-12,hdf,155.24
2022-02-13,hdf,154.34
2022-02-14,hdf,153.36
2022-02-15,hdf,152.52
2022-02-16,hdf,151.7
2022-02-17,hdf,151.28
2022-02-18,hdf,151.02
2022-02-19,hdf,151.03
2022-02-20,hdf,151.06
2022-02-21,hdf,151.38
2022-02-22,hdf,151.68
2022-02-23,hdf,151.92
2022-02-24,hdf,152
2022-02-25,hdf,152.26
2022-02-26,hdf,152.59
2022-02-27,hdf,152.77
2022-02-28,hdf,152.89
2022-03-01,hdf,153.08
2022-03-02,hdf,153.15
2022-03-03,hdf,153.41
2022-03-04,hdf,153.67
2022-03-05,hdf,153.86
2022-03-06,hdf,154.21
2022-03-07,hdf,154.43
2022-03-08,hdf,154.65
2022-03-09,hdf,154.91
2022-03-10,hdf,155.05
2022-03-11,hdf,155.05
2022-03-12,hdf,155.2
2022-03-13,hdf,155.41
2022-03-14,hdf,155.54
2022-03-15,hdf,155.59
2022-03-16,hdf,155.7
2022-03-17,hdf,155.8
2022-03-18,hdf,156.07
2022-03-19,hdf,156.12
2022-03-20,hdf,156.15
2022-03-21,hdf,156.4
2022-03-22,hdf,156.84
2022-03-23,hdf,157.4
2022-03-24,hdf,158.13
2022-03-25,hdf,158.97
2022-03-26,hdf,159.83
2022-03-27,hdf,160.42
2022-03-28,hdf,160.89
2022-03-29,hdf,161.23
2022-03-30,hdf,161.37
2022-03-31,hdf,161.29
2022-04-01,hdf,161.27
2022-04-02,hdf,161.49
2022-04-03,hdf,161.74
2022-04-04,hdf,161.97
2022-04-05,hdf,162.09
2022-04-06,hdf,162.4
2022-04-07,hdf,162.67
2022-04-08,hdf,162.92
2022-04-09,hdf,162.89
2022-04-10,hdf,163.01
2022-04-11,hdf,163.13
2022-04-12,hdf,163.43
2022-04-13,hdf,163.57
2022-04-14,hdf,163.85
2022-04-15,hdf,164.02
2022-04-16,hdf,164.19
2022-04-17,hdf,164.27
2022-04-18,hdf,164.54
2022-04-19,hdf,164.7
2022-04-20,hdf,164.89
2022-04-21,hdf,165.09
2022-04-22,hdf,165.16
2022-04-23,hdf,165.48
2022-04-24,hdf,165.87
2022-04-25,hdf,166
2022-04-26,hdf,166.21
2022-04-27,hdf,166.69
2022-04-28,hdf,167.5
2022-04-29,hdf,168.31
2022-04-30,hdf,168.96
2022-05-01,hdf,169.75
2022-05-02,hdf,170.93
2022-05-03,hdf,171.94
2022-05-04,hdf,172.78
2022-05-05,hdf,173.36
2022-05-06,hdf,173.48
2022-05-07,hdf,173.6
2022-05-08,hdf,173.58
2022-05-09,hdf,173.61
2022-05-10,hdf,173.59
2022-05-11,hdf,173.54
2022-05-12,hdf,173.47
2022-05-13,hdf,173.71
2022-05-14,hdf,173.98
2022-05-15,hdf,174.34
2022-05-16,hdf,174.52
2022-05-17,hdf,174.97
2022-05-18,hdf,175.2
2022-05-19,hdf,175.59
2022-05-20,hdf,176.38
2022-05-21,hdf,177.02
2022-05-22,hdf,177.67
2022-05-23,hdf,178.42
2022-05-24,hdf,178.86
2022-05-25,hdf,179.47
2022-05-26,hdf,179.93
2022-05-27,hdf,179.96
2022-05-28,hdf,179.79
2022-05-29,hdf,179.62
2022-05-30,hdf,179.28
2022-05-31,hdf,179.09
2022-06-01,hdf,178.7
2022-06-02,hdf,178.26
2022-06-03,hdf,177.98
2022-06-04,hdf,177.9
2022-06-05,hdf,177.6
2022-06-06,hdf,177.29
2022-06-07,hdf,176.77
2022-06-08,hdf,176.41
2022-06-09,hdf,175.97
2022-06-10,hdf,175.93
2022-06-11,hdf,175.82
2022-06-12,hdf,175.65
2022-06-13,hdf,175.49
2022-06-14,hdf,175.53
2022-06-15,hdf,175.56
2022-06-16,hdf,175.74
2022-06-17,hdf,175.66
2022-06-18,hdf,175.67
2022-06-19,hdf,175.91
2022-06-20,hdf,175.93
2022-06-21,hdf,175.97
2022-06-22,hdf,176.01
2022-06-23,hdf,175.91
2022-06-24,hdf,175.57
2022-06-25,hdf,175.13
2022-06-26,hdf,174.87
2022-06-27,hdf,174.92
2022-06-28,hdf,175.07
2022-06-29,hdf,175.27
2022-06-30,hdf,175.97
2022-07-01,hdf,176.7
2022-07-02,hdf,177.73
2022-07-03,hdf,178.36
2022-07-04,hdf,178.78
2022-07-05,hdf,179.16
2022-07-06,hdf,179.39
2022-07-07,hdf,179.29
2022-07-08,hdf,179.41
2022-07-09,hdf,179.8
2022-07-10,hdf,181.42
2022-07-11,hdf,183.22
2022-07-12,hdf,184.86
2022-07-13,hdf,186.48
2022-07-14,hdf,187.7
2022-07-15,hdf,188.18
2022-07-16,hdf,188.16
2022-07-17,hdf,187.02
2022-07-18,hdf,185.62
2022-07-19,hdf,184.25
2022-07-20,hdf,182.87
2022-07-21,hdf,181.82
2022-07-22,hdf,181.73
2022-07-23,hdf,181.5
2022-07-24,hdf,181.6
2022-07-25,hdf,181.51
2022-07-26,hdf,181.16
2022-07-27,hdf,180.96
2022-07-28,hdf,180.63
2022-07-29,hdf,179.93
2022-07-30,hdf,179.54
2022-07-31,hdf,178.89
2022-08-01,hdf,178.69
2022-08-02,hdf,178.85
2022-08-03,hdf,178.79
2022-08-04,hdf,178.81
2022-08-05,hdf,178.79
2022-08-06,hdf,178.86
2022-08-07,hdf,178.82
2022-08-08,hdf,178.76
2022-08-09,hdf,178.76
2022-08-10,hdf,178.66
2022-08-11,hdf,178.53
2022-08-12,hdf,178.4
2022-08-13,hdf,178
2022-08-14,hdf,177.98
2022-08-15,hdf,178.06
2022-08-16,hdf,177.76
2022-08-17,hdf,177.71
2022-08-18,hdf,177.68
2022-08-19,hdf,177.66
2022-08-20,hdf,177.88
2022-08-21,hdf,177.83
2022-08-22,hdf,177.54
2022-08-23,hdf,177.53
2022-08-24,hdf,177.57
2022-08-25,hdf,177.66
2022-08-26,hdf,177.97
2022-08-27,hdf,178.15
2022-08-28,hdf,178.28
2022-08-29,hdf,178.38
2022-08-30,hdf,178.41
2022-08-31,hdf,178.52
2022-09-01,hdf,178.51
2022-09-02,hdf,178.27
2022-09-03,hdf,178.29
2022-09-04,hdf,178.19
2022-09-05,hdf,178.04
2022-09-06,hdf,177.99
2022-09-07,hdf,177.66
2022-09-08,hdf,177.68
2022-09-09,hdf,177.67
2022-09-10,hdf,177.64
2022-09-11,hdf,177.8
2022-09-12,hdf,178.09
2022-09-13,hdf,178.28
2022-09-14,hdf,178.57
2022-09-15,hdf,178.37
2022-09-16,hdf,178.31
2022-09-17,hdf,178.19
2022-09-18,hdf,177.9
2022-09-19,hdf,177.51
2022-09-20,hdf,177.08
2022-09-21,hdf,176.77
2022-09-22,hdf,176.76
2022-09-23,hdf,176.84
2022-09-24,hdf,177.01
2022-09-25,hdf,177.29
2022-09-26,hdf,177.72
2022-09-27,hdf,178.32
2022-09-28,hdf,178.79
2022-09-29,hdf,179.21
2022-09-30,hdf,179.48
2022-10-01,hdf,179.66
2022-10-02,hdf,179.88
2022-10-03,hdf,180.12
2022-10-04,hdf,180.18
2022-10-05,hdf,180.34
2022-10-06,hdf,180.47
2022-10-07,hdf,180.44
2022-10-08,hdf,180.49
2022-10-09,hdf,180.4
2022-10-10,hdf,180.23
2022-10-11,hdf,180.19
2022-10-12,hdf,180.25
2022-10-13,hdf,180.4
2022-10-14,hdf,180.71
2022-10-15,hdf,181.03
2022-10-16,hdf,181.37
2022-10-17,hdf,181.54
2022-10-18,hdf,181.86
2022-10-19,hdf,182.07
2022-10-20,hdf,182.24
2022-10-21,hdf,182.37
2022-10-22,hdf,182.35
2022-10-23,hdf,182.62
2022-10-24,hdf,182.96
2022-10-25,hdf,182.96
2022-10-26,hdf,183.05
2022-10-27,hdf,183.14
2022-10-28,hdf,183.23
2022-10-29,hdf,183.48
2022-10-30,hdf,183.63
2022-10-31,hdf,184
2022-11-01,hdf,184.55
2022-11-02,hdf,184.89
2022-11-03,hdf,184.96
2022-11-04,hdf,185.14
2022-11-05,hdf,185.32
2022-11-06,hdf,185.29
2022-11-07,hdf,185.14
2022-11-08,hdf,185.09
2022-11-09,hdf,185.14
2022-11-10,hdf,185.25
2022-11-11,hdf,185.54
2022-11-12,hdf,185.63
2022-11-13,hdf,185.83
2022-11-14,hdf,185.93
2022-11-15,hdf,186.08
2022-11-16,hdf,186.25
2022-11-17,hdf,186.44
2022-11-18,hdf,186.45
2022-11-19,hdf,186.51
2022-11-20,hdf,186.62
2022-11-21,hdf,186.78
2022-11-22,hdf,186.89
2022-11-23,hdf,186.89
2022-11-24,hdf,187.04
2022-11-25,hdf,187.2
2022-11-26,hdf,187.38
2022-11-27,hdf,187.55
2022-11-28,hdf,187.68
2022-11-29,hdf,187.75
2022-11-30,hdf,187.9
2022-12-01,hdf,188.02
2022-12-02,hdf,188.2
2022-12-03,hdf,188.31
2022-12-04,hdf,188.38
2022-12-05,hdf,188.57
2022-12-06,hdf,188.65
2022-12-07,hdf,188.91
2022-12-08,hdf,188.9
2022-12-09,hdf,189.22
2022-12-10,hdf,189.64
2022-12-11,hdf,189.98
2022-12-12,hdf,190.51
2022-12-13,hdf,191.03
2022-12-14,hdf,191.4
2022-12-15,hdf,191.94
2022-12-16,hdf,192.19
2022-12-17,hdf,192.41
2022-12-18,hdf,192.9
2022-12-19,hdf,193.29
2022-12-20,hdf,193.59
2022-12-21,hdf,194.11
2022-12-22,hdf,194.53
2022-12-23,hdf,194.61
2022-12-24,hdf,194.74
2022-12-25,hdf,194.98
2022-12-26,hdf,195.23
2022-12-27,hdf,195.48
2022-12-28,hdf,195.56
2022-12-29,hdf,195.65
2022-12-30,hdf,196.04
2022-12-31,hdf,196.25
2023-01-01,hdf,196.21
2023-01-02,hdf,196.29
2023-01-03,hdf,196.39
2023-01-04,hdf,196.55
2023-01-05,hdf,196.69
2023-01-06,hdf,196.76
2023-01-07,hdf,197.18
2023-01-08,hdf,197.51
2023-01-09,hdf,197.56
2023-01-10,hdf,197.74
2023-01-11,hdf,197.88
2023-01-12,hdf,198.18
2023-01-13,hdf,198.47
2023-01-14,hdf,198.38
2023-01-15,hdf,198.35
2023-01-16,hdf,198.24
2023-01-17,hdf,198.17
2023-01-18,hdf,198.42
2023-01-19,hdf,198.61
2023-01-20,hdf,198.67
2023-01-21,hdf,199.16
2023-01-22,hdf,199.65
2023-01-23,hdf,199.96
2023-01-24,hdf,200.6
2023-01-25,hdf,200.16
2023-01-26,hdf,199.76
2023-01-27,hdf,199.45
2023-01-28,hdf,198.76
2023-01-29,hdf,198.04
2023-01-30,hdf,197.05
2023-01-31,hdf,196.16
2023-02-01,hdf,196.19
2023-02-02,hdf,196.34
2023-02-03,hdf,196.1
2023-02-04,hdf,195.94
2023-02-05,hdf,195.72
2023-02-06,hdf,196.06
2023-02-07,hdf,195.99
2023-02-08,hdf,195.23
2023-02-09,hdf,194.48
2023-02-10,hdf,194.24
2023-02-11,hdf,194.19
2023-02-12,hdf,193.97
2023-02-13,hdf,193.79
2023-02-14,hdf,193.45
2023-02-15,hdf,193.4
2023-02-16,hdf,193.34
2023-02-17,hdf,193
2023-02-18,hdf,192.29
2023-02-19,hdf,192.03
2023-02-20,hdf,191.69
2023-02-21,hdf,191.47
2023-02-22,hdf,191.62
2023-02-23,hdf,192.01
2023-02-24,hdf,191.82
2023-02-25,hdf,191.81
2023-02-26,hdf,191.39
2023-02-27,hdf,190.84
2023-02-28,hdf,190.25
2023-03-01,hdf,189.52
2023-03-02,hdf,188.43
2023-03-03,hdf,187.94
2023-03-04,hdf,187.59
2023-03-05,hdf,187.48
2023-03-06,hdf,187.44
2023-03-07,hdf,187.46
2023-03-08,hdf,187.41
2023-03-09,hdf,187.3
2023-03-10,hdf,187.78
2023-03-11,hdf,188.23
2023-03-12,hdf,188.49
2023-03-13,hdf,188.84
2023-03-14,hdf,189.33
2023-03-15,hdf,189.71
2023-03-16,hdf,189.89
2023-03-17,hdf,190.02
2023-03-18,hdf,190.26
2023-03-19,hdf,190.46
2023-03-20,hdf,190.69
2023-03-21,hdf,190.75
2023-03-22,hdf,190.41
2023-03-23,hdf,190.65
2023-03-24,hdf,190.5
2023-03-25,hdf,190.45
2023-03-26,hdf,190.43
2023-03-27,hdf,190.24
2023-03-28,hdf,189.92
2023-03-29,hdf,190.03
2023-03-30,hdf,189.79
2023-03-31,hdf,189.45
2023-04-01,hdf,188.9
2023-04-02,hdf,188.5
2023-04-03,hdf,188.21
2023-04-04,hdf,188.23
2023-04-05,hdf,188.4
2023-04-06,hdf,188.63
2023-04-07,hdf,189.18
2023-04-08,hdf,189.71
2023-04-09,hdf,190
2023-04-10,hdf,190.57
2023-04-11,hdf,190.56
2023-04-12,hdf,190.43
2023-04-13,hdf,190.38
2023-04-14,hdf,190.11
2023-04-15,hdf,189.73
2023-04-16,hdf,189.84
2023-04-17,hdf,189.44
2023-04-18,hdf,189.56
2023-04-19,hdf,189.68
2023-04-20,hdf,189.86
2023-04-21,hdf,190.08
2023-04-22,hdf,190.54
2023-04-23,hdf,190.69
2023-04-24,hdf,191.26
2023-04-25,hdf,191.75
2023-04-26,hdf,192.44
2023-04-27,hdf,193.24
2023-04-28,hdf,194.66
2023-04-29,hdf,195.72
2023-04-30,hdf,196.67
2023-05-01,hdf,197.82
2023-05-02,hdf,198.72
2023-05-03,hdf,199.63
2023-05-04,hdf,200.15
2023-05-05,hdf,200.24
2023-05-06,hdf,199.1
2023-05-07,hdf,197.86
2023-05-08,hdf,196.38
2023-05-09,hdf,194.51
2023-05-10,hdf,192.4
2023-05-11,hdf,190.55
2023-05-12,hdf,188.66
2023-05-13,hdf,188.25
2023-05-14,hdf,187.9
2023-05-15,hdf,187.3
2023-05-16,hdf,187.46
2023-05-17,hdf,187.8
2023-05-18,hdf,188.25
2023-05-19,hdf,188.4
2023-05-20,hdf,188.1
2023-05-21,hdf,188.06
2023-05-22,hdf,188.09
2023-05-23,hdf,187.92
2023-05-24,hdf,187.6
2023-05-25,hdf,186.95
2023-05-26,hdf,186.53
2023-05-27,hdf,186.55
2023-05-28,hdf,186.3
2023-05-29,hdf,186.36
2023-05-30,hdf,186.03
2023-05-31,hdf,185.74
2023-06-01,hdf,185.62
2023-06-02,hdf,185.45
2023-06-03,hdf,185.32
2023-06-04,hdf,185.47
2023-06-05,hdf,185.45
2023-06-06,hdf,185.86
2023-06-07,hdf,186.13
2023-06-08,hdf,186.37
2023-06-09,hdf,186.26
2023-06-10,hdf,186.14
2023-06-11,hdf,185.88
2023-06-12,hdf,185.55
2023-06-13,hdf,185.15
2023-06-14,hdf,184.97
2023-06-15,hdf,184.71
2023-06-16,hdf,184.75
2023-06-17,hdf,184.56
2023-06-18,hdf,184.44
2023-06-19,hdf,184.3
2023-06-20,hdf,184.14
2023-06-21,hdf,184.02
2023-06-22,hdf,183.87
2023-06-23,hdf,183.73
2023-06-24,hdf,183.76
2023-06-25,hdf,183.73
2023-06-26,hdf,183.59
2023-06-27,hdf,183.53
2023-06-28,hdf,183.4
2023-06-29,hdf,183.37
2023-06-30,hdf,183.43
2023-07-01,hdf,183.23
2023-07-02,hdf,183.07
2023-07-03,hdf,182.82
2023-07-04,hdf,182.59
2023-07-05,hdf,182.4
2023-07-06,hdf,182.03
2023-07-07,hdf,181.7
2023-07-08,hdf,181.27
2023-07-09,hdf,180.93
2023-07-10,hdf,180.93
2023-07-11,hdf,180.79
2023-07-12,hdf,180.59
2023-07-13,hdf,180.4
2023-07-14,hdf,180.23
2023-07-15,hdf,180.18
2023-07-16,hdf,180.03
2023-07-17,hdf,179.77
2023-07-18,hdf,179.49
2023-07-19,hdf,179.25
2023-07-20,hdf,179.28
2023-07-21,hdf,179.09
2023-07-22,hdf,178.79
2023-07-23,hdf,178.83
2023-07-24,hdf,178.88
2023-07-25,hdf,179.23
2023-07-26,hdf,179.37
2023-07-27,hdf,179.48
2023-07-28,hdf,179.81
2023-07-29,hdf,180.49
2023-07-30,hdf,180.9
2023-07-31,hdf,181.34
2023-08-01,hdf,181.6
2023-08-02,hdf,181.91
2023-08-03,hdf,182.06
2023-08-04,hdf,182.13
2023-08-05,hdf,182.18
2023-08-06,hdf,182.28
2023-08-07,hdf,182.35
2023-08-08,hdf,182.46
2023-08-09,hdf,182.8
2023-08-10,hdf,182.98
2023-08-11,hdf,183.21
2023-08-12,hdf,183.4
2023-08-13,hdf,183.69
2023-08-14,hdf,184.23
2023-08-15,hdf,184.86
2023-08-16,hdf,185.11
2023-08-17,hdf,185.61
2023-08-18,hdf,186.16
2023-08-19,hdf,186.48
2023-08-20,hdf,186.64
2023-08-21,hdf,186.75
2023-08-22,hdf,186.8
2023-08-23,hdf,187.24
2023-08-24,hdf,187.42
2023-08-25,hdf,187.49
2023-08-26,hdf,187.66
2023-08-27,hdf,187.92
2023-08-28,hdf,187.79
2023-08-29,hdf,187.93
2023-08-30,hdf,187.72
2023-08-31,hdf,187.76
2023-09-01,hdf,187.9
2023-09-02,hdf,188.02
2023-09-03,hdf,187.91
2023-09-04,hdf,187.99
2023-09-05,hdf,187.75
2023-09-06,hdf,187.71
2023-09-07,hdf,187.66
2023-09-08,hdf,187.37
2023-09-09,hdf,187.07
2023-09-10,hdf,186.75
2023-09-11,hdf,186.45
2023-09-12,hdf,186.08
2023-09-13,hdf,185.72
2023-09-14,hdf,185.24
2023-09-15,hdf,184.7
2023-09-16,hdf,184.35
2023-09-17,hdf,184.04
2023-09-18,hdf,183.78
2023-09-19,hdf,183.59
2023-09-20,hdf,183.53
2023-09-21,hdf,183.4
2023-09-22,hdf,183.22
2023-09-23,hdf,183
2023-09-24,hdf,182.9
2023-09-25,hdf,182.87
2023-09-26,hdf,182.61
2023-09-27,hdf,182.29
2023-09-28,hdf,182.26
2023-09-29,hdf,182.32
2023-09-30,hdf,182.3
2023-10-01,hdf,182.23
2023-10-02,hdf,182.03
2023-10-03,hdf,182
2023-10-04,hdf,181.79
2023-10-05,hdf,181.3
2023-10-06,hdf,180.86
2023-10-07,hdf,180.27
2023-10-08,hdf,179.79
2023-10-09,hdf,178.91
2023-10-10,hdf,178.16
2023-10-11,hdf,177.59
2023-10-12,hdf,177.09
2023-10-13,hdf,176.57
2023-10-14,hdf,176.13
2023-10-15,hdf,175.57
2023-10-16,hdf,175.36
2023-10-17,hdf,174.92
2023-10-18,hdf,174.18
2023-10-19,hdf,173.59
2023-10-20,hdf,173.11
2023-10-21,hdf,172.58
2023-10-22,hdf,172.22
2023-10-23,hdf,171.9
2023-10-24,hdf,171.75
2023-10-25,hdf,171.96
2023-10-26,hdf,171.67
2023-10-27,hdf,171.37
2023-10-28,hdf,171.14
2023-10-29,hdf,170.79
2023-10-30,hdf,170.61
2023-10-31,hdf,170.33
2023-11-01,hdf,170.14
2023-11-02,hdf,170.06
2023-11-03,hdf,169.87
2023-11-04,hdf,169.67
2023-11-05,hdf,169.45
2023-11-06,hdf,169.05
2023-11-07,hdf,168.63
2023-11-08,hdf,167.93
2023-11-09,hdf,167.46
2023-11-10,hdf,167.05
2023-11-11,hdf,166.94
2023-11-12,hdf,166.78
2023-11-13,hdf,166.7
2023-11-14,hdf,166.64
2023-11-15,hdf,166.76
2023-11-16,hdf,166.83
2023-11-17,hdf,166.81
2023-11-18,hdf,166.58
2023-11-19,hdf,166.51
2023-11-20,hdf,166.31
2023-11-21,hdf,165.85
2023-11-22,hdf,165.43
2023-11-23,hdf,165
2023-11-24,hdf,164.62
2023-11-25,hdf,164.15
2023-11-26,hdf,163.59
2023-11-27,hdf,163.38
2023-11-28,hdf,163.55
2023-11-29,hdf,163.78
2023-11-30,hdf,163.96
2023-12-01,hdf,164.02
2023-12-02,hdf,164.14
2023-12-03,hdf,164.28
2023-12-04,hdf,164.05
2023-12-05,hdf,163.79
2023-12-06,hdf,163.45
2023-12-07,hdf,163.21
2023-12-08,hdf,163.44
2023-12-09,hdf,163.66
2023-12-10,hdf,163.89
2023-12-11,hdf,164.08
2023-12-12,hdf,164.23
2023-12-13,hdf,164.42
2023-12-14,hdf,164.66
2023-12-15,hdf,164.57
2023-12-16,hdf,164.41
2023-12-17,hdf,164.29
2023-12-18,hdf,164.13
2023-12-19,hdf,163.97
2023-12-20,hdf,163.74
2023-12-21,hdf,163.5
2023-12-22,hdf,163.08
2023-12-23,hdf,162.56
2023-12-24,hdf,162.03
2023-12-25,hdf,161.97
2023-12-26,hdf,161.74
2023-12-27,hdf,161.42
2023-12-28,hdf,161.07
2023-12-29,hdf,160.82
2023-12-30,hdf,160.7
2023-12-31,hdf,160.6
2024-01-01,hdf,160.35
2024-01-02,hdf,160.11
2024-01-03,hdf,159.98
2024-01-04,hdf,159.82
2024-01-05,hdf,159.86
2024-01-06,hdf,159.98
2024-01-07,hdf,159.97
2024-01-08,hdf,159.76
2024-01-09,hdf,159.75
2024-01-10,hdf,159.72
2024-01-11,hdf,159.72
2024-01-12,hdf,159.77
2024-01-13,hdf,159.58
2024-01-14,hdf,159.45
2024-01-15,hdf,159.38
2024-01-16,hdf,159.16
2024-01-17,hdf,159.06
2024-01-18,hdf,158.97
2024-01-19,hdf,158.79
2024-01-20,hdf,158.86
2024-01-21,hdf,158.97
2024-01-22,hdf,159.09
2024-01-23,hdf,159.05
2024-01-24,hdf,158.93
2024-01-25,hdf,158.92
2024-01-26,hdf,158.9
2024-01-27,hdf,158.89
2024-01-28,hdf,158.69
2024-01-29,hdf,158.51
2024-01-30,hdf,158.32
2024-01-31,hdf,158.07
2024-02-01,hdf,157.69
2024-02-02,hdf,157.5
2024-02-03,hdf,157.22
2024-02-04,hdf,157.07
2024-02-05,hdf,156.9
2024-02-06,hdf,156.89
2024-02-07,hdf,157
2024-02-08,hdf,157.07
2024-02-09,hdf,156.96
2024-02-10,hdf,156.98
2024-02-11,hdf,157.09
2024-02-12,hdf,157.12
2024-02-13,hdf,157.02
2024-02-14,hdf,157.16
2024-02-15,hdf,157.54
2024-02-16,hdf,158.01
2024-02-17,hdf,158.27
2024-02-18,hdf,158.68
2024-02-19,hdf,159.12
2024-02-20,hdf,159.97
2024-02-21,hdf,160.43
2024-02-22,hdf,160.78
2024-02-23,hdf,161.24
2024-02-24,hdf,161.84
2024-02-25,hdf,162.17
2024-02-26,hdf,162.49
2024-02-27,hdf,162.41
2024-02-28,hdf,162.31
2024-02-29,hdf,162.21
2024-03-01,hdf,161.95
2024-03-02,hdf,161.66
2024-03-03,hdf,161.37
2024-03-04,hdf,161.12
2024-03-05,hdf,161.11
2024-03-06,hdf,161
2024-03-07,hdf,160.99
2024-03-08,hdf,160.93
2024-03-09,hdf,161.06
2024-03-10,hdf,161.19
2024-03-11,hdf,161.19
2024-03-12,hdf,161.36
2024-03-13,hdf,161.61
2024-03-14,hdf,161.75
2024-03-15,hdf,161.92
2024-03-16,hdf,162.04
2024-03-17,hdf,162.24
2024-03-18,hdf,162.53
2024-03-19,hdf,162.7
2024-03-20,hdf,162.96
2024-03-21,hdf,163.17
2024-03-22,hdf,163.27
2024-03-23,hdf,163.1
2024-03-24,hdf,162.98
2024-03-25,hdf,162.77
2024-03-26,hdf,162.48
2024-03-27,hdf,162.16
2024-03-28,hdf,161.96
2024-03-29,hdf,161.73
2024-03-30,hdf,161.64
2024-03-31,hdf,161.51
2024-04-01,hdf,161.69
2024-04-02,hdf,161.22
2024-04-03,hdf,160.67
2024-04-04,hdf,160.09
2024-04-05,hdf,159.49
2024-04-06,hdf,158.98
2024-04-07,hdf,158.49
2024-04-08,hdf,157.82
2024-04-09,hdf,157.89
2024-04-10,hdf,158.11
2024-04-11,hdf,158.27
2024-04-12,hdf,158.62
2024-04-13,hdf,158.95
2024-04-14,hdf,159.22
2024-04-15,hdf,159.41
2024-04-16,hdf,159.6
2024-04-17,hdf,159.77
2024-04-18,hdf,160.03
2024-04-19,hdf,160.52
2024-04-20,hdf,160.61
2024-04-21,hdf,161.04
2024-04-22,hdf,161.5
2024-04-23,hdf,161.8
2024-04-24,hdf,161.81
2024-04-25,hdf,161.78
2024-04-26,hdf,161.58
2024-04-27,hdf,161.74
2024-04-28,hdf,161.92
2024-04-29,hdf,161.94
2024-04-30,hdf,161.87
2024-05-01,hdf,162.28
2024-05-02,hdf,162.36
2024-05-03,hdf,162.42
2024-05-04,hdf,162.41
2024-05-05,hdf,162.04
2024-05-06,hdf,161.53
2024-05-07,hdf,161.04
2024-05-08,hdf,160.48
2024-05-09,hdf,160.27
2024-05-10,hdf,159.85
2024-05-11,hdf,159.23
2024-05-12,hdf,158.6
2024-05-13,hdf,158.11
2024-05-14,hdf,157.61
2024-05-15,hdf,157.13
2024-05-16,hdf,156.67
2024-05-17,hdf,156.18
2024-05-18,hdf,155.64
2024-05-19,hdf,155.12
2024-05-20,hdf,154.85
2024-05-21,hdf,154.4
2024-05-22,hdf,154.08
2024-05-23,hdf,153.85
2024-05-24,hdf,153.73
2024-05-25,hdf,153.94
2024-05-26,hdf,154.11
2024-05-27,hdf,154.05
2024-05-28,hdf,154.44
2024-05-29,hdf,154.64
2024-05-30,hdf,154.74
2024-05-31,hdf,155
2024-06-01,hdf,155.12
2024-06-02,hdf,155.32
2024-06-03,hdf,155.54
2024-06-04,hdf,155.51
2024-06-05,hdf,155.29
2024-06-06,hdf,154.81
2024-06-07,hdf,154.22
2024-06-08,hdf,153.82
2024-06-09,hdf,153.51
2024-06-10,hdf,153.32
2024-06-11,hdf,153.26
2024-06-12,hdf,153.26
2024-06-13,hdf,153.38
2024-06-14,hdf,153.25
2024-06-15,hdf,152.85
2024-06-16,hdf,152.39
2024-06-17,hdf,151.88
2024-06-18,hdf,151.13
2024-06-19,hdf,150.37
2024-06-20,hdf,149.77
2024-06-21,hdf,149.5
2024-06-22,hdf,149.28
2024-06-23,hdf,149.02
2024-06-24,hdf,148.81
2024-06-25,hdf,148.82
2024-06-26,hdf,148.85
2024-06-27,hdf,148.75
2024-06-28,hdf,148.51
2024-06-29,hdf,148.45
2024-06-30,hdf,148.51
2024-07-01,hdf,148.38
2024-07-02,hdf,148.29
2024-07-03,hdf,148.66
2024-07-04,hdf,149
2024-07-05,hdf,149.48
2024-07-06,hdf,149.87
2024-07-07,hdf,150.08
2024-07-08,hdf,150.46
2024-07-09,hdf,150.93
2024-07-10,hdf,150.39
2024-07-11,hdf,149.79
2024-07-12,hdf,149.26
2024-07-13,hdf,148.74
2024-07-14,hdf,148.24
2024-07-15,hdf,147.8
2024-07-16,hdf,147.41
2024-07-17,hdf,147.57
2024-07-18,hdf,147.78
2024-07-19,hdf,147.75
2024-07-20,hdf,147.4
2024-07-21,hdf,147.36
2024-07-22,hdf,147.25
2024-07-23,hdf,147.01
2024-07-24,hdf,146.74
2024-07-25,hdf,146.28
2024-07-26,hdf,145.91
2024-07-27,hdf,145.75
2024-07-28,hdf,145.37
2024-07-29,hdf,145.05
2024-07-30,hdf,144.65
2024-07-31,hdf,144.36
2024-08-01,hdf,144.29
2024-08-02,hdf,144.16
2024-08-03,hdf,144.26
2024-08-04,hdf,144.44
2024-08-05,hdf,144.46
2024-08-06,hdf,144.61
2024-08-07,hdf,144.75
2024-08-08,hdf,144.88
2024-08-09,hdf,145.15
2024-08-10,hdf,145.27
2024-08-11,hdf,145.31
2024-08-12,hdf,145.59
2024-08-13,hdf,145.84
2024-08-14,hdf,145.99
2024-08-15,hdf,146.26
2024-08-16,hdf,146.33
2024-08-17,hdf,146.48
2024-08-18,hdf,146.56
2024-08-19,hdf,146.61
2024-08-20,hdf,146.48
2024-08-21,hdf,146.27
2024-08-22,hdf,146.04
2024-08-23,hdf,145.91
2024-08-24,hdf,145.74
2024-08-25,hdf,145.56
2024-08-26,hdf,145.29
2024-08-27,hdf,145.1
2024-08-28,hdf,145.02
2024-08-29,hdf,144.96
2024-08-30,hdf,144.85
2024-08-31,hdf,144.86
2024-09-01,hdf,144.88
2024-09-02,hdf,144.96
2024-09-03,hdf,145
2024-09-04,hdf,145.07
2024-09-05,hdf,145.09
2024-09-06,hdf,145.28
2024-09-07,hdf,145.21
2024-09-08,hdf,145.16
2024-09-09,hdf,145.07
2024-09-10,hdf,144.98
2024-09-11,hdf,144.67
2024-09-12,hdf,144.38
2024-09-13,hdf,144.06
2024-09-14,hdf,143.88
2024-09-15,hdf,143.67
2024-09-16,hdf,143.51
2024-09-17,hdf,143.37
2024-09-18,hdf,143.45
2024-09-19,hdf,143.41
2024-09-20,hdf,143.38
2024-09-21,hdf,143.4
2024-09-22,hdf,143.32
2024-09-23,hdf,143.07
2024-09-24,hdf,142.93
2024-09-25,hdf,142.69
2024-09-26,hdf,142.51
2024-09-27,hdf,142.13
2024-09-28,hdf,141.68
2024-09-29,hdf,141.38
2024-09-30,hdf,141.23
2024-10-01,hdf,140.82
2024-10-02,hdf,140.27
2024-10-03,hdf,139.8
2024-10-04,hdf,139.44
2024-10-05,hdf,138.96
2024-10-06,hdf,138.39
2024-10-07,hdf,137.76
2024-10-08,hdf,137.38
2024-10-09,hdf,137.03
2024-10-10,hdf,136.71
2024-10-11,hdf,136.5
2024-10-12,hdf,136.42
2024-10-13,hdf,136.36
2024-10-14,hdf,136.37
2024-10-15,hdf,136.4
2024-10-16,hdf,136.55
2024-10-17,hdf,136.54
2024-10-18,hdf,136.51
2024-10-19,hdf,136.57
2024-10-20,hdf,136.71
2024-10-21,hdf,136.74
2024-10-22,hdf,136.67
2024-10-23,hdf,136.7
2024-10-24,hdf,136.73
2024-10-25,hdf,136.77
2024-10-26,hdf,136.72
2024-10-27,hdf,136.47
2024-10-28,hdf,136.44
2024-10-29,hdf,136.56
2024-10-30,hdf,136.58
2024-10-31,hdf,136.66
2024-11-01,hdf,136.75
2024-11-02,hdf,136.72
2024-11-03,hdf,136.9
2024-11-04,hdf,136.95
2024-11-05,hdf,136.91
2024-11-06,hdf,137.01
2024-11-07,hdf,137.05
2024-11-08,hdf,136.74
2024-11-09,hdf,136.67
2024-11-10,hdf,136.41
2024-11-11,hdf,136.54
2024-11-12,hdf,136.32
2024-11-13,hdf,136.01
2024-11-14,hdf,135.75
2024-11-15,hdf,135.83
2024-11-16,hdf,135.84
2024-11-17,hdf,135.82
2024-11-18,hdf,135.45
2024-11-19,hdf,135.44
2024-11-20,hdf,135.53
2024-11-21,hdf,135.62
2024-11-22,hdf,135.79
2024-11-23,hdf,136.04
2024-11-24,hdf,136.33
2024-11-25,hdf,136.61
2024-11-26,hdf,136.91
2024-11-27,hdf,136.96
2024-11-28,hdf,136.93
2024-11-29,hdf,136.81
2024-11-30,hdf,136.55
2024-12-01,hdf,136.21
2024-12-02,hdf,135.91
2024-12-03,hdf,135.62
2024-12-04,hdf,135.5
2024-12-05,hdf,135.43
2024-12-06,hdf,135.35
2024-12-07,hdf,135.33
2024-12-08,hdf,135.35
2024-12-09,hdf,135.32
2024-12-10,hdf,135.34
2024-12-11,hdf,135.36
2024-12-12,hdf,135.41
2024-12-13,hdf,135.53
2024-12-14,hdf,135.56
2024-12-15,hdf,135.84
2024-12-16,hdf,136.2
2024-12-17,hdf,136.51
2024-12-18,hdf,136.79
2024-12-19,hdf,137.12
2024-12-20,hdf,137.55
2024-12-21,hdf,137.96
2024-12-22,hdf,138.24
2024-12-23,hdf,138.44
2024-12-24,hdf,138.56
2024-12-25,hdf,138.82
2024-12-26,hdf,138.9
2024-12-27,hdf,138.76
2024-12-28,hdf,138.66
2024-12-29,hdf,138.51
2024-12-30,hdf,138.5
2024-12-31,hdf,138.45
2025-01-01,hdf,138.39
2025-01-02,hdf,138.29
2025-01-03,hdf,138.14
2025-01-04,hdf,138
2025-01-05,hdf,137.91
2025-01-06,hdf,137.64
2025-01-07,hdf,137.45
2025-01-08,hdf,137.09
2025-01-09,hdf,136.97
2025-01-10,hdf,137.01
2025-01-11,hdf,137.12
2025-01-12,hdf,137.24
2025-01-13,hdf,137.31
2025-01-14,hdf,137.3
2025-01-15,hdf,137.28
2025-01-16,hdf,137.11
2025-01-17,hdf,136.74
2025-01-18,hdf,136.3
2025-01-19,hdf,135.88
2025-01-20,hdf,135.57
2025-01-21,hdf,135.38
2025-01-22,hdf,135.26
2025-01-23,hdf,135.14
2025-01-24,hdf,135.21
2025-01-25,hdf,135.25
2025-01-26,hdf,135.3
2025-01-27,hdf,135.25
2025-01-28,hdf,135.81
2025-01-29,hdf,135.67
2025-01-30,hdf,135.45
2025-01-31,hdf,135.24
2025-02-01,hdf,135.28
2025-02-02,hdf,135.3
2025-02-03,hdf,135.23
2025-02-04,hdf,134.44
2025-02-05,hdf,134.33
2025-02-06,hdf,134.38
2025-02-07,hdf,134.35
2025-02-08,hdf,134.11
2025-02-09,hdf,133.84
2025-02-10,hdf,133.7
2025-02-11,hdf,133.76
2025-02-12,hdf,133.9
2025-02-13,hdf,134.05
2025-02-14,hdf,134.17
2025-02-15,hdf,133.96
2025-02-16,hdf,133.91
2025-02-17,hdf,133.87
2025-02-18,hdf,133.69
2025-02-19,hdf,133.49
2025-02-20,hdf,133.19
2025-02-21,hdf,133.01
2025-02-22,hdf,133.18
2025-02-23,hdf,133.19
2025-02-24,hdf,133.16
2025-02-25,hdf,133.28
2025-02-26,hdf,133.29
2025-02-27,hdf,133.55
2025-02-28,hdf,133.72
2025-03-01,hdf,133.8
2025-03-02,hdf,133.92
2025-03-03,hdf,134.05
2025-03-04,hdf,133.96
2025-03-05,hdf,132.75
2025-03-06,hdf,132.52
2025-03-07,hdf,132.35
2025-03-08,hdf,132.25
2025-03-09,hdf,132.17
2025-03-10,hdf,132.11
2025-03-11,hdf,132.24
2025-03-12,hdf,133.57
2025-03-13,hdf,133.46
2025-03-14,hdf,133.26
2025-03-15,hdf,133.11
2025-03-16,hdf,133.04
2025-03-17,hdf,132.97
2025-03-18,hdf,132.78
2025-03-19,hdf,132.76
2025-03-20,hdf,132.87
2025-03-21,hdf,133.05
2025-03-22,hdf,133.02
2025-03-23,hdf,133.02
2025-03-24,hdf,133.06
2025-03-25,hdf,133.11
2025-03-26,hdf,132.98
2025-03-27,hdf,133.13
2025-03-28,hdf,133.01
2025-03-29,hdf,133.09
2025-03-30,hdf,133.01
2025-03-31,hdf,132.96
2025-04-01,hdf,132.82
2025-04-02,hdf,132.73
2025-04-03,hdf,132.61
2025-04-04,hdf,132.7
2025-04-05,hdf,132.84
2025-04-06,hdf,132.9
2025-04-07,hdf,132.96
2025-04-08,hdf,132.81
2025-04-09,hdf,132.87
2025-04-10,hdf,132.62
2025-04-11,hdf,132.36
2025-04-12,hdf,131.99
2025-04-13,hdf,131.69
2025-04-14,hdf,131.43
2025-04-15,hdf,131.51
2025-04-16,hdf,131.27
2025-04-17,hdf,131.16
2025-04-18,hdf,130.98
2025-04-19,hdf,130.65
2025-04-20,hdf,130.41
2025-04-21,hdf,130.17
2025-04-22,hdf,129.88
2025-04-23,hdf,129.56
2025-04-24,hdf,129.15
2025-04-25,hdf,128.85
2025-04-26,hdf,128.76
2025-04-27,hdf,128.75
2025-04-28,hdf,128.94
2025-04-29,hdf,129.01
2025-04-30,hdf,129.34
2025-05-01,hdf,129.93
2025-05-02,hdf,130.54
2025-05-03,hdf,131.06
2025-05-04,hdf,131.45
2025-05-05,hdf,131.71
2025-05-06,hdf,131.73
2025-05-07,hdf,131.73
2025-05-08,hdf,131.71
2025-05-09,hdf,131.77
2025-05-10,hdf,131.8
2025-05-11,hdf,131.8
2025-05-12,hdf,131.67
2025-05-13,hdf,131.81
2025-05-14,hdf,131.85
2025-05-15,hdf,131.76
2025-05-16,hdf,131.73
2025-05-17,hdf,131.66
2025-05-18,hdf,131.84
2025-05-19,hdf,132.08
2025-05-20,hdf,132.37
2025-05-21,hdf,132.66
2025-05-22,hdf,132.89
2025-05-23,hdf,132.89
2025-05-24,hdf,133.11
2025-05-25,hdf,133.1
2025-05-26,hdf,133.06
2025-05-27,hdf,132.89
2025-05-28,hdf,132.68
2025-05-29,hdf,132.7
2025-05-30,hdf,132.72
2025-05-31,hdf,132.34
2025-06-01,hdf,131.87
2025-06-02,hdf,131.39
2025-06-03,hdf,130.93
2025-06-04,hdf,130.45
2025-06-05,hdf,129.67
2025-06-06,hdf,129.11
2025-06-07,hdf,128.91
2025-06-08,hdf,128.77
2025-06-09,hdf,128.74
2025-06-10,hdf,128.4
2025-06-11,hdf,128.14
2025-06-12,hdf,128.12
2025-06-13,hdf,127.96
2025-06-14,hdf,127.66
2025-06-15,hdf,127.45
2025-06-16,hdf,127.07
2025-06-17,hdf,127.03
2025-06-18,hdf,127.03
2025-06-19,hdf,126.87
2025-06-20,hdf,126.78
2025-06-21,hdf,126.61
2025-06-22,hdf,126.46
2025-06-23,hdf,126.38
2025-06-24,hdf,126.24
2025-06-25,hdf,126.14
2025-06-26,hdf,126.09
2025-06-27,hdf,125.96
2025-06-28,hdf,125.94
2025-06-29,hdf,125.83
2025-06-30,hdf,125.79
2025-07-01,hdf,125.77
2025-07-02,hdf,125.79
2025-07-03,hdf,125.71
2025-07-04,hdf,125.69
2025-07-05,hdf,125.72
2025-07-06,hdf,125.68
2025-07-07,hdf,125.66
2025-07-08,hdf,125.67
2025-07-09,hdf,125.53
2025-07-10,hdf,125.57
2025-07-11,hdf,125.73
2025-07-12,hdf,125.75
2025-07-13,hdf,125.9
2025-07-14,hdf,126.02
2025-07-15,hdf,125.91
2025-07-16,hdf,125.82
2025-07-17,hdf,125.68
2025-07-18,hdf,125.45
2025-07-19,hdf,125.24
2025-07-20,hdf,125.22
2025-07-21,hdf,125.1
2025-07-22,hdf,125.31
2025-07-23,hdf,125.5
2025-07-24,hdf,125.49
2025-07-25,hdf,125.47
2025-07-26,hdf,125.37
2025-07-27,hdf,125.03
2025-07-28,hdf,124.78
2025-07-29,hdf,124.43
2025-07-30,hdf,124.1
2025-07-31,hdf,123.79
2025-08-01,hdf,123.49
2025-08-02,hdf,123.23
2025-08-03,hdf,122.93
2025-08-04,hdf,122.61
2025-08-05,hdf,122.38
2025-08-06,hdf,122.15
2025-08-07,hdf,121.92
2025-08-08,hdf,121.75
2025-08-09,hdf,121.56
2025-08-10,hdf,121.44
2025-08-11,hdf,121.36
2025-08-12,hdf,121.22
2025-08-13,hdf,121.09
2025-08-14,hdf,121.04
2025-08-15,hdf,121.14
2025-08-16,hdf,121.21
2025-08-17,hdf,121.26
2025-08-18,hdf,121.3
2025-08-19,hdf,121.14
2025-08-20,hdf,121.3
2025-08-21,hdf,121.51
2025-08-22,hdf,121.51
2025-08-23,hdf,121.64
2025-08-24,hdf,121.65
2025-08-25,hdf,121.72
2025-08-26,hdf,121.91
2025-08-27,hdf,121.97
2025-08-28,hdf,122.02
2025-08-29,hdf,121.95
2025-08-30,hdf,121.91
2025-08-31,hdf,121.88
2025-09-01,hdf,121.82
2025-09-02,hdf,121.85
2025-09-03,hdf,121.81
2025-09-04,hdf,121.74
2025-09-05,hdf,121.85
2025-09-06,hdf,121.99
2025-09-07,hdf,122.11
2025-09-08,hdf,122.2
2025-09-09,hdf,122.23
2025-09-10,hdf,122.03
2025-09-11,hdf,121.87
2025-09-12,hdf,121.65
2025-09-13,hdf,121.38
2025-09-14,hdf,121.19
2025-09-15,hdf,120.95
2025-09-16,hdf,120.93
2025-09-17,hdf,120.95
2025-09-18,hdf,120.88
2025-09-19,hdf,120.71
2025-09-20,hdf,120.58
2025-09-21,hdf,120.37
2025-09-22,hdf,120.21
2025-09-23,hdf,119.88
2025-09-24,hdf,119.6
2025-09-25,hdf,119.38
2025-09-26,hdf,119.17
2025-09-27,hdf,118.94
2025-09-28,hdf,118.74
2025-09-29,hdf,118.52
2025-09-30,hdf,118.36
2025-10-01,hdf,118.58
2025-10-02,hdf,118.85
2025-10-03,hdf,119.05
2025-10-04,hdf,119.18
2025-10-05,hdf,119.32
2025-10-06,hdf,119.45
2025-10-07,hdf,119.38
2025-10-08,hdf,118.97
2025-10-09,hdf,118.27
2025-10-10,hdf,118.08
2025-10-11,hdf,117.87
2025-10-12,hdf,117.65
2025-10-13,hdf,117.4
2025-10-14,hdf,117.32
2025-10-15,hdf,117.28
2025-10-16,hdf,117.49
2025-10-17,hdf,117.1
2025-10-18,hdf,116.71
2025-10-19,hdf,116.42
2025-10-20,hdf,116.16
2025-10-21,hdf,115.71
2025-10-22,hdf,115.44
2025-10-23,hdf,115.08
2025-10-24,hdf,114.8
2025-10-25,hdf,114.6
2025-10-26,hdf,114.4
2025-10-27,hdf,114.25
2025-10-28,hdf,114.3
2025-10-29,hdf,114.2
2025-10-30,hdf,114.14
2025-10-31,hdf,114.06
2025-11-01,hdf,113.72
2025-11-02,hdf,113.66
2025-11-03,hdf,113.7
2025-11-04,hdf,113.64
2025-11-05,hdf,113.59
2025-11-06,hdf,113.71
2025-11-07,hdf,113.88
2025-11-08,hdf,114.35
2025-11-09,hdf,114.5
2025-11-10,hdf,114.66
2025-11-11,hdf,114.91
2025-11-12,hdf,114.97
2025-11-13,hdf,114.95
2025-11-14,hdf,114.94
2025-11-15,hdf,114.9
2025-11-16,hdf,114.83
2025-11-17,hdf,114.7
2025-11-18,hdf,114.66
2025-11-19,hdf,114.42
2025-11-20,hdf,114.24
2025-11-21,hdf,114.15
2025-11-22,hdf,114.05
2025-11-23,hdf,113.9
2025-11-24,hdf,113.76
2025-11-25,hdf,113.51
2025-11-26,hdf,113.72
2025-11-27,hdf,113.67
2025-11-28,hdf,113.64
2025-11-29,hdf,113.62
2025-11-30,hdf,113.59
2025-12-01,hdf,113.5
2025-12-02,hdf,113.38
2025-12-03,hdf,113.15
2025-12-04,hdf,112.99
2025-12-05,hdf,112.83
2025-12-06,hdf,112.59
2025-12-07,hdf,112.34
2025-12-08,hdf,112.05
2025-12-09,hdf,111.75
2025-12-10,hdf,111.43
2025-12-11,hdf,111.19
2025-12-12,hdf,110.86
2025-12-13,hdf,110.72
2025-12-14,hdf,110.6
2025-12-15,hdf,110.65
2025-12-16,hdf,110.73
2025-12-17,hdf,110.79
2025-12-18,hdf,110.79
2025-12-19,hdf,110.88
2025-12-20,hdf,110.8
2025-12-21,hdf,110.77
2025-12-22,hdf,110.72
2025-12-23,hdf,110.62
2025-12-24,hdf,110.59
2025-12-25,hdf,110.64
2025-12-26,hdf,110.66
2025-12-27,hdf,110.57
2025-12-28,hdf,110.52
2025-12-29,hdf,110.46
2025-12-30,hdf,110.45
2025-12-31,hdf,110.41
2026-01-01,hdf,109.9
2026-01-02,hdf,109.39
2026-01-03,hdf,108.86
2026-01-04,hdf,108.14
2026-01-05,hdf,107.5
2026-01-06,hdf,107.12
2026-01-07,hdf,106.99
2026-01-08,hdf,107.37
2026-01-09,hdf,107.94
2026-01-10,hdf,108.58
2026-01-11,hdf,109.31
2026-01-12,hdf,109.77
2026-01-13,hdf,110.14
2026-01-14,hdf,110.46
2026-01-15,hdf,110.77
2026-01-16,hdf,111.2
2026-01-17,hdf,111.72
2026-01-18,hdf,112.23
2026-01-19,hdf,112.81
2026-01-20,hdf,113.45
2026-01-21,hdf,114.04
2026-01-22,hdf,114.78
2026-01-23,hdf,115.34
2026-01-24,hdf,115.91
2026-01-25,hdf,116.29
2026-01-26,hdf,116.61
2026-01-27,hdf,116.72
2026-01-28,hdf,116.65
2026-01-29,hdf,116.5
2026-01-30,hdf,116.21
2026-01-31,hdf,115.87
2026-02-01,hdf,115.71
2026-02-02,hdf,115.41
2026-02-03,hdf,115.18
2026-02-04,hdf,114.98
2026-02-05,hdf,114.9
2026-02-06,hdf,114.93
2026-02-07,hdf,114.88
2026-02-08,hdf,114.73
2026-02-09,hdf,114.85
2026-02-10,hdf,115.04
2026-02-11,hdf,115.42
2026-02-12,hdf,115.55
2026-02-13,hdf,116.04
2026-02-14,hdf,116.59
2026-02-15,hdf,117.21
2026-02-16,hdf,117.7
2026-02-17,hdf,118.21
2026-02-18,hdf,118.52
2026-02-19,hdf,118.96
2026-02-20,hdf,118.81
2026-02-21,hdf,118.55
2026-02-22,hdf,118.23
2026-02-23,hdf,117.91
2026-02-24,hdf,117.36
2026-02-25,hdf,116.82
2026-02-26,hdf,116.2
2026-02-27,hdf,115.87
2026-02-28,hdf,115.57
2026-03-01,hdf,115.3
2026-03-02,hdf,115.08
2026-03-03,hdf,114.99
2026-03-04,hdf,115.05
2026-03-05,hdf,115.09
2026-03-06,hdf,115.02
2026-03-07,hdf,115
2026-03-08,hdf,114.93
2026-03-09,hdf,114.81
2026-03-10,hdf,114.55
2026-03-11,hdf,113.84
2026-03-12,hdf,113.01
2026-03-13,hdf,112.23
2026-03-14,hdf,111.27
2026-03-15,hdf,110.24
2026-03-16,hdf,109.22
2026-03-17,hdf,108.33
2026-03-18,hdf,107.83
2026-03-19,hdf,107.3
2026-03-20,hdf,106.78
2026-03-21,hdf,106.34
2026-03-22,hdf,105.96
2026-03-23,hdf,105.53
2026-03-24,hdf,105.27
2026-03-25,hdf,105.02
2026-03-26,hdf,104.7
2026-03-27,hdf,104.38
2026-03-28,hdf,103.97
2026-03-29,hdf,103.72
2026-03-30,hdf,103.54
2026-03-31,hdf,103.2
2026-04-01,hdf,102.68
2026-04-02,hdf,102.32
2026-04-03,hdf,101.95
2026-04-04,hdf,101.72
2026-04-05,hdf,101.41
2026-04-06,hdf,101.15
2026-04-07,hdf,100.69
2026-04-08,hdf,100.25
2026-04-09,hdf,99.75
2026-04-10,hdf,99.29
2026-04-11,hdf,98.83
2026-04-12,hdf,98.53
2026-04-13,hdf,98.29
2026-04-14,hdf,98.41
2026-04-15,hdf,98.38
2026-04-16,hdf,98.55
2026-04-17,hdf,98.59
2026-04-18,hdf,98.61
2026-04-19,hdf,98.61
2026-04-20,hdf,98.49
2026-04-21,hdf,98.43
2026-04-22,hdf,98.69
2026-04-23,hdf,98.87
2026-04-24,hdf,99.19
2026-04-25,hdf,99.43
2026-04-26,hdf,99.64
2026-04-27,hdf,99.94
2026-04-28,hdf,100.32
2026-04-29,hdf,100.6
2026-04-30,hdf,100.66
2026-05-01,hdf,100.53
2026-05-02,hdf,100.31
2026-05-03,hdf,100.06
2026-05-04,hdf,99.71
2026-05-05,hdf,99.36
2026-05-06,hdf,98.84
2026-05-07,hdf,98.37
2026-05-08,hdf,98.03
2026-05-09,hdf,97.98
2026-05-10,hdf,97.91
2026-05-11,hdf,98
2026-05-12,hdf,98.03
2026-05-13,hdf,98.2
2026-05-14,hdf,98.41
2026-05-15,hdf,98.49
2026-05-16,hdf,98.49
2026-05-17,hdf,98.71
2026-05-18,hdf,98.77
2026-05-19,hdf,98.65
2026-05-20,hdf,98.62
2026-05-21,hdf,98.55
2026-05-22,hdf,98.57
2026-05-23,hdf,98.74
2026-05-24,hdf,98.63
2026-05-25,hdf,98.32
2026-05-26,hdf,97.74
2026-05-27,hdf,97.07
2026-05-28,hdf,96.34
2026-05-29,hdf,95.73
2026-05-30,hdf,95.14
2026-05-31,hdf,94.84
2026-06-01,hdf,94.42
2026-06-02,hdf,94.41
2026-06-03,hdf,94.37
2026-06-04,hdf,94.36
2026-06-05,hdf,94.35
2026-06-06,hdf,94.4
2026-06-07,hdf,94.32
2026-06-08,hdf,94.34
2026-06-09,hdf,94.34
2026-06-10,hdf,94.32
2026-06-11,hdf,94.57
2026-06-12,hdf,94.78
2026-06-13,hdf,94.84
2026-06-14,hdf,94.78
2026-06-15,hdf,95.23
2026-06-16,hdf,95.6
2026-06-17,hdf,96.11
2026-06-18,hdf,96.34
2026-06-19,hdf,96.6
2026-06-20,hdf,96.97
2026-06-21,hdf,97.38
2026-06-22,hdf,97.36
2026-06-23,hdf,97.25
2026-06-24,hdf,97.04
2026-06-25,hdf,96.92
2026-06-26,hdf,96.71
2026-06-27,hdf,96.44
2026-06-28,hdf,96.19
2026-06-29,hdf,95.98
2026-06-30,hdf,95.84
2026-07-01,hdf,95.63
2026-07-02,hdf,95.55
2026-07-03,hdf,95.53
2026-07-04,hdf,95.56
2026-07-05,hdf,95.59
2026-07-06,hdf,95.42
2026-07-07,hdf,95.37
2026-07-08,hdf,95.54
2026-07-09,hdf,95.57
2026-07-10,hdf,95.6
2026-07-11,hdf,95.74
2026-07-12,hdf,95.92
2026-07-13,hdf,96.2
2026-07-14,hdf,96.45
2026-07-15,hdf,96.18
2026-07-16,hdf,96.06
2026-07-17,hdf,95.83
2026-07-18,hdf,95.54
2026-07-19,hdf,95.3
2026-07-20,hdf,95.09
2026-07-21,hdf,94.92
2026-07-22,hdf,95.16
2026-07-23,hdf,95.23
2026-07-24,hdf,95.39
2026-07-25,hdf,95.48
2026-07-26,hdf,95.5
2026-07-27,hdf,95.38
2026-07-28,hdf,95.18
2026-07-29,hdf,94.93
2026-07-30,hdf,94.65
2026-07-31,hdf,94.26
2026-08-01,hdf,93.87
2026-08-02,hdf,93.47
2026-08-03,hdf,93.38
2026-08-04,hdf,93.57
2026-08-05,hdf,93.72
2026-08-06,hdf,93.8
2026-08-07,hdf,94.01
2026-08-08,hdf,94.2
2026-08-09,hdf,94.44
2026-08-10,hdf,94.38
2026-08-11,hdf,94.16
2026-08-12,hdf,93.88
2026-08-13,hdf,93.76
2026-08-14,hdf,93.61
2026-08-15,hdf,93.46
2026-08-16,hdf,93.29
2026-08-17,hdf,93.29
2026-08-18,hdf,93.21
2026-08-19,hdf,93.31
2026-08-20,hdf,93.35
2026-08-21,hdf,93.5
2026-08-22,hdf,93.66
2026-08-23,hdf,93.87
2026-08-24,hdf,93.98
2026-08-25,hdf,94.04
2026-08-26,hdf,93.91
2026-08-27,hdf,93.95
2026-08-28,hdf,93.66
2026-08-29,hdf,93.57
2026-08-30,hdf,93.42
2026-08-31,hdf,93.23
2026-09-01,hdf,93.09
2026-09-02,hdf,93.29
2026-09-03,hdf,93.26
2026-09-04,hdf,93.51
2026-09-05,hdf,93.58
2026-09-06,hdf,93.53
2026-09-07,hdf,93.57
2026-09-08,hdf,93.57
2026-09-09,hdf,93.35
2026-09-10,hdf,93.43
2026-09-11,hdf,93.44
2026-09-12,hdf,93.58
2026-09-13,hdf,93.83
2026-09-14,hdf,94.05
2026-09-15,hdf,94.24
2026-09-16,hdf,94.41
2026-09-17,hdf,94.32
2026-09-18,hdf,94.27
2020-02-01,n,100
2020-02-02,n,99.6
2020-02-03,n,99.31
2020-02-04,n,99.03
2020-02-05,n,98.86
2020-02-06,n,98.22
2020-02-07,n,97.57
2020-02-08,n,97.36
2020-02-09,n,97.3
2020-02-10,n,97.24
2020-02-11,n,97.19
2020-02-12,n,97.11
2020-02-13,n,97.22
2020-02-14,n,97.46
2020-02-15,n,97.67
2020-02-16,n,97.83
2020-02-17,n,97.97
2020-02-18,n,97.87
2020-02-19,n,97.71
2020-02-20,n,97.67
2020-02-21,n,97.4
2020-02-22,n,97.18
2020-02-23,n,97.06
2020-02-24,n,96.9
2020-02-25,n,96.88
2020-02-26,n,96.99
2020-02-27,n,96.98
2020-02-28,n,97.03
2020-02-29,n,96.98
2020-03-01,n,96.95
2020-03-02,n,96.9
2020-03-03,n,96.91
2020-03-04,n,96.8
2020-03-05,n,96.66
2020-03-06,n,96.59
2020-03-07,n,96.54
2020-03-08,n,96.43
2020-03-09,n,96.35
2020-03-10,n,96.44
2020-03-11,n,96.46
2020-03-12,n,96.64
2020-03-13,n,96.96
2020-03-14,n,97.37
2020-03-15,n,97.64
2020-03-16,n,97.72
2020-03-17,n,97.57
2020-03-18,n,97.26
2020-03-19,n,96.51
2020-03-20,n,95.52
2020-03-21,n,94.35
2020-03-22,n,93.19
2020-03-23,n,92.15
2020-03-24,n,90.96
2020-03-25,n,89.7
2020-03-26,n,88.3
2020-03-27,n,86.95
2020-03-28,n,85.05
2020-03-29,n,83.14
2020-03-30,n,81.25
2020-03-31,n,79.51
2020-04-01,n,78
2020-04-02,n,76.84
2020-04-03,n,75.57
2020-04-04,n,75.09
2020-04-05,n,74.6
2020-04-06,n,74.05
2020-04-07,n,73.09
2020-04-08,n,72.04
2020-04-09,n,71.02
2020-04-10,n,69.95
2020-04-11,n,68.62
2020-04-12,n,67.18
2020-04-13,n,65.97
2020-04-14,n,65.17
2020-04-15,n,64.6
2020-04-16,n,64.13
2020-04-17,n,63.62
2020-04-18,n,63.33
2020-04-19,n,63.26
2020-04-20,n,63.2
2020-04-21,n,63.24
2020-04-22,n,63.38
2020-04-23,n,63.28
2020-04-24,n,63.43
2020-04-25,n,63.58
2020-04-26,n,63.68
2020-04-27,n,63.77
2020-04-28,n,63.67
2020-04-29,n,63.33
2020-04-30,n,63
2020-05-01,n,62.51
2020-05-02,n,61.85
2020-05-03,n,61.21
2020-05-04,n,60.6
2020-05-05,n,60.05
2020-05-06,n,59.27
2020-05-07,n,58.53
2020-05-08,n,57.99
2020-05-09,n,57.52
2020-05-10,n,57.02
2020-05-11,n,56.43
2020-05-12,n,56.03
2020-05-13,n,55.98
2020-05-14,n,55.89
2020-05-15,n,55.79
2020-05-16,n,55.7
2020-05-17,n,55.69
2020-05-18,n,55.69
2020-05-19,n,55.69
2020-05-20,n,55.52
2020-05-21,n,55.75
2020-05-22,n,55.76
2020-05-23,n,55.89
2020-05-24,n,56.01
2020-05-25,n,56.09
2020-05-26,n,55.95
2020-05-27,n,55.94
2020-05-28,n,55.61
2020-05-29,n,55.58
2020-05-30,n,55.55
2020-05-31,n,55.51
2020-06-01,n,55.59
2020-06-02,n,55.7
2020-06-03,n,55.87
2020-06-04,n,56.19
2020-06-05,n,56.38
2020-06-06,n,56.6
2020-06-07,n,56.81
2020-06-08,n,56.86
2020-06-09,n,57.14
2020-06-10,n,57.38
2020-06-11,n,57.47
2020-06-12,n,57.69
2020-06-13,n,57.97
2020-06-14,n,58.34
2020-06-15,n,58.72
2020-06-16,n,58.99
2020-06-17,n,59.23
2020-06-18,n,59.38
2020-06-19,n,59.31
2020-06-20,n,59.12
2020-06-21,n,58.97
2020-06-22,n,58.74
2020-06-23,n,58.43
2020-06-24,n,58.19
2020-06-25,n,58.18
2020-06-26,n,58.21
2020-06-27,n,58.28
2020-06-28,n,58.19
2020-06-29,n,58.2
2020-06-30,n,58.28
2020-07-01,n,58.52
2020-07-02,n,58.74
2020-07-03,n,59.07
2020-07-04,n,59.42
2020-07-05,n,59.83
2020-07-06,n,60.25
2020-07-07,n,60.58
2020-07-08,n,60.82
2020-07-09,n,60.87
2020-07-10,n,60.88
2020-07-11,n,60.51
2020-07-12,n,60.28
2020-07-13,n,60.01
2020-07-14,n,59.95
2020-07-15,n,59.76
2020-07-16,n,59.82
2020-07-17,n,59.89
2020-07-18,n,60.2
2020-07-19,n,60.4
2020-07-20,n,60.85
2020-07-21,n,61.18
2020-07-22,n,61.61
2020-07-23,n,62.06
2020-07-24,n,62.49
2020-07-25,n,62.93
2020-07-26,n,63.44
2020-07-27,n,63.81
2020-07-28,n,64.22
2020-07-29,n,64.69
2020-07-30,n,64.92
2020-07-31,n,65.18
2020-08-01,n,65.38
2020-08-02,n,65.41
2020-08-03,n,65.61
2020-08-04,n,65.82
2020-08-05,n,66.41
2020-08-06,n,67.05
2020-08-07,n,67.7
2020-08-08,n,68.41
2020-08-09,n,69.17
2020-08-10,n,69.86
2020-08-11,n,70.48
2020-08-12,n,70.53
2020-08-13,n,70.72
2020-08-14,n,70.91
2020-08-15,n,71.11
2020-08-16,n,71.42
2020-08-17,n,71.55
2020-08-18,n,71.72
2020-08-19,n,71.92
2020-08-20,n,72.12
2020-08-21,n,72.33
2020-08-22,n,72.58
2020-08-23,n,72.85
2020-08-24,n,73.12
2020-08-25,n,73.38
2020-08-26,n,73.62
2020-08-27,n,73.85
2020-08-28,n,73.96
2020-08-29,n,74.06
2020-08-30,n,74
2020-08-31,n,74.11
2020-09-01,n,74.36
2020-09-02,n,74.7
2020-09-03,n,75.13
2020-09-04,n,75.42
2020-09-05,n,75.76
2020-09-06,n,76.16
2020-09-07,n,76.5
2020-09-08,n,76.66
2020-09-09,n,76.8
2020-09-10,n,76.89
2020-09-11,n,77.22
2020-09-12,n,77.39
2020-09-13,n,77.53
2020-09-14,n,77.56
2020-09-15,n,77.61
2020-09-16,n,77.65
2020-09-17,n,77.68
2020-09-18,n,77.81
2020-09-19,n,78.11
2020-09-20,n,78.58
2020-09-21,n,78.93
2020-09-22,n,79.43
2020-09-23,n,79.82
2020-09-24,n,80.13
2020-09-25,n,80.28
2020-09-26,n,80.3
2020-09-27,n,80.34
2020-09-28,n,80.58
2020-09-29,n,80.77
2020-09-30,n,81.06
2020-10-01,n,81.24
2020-10-02,n,81.55
2020-10-03,n,81.99
2020-10-04,n,82.11
2020-10-05,n,82.22
2020-10-06,n,82.41
2020-10-07,n,82.47
2020-10-08,n,82.68
2020-10-09,n,82.76
2020-10-10,n,82.93
2020-10-11,n,83.29
2020-10-12,n,83.64
2020-10-13,n,83.96
2020-10-14,n,84.1
2020-10-15,n,84.31
2020-10-16,n,84.27
2020-10-17,n,84.09
2020-10-18,n,84.01
2020-10-19,n,83.79
2020-10-20,n,83.45
2020-10-21,n,83.47
2020-10-22,n,83.28
2020-10-23,n,83.36
2020-10-24,n,83.46
2020-10-25,n,83.45
2020-10-26,n,83.52
2020-10-27,n,83.63
2020-10-28,n,83.61
2020-10-29,n,83.76
2020-10-30,n,83.75
2020-10-31,n,83.74
2020-11-01,n,83.72
2020-11-02,n,83.83
2020-11-03,n,83.74
2020-11-04,n,83.59
2020-11-05,n,83.43
2020-11-06,n,83.34
2020-11-07,n,83.21
2020-11-08,n,83.02
2020-11-09,n,82.76
2020-11-10,n,82.66
2020-11-11,n,82.7
2020-11-12,n,82.59
2020-11-13,n,82.3
2020-11-14,n,81.93
2020-11-15,n,81.78
2020-11-16,n,81.61
2020-11-17,n,81.43
2020-11-18,n,81.29
2020-11-19,n,81.01
2020-11-20,n,81.05
2020-11-21,n,81.09
2020-11-22,n,80.97
2020-11-23,n,80.94
2020-11-24,n,81
2020-11-25,n,80.75
2020-11-26,n,80.7
2020-11-27,n,80.67
2020-11-28,n,80.72
2020-11-29,n,80.78
2020-11-30,n,80.79
2020-12-01,n,80.83
2020-12-02,n,80.95
2020-12-03,n,81.13
2020-12-04,n,81.14
2020-12-05,n,81.33
2020-12-06,n,81.65
2020-12-07,n,81.9
2020-12-08,n,82.08
2020-12-09,n,82.32
2020-12-10,n,82.55
2020-12-11,n,83
2020-12-12,n,83.21
2020-12-13,n,83.34
2020-12-14,n,83.78
2020-12-15,n,84.03
2020-12-16,n,84.32
2020-12-17,n,84.4
2020-12-18,n,84.39
2020-12-19,n,84.49
2020-12-20,n,84.69
2020-12-21,n,84.68
2020-12-22,n,84.74
2020-12-23,n,84.79
2020-12-24,n,85.3
2020-12-25,n,85.79
2020-12-26,n,86.02
2020-12-27,n,86.22
2020-12-28,n,86.48
2020-12-29,n,86.74
2020-12-30,n,87.06
2020-12-31,n,87.14
2021-01-01,n,87.18
2021-01-02,n,87.32
2021-01-03,n,87.41
2021-01-04,n,87.3
2021-01-05,n,87.44
2021-01-06,n,87.52
2021-01-07,n,87.65
2021-01-08,n,87.69
2021-01-09,n,87.89
2021-01-10,n,88.02
2021-01-11,n,88.16
2021-01-12,n,88.18
2021-01-13,n,88.22
2021-01-14,n,88.4
2021-01-15,n,88.49
2021-01-16,n,88.53
2021-01-17,n,88.52
2021-01-18,n,88.6
2021-01-19,n,88.73
2021-01-20,n,88.92
2021-01-21,n,88.94
2021-01-22,n,89.26
2021-01-23,n,89.58
2021-01-24,n,89.93
2021-01-25,n,90.21
2021-01-26,n,90.13
2021-01-27,n,90.01
2021-01-28,n,89.79
2021-01-29,n,89.48
2021-01-30,n,89.05
2021-01-31,n,88.87
2021-02-01,n,88.83
2021-02-02,n,88.88
2021-02-03,n,88.83
2021-02-04,n,88.86
2021-02-05,n,88.74
2021-02-06,n,88.78
2021-02-07,n,88.75
2021-02-08,n,88.43
2021-02-09,n,88.17
2021-02-10,n,87.89
2021-02-11,n,87.65
2021-02-12,n,87.63
2021-02-13,n,87.55
2021-02-14,n,87.44
2021-02-15,n,87.32
2021-02-16,n,87.32
2021-02-17,n,87.49
2021-02-18,n,87.74
2021-02-19,n,88
2021-02-20,n,88.3
2021-02-21,n,88.53
2021-02-22,n,88.8
2021-02-23,n,89.06
2021-02-24,n,89.29
2021-02-25,n,89.49
2021-02-26,n,89.57
2021-02-27,n,89.5
2021-02-28,n,89.47
2021-03-01,n,89.45
2021-03-02,n,89.47
2021-03-03,n,89.52
2021-03-04,n,89.53
2021-03-05,n,89.57
2021-03-06,n,89.72
2021-03-07,n,89.88
2021-03-08,n,90.06
2021-03-09,n,90.11
2021-03-10,n,90.24
2021-03-11,n,91
2021-03-12,n,91.21
2021-03-13,n,91.69
2021-03-14,n,92.12
2021-03-15,n,92.28
2021-03-16,n,92.92
2021-03-17,n,93.37
2021-03-18,n,93.35
2021-03-19,n,93.87
2021-03-20,n,94.22
2021-03-21,n,94.51
2021-03-22,n,94.93
2021-03-23,n,94.78
2021-03-24,n,94.75
2021-03-25,n,94.56
2021-03-26,n,94.35
2021-03-27,n,94.18
2021-03-28,n,93.88
2021-03-29,n,93.69
2021-03-30,n,93.61
2021-03-31,n,93.49
2021-04-01,n,93.38
2021-04-02,n,93.19
2021-04-03,n,92.88
2021-04-04,n,93.04
2021-04-05,n,93.21
2021-04-06,n,93.45
2021-04-07,n,93.57
2021-04-08,n,93.58
2021-04-09,n,93.77
2021-04-10,n,94.06
2021-04-11,n,93.88
2021-04-12,n,93.74
2021-04-13,n,93.83
2021-04-14,n,93.91
2021-04-15,n,94.05
2021-04-16,n,94.16
2021-04-17,n,94.16
2021-04-18,n,94.3
2021-04-19,n,94.55
2021-04-20,n,94.62
2021-04-21,n,94.85
2021-04-22,n,95.22
2021-04-23,n,95.52
2021-04-24,n,95.85
2021-04-25,n,96.31
2021-04-26,n,96.52
2021-04-27,n,96.79
2021-04-28,n,97.03
2021-04-29,n,97.27
2021-04-30,n,97.54
2021-05-01,n,97.87
2021-05-02,n,98.13
2021-05-03,n,98.56
2021-05-04,n,98.9
2021-05-05,n,99.27
2021-05-06,n,99.29
2021-05-07,n,99.49
2021-05-08,n,99.62
2021-05-09,n,99.82
2021-05-10,n,99.98
2021-05-11,n,100.17
2021-05-12,n,100.46
2021-05-13,n,101.28
2021-05-14,n,101.32
2021-05-15,n,101.31
2021-05-16,n,101.25
2021-05-17,n,101.11
2021-05-18,n,101.14
2021-05-19,n,101.08
2021-05-20,n,100.95
2021-05-21,n,101.3
2021-05-22,n,101.67
2021-05-23,n,102.11
2021-05-24,n,102.66
2021-05-25,n,102.74
2021-05-26,n,102.9
2021-05-27,n,102.94
2021-05-28,n,103.08
2021-05-29,n,104.5
2021-05-30,n,105.88
2021-05-31,n,107
2021-06-01,n,108.5
2021-06-02,n,109.89
2021-06-03,n,111.45
2021-06-04,n,113.17
2021-06-05,n,113.81
2021-06-06,n,114.37
2021-06-07,n,115.02
2021-06-08,n,115.68
2021-06-09,n,116.34
2021-06-10,n,116.71
2021-06-11,n,116.89
2021-06-12,n,116.96
2021-06-13,n,116.88
2021-06-14,n,116.98
2021-06-15,n,117.24
2021-06-16,n,117.51
2021-06-17,n,117.85
2021-06-18,n,118.12
2021-06-19,n,118.37
2021-06-20,n,118.77
2021-06-21,n,119.21
2021-06-22,n,119.23
2021-06-23,n,119.32
2021-06-24,n,119.37
2021-06-25,n,119.48
2021-06-26,n,119.54
2021-06-27,n,119.5
2021-06-28,n,119.45
2021-06-29,n,119.56
2021-06-30,n,119.52
2021-07-01,n,119.47
2021-07-02,n,119.47
2021-07-03,n,119.44
2021-07-04,n,119.54
2021-07-05,n,119.4
2021-07-06,n,119.48
2021-07-07,n,119.36
2021-07-08,n,119.34
2021-07-09,n,119.21
2021-07-10,n,119.12
2021-07-11,n,118.93
2021-07-12,n,118.9
2021-07-13,n,118.71
2021-07-14,n,118.94
2021-07-15,n,118.96
2021-07-16,n,119.05
2021-07-17,n,119.21
2021-07-18,n,119.51
2021-07-19,n,119.79
2021-07-20,n,120.05
2021-07-21,n,120.06
2021-07-22,n,120.29
2021-07-23,n,120.52
2021-07-24,n,120.88
2021-07-25,n,121.16
2021-07-26,n,121.31
2021-07-27,n,121.03
2021-07-28,n,120.96
2021-07-29,n,120.75
2021-07-30,n,120.49
2021-07-31,n,120
2021-08-01,n,119.53
2021-08-02,n,119.21
2021-08-03,n,119.35
2021-08-04,n,119.28
2021-08-05,n,119.14
2021-08-06,n,119.02
2021-08-07,n,119.11
2021-08-08,n,119.08
2021-08-09,n,118.96
2021-08-10,n,119.02
2021-08-11,n,119.25
2021-08-12,n,119.47
2021-08-13,n,119.75
2021-08-14,n,119.97
2021-08-15,n,120.29
2021-08-16,n,120.76
2021-08-17,n,120.88
2021-08-18,n,121.06
2021-08-19,n,121.36
2021-08-20,n,121.61
2021-08-21,n,121.89
2021-08-22,n,122.02
2021-08-23,n,122.01
2021-08-24,n,122.3
2021-08-25,n,122.41
2021-08-26,n,122.53
2021-08-27,n,122.74
2021-08-28,n,123.05
2021-08-29,n,123.33
2021-08-30,n,123.67
2021-08-31,n,123.93
2021-09-01,n,124.3
2021-09-02,n,124.59
2021-09-03,n,124.88
2021-09-04,n,124.86
2021-09-05,n,125.08
2021-09-06,n,125.27
2021-09-07,n,125.6
2021-09-08,n,125.88
2021-09-09,n,126.07
2021-09-10,n,126.41
2021-09-11,n,127.06
2021-09-12,n,127.48
2021-09-13,n,127.92
2021-09-14,n,128.08
2021-09-15,n,128.32
2021-09-16,n,128.61
2021-09-17,n,128.85
2021-09-18,n,129.09
2021-09-19,n,129.58
2021-09-20,n,130
2021-09-21,n,130.41
2021-09-22,n,130.63
2021-09-23,n,131.06
2021-09-24,n,131.26
2021-09-25,n,131.24
2021-09-26,n,131.19
2021-09-27,n,131.14
2021-09-28,n,131.21
2021-09-29,n,131.16
2021-09-30,n,131.07
2021-10-01,n,130.98
2021-10-02,n,131.05
2021-10-03,n,130.85
2021-10-04,n,130.71
2021-10-05,n,130.8
2021-10-06,n,131.04
2021-10-07,n,131.27
2021-10-08,n,131.53
2021-10-09,n,131.75
2021-10-10,n,132.24
2021-10-11,n,132.71
2021-10-12,n,132.95
2021-10-13,n,133.36
2021-10-14,n,133.6
2021-10-15,n,133.95
2021-10-16,n,134.4
2021-10-17,n,134.8
2021-10-18,n,135.18
2021-10-19,n,135.77
2021-10-20,n,136.09
2021-10-21,n,136.67
2021-10-22,n,137.06
2021-10-23,n,137.64
2021-10-24,n,138
2021-10-25,n,138.39
2021-10-26,n,138.43
2021-10-27,n,138.58
2021-10-28,n,138.69
2021-10-29,n,138.94
2021-10-30,n,139
2021-10-31,n,139.03
2021-11-01,n,139.2
2021-11-02,n,139.45
2021-11-03,n,139.63
2021-11-04,n,139.87
2021-11-05,n,140.07
2021-11-06,n,140.1
2021-11-07,n,140.25
2021-11-08,n,140.18
2021-11-09,n,140.28
2021-11-10,n,140.35
2021-11-11,n,140.32
2021-11-12,n,140.13
2021-11-13,n,139.83
2021-11-14,n,139.71
2021-11-15,n,139.49
2021-11-16,n,139.13
2021-11-17,n,138.89
2021-11-18,n,138.65
2021-11-19,n,138.6
2021-11-20,n,138.04
2021-11-21,n,137.97
2021-11-22,n,138.11
2021-11-23,n,138.42
2021-11-24,n,138.76
2021-11-25,n,138.86
2021-11-26,n,139
2021-11-27,n,139.84
2021-11-28,n,140.15
2021-11-29,n,140.5
2021-11-30,n,140.86
2021-12-01,n,141.16
2021-12-02,n,141.49
2021-12-03,n,141.82
2021-12-04,n,142.23
2021-12-05,n,142.43
2021-12-06,n,142.7
2021-12-07,n,142.9
2021-12-08,n,143.09
2021-12-09,n,143.28
2021-12-10,n,143.32
2021-12-11,n,143.29
2021-12-12,n,143.41
2021-12-13,n,143.41
2021-12-14,n,143.43
2021-12-15,n,143.39
2021-12-16,n,143.44
2021-12-17,n,143.58
2021-12-18,n,143.61
2021-12-19,n,143.67
2021-12-20,n,143.7
2021-12-21,n,143.59
2021-12-22,n,143.58
2021-12-23,n,143.67
2021-12-24,n,143.72
2021-12-25,n,143.81
2021-12-26,n,143.89
2021-12-27,n,144.03
2021-12-28,n,144.13
2021-12-29,n,144.17
2021-12-30,n,144.16
2021-12-31,n,144.08
2022-01-01,n,144.08
2022-01-02,n,144.11
2022-01-03,n,143.96
2022-01-04,n,144.02
2022-01-05,n,143.81
2022-01-06,n,143.6
2022-01-07,n,143.5
2022-01-08,n,143.53
2022-01-09,n,143.33
2022-01-10,n,143.25
2022-01-11,n,143.15
2022-01-12,n,143.27
2022-01-13,n,143.4
2022-01-14,n,143.5
2022-01-15,n,143.56
2022-01-16,n,143.77
2022-01-17,n,144.06
2022-01-18,n,144.4
2022-01-19,n,144.74
2022-01-20,n,145.24
2022-01-21,n,145.86
2022-01-22,n,146.33
2022-01-23,n,146.86
2022-01-24,n,147.25
2022-01-25,n,147.09
2022-01-26,n,147.57
2022-01-27,n,148.01
2022-01-28,n,148.41
2022-01-29,n,148.8
2022-01-30,n,149.06
2022-01-31,n,149.49
2022-02-01,n,150.22
2022-02-02,n,150.67
2022-02-03,n,151
2022-02-04,n,151.23
2022-02-05,n,151.77
2022-02-06,n,152.43
2022-02-07,n,153
2022-02-08,n,153.42
2022-02-09,n,153.71
2022-02-10,n,153.86
2022-02-11,n,154.18
2022-02-12,n,154.11
2022-02-13,n,154.01
2022-02-14,n,153.78
2022-02-15,n,153.6
2022-02-16,n,153.38
2022-02-17,n,153.33
2022-02-18,n,153.11
2022-02-19,n,153.15
2022-02-20,n,153.26
2022-02-21,n,153.56
2022-02-22,n,154.02
2022-02-23,n,154.36
2022-02-24,n,154.77
2022-02-25,n,155.25
2022-02-26,n,155.73
2022-02-27,n,155.93
2022-02-28,n,155.99
2022-03-01,n,156.1
2022-03-02,n,156.09
2022-03-03,n,156.13
2022-03-04,n,156.12
2022-03-05,n,155.84
2022-03-06,n,155.74
2022-03-07,n,155.63
2022-03-08,n,155.43
2022-03-09,n,155.42
2022-03-10,n,155.38
2022-03-11,n,155.41
2022-03-12,n,155.83
2022-03-13,n,156.38
2022-03-14,n,156.86
2022-03-15,n,157.46
2022-03-16,n,158.04
2022-03-17,n,158.67
2022-03-18,n,159.16
2022-03-19,n,159.4
2022-03-20,n,159.56
2022-03-21,n,159.87
2022-03-22,n,160.3
2022-03-23,n,160.83
2022-03-24,n,161.44
2022-03-25,n,162.24
2022-03-26,n,162.91
2022-03-27,n,163.41
2022-03-28,n,163.71
2022-03-29,n,163.92
2022-03-30,n,163.91
2022-03-31,n,163.77
2022-04-01,n,163.58
2022-04-02,n,163.64
2022-04-03,n,163.76
2022-04-04,n,164.05
2022-04-05,n,164.21
2022-04-06,n,164.28
2022-04-07,n,164.42
2022-04-08,n,164.63
2022-04-09,n,164.93
2022-04-10,n,165.3
2022-04-11,n,165.72
2022-04-12,n,166.14
2022-04-13,n,166.87
2022-04-14,n,167.47
2022-04-15,n,167.9
2022-04-16,n,168.28
2022-04-17,n,168.64
2022-04-18,n,169.01
2022-04-19,n,169.23
2022-04-20,n,169.23
2022-04-21,n,169.2
2022-04-22,n,169.18
2022-04-23,n,169.19
2022-04-24,n,169.33
2022-04-25,n,169.35
2022-04-26,n,169.41
2022-04-27,n,169.66
2022-04-28,n,169.88
2022-04-29,n,169.8
2022-04-30,n,169.99
2022-05-01,n,170.23
2022-05-02,n,170.48
2022-05-03,n,170.86
2022-05-04,n,171.43
2022-05-05,n,171.97
2022-05-06,n,172.42
2022-05-07,n,172.38
2022-05-08,n,172.15
2022-05-09,n,172.05
2022-05-10,n,171.81
2022-05-11,n,171.12
2022-05-12,n,170.46
2022-05-13,n,169.91
2022-05-14,n,169.84
2022-05-15,n,169.83
2022-05-16,n,169.81
2022-05-17,n,169.98
2022-05-18,n,170.41
2022-05-19,n,171
2022-05-20,n,172.28
2022-05-21,n,173.24
2022-05-22,n,174.33
2022-05-23,n,175.52
2022-05-24,n,176.61
2022-05-25,n,177.62
2022-05-26,n,178.57
2022-05-27,n,178.79
2022-05-28,n,178.5
2022-05-29,n,178.13
2022-05-30,n,177.61
2022-05-31,n,177.24
2022-06-01,n,176.68
2022-06-02,n,176.11
2022-06-03,n,175.92
2022-06-04,n,176.21
2022-06-05,n,176.27
2022-06-06,n,176.46
2022-06-07,n,176.19
2022-06-08,n,175.99
2022-06-09,n,175.72
2022-06-10,n,175.78
2022-06-11,n,175.51
2022-06-12,n,175.22
2022-06-13,n,174.82
2022-06-14,n,174.87
2022-06-15,n,175.1
2022-06-16,n,175.41
2022-06-17,n,175.35
2022-06-18,n,175.26
2022-06-19,n,175.38
2022-06-20,n,175.32
2022-06-21,n,174.71
2022-06-22,n,174.54
2022-06-23,n,174.35
2022-06-24,n,173.97
2022-06-25,n,173.88
2022-06-26,n,173.87
2022-06-27,n,174.11
2022-06-28,n,174.9
2022-06-29,n,175.22
2022-06-30,n,175.71
2022-07-01,n,176.47
2022-07-02,n,177.38
2022-07-03,n,178.1
2022-07-04,n,178.58
2022-07-05,n,178.99
2022-07-06,n,179.08
2022-07-07,n,179.23
2022-07-08,n,179.27
2022-07-09,n,179.45
2022-07-10,n,180.74
2022-07-11,n,182.17
2022-07-12,n,183.62
2022-07-13,n,185.01
2022-07-14,n,185.91
2022-07-15,n,186.06
2022-07-16,n,185.84
2022-07-17,n,184.48
2022-07-18,n,182.99
2022-07-19,n,181.37
2022-07-20,n,179.96
2022-07-21,n,178.86
2022-07-22,n,178.59
2022-07-23,n,178.25
2022-07-24,n,178.22
2022-07-25,n,177.99
2022-07-26,n,178.09
2022-07-27,n,178.39
2022-07-28,n,178.34
2022-07-29,n,178.2
2022-07-30,n,178.35
2022-07-31,n,178.3
2022-08-01,n,178.59
2022-08-02,n,178.58
2022-08-03,n,178.45
2022-08-04,n,178.56
2022-08-05,n,178.78
2022-08-06,n,178.98
2022-08-07,n,179.07
2022-08-08,n,179.17
2022-08-09,n,179.46
2022-08-10,n,179.57
2022-08-11,n,179.63
2022-08-12,n,179.78
2022-08-13,n,179.59
2022-08-14,n,179.72
2022-08-15,n,180.05
2022-08-16,n,180.06
2022-08-17,n,180.26
2022-08-18,n,180.58
2022-08-19,n,180.72
2022-08-20,n,181.09
2022-08-21,n,181.23
2022-08-22,n,181.04
2022-08-23,n,181.06
2022-08-24,n,181.07
2022-08-25,n,181.2
2022-08-26,n,181.19
2022-08-27,n,181.25
2022-08-28,n,181.28
2022-08-29,n,181.3
2022-08-30,n,181.18
2022-08-31,n,181.25
2022-09-01,n,181.13
2022-09-02,n,181.29
2022-09-03,n,181.03
2022-09-04,n,181.14
2022-09-05,n,181.24
2022-09-06,n,181.28
2022-09-07,n,181.15
2022-09-08,n,181.02
2022-09-09,n,180.56
2022-09-10,n,180.65
2022-09-11,n,180.28
2022-09-12,n,180.13
2022-09-13,n,180.15
2022-09-14,n,180.03
2022-09-15,n,180.01
2022-09-16,n,180.17
2022-09-17,n,180.14
2022-09-18,n,180.1
2022-09-19,n,179.92
2022-09-20,n,179.42
2022-09-21,n,179.22
2022-09-22,n,179.12
2022-09-23,n,178.95
2022-09-24,n,178.83
2022-09-25,n,179.06
2022-09-26,n,179.34
2022-09-27,n,180.21
2022-09-28,n,180.91
2022-09-29,n,181.45
2022-09-30,n,182.02
2022-10-01,n,182.86
2022-10-02,n,183.49
2022-10-03,n,184.09
2022-10-04,n,184.32
2022-10-05,n,184.54
2022-10-06,n,184.66
2022-10-07,n,184.76
2022-10-08,n,184.61
2022-10-09,n,184.52
2022-10-10,n,184.27
2022-10-11,n,184.05
2022-10-12,n,183.83
2022-10-13,n,183.17
2022-10-14,n,183.33
2022-10-15,n,183.24
2022-10-16,n,183.12
2022-10-17,n,183.16
2022-10-18,n,183.39
2022-10-19,n,183.71
2022-10-20,n,184.64
2022-10-21,n,184.71
2022-10-22,n,185.03
2022-10-23,n,185.53
2022-10-24,n,185.97
2022-10-25,n,186.24
2022-10-26,n,186.24
2022-10-27,n,186.59
2022-10-28,n,187.07
2022-10-29,n,187.74
2022-10-30,n,188.3
2022-10-31,n,188.91
2022-11-01,n,189.61
2022-11-02,n,190.32
2022-11-03,n,190.55
2022-11-04,n,189.78
2022-11-05,n,188.88
2022-11-06,n,187.76
2022-11-07,n,186.62
2022-11-08,n,185.44
2022-11-09,n,184.7
2022-11-10,n,184.08
2022-11-11,n,184.55
2022-11-12,n,184.9
2022-11-13,n,185.39
2022-11-14,n,185.8
2022-11-15,n,186.28
2022-11-16,n,186.47
2022-11-17,n,186.58
2022-11-18,n,186.28
2022-11-19,n,186.26
2022-11-20,n,186.32
2022-11-21,n,186.31
2022-11-22,n,186.19
2022-11-23,n,186.1
2022-11-24,n,185.86
2022-11-25,n,185.98
2022-11-26,n,185.97
2022-11-27,n,185.92
2022-11-28,n,185.85
2022-11-29,n,185.8
2022-11-30,n,185.81
2022-12-01,n,185.75
2022-12-02,n,185.72
2022-12-03,n,185.53
2022-12-04,n,185.38
2022-12-05,n,185.4
2022-12-06,n,185.38
2022-12-07,n,185.54
2022-12-08,n,185.71
2022-12-09,n,186.18
2022-12-10,n,186.85
2022-12-11,n,187.13
2022-12-12,n,187.71
2022-12-13,n,188.35
2022-12-14,n,188.65
2022-12-15,n,189.35
2022-12-16,n,189.44
2022-12-17,n,189.23
2022-12-18,n,189.57
2022-12-19,n,189.67
2022-12-20,n,189.57
2022-12-21,n,189.83
2022-12-22,n,189.75
2022-12-23,n,189.68
2022-12-24,n,189.75
2022-12-25,n,189.92
2022-12-26,n,189.9
2022-12-27,n,190.23
2022-12-28,n,190.33
2022-12-29,n,190.5
2022-12-30,n,190.96
2022-12-31,n,191.4
2023-01-01,n,191.49
2023-01-02,n,191.81
2023-01-03,n,191.71
2023-01-04,n,191.8
2023-01-05,n,191.7
2023-01-06,n,191.53
2023-01-07,n,191.73
2023-01-08,n,191.9
2023-01-09,n,192
2023-01-10,n,192.32
2023-01-11,n,192.37
2023-01-12,n,192.79
2023-01-13,n,193.34
2023-01-14,n,193.54
2023-01-15,n,193.71
2023-01-16,n,193.88
2023-01-17,n,193.88
2023-01-18,n,195.16
2023-01-19,n,196.04
2023-01-20,n,196.72
2023-01-21,n,197.9
2023-01-22,n,199.1
2023-01-23,n,199.85
2023-01-24,n,200.84
2023-01-25,n,200.88
2023-01-26,n,200.75
2023-01-27,n,200.78
2023-01-28,n,200.17
2023-01-29,n,199.93
2023-01-30,n,199.26
2023-01-31,n,199.09
2023-02-01,n,199.1
2023-02-02,n,199.51
2023-02-03,n,199.24
2023-02-04,n,198.96
2023-02-05,n,198.23
2023-02-06,n,198.4
2023-02-07,n,198.24
2023-02-08,n,196.8
2023-02-09,n,195.66
2023-02-10,n,195.06
2023-02-11,n,194.7
2023-02-12,n,194.25
2023-02-13,n,193.81
2023-02-14,n,193.22
2023-02-15,n,193.36
2023-02-16,n,193.41
2023-02-17,n,193.33
2023-02-18,n,193.22
2023-02-19,n,193.47
2023-02-20,n,193.59
2023-02-21,n,193.54
2023-02-22,n,193.81
2023-02-23,n,194.02
2023-02-24,n,193.83
2023-02-25,n,193.56
2023-02-26,n,192.86
2023-02-27,n,192.13
2023-02-28,n,191.58
2023-03-01,n,190.83
2023-03-02,n,189.9
2023-03-03,n,189.37
2023-03-04,n,189.23
2023-03-05,n,189.48
2023-03-06,n,189.7
2023-03-07,n,189.95
2023-03-08,n,190.31
2023-03-09,n,190.97
2023-03-10,n,192.26
2023-03-11,n,193.6
2023-03-12,n,194.79
2023-03-13,n,196.31
2023-03-14,n,197.9
2023-03-15,n,199.26
2023-03-16,n,200.37
2023-03-17,n,201.19
2023-03-18,n,201.87
2023-03-19,n,202.46
2023-03-20,n,202.85
2023-03-21,n,203
2023-03-22,n,201.57
2023-03-23,n,200.8
2023-03-24,n,199.88
2023-03-25,n,199.41
2023-03-26,n,198.83
2023-03-27,n,198.21
2023-03-28,n,197.36
2023-03-29,n,198.04
2023-03-30,n,197.95
2023-03-31,n,197.84
2023-04-01,n,196.99
2023-04-02,n,196.44
2023-04-03,n,195.58
2023-04-04,n,195.66
2023-04-05,n,195.76
2023-04-06,n,196.39
2023-04-07,n,197.08
2023-04-08,n,197.77
2023-04-09,n,198.28
2023-04-10,n,199.43
2023-04-11,n,199.64
2023-04-12,n,199.7
2023-04-13,n,199.59
2023-04-14,n,199.31
2023-04-15,n,198.96
2023-04-16,n,199
2023-04-17,n,198.47
2023-04-18,n,198.49
2023-04-19,n,198.86
2023-04-20,n,198.98
2023-04-21,n,199.09
2023-04-22,n,199.66
2023-04-23,n,199.81
2023-04-24,n,200.35
2023-04-25,n,201.05
2023-04-26,n,201.35
2023-04-27,n,201.92
2023-04-28,n,202.77
2023-04-29,n,203.2
2023-04-30,n,203.35
2023-05-01,n,203.68
2023-05-02,n,203.23
2023-05-03,n,203.21
2023-05-04,n,202.87
2023-05-05,n,202.42
2023-05-06,n,201.06
2023-05-07,n,199.92
2023-05-08,n,198.55
2023-05-09,n,196.96
2023-05-10,n,195.12
2023-05-11,n,193.55
2023-05-12,n,191.81
2023-05-13,n,191.23
2023-05-14,n,190.67
2023-05-15,n,189.84
2023-05-16,n,189.7
2023-05-17,n,189.93
2023-05-18,n,190.13
2023-05-19,n,190.06
2023-05-20,n,189.41
2023-05-21,n,189.17
2023-05-22,n,188.95
2023-05-23,n,188.65
2023-05-24,n,187.89
2023-05-25,n,187.13
2023-05-26,n,186.76
2023-05-27,n,186.79
2023-05-28,n,186.37
2023-05-29,n,186.37
2023-05-30,n,185.95
2023-05-31,n,185.81
2023-06-01,n,185.54
2023-06-02,n,185.31
2023-06-03,n,185.01
2023-06-04,n,184.93
2023-06-05,n,184.74
2023-06-06,n,185.02
2023-06-07,n,185.15
2023-06-08,n,185.42
2023-06-09,n,185.42
2023-06-10,n,185.54
2023-06-11,n,185.67
2023-06-12,n,185.96
2023-06-13,n,186.16
2023-06-14,n,186.54
2023-06-15,n,186.59
2023-06-16,n,186.98
2023-06-17,n,187.4
2023-06-18,n,187.72
2023-06-19,n,187.7
2023-06-20,n,187.76
2023-06-21,n,187.77
2023-06-22,n,187.84
2023-06-23,n,187.72
2023-06-24,n,187.61
2023-06-25,n,187.55
2023-06-26,n,187.38
2023-06-27,n,187.01
2023-06-28,n,186.69
2023-06-29,n,186.77
2023-06-30,n,186.88
2023-07-01,n,186.8
2023-07-02,n,186.67
2023-07-03,n,186.66
2023-07-04,n,186.85
2023-07-05,n,187.05
2023-07-06,n,186.93
2023-07-07,n,187.1
2023-07-08,n,187.11
2023-07-09,n,187.05
2023-07-10,n,187.3
2023-07-11,n,187.4
2023-07-12,n,187.27
2023-07-13,n,187
2023-07-14,n,186.78
2023-07-15,n,186.69
2023-07-16,n,186.7
2023-07-17,n,186.57
2023-07-18,n,186.21
2023-07-19,n,186
2023-07-20,n,186.04
2023-07-21,n,185.67
2023-07-22,n,185.28
2023-07-23,n,185.2
2023-07-24,n,184.95
2023-07-25,n,185.09
2023-07-26,n,185.26
2023-07-27,n,185.35
2023-07-28,n,185.63
2023-07-29,n,186.24
2023-07-30,n,186.58
2023-07-31,n,187.09
2023-08-01,n,187.49
2023-08-02,n,187.7
2023-08-03,n,187.88
2023-08-04,n,187.89
2023-08-05,n,187.89
2023-08-06,n,187.9
2023-08-07,n,187.67
2023-08-08,n,187.84
2023-08-09,n,188.13
2023-08-10,n,188.41
2023-08-11,n,188.83
2023-08-12,n,189.04
2023-08-13,n,189.27
2023-08-14,n,189.87
2023-08-15,n,190.22
2023-08-16,n,190.3
2023-08-17,n,190.46
2023-08-18,n,190.6
2023-08-19,n,190.88
2023-08-20,n,191.11
2023-08-21,n,191.4
2023-08-22,n,191.38
2023-08-23,n,191.72
2023-08-24,n,191.97
2023-08-25,n,192.26
2023-08-26,n,192.37
2023-08-27,n,192.46
2023-08-28,n,192.36
2023-08-29,n,192.33
2023-08-30,n,192.18
2023-08-31,n,192.24
2023-09-01,n,192.02
2023-09-02,n,191.97
2023-09-03,n,192
2023-09-04,n,191.83
2023-09-05,n,191.62
2023-09-06,n,191.23
2023-09-07,n,190.81
2023-09-08,n,190.49
2023-09-09,n,190.16
2023-09-10,n,189.82
2023-09-11,n,189.41
2023-09-12,n,188.93
2023-09-13,n,188.62
2023-09-14,n,188.07
2023-09-15,n,187.56
2023-09-16,n,187.06
2023-09-17,n,186.43
2023-09-18,n,186.07
2023-09-19,n,185.97
2023-09-20,n,185.99
2023-09-21,n,186.2
2023-09-22,n,186.38
2023-09-23,n,186.46
2023-09-24,n,186.7
2023-09-25,n,186.98
2023-09-26,n,186.91
2023-09-27,n,186.65
2023-09-28,n,186.42
2023-09-29,n,186.22
2023-09-30,n,185.96
2023-10-01,n,185.52
2023-10-02,n,184.87
2023-10-03,n,184.47
2023-10-04,n,184.19
2023-10-05,n,183.71
2023-10-06,n,183.27
2023-10-07,n,182.87
2023-10-08,n,182.54
2023-10-09,n,182.04
2023-10-10,n,181.62
2023-10-11,n,181.38
2023-10-12,n,181.16
2023-10-13,n,180.91
2023-10-14,n,180.48
2023-10-15,n,180.13
2023-10-16,n,179.96
2023-10-17,n,179.65
2023-10-18,n,179.07
2023-10-19,n,178.47
2023-10-20,n,177.97
2023-10-21,n,177.38
2023-10-22,n,176.89
2023-10-23,n,176.4
2023-10-24,n,176.27
2023-10-25,n,176.12
2023-10-26,n,175.95
2023-10-27,n,175.43
2023-10-28,n,175.22
2023-10-29,n,174.74
2023-10-30,n,174.55
2023-10-31,n,173.95
2023-11-01,n,173.86
2023-11-02,n,173.66
2023-11-03,n,173.53
2023-11-04,n,173.34
2023-11-05,n,173.21
2023-11-06,n,172.81
2023-11-07,n,172.73
2023-11-08,n,172.16
2023-11-09,n,171.53
2023-11-10,n,171.24
2023-11-11,n,170.95
2023-11-12,n,170.62
2023-11-13,n,170.51
2023-11-14,n,170.19
2023-11-15,n,170.1
2023-11-16,n,170.12
2023-11-17,n,169.86
2023-11-18,n,169.64
2023-11-19,n,169.53
2023-11-20,n,169.25
2023-11-21,n,168.94
2023-11-22,n,168.26
2023-11-23,n,167.64
2023-11-24,n,167.38
2023-11-25,n,166.93
2023-11-26,n,166.42
2023-11-27,n,166.06
2023-11-28,n,166.09
2023-11-29,n,166.34
2023-11-30,n,166.75
2023-12-01,n,166.73
2023-12-02,n,166.66
2023-12-03,n,166.67
2023-12-04,n,166.35
2023-12-05,n,165.87
2023-12-06,n,165.54
2023-12-07,n,165.28
2023-12-08,n,165.41
2023-12-09,n,165.6
2023-12-10,n,165.89
2023-12-11,n,166.29
2023-12-12,n,166.45
2023-12-13,n,166.52
2023-12-14,n,166.52
2023-12-15,n,166.32
2023-12-16,n,166.14
2023-12-17,n,165.99
2023-12-18,n,165.78
2023-12-19,n,165.77
2023-12-20,n,165.94
2023-12-21,n,165.96
2023-12-22,n,165.84
2023-12-23,n,165.9
2023-12-24,n,166
2023-12-25,n,166.49
2023-12-26,n,166.68
2023-12-27,n,166.52
2023-12-28,n,166.47
2023-12-29,n,166.51
2023-12-30,n,166.37
2023-12-31,n,166.14
2024-01-01,n,165.7
2024-01-02,n,165.28
2024-01-03,n,164.95
2024-01-04,n,164.59
2024-01-05,n,164.53
2024-01-06,n,164.64
2024-01-07,n,164.55
2024-01-08,n,164.34
2024-01-09,n,164.34
2024-01-10,n,164.35
2024-01-11,n,164.45
2024-01-12,n,164.42
2024-01-13,n,164.31
2024-01-14,n,164.19
2024-01-15,n,164.14
2024-01-16,n,164.12
2024-01-17,n,164.29
2024-01-18,n,164.4
2024-01-19,n,164.38
2024-01-20,n,164.57
2024-01-21,n,164.79
2024-01-22,n,164.87
2024-01-23,n,164.79
2024-01-24,n,164.71
2024-01-25,n,164.91
2024-01-26,n,165
2024-01-27,n,165.03
2024-01-28,n,164.99
2024-01-29,n,165.18
2024-01-30,n,165.24
2024-01-31,n,164.92
2024-02-01,n,164.44
2024-02-02,n,164.16
2024-02-03,n,163.82
2024-02-04,n,163.53
2024-02-05,n,163.02
2024-02-06,n,162.83
2024-02-07,n,162.97
2024-02-08,n,162.96
2024-02-09,n,162.8
2024-02-10,n,162.92
2024-02-11,n,162.97
2024-02-12,n,163.28
2024-02-13,n,163.13
2024-02-14,n,163.25
2024-02-15,n,163.79
2024-02-16,n,164.44
2024-02-17,n,164.82
2024-02-18,n,165.41
2024-02-19,n,165.9
2024-02-20,n,167.06
2024-02-21,n,167.85
2024-02-22,n,168.33
2024-02-23,n,168.88
2024-02-24,n,169.39
2024-02-25,n,169.88
2024-02-26,n,170.44
2024-02-27,n,170.53
2024-02-28,n,170.59
2024-02-29,n,170.79
2024-03-01,n,170.9
2024-03-02,n,171.17
2024-03-03,n,171.43
2024-03-04,n,171.56
2024-03-05,n,171.7
2024-03-06,n,172
2024-03-07,n,172.2
2024-03-08,n,172.26
2024-03-09,n,172.2
2024-03-10,n,172.16
2024-03-11,n,172.03
2024-03-12,n,172.08
2024-03-13,n,171.8
2024-03-14,n,171.65
2024-03-15,n,171.65
2024-03-16,n,171.44
2024-03-17,n,171.26
2024-03-18,n,171.4
2024-03-19,n,171.53
2024-03-20,n,171.9
2024-03-21,n,172.16
2024-03-22,n,172.34
2024-03-23,n,172.56
2024-03-24,n,172.86
2024-03-25,n,172.91
2024-03-26,n,172.95
2024-03-27,n,173.11
2024-03-28,n,173
2024-03-29,n,172.83
2024-03-30,n,172.77
2024-03-31,n,172.66
2024-04-01,n,172.68
2024-04-02,n,172.49
2024-04-03,n,172.26
2024-04-04,n,172.25
2024-04-05,n,172.17
2024-04-06,n,172.42
2024-04-07,n,172.74
2024-04-08,n,172.87
2024-04-09,n,173.53
2024-04-10,n,174.11
2024-04-11,n,174.82
2024-04-12,n,175.7
2024-04-13,n,176.43
2024-04-14,n,177
2024-04-15,n,177.63
2024-04-16,n,178.1
2024-04-17,n,178.6
2024-04-18,n,178.91
2024-04-19,n,179.42
2024-04-20,n,179.42
2024-04-21,n,179.63
2024-04-22,n,179.96
2024-04-23,n,180.12
2024-04-24,n,180.05
2024-04-25,n,180.19
2024-04-26,n,180.01
2024-04-27,n,180.21
2024-04-28,n,180.19
2024-04-29,n,180.05
2024-04-30,n,179.67
2024-05-01,n,179.71
2024-05-02,n,178.58
2024-05-03,n,177.72
2024-05-04,n,176.84
2024-05-05,n,175.94
2024-05-06,n,174.65
2024-05-07,n,173.48
2024-05-08,n,172.31
2024-05-09,n,171.97
2024-05-10,n,171.3
2024-05-11,n,170.51
2024-05-12,n,169.77
2024-05-13,n,169.28
2024-05-14,n,168.74
2024-05-15,n,168.07
2024-05-16,n,167.57
2024-05-17,n,166.69
2024-05-18,n,165.61
2024-05-19,n,164.36
2024-05-20,n,163.43
2024-05-21,n,162.46
2024-05-22,n,161.52
2024-05-23,n,160.54
2024-05-24,n,160.25
2024-05-25,n,160.32
2024-05-26,n,160.47
2024-05-27,n,160.42
2024-05-28,n,160.68
2024-05-29,n,160.83
2024-05-30,n,161.13
2024-05-31,n,161.52
2024-06-01,n,161.85
2024-06-02,n,162.21
2024-06-03,n,162.51
2024-06-04,n,162.83
2024-06-05,n,163.09
2024-06-06,n,163
2024-06-07,n,162.8
2024-06-08,n,162.56
2024-06-09,n,162.38
2024-06-10,n,162.44
2024-06-11,n,162.21
2024-06-12,n,161.83
2024-06-13,n,161.77
2024-06-14,n,161.29
2024-06-15,n,160.69
2024-06-16,n,159.91
2024-06-17,n,158.88
2024-06-18,n,158.35
2024-06-19,n,157.91
2024-06-20,n,157.39
2024-06-21,n,157.34
2024-06-22,n,157.34
2024-06-23,n,157.5
2024-06-24,n,157.97
2024-06-25,n,157.98
2024-06-26,n,157.91
2024-06-27,n,157.74
2024-06-28,n,157.29
2024-06-29,n,156.9
2024-06-30,n,156.39
2024-07-01,n,155.73
2024-07-02,n,155.19
2024-07-03,n,154.73
2024-07-04,n,154.37
2024-07-05,n,154.12
2024-07-06,n,154
2024-07-07,n,153.92
2024-07-08,n,153.91
2024-07-09,n,153.89
2024-07-10,n,153.96
2024-07-11,n,153.97
2024-07-12,n,154.07
2024-07-13,n,154.19
2024-07-14,n,154.44
2024-07-15,n,154.73
2024-07-16,n,155.13
2024-07-17,n,155.67
2024-07-18,n,156.07
2024-07-19,n,156.27
2024-07-20,n,156.45
2024-07-21,n,156.67
2024-07-22,n,156.7
2024-07-23,n,156.64
2024-07-24,n,156.26
2024-07-25,n,155.89
2024-07-26,n,155.68
2024-07-27,n,155.51
2024-07-28,n,155.33
2024-07-29,n,155.26
2024-07-30,n,155.14
2024-07-31,n,155.13
2024-08-01,n,155.11
2024-08-02,n,155.12
2024-08-03,n,155.13
2024-08-04,n,155.13
2024-08-05,n,154.99
2024-08-06,n,154.82
2024-08-07,n,154.71
2024-08-08,n,154.78
2024-08-09,n,154.75
2024-08-10,n,154.65
2024-08-11,n,154.42
2024-08-12,n,154.23
2024-08-13,n,154.34
2024-08-14,n,154.39
2024-08-15,n,154.62
2024-08-16,n,154.74
2024-08-17,n,154.65
2024-08-18,n,154.67
2024-08-19,n,154.91
2024-08-20,n,154.73
2024-08-21,n,154.4
2024-08-22,n,154.07
2024-08-23,n,153.94
2024-08-24,n,153.83
2024-08-25,n,153.67
2024-08-26,n,153.45
2024-08-27,n,153.37
2024-08-28,n,153.54
2024-08-29,n,153.52
2024-08-30,n,153.38
2024-08-31,n,153.38
2024-09-01,n,153.28
2024-09-02,n,152.99
2024-09-03,n,152.83
2024-09-04,n,152.64
2024-09-05,n,152.47
2024-09-06,n,152.45
2024-09-07,n,152.37
2024-09-08,n,152.38
2024-09-09,n,152.44
2024-09-10,n,152.24
2024-09-11,n,151.95
2024-09-12,n,151.79
2024-09-13,n,151.52
2024-09-14,n,151.32
2024-09-15,n,151.09
2024-09-16,n,150.96
2024-09-17,n,151.07
2024-09-18,n,151.16
2024-09-19,n,151.13
2024-09-20,n,151.11
2024-09-21,n,151.05
2024-09-22,n,150.99
2024-09-23,n,150.78
2024-09-24,n,150.56
2024-09-25,n,150.37
2024-09-26,n,150.1
2024-09-27,n,149.7
2024-09-28,n,149.22
2024-09-29,n,148.7
2024-09-30,n,148.29
2024-10-01,n,147.49
2024-10-02,n,146.67
2024-10-03,n,146.04
2024-10-04,n,145.69
2024-10-05,n,145.37
2024-10-06,n,145.1
2024-10-07,n,144.68
2024-10-08,n,144.58
2024-10-09,n,144.42
2024-10-10,n,144.11
2024-10-11,n,143.67
2024-10-12,n,143.4
2024-10-13,n,143.19
2024-10-14,n,143.05
2024-10-15,n,142.92
2024-10-16,n,142.76
2024-10-17,n,142.53
2024-10-18,n,142.31
2024-10-19,n,142.17
2024-10-20,n,141.97
2024-10-21,n,141.82
2024-10-22,n,141.63
2024-10-23,n,141.59
2024-10-24,n,141.72
2024-10-25,n,141.9
2024-10-26,n,141.93
2024-10-27,n,141.95
2024-10-28,n,142.16
2024-10-29,n,142.37
2024-10-30,n,142.73
2024-10-31,n,142.99
2024-11-01,n,143.42
2024-11-02,n,143.55
2024-11-03,n,143.75
2024-11-04,n,143.82
2024-11-05,n,144.09
2024-11-06,n,144.23
2024-11-07,n,144.29
2024-11-08,n,143.94
2024-11-09,n,143.92
2024-11-10,n,143.75
2024-11-11,n,143.98
2024-11-12,n,143.76
2024-11-13,n,143.6
2024-11-14,n,143.4
2024-11-15,n,143.48
2024-11-16,n,143.51
2024-11-17,n,143.64
2024-11-18,n,143.23
2024-11-19,n,143.3
2024-11-20,n,143.34
2024-11-21,n,143.4
2024-11-22,n,143.4
2024-11-23,n,143.45
2024-11-24,n,143.51
2024-11-25,n,143.66
2024-11-26,n,143.68
2024-11-27,n,143.57
2024-11-28,n,143.56
2024-11-29,n,143.57
2024-11-30,n,143.56
2024-12-01,n,143.48
2024-12-02,n,143.38
2024-12-03,n,143.35
2024-12-04,n,143.28
2024-12-05,n,143.33
2024-12-06,n,143.46
2024-12-07,n,143.56
2024-12-08,n,143.64
2024-12-09,n,143.76
2024-12-10,n,143.81
2024-12-11,n,143.83
2024-12-12,n,143.75
2024-12-13,n,143.79
2024-12-14,n,143.73
2024-12-15,n,143.87
2024-12-16,n,144.1
2024-12-17,n,144.22
2024-12-18,n,144.4
2024-12-19,n,144.56
2024-12-20,n,144.58
2024-12-21,n,144.71
2024-12-22,n,144.63
2024-12-23,n,144.55
2024-12-24,n,144.55
2024-12-25,n,144.65
2024-12-26,n,144.64
2024-12-27,n,144.54
2024-12-28,n,144.5
2024-12-29,n,144.49
2024-12-30,n,144.58
2024-12-31,n,144.68
2025-01-01,n,144.69
2025-01-02,n,144.66
2025-01-03,n,144.53
2025-01-04,n,144.36
2025-01-05,n,144.21
2025-01-06,n,143.8
2025-01-07,n,143.4
2025-01-08,n,143.04
2025-01-09,n,142.95
2025-01-10,n,142.94
2025-01-11,n,142.95
2025-01-12,n,142.99
2025-01-13,n,143.03
2025-01-14,n,143.18
2025-01-15,n,143.32
2025-01-16,n,143.44
2025-01-17,n,143.34
2025-01-18,n,143.32
2025-01-19,n,143.25
2025-01-20,n,143.27
2025-01-21,n,143.35
2025-01-22,n,143.42
2025-01-23,n,143.28
2025-01-24,n,143.42
2025-01-25,n,143.55
2025-01-26,n,143.53
2025-01-27,n,143.39
2025-01-28,n,143.78
2025-01-29,n,143.48
2025-01-30,n,143.23
2025-01-31,n,142.9
2025-02-01,n,142.77
2025-02-02,n,142.76
2025-02-03,n,142.74
2025-02-04,n,142.01
2025-02-05,n,142.04
2025-02-06,n,142.1
2025-02-07,n,142.2
2025-02-08,n,142.06
2025-02-09,n,142
2025-02-10,n,141.86
2025-02-11,n,141.84
2025-02-12,n,141.65
2025-02-13,n,141.54
2025-02-14,n,141.35
2025-02-15,n,140.8
2025-02-16,n,140.34
2025-02-17,n,140.13
2025-02-18,n,139.59
2025-02-19,n,139.09
2025-02-20,n,138.6
2025-02-21,n,138.03
2025-02-22,n,137.78
2025-02-23,n,137.39
2025-02-24,n,136.88
2025-02-25,n,136.64
2025-02-26,n,136.47
2025-02-27,n,136.5
2025-02-28,n,136.68
2025-03-01,n,136.81
2025-03-02,n,137.01
2025-03-03,n,137.16
2025-03-04,n,137.25
2025-03-05,n,136.03
2025-03-06,n,136.02
2025-03-07,n,135.8
2025-03-08,n,135.86
2025-03-09,n,135.92
2025-03-10,n,136.12
2025-03-11,n,136.44
2025-03-12,n,138.16
2025-03-13,n,138.2
2025-03-14,n,138.43
2025-03-15,n,138.39
2025-03-16,n,138.43
2025-03-17,n,138.53
2025-03-18,n,138.39
2025-03-19,n,138.56
2025-03-20,n,138.86
2025-03-21,n,139.19
2025-03-22,n,139.45
2025-03-23,n,139.6
2025-03-24,n,139.67
2025-03-25,n,139.91
2025-03-26,n,139.83
2025-03-27,n,139.81
2025-03-28,n,139.71
2025-03-29,n,139.72
2025-03-30,n,139.7
2025-03-31,n,139.72
2025-04-01,n,139.58
2025-04-02,n,139.36
2025-04-03,n,139.24
2025-04-04,n,139.35
2025-04-05,n,139.46
2025-04-06,n,139.74
2025-04-07,n,139.97
2025-04-08,n,140.07
2025-04-09,n,140.23
2025-04-10,n,140.4
2025-04-11,n,140.22
2025-04-12,n,139.97
2025-04-13,n,139.64
2025-04-14,n,139.38
2025-04-15,n,139.33
2025-04-16,n,139.33
2025-04-17,n,139.13
2025-04-18,n,139.11
2025-04-19,n,139.08
2025-04-20,n,139.02
2025-04-21,n,139.08
2025-04-22,n,138.93
2025-04-23,n,138.66
2025-04-24,n,138.48
2025-04-25,n,138.27
2025-04-26,n,138.09
2025-04-27,n,137.97
2025-04-28,n,137.65
2025-04-29,n,137.69
2025-04-30,n,137.85
2025-05-01,n,137.99
2025-05-02,n,137.94
2025-05-03,n,137.87
2025-05-04,n,137.76
2025-05-05,n,137.69
2025-05-06,n,137.3
2025-05-07,n,136.83
2025-05-08,n,136.53
2025-05-09,n,136.33
2025-05-10,n,136.09
2025-05-11,n,135.76
2025-05-12,n,135.47
2025-05-13,n,135.31
2025-05-14,n,135.19
2025-05-15,n,134.88
2025-05-16,n,134.73
2025-05-17,n,134.51
2025-05-18,n,134.5
2025-05-19,n,134.45
2025-05-20,n,134.58
2025-05-21,n,134.68
2025-05-22,n,134.86
2025-05-23,n,135.18
2025-05-24,n,135.6
2025-05-25,n,135.78
2025-05-26,n,135.99
2025-05-27,n,135.8
2025-05-28,n,136.02
2025-05-29,n,136.28
2025-05-30,n,136.28
2025-05-31,n,135.99
2025-06-01,n,135.78
2025-06-02,n,135.49
2025-06-03,n,135.45
2025-06-04,n,134.93
2025-06-05,n,134.02
2025-06-06,n,133.26
2025-06-07,n,132.79
2025-06-08,n,132.34
2025-06-09,n,132.13
2025-06-10,n,131.46
2025-06-11,n,130.98
2025-06-12,n,130.7
2025-06-13,n,130.47
2025-06-14,n,130.22
2025-06-15,n,129.98
2025-06-16,n,129.53
2025-06-17,n,129.57
2025-06-18,n,129.53
2025-06-19,n,129.42
2025-06-20,n,129.21
2025-06-21,n,128.91
2025-06-22,n,128.62
2025-06-23,n,128.37
2025-06-24,n,128.1
2025-06-25,n,127.85
2025-06-26,n,127.8
2025-06-27,n,127.83
2025-06-28,n,127.94
2025-06-29,n,128.11
2025-06-30,n,128.16
2025-07-01,n,128.28
2025-07-02,n,128.43
2025-07-03,n,128.55
2025-07-04,n,128.64
2025-07-05,n,128.79
2025-07-06,n,128.86
2025-07-07,n,129.07
2025-07-08,n,129.15
2025-07-09,n,129.05
2025-07-10,n,128.89
2025-07-11,n,128.68
2025-07-12,n,128.5
2025-07-13,n,128.27
2025-07-14,n,128.17
2025-07-15,n,127.86
2025-07-16,n,127.69
2025-07-17,n,127.35
2025-07-18,n,127.11
2025-07-19,n,126.78
2025-07-20,n,126.69
2025-07-21,n,126.44
2025-07-22,n,126.53
2025-07-23,n,126.65
2025-07-24,n,126.85
2025-07-25,n,127.08
2025-07-26,n,127.29
2025-07-27,n,127.37
2025-07-28,n,127.49
2025-07-29,n,127.56
2025-07-30,n,127.55
2025-07-31,n,127.62
2025-08-01,n,127.35
2025-08-02,n,127.09
2025-08-03,n,126.76
2025-08-04,n,126.56
2025-08-05,n,126.32
2025-08-06,n,126.09
2025-08-07,n,125.83
2025-08-08,n,125.77
2025-08-09,n,125.7
2025-08-10,n,125.72
2025-08-11,n,125.64
2025-08-12,n,125.49
2025-08-13,n,125.52
2025-08-14,n,125.56
2025-08-15,n,125.72
2025-08-16,n,125.73
2025-08-17,n,125.68
2025-08-18,n,125.7
2025-08-19,n,125.76
2025-08-20,n,125.94
2025-08-21,n,126.17
2025-08-22,n,126.22
2025-08-23,n,126.47
2025-08-24,n,126.6
2025-08-25,n,126.62
2025-08-26,n,126.54
2025-08-27,n,126.28
2025-08-28,n,125.77
2025-08-29,n,125.42
2025-08-30,n,125.14
2025-08-31,n,124.81
2025-09-01,n,124.63
2025-09-02,n,124.6
2025-09-03,n,124.79
2025-09-04,n,125.11
2025-09-05,n,125.41
2025-09-06,n,125.72
2025-09-07,n,126.18
2025-09-08,n,126.41
2025-09-09,n,126.48
2025-09-10,n,126.32
2025-09-11,n,126.24
2025-09-12,n,126
2025-09-13,n,125.66
2025-09-14,n,125.34
2025-09-15,n,125.09
2025-09-16,n,125.17
2025-09-17,n,125.21
2025-09-18,n,125.21
2025-09-19,n,125.23
2025-09-20,n,125.47
2025-09-21,n,125.61
2025-09-22,n,125.75
2025-09-23,n,125.6
2025-09-24,n,125.53
2025-09-25,n,125.41
2025-09-26,n,125.36
2025-09-27,n,125.18
2025-09-28,n,124.94
2025-09-29,n,124.87
2025-09-30,n,124.83
2025-10-01,n,124.84
2025-10-02,n,124.99
2025-10-03,n,125.01
2025-10-04,n,125
2025-10-05,n,125.15
2025-10-06,n,125.09
2025-10-07,n,125.04
2025-10-08,n,124.91
2025-10-09,n,124.62
2025-10-10,n,124.75
2025-10-11,n,124.83
2025-10-12,n,124.88
2025-10-13,n,125.06
2025-10-14,n,125.18
2025-10-15,n,125.39
2025-10-16,n,125.68
2025-10-17,n,125.59
2025-10-18,n,125.47
2025-10-19,n,125.47
2025-10-20,n,125.31
2025-10-21,n,125.12
2025-10-22,n,125.07
2025-10-23,n,124.92
2025-10-24,n,124.84
2025-10-25,n,124.86
2025-10-26,n,124.84
2025-10-27,n,125
2025-10-28,n,125.19
2025-10-29,n,125.13
2025-10-30,n,125.35
2025-10-31,n,125.46
2025-11-01,n,125.3
2025-11-02,n,125.34
2025-11-03,n,125.35
2025-11-04,n,125.54
2025-11-05,n,125.76
2025-11-06,n,125.91
2025-11-07,n,126.11
2025-11-08,n,126.61
2025-11-09,n,126.78
2025-11-10,n,127.01
2025-11-11,n,127.13
2025-11-12,n,127.04
2025-11-13,n,127.07
2025-11-14,n,127.24
2025-11-15,n,127.25
2025-11-16,n,127.25
2025-11-17,n,127.23
2025-11-18,n,127.42
2025-11-19,n,127.16
2025-11-20,n,127.1
2025-11-21,n,126.86
2025-11-22,n,126.74
2025-11-23,n,126.62
2025-11-24,n,126.48
2025-11-25,n,126.1
2025-11-26,n,126.36
2025-11-27,n,126.14
2025-11-28,n,126.05
2025-11-29,n,125.87
2025-11-30,n,125.65
2025-12-01,n,125.26
2025-12-02,n,125.06
2025-12-03,n,124.81
2025-12-04,n,124.54
2025-12-05,n,124.37
2025-12-06,n,124.19
2025-12-07,n,123.91
2025-12-08,n,123.67
2025-12-09,n,123.25
2025-12-10,n,122.84
2025-12-11,n,122.47
2025-12-12,n,121.89
2025-12-13,n,121.59
2025-12-14,n,121.43
2025-12-15,n,121.34
2025-12-16,n,121.3
2025-12-17,n,121.35
2025-12-18,n,121.34
2025-12-19,n,121.51
2025-12-20,n,121.5
2025-12-21,n,121.52
2025-12-22,n,121.61
2025-12-23,n,121.74
2025-12-24,n,121.86
2025-12-25,n,122.01
2025-12-26,n,122.13
2025-12-27,n,122.02
2025-12-28,n,121.93
2025-12-29,n,121.94
2025-12-30,n,121.96
2025-12-31,n,121.93
2026-01-01,n,121.54
2026-01-02,n,121
2026-01-03,n,120.43
2026-01-04,n,119.63
2026-01-05,n,118.96
2026-01-06,n,118.41
2026-01-07,n,118.1
2026-01-08,n,118.34
2026-01-09,n,118.81
2026-01-10,n,119.49
2026-01-11,n,120.27
2026-01-12,n,120.57
2026-01-13,n,120.76
2026-01-14,n,120.96
2026-01-15,n,121.31
2026-01-16,n,121.77
2026-01-17,n,122.28
2026-01-18,n,122.85
2026-01-19,n,123.53
2026-01-20,n,124.5
2026-01-21,n,125.26
2026-01-22,n,126.17
2026-01-23,n,126.82
2026-01-24,n,127.49
2026-01-25,n,128.02
2026-01-26,n,128.32
2026-01-27,n,128.22
2026-01-28,n,128.18
2026-01-29,n,128.02
2026-01-30,n,127.82
2026-01-31,n,127.53
2026-02-01,n,127.33
2026-02-02,n,127.02
2026-02-03,n,126.98
2026-02-04,n,126.78
2026-02-05,n,126.58
2026-02-06,n,126.68
2026-02-07,n,126.7
2026-02-08,n,126.55
2026-02-09,n,126.89
2026-02-10,n,127.2
2026-02-11,n,127.67
2026-02-12,n,128.09
2026-02-13,n,128.44
2026-02-14,n,128.96
2026-02-15,n,129.56
2026-02-16,n,130.05
2026-02-17,n,130.44
2026-02-18,n,130.86
2026-02-19,n,131.3
2026-02-20,n,131.71
2026-02-21,n,131.96
2026-02-22,n,132.14
2026-02-23,n,132.44
2026-02-24,n,132.41
2026-02-25,n,132.23
2026-02-26,n,131.95
2026-02-27,n,131.58
2026-02-28,n,131.1
2026-03-01,n,130.7
2026-03-02,n,130.19
2026-03-03,n,130.02
2026-03-04,n,130
2026-03-05,n,130
2026-03-06,n,129.78
2026-03-07,n,129.84
2026-03-08,n,129.88
2026-03-09,n,129.76
2026-03-10,n,129.63
2026-03-11,n,128.97
2026-03-12,n,128.18
2026-03-13,n,127.66
2026-03-14,n,126.76
2026-03-15,n,125.84
2026-03-16,n,124.93
2026-03-17,n,123.99
2026-03-18,n,123.52
2026-03-19,n,122.95
2026-03-20,n,122.23
2026-03-21,n,121.59
2026-03-22,n,120.84
2026-03-23,n,120.22
2026-03-24,n,119.65
2026-03-25,n,119.03
2026-03-26,n,118.42
2026-03-27,n,117.86
2026-03-28,n,117.25
2026-03-29,n,116.8
2026-03-30,n,116.38
2026-03-31,n,115.9
2026-04-01,n,115.21
2026-04-02,n,114.67
2026-04-03,n,114.15
2026-04-04,n,113.86
2026-04-05,n,113.56
2026-04-06,n,113.45
2026-04-07,n,113.18
2026-04-08,n,113.07
2026-04-09,n,113.07
2026-04-10,n,113.15
2026-04-11,n,113.22
2026-04-12,n,113.28
2026-04-13,n,113.41
2026-04-14,n,113.74
2026-04-15,n,113.96
2026-04-16,n,114.5
2026-04-17,n,114.77
2026-04-18,n,115.07
2026-04-19,n,115.6
2026-04-20,n,115.77
2026-04-21,n,116.24
2026-04-22,n,116.99
2026-04-23,n,117.16
2026-04-24,n,117.59
2026-04-25,n,117.86
2026-04-26,n,118.03
2026-04-27,n,118.25
2026-04-28,n,118.18
2026-04-29,n,118.06
2026-04-30,n,117.8
2026-05-01,n,117.47
2026-05-02,n,116.56
2026-05-03,n,115.67
2026-05-04,n,114.87
2026-05-05,n,114.49
2026-05-06,n,113.95
2026-05-07,n,113.98
2026-05-08,n,114.09
2026-05-09,n,114.65
2026-05-10,n,115.11
2026-05-11,n,115.52
2026-05-12,n,115.7
2026-05-13,n,116.1
2026-05-14,n,116.1
2026-05-15,n,115.83
2026-05-16,n,115.66
2026-05-17,n,115.68
2026-05-18,n,115.68
2026-05-19,n,115.41
2026-05-20,n,115.07
2026-05-21,n,115.24
2026-05-22,n,115.25
2026-05-23,n,115.39
2026-05-24,n,115.46
2026-05-25,n,115.3
2026-05-26,n,114.7
2026-05-27,n,114.2
2026-05-28,n,113.19
2026-05-29,n,112.57
2026-05-30,n,112.11
2026-05-31,n,111.75
2026-06-01,n,111.16
2026-06-02,n,111.01
2026-06-03,n,110.77
2026-06-04,n,110.59
2026-06-05,n,110.38
2026-06-06,n,110.32
2026-06-07,n,110.18
2026-06-08,n,110.18
2026-06-09,n,110.41
2026-06-10,n,110.47
2026-06-11,n,110.93
2026-06-12,n,111.29
2026-06-13,n,111.45
2026-06-14,n,111.53
2026-06-15,n,112.1
2026-06-16,n,112.65
2026-06-17,n,113.28
2026-06-18,n,113.59
2026-06-19,n,114.05
2026-06-20,n,114.62
2026-06-21,n,115.25
2026-06-22,n,115.42
2026-06-23,n,115.45
2026-06-24,n,115.44
2026-06-25,n,115.58
2026-06-26,n,115.67
2026-06-27,n,115.64
2026-06-28,n,115.59
2026-06-29,n,115.67
2026-06-30,n,115.62
2026-07-01,n,115.41
2026-07-02,n,115.12
2026-07-03,n,114.76
2026-07-04,n,114.68
2026-07-05,n,114.54
2026-07-06,n,114.21
2026-07-07,n,114.21
2026-07-08,n,114.28
2026-07-09,n,114.05
2026-07-10,n,113.98
2026-07-11,n,113.85
2026-07-12,n,113.83
2026-07-13,n,113.95
2026-07-14,n,113.93
2026-07-15,n,113.56
2026-07-16,n,113.48
2026-07-17,n,113.3
2026-07-18,n,113.13
2026-07-19,n,112.9
2026-07-20,n,112.84
2026-07-21,n,112.93
2026-07-22,n,113.49
2026-07-23,n,113.71
2026-07-24,n,113.8
2026-07-25,n,113.89
2026-07-26,n,114
2026-07-27,n,113.93
2026-07-28,n,113.75
2026-07-29,n,113.49
2026-07-30,n,113.4
2026-07-31,n,113.36
2026-08-01,n,113.25
2026-08-02,n,112.97
2026-08-03,n,112.84
2026-08-04,n,112.69
2026-08-05,n,112.75
2026-08-06,n,112.53
2026-08-07,n,112.49
2026-08-08,n,112.31
2026-08-09,n,112.39
2026-08-10,n,112.4
2026-08-11,n,112.46
2026-08-12,n,112.46
2026-08-13,n,112.72
2026-08-14,n,112.79
2026-08-15,n,112.83
2026-08-16,n,112.88
2026-08-17,n,113.08
2026-08-18,n,113.4
2026-08-19,n,113.51
2026-08-20,n,113.64
2026-08-21,n,113.89
2026-08-22,n,114.12
2026-08-23,n,114.3
2026-08-24,n,114.26
2026-08-25,n,113.95
2026-08-26,n,113.82
2026-08-27,n,113.82
2026-08-28,n,113.69
2026-08-29,n,113.69
2026-08-30,n,113.57
2026-08-31,n,113.29
2026-09-01,n,113.14
2026-09-02,n,112.87
2026-09-03,n,112.38
2026-09-04,n,112
2026-09-05,n,111.81
2026-09-06,n,111.6
2026-09-07,n,111.49
2026-09-08,n,111.29
2026-09-09,n,111.17
2026-09-10,n,111.39
2026-09-11,n,111.58
2026-09-12,n,111.64
2026-09-13,n,111.7
2026-09-14,n,111.9
2026-09-15,n,112
2026-09-16,n,112.16
2026-09-17,n,112.03
2026-09-18,n,112.02
2020-02-01,na,100
2020-02-02,na,99.53
2020-02-03,na,99.1
2020-02-04,na,98.67
2020-02-05,na,98.51
2020-02-06,na,98.29
2020-02-07,na,98.05
2020-02-08,na,97.65
2020-02-09,na,97.55
2020-02-10,na,97.42
2020-02-11,na,97.3
2020-02-12,na,97.36
2020-02-13,na,97.54
2020-02-14,na,97.76
2020-02-15,na,97.66
2020-02-16,na,97.66
2020-02-17,na,97.6
2020-02-18,na,97.49
2020-02-19,na,97.28
2020-02-20,na,97.03
2020-02-21,na,96.58
2020-02-22,na,96.38
2020-02-23,na,96.3
2020-02-24,na,96.3
2020-02-25,na,96.41
2020-02-26,na,96.55
2020-02-27,na,96.91
2020-02-28,na,97.33
2020-02-29,na,97.69
2020-03-01,na,97.89
2020-03-02,na,98.04
2020-03-03,na,98.25
2020-03-04,na,98.33
2020-03-05,na,98.11
2020-03-06,na,97.84
2020-03-07,na,97.69
2020-03-08,na,97.5
2020-03-09,na,97.19
2020-03-10,na,97.19
2020-03-11,na,97.39
2020-03-12,na,97.64
2020-03-13,na,97.97
2020-03-14,na,98.16
2020-03-15,na,98.36
2020-03-16,na,98.55
2020-03-17,na,98.18
2020-03-18,na,97.39
2020-03-19,na,96.37
2020-03-20,na,95.14
2020-03-21,na,93.72
2020-03-22,na,92.27
2020-03-23,na,90.87
2020-03-24,na,89.4
2020-03-25,na,87.87
2020-03-26,na,86.06
2020-03-27,na,84.34
2020-03-28,na,82.33
2020-03-29,na,80.25
2020-03-30,na,78.19
2020-03-31,na,76.25
2020-04-01,na,74.58
2020-04-02,na,73.27
2020-04-03,na,71.68
2020-04-04,na,70.49
2020-04-05,na,69.38
2020-04-06,na,68.24
2020-04-07,na,66.99
2020-04-08,na,65.73
2020-04-09,na,64.39
2020-04-10,na,63.21
2020-04-11,na,61.72
2020-04-12,na,60.09
2020-04-13,na,58.68
2020-04-14,na,57.52
2020-04-15,na,56.38
2020-04-16,na,55.34
2020-04-17,na,54.24
2020-04-18,na,53.58
2020-04-19,na,53.22
2020-04-20,na,52.94
2020-04-21,na,52.69
2020-04-22,na,52.55
2020-04-23,na,52.26
2020-04-24,na,52.24
2020-04-25,na,52.18
2020-04-26,na,51.98
2020-04-27,na,51.71
2020-04-28,na,51.38
2020-04-29,na,50.89
2020-04-30,na,50.64
2020-05-01,na,50.48
2020-05-02,na,50.37
2020-05-03,na,50.36
2020-05-04,na,50.29
2020-05-05,na,50.11
2020-05-06,na,49.96
2020-05-07,na,49.83
2020-05-08,na,49.71
2020-05-09,na,49.58
2020-05-10,na,49.41
2020-05-11,na,49.32
2020-05-12,na,49.37
2020-05-13,na,49.64
2020-05-14,na,49.55
2020-05-15,na,49.47
2020-05-16,na,49.25
2020-05-17,na,49.18
2020-05-18,na,49.14
2020-05-19,na,49.24
2020-05-20,na,49.31
2020-05-21,na,49.85
2020-05-22,na,50.2
2020-05-23,na,50.71
2020-05-24,na,51.06
2020-05-25,na,51.5
2020-05-26,na,51.76
2020-05-27,na,51.94
2020-05-28,na,51.95
2020-05-29,na,52.14
2020-05-30,na,52.29
2020-05-31,na,52.58
2020-06-01,na,52.82
2020-06-02,na,52.95
2020-06-03,na,53.07
2020-06-04,na,53.23
2020-06-05,na,53.47
2020-06-06,na,53.73
2020-06-07,na,53.96
2020-06-08,na,54.1
2020-06-09,na,54.42
2020-06-10,na,54.77
2020-06-11,na,55.15
2020-06-12,na,55.31
2020-06-13,na,55.51
2020-06-14,na,55.72
2020-06-15,na,55.92
2020-06-16,na,55.9
2020-06-17,na,55.85
2020-06-18,na,55.83
2020-06-19,na,55.8
2020-06-20,na,55.69
2020-06-21,na,55.61
2020-06-22,na,55.62
2020-06-23,na,55.79
2020-06-24,na,56.12
2020-06-25,na,56.41
2020-06-26,na,56.82
2020-06-27,na,57.25
2020-06-28,na,57.62
2020-06-29,na,57.77
2020-06-30,na,58.01
2020-07-01,na,58.24
2020-07-02,na,58.48
2020-07-03,na,58.83
2020-07-04,na,59.1
2020-07-05,na,59.35
2020-07-06,na,59.82
2020-07-07,na,60.21
2020-07-08,na,60.58
2020-07-09,na,60.96
2020-07-10,na,61.14
2020-07-11,na,61.28
2020-07-12,na,61.44
2020-07-13,na,61.54
2020-07-14,na,61.6
2020-07-15,na,61.56
2020-07-16,na,61.62
2020-07-17,na,61.77
2020-07-18,na,62.07
2020-07-19,na,62.38
2020-07-20,na,62.75
2020-07-21,na,63.1
2020-07-22,na,63.51
2020-07-23,na,63.94
2020-07-24,na,64.31
2020-07-25,na,64.62
2020-07-26,na,65
2020-07-27,na,65.21
2020-07-28,na,65.55
2020-07-29,na,66.02
2020-07-30,na,66.24
2020-07-31,na,66.58
2020-08-01,na,66.84
2020-08-02,na,66.96
2020-08-03,na,67.19
2020-08-04,na,67.29
2020-08-05,na,68.16
2020-08-06,na,69.23
2020-08-07,na,70.17
2020-08-08,na,71.25
2020-08-09,na,72.4
2020-08-10,na,73.44
2020-08-11,na,74.54
2020-08-12,na,74.78
2020-08-13,na,75.08
2020-08-14,na,75.52
2020-08-15,na,75.9
2020-08-16,na,76.43
2020-08-17,na,77.22
2020-08-18,na,78.03
2020-08-19,na,78.69
2020-08-20,na,79.28
2020-08-21,na,79.67
2020-08-22,na,79.87
2020-08-23,na,80
2020-08-24,na,79.99
2020-08-25,na,79.96
2020-08-26,na,79.99
2020-08-27,na,80.06
2020-08-28,na,80.16
2020-08-29,na,80.51
2020-08-30,na,80.97
2020-08-31,na,81.35
2020-09-01,na,81.67
2020-09-02,na,82.05
2020-09-03,na,82.37
2020-09-04,na,82.73
2020-09-05,na,82.91
2020-09-06,na,83.1
2020-09-07,na,83.19
2020-09-08,na,83.62
2020-09-09,na,84.04
2020-09-10,na,84.28
2020-09-11,na,84.72
2020-09-12,na,85.03
2020-09-13,na,85.28
2020-09-14,na,85.55
2020-09-15,na,85.19
2020-09-16,na,84.98
2020-09-17,na,84.93
2020-09-18,na,84.77
2020-09-19,na,84.65
2020-09-20,na,84.65
2020-09-21,na,84.69
2020-09-22,na,85.12
2020-09-23,na,85
2020-09-24,na,84.92
2020-09-25,na,85.11
2020-09-26,na,85.29
2020-09-27,na,85.47
2020-09-28,na,85.76
2020-09-29,na,86.05
2020-09-30,na,86.76
2020-10-01,na,87.26
2020-10-02,na,87.46
2020-10-03,na,87.76
2020-10-04,na,87.81
2020-10-05,na,87.77
2020-10-06,na,87.72
2020-10-07,na,87.56
2020-10-08,na,87.5
2020-10-09,na,87.36
2020-10-10,na,87.31
2020-10-11,na,87.4
2020-10-12,na,87.47
2020-10-13,na,87.52
2020-10-14,na,87.65
2020-10-15,na,87.83
2020-10-16,na,87.87
2020-10-17,na,87.79
2020-10-18,na,87.8
2020-10-19,na,87.77
2020-10-20,na,87.74
2020-10-21,na,87.96
2020-10-22,na,87.96
2020-10-23,na,87.77
2020-10-24,na,87.65
2020-10-25,na,87.42
2020-10-26,na,87.24
2020-10-27,na,87.2
2020-10-28,na,86.86
2020-10-29,na,86.7
2020-10-30,na,86.68
2020-10-31,na,86.56
2020-11-01,na,86.48
2020-11-02,na,86.47
2020-11-03,na,86.19
2020-11-04,na,85.79
2020-11-05,na,85.41
2020-11-06,na,84.99
2020-11-07,na,84.61
2020-11-08,na,84.33
2020-11-09,na,83.93
2020-11-10,na,83.68
2020-11-11,na,83.71
2020-11-12,na,83.66
2020-11-13,na,83.79
2020-11-14,na,83.71
2020-11-15,na,83.68
2020-11-16,na,83.67
2020-11-17,na,83.66
2020-11-18,na,83.5
2020-11-19,na,83.29
2020-11-20,na,83.09
2020-11-21,na,83.03
2020-11-22,na,82.93
2020-11-23,na,82.93
2020-11-24,na,82.92
2020-11-25,na,82.94
2020-11-26,na,83.14
2020-11-27,na,83.28
2020-11-28,na,83.52
2020-11-29,na,83.79
2020-11-30,na,84.11
2020-12-01,na,84.35
2020-12-02,na,84.64
2020-12-03,na,84.82
2020-12-04,na,85.08
2020-12-05,na,85.36
2020-12-06,na,85.59
2020-12-07,na,85.71
2020-12-08,na,85.7
2020-12-09,na,85.78
2020-12-10,na,85.91
2020-12-11,na,86.12
2020-12-12,na,86.2
2020-12-13,na,86.32
2020-12-14,na,86.44
2020-12-15,na,86.64
2020-12-16,na,86.8
2020-12-17,na,86.83
2020-12-18,na,86.85
2020-12-19,na,87.02
2020-12-20,na,87.19
2020-12-21,na,87.46
2020-12-22,na,87.76
2020-12-23,na,87.97
2020-12-24,na,88.34
2020-12-25,na,88.77
2020-12-26,na,88.94
2020-12-27,na,89.16
2020-12-28,na,89.47
2020-12-29,na,89.77
2020-12-30,na,89.97
2020-12-31,na,90.18
2021-01-01,na,90.53
2021-01-02,na,90.87
2021-01-03,na,91.11
2021-01-04,na,91.14
2021-01-05,na,91.28
2021-01-06,na,91.57
2021-01-07,na,91.76
2021-01-08,na,91.62
2021-01-09,na,91.65
2021-01-10,na,91.63
2021-01-11,na,91.63
2021-01-12,na,91.58
2021-01-13,na,91.49
2021-01-14,na,91.44
2021-01-15,na,91.4
2021-01-16,na,91.41
2021-01-17,na,91.44
2021-01-18,na,91.43
2021-01-19,na,91.41
2021-01-20,na,91.5
2021-01-21,na,91.54
2021-01-22,na,91.69
2021-01-23,na,91.71
2021-01-24,na,91.74
2021-01-25,na,91.72
2021-01-26,na,91.7
2021-01-27,na,91.53
2021-01-28,na,91.32
2021-01-29,na,91.04
2021-01-30,na,90.84
2021-01-31,na,90.76
2021-02-01,na,91.03
2021-02-02,na,90.89
2021-02-03,na,90.73
2021-02-04,na,90.61
2021-02-05,na,90.39
2021-02-06,na,90.17
2021-02-07,na,89.88
2021-02-08,na,89.26
2021-02-09,na,88.96
2021-02-10,na,88.82
2021-02-11,na,88.75
2021-02-12,na,88.8
2021-02-13,na,88.84
2021-02-14,na,88.9
2021-02-15,na,88.89
2021-02-16,na,89.03
2021-02-17,na,88.97
2021-02-18,na,88.96
2021-02-19,na,88.75
2021-02-20,na,88.44
2021-02-21,na,87.99
2021-02-22,na,87.66
2021-02-23,na,87.39
2021-02-24,na,87.28
2021-02-25,na,87.21
2021-02-26,na,87.35
2021-02-27,na,87.68
2021-02-28,na,88.01
2021-03-01,na,88.21
2021-03-02,na,88.38
2021-03-03,na,88.6
2021-03-04,na,88.81
2021-03-05,na,89.09
2021-03-06,na,89.31
2021-03-07,na,89.71
2021-03-08,na,90.14
2021-03-09,na,90.5
2021-03-10,na,90.99
2021-03-11,na,91.95
2021-03-12,na,92.33
2021-03-13,na,93.24
2021-03-14,na,93.81
2021-03-15,na,94.45
2021-03-16,na,95.5
2021-03-17,na,96.08
2021-03-18,na,96.28
2021-03-19,na,97.03
2021-03-20,na,97.54
2021-03-21,na,98.2
2021-03-22,na,98.65
2021-03-23,na,98.44
2021-03-24,na,98.8
2021-03-25,na,99.05
2021-03-26,na,99.07
2021-03-27,na,98.8
2021-03-28,na,98.45
2021-03-29,na,98.28
2021-03-30,na,98.32
2021-03-31,na,98.16
2021-04-01,na,97.86
2021-04-02,na,97.72
2021-04-03,na,97.63
2021-04-04,na,97.83
2021-04-05,na,98.14
2021-04-06,na,98.26
2021-04-07,na,98.31
2021-04-08,na,98.28
2021-04-09,na,98.22
2021-04-10,na,97.97
2021-04-11,na,97.16
2021-04-12,na,96.45
2021-04-13,na,95.99
2021-04-14,na,95.56
2021-04-15,na,95.11
2021-04-16,na,94.64
2021-04-17,na,94.19
2021-04-18,na,94.14
2021-04-19,na,94.17
2021-04-20,na,94.28
2021-04-21,na,94.41
2021-04-22,na,94.7
2021-04-23,na,94.94
2021-04-24,na,95.07
2021-04-25,na,95.24
2021-04-26,na,95.11
2021-04-27,na,94.83
2021-04-28,na,94.6
2021-04-29,na,94.3
2021-04-30,na,94.31
2021-05-01,na,94.65
2021-05-02,na,95.06
2021-05-03,na,95.74
2021-05-04,na,96.52
2021-05-05,na,97.21
2021-05-06,na,98.05
2021-05-07,na,98.97
2021-05-08,na,99.95
2021-05-09,na,100.96
2021-05-10,na,101.83
2021-05-11,na,102.7
2021-05-12,na,103.69
2021-05-13,na,104.76
2021-05-14,na,104.98
2021-05-15,na,104.94
2021-05-16,na,104.84
2021-05-17,na,104.72
2021-05-18,na,104.76
2021-05-19,na,104.81
2021-05-20,na,105.03
2021-05-21,na,105.86
2021-05-22,na,106.84
2021-05-23,na,107.88
2021-05-24,na,108.98
2021-05-25,na,109.8
2021-05-26,na,110.5
2021-05-27,na,110.81
2021-05-28,na,111.15
2021-05-29,na,111.64
2021-05-30,na,112.09
2021-05-31,na,112.43
2021-06-01,na,112.93
2021-06-02,na,113.3
2021-06-03,na,113.9
2021-06-04,na,114.59
2021-06-05,na,115.12
2021-06-06,na,115.51
2021-06-07,na,115.85
2021-06-08,na,116.13
2021-06-09,na,116.56
2021-06-10,na,116.87
2021-06-11,na,117.12
2021-06-12,na,117.27
2021-06-13,na,117.41
2021-06-14,na,117.73
2021-06-15,na,118.22
2021-06-16,na,118.55
2021-06-17,na,118.88
2021-06-18,na,119.11
2021-06-19,na,119.43
2021-06-20,na,119.8
2021-06-21,na,120.12
2021-06-22,na,120.23
2021-06-23,na,120.45
2021-06-24,na,120.63
2021-06-25,na,120.88
2021-06-26,na,121.34
2021-06-27,na,121.48
2021-06-28,na,121.72
2021-06-29,na,122.03
2021-06-30,na,122.28
2021-07-01,na,122.54
2021-07-02,na,122.8
2021-07-03,na,122.8
2021-07-04,na,123.15
2021-07-05,na,123.14
2021-07-06,na,123.26
2021-07-07,na,123.23
2021-07-08,na,123.22
2021-07-09,na,123.14
2021-07-10,na,123.17
2021-07-11,na,122.89
2021-07-12,na,122.7
2021-07-13,na,122.39
2021-07-14,na,122.41
2021-07-15,na,122.34
2021-07-16,na,122.4
2021-07-17,na,122.71
2021-07-18,na,123.12
2021-07-19,na,123.69
2021-07-20,na,124.16
2021-07-21,na,124.42
2021-07-22,na,124.78
2021-07-23,na,125.04
2021-07-24,na,125.4
2021-07-25,na,125.68
2021-07-26,na,125.89
2021-07-27,na,126.28
2021-07-28,na,126.68
2021-07-29,na,126.9
2021-07-30,na,127.04
2021-07-31,na,126.99
2021-08-01,na,126.9
2021-08-02,na,126.92
2021-08-03,na,126.8
2021-08-04,na,126.83
2021-08-05,na,126.81
2021-08-06,na,126.91
2021-08-07,na,127.13
2021-08-08,na,127.28
2021-08-09,na,127.09
2021-08-10,na,127.18
2021-08-11,na,127.18
2021-08-12,na,127.36
2021-08-13,na,127.6
2021-08-14,na,127.71
2021-08-15,na,127.94
2021-08-16,na,128.61
2021-08-17,na,129.01
2021-08-18,na,129.59
2021-08-19,na,130.01
2021-08-20,na,130.45
2021-08-21,na,130.87
2021-08-22,na,131.43
2021-08-23,na,131.7
2021-08-24,na,132.14
2021-08-25,na,132.4
2021-08-26,na,132.63
2021-08-27,na,132.84
2021-08-28,na,133.24
2021-08-29,na,133.3
2021-08-30,na,133.55
2021-08-31,na,133.57
2021-09-01,na,133.65
2021-09-02,na,133.85
2021-09-03,na,133.87
2021-09-04,na,133.85
2021-09-05,na,134.05
2021-09-06,na,134.03
2021-09-07,na,134.06
2021-09-08,na,134.12
2021-09-09,na,134
2021-09-10,na,133.9
2021-09-11,na,134.06
2021-09-12,na,134.14
2021-09-13,na,134.28
2021-09-14,na,134.35
2021-09-15,na,134.49
2021-09-16,na,134.81
2021-09-17,na,135.26
2021-09-18,na,135.54
2021-09-19,na,135.91
2021-09-20,na,136.3
2021-09-21,na,136.8
2021-09-22,na,137.01
2021-09-23,na,137.41
2021-09-24,na,137.53
2021-09-25,na,137.42
2021-09-26,na,137.45
2021-09-27,na,137.44
2021-09-28,na,137.48
2021-09-29,na,137.43
2021-09-30,na,137.21
2021-10-01,na,137.2
2021-10-02,na,137.39
2021-10-03,na,137.23
2021-10-04,na,137.21
2021-10-05,na,137.31
2021-10-06,na,137.67
2021-10-07,na,137.99
2021-10-08,na,138.3
2021-10-09,na,138.48
2021-10-10,na,139.04
2021-10-11,na,139.54
2021-10-12,na,139.67
2021-10-13,na,139.81
2021-10-14,na,139.96
2021-10-15,na,140.2
2021-10-16,na,140.43
2021-10-17,na,140.46
2021-10-18,na,140.34
2021-10-19,na,140.59
2021-10-20,na,140.78
2021-10-21,na,141.02
2021-10-22,na,141.06
2021-10-23,na,141.37
2021-10-24,na,141.39
2021-10-25,na,141.68
2021-10-26,na,141.65
2021-10-27,na,141.71
2021-10-28,na,141.81
2021-10-29,na,142.03
2021-10-30,na,142.14
2021-10-31,na,142.39
2021-11-01,na,142.63
2021-11-02,na,142.82
2021-11-03,na,142.94
2021-11-04,na,143.2
2021-11-05,na,143.43
2021-11-06,na,143.64
2021-11-07,na,143.97
2021-11-08,na,144
2021-11-09,na,144.26
2021-11-10,na,144.48
2021-11-11,na,144.63
2021-11-12,na,144.65
2021-11-13,na,144.36
2021-11-14,na,144.22
2021-11-15,na,144.2
2021-11-16,na,144.21
2021-11-17,na,144.14
2021-11-18,na,143.95
2021-11-19,na,144.15
2021-11-20,na,144.42
2021-11-21,na,144.68
2021-11-22,na,144.92
2021-11-23,na,145.19
2021-11-24,na,145.51
2021-11-25,na,145.83
2021-11-26,na,145.95
2021-11-27,na,146.01
2021-11-28,na,146.04
2021-11-29,na,146.23
2021-11-30,na,146.31
2021-12-01,na,146.3
2021-12-02,na,146.34
2021-12-03,na,146.39
2021-12-04,na,146.66
2021-12-05,na,146.74
2021-12-06,na,146.71
2021-12-07,na,146.63
2021-12-08,na,146.6
2021-12-09,na,146.45
2021-12-10,na,146.33
2021-12-11,na,146.12
2021-12-12,na,146.06
2021-12-13,na,146.04
2021-12-14,na,146.07
2021-12-15,na,146.16
2021-12-16,na,146.23
2021-12-17,na,146.27
2021-12-18,na,146.38
2021-12-19,na,146.5
2021-12-20,na,146.56
2021-12-21,na,146.58
2021-12-22,na,146.51
2021-12-23,na,146.61
2021-12-24,na,146.73
2021-12-25,na,146.73
2021-12-26,na,146.77
2021-12-27,na,146.98
2021-12-28,na,147.04
2021-12-29,na,147.29
2021-12-30,na,147.33
2021-12-31,na,147.27
2022-01-01,na,147.34
2022-01-02,na,147.38
2022-01-03,na,147.26
2022-01-04,na,147.41
2022-01-05,na,147.51
2022-01-06,na,147.56
2022-01-07,na,147.95
2022-01-08,na,148.26
2022-01-09,na,148.34
2022-01-10,na,148.42
2022-01-11,na,148.37
2022-01-12,na,148.36
2022-01-13,na,148.59
2022-01-14,na,148.55
2022-01-15,na,148.6
2022-01-16,na,148.8
2022-01-17,na,149.02
2022-01-18,na,149.33
2022-01-19,na,149.66
2022-01-20,na,149.99
2022-01-21,na,150.32
2022-01-22,na,150.55
2022-01-23,na,150.79
2022-01-24,na,150.87
2022-01-25,na,151.05
2022-01-26,na,151.05
2022-01-27,na,150.96
2022-01-28,na,150.93
2022-01-29,na,150.79
2022-01-30,na,150.77
2022-01-31,na,151.05
2022-02-01,na,151.01
2022-02-02,na,151.83
2022-02-03,na,152.6
2022-02-04,na,153.38
2022-02-05,na,154.36
2022-02-06,na,155.34
2022-02-07,na,156.08
2022-02-08,na,156.87
2022-02-09,na,156.97
2022-02-10,na,157.2
2022-02-11,na,157.48
2022-02-12,na,157.63
2022-02-13,na,157.71
2022-02-14,na,157.71
2022-02-15,na,157.78
2022-02-16,na,157.91
2022-02-17,na,158.16
2022-02-18,na,158.29
2022-02-19,na,158.54
2022-02-20,na,158.79
2022-02-21,na,159.23
2022-02-22,na,159.68
2022-02-23,na,160.17
2022-02-24,na,160.53
2022-02-25,na,161.08
2022-02-26,na,161.56
2022-02-27,na,161.93
2022-02-28,na,162.17
2022-03-01,na,162.53
2022-03-02,na,162.77
2022-03-03,na,163.01
2022-03-04,na,163.17
2022-03-05,na,163.33
2022-03-06,na,163.51
2022-03-07,na,163.67
2022-03-08,na,163.88
2022-03-09,na,164.11
2022-03-10,na,164.33
2022-03-11,na,164.49
2022-03-12,na,164.83
2022-03-13,na,165.37
2022-03-14,na,165.78
2022-03-15,na,166.13
2022-03-16,na,166.47
2022-03-17,na,166.88
2022-03-18,na,167.27
2022-03-19,na,167.49
2022-03-20,na,167.6
2022-03-21,na,167.8
2022-03-22,na,168.42
2022-03-23,na,169.26
2022-03-24,na,169.96
2022-03-25,na,170.68
2022-03-26,na,171.25
2022-03-27,na,171.66
2022-03-28,na,171.98
2022-03-29,na,171.92
2022-03-30,na,171.64
2022-03-31,na,171.38
2022-04-01,na,171.14
2022-04-02,na,170.99
2022-04-03,na,171
2022-04-04,na,171.02
2022-04-05,na,170.96
2022-04-06,na,170.93
2022-04-07,na,170.8
2022-04-08,na,170.87
2022-04-09,na,170.9
2022-04-10,na,170.95
2022-04-11,na,170.86
2022-04-12,na,170.95
2022-04-13,na,171.05
2022-04-14,na,171.23
2022-04-15,na,171.1
2022-04-16,na,171.19
2022-04-17,na,171.1
2022-04-18,na,171.33
2022-04-19,na,171.2
2022-04-20,na,171.11
2022-04-21,na,170.97
2022-04-22,na,170.87
2022-04-23,na,170.71
2022-04-24,na,170.64
2022-04-25,na,170.53
2022-04-26,na,170.58
2022-04-27,na,170.6
2022-04-28,na,170.66
2022-04-29,na,170.68
2022-04-30,na,170.8
2022-05-01,na,171.01
2022-05-02,na,171.41
2022-05-03,na,171.75
2022-05-04,na,172.16
2022-05-05,na,172.65
2022-05-06,na,173.18
2022-05-07,na,173.63
2022-05-08,na,174.04
2022-05-09,na,174.48
2022-05-10,na,174.97
2022-05-11,na,175.37
2022-05-12,na,175.65
2022-05-13,na,175.77
2022-05-14,na,176.22
2022-05-15,na,176.69
2022-05-16,na,176.98
2022-05-17,na,177.32
2022-05-18,na,177.73
2022-05-19,na,178.46
2022-05-20,na,179.79
2022-05-21,na,180.63
2022-05-22,na,181.54
2022-05-23,na,182.64
2022-05-24,na,183.64
2022-05-25,na,184.78
2022-05-26,na,185.58
2022-05-27,na,185.84
2022-05-28,na,185.6
2022-05-29,na,185.46
2022-05-30,na,184.99
2022-05-31,na,184.64
2022-06-01,na,183.98
2022-06-02,na,183.42
2022-06-03,na,183.15
2022-06-04,na,183.18
2022-06-05,na,182.95
2022-06-06,na,182.84
2022-06-07,na,182.38
2022-06-08,na,182.08
2022-06-09,na,181.61
2022-06-10,na,181.36
2022-06-11,na,181.08
2022-06-12,na,180.68
2022-06-13,na,180.28
2022-06-14,na,180.29
2022-06-15,na,180.09
2022-06-16,na,180.16
2022-06-17,na,179.93
2022-06-18,na,179.77
2022-06-19,na,179.87
2022-06-20,na,179.87
2022-06-21,na,179.72
2022-06-22,na,179.77
2022-06-23,na,179.68
2022-06-24,na,179.42
2022-06-25,na,179.31
2022-06-26,na,179.23
2022-06-27,na,179.25
2022-06-28,na,179.35
2022-06-29,na,179.45
2022-06-30,na,179.69
2022-07-01,na,180.02
2022-07-02,na,180.54
2022-07-03,na,180.88
2022-07-04,na,181.1
2022-07-05,na,181.26
2022-07-06,na,181.27
2022-07-07,na,181.21
2022-07-08,na,181.14
2022-07-09,na,181.1
2022-07-10,na,182
2022-07-11,na,183.09
2022-07-12,na,184.17
2022-07-13,na,185.17
2022-07-14,na,185.83
2022-07-15,na,185.94
2022-07-16,na,185.73
2022-07-17,na,184.68
2022-07-18,na,183.51
2022-07-19,na,182.28
2022-07-20,na,181.2
2022-07-21,na,180.42
2022-07-22,na,180.26
2022-07-23,na,180.09
2022-07-24,na,180.09
2022-07-25,na,179.87
2022-07-26,na,179.89
2022-07-27,na,179.87
2022-07-28,na,179.77
2022-07-29,na,179.64
2022-07-30,na,179.76
2022-07-31,na,179.73
2022-08-01,na,179.9
2022-08-02,na,179.88
2022-08-03,na,179.77
2022-08-04,na,179.7
2022-08-05,na,179.7
2022-08-06,na,179.75
2022-08-07,na,179.71
2022-08-08,na,179.83
2022-08-09,na,180.12
2022-08-10,na,180.28
2022-08-11,na,180.45
2022-08-12,na,180.47
2022-08-13,na,180.24
2022-08-14,na,180.41
2022-08-15,na,180.61
2022-08-16,na,180.54
2022-08-17,na,180.73
2022-08-18,na,181
2022-08-19,na,181.25
2022-08-20,na,181.78
2022-08-21,na,181.95
2022-08-22,na,181.84
2022-08-23,na,181.94
2022-08-24,na,182.11
2022-08-25,na,182.35
2022-08-26,na,182.73
2022-08-27,na,182.95
2022-08-28,na,183.18
2022-08-29,na,183.34
2022-08-30,na,183.47
2022-08-31,na,183.6
2022-09-01,na,183.63
2022-09-02,na,183.54
2022-09-03,na,183.64
2022-09-04,na,183.68
2022-09-05,na,183.82
2022-09-06,na,183.97
2022-09-07,na,183.91
2022-09-08,na,183.88
2022-09-09,na,183.65
2022-09-10,na,183.5
2022-09-11,na,183.47
2022-09-12,na,183.4
2022-09-13,na,183.3
2022-09-14,na,183.32
2022-09-15,na,183.22
2022-09-16,na,183.4
2022-09-17,na,183.33
2022-09-18,na,183.17
2022-09-19,na,182.99
2022-09-20,na,182.75
2022-09-21,na,182.59
2022-09-22,na,182.69
2022-09-23,na,182.77
2022-09-24,na,183.22
2022-09-25,na,183.66
2022-09-26,na,184.33
2022-09-27,na,185.04
2022-09-28,na,185.5
2022-09-29,na,185.85
2022-09-30,na,186.18
2022-10-01,na,186.18
2022-10-02,na,186.27
2022-10-03,na,186.26
2022-10-04,na,186.22
2022-10-05,na,186.42
2022-10-06,na,186.39
2022-10-07,na,186.31
2022-10-08,na,186.25
2022-10-09,na,186.15
2022-10-10,na,185.99
2022-10-11,na,185.78
2022-10-12,na,185.71
2022-10-13,na,185.75
2022-10-14,na,185.94
2022-10-15,na,186.21
2022-10-16,na,186.5
2022-10-17,na,186.64
2022-10-18,na,187
2022-10-19,na,187.24
2022-10-20,na,187.55
2022-10-21,na,187.65
2022-10-22,na,187.74
2022-10-23,na,188.08
2022-10-24,na,188.55
2022-10-25,na,188.7
2022-10-26,na,188.75
2022-10-27,na,188.87
2022-10-28,na,188.98
2022-10-29,na,189.22
2022-10-30,na,189.33
2022-10-31,na,189.58
2022-11-01,na,190.06
2022-11-02,na,190.33
2022-11-03,na,190.4
2022-11-04,na,190.43
2022-11-05,na,190.35
2022-11-06,na,190.17
2022-11-07,na,189.91
2022-11-08,na,189.61
2022-11-09,na,189.69
2022-11-10,na,189.72
2022-11-11,na,190.3
2022-11-12,na,190.58
2022-11-13,na,190.89
2022-11-14,na,191.14
2022-11-15,na,191.5
2022-11-16,na,191.66
2022-11-17,na,191.89
2022-11-18,na,191.67
2022-11-19,na,191.8
2022-11-20,na,191.98
2022-11-21,na,192.09
2022-11-22,na,192.2
2022-11-23,na,192.2
2022-11-24,na,192.13
2022-11-25,na,192.13
2022-11-26,na,192.11
2022-11-27,na,192.07
2022-11-28,na,192.06
2022-11-29,na,192.1
2022-11-30,na,192.34
2022-12-01,na,192.41
2022-12-02,na,192.65
2022-12-03,na,192.69
2022-12-04,na,192.84
2022-12-05,na,193.09
2022-12-06,na,193.3
2022-12-07,na,193.55
2022-12-08,na,193.9
2022-12-09,na,194.55
2022-12-10,na,195.22
2022-12-11,na,195.76
2022-12-12,na,196.38
2022-12-13,na,196.96
2022-12-14,na,197.44
2022-12-15,na,197.93
2022-12-16,na,197.83
2022-12-17,na,197.76
2022-12-18,na,197.91
2022-12-19,na,197.89
2022-12-20,na,197.74
2022-12-21,na,197.79
2022-12-22,na,197.86
2022-12-23,na,198.02
2022-12-24,na,198.17
2022-12-25,na,198.38
2022-12-26,na,198.73
2022-12-27,na,199.09
2022-12-28,na,199.13
2022-12-29,na,199.26
2022-12-30,na,199.45
2022-12-31,na,199.55
2023-01-01,na,199.37
2023-01-02,na,199.17
2023-01-03,na,198.99
2023-01-04,na,199.03
2023-01-05,na,199.03
2023-01-06,na,199.08
2023-01-07,na,199.38
2023-01-08,na,199.61
2023-01-09,na,199.71
2023-01-10,na,199.74
2023-01-11,na,199.73
2023-01-12,na,199.78
2023-01-13,na,199.86
2023-01-14,na,199.57
2023-01-15,na,199.34
2023-01-16,na,199.14
2023-01-17,na,199.01
2023-01-18,na,199.44
2023-01-19,na,199.72
2023-01-20,na,199.89
2023-01-21,na,200.47
2023-01-22,na,201.09
2023-01-23,na,201.36
2023-01-24,na,201.8
2023-01-25,na,201.69
2023-01-26,na,201.73
2023-01-27,na,201.86
2023-01-28,na,201.66
2023-01-29,na,201.52
2023-01-30,na,201.19
2023-01-31,na,201.15
2023-02-01,na,201.55
2023-02-02,na,201.7
2023-02-03,na,201.41
2023-02-04,na,201.18
2023-02-05,na,200.82
2023-02-06,na,200.92
2023-02-07,na,200.72
2023-02-08,na,199.6
2023-02-09,na,198.94
2023-02-10,na,198.67
2023-02-11,na,198.44
2023-02-12,na,198.15
2023-02-13,na,198
2023-02-14,na,197.76
2023-02-15,na,197.71
2023-02-16,na,197.51
2023-02-17,na,197.19
2023-02-18,na,196.83
2023-02-19,na,196.71
2023-02-20,na,196.42
2023-02-21,na,196.05
2023-02-22,na,196.17
2023-02-23,na,196.3
2023-02-24,na,195.79
2023-02-25,na,195.37
2023-02-26,na,194.72
2023-02-27,na,194.04
2023-02-28,na,193.48
2023-03-01,na,192.8
2023-03-02,na,192.22
2023-03-03,na,192.29
2023-03-04,na,192.47
2023-03-05,na,192.9
2023-03-06,na,193.42
2023-03-07,na,193.73
2023-03-08,na,194.06
2023-03-09,na,194.35
2023-03-10,na,195.76
2023-03-11,na,197.24
2023-03-12,na,198.54
2023-03-13,na,200.04
2023-03-14,na,201.86
2023-03-15,na,203.75
2023-03-16,na,205.69
2023-03-17,na,206.78
2023-03-18,na,207.82
2023-03-19,na,208.89
2023-03-20,na,209.87
2023-03-21,na,210.59
2023-03-22,na,209.31
2023-03-23,na,208.49
2023-03-24,na,207.42
2023-03-25,na,206.75
2023-03-26,na,205.87
2023-03-27,na,204.85
2023-03-28,na,203.31
2023-03-29,na,203.4
2023-03-30,na,202.8
2023-03-31,na,202.11
2023-04-01,na,201.02
2023-04-02,na,200.22
2023-04-03,na,199.38
2023-04-04,na,199.17
2023-04-05,na,199.52
2023-04-06,na,199.97
2023-04-07,na,200.82
2023-04-08,na,201.43
2023-04-09,na,201.68
2023-04-10,na,202.37
2023-04-11,na,202.42
2023-04-12,na,202.1
2023-04-13,na,201.71
2023-04-14,na,201.17
2023-04-15,na,200.46
2023-04-16,na,200.18
2023-04-17,na,199.22
2023-04-18,na,198.97
2023-04-19,na,198.85
2023-04-20,na,198.83
2023-04-21,na,198.63
2023-04-22,na,198.85
2023-04-23,na,198.69
2023-04-24,na,198.81
2023-04-25,na,198.95
2023-04-26,na,198.76
2023-04-27,na,198.54
2023-04-28,na,198.68
2023-04-29,na,198.35
2023-04-30,na,198.05
2023-05-01,na,198.11
2023-05-02,na,197.56
2023-05-03,na,197.41
2023-05-04,na,197.19
2023-05-05,na,196.64
2023-05-06,na,196.45
2023-05-07,na,196.46
2023-05-08,na,196.24
2023-05-09,na,196.08
2023-05-10,na,195.74
2023-05-11,na,195.73
2023-05-12,na,195.74
2023-05-13,na,195.86
2023-05-14,na,195.76
2023-05-15,na,195.28
2023-05-16,na,195.31
2023-05-17,na,195.46
2023-05-18,na,195.56
2023-05-19,na,195.22
2023-05-20,na,194.2
2023-05-21,na,193.39
2023-05-22,na,192.66
2023-05-23,na,191.68
2023-05-24,na,190.71
2023-05-25,na,189.39
2023-05-26,na,188.48
2023-05-27,na,188.1
2023-05-28,na,187.51
2023-05-29,na,187.44
2023-05-30,na,187.09
2023-05-31,na,186.74
2023-06-01,na,186.45
2023-06-02,na,186.32
2023-06-03,na,186.22
2023-06-04,na,186.29
2023-06-05,na,186.07
2023-06-06,na,186.2
2023-06-07,na,186.23
2023-06-08,na,186.36
2023-06-09,na,186.12
2023-06-10,na,185.93
2023-06-11,na,185.81
2023-06-12,na,186.5
2023-06-13,na,187.15
2023-06-14,na,187.83
2023-06-15,na,188.47
2023-06-16,na,189.46
2023-06-17,na,190.34
2023-06-18,na,191.28
2023-06-19,na,191.34
2023-06-20,na,191.42
2023-06-21,na,191.61
2023-06-22,na,191.78
2023-06-23,na,191.72
2023-06-24,na,191.67
2023-06-25,na,191.47
2023-06-26,na,191.29
2023-06-27,na,191.06
2023-06-28,na,190.64
2023-06-29,na,190.32
2023-06-30,na,190.02
2023-07-01,na,189.55
2023-07-02,na,189.06
2023-07-03,na,188.56
2023-07-04,na,188.36
2023-07-05,na,188.26
2023-07-06,na,187.93
2023-07-07,na,187.93
2023-07-08,na,188.34
2023-07-09,na,188.63
2023-07-10,na,189.24
2023-07-11,na,189.82
2023-07-12,na,190.25
2023-07-13,na,190.63
2023-07-14,na,191.15
2023-07-15,na,191.05
2023-07-16,na,191.2
2023-07-17,na,191.17
2023-07-18,na,190.85
2023-07-19,na,190.65
2023-07-20,na,190.78
2023-07-21,na,190.35
2023-07-22,na,190.26
2023-07-23,na,190.34
2023-07-24,na,190.33
2023-07-25,na,190.66
2023-07-26,na,190.87
2023-07-27,na,190.83
2023-07-28,na,191.14
2023-07-29,na,191.62
2023-07-30,na,191.91
2023-07-31,na,192.27
2023-08-01,na,192.6
2023-08-02,na,192.79
2023-08-03,na,193.14
2023-08-04,na,193.41
2023-08-05,na,193.65
2023-08-06,na,193.89
2023-08-07,na,194.15
2023-08-08,na,194.42
2023-08-09,na,194.94
2023-08-10,na,195.27
2023-08-11,na,195.5
2023-08-12,na,195.54
2023-08-13,na,195.73
2023-08-14,na,196.17
2023-08-15,na,196.6
2023-08-16,na,196.77
2023-08-17,na,197.19
2023-08-18,na,197.72
2023-08-19,na,198.22
2023-08-20,na,198.67
2023-08-21,na,199.06
2023-08-22,na,199.1
2023-08-23,na,199.4
2023-08-24,na,199.61
2023-08-25,na,199.87
2023-08-26,na,200.17
2023-08-27,na,200.4
2023-08-28,na,200.24
2023-08-29,na,200.49
2023-08-30,na,200.7
2023-08-31,na,200.96
2023-09-01,na,200.97
2023-09-02,na,200.98
2023-09-03,na,200.99
2023-09-04,na,201.14
2023-09-05,na,200.92
2023-09-06,na,200.39
2023-09-07,na,199.68
2023-09-08,na,199.24
2023-09-09,na,198.63
2023-09-10,na,197.95
2023-09-11,na,197.2
2023-09-12,na,196.48
2023-09-13,na,196.04
2023-09-14,na,195.42
2023-09-15,na,194.61
2023-09-16,na,194.08
2023-09-17,na,193.41
2023-09-18,na,192.94
2023-09-19,na,192.48
2023-09-20,na,192.01
2023-09-21,na,191.84
2023-09-22,na,191.62
2023-09-23,na,191.23
2023-09-24,na,191.08
2023-09-25,na,190.85
2023-09-26,na,190.72
2023-09-27,na,190.4
2023-09-28,na,190.05
2023-09-29,na,189.59
2023-09-30,na,189.11
2023-10-01,na,188.62
2023-10-02,na,187.93
2023-10-03,na,187.32
2023-10-04,na,186.85
2023-10-05,na,186.22
2023-10-06,na,185.73
2023-10-07,na,185.13
2023-10-08,na,184.57
2023-10-09,na,183.82
2023-10-10,na,183.21
2023-10-11,na,182.78
2023-10-12,na,182.6
2023-10-13,na,182.48
2023-10-14,na,182.43
2023-10-15,na,182.31
2023-10-16,na,182.42
2023-10-17,na,182.25
2023-10-18,na,181.96
2023-10-19,na,181.49
2023-10-20,na,181.1
2023-10-21,na,180.52
2023-10-22,na,180.15
2023-10-23,na,179.83
2023-10-24,na,179.76
2023-10-25,na,179.6
2023-10-26,na,179.41
2023-10-27,na,179.1
2023-10-28,na,179.05
2023-10-29,na,178.62
2023-10-30,na,178.48
2023-10-31,na,178.02
2023-11-01,na,177.84
2023-11-02,na,177.54
2023-11-03,na,177.22
2023-11-04,na,176.83
2023-11-05,na,176.56
2023-11-06,na,176.05
2023-11-07,na,175.72
2023-11-08,na,175.13
2023-11-09,na,174.77
2023-11-10,na,174.29
2023-11-11,na,174.12
2023-11-12,na,173.95
2023-11-13,na,173.77
2023-11-14,na,173.47
2023-11-15,na,173.28
2023-11-16,na,172.97
2023-11-17,na,172.73
2023-11-18,na,172.23
2023-11-19,na,171.83
2023-11-20,na,171.41
2023-11-21,na,171.04
2023-11-22,na,170.62
2023-11-23,na,170.36
2023-11-24,na,170.14
2023-11-25,na,169.97
2023-11-26,na,169.79
2023-11-27,na,169.84
2023-11-28,na,170.08
2023-11-29,na,170.32
2023-11-30,na,170.62
2023-12-01,na,170.81
2023-12-02,na,170.87
2023-12-03,na,170.82
2023-12-04,na,170.57
2023-12-05,na,170.25
2023-12-06,na,170.01
2023-12-07,na,169.72
2023-12-08,na,169.89
2023-12-09,na,170.24
2023-12-10,na,170.67
2023-12-11,na,171.12
2023-12-12,na,171.55
2023-12-13,na,171.87
2023-12-14,na,172.25
2023-12-15,na,172.13
2023-12-16,na,171.96
2023-12-17,na,171.78
2023-12-18,na,171.5
2023-12-19,na,171.15
2023-12-20,na,170.96
2023-12-21,na,170.69
2023-12-22,na,170.48
2023-12-23,na,170.22
2023-12-24,na,170
2023-12-25,na,170.22
2023-12-26,na,170.22
2023-12-27,na,170.02
2023-12-28,na,169.83
2023-12-29,na,169.61
2023-12-30,na,169.38
2023-12-31,na,169.13
2024-01-01,na,168.8
2024-01-02,na,168.46
2024-01-03,na,168.16
2024-01-04,na,167.86
2024-01-05,na,167.88
2024-01-06,na,168.08
2024-01-07,na,168.32
2024-01-08,na,168.24
2024-01-09,na,168.43
2024-01-10,na,168.75
2024-01-11,na,169.13
2024-01-12,na,169.41
2024-01-13,na,169.71
2024-01-14,na,169.77
2024-01-15,na,169.78
2024-01-16,na,169.65
2024-01-17,na,169.6
2024-01-18,na,169.44
2024-01-19,na,169.28
2024-01-20,na,169.22
2024-01-21,na,169.31
2024-01-22,na,169.39
2024-01-23,na,169.53
2024-01-24,na,169.59
2024-01-25,na,169.77
2024-01-26,na,169.94
2024-01-27,na,170.12
2024-01-28,na,170.24
2024-01-29,na,170.46
2024-01-30,na,170.33
2024-01-31,na,170.1
2024-02-01,na,170
2024-02-02,na,169.77
2024-02-03,na,169.32
2024-02-04,na,168.83
2024-02-05,na,168.25
2024-02-06,na,168.03
2024-02-07,na,167.84
2024-02-08,na,167.45
2024-02-09,na,167.13
2024-02-10,na,166.87
2024-02-11,na,166.65
2024-02-12,na,166.48
2024-02-13,na,165.87
2024-02-14,na,165.72
2024-02-15,na,165.83
2024-02-16,na,165.85
2024-02-17,na,165.78
2024-02-18,na,165.84
2024-02-19,na,165.87
2024-02-20,na,166.53
2024-02-21,na,166.63
2024-02-22,na,166.57
2024-02-23,na,166.73
2024-02-24,na,167.02
2024-02-25,na,167.28
2024-02-26,na,167.59
2024-02-27,na,166.9
2024-02-28,na,166.29
2024-02-29,na,165.67
2024-03-01,na,164.86
2024-03-02,na,163.89
2024-03-03,na,162.91
2024-03-04,na,162
2024-03-05,na,161.89
2024-03-06,na,161.77
2024-03-07,na,161.77
2024-03-08,na,161.72
2024-03-09,na,161.83
2024-03-10,na,162.02
2024-03-11,na,162.07
2024-03-12,na,162.27
2024-03-13,na,162.65
2024-03-14,na,162.79
2024-03-15,na,163.06
2024-03-16,na,163.35
2024-03-17,na,163.57
2024-03-18,na,163.97
2024-03-19,na,164.32
2024-03-20,na,164.57
2024-03-21,na,164.96
2024-03-22,na,165.37
2024-03-23,na,165.72
2024-03-24,na,166.08
2024-03-25,na,166.29
2024-03-26,na,166.53
2024-03-27,na,166.78
2024-03-28,na,166.87
2024-03-29,na,166.91
2024-03-30,na,166.83
2024-03-31,na,166.7
2024-04-01,na,166.8
2024-04-02,na,166.66
2024-04-03,na,166.48
2024-04-04,na,166.47
2024-04-05,na,166.49
2024-04-06,na,166.65
2024-04-07,na,166.9
2024-04-08,na,166.87
2024-04-09,na,167.06
2024-04-10,na,167.37
2024-04-11,na,167.6
2024-04-12,na,167.77
2024-04-13,na,168.09
2024-04-14,na,168.33
2024-04-15,na,168.59
2024-04-16,na,168.69
2024-04-17,na,168.81
2024-04-18,na,168.91
2024-04-19,na,169.31
2024-04-20,na,169.35
2024-04-21,na,169.45
2024-04-22,na,169.71
2024-04-23,na,169.98
2024-04-24,na,169.94
2024-04-25,na,170.16
2024-04-26,na,170.08
2024-04-27,na,170.11
2024-04-28,na,170.01
2024-04-29,na,169.76
2024-04-30,na,169.52
2024-05-01,na,169.63
2024-05-02,na,169.2
2024-05-03,na,169.02
2024-05-04,na,168.86
2024-05-05,na,168.62
2024-05-06,na,168.43
2024-05-07,na,168.45
2024-05-08,na,168.45
2024-05-09,na,168.66
2024-05-10,na,168.43
2024-05-11,na,168.08
2024-05-12,na,167.83
2024-05-13,na,167.5
2024-05-14,na,166.79
2024-05-15,na,166.02
2024-05-16,na,165.49
2024-05-17,na,164.98
2024-05-18,na,164.42
2024-05-19,na,163.83
2024-05-20,na,163.58
2024-05-21,na,163.22
2024-05-22,na,163.02
2024-05-23,na,162.88
2024-05-24,na,163.05
2024-05-25,na,163.47
2024-05-26,na,163.73
2024-05-27,na,163.61
2024-05-28,na,163.93
2024-05-29,na,164.25
2024-05-30,na,164.38
2024-05-31,na,164.47
2024-06-01,na,164.52
2024-06-02,na,164.69
2024-06-03,na,164.87
2024-06-04,na,164.91
2024-06-05,na,164.66
2024-06-06,na,164.35
2024-06-07,na,164.01
2024-06-08,na,163.8
2024-06-09,na,163.62
2024-06-10,na,163.68
2024-06-11,na,163.73
2024-06-12,na,163.57
2024-06-13,na,163.48
2024-06-14,na,162.98
2024-06-15,na,162.34
2024-06-16,na,161.55
2024-06-17,na,160.56
2024-06-18,na,159.8
2024-06-19,na,159.22
2024-06-20,na,158.68
2024-06-21,na,158.47
2024-06-22,na,158.21
2024-06-23,na,158.09
2024-06-24,na,158.21
2024-06-25,na,158.2
2024-06-26,na,158.14
2024-06-27,na,158
2024-06-28,na,157.93
2024-06-29,na,157.9
2024-06-30,na,157.96
2024-07-01,na,157.78
2024-07-02,na,157.53
2024-07-03,na,157.34
2024-07-04,na,157.15
2024-07-05,na,157.03
2024-07-06,na,156.94
2024-07-07,na,156.68
2024-07-08,na,156.49
2024-07-09,na,156.44
2024-07-10,na,156.31
2024-07-11,na,156.22
2024-07-12,na,156.15
2024-07-13,na,156.1
2024-07-14,na,156.19
2024-07-15,na,156.57
2024-07-16,na,156.84
2024-07-17,na,157.18
2024-07-18,na,157.38
2024-07-19,na,157.39
2024-07-20,na,157.34
2024-07-21,na,157.46
2024-07-22,na,157.19
2024-07-23,na,156.94
2024-07-24,na,156.67
2024-07-25,na,156.46
2024-07-26,na,156.41
2024-07-27,na,156.35
2024-07-28,na,156.17
2024-07-29,na,156.1
2024-07-30,na,156.04
2024-07-31,na,156.03
2024-08-01,na,155.99
2024-08-02,na,155.87
2024-08-03,na,155.85
2024-08-04,na,155.86
2024-08-05,na,155.83
2024-08-06,na,155.81
2024-08-07,na,155.81
2024-08-08,na,155.93
2024-08-09,na,156.12
2024-08-10,na,156.14
2024-08-11,na,156.07
2024-08-12,na,156.07
2024-08-13,na,156.2
2024-08-14,na,156.28
2024-08-15,na,156.45
2024-08-16,na,156.49
2024-08-17,na,156.53
2024-08-18,na,156.57
2024-08-19,na,156.64
2024-08-20,na,156.53
2024-08-21,na,156.27
2024-08-22,na,155.96
2024-08-23,na,155.71
2024-08-24,na,155.46
2024-08-25,na,155.15
2024-08-26,na,154.76
2024-08-27,na,154.44
2024-08-28,na,154.31
2024-08-29,na,154.13
2024-08-30,na,153.92
2024-08-31,na,153.86
2024-09-01,na,153.76
2024-09-02,na,153.64
2024-09-03,na,153.48
2024-09-04,na,153.3
2024-09-05,na,153.11
2024-09-06,na,153.14
2024-09-07,na,152.99
2024-09-08,na,152.98
2024-09-09,na,152.85
2024-09-10,na,152.75
2024-09-11,na,152.34
2024-09-12,na,152.02
2024-09-13,na,151.55
2024-09-14,na,151.15
2024-09-15,na,150.64
2024-09-16,na,150.3
2024-09-17,na,150
2024-09-18,na,150.05
2024-09-19,na,149.9
2024-09-20,na,149.68
2024-09-21,na,149.55
2024-09-22,na,149.39
2024-09-23,na,149.2
2024-09-24,na,148.92
2024-09-25,na,148.51
2024-09-26,na,148.19
2024-09-27,na,147.8
2024-09-28,na,147.35
2024-09-29,na,147
2024-09-30,na,146.65
2024-10-01,na,146.18
2024-10-02,na,145.66
2024-10-03,na,145.25
2024-10-04,na,145.03
2024-10-05,na,144.75
2024-10-06,na,144.45
2024-10-07,na,144.13
2024-10-08,na,144
2024-10-09,na,144.01
2024-10-10,na,143.94
2024-10-11,na,143.84
2024-10-12,na,143.88
2024-10-13,na,143.89
2024-10-14,na,144.01
2024-10-15,na,144.05
2024-10-16,na,144.08
2024-10-17,na,143.98
2024-10-18,na,143.89
2024-10-19,na,143.82
2024-10-20,na,143.79
2024-10-21,na,143.72
2024-10-22,na,143.61
2024-10-23,na,143.48
2024-10-24,na,143.52
2024-10-25,na,143.61
2024-10-26,na,143.61
2024-10-27,na,143.61
2024-10-28,na,143.75
2024-10-29,na,143.94
2024-10-30,na,144.24
2024-10-31,na,144.46
2024-11-01,na,144.75
2024-11-02,na,144.82
2024-11-03,na,144.92
2024-11-04,na,144.88
2024-11-05,na,144.81
2024-11-06,na,144.73
2024-11-07,na,144.61
2024-11-08,na,144.12
2024-11-09,na,143.95
2024-11-10,na,143.65
2024-11-11,na,143.75
2024-11-12,na,143.52
2024-11-13,na,143.29
2024-11-14,na,143.05
2024-11-15,na,143.11
2024-11-16,na,142.94
2024-11-17,na,142.86
2024-11-18,na,142.43
2024-11-19,na,142.45
2024-11-20,na,142.27
2024-11-21,na,142.16
2024-11-22,na,142.03
2024-11-23,na,142.1
2024-11-24,na,142.06
2024-11-25,na,141.99
2024-11-26,na,141.92
2024-11-27,na,141.94
2024-11-28,na,142
2024-11-29,na,142.09
2024-11-30,na,142.21
2024-12-01,na,142.19
2024-12-02,na,142.36
2024-12-03,na,142.45
2024-12-04,na,142.64
2024-12-05,na,142.81
2024-12-06,na,142.92
2024-12-07,na,142.97
2024-12-08,na,143.07
2024-12-09,na,143.06
2024-12-10,na,143.15
2024-12-11,na,143.13
2024-12-12,na,143.06
2024-12-13,na,143.1
2024-12-14,na,143.15
2024-12-15,na,143.47
2024-12-16,na,143.81
2024-12-17,na,144.06
2024-12-18,na,144.29
2024-12-19,na,144.49
2024-12-20,na,144.62
2024-12-21,na,144.68
2024-12-22,na,144.61
2024-12-23,na,144.62
2024-12-24,na,144.51
2024-12-25,na,144.53
2024-12-26,na,144.46
2024-12-27,na,144.26
2024-12-28,na,144.13
2024-12-29,na,143.99
2024-12-30,na,143.88
2024-12-31,na,143.83
2025-01-01,na,143.77
2025-01-02,na,143.63
2025-01-03,na,143.49
2025-01-04,na,143.37
2025-01-05,na,143.24
2025-01-06,na,142.91
2025-01-07,na,142.44
2025-01-08,na,141.92
2025-01-09,na,141.66
2025-01-10,na,141.48
2025-01-11,na,141.29
2025-01-12,na,141.16
2025-01-13,na,140.96
2025-01-14,na,140.93
2025-01-15,na,140.9
2025-01-16,na,140.96
2025-01-17,na,140.83
2025-01-18,na,140.71
2025-01-19,na,140.53
2025-01-20,na,140.48
2025-01-21,na,140.51
2025-01-22,na,140.6
2025-01-23,na,140.38
2025-01-24,na,140.45
2025-01-25,na,140.54
2025-01-26,na,140.67
2025-01-27,na,140.8
2025-01-28,na,141.67
2025-01-29,na,141.66
2025-01-30,na,141.88
2025-01-31,na,141.98
2025-02-01,na,142.11
2025-02-02,na,142.01
2025-02-03,na,141.75
2025-02-04,na,140.64
2025-02-05,na,140.37
2025-02-06,na,140.08
2025-02-07,na,139.72
2025-02-08,na,139.32
2025-02-09,na,139.11
2025-02-10,na,138.94
2025-02-11,na,138.87
2025-02-12,na,138.62
2025-02-13,na,138.42
2025-02-14,na,138.39
2025-02-15,na,138.06
2025-02-16,na,137.95
2025-02-17,na,137.88
2025-02-18,na,137.75
2025-02-19,na,137.72
2025-02-20,na,137.53
2025-02-21,na,137.17
2025-02-22,na,137.14
2025-02-23,na,136.9
2025-02-24,na,136.69
2025-02-25,na,136.44
2025-02-26,na,136.25
2025-02-27,na,136.28
2025-02-28,na,136.34
2025-03-01,na,136.28
2025-03-02,na,136.25
2025-03-03,na,136.21
2025-03-04,na,136.17
2025-03-05,na,134.71
2025-03-06,na,134.49
2025-03-07,na,134.33
2025-03-08,na,134.14
2025-03-09,na,133.95
2025-03-10,na,134
2025-03-11,na,134.27
2025-03-12,na,136.02
2025-03-13,na,136.1
2025-03-14,na,136.19
2025-03-15,na,136.27
2025-03-16,na,136.43
2025-03-17,na,136.48
2025-03-18,na,136.44
2025-03-19,na,136.46
2025-03-20,na,136.74
2025-03-21,na,136.94
2025-03-22,na,137.25
2025-03-23,na,137.48
2025-03-24,na,137.58
2025-03-25,na,137.66
2025-03-26,na,137.5
2025-03-27,na,137.32
2025-03-28,na,136.96
2025-03-29,na,136.64
2025-03-30,na,136.27
2025-03-31,na,135.93
2025-04-01,na,135.5
2025-04-02,na,135.15
2025-04-03,na,134.94
2025-04-04,na,134.97
2025-04-05,na,135.1
2025-04-06,na,135.19
2025-04-07,na,135.33
2025-04-08,na,135.31
2025-04-09,na,135.23
2025-04-10,na,134.87
2025-04-11,na,134.14
2025-04-12,na,133.3
2025-04-13,na,132.43
2025-04-14,na,131.64
2025-04-15,na,130.96
2025-04-16,na,130.4
2025-04-17,na,129.87
2025-04-18,na,129.75
2025-04-19,na,129.68
2025-04-20,na,129.84
2025-04-21,na,130.04
2025-04-22,na,130.2
2025-04-23,na,130.11
2025-04-24,na,130.15
2025-04-25,na,130.09
2025-04-26,na,129.9
2025-04-27,na,129.67
2025-04-28,na,129.31
2025-04-29,na,129.12
2025-04-30,na,129.14
2025-05-01,na,129.41
2025-05-02,na,129.67
2025-05-03,na,129.97
2025-05-04,na,130.12
2025-05-05,na,130.31
2025-05-06,na,130.46
2025-05-07,na,130.63
2025-05-08,na,130.73
2025-05-09,na,130.73
2025-05-10,na,130.69
2025-05-11,na,130.72
2025-05-12,na,130.72
2025-05-13,na,130.77
2025-05-14,na,130.66
2025-05-15,na,130.31
2025-05-16,na,130.09
2025-05-17,na,129.94
2025-05-18,na,130.05
2025-05-19,na,130.16
2025-05-20,na,130.38
2025-05-21,na,130.72
2025-05-22,na,131.16
2025-05-23,na,131.76
2025-05-24,na,132.25
2025-05-25,na,132.55
2025-05-26,na,132.74
2025-05-27,na,132.75
2025-05-28,na,132.68
2025-05-29,na,132.75
2025-05-30,na,132.54
2025-05-31,na,132.25
2025-06-01,na,131.91
2025-06-02,na,131.58
2025-06-03,na,131.29
2025-06-04,na,130.93
2025-06-05,na,130.35
2025-06-06,na,129.9
2025-06-07,na,129.72
2025-06-08,na,129.49
2025-06-09,na,129.46
2025-06-10,na,129.07
2025-06-11,na,128.83
2025-06-12,na,128.48
2025-06-13,na,128.17
2025-06-14,na,127.76
2025-06-15,na,127.41
2025-06-16,na,126.92
2025-06-17,na,126.7
2025-06-18,na,126.48
2025-06-19,na,126.44
2025-06-20,na,126.31
2025-06-21,na,126.05
2025-06-22,na,125.81
2025-06-23,na,125.63
2025-06-24,na,125.5
2025-06-25,na,125.5
2025-06-26,na,125.45
2025-06-27,na,125.43
2025-06-28,na,125.59
2025-06-29,na,125.74
2025-06-30,na,125.79
2025-07-01,na,125.9
2025-07-02,na,125.97
2025-07-03,na,126.17
2025-07-04,na,126.3
2025-07-05,na,126.38
2025-07-06,na,126.42
2025-07-07,na,126.56
2025-07-08,na,126.53
2025-07-09,na,126.39
2025-07-10,na,125.98
2025-07-11,na,125.67
2025-07-12,na,125.38
2025-07-13,na,125.04
2025-07-14,na,124.87
2025-07-15,na,124.61
2025-07-16,na,124.41
2025-07-17,na,124.37
2025-07-18,na,124.33
2025-07-19,na,124.21
2025-07-20,na,124.29
2025-07-21,na,124.12
2025-07-22,na,124.21
2025-07-23,na,124.29
2025-07-24,na,124.28
2025-07-25,na,124.21
2025-07-26,na,124.27
2025-07-27,na,124.18
2025-07-28,na,124.07
2025-07-29,na,123.81
2025-07-30,na,123.58
2025-07-31,na,123.44
2025-08-01,na,123.24
2025-08-02,na,122.97
2025-08-03,na,122.67
2025-08-04,na,122.5
2025-08-05,na,122.38
2025-08-06,na,122.2
2025-08-07,na,122
2025-08-08,na,121.91
2025-08-09,na,121.8
2025-08-10,na,121.7
2025-08-11,na,121.6
2025-08-12,na,121.5
2025-08-13,na,121.48
2025-08-14,na,121.6
2025-08-15,na,121.84
2025-08-16,na,121.94
2025-08-17,na,122.14
2025-08-18,na,122.34
2025-08-19,na,122.47
2025-08-20,na,122.69
2025-08-21,na,122.83
2025-08-22,na,122.7
2025-08-23,na,122.74
2025-08-24,na,122.61
2025-08-25,na,122.47
2025-08-26,na,122.47
2025-08-27,na,122.45
2025-08-28,na,122.44
2025-08-29,na,122.44
2025-08-30,na,122.49
2025-08-31,na,122.52
2025-09-01,na,122.52
2025-09-02,na,122.54
2025-09-03,na,122.47
2025-09-04,na,122.48
2025-09-05,na,122.59
2025-09-06,na,122.54
2025-09-07,na,122.47
2025-09-08,na,122.38
2025-09-09,na,122.17
2025-09-10,na,121.79
2025-09-11,na,121.45
2025-09-12,na,121.09
2025-09-13,na,120.82
2025-09-14,na,120.62
2025-09-15,na,120.45
2025-09-16,na,120.4
2025-09-17,na,120.42
2025-09-18,na,120.33
2025-09-19,na,120.21
2025-09-20,na,120.13
2025-09-21,na,120.12
2025-09-22,na,120.07
2025-09-23,na,119.97
2025-09-24,na,119.9
2025-09-25,na,119.89
2025-09-26,na,119.81
2025-09-27,na,119.63
2025-09-28,na,119.31
2025-09-29,na,119.04
2025-09-30,na,118.69
2025-10-01,na,118.58
2025-10-02,na,118.31
2025-10-03,na,118.09
2025-10-04,na,117.89
2025-10-05,na,117.74
2025-10-06,na,117.65
2025-10-07,na,117.5
2025-10-08,na,117.23
2025-10-09,na,117
2025-10-10,na,117.2
2025-10-11,na,117.33
2025-10-12,na,117.49
2025-10-13,na,117.58
2025-10-14,na,117.72
2025-10-15,na,117.87
2025-10-16,na,118.01
2025-10-17,na,117.79
2025-10-18,na,117.54
2025-10-19,na,117.36
2025-10-20,na,117.22
2025-10-21,na,116.93
2025-10-22,na,116.77
2025-10-23,na,116.71
2025-10-24,na,116.65
2025-10-25,na,116.74
2025-10-26,na,116.77
2025-10-27,na,116.91
2025-10-28,na,117.23
2025-10-29,na,117.39
2025-10-30,na,117.56
2025-10-31,na,117.64
2025-11-01,na,117.44
2025-11-02,na,117.52
2025-11-03,na,117.54
2025-11-04,na,117.55
2025-11-05,na,117.57
2025-11-06,na,117.54
2025-11-07,na,117.6
2025-11-08,na,118.01
2025-11-09,na,118.11
2025-11-10,na,118.28
2025-11-11,na,118.47
2025-11-12,na,118.54
2025-11-13,na,118.6
2025-11-14,na,118.69
2025-11-15,na,118.7
2025-11-16,na,118.63
2025-11-17,na,118.55
2025-11-18,na,118.51
2025-11-19,na,117.97
2025-11-20,na,117.59
2025-11-21,na,117.22
2025-11-22,na,116.85
2025-11-23,na,116.51
2025-11-24,na,116.11
2025-11-25,na,115.82
2025-11-26,na,116.15
2025-11-27,na,116.24
2025-11-28,na,116.32
2025-11-29,na,116.45
2025-11-30,na,116.58
2025-12-01,na,116.65
2025-12-02,na,116.57
2025-12-03,na,116.4
2025-12-04,na,116.3
2025-12-05,na,116.26
2025-12-06,na,116.15
2025-12-07,na,115.99
2025-12-08,na,115.8
2025-12-09,na,115.71
2025-12-10,na,115.64
2025-12-11,na,115.55
2025-12-12,na,115.3
2025-12-13,na,115.2
2025-12-14,na,115.15
2025-12-15,na,115.19
2025-12-16,na,115.13
2025-12-17,na,115.1
2025-12-18,na,115.04
2025-12-19,na,115.11
2025-12-20,na,115
2025-12-21,na,114.98
2025-12-22,na,114.98
2025-12-23,na,115.06
2025-12-24,na,115.15
2025-12-25,na,115.22
2025-12-26,na,115.22
2025-12-27,na,115.24
2025-12-28,na,115.24
2025-12-29,na,115.29
2025-12-30,na,115.36
2025-12-31,na,115.41
2026-01-01,na,114.97
2026-01-02,na,114.53
2026-01-03,na,113.93
2026-01-04,na,113.14
2026-01-05,na,112.39
2026-01-06,na,111.81
2026-01-07,na,111.51
2026-01-08,na,111.77
2026-01-09,na,112.24
2026-01-10,na,112.91
2026-01-11,na,113.66
2026-01-12,na,114.21
2026-01-13,na,114.69
2026-01-14,na,115.1
2026-01-15,na,115.62
2026-01-16,na,116.13
2026-01-17,na,116.66
2026-01-18,na,117.19
2026-01-19,na,117.74
2026-01-20,na,118.48
2026-01-21,na,119.13
2026-01-22,na,120.01
2026-01-23,na,120.72
2026-01-24,na,121.41
2026-01-25,na,121.99
2026-01-26,na,122.53
2026-01-27,na,122.82
2026-01-28,na,123.03
2026-01-29,na,123
2026-01-30,na,123.02
2026-01-31,na,122.98
2026-02-01,na,123.07
2026-02-02,na,122.75
2026-02-03,na,122.53
2026-02-04,na,122.26
2026-02-05,na,122.05
2026-02-06,na,121.86
2026-02-07,na,121.65
2026-02-08,na,121.26
2026-02-09,na,121.36
2026-02-10,na,121.44
2026-02-11,na,121.61
2026-02-12,na,121.79
2026-02-13,na,121.92
2026-02-14,na,122.14
2026-02-15,na,122.39
2026-02-16,na,122.71
2026-02-17,na,122.97
2026-02-18,na,123.2
2026-02-19,na,123.3
2026-02-20,na,123.4
2026-02-21,na,123.29
2026-02-22,na,123.19
2026-02-23,na,122.9
2026-02-24,na,122.52
2026-02-25,na,122.2
2026-02-26,na,121.8
2026-02-27,na,121.54
2026-02-28,na,121.32
2026-03-01,na,121.12
2026-03-02,na,120.97
2026-03-03,na,120.9
2026-03-04,na,120.92
2026-03-05,na,121.11
2026-03-06,na,121.01
2026-03-07,na,120.98
2026-03-08,na,120.86
2026-03-09,na,120.65
2026-03-10,na,120.5
2026-03-11,na,119.83
2026-03-12,na,118.97
2026-03-13,na,118.28
2026-03-14,na,117.49
2026-03-15,na,116.75
2026-03-16,na,116.07
2026-03-17,na,115.21
2026-03-18,na,114.84
2026-03-19,na,114.43
2026-03-20,na,113.91
2026-03-21,na,113.32
2026-03-22,na,112.69
2026-03-23,na,112.23
2026-03-24,na,111.85
2026-03-25,na,111.46
2026-03-26,na,110.93
2026-03-27,na,110.48
2026-03-28,na,110.01
2026-03-29,na,109.64
2026-03-30,na,109.22
2026-03-31,na,108.76
2026-04-01,na,108.14
2026-04-02,na,107.81
2026-04-03,na,107.42
2026-04-04,na,107.33
2026-04-05,na,107.26
2026-04-06,na,107.24
2026-04-07,na,107.13
2026-04-08,na,106.99
2026-04-09,na,106.73
2026-04-10,na,106.58
2026-04-11,na,106.22
2026-04-12,na,105.98
2026-04-13,na,105.7
2026-04-14,na,105.66
2026-04-15,na,105.41
2026-04-16,na,105.31
2026-04-17,na,105.01
2026-04-18,na,104.81
2026-04-19,na,104.65
2026-04-20,na,104.54
2026-04-21,na,104.47
2026-04-22,na,104.79
2026-04-23,na,104.8
2026-04-24,na,104.96
2026-04-25,na,105.07
2026-04-26,na,105.05
2026-04-27,na,104.92
2026-04-28,na,104.8
2026-04-29,na,104.55
2026-04-30,na,104.34
2026-05-01,na,104.09
2026-05-02,na,103.52
2026-05-03,na,102.98
2026-05-04,na,102.36
2026-05-05,na,101.99
2026-05-06,na,101.84
2026-05-07,na,101.91
2026-05-08,na,102.12
2026-05-09,na,102.6
2026-05-10,na,103.05
2026-05-11,na,103.65
2026-05-12,na,104.16
2026-05-13,na,104.57
2026-05-14,na,104.83
2026-05-15,na,104.87
2026-05-16,na,104.87
2026-05-17,na,105.03
2026-05-18,na,105.15
2026-05-19,na,104.94
2026-05-20,na,104.84
2026-05-21,na,104.89
2026-05-22,na,104.99
2026-05-23,na,105.19
2026-05-24,na,105.27
2026-05-25,na,105.24
2026-05-26,na,104.87
2026-05-27,na,104.3
2026-05-28,na,103.54
2026-05-29,na,102.89
2026-05-30,na,102.53
2026-05-31,na,102.31
2026-06-01,na,101.75
2026-06-02,na,101.66
2026-06-03,na,101.49
2026-06-04,na,101.4
2026-06-05,na,101.35
2026-06-06,na,101.37
2026-06-07,na,101.31
2026-06-08,na,101.36
2026-06-09,na,101.36
2026-06-10,na,101.41
2026-06-11,na,101.76
2026-06-12,na,101.86
2026-06-13,na,101.8
2026-06-14,na,101.71
2026-06-15,na,102.04
2026-06-16,na,102.52
2026-06-17,na,103.06
2026-06-18,na,103.3
2026-06-19,na,103.77
2026-06-20,na,104.32
2026-06-21,na,104.85
2026-06-22,na,105.1
2026-06-23,na,105.17
2026-06-24,na,105.2
2026-06-25,na,105.44
2026-06-26,na,105.6
2026-06-27,na,105.58
2026-06-28,na,105.48
2026-06-29,na,105.33
2026-06-30,na,105.08
2026-07-01,na,104.6
2026-07-02,na,104.09
2026-07-03,na,103.71
2026-07-04,na,103.56
2026-07-05,na,103.46
2026-07-06,na,103.38
2026-07-07,na,103.55
2026-07-08,na,103.91
2026-07-09,na,104.09
2026-07-10,na,104.12
2026-07-11,na,104.18
2026-07-12,na,104.25
2026-07-13,na,104.35
2026-07-14,na,104.43
2026-07-15,na,104.32
2026-07-16,na,104.28
2026-07-17,na,104.34
2026-07-18,na,104.26
2026-07-19,na,104.2
2026-07-20,na,104.17
2026-07-21,na,104.15
2026-07-22,na,104.38
2026-07-23,na,104.45
2026-07-24,na,104.46
2026-07-25,na,104.52
2026-07-26,na,104.7
2026-07-27,na,104.73
2026-07-28,na,104.65
2026-07-29,na,104.49
2026-07-30,na,104.44
2026-07-31,na,104.4
2026-08-01,na,104.35
2026-08-02,na,104.16
2026-08-03,na,104.11
2026-08-04,na,104.17
2026-08-05,na,104.29
2026-08-06,na,104.25
2026-08-07,na,104.18
2026-08-08,na,104.09
2026-08-09,na,104.1
2026-08-10,na,103.95
2026-08-11,na,103.76
2026-08-12,na,103.58
2026-08-13,na,103.67
2026-08-14,na,103.85
2026-08-15,na,103.94
2026-08-16,na,104.01
2026-08-17,na,104.23
2026-08-18,na,104.34
2026-08-19,na,104.45
2026-08-20,na,104.57
2026-08-21,na,104.72
2026-08-22,na,104.92
2026-08-23,na,105.13
2026-08-24,na,105.18
2026-08-25,na,105.3
2026-08-26,na,105.41
2026-08-27,na,105.34
2026-08-28,na,105.13
2026-08-29,na,104.99
2026-08-30,na,104.78
2026-08-31,na,104.45
2026-09-01,na,104.18
2026-09-02,na,103.89
2026-09-03,na,103.62
2026-09-04,na,103.38
2026-09-05,na,103.14
2026-09-06,na,102.86
2026-09-07,na,102.59
2026-09-08,na,102.19
2026-09-09,na,101.79
2026-09-10,na,101.46
2026-09-11,na,101.18
2026-09-12,na,100.93
2026-09-13,na,100.74
2026-09-14,na,100.58
2026-09-15,na,100.45
2026-09-16,na,100.35
2026-09-17,na,100.09
2026-09-18,na,99.76
2020-02-01,o,100
2020-02-02,o,99.84
2020-02-03,o,99.91
2020-02-04,o,99.95
2020-02-05,o,100.12
2020-02-06,o,100.21
2020-02-07,o,100.16
2020-02-08,o,100.04
2020-02-09,o,99.96
2020-02-10,o,99.74
2020-02-11,o,99.59
2020-02-12,o,99.6
2020-02-13,o,99.64
2020-02-14,o,99.78
2020-02-15,o,99.68
2020-02-16,o,99.65
2020-02-17,o,99.58
2020-02-18,o,99.31
2020-02-19,o,98.9
2020-02-20,o,98.49
2020-02-21,o,97.95
2020-02-22,o,97.67
2020-02-23,o,97.19
2020-02-24,o,96.82
2020-02-25,o,96.6
2020-02-26,o,96.47
2020-02-27,o,96.43
2020-02-28,o,96.46
2020-02-29,o,96.67
2020-03-01,o,97.01
2020-03-02,o,97.27
2020-03-03,o,97.62
2020-03-04,o,97.91
2020-03-05,o,98.11
2020-03-06,o,98.34
2020-03-07,o,98.42
2020-03-08,o,98.41
2020-03-09,o,98.43
2020-03-10,o,98.69
2020-03-11,o,98.97
2020-03-12,o,99.22
2020-03-13,o,99.36
2020-03-14,o,99.41
2020-03-15,o,99.36
2020-03-16,o,99.2
2020-03-17,o,98.75
2020-03-18,o,98.24
2020-03-19,o,97.51
2020-03-20,o,96.69
2020-03-21,o,95.71
2020-03-22,o,94.74
2020-03-23,o,93.9
2020-03-24,o,92.85
2020-03-25,o,91.59
2020-03-26,o,90.28
2020-03-27,o,89.14
2020-03-28,o,87.66
2020-03-29,o,86.12
2020-03-30,o,84.46
2020-03-31,o,82.88
2020-04-01,o,81.43
2020-04-02,o,79.7
2020-04-03,o,77.72
2020-04-04,o,76.71
2020-04-05,o,75.35
2020-04-06,o,74.04
2020-04-07,o,72.6
2020-04-08,o,71.04
2020-04-09,o,69.98
2020-04-10,o,68.89
2020-04-11,o,67.48
2020-04-12,o,65.96
2020-04-13,o,64.6
2020-04-14,o,63.52
2020-04-15,o,62.65
2020-04-16,o,61.71
2020-04-17,o,60.87
2020-04-18,o,60.38
2020-04-19,o,60.09
2020-04-20,o,59.86
2020-04-21,o,59.65
2020-04-22,o,59.42
2020-04-23,o,59.17
2020-04-24,o,59
2020-04-25,o,58.78
2020-04-26,o,58.52
2020-04-27,o,58.32
2020-04-28,o,58.07
2020-04-29,o,57.8
2020-04-30,o,57.49
2020-05-01,o,57.29
2020-05-02,o,57.13
2020-05-03,o,56.85
2020-05-04,o,56.41
2020-05-05,o,55.84
2020-05-06,o,55.1
2020-05-07,o,54.42
2020-05-08,o,53.69
2020-05-09,o,52.98
2020-05-10,o,52.39
2020-05-11,o,51.97
2020-05-12,o,51.77
2020-05-13,o,52.17
2020-05-14,o,52.42
2020-05-15,o,52.84
2020-05-16,o,52.83
2020-05-17,o,53.3
2020-05-18,o,53.67
2020-05-19,o,54.02
2020-05-20,o,53.93
2020-05-21,o,54.13
2020-05-22,o,54.1
2020-05-23,o,54.12
2020-05-24,o,54.08
2020-05-25,o,54.08
2020-05-26,o,53.99
2020-05-27,o,53.97
2020-05-28,o,53.89
2020-05-29,o,54.07
2020-05-30,o,54.65
2020-05-31,o,54.92
2020-06-01,o,55.15
2020-06-02,o,55.31
2020-06-03,o,55.56
2020-06-04,o,55.74
2020-06-05,o,55.84
2020-06-06,o,55.63
2020-06-07,o,55.7
2020-06-08,o,55.67
2020-06-09,o,55.88
2020-06-10,o,55.98
2020-06-11,o,56.21
2020-06-12,o,56.47
2020-06-13,o,56.67
2020-06-14,o,56.9
2020-06-15,o,57.25
2020-06-16,o,57.5
2020-06-17,o,57.73
2020-06-18,o,57.95
2020-06-19,o,57.95
2020-06-20,o,57.93
2020-06-21,o,57.93
2020-06-22,o,57.95
2020-06-23,o,57.93
2020-06-24,o,58.02
2020-06-25,o,58.19
2020-06-26,o,58.45
2020-06-27,o,58.74
2020-06-28,o,58.92
2020-06-29,o,59.1
2020-06-30,o,59.37
2020-07-01,o,59.48
2020-07-02,o,59.51
2020-07-03,o,59.66
2020-07-04,o,59.74
2020-07-05,o,59.91
2020-07-06,o,60.03
2020-07-07,o,60.11
2020-07-08,o,60.35
2020-07-09,o,60.54
2020-07-10,o,60.67
2020-07-11,o,60.62
2020-07-12,o,60.61
2020-07-13,o,60.6
2020-07-14,o,60.4
2020-07-15,o,60.19
2020-07-16,o,60.13
2020-07-17,o,60.03
2020-07-18,o,60.19
2020-07-19,o,60.28
2020-07-20,o,60.45
2020-07-21,o,60.72
2020-07-22,o,61.03
2020-07-23,o,61.31
2020-07-24,o,61.63
2020-07-25,o,61.97
2020-07-26,o,62.43
2020-07-27,o,62.86
2020-07-28,o,63.4
2020-07-29,o,63.89
2020-07-30,o,64.28
2020-07-31,o,64.75
2020-08-01,o,64.89
2020-08-02,o,64.92
2020-08-03,o,64.93
2020-08-04,o,65.11
2020-08-05,o,65.88
2020-08-06,o,66.65
2020-08-07,o,67.34
2020-08-08,o,68.18
2020-08-09,o,69.19
2020-08-10,o,70.12
2020-08-11,o,70.86
2020-08-12,o,71.03
2020-08-13,o,71.49
2020-08-14,o,72.08
2020-08-15,o,72.59
2020-08-16,o,73.24
2020-08-17,o,74.12
2020-08-18,o,75.04
2020-08-19,o,75.83
2020-08-20,o,76.36
2020-08-21,o,76.71
2020-08-22,o,77.06
2020-08-23,o,77.18
2020-08-24,o,77.08
2020-08-25,o,77
2020-08-26,o,76.91
2020-08-27,o,77
2020-08-28,o,77.14
2020-08-29,o,77.39
2020-08-30,o,77.67
2020-08-31,o,77.94
2020-09-01,o,78.22
2020-09-02,o,78.57
2020-09-03,o,78.67
2020-09-04,o,78.77
2020-09-05,o,78.74
2020-09-06,o,78.84
2020-09-07,o,78.85
2020-09-08,o,78.9
2020-09-09,o,78.82
2020-09-10,o,78.8
2020-09-11,o,79.02
2020-09-12,o,79.13
2020-09-13,o,79.16
2020-09-14,o,79.19
2020-09-15,o,79
2020-09-16,o,79.07
2020-09-17,o,79.16
2020-09-18,o,79.12
2020-09-19,o,79.26
2020-09-20,o,79.47
2020-09-21,o,79.67
2020-09-22,o,80.04
2020-09-23,o,80.33
2020-09-24,o,80.53
2020-09-25,o,80.72
2020-09-26,o,80.83
2020-09-27,o,80.98
2020-09-28,o,81.21
2020-09-29,o,81.41
2020-09-30,o,81.59
2020-10-01,o,81.73
2020-10-02,o,81.89
2020-10-03,o,82.18
2020-10-04,o,82.26
2020-10-05,o,82.32
2020-10-06,o,82.37
2020-10-07,o,82.31
2020-10-08,o,82.39
2020-10-09,o,82.29
2020-10-10,o,82.21
2020-10-11,o,82.27
2020-10-12,o,82.47
2020-10-13,o,82.61
2020-10-14,o,82.78
2020-10-15,o,82.98
2020-10-16,o,83.07
2020-10-17,o,83
2020-10-18,o,83.04
2020-10-19,o,82.9
2020-10-20,o,82.83
2020-10-21,o,82.88
2020-10-22,o,82.77
2020-10-23,o,82.58
2020-10-24,o,82.54
2020-10-25,o,82.37
2020-10-26,o,82.27
2020-10-27,o,82.29
2020-10-28,o,82.12
2020-10-29,o,82.09
2020-10-30,o,82.11
2020-10-31,o,81.96
2020-11-01,o,81.82
2020-11-02,o,81.8
2020-11-03,o,81.46
2020-11-04,o,81.19
2020-11-05,o,80.88
2020-11-06,o,80.64
2020-11-07,o,80.45
2020-11-08,o,80.34
2020-11-09,o,79.93
2020-11-10,o,79.75
2020-11-11,o,79.62
2020-11-12,o,79.41
2020-11-13,o,79.26
2020-11-14,o,78.97
2020-11-15,o,78.74
2020-11-16,o,78.68
2020-11-17,o,78.57
2020-11-18,o,78.54
2020-11-19,o,78.48
2020-11-20,o,78.53
2020-11-21,o,78.64
2020-11-22,o,78.77
2020-11-23,o,79.01
2020-11-24,o,79.16
2020-11-25,o,79.24
2020-11-26,o,79.47
2020-11-27,o,79.66
2020-11-28,o,79.93
2020-11-29,o,80.1
2020-11-30,o,80.25
2020-12-01,o,80.42
2020-12-02,o,80.54
2020-12-03,o,80.57
2020-12-04,o,80.59
2020-12-05,o,80.72
2020-12-06,o,80.74
2020-12-07,o,80.81
2020-12-08,o,80.72
2020-12-09,o,80.83
2020-12-10,o,81.04
2020-12-11,o,81.27
2020-12-12,o,81.4
2020-12-13,o,81.68
2020-12-14,o,81.82
2020-12-15,o,82.18
2020-12-16,o,82.39
2020-12-17,o,82.45
2020-12-18,o,82.73
2020-12-19,o,83.02
2020-12-20,o,83.32
2020-12-21,o,83.67
2020-12-22,o,83.97
2020-12-23,o,84.18
2020-12-24,o,84.5
2020-12-25,o,84.8
2020-12-26,o,84.94
2020-12-27,o,85.08
2020-12-28,o,85.37
2020-12-29,o,85.65
2020-12-30,o,86.02
2020-12-31,o,86.39
2021-01-01,o,86.66
2021-01-02,o,86.88
2021-01-03,o,87.03
2021-01-04,o,86.97
2021-01-05,o,86.83
2021-01-06,o,86.84
2021-01-07,o,86.8
2021-01-08,o,86.66
2021-01-09,o,86.77
2021-01-10,o,86.8
2021-01-11,o,86.88
2021-01-12,o,87.17
2021-01-13,o,87.33
2021-01-14,o,87.5
2021-01-15,o,87.61
2021-01-16,o,87.7
2021-01-17,o,87.73
2021-01-18,o,87.81
2021-01-19,o,87.87
2021-01-20,o,87.97
2021-01-21,o,88.12
2021-01-22,o,88.4
2021-01-23,o,88.57
2021-01-24,o,89.02
2021-01-25,o,89.39
2021-01-26,o,89.72
2021-01-27,o,89.73
2021-01-28,o,89.6
2021-01-29,o,89.5
2021-01-30,o,89.59
2021-01-31,o,89.57
2021-02-01,o,89.62
2021-02-02,o,89.65
2021-02-03,o,89.9
2021-02-04,o,90.23
2021-02-05,o,90.44
2021-02-06,o,90.45
2021-02-07,o,90.42
2021-02-08,o,90.37
2021-02-09,o,90.3
2021-02-10,o,90.21
2021-02-11,o,90.2
2021-02-12,o,90.26
2021-02-13,o,90.43
2021-02-14,o,90.72
2021-02-15,o,90.8
2021-02-16,o,90.88
2021-02-17,o,90.96
2021-02-18,o,91.05
2021-02-19,o,90.95
2021-02-20,o,90.81
2021-02-21,o,90.54
2021-02-22,o,90.5
2021-02-23,o,90.49
2021-02-24,o,90.49
2021-02-25,o,90.47
2021-02-26,o,90.46
2021-02-27,o,90.56
2021-02-28,o,90.56
2021-03-01,o,90.56
2021-03-02,o,90.65
2021-03-03,o,90.72
2021-03-04,o,90.88
2021-03-05,o,91.21
2021-03-06,o,91.46
2021-03-07,o,91.83
2021-03-08,o,92.12
2021-03-09,o,92.31
2021-03-10,o,92.58
2021-03-11,o,93.68
2021-03-12,o,93.96
2021-03-13,o,94.97
2021-03-14,o,95.54
2021-03-15,o,96.04
2021-03-16,o,96.98
2021-03-17,o,97.35
2021-03-18,o,97.02
2021-03-19,o,97.42
2021-03-20,o,97.59
2021-03-21,o,98.15
2021-03-22,o,98.72
2021-03-23,o,98.64
2021-03-24,o,99.1
2021-03-25,o,99.53
2021-03-26,o,99.88
2021-03-27,o,99.88
2021-03-28,o,99.81
2021-03-29,o,99.81
2021-03-30,o,100
2021-03-31,o,100.16
2021-04-01,o,100.12
2021-04-02,o,100.15
2021-04-03,o,100.14
2021-04-04,o,100.35
2021-04-05,o,100.62
2021-04-06,o,100.69
2021-04-07,o,100.59
2021-04-08,o,100.45
2021-04-09,o,100.34
2021-04-10,o,100.06
2021-04-11,o,99.33
2021-04-12,o,98.68
2021-04-13,o,98.32
2021-04-14,o,98.19
2021-04-15,o,98.08
2021-04-16,o,97.91
2021-04-17,o,97.78
2021-04-18,o,97.85
2021-04-19,o,97.95
2021-04-20,o,98.04
2021-04-21,o,98.15
2021-04-22,o,98.31
2021-04-23,o,98.54
2021-04-24,o,98.8
2021-04-25,o,99.07
2021-04-26,o,99.12
2021-04-27,o,99.14
2021-04-28,o,99.15
2021-04-29,o,99.1
2021-04-30,o,99.14
2021-05-01,o,99.4
2021-05-02,o,99.72
2021-05-03,o,100.01
2021-05-04,o,100.39
2021-05-05,o,100.75
2021-05-06,o,101.13
2021-05-07,o,101.61
2021-05-08,o,101.96
2021-05-09,o,102.32
2021-05-10,o,102.79
2021-05-11,o,103.26
2021-05-12,o,103.9
2021-05-13,o,104.7
2021-05-14,o,104.82
2021-05-15,o,105.01
2021-05-16,o,105.14
2021-05-17,o,105.2
2021-05-18,o,105.28
2021-05-19,o,105.24
2021-05-20,o,105.23
2021-05-21,o,105.73
2021-05-22,o,106.31
2021-05-23,o,106.87
2021-05-24,o,107.61
2021-05-25,o,108.08
2021-05-26,o,108.49
2021-05-27,o,108.57
2021-05-28,o,108.73
2021-05-29,o,108.92
2021-05-30,o,109.22
2021-05-31,o,109.38
2021-06-01,o,109.79
2021-06-02,o,110.14
2021-06-03,o,110.76
2021-06-04,o,111.33
2021-06-05,o,111.89
2021-06-06,o,112.24
2021-06-07,o,112.6
2021-06-08,o,112.83
2021-06-09,o,113.2
2021-06-10,o,113.44
2021-06-11,o,113.76
2021-06-12,o,113.95
2021-06-13,o,114.15
2021-06-14,o,114.41
2021-06-15,o,114.83
2021-06-16,o,115.21
2021-06-17,o,115.62
2021-06-18,o,115.88
2021-06-19,o,116.25
2021-06-20,o,116.66
2021-06-21,o,116.99
2021-06-22,o,117.2
2021-06-23,o,117.27
2021-06-24,o,117.37
2021-06-25,o,117.56
2021-06-26,o,118.04
2021-06-27,o,118.11
2021-06-28,o,118.34
2021-06-29,o,118.62
2021-06-30,o,118.97
2021-07-01,o,119.33
2021-07-02,o,119.68
2021-07-03,o,119.71
2021-07-04,o,120.1
2021-07-05,o,120.18
2021-07-06,o,120.35
2021-07-07,o,120.38
2021-07-08,o,120.36
2021-07-09,o,120.21
2021-07-10,o,120.37
2021-07-11,o,120.17
2021-07-12,o,120.05
2021-07-13,o,119.81
2021-07-14,o,119.76
2021-07-15,o,119.68
2021-07-16,o,119.84
2021-07-17,o,120.22
2021-07-18,o,120.67
2021-07-19,o,121.28
2021-07-20,o,121.84
2021-07-21,o,122.3
2021-07-22,o,122.88
2021-07-23,o,123.24
2021-07-24,o,123.51
2021-07-25,o,123.79
2021-07-26,o,123.79
2021-07-27,o,123.88
2021-07-28,o,124.02
2021-07-29,o,124.16
2021-07-30,o,124.34
2021-07-31,o,124.4
2021-08-01,o,124.34
2021-08-02,o,124.49
2021-08-03,o,124.49
2021-08-04,o,124.56
2021-08-05,o,124.5
2021-08-06,o,124.52
2021-08-07,o,124.61
2021-08-08,o,124.64
2021-08-09,o,124.45
2021-08-10,o,124.49
2021-08-11,o,124.44
2021-08-12,o,124.38
2021-08-13,o,124.39
2021-08-14,o,124.27
2021-08-15,o,124.33
2021-08-16,o,124.77
2021-08-17,o,125
2021-08-18,o,125.42
2021-08-19,o,125.95
2021-08-20,o,126.38
2021-08-21,o,126.92
2021-08-22,o,127.46
2021-08-23,o,127.69
2021-08-24,o,128.06
2021-08-25,o,128.24
2021-08-26,o,128.42
2021-08-27,o,128.7
2021-08-28,o,129.02
2021-08-29,o,129.14
2021-08-30,o,129.29
2021-08-31,o,129.44
2021-09-01,o,129.64
2021-09-02,o,129.88
2021-09-03,o,129.82
2021-09-04,o,129.85
2021-09-05,o,129.98
2021-09-06,o,130.16
2021-09-07,o,130.25
2021-09-08,o,130.5
2021-09-09,o,130.55
2021-09-10,o,130.73
2021-09-11,o,131.08
2021-09-12,o,131.41
2021-09-13,o,131.7
2021-09-14,o,131.8
2021-09-15,o,131.86
2021-09-16,o,132.02
2021-09-17,o,132.35
2021-09-18,o,132.45
2021-09-19,o,132.66
2021-09-20,o,132.96
2021-09-21,o,133.34
2021-09-22,o,133.56
2021-09-23,o,133.93
2021-09-24,o,134.04
2021-09-25,o,134.09
2021-09-26,o,134.18
2021-09-27,o,134.21
2021-09-28,o,134.39
2021-09-29,o,134.3
2021-09-30,o,134.19
2021-10-01,o,134.23
2021-10-02,o,134.3
2021-10-03,o,134.03
2021-10-04,o,133.85
2021-10-05,o,133.76
2021-10-06,o,134.06
2021-10-07,o,134.3
2021-10-08,o,134.58
2021-10-09,o,134.75
2021-10-10,o,135.36
2021-10-11,o,135.97
2021-10-12,o,136.32
2021-10-13,o,136.49
2021-10-14,o,136.62
2021-10-15,o,136.71
2021-10-16,o,136.83
2021-10-17,o,136.74
2021-10-18,o,136.52
2021-10-19,o,136.68
2021-10-20,o,136.81
2021-10-21,o,137.01
2021-10-22,o,137.09
2021-10-23,o,137.35
2021-10-24,o,137.46
2021-10-25,o,137.77
2021-10-26,o,137.85
2021-10-27,o,137.98
2021-10-28,o,138.18
2021-10-29,o,138.4
2021-10-30,o,138.8
2021-10-31,o,139.18
2021-11-01,o,139.62
2021-11-02,o,139.86
2021-11-03,o,139.97
2021-11-04,o,140
2021-11-05,o,140.02
2021-11-06,o,139.78
2021-11-07,o,139.69
2021-11-08,o,139.39
2021-11-09,o,139.57
2021-11-10,o,139.76
2021-11-11,o,140.19
2021-11-12,o,140.43
2021-11-13,o,140.47
2021-11-14,o,140.57
2021-11-15,o,140.72
2021-11-16,o,140.64
2021-11-17,o,140.63
2021-11-18,o,140.36
2021-11-19,o,140.48
2021-11-20,o,140.59
2021-11-21,o,140.71
2021-11-22,o,140.89
2021-11-23,o,141.04
2021-11-24,o,141.19
2021-11-25,o,141.41
2021-11-26,o,141.5
2021-11-27,o,141.71
2021-11-28,o,141.83
2021-11-29,o,142.02
2021-11-30,o,142.2
2021-12-01,o,142.26
2021-12-02,o,142.29
2021-12-03,o,142.3
2021-12-04,o,142.56
2021-12-05,o,142.72
2021-12-06,o,142.8
2021-12-07,o,142.93
2021-12-08,o,142.92
2021-12-09,o,143.13
2021-12-10,o,143.35
2021-12-11,o,143.36
2021-12-12,o,143.64
2021-12-13,o,143.94
2021-12-14,o,144.03
2021-12-15,o,144.44
2021-12-16,o,144.59
2021-12-17,o,144.61
2021-12-18,o,144.91
2021-12-19,o,145.19
2021-12-20,o,145.39
2021-12-21,o,145.65
2021-12-22,o,145.79
2021-12-23,o,146.08
2021-12-24,o,146.45
2021-12-25,o,146.51
2021-12-26,o,146.51
2021-12-27,o,146.7
2021-12-28,o,146.72
2021-12-29,o,146.87
2021-12-30,o,146.92
2021-12-31,o,146.92
2022-01-01,o,146.99
2022-01-02,o,147.1
2022-01-03,o,146.94
2022-01-04,o,147.09
2022-01-05,o,147.35
2022-01-06,o,147.37
2022-01-07,o,147.7
2022-01-08,o,148.02
2022-01-09,o,148.04
2022-01-10,o,148.14
2022-01-11,o,148.21
2022-01-12,o,148
2022-01-13,o,148.12
2022-01-14,o,148.07
2022-01-15,o,148.05
2022-01-16,o,148.2
2022-01-17,o,148.35
2022-01-18,o,148.48
2022-01-19,o,148.66
2022-01-20,o,148.9
2022-01-21,o,149.1
2022-01-22,o,149.18
2022-01-23,o,149.29
2022-01-24,o,149.42
2022-01-25,o,149.44
2022-01-26,o,149.66
2022-01-27,o,149.74
2022-01-28,o,149.91
2022-01-29,o,150.08
2022-01-30,o,150.43
2022-01-31,o,150.78
2022-02-01,o,151.22
2022-02-02,o,151.73
2022-02-03,o,152.09
2022-02-04,o,152.34
2022-02-05,o,152.77
2022-02-06,o,153.12
2022-02-07,o,153.32
2022-02-08,o,153.47
2022-02-09,o,153.55
2022-02-10,o,153.65
2022-02-11,o,153.87
2022-02-12,o,153.94
2022-02-13,o,153.98
2022-02-14,o,153.91
2022-02-15,o,153.93
2022-02-16,o,153.99
2022-02-17,o,154.49
2022-02-18,o,154.69
2022-02-19,o,155.25
2022-02-20,o,155.9
2022-02-21,o,156.92
2022-02-22,o,157.84
2022-02-23,o,158.81
2022-02-24,o,159.14
2022-02-25,o,159.83
2022-02-26,o,160.19
2022-02-27,o,160.36
2022-02-28,o,160.33
2022-03-01,o,160.29
2022-03-02,o,160.15
2022-03-03,o,160.27
2022-03-04,o,160.32
2022-03-05,o,160.35
2022-03-06,o,160.4
2022-03-07,o,160.43
2022-03-08,o,160.6
2022-03-09,o,160.67
2022-03-10,o,160.72
2022-03-11,o,160.68
2022-03-12,o,160.7
2022-03-13,o,160.82
2022-03-14,o,160.87
2022-03-15,o,160.97
2022-03-16,o,161.02
2022-03-17,o,161.25
2022-03-18,o,161.45
2022-03-19,o,161.55
2022-03-20,o,161.49
2022-03-21,o,161.53
2022-03-22,o,161.89
2022-03-23,o,162.61
2022-03-24,o,163.36
2022-03-25,o,164.25
2022-03-26,o,165.15
2022-03-27,o,165.95
2022-03-28,o,166.8
2022-03-29,o,167.3
2022-03-30,o,167.39
2022-03-31,o,167.38
2022-04-01,o,167.34
2022-04-02,o,167.47
2022-04-03,o,167.68
2022-04-04,o,167.8
2022-04-05,o,167.83
2022-04-06,o,168.02
2022-04-07,o,168.02
2022-04-08,o,168.25
2022-04-09,o,168.29
2022-04-10,o,168.56
2022-04-11,o,168.81
2022-04-12,o,169.28
2022-04-13,o,169.85
2022-04-14,o,170.43
2022-04-15,o,170.57
2022-04-16,o,171.02
2022-04-17,o,171.21
2022-04-18,o,171.53
2022-04-19,o,171.47
2022-04-20,o,171.38
2022-04-21,o,171.33
2022-04-22,o,171.4
2022-04-23,o,171.45
2022-04-24,o,171.64
2022-04-25,o,171.8
2022-04-26,o,172.12
2022-04-27,o,172.49
2022-04-28,o,172.92
2022-04-29,o,173.35
2022-04-30,o,173.52
2022-05-01,o,173.76
2022-05-02,o,174.13
2022-05-03,o,174.4
2022-05-04,o,174.54
2022-05-05,o,174.71
2022-05-06,o,174.86
2022-05-07,o,174.97
2022-05-08,o,174.97
2022-05-09,o,174.99
2022-05-10,o,175.08
2022-05-11,o,175.24
2022-05-12,o,175.2
2022-05-13,o,175.04
2022-05-14,o,175.13
2022-05-15,o,175.41
2022-05-16,o,175.46
2022-05-17,o,175.58
2022-05-18,o,175.66
2022-05-19,o,175.98
2022-05-20,o,176.65
2022-05-21,o,177.14
2022-05-22,o,177.75
2022-05-23,o,178.65
2022-05-24,o,179.49
2022-05-25,o,180.34
2022-05-26,o,181.26
2022-05-27,o,181.75
2022-05-28,o,181.83
2022-05-29,o,181.83
2022-05-30,o,181.59
2022-05-31,o,181.49
2022-06-01,o,181.27
2022-06-02,o,180.95
2022-06-03,o,181.14
2022-06-04,o,181.45
2022-06-05,o,181.58
2022-06-06,o,181.76
2022-06-07,o,181.53
2022-06-08,o,181.47
2022-06-09,o,181.34
2022-06-10,o,181.25
2022-06-11,o,181.21
2022-06-12,o,181.08
2022-06-13,o,180.94
2022-06-14,o,181.2
2022-06-15,o,181.35
2022-06-16,o,181.51
2022-06-17,o,181.48
2022-06-18,o,181.59
2022-06-19,o,181.84
2022-06-20,o,181.87
2022-06-21,o,181.72
2022-06-22,o,181.67
2022-06-23,o,181.56
2022-06-24,o,181.3
2022-06-25,o,181.02
2022-06-26,o,180.68
2022-06-27,o,180.69
2022-06-28,o,180.75
2022-06-29,o,180.92
2022-06-30,o,181.51
2022-07-01,o,181.92
2022-07-02,o,182.52
2022-07-03,o,183.02
2022-07-04,o,183.31
2022-07-05,o,183.68
2022-07-06,o,183.69
2022-07-07,o,183.39
2022-07-08,o,183.36
2022-07-09,o,183.34
2022-07-10,o,184.69
2022-07-11,o,186.24
2022-07-12,o,187.69
2022-07-13,o,189.1
2022-07-14,o,190.1
2022-07-15,o,190.33
2022-07-16,o,190.29
2022-07-17,o,189.05
2022-07-18,o,187.46
2022-07-19,o,185.92
2022-07-20,o,184.36
2022-07-21,o,183.25
2022-07-22,o,183
2022-07-23,o,182.63
2022-07-24,o,182.49
2022-07-25,o,182.36
2022-07-26,o,182.34
2022-07-27,o,182.44
2022-07-28,o,182.56
2022-07-29,o,182.52
2022-07-30,o,182.85
2022-07-31,o,182.9
2022-08-01,o,183.19
2022-08-02,o,183.29
2022-08-03,o,183.38
2022-08-04,o,183.32
2022-08-05,o,183.31
2022-08-06,o,183.32
2022-08-07,o,183.24
2022-08-08,o,183.22
2022-08-09,o,183.33
2022-08-10,o,183.31
2022-08-11,o,183.32
2022-08-12,o,183.33
2022-08-13,o,183.18
2022-08-14,o,183.31
2022-08-15,o,183.48
2022-08-16,o,183.54
2022-08-17,o,183.69
2022-08-18,o,183.95
2022-08-19,o,183.92
2022-08-20,o,184.07
2022-08-21,o,184.05
2022-08-22,o,183.77
2022-08-23,o,183.49
2022-08-24,o,183.34
2022-08-25,o,183.33
2022-08-26,o,183.55
2022-08-27,o,183.69
2022-08-28,o,183.91
2022-08-29,o,184.11
2022-08-30,o,184.48
2022-08-31,o,184.83
2022-09-01,o,185.08
2022-09-02,o,185.23
2022-09-03,o,185.54
2022-09-04,o,185.66
2022-09-05,o,185.83
2022-09-06,o,185.86
2022-09-07,o,185.78
2022-09-08,o,185.65
2022-09-09,o,185.3
2022-09-10,o,184.86
2022-09-11,o,184.58
2022-09-12,o,184.35
2022-09-13,o,184.23
2022-09-14,o,184.19
2022-09-15,o,184.02
2022-09-16,o,184.27
2022-09-17,o,184.51
2022-09-18,o,184.57
2022-09-19,o,184.58
2022-09-20,o,184.35
2022-09-21,o,184.23
2022-09-22,o,184.25
2022-09-23,o,184.18
2022-09-24,o,184.28
2022-09-25,o,184.61
2022-09-26,o,184.92
2022-09-27,o,185.66
2022-09-28,o,186.09
2022-09-29,o,186.52
2022-09-30,o,186.89
2022-10-01,o,186.98
2022-10-02,o,187.05
2022-10-03,o,187.24
2022-10-04,o,187.04
2022-10-05,o,187.11
2022-10-06,o,187.08
2022-10-07,o,186.93
2022-10-08,o,186.9
2022-10-09,o,186.69
2022-10-10,o,186.5
2022-10-11,o,186.36
2022-10-12,o,186.38
2022-10-13,o,186.5
2022-10-14,o,186.76
2022-10-15,o,187.1
2022-10-16,o,187.35
2022-10-17,o,187.36
2022-10-18,o,187.5
2022-10-19,o,187.39
2022-10-20,o,187.28
2022-10-21,o,187.05
2022-10-22,o,186.73
2022-10-23,o,186.7
2022-10-24,o,186.88
2022-10-25,o,186.8
2022-10-26,o,186.63
2022-10-27,o,186.47
2022-10-28,o,186.37
2022-10-29,o,186.45
2022-10-30,o,186.54
2022-10-31,o,186.68
2022-11-01,o,187.1
2022-11-02,o,187.42
2022-11-03,o,187.65
2022-11-04,o,187.94
2022-11-05,o,188.2
2022-11-06,o,188.48
2022-11-07,o,188.62
2022-11-08,o,188.68
2022-11-09,o,189.03
2022-11-10,o,189.22
2022-11-11,o,189.72
2022-11-12,o,189.86
2022-11-13,o,189.96
2022-11-14,o,189.93
2022-11-15,o,190.17
2022-11-16,o,190.43
2022-11-17,o,190.92
2022-11-18,o,191.03
2022-11-19,o,191.58
2022-11-20,o,192.02
2022-11-21,o,192.46
2022-11-22,o,192.95
2022-11-23,o,193.34
2022-11-24,o,193.41
2022-11-25,o,193.89
2022-11-26,o,194.18
2022-11-27,o,194.48
2022-11-28,o,194.81
2022-11-29,o,194.99
2022-11-30,o,195.18
2022-12-01,o,195.4
2022-12-02,o,195.4
2022-12-03,o,195.15
2022-12-04,o,195.23
2022-12-05,o,195.33
2022-12-06,o,194.97
2022-12-07,o,195
2022-12-08,o,194.84
2022-12-09,o,195.05
2022-12-10,o,195.34
2022-12-11,o,195.1
2022-12-12,o,195.43
2022-12-13,o,196.14
2022-12-14,o,196.16
2022-12-15,o,196.81
2022-12-16,o,196.91
2022-12-17,o,197.04
2022-12-18,o,197.71
2022-12-19,o,198.07
2022-12-20,o,198.29
2022-12-21,o,198.83
2022-12-22,o,199.1
2022-12-23,o,199.35
2022-12-24,o,199.32
2022-12-25,o,199.54
2022-12-26,o,199.56
2022-12-27,o,199.78
2022-12-28,o,199.84
2022-12-29,o,199.79
2022-12-30,o,199.91
2022-12-31,o,200.2
2023-01-01,o,200.01
2023-01-02,o,200.07
2023-01-03,o,199.83
2023-01-04,o,199.69
2023-01-05,o,199.51
2023-01-06,o,199.36
2023-01-07,o,199.54
2023-01-08,o,199.62
2023-01-09,o,199.51
2023-01-10,o,199.45
2023-01-11,o,199.44
2023-01-12,o,199.65
2023-01-13,o,200.01
2023-01-14,o,199.9
2023-01-15,o,199.79
2023-01-16,o,199.65
2023-01-17,o,199.4
2023-01-18,o,199.63
2023-01-19,o,199.72
2023-01-20,o,199.68
2023-01-21,o,200.17
2023-01-22,o,200.65
2023-01-23,o,200.32
2023-01-24,o,200.94
2023-01-25,o,200.96
2023-01-26,o,201.01
2023-01-27,o,201.02
2023-01-28,o,200.49
2023-01-29,o,200.32
2023-01-30,o,200.61
2023-01-31,o,200.46
2023-02-01,o,200.8
2023-02-02,o,201.16
2023-02-03,o,201.23
2023-02-04,o,201.62
2023-02-05,o,201.66
2023-02-06,o,201.97
2023-02-07,o,202.18
2023-02-08,o,201.43
2023-02-09,o,200.92
2023-02-10,o,200.64
2023-02-11,o,200.25
2023-02-12,o,199.87
2023-02-13,o,199.69
2023-02-14,o,199.51
2023-02-15,o,199.41
2023-02-16,o,199.32
2023-02-17,o,199.23
2023-02-18,o,199.06
2023-02-19,o,199.19
2023-02-20,o,199.09
2023-02-21,o,198.77
2023-02-22,o,199.12
2023-02-23,o,199.53
2023-02-24,o,199.41
2023-02-25,o,199.47
2023-02-26,o,199.15
2023-02-27,o,198.88
2023-02-28,o,198.66
2023-03-01,o,198.37
2023-03-02,o,197.9
2023-03-03,o,197.82
2023-03-04,o,197.57
2023-03-05,o,197.82
2023-03-06,o,197.96
2023-03-07,o,198.08
2023-03-08,o,198.1
2023-03-09,o,198.12
2023-03-10,o,199.18
2023-03-11,o,200.67
2023-03-12,o,201.7
2023-03-13,o,202.95
2023-03-14,o,204.36
2023-03-15,o,205.76
2023-03-16,o,207.13
2023-03-17,o,207.87
2023-03-18,o,208.39
2023-03-19,o,208.88
2023-03-20,o,209.15
2023-03-21,o,209.21
2023-03-22,o,208.22
2023-03-23,o,207.82
2023-03-24,o,207.07
2023-03-25,o,206.72
2023-03-26,o,206.42
2023-03-27,o,206.2
2023-03-28,o,205.73
2023-03-29,o,206.18
2023-03-30,o,205.75
2023-03-31,o,205.33
2023-04-01,o,204.43
2023-04-02,o,203.8
2023-04-03,o,203.13
2023-04-04,o,202.85
2023-04-05,o,202.66
2023-04-06,o,202.78
2023-04-07,o,203.24
2023-04-08,o,203.6
2023-04-09,o,203.69
2023-04-10,o,204.12
2023-04-11,o,204.17
2023-04-12,o,204.17
2023-04-13,o,204.18
2023-04-14,o,203.77
2023-04-15,o,203.39
2023-04-16,o,203.28
2023-04-17,o,202.58
2023-04-18,o,202.29
2023-04-19,o,202.11
2023-04-20,o,201.86
2023-04-21,o,201.84
2023-04-22,o,202.05
2023-04-23,o,202.02
2023-04-24,o,202.39
2023-04-25,o,202.75
2023-04-26,o,202.97
2023-04-27,o,203.39
2023-04-28,o,204.02
2023-04-29,o,204.4
2023-04-30,o,204.5
2023-05-01,o,204.73
2023-05-02,o,204.6
2023-05-03,o,204.46
2023-05-04,o,204.03
2023-05-05,o,203.53
2023-05-06,o,202.55
2023-05-07,o,201.76
2023-05-08,o,200.64
2023-05-09,o,199.43
2023-05-10,o,198.1
2023-05-11,o,197.19
2023-05-12,o,195.94
2023-05-13,o,195.22
2023-05-14,o,194.39
2023-05-15,o,193.42
2023-05-16,o,192.98
2023-05-17,o,192.92
2023-05-18,o,192.65
2023-05-19,o,192.13
2023-05-20,o,191.3
2023-05-21,o,190.91
2023-05-22,o,190.59
2023-05-23,o,190.05
2023-05-24,o,189.26
2023-05-25,o,188.33
2023-05-26,o,187.8
2023-05-27,o,187.65
2023-05-28,o,187.28
2023-05-29,o,187.34
2023-05-30,o,187.12
2023-05-31,o,186.95
2023-06-01,o,186.87
2023-06-02,o,186.73
2023-06-03,o,186.69
2023-06-04,o,186.75
2023-06-05,o,186.56
2023-06-06,o,186.74
2023-06-07,o,187
2023-06-08,o,187.28
2023-06-09,o,187.22
2023-06-10,o,187.08
2023-06-11,o,186.89
2023-06-12,o,186.76
2023-06-13,o,186.52
2023-06-14,o,186.39
2023-06-15,o,186.16
2023-06-16,o,186.3
2023-06-17,o,186.28
2023-06-18,o,186.31
2023-06-19,o,186.24
2023-06-20,o,186.19
2023-06-21,o,185.99
2023-06-22,o,185.95
2023-06-23,o,185.88
2023-06-24,o,185.97
2023-06-25,o,185.94
2023-06-26,o,185.92
2023-06-27,o,185.9
2023-06-28,o,185.88
2023-06-29,o,185.95
2023-06-30,o,186.02
2023-07-01,o,185.81
2023-07-02,o,185.72
2023-07-03,o,185.53
2023-07-04,o,185.57
2023-07-05,o,185.77
2023-07-06,o,185.64
2023-07-07,o,185.66
2023-07-08,o,185.9
2023-07-09,o,186.12
2023-07-10,o,186.49
2023-07-11,o,186.81
2023-07-12,o,186.77
2023-07-13,o,186.92
2023-07-14,o,187.04
2023-07-15,o,187.04
2023-07-16,o,187.05
2023-07-17,o,187
2023-07-18,o,186.79
2023-07-19,o,186.76
2023-07-20,o,186.76
2023-07-21,o,186.45
2023-07-22,o,186.18
2023-07-23,o,186.21
2023-07-24,o,186.28
2023-07-25,o,186.4
2023-07-26,o,186.52
2023-07-27,o,186.53
2023-07-28,o,186.85
2023-07-29,o,187.52
2023-07-30,o,187.99
2023-07-31,o,188.51
2023-08-01,o,189.04
2023-08-02,o,189.36
2023-08-03,o,189.62
2023-08-04,o,189.9
2023-08-05,o,189.94
2023-08-06,o,189.95
2023-08-07,o,189.8
2023-08-08,o,189.89
2023-08-09,o,190.1
2023-08-10,o,190.26
2023-08-11,o,190.27
2023-08-12,o,189.99
2023-08-13,o,189.82
2023-08-14,o,190
2023-08-15,o,190.07
2023-08-16,o,190.05
2023-08-17,o,190.21
2023-08-18,o,190.37
2023-08-19,o,190.65
2023-08-20,o,190.83
2023-08-21,o,190.93
2023-08-22,o,190.96
2023-08-23,o,191.18
2023-08-24,o,191.3
2023-08-25,o,191.48
2023-08-26,o,191.64
2023-08-27,o,191.82
2023-08-28,o,191.73
2023-08-29,o,191.78
2023-08-30,o,191.74
2023-08-31,o,191.87
2023-09-01,o,191.84
2023-09-02,o,192.02
2023-09-03,o,192.18
2023-09-04,o,192.37
2023-09-05,o,192.05
2023-09-06,o,191.94
2023-09-07,o,191.57
2023-09-08,o,191.33
2023-09-09,o,190.95
2023-09-10,o,190.37
2023-09-11,o,189.93
2023-09-12,o,189.59
2023-09-13,o,189.36
2023-09-14,o,189.01
2023-09-15,o,188.63
2023-09-16,o,188.56
2023-09-17,o,188.58
2023-09-18,o,188.65
2023-09-19,o,188.98
2023-09-20,o,189.16
2023-09-21,o,189.77
2023-09-22,o,190.22
2023-09-23,o,190.58
2023-09-24,o,191.01
2023-09-25,o,191.39
2023-09-26,o,191.49
2023-09-27,o,191.35
2023-09-28,o,191.1
2023-09-29,o,190.92
2023-09-30,o,190.5
2023-10-01,o,190.02
2023-10-02,o,189.41
2023-10-03,o,189.05
2023-10-04,o,188.84
2023-10-05,o,188.36
2023-10-06,o,188.01
2023-10-07,o,187.54
2023-10-08,o,187.15
2023-10-09,o,186.5
2023-10-10,o,185.83
2023-10-11,o,185.47
2023-10-12,o,185.23
2023-10-13,o,184.86
2023-10-14,o,184.53
2023-10-15,o,184.08
2023-10-16,o,183.74
2023-10-17,o,183.18
2023-10-18,o,182.5
2023-10-19,o,181.75
2023-10-20,o,181.14
2023-10-21,o,180.41
2023-10-22,o,179.87
2023-10-23,o,179.38
2023-10-24,o,179.22
2023-10-25,o,178.78
2023-10-26,o,178.39
2023-10-27,o,177.82
2023-10-28,o,177.55
2023-10-29,o,177.02
2023-10-30,o,176.81
2023-10-31,o,176.37
2023-11-01,o,176.28
2023-11-02,o,175.91
2023-11-03,o,175.59
2023-11-04,o,175.21
2023-11-05,o,174.93
2023-11-06,o,174.56
2023-11-07,o,174.21
2023-11-08,o,173.58
2023-11-09,o,173.16
2023-11-10,o,172.75
2023-11-11,o,172.66
2023-11-12,o,172.49
2023-11-13,o,172.33
2023-11-14,o,172.07
2023-11-15,o,172.08
2023-11-16,o,172.07
2023-11-17,o,171.9
2023-11-18,o,171.48
2023-11-19,o,171.2
2023-11-20,o,170.82
2023-11-21,o,170.57
2023-11-22,o,170.25
2023-11-23,o,170.02
2023-11-24,o,169.87
2023-11-25,o,169.75
2023-11-26,o,169.52
2023-11-27,o,169.55
2023-11-28,o,169.61
2023-11-29,o,169.7
2023-11-30,o,169.82
2023-12-01,o,169.94
2023-12-02,o,169.95
2023-12-03,o,169.96
2023-12-04,o,169.68
2023-12-05,o,169.38
2023-12-06,o,168.83
2023-12-07,o,168.36
2023-12-08,o,168.14
2023-12-09,o,168.15
2023-12-10,o,168.19
2023-12-11,o,168.3
2023-12-12,o,168.58
2023-12-13,o,169.11
2023-12-14,o,169.6
2023-12-15,o,169.87
2023-12-16,o,169.82
2023-12-17,o,169.86
2023-12-18,o,169.56
2023-12-19,o,168.99
2023-12-20,o,168.42
2023-12-21,o,167.91
2023-12-22,o,167.25
2023-12-23,o,166.72
2023-12-24,o,166.12
2023-12-25,o,166.21
2023-12-26,o,166.2
2023-12-27,o,166.01
2023-12-28,o,165.86
2023-12-29,o,165.76
2023-12-30,o,165.55
2023-12-31,o,165.34
2024-01-01,o,165
2024-01-02,o,164.62
2024-01-03,o,164.25
2024-01-04,o,163.82
2024-01-05,o,163.65
2024-01-06,o,163.76
2024-01-07,o,163.72
2024-01-08,o,163.28
2024-01-09,o,163.23
2024-01-10,o,163.3
2024-01-11,o,163.38
2024-01-12,o,163.33
2024-01-13,o,163.05
2024-01-14,o,162.85
2024-01-15,o,162.87
2024-01-16,o,162.75
2024-01-17,o,162.68
2024-01-18,o,162.58
2024-01-19,o,162.5
2024-01-20,o,162.82
2024-01-21,o,163.18
2024-01-22,o,163.37
2024-01-23,o,163.35
2024-01-24,o,163.33
2024-01-25,o,163.45
2024-01-26,o,163.57
2024-01-27,o,163.37
2024-01-28,o,162.95
2024-01-29,o,162.86
2024-01-30,o,162.27
2024-01-31,o,161.5
2024-02-01,o,160.64
2024-02-02,o,159.82
2024-02-03,o,159.13
2024-02-04,o,158.68
2024-02-05,o,157.91
2024-02-06,o,157.96
2024-02-07,o,158.11
2024-02-08,o,158.21
2024-02-09,o,158.28
2024-02-10,o,158.26
2024-02-11,o,158.17
2024-02-12,o,158.22
2024-02-13,o,157.76
2024-02-14,o,157.68
2024-02-15,o,157.89
2024-02-16,o,157.92
2024-02-17,o,157.78
2024-02-18,o,157.83
2024-02-19,o,157.7
2024-02-20,o,158.09
2024-02-21,o,158.04
2024-02-22,o,157.89
2024-02-23,o,157.94
2024-02-24,o,158.21
2024-02-25,o,158.29
2024-02-26,o,158.46
2024-02-27,o,158.07
2024-02-28,o,157.65
2024-02-29,o,157.19
2024-03-01,o,156.64
2024-03-02,o,156.12
2024-03-03,o,155.61
2024-03-04,o,155.12
2024-03-05,o,155.21
2024-03-06,o,155.46
2024-03-07,o,155.55
2024-03-08,o,155.66
2024-03-09,o,155.91
2024-03-10,o,156.22
2024-03-11,o,156.44
2024-03-12,o,156.63
2024-03-13,o,156.76
2024-03-14,o,156.83
2024-03-15,o,157.1
2024-03-16,o,157.13
2024-03-17,o,157.11
2024-03-18,o,157.33
2024-03-19,o,157.56
2024-03-20,o,157.7
2024-03-21,o,158
2024-03-22,o,158.07
2024-03-23,o,158.3
2024-03-24,o,158.61
2024-03-25,o,158.92
2024-03-26,o,159.06
2024-03-27,o,159.28
2024-03-28,o,159.31
2024-03-29,o,159.42
2024-03-30,o,159.44
2024-03-31,o,159.33
2024-04-01,o,159.27
2024-04-02,o,159
2024-04-03,o,158.74
2024-04-04,o,158.54
2024-04-05,o,158.29
2024-04-06,o,158.11
2024-04-07,o,158.08
2024-04-08,o,157.76
2024-04-09,o,157.8
2024-04-10,o,157.93
2024-04-11,o,158.2
2024-04-12,o,158.47
2024-04-13,o,158.84
2024-04-14,o,159.08
2024-04-15,o,159.49
2024-04-16,o,159.75
2024-04-17,o,159.94
2024-04-18,o,160.16
2024-04-19,o,160.61
2024-04-20,o,160.67
2024-04-21,o,160.84
2024-04-22,o,160.96
2024-04-23,o,161.19
2024-04-24,o,161.11
2024-04-25,o,161.3
2024-04-26,o,161.39
2024-04-27,o,161.74
2024-04-28,o,162.03
2024-04-29,o,162.3
2024-04-30,o,162.24
2024-05-01,o,162.55
2024-05-02,o,162.2
2024-05-03,o,161.79
2024-05-04,o,161.32
2024-05-05,o,160.75
2024-05-06,o,160.15
2024-05-07,o,159.77
2024-05-08,o,159.37
2024-05-09,o,159.15
2024-05-10,o,158.74
2024-05-11,o,158.26
2024-05-12,o,157.87
2024-05-13,o,157.44
2024-05-14,o,156.99
2024-05-15,o,156.53
2024-05-16,o,156.19
2024-05-17,o,155.89
2024-05-18,o,155.35
2024-05-19,o,154.78
2024-05-20,o,154.42
2024-05-21,o,153.82
2024-05-22,o,153.34
2024-05-23,o,152.99
2024-05-24,o,152.79
2024-05-25,o,153.07
2024-05-26,o,153.22
2024-05-27,o,153.01
2024-05-28,o,153.34
2024-05-29,o,153.64
2024-05-30,o,153.79
2024-05-31,o,153.95
2024-06-01,o,153.95
2024-06-02,o,154.08
2024-06-03,o,154.44
2024-06-04,o,154.55
2024-06-05,o,154.51
2024-06-06,o,154.4
2024-06-07,o,154.14
2024-06-08,o,154.02
2024-06-09,o,153.94
2024-06-10,o,154.01
2024-06-11,o,154.2
2024-06-12,o,154.35
2024-06-13,o,154.54
2024-06-14,o,154.34
2024-06-15,o,154.01
2024-06-16,o,153.52
2024-06-17,o,152.88
2024-06-18,o,152.17
2024-06-19,o,151.38
2024-06-20,o,150.53
2024-06-21,o,150.22
2024-06-22,o,149.82
2024-06-23,o,149.57
2024-06-24,o,149.38
2024-06-25,o,149.37
2024-06-26,o,149.41
2024-06-27,o,151.03
2024-06-28,o,152.56
2024-06-29,o,152.73
2024-06-30,o,152.95
2024-07-01,o,153
2024-07-02,o,152.73
2024-07-03,o,152.49
2024-07-04,o,150.63
2024-07-05,o,148.79
2024-07-06,o,148.44
2024-07-07,o,147.9
2024-07-08,o,147.45
2024-07-09,o,147.2
2024-07-10,o,146.96
2024-07-11,o,146.68
2024-07-12,o,146.81
2024-07-13,o,146.88
2024-07-14,o,147.06
2024-07-15,o,147.47
2024-07-16,o,147.71
2024-07-17,o,147.88
2024-07-18,o,148.13
2024-07-19,o,148.03
2024-07-20,o,147.81
2024-07-21,o,147.86
2024-07-22,o,147.54
2024-07-23,o,147.37
2024-07-24,o,147.18
2024-07-25,o,146.95
2024-07-26,o,146.68
2024-07-27,o,146.45
2024-07-28,o,146.03
2024-07-29,o,145.74
2024-07-30,o,145.49
2024-07-31,o,145.26
2024-08-01,o,145.08
2024-08-02,o,144.72
2024-08-03,o,144.46
2024-08-04,o,144.35
2024-08-05,o,144.12
2024-08-06,o,143.83
2024-08-07,o,143.72
2024-08-08,o,143.55
2024-08-09,o,143.73
2024-08-10,o,143.82
2024-08-11,o,143.8
2024-08-12,o,143.91
2024-08-13,o,144.12
2024-08-14,o,144.15
2024-08-15,o,144.33
2024-08-16,o,144.32
2024-08-17,o,144.32
2024-08-18,o,144.28
2024-08-19,o,144.34
2024-08-20,o,144.27
2024-08-21,o,144.17
2024-08-22,o,144.05
2024-08-23,o,144.07
2024-08-24,o,144.15
2024-08-25,o,144.1
2024-08-26,o,143.9
2024-08-27,o,143.87
2024-08-28,o,143.9
2024-08-29,o,143.95
2024-08-30,o,143.89
2024-08-31,o,143.92
2024-09-01,o,143.97
2024-09-02,o,144.06
2024-09-03,o,143.84
2024-09-04,o,143.69
2024-09-05,o,143.42
2024-09-06,o,143.27
2024-09-07,o,142.68
2024-09-08,o,142.4
2024-09-09,o,142.02
2024-09-10,o,141.59
2024-09-11,o,141
2024-09-12,o,140.56
2024-09-13,o,139.99
2024-09-14,o,139.83
2024-09-15,o,139.32
2024-09-16,o,139.07
2024-09-17,o,139.05
2024-09-18,o,139.15
2024-09-19,o,139.07
2024-09-20,o,138.95
2024-09-21,o,138.81
2024-09-22,o,138.76
2024-09-23,o,138.44
2024-09-24,o,138.11
2024-09-25,o,137.77
2024-09-26,o,137.33
2024-09-27,o,137.16
2024-09-28,o,137.17
2024-09-29,o,137.24
2024-09-30,o,137.4
2024-10-01,o,137.39
2024-10-02,o,137.31
2024-10-03,o,137.44
2024-10-04,o,137.42
2024-10-05,o,137.18
2024-10-06,o,136.89
2024-10-07,o,136.5
2024-10-08,o,136.39
2024-10-09,o,136.19
2024-10-10,o,135.65
2024-10-11,o,135.14
2024-10-12,o,134.69
2024-10-13,o,134.24
2024-10-14,o,133.89
2024-10-15,o,133.35
2024-10-16,o,132.87
2024-10-17,o,132.59
2024-10-18,o,132.36
2024-10-19,o,132.08
2024-10-20,o,131.85
2024-10-21,o,131.38
2024-10-22,o,131.07
2024-10-23,o,130.78
2024-10-24,o,130.6
2024-10-25,o,130.44
2024-10-26,o,130.2
2024-10-27,o,129.91
2024-10-28,o,129.95
2024-10-29,o,129.8
2024-10-30,o,129.82
2024-10-31,o,129.85
2024-11-01,o,129.96
2024-11-02,o,129.88
2024-11-03,o,129.83
2024-11-04,o,129.86
2024-11-05,o,130.05
2024-11-06,o,130.16
2024-11-07,o,130.26
2024-11-08,o,130
2024-11-09,o,129.84
2024-11-10,o,129.52
2024-11-11,o,129.47
2024-11-12,o,129.05
2024-11-13,o,128.76
2024-11-14,o,128.36
2024-11-15,o,128.25
2024-11-16,o,128.2
2024-11-17,o,128.17
2024-11-18,o,127.84
2024-11-19,o,127.86
2024-11-20,o,127.58
2024-11-21,o,127.45
2024-11-22,o,127.45
2024-11-23,o,127.48
2024-11-24,o,127.54
2024-11-25,o,127.67
2024-11-26,o,127.87
2024-11-27,o,128.27
2024-11-28,o,128.56
2024-11-29,o,128.68
2024-11-30,o,128.92
2024-12-01,o,129.04
2024-12-02,o,129.22
2024-12-03,o,129.25
2024-12-04,o,129.29
2024-12-05,o,129.47
2024-12-06,o,129.62
2024-12-07,o,129.8
2024-12-08,o,129.91
2024-12-09,o,129.94
2024-12-10,o,130.06
2024-12-11,o,129.99
2024-12-12,o,129.91
2024-12-13,o,129.89
2024-12-14,o,129.71
2024-12-15,o,129.84
2024-12-16,o,129.91
2024-12-17,o,130.05
2024-12-18,o,130.35
2024-12-19,o,130.64
2024-12-20,o,130.89
2024-12-21,o,131.14
2024-12-22,o,131.32
2024-12-23,o,131.62
2024-12-24,o,131.69
2024-12-25,o,131.81
2024-12-26,o,131.75
2024-12-27,o,131.62
2024-12-28,o,131.56
2024-12-29,o,131.49
2024-12-30,o,131.43
2024-12-31,o,131.46
2025-01-01,o,131.44
2025-01-02,o,131.45
2025-01-03,o,131.44
2025-01-04,o,131.42
2025-01-05,o,131.25
2025-01-06,o,130.97
2025-01-07,o,130.66
2025-01-08,o,130.33
2025-01-09,o,130.2
2025-01-10,o,130.1
2025-01-11,o,130.05
2025-01-12,o,130.16
2025-01-13,o,130.26
2025-01-14,o,130.36
2025-01-15,o,130.36
2025-01-16,o,130.33
2025-01-17,o,130.14
2025-01-18,o,130.01
2025-01-19,o,129.92
2025-01-20,o,129.88
2025-01-21,o,129.96
2025-01-22,o,130.11
2025-01-23,o,130.04
2025-01-24,o,130.35
2025-01-25,o,130.6
2025-01-26,o,130.77
2025-01-27,o,130.65
2025-01-28,o,130.89
2025-01-29,o,130.64
2025-01-30,o,130.73
2025-01-31,o,130.54
2025-02-01,o,130.3
2025-02-02,o,130.06
2025-02-03,o,130
2025-02-04,o,129.51
2025-02-05,o,129.65
2025-02-06,o,129.55
2025-02-07,o,129.47
2025-02-08,o,129.44
2025-02-09,o,129.38
2025-02-10,o,129.3
2025-02-11,o,129.27
2025-02-12,o,129
2025-02-13,o,128.81
2025-02-14,o,128.82
2025-02-15,o,128.42
2025-02-16,o,128.4
2025-02-17,o,128.36
2025-02-18,o,128.17
2025-02-19,o,128.12
2025-02-20,o,128.01
2025-02-21,o,127.75
2025-02-22,o,127.88
2025-02-23,o,127.66
2025-02-24,o,127.46
2025-02-25,o,127.28
2025-02-26,o,127.06
2025-02-27,o,127.03
2025-02-28,o,127.05
2025-03-01,o,127
2025-03-02,o,127.01
2025-03-03,o,126.91
2025-03-04,o,126.82
2025-03-05,o,125.49
2025-03-06,o,125.2
2025-03-07,o,124.8
2025-03-08,o,124.51
2025-03-09,o,124.18
2025-03-10,o,124.08
2025-03-11,o,124.43
2025-03-12,o,125.93
2025-03-13,o,125.91
2025-03-14,o,125.92
2025-03-15,o,125.72
2025-03-16,o,125.56
2025-03-17,o,125.39
2025-03-18,o,124.79
2025-03-19,o,124.43
2025-03-20,o,124.33
2025-03-21,o,124.29
2025-03-22,o,124.3
2025-03-23,o,124.37
2025-03-24,o,124.35
2025-03-25,o,124.38
2025-03-26,o,124.39
2025-03-27,o,124.38
2025-03-28,o,124.3
2025-03-29,o,124.39
2025-03-30,o,124.4
2025-03-31,o,124.41
2025-04-01,o,124.36
2025-04-02,o,124.19
2025-04-03,o,124.16
2025-04-04,o,124.26
2025-04-05,o,124.21
2025-04-06,o,124.22
2025-04-07,o,124.35
2025-04-08,o,124.39
2025-04-09,o,124.52
2025-04-10,o,124.47
2025-04-11,o,124.24
2025-04-12,o,123.96
2025-04-13,o,123.7
2025-04-14,o,123.41
2025-04-15,o,123.25
2025-04-16,o,123.02
2025-04-17,o,122.93
2025-04-18,o,122.98
2025-04-19,o,123.04
2025-04-20,o,123.09
2025-04-21,o,123.23
2025-04-22,o,123.17
2025-04-23,o,123.04
2025-04-24,o,122.87
2025-04-25,o,122.66
2025-04-26,o,122.4
2025-04-27,o,122.22
2025-04-28,o,121.86
2025-04-29,o,121.71
2025-04-30,o,121.64
2025-05-01,o,121.79
2025-05-02,o,121.93
2025-05-03,o,122.11
2025-05-04,o,122.19
2025-05-05,o,122.42
2025-05-06,o,122.52
2025-05-07,o,122.58
2025-05-08,o,122.49
2025-05-09,o,122.39
2025-05-10,o,122.25
2025-05-11,o,122.15
2025-05-12,o,121.97
2025-05-13,o,121.85
2025-05-14,o,121.72
2025-05-15,o,121.47
2025-05-16,o,121.38
2025-05-17,o,121.33
2025-05-18,o,121.42
2025-05-19,o,121.58
2025-05-20,o,121.83
2025-05-21,o,122.05
2025-05-22,o,122.29
2025-05-23,o,122.49
2025-05-24,o,122.69
2025-05-25,o,122.74
2025-05-26,o,122.69
2025-05-27,o,122.63
2025-05-28,o,122.58
2025-05-29,o,122.79
2025-05-30,o,122.89
2025-05-31,o,122.75
2025-06-01,o,122.55
2025-06-02,o,122.34
2025-06-03,o,122.1
2025-06-04,o,121.8
2025-06-05,o,121.16
2025-06-06,o,120.57
2025-06-07,o,120.32
2025-06-08,o,120.02
2025-06-09,o,119.89
2025-06-10,o,119.48
2025-06-11,o,119.18
2025-06-12,o,118.98
2025-06-13,o,118.71
2025-06-14,o,118.53
2025-06-15,o,118.45
2025-06-16,o,118.15
2025-06-17,o,118.17
2025-06-18,o,118.24
2025-06-19,o,118.33
2025-06-20,o,118.52
2025-06-21,o,118.54
2025-06-22,o,118.6
2025-06-23,o,118.76
2025-06-24,o,118.82
2025-06-25,o,118.95
2025-06-26,o,119.04
2025-06-27,o,119.05
2025-06-28,o,118.95
2025-06-29,o,119.02
2025-06-30,o,119.02
2025-07-01,o,118.99
2025-07-02,o,118.94
2025-07-03,o,118.88
2025-07-04,o,118.86
2025-07-05,o,118.94
2025-07-06,o,118.8
2025-07-07,o,118.67
2025-07-08,o,118.54
2025-07-09,o,118.23
2025-07-10,o,117.92
2025-07-11,o,117.65
2025-07-12,o,117.42
2025-07-13,o,117.13
2025-07-14,o,116.94
2025-07-15,o,116.61
2025-07-16,o,116.4
2025-07-17,o,116.18
2025-07-18,o,115.99
2025-07-19,o,115.71
2025-07-20,o,115.65
2025-07-21,o,115.43
2025-07-22,o,115.51
2025-07-23,o,115.59
2025-07-24,o,115.56
2025-07-25,o,115.48
2025-07-26,o,115.48
2025-07-27,o,115.34
2025-07-28,o,115.3
2025-07-29,o,115.16
2025-07-30,o,115.01
2025-07-31,o,115.09
2025-08-01,o,115.05
2025-08-02,o,115
2025-08-03,o,114.92
2025-08-04,o,114.96
2025-08-05,o,115.07
2025-08-06,o,115.08
2025-08-07,o,115.04
2025-08-08,o,115.13
2025-08-09,o,115.25
2025-08-10,o,115.38
2025-08-11,o,115.41
2025-08-12,o,115.3
2025-08-13,o,115.28
2025-08-14,o,115.43
2025-08-15,o,115.68
2025-08-16,o,115.68
2025-08-17,o,115.81
2025-08-18,o,115.93
2025-08-19,o,115.89
2025-08-20,o,116
2025-08-21,o,115.98
2025-08-22,o,115.76
2025-08-23,o,115.72
2025-08-24,o,115.45
2025-08-25,o,115.2
2025-08-26,o,115.16
2025-08-27,o,115.11
2025-08-28,o,115.02
2025-08-29,o,114.89
2025-08-30,o,114.95
2025-08-31,o,115.01
2025-09-01,o,115.05
2025-09-02,o,115.25
2025-09-03,o,115.27
2025-09-04,o,115.43
2025-09-05,o,115.67
2025-09-06,o,115.82
2025-09-07,o,115.93
2025-09-08,o,116.09
2025-09-09,o,115.99
2025-09-10,o,115.85
2025-09-11,o,115.8
2025-09-12,o,115.66
2025-09-13,o,115.44
2025-09-14,o,115.35
2025-09-15,o,115.21
2025-09-16,o,115.28
2025-09-17,o,115.29
2025-09-18,o,115.16
2025-09-19,o,114.99
2025-09-20,o,115.05
2025-09-21,o,114.99
2025-09-22,o,114.93
2025-09-23,o,114.84
2025-09-24,o,114.78
2025-09-25,o,114.79
2025-09-26,o,114.83
2025-09-27,o,114.55
2025-09-28,o,114.26
2025-09-29,o,114.02
2025-09-30,o,113.71
2025-10-01,o,113.57
2025-10-02,o,113.26
2025-10-03,o,112.99
2025-10-04,o,112.79
2025-10-05,o,112.69
2025-10-06,o,112.57
2025-10-07,o,112.37
2025-10-08,o,112.07
2025-10-09,o,111.76
2025-10-10,o,111.74
2025-10-11,o,111.81
2025-10-12,o,111.88
2025-10-13,o,111.95
2025-10-14,o,112.11
2025-10-15,o,112.33
2025-10-16,o,112.56
2025-10-17,o,112.5
2025-10-18,o,112.37
2025-10-19,o,112.27
2025-10-20,o,112.21
2025-10-21,o,111.89
2025-10-22,o,111.85
2025-10-23,o,111.8
2025-10-24,o,111.74
2025-10-25,o,111.71
2025-10-26,o,111.72
2025-10-27,o,111.81
2025-10-28,o,112.07
2025-10-29,o,112
2025-10-30,o,112.01
2025-10-31,o,111.95
2025-11-01,o,111.66
2025-11-02,o,111.71
2025-11-03,o,111.72
2025-11-04,o,111.78
2025-11-05,o,111.89
2025-11-06,o,111.98
2025-11-07,o,112.18
2025-11-08,o,112.61
2025-11-09,o,112.58
2025-11-10,o,112.56
2025-11-11,o,112.57
2025-11-12,o,112.48
2025-11-13,o,112.44
2025-11-14,o,112.51
2025-11-15,o,112.62
2025-11-16,o,112.74
2025-11-17,o,112.88
2025-11-18,o,113.01
2025-11-19,o,112.79
2025-11-20,o,112.66
2025-11-21,o,112.36
2025-11-22,o,111.93
2025-11-23,o,111.49
2025-11-24,o,111.04
2025-11-25,o,110.65
2025-11-26,o,110.69
2025-11-27,o,110.59
2025-11-28,o,110.66
2025-11-29,o,110.81
2025-11-30,o,111
2025-12-01,o,111.04
2025-12-02,o,111.03
2025-12-03,o,110.95
2025-12-04,o,110.92
2025-12-05,o,110.84
2025-12-06,o,110.65
2025-12-07,o,110.48
2025-12-08,o,110.33
2025-12-09,o,110.26
2025-12-10,o,110.14
2025-12-11,o,109.95
2025-12-12,o,109.75
2025-12-13,o,109.83
2025-12-14,o,109.89
2025-12-15,o,110.07
2025-12-16,o,110.12
2025-12-17,o,110.25
2025-12-18,o,110.39
2025-12-19,o,110.48
2025-12-20,o,110.29
2025-12-21,o,110.13
2025-12-22,o,110.08
2025-12-23,o,110.01
2025-12-24,o,109.96
2025-12-25,o,109.9
2025-12-26,o,109.85
2025-12-27,o,109.81
2025-12-28,o,109.79
2025-12-29,o,109.79
2025-12-30,o,109.88
2025-12-31,o,110.05
2026-01-01,o,109.65
2026-01-02,o,109.26
2026-01-03,o,108.75
2026-01-04,o,107.95
2026-01-05,o,107.08
2026-01-06,o,106.49
2026-01-07,o,106
2026-01-08,o,106.07
2026-01-09,o,106.37
2026-01-10,o,106.86
2026-01-11,o,107.53
2026-01-12,o,108.08
2026-01-13,o,108.55
2026-01-14,o,109.06
2026-01-15,o,109.68
2026-01-16,o,110.28
2026-01-17,o,110.93
2026-01-18,o,111.59
2026-01-19,o,112.27
2026-01-20,o,113.09
2026-01-21,o,113.79
2026-01-22,o,114.69
2026-01-23,o,115.39
2026-01-24,o,116.12
2026-01-25,o,116.73
2026-01-26,o,117.2
2026-01-27,o,117.12
2026-01-28,o,116.9
2026-01-29,o,116.58
2026-01-30,o,116.36
2026-01-31,o,115.98
2026-02-01,o,115.64
2026-02-02,o,115.21
2026-02-03,o,115.2
2026-02-04,o,115.23
2026-02-05,o,115.31
2026-02-06,o,115.38
2026-02-07,o,115.57
2026-02-08,o,115.7
2026-02-09,o,116.08
2026-02-10,o,116.33
2026-02-11,o,116.64
2026-02-12,o,116.74
2026-02-13,o,116.96
2026-02-14,o,117.27
2026-02-15,o,117.53
2026-02-16,o,117.81
2026-02-17,o,118.14
2026-02-18,o,118.48
2026-02-19,o,118.91
2026-02-20,o,119.1
2026-02-21,o,119.16
2026-02-22,o,119.28
2026-02-23,o,119.22
2026-02-24,o,118.93
2026-02-25,o,118.69
2026-02-26,o,118.33
2026-02-27,o,118.15
2026-02-28,o,117.78
2026-03-01,o,117.37
2026-03-02,o,117.06
2026-03-03,o,116.97
2026-03-04,o,116.81
2026-03-05,o,116.82
2026-03-06,o,116.57
2026-03-07,o,116.48
2026-03-08,o,116.25
2026-03-09,o,116
2026-03-10,o,115.54
2026-03-11,o,114.85
2026-03-12,o,113.86
2026-03-13,o,113.04
2026-03-14,o,112.07
2026-03-15,o,111.15
2026-03-16,o,110.2
2026-03-17,o,109.29
2026-03-18,o,108.65
2026-03-19,o,107.93
2026-03-20,o,107.07
2026-03-21,o,106.25
2026-03-22,o,105.38
2026-03-23,o,104.58
2026-03-24,o,103.95
2026-03-25,o,103.32
2026-03-26,o,102.82
2026-03-27,o,102.39
2026-03-28,o,102.08
2026-03-29,o,101.93
2026-03-30,o,101.76
2026-03-31,o,101.46
2026-04-01,o,100.99
2026-04-02,o,100.71
2026-04-03,o,100.54
2026-04-04,o,100.55
2026-04-05,o,100.53
2026-04-06,o,100.6
2026-04-07,o,100.61
2026-04-08,o,100.7
2026-04-09,o,100.81
2026-04-10,o,100.92
2026-04-11,o,100.91
2026-04-12,o,101
2026-04-13,o,101.1
2026-04-14,o,101.56
2026-04-15,o,101.76
2026-04-16,o,102
2026-04-17,o,102
2026-04-18,o,101.95
2026-04-19,o,101.95
2026-04-20,o,101.92
2026-04-21,o,101.83
2026-04-22,o,102.17
2026-04-23,o,102.29
2026-04-24,o,102.59
2026-04-25,o,102.91
2026-04-26,o,103.19
2026-04-27,o,103.43
2026-04-28,o,103.6
2026-04-29,o,103.64
2026-04-30,o,103.44
2026-05-01,o,103.08
2026-05-02,o,102.41
2026-05-03,o,101.67
2026-05-04,o,100.88
2026-05-05,o,100.26
2026-05-06,o,99.63
2026-05-07,o,99.34
2026-05-08,o,99.09
2026-05-09,o,99.03
2026-05-10,o,98.99
2026-05-11,o,99.1
2026-05-12,o,99.19
2026-05-13,o,99.39
2026-05-14,o,99.45
2026-05-15,o,99.4
2026-05-16,o,99.35
2026-05-17,o,99.37
2026-05-18,o,99.3
2026-05-19,o,99.01
2026-05-20,o,98.66
2026-05-21,o,98.49
2026-05-22,o,98.35
2026-05-23,o,98.32
2026-05-24,o,98.25
2026-05-25,o,98.08
2026-05-26,o,97.45
2026-05-27,o,96.88
2026-05-28,o,96.2
2026-05-29,o,95.75
2026-05-30,o,95.58
2026-05-31,o,95.49
2026-06-01,o,95.17
2026-06-02,o,95.46
2026-06-03,o,95.74
2026-06-04,o,96.04
2026-06-05,o,96.34
2026-06-06,o,96.65
2026-06-07,o,96.92
2026-06-08,o,97.13
2026-06-09,o,97.32
2026-06-10,o,97.34
2026-06-11,o,97.59
2026-06-12,o,97.67
2026-06-13,o,97.73
2026-06-14,o,97.82
2026-06-15,o,98.3
2026-06-16,o,98.69
2026-06-17,o,99.13
2026-06-18,o,99.36
2026-06-19,o,99.74
2026-06-20,o,100.05
2026-06-21,o,100.32
2026-06-22,o,100.35
2026-06-23,o,100.29
2026-06-24,o,100.35
2026-06-25,o,100.48
2026-06-26,o,100.54
2026-06-27,o,100.54
2026-06-28,o,100.45
2026-06-29,o,100.52
2026-06-30,o,100.56
2026-07-01,o,100.33
2026-07-02,o,100.13
2026-07-03,o,100.01
2026-07-04,o,99.94
2026-07-05,o,99.89
2026-07-06,o,99.64
2026-07-07,o,99.55
2026-07-08,o,99.65
2026-07-09,o,99.49
2026-07-10,o,99.33
2026-07-11,o,99.26
2026-07-12,o,99.36
2026-07-13,o,99.55
2026-07-14,o,99.67
2026-07-15,o,99.56
2026-07-16,o,99.6
2026-07-17,o,99.52
2026-07-18,o,99.43
2026-07-19,o,99.28
2026-07-20,o,99.07
2026-07-21,o,99
2026-07-22,o,99.17
2026-07-23,o,99.37
2026-07-24,o,99.56
2026-07-25,o,99.72
2026-07-26,o,99.91
2026-07-27,o,99.99
2026-07-28,o,100.01
2026-07-29,o,99.93
2026-07-30,o,99.89
2026-07-31,o,99.67
2026-08-01,o,99.46
2026-08-02,o,99.11
2026-08-03,o,98.99
2026-08-04,o,98.89
2026-08-05,o,98.81
2026-08-06,o,98.5
2026-08-07,o,98.41
2026-08-08,o,98.27
2026-08-09,o,98.28
2026-08-10,o,98.14
2026-08-11,o,98.05
2026-08-12,o,97.95
2026-08-13,o,98.19
2026-08-14,o,98.44
2026-08-15,o,98.56
2026-08-16,o,98.65
2026-08-17,o,99
2026-08-18,o,99.18
2026-08-19,o,99.34
2026-08-20,o,99.44
2026-08-21,o,99.66
2026-08-22,o,99.96
2026-08-23,o,100.18
2026-08-24,o,100.16
2026-08-25,o,100.21
2026-08-26,o,100.31
2026-08-27,o,100.26
2026-08-28,o,100.02
2026-08-29,o,99.92
2026-08-30,o,99.71
2026-08-31,o,99.41
2026-09-01,o,99.11
2026-09-02,o,98.9
2026-09-03,o,98.72
2026-09-04,o,98.64
2026-09-05,o,98.45
2026-09-06,o,98.39
2026-09-07,o,98.33
2026-09-08,o,98.16
2026-09-09,o,97.91
2026-09-10,o,97.76
2026-09-11,o,97.58
2026-09-12,o,97.5
2026-09-13,o,97.38
2026-09-14,o,97.28
2026-09-15,o,97.37
2026-09-16,o,97.45
2026-09-17,o,97.49
2026-09-18,o,97.47
