date,jobcountry,indeed_job_postings_index_SA,indeed_job_postings_index_NSA,variable
2020-02-01,EA,100,100,total postings
2020-02-02,EA,99.89,100,total postings
2020-02-03,EA,99.83,100.04,total postings
2020-02-04,EA,99.67,100.03,total postings
2020-02-05,EA,99.7,100.12,total postings
2020-02-06,EA,99.69,100.14,total postings
2020-02-07,EA,99.68,100.21,total postings
2020-02-08,EA,99.64,100.38,total postings
2020-02-09,EA,99.6,100.56,total postings
2020-02-10,EA,99.54,100.67,total postings
2020-02-11,EA,99.48,100.72,total postings
2020-02-12,EA,99.39,100.76,total postings
2020-02-13,EA,99.36,100.83,total postings
2020-02-14,EA,99.33,100.86,total postings
2020-02-15,EA,99.31,100.88,total postings
2020-02-16,EA,99.27,100.88,total postings
2020-02-17,EA,99.24,100.88,total postings
2020-02-18,EA,99.16,100.84,total postings
2020-02-19,EA,99.09,100.8,total postings
2020-02-20,EA,99.01,100.81,total postings
2020-02-21,EA,98.93,100.81,total postings
2020-02-22,EA,98.81,100.78,total postings
2020-02-23,EA,98.75,100.8,total postings
2020-02-24,EA,98.74,100.84,total postings
2020-02-25,EA,98.79,100.98,total postings
2020-02-26,EA,98.9,101.14,total postings
2020-02-27,EA,99.04,101.27,total postings
2020-02-28,EA,99.15,101.38,total postings
2020-02-29,EA,99.31,101.49,total postings
2020-03-01,EA,99.49,101.54,total postings
2020-03-02,EA,99.63,101.53,total postings
2020-03-03,EA,99.78,101.51,total postings
2020-03-04,EA,99.79,101.42,total postings
2020-03-05,EA,99.72,101.29,total postings
2020-03-06,EA,99.68,101.14,total postings
2020-03-07,EA,99.61,101.03,total postings
2020-03-08,EA,99.47,100.94,total postings
2020-03-09,EA,99.29,100.92,total postings
2020-03-10,EA,99.3,101.07,total postings
2020-03-11,EA,99.35,101.2,total postings
2020-03-12,EA,99.42,101.36,total postings
2020-03-13,EA,99.41,101.43,total postings
2020-03-14,EA,99.35,101.43,total postings
2020-03-15,EA,99.26,101.41,total postings
2020-03-16,EA,99.16,101.31,total postings
2020-03-17,EA,98.71,100.86,total postings
2020-03-18,EA,98.17,100.26,total postings
2020-03-19,EA,97.47,99.44,total postings
2020-03-20,EA,96.69,98.54,total postings
2020-03-21,EA,95.79,97.47,total postings
2020-03-22,EA,94.92,96.4,total postings
2020-03-23,EA,93.96,95.35,total postings
2020-03-24,EA,93,94.29,total postings
2020-03-25,EA,91.97,93.21,total postings
2020-03-26,EA,90.82,92.17,total postings
2020-03-27,EA,89.72,91.18,total postings
2020-03-28,EA,88.56,90.22,total postings
2020-03-29,EA,87.41,89.25,total postings
2020-03-30,EA,86.34,88.3,total postings
2020-03-31,EA,85.4,87.4,total postings
2020-04-01,EA,84.55,86.49,total postings
2020-04-02,EA,83.88,85.61,total postings
2020-04-03,EA,83.12,84.67,total postings
2020-04-04,EA,82.47,83.83,total postings
2020-04-05,EA,81.78,82.97,total postings
2020-04-06,EA,81.02,82.09,total postings
2020-04-07,EA,80.1,81.22,total postings
2020-04-08,EA,79.24,80.5,total postings
2020-04-09,EA,78.39,79.84,total postings
2020-04-10,EA,77.56,79.31,total postings
2020-04-11,EA,76.77,78.83,total postings
2020-04-12,EA,76.04,78.31,total postings
2020-04-13,EA,75.43,77.89,total postings
2020-04-14,EA,75.09,77.56,total postings
2020-04-15,EA,74.84,77.22,total postings
2020-04-16,EA,74.49,76.96,total postings
2020-04-17,EA,74.31,76.71,total postings
2020-04-18,EA,74.17,76.53,total postings
2020-04-19,EA,73.89,76.3,total postings
2020-04-20,EA,73.72,76.12,total postings
2020-04-21,EA,73.42,75.97,total postings
2020-04-22,EA,72.97,75.8,total postings
2020-04-23,EA,72.73,75.62,total postings
2020-04-24,EA,72.46,75.45,total postings
2020-04-25,EA,72.07,75.3,total postings
2020-04-26,EA,71.87,75.25,total postings
2020-04-27,EA,71.62,75.15,total postings
2020-04-28,EA,71.36,75.01,total postings
2020-04-29,EA,71.22,74.92,total postings
2020-04-30,EA,71.1,74.79,total postings
2020-05-01,EA,70.85,74.57,total postings
2020-05-02,EA,70.81,74.3,total postings
2020-05-03,EA,70.71,73.99,total postings
2020-05-04,EA,70.6,73.7,total postings
2020-05-05,EA,70.5,73.44,total postings
2020-05-06,EA,70.51,73.21,total postings
2020-05-07,EA,70.44,72.99,total postings
2020-05-08,EA,70.51,72.88,total postings
2020-05-09,EA,70.49,72.8,total postings
2020-05-10,EA,70.51,72.74,total postings
2020-05-11,EA,70.51,72.66,total postings
2020-05-12,EA,70.58,72.6,total postings
2020-05-13,EA,70.52,72.56,total postings
2020-05-14,EA,70.53,72.53,total postings
2020-05-15,EA,70.6,72.51,total postings
2020-05-16,EA,70.53,72.42,total postings
2020-05-17,EA,70.39,72.37,total postings
2020-05-18,EA,70.22,72.31,total postings
2020-05-19,EA,70.04,72.24,total postings
2020-05-20,EA,69.89,72.16,total postings
2020-05-21,EA,69.81,72.26,total postings
2020-05-22,EA,69.78,72.48,total postings
2020-05-23,EA,69.83,72.71,total postings
2020-05-24,EA,69.88,72.91,total postings
2020-05-25,EA,69.92,73.16,total postings
2020-05-26,EA,69.93,73.4,total postings
2020-05-27,EA,69.91,73.64,total postings
2020-05-28,EA,69.82,73.71,total postings
2020-05-29,EA,69.73,73.74,total postings
2020-05-30,EA,69.74,73.86,total postings
2020-05-31,EA,69.76,73.92,total postings
2020-06-01,EA,69.9,73.92,total postings
2020-06-02,EA,69.94,73.87,total postings
2020-06-03,EA,70.08,73.85,total postings
2020-06-04,EA,70.09,73.8,total postings
2020-06-05,EA,70.11,73.82,total postings
2020-06-06,EA,69.97,73.68,total postings
2020-06-07,EA,69.92,73.65,total postings
2020-06-08,EA,69.8,73.69,total postings
2020-06-09,EA,69.81,73.87,total postings
2020-06-10,EA,69.74,74.02,total postings
2020-06-11,EA,69.81,74.26,total postings
2020-06-12,EA,69.82,74.39,total postings
2020-06-13,EA,69.93,74.68,total postings
2020-06-14,EA,70.04,74.97,total postings
2020-06-15,EA,70.14,75.18,total postings
2020-06-16,EA,70.19,75.34,total postings
2020-06-17,EA,70.24,75.49,total postings
2020-06-18,EA,70.25,75.6,total postings
2020-06-19,EA,70.22,75.7,total postings
2020-06-20,EA,70.22,75.81,total postings
2020-06-21,EA,70.23,75.9,total postings
2020-06-22,EA,70.25,76,total postings
2020-06-23,EA,70.25,76.08,total postings
2020-06-24,EA,70.29,76.18,total postings
2020-06-25,EA,70.36,76.23,total postings
2020-06-26,EA,70.4,76.25,total postings
2020-06-27,EA,70.46,76.29,total postings
2020-06-28,EA,70.51,76.34,total postings
2020-06-29,EA,70.54,76.37,total postings
2020-06-30,EA,70.67,76.42,total postings
2020-07-01,EA,70.73,76.37,total postings
2020-07-02,EA,70.81,76.34,total postings
2020-07-03,EA,70.95,76.37,total postings
2020-07-04,EA,71.08,76.41,total postings
2020-07-05,EA,71.2,76.44,total postings
2020-07-06,EA,71.42,76.61,total postings
2020-07-07,EA,71.65,76.83,total postings
2020-07-08,EA,71.93,77.16,total postings
2020-07-09,EA,72.21,77.53,total postings
2020-07-10,EA,72.51,77.89,total postings
2020-07-11,EA,72.72,78.16,total postings
2020-07-12,EA,72.96,78.4,total postings
2020-07-13,EA,73.08,78.54,total postings
2020-07-14,EA,73.16,78.68,total postings
2020-07-15,EA,73.18,78.7,total postings
2020-07-16,EA,73.2,78.71,total postings
2020-07-17,EA,73.16,78.68,total postings
2020-07-18,EA,73.17,78.68,total postings
2020-07-19,EA,73.16,78.68,total postings
2020-07-20,EA,73.18,78.68,total postings
2020-07-21,EA,73.19,78.64,total postings
2020-07-22,EA,73.31,78.72,total postings
2020-07-23,EA,73.45,78.82,total postings
2020-07-24,EA,73.58,78.91,total postings
2020-07-25,EA,73.81,79.09,total postings
2020-07-26,EA,74.09,79.25,total postings
2020-07-27,EA,74.33,79.39,total postings
2020-07-28,EA,74.61,79.53,total postings
2020-07-29,EA,74.75,79.65,total postings
2020-07-30,EA,74.83,79.73,total postings
2020-07-31,EA,75,79.83,total postings
2020-08-01,EA,75.05,79.74,total postings
2020-08-02,EA,75.05,79.66,total postings
2020-08-03,EA,75.08,79.57,total postings
2020-08-04,EA,75.11,79.49,total postings
2020-08-05,EA,75.44,79.68,total postings
2020-08-06,EA,75.93,79.97,total postings
2020-08-07,EA,76.35,80.2,total postings
2020-08-08,EA,76.85,80.61,total postings
2020-08-09,EA,77.39,81.03,total postings
2020-08-10,EA,77.89,81.44,total postings
2020-08-11,EA,78.36,81.82,total postings
2020-08-12,EA,78.58,81.9,total postings
2020-08-13,EA,78.8,81.98,total postings
2020-08-14,EA,78.94,82.05,total postings
2020-08-15,EA,79.02,82.04,total postings
2020-08-16,EA,79.19,82.08,total postings
2020-08-17,EA,79.37,82.09,total postings
2020-08-18,EA,79.6,82.18,total postings
2020-08-19,EA,79.79,82.24,total postings
2020-08-20,EA,79.89,82.25,total postings
2020-08-21,EA,80.04,82.26,total postings
2020-08-22,EA,80.2,82.32,total postings
2020-08-23,EA,80.27,82.32,total postings
2020-08-24,EA,80.33,82.35,total postings
2020-08-25,EA,80.4,82.39,total postings
2020-08-26,EA,80.51,82.46,total postings
2020-08-27,EA,80.6,82.53,total postings
2020-08-28,EA,80.7,82.64,total postings
2020-08-29,EA,80.86,82.76,total postings
2020-08-30,EA,80.96,82.89,total postings
2020-08-31,EA,81.11,83.01,total postings
2020-09-01,EA,81.25,82.99,total postings
2020-09-02,EA,81.43,82.98,total postings
2020-09-03,EA,81.56,82.97,total postings
2020-09-04,EA,81.71,82.99,total postings
2020-09-05,EA,81.87,83.08,total postings
2020-09-06,EA,82.07,83.19,total postings
2020-09-07,EA,82.18,83.28,total postings
2020-09-08,EA,82.27,83.52,total postings
2020-09-09,EA,82.34,83.79,total postings
2020-09-10,EA,82.45,84.07,total postings
2020-09-11,EA,82.63,84.4,total postings
2020-09-12,EA,82.68,84.61,total postings
2020-09-13,EA,82.58,84.75,total postings
2020-09-14,EA,82.61,84.99,total postings
2020-09-15,EA,82.59,85.15,total postings
2020-09-16,EA,82.61,85.31,total postings
2020-09-17,EA,82.62,85.48,total postings
2020-09-18,EA,82.63,85.6,total postings
2020-09-19,EA,82.7,85.76,total postings
2020-09-20,EA,82.94,85.97,total postings
2020-09-21,EA,83.02,86.09,total postings
2020-09-22,EA,83.18,86.32,total postings
2020-09-23,EA,83.29,86.49,total postings
2020-09-24,EA,83.34,86.62,total postings
2020-09-25,EA,83.4,86.74,total postings
2020-09-26,EA,83.43,86.83,total postings
2020-09-27,EA,83.5,86.94,total postings
2020-09-28,EA,83.73,87.11,total postings
2020-09-29,EA,83.84,87.17,total postings
2020-09-30,EA,84.01,87.23,total postings
2020-10-01,EA,84.29,87.19,total postings
2020-10-02,EA,84.56,87.16,total postings
2020-10-03,EA,84.9,87.19,total postings
2020-10-04,EA,85.15,87.12,total postings
2020-10-05,EA,85.37,87.04,total postings
2020-10-06,EA,85.67,87.03,total postings
2020-10-07,EA,85.93,87.07,total postings
2020-10-08,EA,86.11,87.19,total postings
2020-10-09,EA,86.28,87.36,total postings
2020-10-10,EA,86.46,87.54,total postings
2020-10-11,EA,86.69,87.79,total postings
2020-10-12,EA,86.85,87.99,total postings
2020-10-13,EA,86.95,88.14,total postings
2020-10-14,EA,87.08,88.28,total postings
2020-10-15,EA,87.29,88.5,total postings
2020-10-16,EA,87.36,88.55,total postings
2020-10-17,EA,87.37,88.58,total postings
2020-10-18,EA,87.43,88.64,total postings
2020-10-19,EA,87.52,88.68,total postings
2020-10-20,EA,87.63,88.78,total postings
2020-10-21,EA,87.84,88.96,total postings
2020-10-22,EA,87.89,89,total postings
2020-10-23,EA,87.98,89.07,total postings
2020-10-24,EA,88.03,89.1,total postings
2020-10-25,EA,88.03,89.09,total postings
2020-10-26,EA,88.04,89.15,total postings
2020-10-27,EA,88.09,89.21,total postings
2020-10-28,EA,87.98,89.12,total postings
2020-10-29,EA,87.98,89.09,total postings
2020-10-30,EA,87.99,89.06,total postings
2020-10-31,EA,87.96,88.91,total postings
2020-11-01,EA,87.94,88.68,total postings
2020-11-02,EA,87.96,88.41,total postings
2020-11-03,EA,87.86,88.03,total postings
2020-11-04,EA,87.79,87.69,total postings
2020-11-05,EA,87.68,87.36,total postings
2020-11-06,EA,87.56,87.06,total postings
2020-11-07,EA,87.54,86.94,total postings
2020-11-08,EA,87.48,86.9,total postings
2020-11-09,EA,87.34,86.82,total postings
2020-11-10,EA,87.23,86.86,total postings
2020-11-11,EA,87.13,86.88,total postings
2020-11-12,EA,86.99,86.86,total postings
2020-11-13,EA,86.82,86.84,total postings
2020-11-14,EA,86.52,86.68,total postings
2020-11-15,EA,86.36,86.61,total postings
2020-11-16,EA,86.23,86.55,total postings
2020-11-17,EA,86.09,86.46,total postings
2020-11-18,EA,86.01,86.46,total postings
2020-11-19,EA,85.95,86.45,total postings
2020-11-20,EA,85.92,86.47,total postings
2020-11-21,EA,85.96,86.54,total postings
2020-11-22,EA,85.92,86.55,total postings
2020-11-23,EA,85.9,86.62,total postings
2020-11-24,EA,85.83,86.58,total postings
2020-11-25,EA,85.81,86.58,total postings
2020-11-26,EA,85.85,86.65,total postings
2020-11-27,EA,85.93,86.71,total postings
2020-11-28,EA,86.05,86.81,total postings
2020-11-29,EA,86.2,86.87,total postings
2020-11-30,EA,86.33,86.91,total postings
2020-12-01,EA,86.59,86.98,total postings
2020-12-02,EA,86.74,86.93,total postings
2020-12-03,EA,86.86,86.9,total postings
2020-12-04,EA,87.04,86.94,total postings
2020-12-05,EA,87.23,86.99,total postings
2020-12-06,EA,87.34,87.05,total postings
2020-12-07,EA,87.45,87.12,total postings
2020-12-08,EA,87.49,87.27,total postings
2020-12-09,EA,87.6,87.47,total postings
2020-12-10,EA,87.7,87.63,total postings
2020-12-11,EA,87.76,87.76,total postings
2020-12-12,EA,87.77,87.81,total postings
2020-12-13,EA,87.88,87.93,total postings
2020-12-14,EA,88.03,88.06,total postings
2020-12-15,EA,88.23,88.17,total postings
2020-12-16,EA,88.33,88.2,total postings
2020-12-17,EA,88.41,88.2,total postings
2020-12-18,EA,88.46,88.19,total postings
2020-12-19,EA,88.57,88.25,total postings
2020-12-20,EA,88.64,88.26,total postings
2020-12-21,EA,88.69,88.26,total postings
2020-12-22,EA,88.73,88.25,total postings
2020-12-23,EA,88.77,88.3,total postings
2020-12-24,EA,88.91,88.41,total postings
2020-12-25,EA,89.1,88.48,total postings
2020-12-26,EA,89.14,88.35,total postings
2020-12-27,EA,89.23,88.24,total postings
2020-12-28,EA,89.4,88.19,total postings
2020-12-29,EA,89.56,88.09,total postings
2020-12-30,EA,89.72,87.97,total postings
2020-12-31,EA,89.9,87.74,total postings
2021-01-01,EA,90.07,87.36,total postings
2021-01-02,EA,90.27,86.97,total postings
2021-01-03,EA,90.42,86.56,total postings
2021-01-04,EA,90.4,86.1,total postings
2021-01-05,EA,90.4,85.71,total postings
2021-01-06,EA,90.54,85.43,total postings
2021-01-07,EA,90.59,85.26,total postings
2021-01-08,EA,90.57,85.29,total postings
2021-01-09,EA,90.61,85.53,total postings
2021-01-10,EA,90.6,85.72,total postings
2021-01-11,EA,90.67,85.93,total postings
2021-01-12,EA,90.73,86.16,total postings
2021-01-13,EA,90.69,86.34,total postings
2021-01-14,EA,90.7,86.57,total postings
2021-01-15,EA,90.7,86.75,total postings
2021-01-16,EA,90.7,86.93,total postings
2021-01-17,EA,90.71,87.15,total postings
2021-01-18,EA,90.71,87.34,total postings
2021-01-19,EA,90.72,87.53,total postings
2021-01-20,EA,90.7,87.67,total postings
2021-01-21,EA,90.65,87.75,total postings
2021-01-22,EA,90.68,87.89,total postings
2021-01-23,EA,90.68,88.03,total postings
2021-01-24,EA,90.72,88.23,total postings
2021-01-25,EA,90.74,88.47,total postings
2021-01-26,EA,90.72,88.67,total postings
2021-01-27,EA,90.68,88.91,total postings
2021-01-28,EA,90.67,89.18,total postings
2021-01-29,EA,90.53,89.41,total postings
2021-01-30,EA,90.44,89.68,total postings
2021-01-31,EA,90.37,89.88,total postings
2021-02-01,EA,90.38,90,total postings
2021-02-02,EA,90.38,90.12,total postings
2021-02-03,EA,90.42,90.24,total postings
2021-02-04,EA,90.34,90.28,total postings
2021-02-05,EA,90.36,90.36,total postings
2021-02-06,EA,90.33,90.37,total postings
2021-02-07,EA,90.28,90.4,total postings
2021-02-08,EA,90.16,90.53,total postings
2021-02-09,EA,90.03,90.64,total postings
2021-02-10,EA,89.93,90.74,total postings
2021-02-11,EA,89.96,90.92,total postings
2021-02-12,EA,89.96,91.07,total postings
2021-02-13,EA,90.05,91.26,total postings
2021-02-14,EA,90.18,91.49,total postings
2021-02-15,EA,90.33,91.7,total postings
2021-02-16,EA,90.39,91.82,total postings
2021-02-17,EA,90.44,91.91,total postings
2021-02-18,EA,90.47,91.98,total postings
2021-02-19,EA,90.49,92.06,total postings
2021-02-20,EA,90.44,92.13,total postings
2021-02-21,EA,90.38,92.16,total postings
2021-02-22,EA,90.27,92.17,total postings
2021-02-23,EA,90.34,92.33,total postings
2021-02-24,EA,90.49,92.55,total postings
2021-02-25,EA,90.62,92.76,total postings
2021-02-26,EA,90.78,92.97,total postings
2021-02-27,EA,91,93.17,total postings
2021-02-28,EA,91.19,93.36,total postings
2021-03-01,EA,91.39,93.4,total postings
2021-03-02,EA,91.66,93.43,total postings
2021-03-03,EA,91.84,93.42,total postings
2021-03-04,EA,91.98,93.43,total postings
2021-03-05,EA,92.12,93.46,total postings
2021-03-06,EA,92.25,93.5,total postings
2021-03-07,EA,92.43,93.59,total postings
2021-03-08,EA,92.61,93.84,total postings
2021-03-09,EA,92.59,94.01,total postings
2021-03-10,EA,92.7,94.3,total postings
2021-03-11,EA,93.05,94.77,total postings
2021-03-12,EA,93.26,95.09,total postings
2021-03-13,EA,93.61,95.54,total postings
2021-03-14,EA,93.85,95.89,total postings
2021-03-15,EA,94.08,96.21,total postings
2021-03-16,EA,94.56,96.71,total postings
2021-03-17,EA,94.85,97.02,total postings
2021-03-18,EA,95.06,97.21,total postings
2021-03-19,EA,95.45,97.52,total postings
2021-03-20,EA,95.82,97.81,total postings
2021-03-21,EA,96.28,98.14,total postings
2021-03-22,EA,96.75,98.45,total postings
2021-03-23,EA,96.93,98.57,total postings
2021-03-24,EA,97.23,98.79,total postings
2021-03-25,EA,97.43,98.98,total postings
2021-03-26,EA,97.5,99.18,total postings
2021-03-27,EA,97.48,99.3,total postings
2021-03-28,EA,97.38,99.44,total postings
2021-03-29,EA,97.29,99.57,total postings
2021-03-30,EA,97.33,99.75,total postings
2021-03-31,EA,97.45,99.92,total postings
2021-04-01,EA,97.52,99.92,total postings
2021-04-02,EA,97.74,99.97,total postings
2021-04-03,EA,97.9,99.99,total postings
2021-04-04,EA,98.08,100,total postings
2021-04-05,EA,98.28,100.08,total postings
2021-04-06,EA,98.42,100.02,total postings
2021-04-07,EA,98.23,99.81,total postings
2021-04-08,EA,98.04,99.79,total postings
2021-04-09,EA,97.8,99.72,total postings
2021-04-10,EA,97.49,99.63,total postings
2021-04-11,EA,97.08,99.47,total postings
2021-04-12,EA,96.81,99.32,total postings
2021-04-13,EA,96.6,99.36,total postings
2021-04-14,EA,96.6,99.55,total postings
2021-04-15,EA,96.72,99.71,total postings
2021-04-16,EA,96.73,99.84,total postings
2021-04-17,EA,96.92,100.05,total postings
2021-04-18,EA,97.18,100.34,total postings
2021-04-19,EA,97.33,100.6,total postings
2021-04-20,EA,97.48,100.82,total postings
2021-04-21,EA,97.65,101.09,total postings
2021-04-22,EA,97.73,101.37,total postings
2021-04-23,EA,98.02,101.74,total postings
2021-04-24,EA,98.21,102.07,total postings
2021-04-25,EA,98.25,102.35,total postings
2021-04-26,EA,98.36,102.62,total postings
2021-04-27,EA,98.45,102.86,total postings
2021-04-28,EA,98.47,103.03,total postings
2021-04-29,EA,98.59,103.2,total postings
2021-04-30,EA,98.75,103.34,total postings
2021-05-01,EA,98.84,103.42,total postings
2021-05-02,EA,99.24,103.56,total postings
2021-05-03,EA,99.62,103.71,total postings
2021-05-04,EA,100.04,103.94,total postings
2021-05-05,EA,100.54,104.25,total postings
2021-05-06,EA,101.18,104.64,total postings
2021-05-07,EA,101.79,105.07,total postings
2021-05-08,EA,102.52,105.63,total postings
2021-05-09,EA,103.14,106.19,total postings
2021-05-10,EA,103.73,106.71,total postings
2021-05-11,EA,104.31,107.21,total postings
2021-05-12,EA,105,107.77,total postings
2021-05-13,EA,105.55,108.36,total postings
2021-05-14,EA,105.87,108.69,total postings
2021-05-15,EA,106.15,108.9,total postings
2021-05-16,EA,106.3,109.06,total postings
2021-05-17,EA,106.3,109.16,total postings
2021-05-18,EA,106.32,109.3,total postings
2021-05-19,EA,106.31,109.38,total postings
2021-05-20,EA,106.39,109.52,total postings
2021-05-21,EA,106.58,109.87,total postings
2021-05-22,EA,106.7,110.23,total postings
2021-05-23,EA,106.96,110.65,total postings
2021-05-24,EA,107.33,111.19,total postings
2021-05-25,EA,107.49,111.53,total postings
2021-05-26,EA,107.59,111.86,total postings
2021-05-27,EA,107.53,112.07,total postings
2021-05-28,EA,107.55,112.29,total postings
2021-05-29,EA,107.71,112.57,total postings
2021-05-30,EA,107.92,112.89,total postings
2021-05-31,EA,108.13,113.11,total postings
2021-06-01,EA,108.56,113.39,total postings
2021-06-02,EA,108.99,113.7,total postings
2021-06-03,EA,109.53,114.06,total postings
2021-06-04,EA,109.99,114.42,total postings
2021-06-05,EA,110.44,114.84,total postings
2021-06-06,EA,110.79,115.2,total postings
2021-06-07,EA,111.15,115.56,total postings
2021-06-08,EA,111.46,116.06,total postings
2021-06-09,EA,111.79,116.58,total postings
2021-06-10,EA,111.96,116.99,total postings
2021-06-11,EA,112.23,117.47,total postings
2021-06-12,EA,112.5,117.88,total postings
2021-06-13,EA,112.78,118.35,total postings
2021-06-14,EA,113.11,118.89,total postings
2021-06-15,EA,113.51,119.42,total postings
2021-06-16,EA,113.86,119.91,total postings
2021-06-17,EA,114.31,120.45,total postings
2021-06-18,EA,114.69,120.96,total postings
2021-06-19,EA,115.05,121.46,total postings
2021-06-20,EA,115.4,121.93,total postings
2021-06-21,EA,115.72,122.36,total postings
2021-06-22,EA,115.95,122.67,total postings
2021-06-23,EA,116.2,123.02,total postings
2021-06-24,EA,116.43,123.26,total postings
2021-06-25,EA,116.66,123.41,total postings
2021-06-26,EA,116.86,123.56,total postings
2021-06-27,EA,117.03,123.66,total postings
2021-06-28,EA,117.28,123.96,total postings
2021-06-29,EA,117.57,124.26,total postings
2021-06-30,EA,117.81,124.41,total postings
2021-07-01,EA,118.06,124.55,total postings
2021-07-02,EA,118.25,124.68,total postings
2021-07-03,EA,118.52,124.84,total postings
2021-07-04,EA,118.8,125.04,total postings
2021-07-05,EA,118.91,125,total postings
2021-07-06,EA,119.04,125.05,total postings
2021-07-07,EA,119.14,125.12,total postings
2021-07-08,EA,119.29,125.34,total postings
2021-07-09,EA,119.42,125.57,total postings
2021-07-10,EA,119.56,125.8,total postings
2021-07-11,EA,119.67,125.98,total postings
2021-07-12,EA,119.85,126.18,total postings
2021-07-13,EA,119.96,126.32,total postings
2021-07-14,EA,120.16,126.61,total postings
2021-07-15,EA,120.23,126.71,total postings
2021-07-16,EA,120.41,126.89,total postings
2021-07-17,EA,120.61,127.12,total postings
2021-07-18,EA,120.89,127.39,total postings
2021-07-19,EA,121.2,127.74,total postings
2021-07-20,EA,121.5,128.03,total postings
2021-07-21,EA,121.72,128.21,total postings
2021-07-22,EA,122.1,128.57,total postings
2021-07-23,EA,122.34,128.77,total postings
2021-07-24,EA,122.55,128.95,total postings
2021-07-25,EA,122.75,129.11,total postings
2021-07-26,EA,122.92,129.15,total postings
2021-07-27,EA,123.15,129.28,total postings
2021-07-28,EA,123.41,129.43,total postings
2021-07-29,EA,123.42,129.42,total postings
2021-07-30,EA,123.54,129.54,total postings
2021-07-31,EA,123.63,129.54,total postings
2021-08-01,EA,123.63,129.37,total postings
2021-08-02,EA,123.66,129.32,total postings
2021-08-03,EA,123.62,129.11,total postings
2021-08-04,EA,123.64,128.98,total postings
2021-08-05,EA,123.74,128.91,total postings
2021-08-06,EA,123.94,128.89,total postings
2021-08-07,EA,124.18,128.92,total postings
2021-08-08,EA,124.41,129.05,total postings
2021-08-09,EA,124.55,129.07,total postings
2021-08-10,EA,124.81,129.27,total postings
2021-08-11,EA,125.05,129.43,total postings
2021-08-12,EA,125.33,129.59,total postings
2021-08-13,EA,125.56,129.69,total postings
2021-08-14,EA,125.68,129.77,total postings
2021-08-15,EA,125.84,129.86,total postings
2021-08-16,EA,126.15,130.06,total postings
2021-08-17,EA,126.34,130.09,total postings
2021-08-18,EA,126.62,130.24,total postings
2021-08-19,EA,126.93,130.44,total postings
2021-08-20,EA,127.19,130.62,total postings
2021-08-21,EA,127.53,130.84,total postings
2021-08-22,EA,127.85,131.07,total postings
2021-08-23,EA,128.07,131.22,total postings
2021-08-24,EA,128.35,131.51,total postings
2021-08-25,EA,128.53,131.65,total postings
2021-08-26,EA,128.7,131.8,total postings
2021-08-27,EA,128.87,131.95,total postings
2021-08-28,EA,129.07,132.18,total postings
2021-08-29,EA,129.26,132.33,total postings
2021-08-30,EA,129.47,132.56,total postings
2021-08-31,EA,129.6,132.64,total postings
2021-09-01,EA,129.74,132.6,total postings
2021-09-02,EA,129.89,132.55,total postings
2021-09-03,EA,129.99,132.49,total postings
2021-09-04,EA,130.08,132.41,total postings
2021-09-05,EA,130.23,132.49,total postings
2021-09-06,EA,130.36,132.53,total postings
2021-09-07,EA,130.59,132.74,total postings
2021-09-08,EA,130.8,133.12,total postings
2021-09-09,EA,130.92,133.46,total postings
2021-09-10,EA,131.12,133.86,total postings
2021-09-11,EA,131.39,134.31,total postings
2021-09-12,EA,131.62,134.72,total postings
2021-09-13,EA,131.92,135.29,total postings
2021-09-14,EA,132.11,135.72,total postings
2021-09-15,EA,132.36,136.19,total postings
2021-09-16,EA,132.64,136.64,total postings
2021-09-17,EA,132.93,137.1,total postings
2021-09-18,EA,133.16,137.46,total postings
2021-09-19,EA,133.43,137.84,total postings
2021-09-20,EA,133.67,138.06,total postings
2021-09-21,EA,133.9,138.34,total postings
2021-09-22,EA,134.12,138.63,total postings
2021-09-23,EA,134.41,138.99,total postings
2021-09-24,EA,134.54,139.2,total postings
2021-09-25,EA,134.65,139.38,total postings
2021-09-26,EA,134.83,139.61,total postings
2021-09-27,EA,135.01,139.84,total postings
2021-09-28,EA,135.27,140.07,total postings
2021-09-29,EA,135.5,140.25,total postings
2021-09-30,EA,135.7,140.33,total postings
2021-10-01,EA,135.97,140.25,total postings
2021-10-02,EA,136.33,140.28,total postings
2021-10-03,EA,136.48,140.08,total postings
2021-10-04,EA,136.63,139.87,total postings
2021-10-05,EA,136.88,139.78,total postings
2021-10-06,EA,137.21,139.78,total postings
2021-10-07,EA,137.52,139.85,total postings
2021-10-08,EA,137.95,140.23,total postings
2021-10-09,EA,138.32,140.62,total postings
2021-10-10,EA,138.81,141.13,total postings
2021-10-11,EA,139.25,141.61,total postings
2021-10-12,EA,139.45,141.89,total postings
2021-10-13,EA,139.58,142.1,total postings
2021-10-14,EA,139.72,142.28,total postings
2021-10-15,EA,139.87,142.45,total postings
2021-10-16,EA,139.94,142.53,total postings
2021-10-17,EA,140.05,142.68,total postings
2021-10-18,EA,140.13,142.78,total postings
2021-10-19,EA,140.46,143.08,total postings
2021-10-20,EA,140.72,143.34,total postings
2021-10-21,EA,141.05,143.65,total postings
2021-10-22,EA,141.24,143.83,total postings
2021-10-23,EA,141.57,144.14,total postings
2021-10-24,EA,141.72,144.28,total postings
2021-10-25,EA,141.98,144.53,total postings
2021-10-26,EA,142.08,144.69,total postings
2021-10-27,EA,142.25,144.85,total postings
2021-10-28,EA,142.36,145,total postings
2021-10-29,EA,142.55,145.17,total postings
2021-10-30,EA,142.76,145.34,total postings
2021-10-31,EA,143.03,145.48,total postings
2021-11-01,EA,143.16,145.37,total postings
2021-11-02,EA,143.21,145.12,total postings
2021-11-03,EA,143.19,144.78,total postings
2021-11-04,EA,143.39,144.67,total postings
2021-11-05,EA,143.63,144.67,total postings
2021-11-06,EA,143.71,144.55,total postings
2021-11-07,EA,143.81,144.52,total postings
2021-11-08,EA,143.92,144.64,total postings
2021-11-09,EA,144.16,144.94,total postings
2021-11-10,EA,144.36,145.28,total postings
2021-11-11,EA,144.36,145.42,total postings
2021-11-12,EA,144.25,145.43,total postings
2021-11-13,EA,144.07,145.38,total postings
2021-11-14,EA,143.95,145.42,total postings
2021-11-15,EA,143.92,145.48,total postings
2021-11-16,EA,143.92,145.54,total postings
2021-11-17,EA,143.92,145.6,total postings
2021-11-18,EA,143.84,145.58,total postings
2021-11-19,EA,143.91,145.7,total postings
2021-11-20,EA,143.93,145.77,total postings
2021-11-21,EA,143.99,145.86,total postings
2021-11-22,EA,144.07,145.99,total postings
2021-11-23,EA,144.13,146.14,total postings
2021-11-24,EA,144.21,146.24,total postings
2021-11-25,EA,144.29,146.34,total postings
2021-11-26,EA,144.29,146.36,total postings
2021-11-27,EA,144.28,146.34,total postings
2021-11-28,EA,144.22,146.26,total postings
2021-11-29,EA,144.25,146.19,total postings
2021-11-30,EA,144.15,146,total postings
2021-12-01,EA,144.05,145.68,total postings
2021-12-02,EA,144.01,145.41,total postings
2021-12-03,EA,143.94,145.17,total postings
2021-12-04,EA,144.11,145.16,total postings
2021-12-05,EA,144.22,145.09,total postings
2021-12-06,EA,144.22,145.02,total postings
2021-12-07,EA,144.38,145.1,total postings
2021-12-08,EA,144.5,145.34,total postings
2021-12-09,EA,144.6,145.53,total postings
2021-12-10,EA,144.68,145.68,total postings
2021-12-11,EA,144.69,145.77,total postings
2021-12-12,EA,144.83,145.97,total postings
2021-12-13,EA,145.04,146.21,total postings
2021-12-14,EA,145.14,146.33,total postings
2021-12-15,EA,145.19,146.32,total postings
2021-12-16,EA,145.22,146.31,total postings
2021-12-17,EA,145.27,146.32,total postings
2021-12-18,EA,145.3,146.32,total postings
2021-12-19,EA,145.26,146.24,total postings
2021-12-20,EA,145.17,146.11,total postings
2021-12-21,EA,145.11,146,total postings
2021-12-22,EA,145.16,146.02,total postings
2021-12-23,EA,145.24,146.08,total postings
2021-12-24,EA,145.39,146.2,total postings
2021-12-25,EA,145.52,146.22,total postings
2021-12-26,EA,145.69,146.21,total postings
2021-12-27,EA,146.01,146.34,total postings
2021-12-28,EA,146.21,146.34,total postings
2021-12-29,EA,146.35,146.21,total postings
2021-12-30,EA,146.51,146.09,total postings
2021-12-31,EA,146.56,145.73,total postings
2022-01-01,EA,146.55,145.16,total postings
2022-01-02,EA,146.52,144.53,total postings
2022-01-03,EA,146.31,143.74,total postings
2022-01-04,EA,146.28,143.22,total postings
2022-01-05,EA,146.28,142.81,total postings
2022-01-06,EA,146.16,142.27,total postings
2022-01-07,EA,146.19,142.02,total postings
2022-01-08,EA,146.25,142.13,total postings
2022-01-09,EA,146.17,142.23,total postings
2022-01-10,EA,146.06,142.3,total postings
2022-01-11,EA,145.8,142.19,total postings
2022-01-12,EA,145.6,142.16,total postings
2022-01-13,EA,145.5,142.27,total postings
2022-01-14,EA,145.23,142.25,total postings
2022-01-15,EA,145.12,142.34,total postings
2022-01-16,EA,145.05,142.47,total postings
2022-01-17,EA,145.07,142.69,total postings
2022-01-18,EA,145.19,143.01,total postings
2022-01-19,EA,145.37,143.37,total postings
2022-01-20,EA,145.55,143.71,total postings
2022-01-21,EA,145.83,144.11,total postings
2022-01-22,EA,145.96,144.35,total postings
2022-01-23,EA,146.1,144.64,total postings
2022-01-24,EA,146.24,144.95,total postings
2022-01-25,EA,146.41,145.32,total postings
2022-01-26,EA,146.54,145.7,total postings
2022-01-27,EA,146.78,146.15,total postings
2022-01-28,EA,147.11,146.76,total postings
2022-01-29,EA,147.49,147.54,total postings
2022-01-30,EA,147.94,148.36,total postings
2022-01-31,EA,148.41,149.11,total postings
2022-02-01,EA,148.79,149.6,total postings
2022-02-02,EA,149.2,150.12,total postings
2022-02-03,EA,149.49,150.55,total postings
2022-02-04,EA,149.69,150.88,total postings
2022-02-05,EA,149.87,151.1,total postings
2022-02-06,EA,150.04,151.3,total postings
2022-02-07,EA,150.14,151.47,total postings
2022-02-08,EA,150.28,151.85,total postings
2022-02-09,EA,150.48,152.29,total postings
2022-02-10,EA,150.72,152.75,total postings
2022-02-11,EA,150.95,153.14,total postings
2022-02-12,EA,151.21,153.56,total postings
2022-02-13,EA,151.42,153.87,total postings
2022-02-14,EA,151.53,154.1,total postings
2022-02-15,EA,151.73,154.37,total postings
2022-02-16,EA,151.8,154.53,total postings
2022-02-17,EA,151.98,154.78,total postings
2022-02-18,EA,152.13,154.99,total postings
2022-02-19,EA,152.26,155.19,total postings
2022-02-20,EA,152.48,155.54,total postings
2022-02-21,EA,152.84,156,total postings
2022-02-22,EA,153.13,156.43,total postings
2022-02-23,EA,153.49,156.88,total postings
2022-02-24,EA,153.72,157.19,total postings
2022-02-25,EA,154.05,157.6,total postings
2022-02-26,EA,154.37,157.97,total postings
2022-02-27,EA,154.56,158.14,total postings
2022-02-28,EA,154.69,158.29,total postings
2022-03-01,EA,154.84,158.24,total postings
2022-03-02,EA,154.93,158.07,total postings
2022-03-03,EA,155.08,158.01,total postings
2022-03-04,EA,155.18,157.94,total postings
2022-03-05,EA,155.25,157.89,total postings
2022-03-06,EA,155.41,157.94,total postings
2022-03-07,EA,155.63,158.02,total postings
2022-03-08,EA,155.84,158.32,total postings
2022-03-09,EA,156.05,158.71,total postings
2022-03-10,EA,156.15,159,total postings
2022-03-11,EA,156.25,159.23,total postings
2022-03-12,EA,156.45,159.56,total postings
2022-03-13,EA,156.67,159.91,total postings
2022-03-14,EA,156.78,160.16,total postings
2022-03-15,EA,156.91,160.41,total postings
2022-03-16,EA,157.09,160.64,total postings
2022-03-17,EA,157.31,160.9,total postings
2022-03-18,EA,157.59,161.2,total postings
2022-03-19,EA,157.75,161.3,total postings
2022-03-20,EA,157.94,161.43,total postings
2022-03-21,EA,158.31,161.71,total postings
2022-03-22,EA,158.78,162.04,total postings
2022-03-23,EA,159.18,162.39,total postings
2022-03-24,EA,159.63,162.79,total postings
2022-03-25,EA,160.05,163.2,total postings
2022-03-26,EA,160.43,163.71,total postings
2022-03-27,EA,160.66,164.09,total postings
2022-03-28,EA,160.81,164.47,total postings
2022-03-29,EA,160.88,164.75,total postings
2022-03-30,EA,160.96,164.97,total postings
2022-03-31,EA,161.1,165.14,total postings
2022-04-01,EA,161.19,165.13,total postings
2022-04-02,EA,161.47,165.15,total postings
2022-04-03,EA,161.73,165.18,total postings
2022-04-04,EA,161.91,165.11,total postings
2022-04-05,EA,162,165.01,total postings
2022-04-06,EA,162.18,165.05,total postings
2022-04-07,EA,162.09,164.97,total postings
2022-04-08,EA,162.05,165.08,total postings
2022-04-09,EA,161.87,165.11,total postings
2022-04-10,EA,161.75,165.26,total postings
2022-04-11,EA,161.63,165.41,total postings
2022-04-12,EA,161.6,165.57,total postings
2022-04-13,EA,161.62,165.75,total postings
2022-04-14,EA,161.8,166.06,total postings
2022-04-15,EA,161.97,166.35,total postings
2022-04-16,EA,162.09,166.67,total postings
2022-04-17,EA,162.3,166.96,total postings
2022-04-18,EA,162.54,167.31,total postings
2022-04-19,EA,162.59,167.38,total postings
2022-04-20,EA,162.59,167.36,total postings
2022-04-21,EA,162.45,167.31,total postings
2022-04-22,EA,162.24,167.23,total postings
2022-04-23,EA,162.32,167.33,total postings
2022-04-24,EA,162.34,167.43,total postings
2022-04-25,EA,162.25,167.5,total postings
2022-04-26,EA,162.27,167.76,total postings
2022-04-27,EA,162.24,167.97,total postings
2022-04-28,EA,162.43,168.33,total postings
2022-04-29,EA,162.75,168.71,total postings
2022-04-30,EA,162.98,168.94,total postings
2022-05-01,EA,163.12,169.06,total postings
2022-05-02,EA,163.48,169.17,total postings
2022-05-03,EA,163.83,169.3,total postings
2022-05-04,EA,164.28,169.53,total postings
2022-05-05,EA,164.67,169.72,total postings
2022-05-06,EA,165.08,169.86,total postings
2022-05-07,EA,165.37,169.94,total postings
2022-05-08,EA,165.83,170.24,total postings
2022-05-09,EA,166.26,170.62,total postings
2022-05-10,EA,166.7,170.99,total postings
2022-05-11,EA,167.08,171.31,total postings
2022-05-12,EA,167.42,171.55,total postings
2022-05-13,EA,167.52,171.68,total postings
2022-05-14,EA,167.87,172.06,total postings
2022-05-15,EA,168.21,172.37,total postings
2022-05-16,EA,168.42,172.62,total postings
2022-05-17,EA,168.57,172.87,total postings
2022-05-18,EA,168.68,173.1,total postings
2022-05-19,EA,168.85,173.34,total postings
2022-05-20,EA,169.29,173.81,total postings
2022-05-21,EA,169.37,174.01,total postings
2022-05-22,EA,169.51,174.35,total postings
2022-05-23,EA,169.74,174.71,total postings
2022-05-24,EA,169.81,174.94,total postings
2022-05-25,EA,169.9,175.2,total postings
2022-05-26,EA,170.03,175.56,total postings
2022-05-27,EA,169.81,175.61,total postings
2022-05-28,EA,169.58,175.61,total postings
2022-05-29,EA,169.32,175.47,total postings
2022-05-30,EA,169,175.25,total postings
2022-05-31,EA,168.91,175.14,total postings
2022-06-01,EA,168.81,174.88,total postings
2022-06-02,EA,168.55,174.44,total postings
2022-06-03,EA,168.51,174.19,total postings
2022-06-04,EA,168.47,173.98,total postings
2022-06-05,EA,168.4,173.82,total postings
2022-06-06,EA,168.33,173.73,total postings
2022-06-07,EA,168.14,173.5,total postings
2022-06-08,EA,167.92,173.45,total postings
2022-06-09,EA,167.77,173.47,total postings
2022-06-10,EA,167.8,173.73,total postings
2022-06-11,EA,167.79,173.88,total postings
2022-06-12,EA,167.65,173.87,total postings
2022-06-13,EA,167.57,173.98,total postings
2022-06-14,EA,167.72,174.34,total postings
2022-06-15,EA,167.89,174.65,total postings
2022-06-16,EA,168.19,175.1,total postings
2022-06-17,EA,168.06,175.05,total postings
2022-06-18,EA,168.18,175.34,total postings
2022-06-19,EA,168.41,175.74,total postings
2022-06-20,EA,168.52,175.95,total postings
2022-06-21,EA,168.47,175.99,total postings
2022-06-22,EA,168.43,176.02,total postings
2022-06-23,EA,168.29,175.95,total postings
2022-06-24,EA,168.36,176.08,total postings
2022-06-25,EA,168.3,175.99,total postings
2022-06-26,EA,168.26,175.95,total postings
2022-06-27,EA,168.33,176.02,total postings
2022-06-28,EA,168.47,176.19,total postings
2022-06-29,EA,168.66,176.4,total postings
2022-06-30,EA,168.85,176.51,total postings
2022-07-01,EA,168.96,176.46,total postings
2022-07-02,EA,169.16,176.51,total postings
2022-07-03,EA,169.23,176.41,total postings
2022-07-04,EA,169.32,176.34,total postings
2022-07-05,EA,169.36,176.23,total postings
2022-07-06,EA,169.29,176.06,total postings
2022-07-07,EA,169.22,175.93,total postings
2022-07-08,EA,169.28,176.04,total postings
2022-07-09,EA,169.4,176.26,total postings
2022-07-10,EA,169.86,176.82,total postings
2022-07-11,EA,170.3,177.35,total postings
2022-07-12,EA,170.75,177.83,total postings
2022-07-13,EA,171.14,178.26,total postings
2022-07-14,EA,171.43,178.65,total postings
2022-07-15,EA,171.48,178.74,total postings
2022-07-16,EA,171.32,178.61,total postings
2022-07-17,EA,170.95,178.28,total postings
2022-07-18,EA,170.49,177.81,total postings
2022-07-19,EA,170.06,177.4,total postings
2022-07-20,EA,169.7,177,total postings
2022-07-21,EA,169.47,176.71,total postings
2022-07-22,EA,169.49,176.7,total postings
2022-07-23,EA,169.43,176.58,total postings
2022-07-24,EA,169.44,176.56,total postings
2022-07-25,EA,169.43,176.5,total postings
2022-07-26,EA,169.49,176.49,total postings
2022-07-27,EA,169.55,176.48,total postings
2022-07-28,EA,169.46,176.31,total postings
2022-07-29,EA,169.29,176.12,total postings
2022-07-30,EA,169.3,176.13,total postings
2022-07-31,EA,169.19,175.92,total postings
2022-08-01,EA,169.12,175.69,total postings
2022-08-02,EA,169.03,175.47,total postings
2022-08-03,EA,168.93,175.16,total postings
2022-08-04,EA,168.94,174.97,total postings
2022-08-05,EA,168.93,174.75,total postings
2022-08-06,EA,168.92,174.51,total postings
2022-08-07,EA,168.84,174.19,total postings
2022-08-08,EA,168.82,174.08,total postings
2022-08-09,EA,168.8,173.95,total postings
2022-08-10,EA,168.72,173.81,total postings
2022-08-11,EA,168.57,173.59,total postings
2022-08-12,EA,168.52,173.45,total postings
2022-08-13,EA,168.28,173.07,total postings
2022-08-14,EA,168.38,173.15,total postings
2022-08-15,EA,168.45,173.17,total postings
2022-08-16,EA,168.45,173.08,total postings
2022-08-17,EA,168.5,172.99,total postings
2022-08-18,EA,168.57,172.94,total postings
2022-08-19,EA,168.56,172.81,total postings
2022-08-20,EA,168.69,172.86,total postings
2022-08-21,EA,168.6,172.65,total postings
2022-08-22,EA,168.52,172.48,total postings
2022-08-23,EA,168.44,172.34,total postings
2022-08-24,EA,168.4,172.3,total postings
2022-08-25,EA,168.48,172.34,total postings
2022-08-26,EA,168.56,172.42,total postings
2022-08-27,EA,168.68,172.55,total postings
2022-08-28,EA,168.72,172.65,total postings
2022-08-29,EA,168.61,172.51,total postings
2022-08-30,EA,168.62,172.55,total postings
2022-08-31,EA,168.69,172.57,total postings
2022-09-01,EA,168.71,172.42,total postings
2022-09-02,EA,168.63,172.12,total postings
2022-09-03,EA,168.68,172,total postings
2022-09-04,EA,168.75,171.87,total postings
2022-09-05,EA,168.94,171.99,total postings
2022-09-06,EA,168.99,171.95,total postings
2022-09-07,EA,168.92,171.86,total postings
2022-09-08,EA,168.9,172,total postings
2022-09-09,EA,168.94,172.26,total postings
2022-09-10,EA,168.95,172.47,total postings
2022-09-11,EA,168.91,172.63,total postings
2022-09-12,EA,168.85,172.76,total postings
2022-09-13,EA,168.85,173.02,total postings
2022-09-14,EA,168.92,173.35,total postings
2022-09-15,EA,168.88,173.52,total postings
2022-09-16,EA,168.89,173.73,total postings
2022-09-17,EA,168.79,173.79,total postings
2022-09-18,EA,168.68,173.84,total postings
2022-09-19,EA,168.63,173.87,total postings
2022-09-20,EA,168.44,173.67,total postings
2022-09-21,EA,168.3,173.56,total postings
2022-09-22,EA,168.27,173.6,total postings
2022-09-23,EA,168.32,173.68,total postings
2022-09-24,EA,168.47,173.92,total postings
2022-09-25,EA,168.71,174.22,total postings
2022-09-26,EA,168.95,174.52,total postings
2022-09-27,EA,169.36,175.02,total postings
2022-09-28,EA,169.68,175.32,total postings
2022-09-29,EA,169.9,175.5,total postings
2022-09-30,EA,170.05,175.55,total postings
2022-10-01,EA,170.12,175.27,total postings
2022-10-02,EA,170.21,175.02,total postings
2022-10-03,EA,170.35,174.81,total postings
2022-10-04,EA,170.34,174.43,total postings
2022-10-05,EA,170.29,174.02,total postings
2022-10-06,EA,170.24,173.63,total postings
2022-10-07,EA,170.2,173.33,total postings
2022-10-08,EA,170.19,173.26,total postings
2022-10-09,EA,170.13,173.22,total postings
2022-10-10,EA,170,173.11,total postings
2022-10-11,EA,169.91,173.06,total postings
2022-10-12,EA,169.96,173.19,total postings
2022-10-13,EA,170.05,173.37,total postings
2022-10-14,EA,170.16,173.55,total postings
2022-10-15,EA,170.29,173.72,total postings
2022-10-16,EA,170.48,173.95,total postings
2022-10-17,EA,170.58,174.09,total postings
2022-10-18,EA,170.78,174.33,total postings
2022-10-19,EA,170.93,174.45,total postings
2022-10-20,EA,171.04,174.54,total postings
2022-10-21,EA,171.16,174.62,total postings
2022-10-22,EA,171.15,174.58,total postings
2022-10-23,EA,171.27,174.67,total postings
2022-10-24,EA,171.46,174.85,total postings
2022-10-25,EA,171.51,174.88,total postings
2022-10-26,EA,171.51,174.94,total postings
2022-10-27,EA,171.68,175.14,total postings
2022-10-28,EA,171.81,175.32,total postings
2022-10-29,EA,171.97,175.48,total postings
2022-10-30,EA,172.2,175.67,total postings
2022-10-31,EA,172.48,175.82,total postings
2022-11-01,EA,172.82,175.93,total postings
2022-11-02,EA,173.11,175.9,total postings
2022-11-03,EA,173.24,175.7,total postings
2022-11-04,EA,173.46,175.58,total postings
2022-11-05,EA,173.75,175.62,total postings
2022-11-06,EA,173.85,175.5,total postings
2022-11-07,EA,173.87,175.38,total postings
2022-11-08,EA,173.92,175.44,total postings
2022-11-09,EA,174.11,175.68,total postings
2022-11-10,EA,174.18,175.91,total postings
2022-11-11,EA,174.12,176,total postings
2022-11-12,EA,174.16,176.19,total postings
2022-11-13,EA,174.16,176.34,total postings
2022-11-14,EA,174.11,176.46,total postings
2022-11-15,EA,174.13,176.59,total postings
2022-11-16,EA,174.14,176.68,total postings
2022-11-17,EA,174.16,176.77,total postings
2022-11-18,EA,174.25,176.94,total postings
2022-11-19,EA,174.27,176.99,total postings
2022-11-20,EA,174.27,177.02,total postings
2022-11-21,EA,174.33,177.09,total postings
2022-11-22,EA,174.3,177.1,total postings
2022-11-23,EA,174.26,177.11,total postings
2022-11-24,EA,174.23,177.1,total postings
2022-11-25,EA,174.19,177.06,total postings
2022-11-26,EA,174.13,177.04,total postings
2022-11-27,EA,174.12,177.04,total postings
2022-11-28,EA,174.16,177.09,total postings
2022-11-29,EA,174.25,177.09,total postings
2022-11-30,EA,174.3,177.06,total postings
2022-12-01,EA,174.33,176.89,total postings
2022-12-02,EA,174.44,176.78,total postings
2022-12-03,EA,174.43,176.58,total postings
2022-12-04,EA,174.51,176.47,total postings
2022-12-05,EA,174.61,176.37,total postings
2022-12-06,EA,174.67,176.34,total postings
2022-12-07,EA,174.7,176.28,total postings
2022-12-08,EA,174.78,176.45,total postings
2022-12-09,EA,175.01,176.76,total postings
2022-12-10,EA,175.2,177.03,total postings
2022-12-11,EA,175.31,177.23,total postings
2022-12-12,EA,175.5,177.49,total postings
2022-12-13,EA,175.66,177.72,total postings
2022-12-14,EA,175.81,177.91,total postings
2022-12-15,EA,175.86,177.94,total postings
2022-12-16,EA,175.65,177.73,total postings
2022-12-17,EA,175.49,177.53,total postings
2022-12-18,EA,175.33,177.36,total postings
2022-12-19,EA,175.13,177.12,total postings
2022-12-20,EA,174.85,176.78,total postings
2022-12-21,EA,174.65,176.53,total postings
2022-12-22,EA,174.53,176.35,total postings
2022-12-23,EA,174.43,176.22,total postings
2022-12-24,EA,174.41,176.13,total postings
2022-12-25,EA,174.43,176.01,total postings
2022-12-26,EA,174.57,175.98,total postings
2022-12-27,EA,174.71,175.97,total postings
2022-12-28,EA,174.82,175.89,total postings
2022-12-29,EA,174.95,175.76,total postings
2022-12-30,EA,175.07,175.62,total postings
2022-12-31,EA,175.12,175.27,total postings
2023-01-01,EA,175.05,174.65,total postings
2023-01-02,EA,174.92,173.91,total postings
2023-01-03,EA,174.84,173.24,total postings
2023-01-04,EA,174.79,172.68,total postings
2023-01-05,EA,174.71,172.15,total postings
2023-01-06,EA,174.72,171.7,total postings
2023-01-07,EA,174.82,171.5,total postings
2023-01-08,EA,174.9,171.6,total postings
2023-01-09,EA,174.83,171.68,total postings
2023-01-10,EA,174.85,171.87,total postings
2023-01-11,EA,174.9,172.07,total postings
2023-01-12,EA,174.97,172.31,total postings
2023-01-13,EA,174.97,172.52,total postings
2023-01-14,EA,174.85,172.64,total postings
2023-01-15,EA,174.81,172.8,total postings
2023-01-16,EA,174.77,172.97,total postings
2023-01-17,EA,174.65,173.02,total postings
2023-01-18,EA,174.64,173.19,total postings
2023-01-19,EA,174.61,173.32,total postings
2023-01-20,EA,174.54,173.38,total postings
2023-01-21,EA,174.63,173.56,total postings
2023-01-22,EA,174.69,173.71,total postings
2023-01-23,EA,174.6,173.75,total postings
2023-01-24,EA,174.66,173.95,total postings
2023-01-25,EA,174.54,174.03,total postings
2023-01-26,EA,174.43,174.16,total postings
2023-01-27,EA,174.3,174.35,total postings
2023-01-28,EA,174.14,174.55,total postings
2023-01-29,EA,173.97,174.77,total postings
2023-01-30,EA,173.8,174.97,total postings
2023-01-31,EA,173.66,175.11,total postings
2023-02-01,EA,173.64,175.22,total postings
2023-02-02,EA,173.6,175.28,total postings
2023-02-03,EA,173.61,175.35,total postings
2023-02-04,EA,173.69,175.48,total postings
2023-02-05,EA,173.73,175.54,total postings
2023-02-06,EA,173.89,175.73,total postings
2023-02-07,EA,174,175.9,total postings
2023-02-08,EA,173.72,175.84,total postings
2023-02-09,EA,173.64,175.97,total postings
2023-02-10,EA,173.54,176.07,total postings
2023-02-11,EA,173.38,176.06,total postings
2023-02-12,EA,173.16,175.99,total postings
2023-02-13,EA,173.03,175.94,total postings
2023-02-14,EA,172.8,175.81,total postings
2023-02-15,EA,172.72,175.81,total postings
2023-02-16,EA,172.43,175.62,total postings
2023-02-17,EA,172.17,175.42,total postings
2023-02-18,EA,171.74,175.05,total postings
2023-02-19,EA,171.53,174.9,total postings
2023-02-20,EA,171.25,174.72,total postings
2023-02-21,EA,171.03,174.57,total postings
2023-02-22,EA,171.01,174.68,total postings
2023-02-23,EA,171.19,174.94,total postings
2023-02-24,EA,171.03,174.83,total postings
2023-02-25,EA,171.08,174.95,total postings
2023-02-26,EA,170.87,174.79,total postings
2023-02-27,EA,170.66,174.59,total postings
2023-02-28,EA,170.37,174.32,total postings
2023-03-01,EA,170.02,173.78,total postings
2023-03-02,EA,169.61,173.11,total postings
2023-03-03,EA,169.46,172.75,total postings
2023-03-04,EA,169.3,172.41,total postings
2023-03-05,EA,169.33,172.3,total postings
2023-03-06,EA,169.36,172.19,total postings
2023-03-07,EA,169.41,172.11,total postings
2023-03-08,EA,169.44,172.2,total postings
2023-03-09,EA,169.39,172.32,total postings
2023-03-10,EA,169.93,173.06,total postings
2023-03-11,EA,170.55,173.82,total postings
2023-03-12,EA,171.04,174.46,total postings
2023-03-13,EA,171.59,175.17,total postings
2023-03-14,EA,172.21,175.95,total postings
2023-03-15,EA,172.82,176.7,total postings
2023-03-16,EA,173.5,177.46,total postings
2023-03-17,EA,173.71,177.73,total postings
2023-03-18,EA,173.9,177.96,total postings
2023-03-19,EA,174.13,178.15,total postings
2023-03-20,EA,174.39,178.36,total postings
2023-03-21,EA,174.61,178.49,total postings
2023-03-22,EA,174.54,178.29,total postings
2023-03-23,EA,174.52,178.2,total postings
2023-03-24,EA,174.43,178.06,total postings
2023-03-25,EA,174.3,177.91,total postings
2023-03-26,EA,174.12,177.86,total postings
2023-03-27,EA,173.82,177.71,total postings
2023-03-28,EA,173.46,177.57,total postings
2023-03-29,EA,173.37,177.69,total postings
2023-03-30,EA,173.15,177.61,total postings
2023-03-31,EA,172.96,177.44,total postings
2023-04-01,EA,172.73,177.1,total postings
2023-04-02,EA,172.62,176.71,total postings
2023-04-03,EA,172.5,176.35,total postings
2023-04-04,EA,172.48,176.06,total postings
2023-04-05,EA,172.55,175.92,total postings
2023-04-06,EA,172.64,175.85,total postings
2023-04-07,EA,172.85,176.11,total postings
2023-04-08,EA,172.98,176.41,total postings
2023-04-09,EA,172.96,176.62,total postings
2023-04-10,EA,173.1,177.03,total postings
2023-04-11,EA,173.06,177.15,total postings
2023-04-12,EA,172.93,177.11,total postings
2023-04-13,EA,172.73,177.05,total postings
2023-04-14,EA,172.42,176.79,total postings
2023-04-15,EA,172.1,176.47,total postings
2023-04-16,EA,171.95,176.43,total postings
2023-04-17,EA,171.62,176.11,total postings
2023-04-18,EA,171.44,176.07,total postings
2023-04-19,EA,171.27,176.06,total postings
2023-04-20,EA,171.21,176.06,total postings
2023-04-21,EA,171.19,176.12,total postings
2023-04-22,EA,171.29,176.41,total postings
2023-04-23,EA,171.33,176.51,total postings
2023-04-24,EA,171.44,176.72,total postings
2023-04-25,EA,171.56,177.04,total postings
2023-04-26,EA,171.59,177.23,total postings
2023-04-27,EA,171.65,177.48,total postings
2023-04-28,EA,171.74,177.74,total postings
2023-04-29,EA,171.72,177.8,total postings
2023-04-30,EA,171.65,177.74,total postings
2023-05-01,EA,171.6,177.69,total postings
2023-05-02,EA,171.44,177.29,total postings
2023-05-03,EA,171.34,176.99,total postings
2023-05-04,EA,171.14,176.56,total postings
2023-05-05,EA,170.9,176.11,total postings
2023-05-06,EA,170.75,175.69,total postings
2023-05-07,EA,170.62,175.35,total postings
2023-05-08,EA,170.4,174.96,total postings
2023-05-09,EA,170.26,174.74,total postings
2023-05-10,EA,170.18,174.59,total postings
2023-05-11,EA,170.21,174.54,total postings
2023-05-12,EA,170.24,174.47,total postings
2023-05-13,EA,170.25,174.52,total postings
2023-05-14,EA,170.33,174.61,total postings
2023-05-15,EA,170.34,174.6,total postings
2023-05-16,EA,170.37,174.68,total postings
2023-05-17,EA,170.42,174.82,total postings
2023-05-18,EA,170.53,175.03,total postings
2023-05-19,EA,170.51,175.05,total postings
2023-05-20,EA,170.36,174.87,total postings
2023-05-21,EA,170.21,174.77,total postings
2023-05-22,EA,170.07,174.77,total postings
2023-05-23,EA,169.97,174.75,total postings
2023-05-24,EA,169.76,174.67,total postings
2023-05-25,EA,169.35,174.41,total postings
2023-05-26,EA,169.09,174.38,total postings
2023-05-27,EA,168.94,174.54,total postings
2023-05-28,EA,168.67,174.52,total postings
2023-05-29,EA,168.64,174.64,total postings
2023-05-30,EA,168.47,174.56,total postings
2023-05-31,EA,168.35,174.44,total postings
2023-06-01,EA,168.27,174.22,total postings
2023-06-02,EA,168.15,173.93,total postings
2023-06-03,EA,168.06,173.63,total postings
2023-06-04,EA,168,173.38,total postings
2023-06-05,EA,167.81,173.08,total postings
2023-06-06,EA,167.78,173,total postings
2023-06-07,EA,167.71,172.88,total postings
2023-06-08,EA,167.71,173.04,total postings
2023-06-09,EA,167.61,173.1,total postings
2023-06-10,EA,167.5,173.18,total postings
2023-06-11,EA,167.43,173.31,total postings
2023-06-12,EA,167.33,173.36,total postings
2023-06-13,EA,167.19,173.41,total postings
2023-06-14,EA,167.15,173.57,total postings
2023-06-15,EA,167.05,173.58,total postings
2023-06-16,EA,167.05,173.71,total postings
2023-06-17,EA,167.03,173.78,total postings
2023-06-18,EA,167.04,173.9,total postings
2023-06-19,EA,167.06,174.02,total postings
2023-06-20,EA,167.06,174.09,total postings
2023-06-21,EA,166.94,174.04,total postings
2023-06-22,EA,166.89,174.04,total postings
2023-06-23,EA,166.83,174.03,total postings
2023-06-24,EA,166.8,174.05,total postings
2023-06-25,EA,166.73,173.95,total postings
2023-06-26,EA,166.6,173.84,total postings
2023-06-27,EA,166.48,173.75,total postings
2023-06-28,EA,166.44,173.76,total postings
2023-06-29,EA,166.4,173.76,total postings
2023-06-30,EA,166.39,173.7,total postings
2023-07-01,EA,166.34,173.5,total postings
2023-07-02,EA,166.32,173.34,total postings
2023-07-03,EA,166.22,173.07,total postings
2023-07-04,EA,166.17,172.85,total postings
2023-07-05,EA,166.2,172.74,total postings
2023-07-06,EA,166.14,172.58,total postings
2023-07-07,EA,166.16,172.54,total postings
2023-07-08,EA,166.16,172.59,total postings
2023-07-09,EA,166.18,172.68,total postings
2023-07-10,EA,166.35,172.91,total postings
2023-07-11,EA,166.45,173.08,total postings
2023-07-12,EA,166.49,173.13,total postings
2023-07-13,EA,166.54,173.22,total postings
2023-07-14,EA,166.49,173.24,total postings
2023-07-15,EA,166.44,173.23,total postings
2023-07-16,EA,166.42,173.23,total postings
2023-07-17,EA,166.33,173.2,total postings
2023-07-18,EA,166.23,173.1,total postings
2023-07-19,EA,166.15,173.03,total postings
2023-07-20,EA,166.14,172.98,total postings
2023-07-21,EA,166.1,172.85,total postings
2023-07-22,EA,166.01,172.72,total postings
2023-07-23,EA,166.09,172.74,total postings
2023-07-24,EA,166.16,172.77,total postings
2023-07-25,EA,166.31,172.89,total postings
2023-07-26,EA,166.4,172.93,total postings
2023-07-27,EA,166.49,173.01,total postings
2023-07-28,EA,166.64,173.13,total postings
2023-07-29,EA,166.9,173.38,total postings
2023-07-30,EA,167,173.5,total postings
2023-07-31,EA,167.13,173.54,total postings
2023-08-01,EA,167.25,173.52,total postings
2023-08-02,EA,167.36,173.5,total postings
2023-08-03,EA,167.35,173.29,total postings
2023-08-04,EA,167.37,173.1,total postings
2023-08-05,EA,167.33,172.85,total postings
2023-08-06,EA,167.3,172.59,total postings
2023-08-07,EA,167.36,172.43,total postings
2023-08-08,EA,167.43,172.4,total postings
2023-08-09,EA,167.57,172.43,total postings
2023-08-10,EA,167.7,172.5,total postings
2023-08-11,EA,167.77,172.51,total postings
2023-08-12,EA,167.75,172.41,total postings
2023-08-13,EA,167.78,172.31,total postings
2023-08-14,EA,167.76,172.26,total postings
2023-08-15,EA,167.85,172.29,total postings
2023-08-16,EA,167.71,172.06,total postings
2023-08-17,EA,167.66,171.86,total postings
2023-08-18,EA,167.61,171.71,total postings
2023-08-19,EA,167.63,171.61,total postings
2023-08-20,EA,167.6,171.49,total postings
2023-08-21,EA,167.58,171.35,total postings
2023-08-22,EA,167.42,171.1,total postings
2023-08-23,EA,167.47,171.09,total postings
2023-08-24,EA,167.39,171.01,total postings
2023-08-25,EA,167.31,170.91,total postings
2023-08-26,EA,167.22,170.84,total postings
2023-08-27,EA,167.06,170.72,total postings
2023-08-28,EA,166.87,170.61,total postings
2023-08-29,EA,166.78,170.51,total postings
2023-08-30,EA,166.65,170.42,total postings
2023-08-31,EA,166.6,170.35,total postings
2023-09-01,EA,166.51,170.12,total postings
2023-09-02,EA,166.49,169.9,total postings
2023-09-03,EA,166.5,169.76,total postings
2023-09-04,EA,166.46,169.55,total postings
2023-09-05,EA,166.3,169.31,total postings
2023-09-06,EA,166.21,169.17,total postings
2023-09-07,EA,166.18,169.13,total postings
2023-09-08,EA,166.23,169.35,total postings
2023-09-09,EA,166.24,169.56,total postings
2023-09-10,EA,166.23,169.74,total postings
2023-09-11,EA,166.25,169.94,total postings
2023-09-12,EA,166.3,170.19,total postings
2023-09-13,EA,166.23,170.36,total postings
2023-09-14,EA,166.07,170.43,total postings
2023-09-15,EA,165.96,170.52,total postings
2023-09-16,EA,165.88,170.62,total postings
2023-09-17,EA,165.79,170.7,total postings
2023-09-18,EA,165.72,170.78,total postings
2023-09-19,EA,165.65,170.8,total postings
2023-09-20,EA,165.7,170.82,total postings
2023-09-21,EA,165.84,171,total postings
2023-09-22,EA,165.9,171.12,total postings
2023-09-23,EA,165.95,171.2,total postings
2023-09-24,EA,165.98,171.29,total postings
2023-09-25,EA,166.05,171.41,total postings
2023-09-26,EA,166.16,171.61,total postings
2023-09-27,EA,166.19,171.72,total postings
2023-09-28,EA,166.14,171.68,total postings
2023-09-29,EA,166.02,171.53,total postings
2023-09-30,EA,165.81,171.21,total postings
2023-10-01,EA,165.63,170.73,total postings
2023-10-02,EA,165.41,170.2,total postings
2023-10-03,EA,165.22,169.67,total postings
2023-10-04,EA,165.08,169.18,total postings
2023-10-05,EA,164.81,168.58,total postings
2023-10-06,EA,164.64,168.09,total postings
2023-10-07,EA,164.51,167.73,total postings
2023-10-08,EA,164.38,167.53,total postings
2023-10-09,EA,164.16,167.31,total postings
2023-10-10,EA,163.95,167.1,total postings
2023-10-11,EA,163.78,166.96,total postings
2023-10-12,EA,163.67,166.93,total postings
2023-10-13,EA,163.51,166.83,total postings
2023-10-14,EA,163.35,166.73,total postings
2023-10-15,EA,163.24,166.65,total postings
2023-10-16,EA,163.1,166.54,total postings
2023-10-17,EA,162.81,166.28,total postings
2023-10-18,EA,162.46,165.95,total postings
2023-10-19,EA,162.2,165.64,total postings
2023-10-20,EA,161.94,165.35,total postings
2023-10-21,EA,161.57,164.92,total postings
2023-10-22,EA,161.27,164.58,total postings
2023-10-23,EA,161.03,164.27,total postings
2023-10-24,EA,160.84,164.07,total postings
2023-10-25,EA,160.75,163.96,total postings
2023-10-26,EA,160.64,163.92,total postings
2023-10-27,EA,160.51,163.83,total postings
2023-10-28,EA,160.55,163.93,total postings
2023-10-29,EA,160.43,163.81,total postings
2023-10-30,EA,160.38,163.73,total postings
2023-10-31,EA,160.35,163.57,total postings
2023-11-01,EA,160.34,163.34,total postings
2023-11-02,EA,160.19,162.88,total postings
2023-11-03,EA,160.04,162.43,total postings
2023-11-04,EA,159.85,161.91,total postings
2023-11-05,EA,159.7,161.51,total postings
2023-11-06,EA,159.54,161.14,total postings
2023-11-07,EA,159.34,160.81,total postings
2023-11-08,EA,159.06,160.53,total postings
2023-11-09,EA,158.95,160.44,total postings
2023-11-10,EA,158.83,160.47,total postings
2023-11-11,EA,158.78,160.56,total postings
2023-11-12,EA,158.65,160.57,total postings
2023-11-13,EA,158.55,160.61,total postings
2023-11-14,EA,158.47,160.69,total postings
2023-11-15,EA,158.4,160.7,total postings
2023-11-16,EA,158.32,160.7,total postings
2023-11-17,EA,158.22,160.66,total postings
2023-11-18,EA,158.04,160.55,total postings
2023-11-19,EA,157.96,160.48,total postings
2023-11-20,EA,157.88,160.4,total postings
2023-11-21,EA,157.75,160.26,total postings
2023-11-22,EA,157.64,160.18,total postings
2023-11-23,EA,157.49,160.07,total postings
2023-11-24,EA,157.4,159.98,total postings
2023-11-25,EA,157.29,159.88,total postings
2023-11-26,EA,157.2,159.83,total postings
2023-11-27,EA,157.1,159.75,total postings
2023-11-28,EA,157.11,159.78,total postings
2023-11-29,EA,157.09,159.66,total postings
2023-11-30,EA,157.11,159.62,total postings
2023-12-01,EA,157.11,159.45,total postings
2023-12-02,EA,157.1,159.25,total postings
2023-12-03,EA,157.14,159.14,total postings
2023-12-04,EA,157.09,158.9,total postings
2023-12-05,EA,156.98,158.6,total postings
2023-12-06,EA,156.91,158.43,total postings
2023-12-07,EA,156.85,158.31,total postings
2023-12-08,EA,156.89,158.41,total postings
2023-12-09,EA,156.99,158.57,total postings
2023-12-10,EA,157.03,158.65,total postings
2023-12-11,EA,157.14,158.82,total postings
2023-12-12,EA,157.22,158.97,total postings
2023-12-13,EA,157.33,159.14,total postings
2023-12-14,EA,157.44,159.29,total postings
2023-12-15,EA,157.41,159.25,total postings
2023-12-16,EA,157.34,159.18,total postings
2023-12-17,EA,157.23,159.06,total postings
2023-12-18,EA,157.11,158.93,total postings
2023-12-19,EA,156.98,158.75,total postings
2023-12-20,EA,156.87,158.58,total postings
2023-12-21,EA,156.69,158.34,total postings
2023-12-22,EA,156.57,158.17,total postings
2023-12-23,EA,156.39,157.94,total postings
2023-12-24,EA,156.31,157.77,total postings
2023-12-25,EA,156.51,157.83,total postings
2023-12-26,EA,156.62,157.77,total postings
2023-12-27,EA,156.57,157.56,total postings
2023-12-28,EA,156.58,157.38,total postings
2023-12-29,EA,156.57,157.12,total postings
2023-12-30,EA,156.52,156.8,total postings
2023-12-31,EA,156.43,156.34,total postings
2024-01-01,EA,156.16,155.52,total postings
2024-01-02,EA,155.88,154.65,total postings
2024-01-03,EA,155.71,153.93,total postings
2024-01-04,EA,155.54,153.26,total postings
2024-01-05,EA,155.47,152.73,total postings
2024-01-06,EA,155.59,152.41,total postings
2024-01-07,EA,155.62,152.13,total postings
2024-01-08,EA,155.47,151.99,total postings
2024-01-09,EA,155.45,152.09,total postings
2024-01-10,EA,155.43,152.21,total postings
2024-01-11,EA,155.42,152.33,total postings
2024-01-12,EA,155.37,152.43,total postings
2024-01-13,EA,155.19,152.44,total postings
2024-01-14,EA,155.08,152.54,total postings
2024-01-15,EA,154.97,152.6,total postings
2024-01-16,EA,154.81,152.63,total postings
2024-01-17,EA,154.7,152.7,total postings
2024-01-18,EA,154.5,152.67,total postings
2024-01-19,EA,154.31,152.61,total postings
2024-01-20,EA,154.19,152.6,total postings
2024-01-21,EA,154.05,152.54,total postings
2024-01-22,EA,154.02,152.59,total postings
2024-01-23,EA,154.03,152.71,total postings
2024-01-24,EA,153.99,152.82,total postings
2024-01-25,EA,153.98,153.02,total postings
2024-01-26,EA,153.91,153.2,total postings
2024-01-27,EA,153.91,153.54,total postings
2024-01-28,EA,153.89,153.89,total postings
2024-01-29,EA,153.83,154.24,total postings
2024-01-30,EA,153.69,154.47,total postings
2024-01-31,EA,153.44,154.52,total postings
2024-02-01,EA,153.18,154.4,total postings
2024-02-02,EA,153.04,154.39,total postings
2024-02-03,EA,152.83,154.26,total postings
2024-02-04,EA,152.65,154.16,total postings
2024-02-05,EA,152.44,153.97,total postings
2024-02-06,EA,152.28,153.84,total postings
2024-02-07,EA,152.23,153.87,total postings
2024-02-08,EA,152.21,154.05,total postings
2024-02-09,EA,152.04,154.07,total postings
2024-02-10,EA,151.88,154.07,total postings
2024-02-11,EA,151.67,154,total postings
2024-02-12,EA,151.57,154.02,total postings
2024-02-13,EA,151.45,153.96,total postings
2024-02-14,EA,151.39,153.96,total postings
2024-02-15,EA,151.37,153.99,total postings
2024-02-16,EA,151.52,154.24,total postings
2024-02-17,EA,151.56,154.34,total postings
2024-02-18,EA,151.77,154.61,total postings
2024-02-19,EA,151.81,154.71,total postings
2024-02-20,EA,151.96,154.96,total postings
2024-02-21,EA,152.02,155.09,total postings
2024-02-22,EA,152.02,155.22,total postings
2024-02-23,EA,152.01,155.27,total postings
2024-02-24,EA,152.16,155.48,total postings
2024-02-25,EA,152.14,155.54,total postings
2024-02-26,EA,152.29,155.75,total postings
2024-02-27,EA,152.25,155.74,total postings
2024-02-28,EA,152.25,155.77,total postings
2024-02-29,EA,152.27,155.72,total postings
2024-03-01,EA,152.19,155.47,total postings
2024-03-02,EA,152,155.09,total postings
2024-03-03,EA,151.85,154.73,total postings
2024-03-04,EA,151.67,154.41,total postings
2024-03-05,EA,151.64,154.28,total postings
2024-03-06,EA,151.47,153.98,total postings
2024-03-07,EA,151.27,153.72,total postings
2024-03-08,EA,151.23,153.74,total postings
2024-03-09,EA,151.27,153.93,total postings
2024-03-10,EA,151.3,154.11,total postings
2024-03-11,EA,151.29,154.2,total postings
2024-03-12,EA,151.28,154.32,total postings
2024-03-13,EA,151.42,154.59,total postings
2024-03-14,EA,151.57,154.85,total postings
2024-03-15,EA,151.61,154.99,total postings
2024-03-16,EA,151.61,155.05,total postings
2024-03-17,EA,151.65,155.16,total postings
2024-03-18,EA,151.78,155.33,total postings
2024-03-19,EA,151.93,155.43,total postings
2024-03-20,EA,152.08,155.54,total postings
2024-03-21,EA,152.2,155.59,total postings
2024-03-22,EA,152.48,155.76,total postings
2024-03-23,EA,152.63,155.86,total postings
2024-03-24,EA,152.8,155.99,total postings
2024-03-25,EA,152.89,156.08,total postings
2024-03-26,EA,152.84,156.17,total postings
2024-03-27,EA,152.74,156.22,total postings
2024-03-28,EA,152.65,156.35,total postings
2024-03-29,EA,152.44,156.38,total postings
2024-03-30,EA,152.29,156.41,total postings
2024-03-31,EA,152.1,156.29,total postings
2024-04-01,EA,152.01,156.16,total postings
2024-04-02,EA,151.78,155.59,total postings
2024-04-03,EA,151.55,155.06,total postings
2024-04-04,EA,151.32,154.58,total postings
2024-04-05,EA,150.97,153.96,total postings
2024-04-06,EA,150.7,153.49,total postings
2024-04-07,EA,150.36,153.11,total postings
2024-04-08,EA,149.98,152.77,total postings
2024-04-09,EA,149.85,152.88,total postings
2024-04-10,EA,149.81,153.09,total postings
2024-04-11,EA,149.8,153.3,total postings
2024-04-12,EA,149.92,153.57,total postings
2024-04-13,EA,150.02,153.8,total postings
2024-04-14,EA,150.14,153.99,total postings
2024-04-15,EA,150.31,154.2,total postings
2024-04-16,EA,150.38,154.41,total postings
2024-04-17,EA,150.47,154.57,total postings
2024-04-18,EA,150.54,154.69,total postings
2024-04-19,EA,150.62,154.85,total postings
2024-04-20,EA,150.56,154.82,total postings
2024-04-21,EA,150.59,154.95,total postings
2024-04-22,EA,150.54,155.07,total postings
2024-04-23,EA,150.66,155.26,total postings
2024-04-24,EA,150.63,155.33,total postings
2024-04-25,EA,150.54,155.44,total postings
2024-04-26,EA,150.48,155.54,total postings
2024-04-27,EA,150.58,155.83,total postings
2024-04-28,EA,150.58,156,total postings
2024-04-29,EA,150.58,156.08,total postings
2024-04-30,EA,150.57,156.09,total postings
2024-05-01,EA,150.65,156.2,total postings
2024-05-02,EA,150.6,155.94,total postings
2024-05-03,EA,150.56,155.74,total postings
2024-05-04,EA,150.53,155.52,total postings
2024-05-05,EA,150.46,155.28,total postings
2024-05-06,EA,150.53,155.11,total postings
2024-05-07,EA,150.53,154.94,total postings
2024-05-08,EA,150.5,154.74,total postings
2024-05-09,EA,150.64,154.8,total postings
2024-05-10,EA,150.59,154.66,total postings
2024-05-11,EA,150.52,154.49,total postings
2024-05-12,EA,150.46,154.32,total postings
2024-05-13,EA,150.17,154.04,total postings
2024-05-14,EA,149.85,153.69,total postings
2024-05-15,EA,149.65,153.45,total postings
2024-05-16,EA,149.37,153.19,total postings
2024-05-17,EA,149.07,152.95,total postings
2024-05-18,EA,148.62,152.57,total postings
2024-05-19,EA,148.18,152.15,total postings
2024-05-20,EA,147.93,151.86,total postings
2024-05-21,EA,147.49,151.46,total postings
2024-05-22,EA,147.13,151.23,total postings
2024-05-23,EA,146.89,151.08,total postings
2024-05-24,EA,146.73,151.05,total postings
2024-05-25,EA,146.74,151.23,total postings
2024-05-26,EA,146.71,151.44,total postings
2024-05-27,EA,146.57,151.61,total postings
2024-05-28,EA,146.66,151.96,total postings
2024-05-29,EA,146.62,152.07,total postings
2024-05-30,EA,146.57,152.1,total postings
2024-05-31,EA,146.62,152.16,total postings
2024-06-01,EA,146.6,152,total postings
2024-06-02,EA,146.62,151.88,total postings
2024-06-03,EA,146.6,151.7,total postings
2024-06-04,EA,146.57,151.53,total postings
2024-06-05,EA,146.46,151.31,total postings
2024-06-06,EA,146.29,151.11,total postings
2024-06-07,EA,146.09,150.89,total postings
2024-06-08,EA,145.99,150.93,total postings
2024-06-09,EA,145.87,150.95,total postings
2024-06-10,EA,145.93,151.17,total postings
2024-06-11,EA,145.98,151.39,total postings
2024-06-12,EA,146,151.55,total postings
2024-06-13,EA,146,151.72,total postings
2024-06-14,EA,145.88,151.74,total postings
2024-06-15,EA,145.61,151.55,total postings
2024-06-16,EA,145.37,151.41,total postings
2024-06-17,EA,145.01,151.13,total postings
2024-06-18,EA,144.61,150.81,total postings
2024-06-19,EA,144.22,150.51,total postings
2024-06-20,EA,143.93,150.27,total postings
2024-06-21,EA,143.79,150.19,total postings
2024-06-22,EA,143.68,150.14,total postings
2024-06-23,EA,143.58,150.1,total postings
2024-06-24,EA,143.51,150.08,total postings
2024-06-25,EA,143.48,150.05,total postings
2024-06-26,EA,143.5,150.1,total postings
2024-06-27,EA,143.48,150.11,total postings
2024-06-28,EA,143.39,150.08,total postings
2024-06-29,EA,143.33,150.05,total postings
2024-06-30,EA,143.29,149.95,total postings
2024-07-01,EA,143.12,149.67,total postings
2024-07-02,EA,142.98,149.4,total postings
2024-07-03,EA,142.86,149.14,total postings
2024-07-04,EA,142.68,148.82,total postings
2024-07-05,EA,142.57,148.59,total postings
2024-07-06,EA,142.46,148.4,total postings
2024-07-07,EA,142.33,148.24,total postings
2024-07-08,EA,142.26,148.21,total postings
2024-07-09,EA,142.18,148.19,total postings
2024-07-10,EA,142.05,148.08,total postings
2024-07-11,EA,141.99,148.05,total postings
2024-07-12,EA,141.86,147.91,total postings
2024-07-13,EA,141.77,147.82,total postings
2024-07-14,EA,141.71,147.8,total postings
2024-07-15,EA,141.75,147.84,total postings
2024-07-16,EA,141.72,147.82,total postings
2024-07-17,EA,141.74,147.9,total postings
2024-07-18,EA,141.63,147.78,total postings
2024-07-19,EA,141.57,147.71,total postings
2024-07-20,EA,141.39,147.48,total postings
2024-07-21,EA,141.28,147.3,total postings
2024-07-22,EA,141.11,147.1,total postings
2024-07-23,EA,141.01,146.95,total postings
2024-07-24,EA,140.82,146.72,total postings
2024-07-25,EA,140.67,146.56,total postings
2024-07-26,EA,140.49,146.33,total postings
2024-07-27,EA,140.35,146.19,total postings
2024-07-28,EA,140.16,145.97,total postings
2024-07-29,EA,139.92,145.74,total postings
2024-07-30,EA,139.65,145.46,total postings
2024-07-31,EA,139.47,145.19,total postings
2024-08-01,EA,139.29,144.87,total postings
2024-08-02,EA,139.17,144.64,total postings
2024-08-03,EA,139.11,144.4,total postings
2024-08-04,EA,139.06,144.17,total postings
2024-08-05,EA,139,143.91,total postings
2024-08-06,EA,138.99,143.7,total postings
2024-08-07,EA,138.94,143.47,total postings
2024-08-08,EA,138.93,143.36,total postings
2024-08-09,EA,138.89,143.17,total postings
2024-08-10,EA,138.81,143.01,total postings
2024-08-11,EA,138.71,142.82,total postings
2024-08-12,EA,138.68,142.7,total postings
2024-08-13,EA,138.67,142.54,total postings
2024-08-14,EA,138.57,142.37,total postings
2024-08-15,EA,138.49,142.19,total postings
2024-08-16,EA,138.4,141.99,total postings
2024-08-17,EA,138.3,141.74,total postings
2024-08-18,EA,138.17,141.48,total postings
2024-08-19,EA,138.07,141.26,total postings
2024-08-20,EA,137.93,141.03,total postings
2024-08-21,EA,137.79,140.78,total postings
2024-08-22,EA,137.67,140.58,total postings
2024-08-23,EA,137.59,140.44,total postings
2024-08-24,EA,137.51,140.38,total postings
2024-08-25,EA,137.39,140.27,total postings
2024-08-26,EA,137.26,140.16,total postings
2024-08-27,EA,137.2,140.15,total postings
2024-08-28,EA,137.2,140.23,total postings
2024-08-29,EA,137.24,140.27,total postings
2024-08-30,EA,137.23,140.29,total postings
2024-08-31,EA,137.24,140.26,total postings
2024-09-01,EA,137.24,140.13,total postings
2024-09-02,EA,137.24,139.97,total postings
2024-09-03,EA,137.17,139.8,total postings
2024-09-04,EA,137.14,139.63,total postings
2024-09-05,EA,137.08,139.52,total postings
2024-09-06,EA,137.08,139.49,total postings
2024-09-07,EA,137.03,139.46,total postings
2024-09-08,EA,137.03,139.63,total postings
2024-09-09,EA,136.91,139.69,total postings
2024-09-10,EA,136.81,139.75,total postings
2024-09-11,EA,136.59,139.69,total postings
2024-09-12,EA,136.4,139.67,total postings
2024-09-13,EA,136.12,139.61,total postings
2024-09-14,EA,135.96,139.65,total postings
2024-09-15,EA,135.79,139.64,total postings
2024-09-16,EA,135.71,139.73,total postings
2024-09-17,EA,135.63,139.82,total postings
2024-09-18,EA,135.67,140,total postings
2024-09-19,EA,135.67,140.07,total postings
2024-09-20,EA,135.74,140.13,total postings
2024-09-21,EA,135.68,140.11,total postings
2024-09-22,EA,135.56,140.06,total postings
2024-09-23,EA,135.37,139.91,total postings
2024-09-24,EA,135.2,139.81,total postings
2024-09-25,EA,135.01,139.69,total postings
2024-09-26,EA,134.82,139.58,total postings
2024-09-27,EA,134.59,139.44,total postings
2024-09-28,EA,134.41,139.24,total postings
2024-09-29,EA,134.34,139.14,total postings
2024-09-30,EA,134.36,139.06,total postings
2024-10-01,EA,134.23,138.65,total postings
2024-10-02,EA,133.87,137.99,total postings
2024-10-03,EA,133.78,137.61,total postings
2024-10-04,EA,133.68,137.19,total postings
2024-10-05,EA,133.62,136.82,total postings
2024-10-06,EA,133.46,136.36,total postings
2024-10-07,EA,133.33,136.03,total postings
2024-10-08,EA,133.26,135.89,total postings
2024-10-09,EA,133.49,136.1,total postings
2024-10-10,EA,133.42,136.01,total postings
2024-10-11,EA,133.39,135.99,total postings
2024-10-12,EA,133.35,136.02,total postings
2024-10-13,EA,133.31,136.03,total postings
2024-10-14,EA,133.28,136.01,total postings
2024-10-15,EA,133.25,136.01,total postings
2024-10-16,EA,133.16,135.93,total postings
2024-10-17,EA,133.18,135.98,total postings
2024-10-18,EA,133.08,135.89,total postings
2024-10-19,EA,133.07,135.83,total postings
2024-10-20,EA,133.12,135.86,total postings
2024-10-21,EA,133.1,135.79,total postings
2024-10-22,EA,133.13,135.79,total postings
2024-10-23,EA,133.12,135.74,total postings
2024-10-24,EA,133.02,135.63,total postings
2024-10-25,EA,133.06,135.68,total postings
2024-10-26,EA,132.98,135.67,total postings
2024-10-27,EA,132.87,135.59,total postings
2024-10-28,EA,132.84,135.63,total postings
2024-10-29,EA,132.81,135.58,total postings
2024-10-30,EA,132.85,135.59,total postings
2024-10-31,EA,132.89,135.5,total postings
2024-11-01,EA,132.95,135.33,total postings
2024-11-02,EA,132.9,135.01,total postings
2024-11-03,EA,132.88,134.72,total postings
2024-11-04,EA,132.81,134.36,total postings
2024-11-05,EA,132.77,134.09,total postings
2024-11-06,EA,132.66,133.8,total postings
2024-11-07,EA,132.53,133.55,total postings
2024-11-08,EA,132.32,133.34,total postings
2024-11-09,EA,132.22,133.24,total postings
2024-11-10,EA,132.01,133.15,total postings
2024-11-11,EA,131.94,133.22,total postings
2024-11-12,EA,131.74,133.15,total postings
2024-11-13,EA,131.55,133.1,total postings
2024-11-14,EA,131.39,133.07,total postings
2024-11-15,EA,131.33,133.08,total postings
2024-11-16,EA,131.3,133.12,total postings
2024-11-17,EA,131.3,133.16,total postings
2024-11-18,EA,131.18,133.1,total postings
2024-11-19,EA,131.23,133.16,total postings
2024-11-20,EA,131.25,133.2,total postings
2024-11-21,EA,131.27,133.22,total postings
2024-11-22,EA,131.29,133.28,total postings
2024-11-23,EA,131.34,133.37,total postings
2024-11-24,EA,131.4,133.46,total postings
2024-11-25,EA,131.45,133.53,total postings
2024-11-26,EA,131.48,133.61,total postings
2024-11-27,EA,131.53,133.68,total postings
2024-11-28,EA,131.53,133.69,total postings
2024-11-29,EA,131.46,133.52,total postings
2024-11-30,EA,131.51,133.49,total postings
2024-12-01,EA,131.55,133.38,total postings
2024-12-02,EA,131.64,133.3,total postings
2024-12-03,EA,131.64,133.17,total postings
2024-12-04,EA,131.68,133.07,total postings
2024-12-05,EA,131.81,133.02,total postings
2024-12-06,EA,132.02,133.17,total postings
2024-12-07,EA,132.07,133.17,total postings
2024-12-08,EA,132.13,133.28,total postings
2024-12-09,EA,132.22,133.41,total postings
2024-12-10,EA,132.35,133.55,total postings
2024-12-11,EA,132.41,133.66,total postings
2024-12-12,EA,132.46,133.78,total postings
2024-12-13,EA,132.49,133.86,total postings
2024-12-14,EA,132.5,133.88,total postings
2024-12-15,EA,132.58,133.95,total postings
2024-12-16,EA,132.66,134.02,total postings
2024-12-17,EA,132.66,134.01,total postings
2024-12-18,EA,132.67,134,total postings
2024-12-19,EA,132.7,133.98,total postings
2024-12-20,EA,132.71,133.94,total postings
2024-12-21,EA,132.77,133.95,total postings
2024-12-22,EA,132.76,133.9,total postings
2024-12-23,EA,132.79,133.89,total postings
2024-12-24,EA,132.87,133.88,total postings
2024-12-25,EA,132.98,133.87,total postings
2024-12-26,EA,133.09,133.8,total postings
2024-12-27,EA,133.06,133.62,total postings
2024-12-28,EA,132.98,133.34,total postings
2024-12-29,EA,132.93,133.03,total postings
2024-12-30,EA,132.9,132.7,total postings
2024-12-31,EA,132.88,132.3,total postings
2025-01-01,EA,132.87,131.75,total postings
2025-01-02,EA,132.76,131.07,total postings
2025-01-03,EA,132.75,130.52,total postings
2025-01-04,EA,132.73,130.04,total postings
2025-01-05,EA,132.67,129.52,total postings
2025-01-06,EA,132.52,128.93,total postings
2025-01-07,EA,132.3,128.42,total postings
2025-01-08,EA,132.1,128.21,total postings
2025-01-09,EA,132.03,128.24,total postings
2025-01-10,EA,131.98,128.3,total postings
2025-01-11,EA,131.99,128.42,total postings
2025-01-12,EA,132.01,128.59,total postings
2025-01-13,EA,132.02,128.78,total postings
2025-01-14,EA,132.08,129.02,total postings
2025-01-15,EA,132.08,129.19,total postings
2025-01-16,EA,132.03,129.3,total postings
2025-01-17,EA,131.89,129.34,total postings
2025-01-18,EA,131.79,129.38,total postings
2025-01-19,EA,131.69,129.41,total postings
2025-01-20,EA,131.59,129.43,total postings
2025-01-21,EA,131.55,129.47,total postings
2025-01-22,EA,131.52,129.54,total postings
2025-01-23,EA,131.46,129.61,total postings
2025-01-24,EA,131.46,129.78,total postings
2025-01-25,EA,131.45,130,total postings
2025-01-26,EA,131.44,130.25,total postings
2025-01-27,EA,131.41,130.54,total postings
2025-01-28,EA,131.48,130.98,total postings
2025-01-29,EA,131.23,131.13,total postings
2025-01-30,EA,131.15,131.41,total postings
2025-01-31,EA,131.02,131.56,total postings
2025-02-01,EA,130.9,131.59,total postings
2025-02-02,EA,130.75,131.61,total postings
2025-02-03,EA,130.62,131.59,total postings
2025-02-04,EA,130.32,131.39,total postings
2025-02-05,EA,130.33,131.45,total postings
2025-02-06,EA,130.21,131.38,total postings
2025-02-07,EA,130.11,131.38,total postings
2025-02-08,EA,129.98,131.44,total postings
2025-02-09,EA,129.81,131.43,total postings
2025-02-10,EA,129.64,131.41,total postings
2025-02-11,EA,129.56,131.43,total postings
2025-02-12,EA,129.38,131.37,total postings
2025-02-13,EA,129.04,131.07,total postings
2025-02-14,EA,128.93,131.01,total postings
2025-02-15,EA,128.66,130.76,total postings
2025-02-16,EA,128.5,130.67,total postings
2025-02-17,EA,128.34,130.56,total postings
2025-02-18,EA,128.13,130.4,total postings
2025-02-19,EA,127.94,130.26,total postings
2025-02-20,EA,127.9,130.33,total postings
2025-02-21,EA,127.64,130.13,total postings
2025-02-22,EA,127.55,130.17,total postings
2025-02-23,EA,127.38,130.07,total postings
2025-02-24,EA,127.23,129.99,total postings
2025-02-25,EA,127.06,129.91,total postings
2025-02-26,EA,126.96,129.87,total postings
2025-02-27,EA,126.94,129.86,total postings
2025-02-28,EA,126.96,129.9,total postings
2025-03-01,EA,126.89,129.7,total postings
2025-03-02,EA,126.93,129.54,total postings
2025-03-03,EA,126.9,129.33,total postings
2025-03-04,EA,126.93,129.22,total postings
2025-03-05,EA,126.43,128.58,total postings
2025-03-06,EA,126.34,128.39,total postings
2025-03-07,EA,126.22,128.19,total postings
2025-03-08,EA,126.14,128.15,total postings
2025-03-09,EA,125.98,128.12,total postings
2025-03-10,EA,125.87,128.13,total postings
2025-03-11,EA,125.82,128.18,total postings
2025-03-12,EA,126.27,128.77,total postings
2025-03-13,EA,126.18,128.81,total postings
2025-03-14,EA,126.09,128.81,total postings
2025-03-15,EA,125.99,128.81,total postings
2025-03-16,EA,125.92,128.79,total postings
2025-03-17,EA,125.89,128.82,total postings
2025-03-18,EA,125.76,128.72,total postings
2025-03-19,EA,125.73,128.64,total postings
2025-03-20,EA,125.82,128.71,total postings
2025-03-21,EA,125.91,128.74,total postings
2025-03-22,EA,126.01,128.75,total postings
2025-03-23,EA,126.11,128.82,total postings
2025-03-24,EA,126.17,128.86,total postings
2025-03-25,EA,126.22,128.93,total postings
2025-03-26,EA,126.15,128.99,total postings
2025-03-27,EA,126.03,129,total postings
2025-03-28,EA,125.9,129.06,total postings
2025-03-29,EA,125.8,129.13,total postings
2025-03-30,EA,125.73,129.16,total postings
2025-03-31,EA,125.66,129.1,total postings
2025-04-01,EA,125.58,128.92,total postings
2025-04-02,EA,125.6,128.72,total postings
2025-04-03,EA,125.66,128.59,total postings
2025-04-04,EA,125.72,128.44,total postings
2025-04-05,EA,125.79,128.33,total postings
2025-04-06,EA,125.78,128.18,total postings
2025-04-07,EA,125.72,128.13,total postings
2025-04-08,EA,125.6,128.09,total postings
2025-04-09,EA,125.47,128.08,total postings
2025-04-10,EA,125.2,127.95,total postings
2025-04-11,EA,124.89,127.83,total postings
2025-04-12,EA,124.61,127.69,total postings
2025-04-13,EA,124.4,127.6,total postings
2025-04-14,EA,124.26,127.51,total postings
2025-04-15,EA,124.23,127.51,total postings
2025-04-16,EA,124.11,127.5,total postings
2025-04-17,EA,124.1,127.55,total postings
2025-04-18,EA,124.13,127.68,total postings
2025-04-19,EA,124,127.65,total postings
2025-04-20,EA,123.92,127.66,total postings
2025-04-21,EA,123.91,127.8,total postings
2025-04-22,EA,123.71,127.7,total postings
2025-04-23,EA,123.59,127.56,total postings
2025-04-24,EA,123.36,127.43,total postings
2025-04-25,EA,123,127.21,total postings
2025-04-26,EA,122.82,127.14,total postings
2025-04-27,EA,122.57,127.02,total postings
2025-04-28,EA,122.27,126.8,total postings
2025-04-29,EA,122.18,126.87,total postings
2025-04-30,EA,122.18,126.96,total postings
2025-05-01,EA,122.23,127.06,total postings
2025-05-02,EA,122.47,127.12,total postings
2025-05-03,EA,122.65,127.17,total postings
2025-05-04,EA,122.87,127.24,total postings
2025-05-05,EA,123.12,127.34,total postings
2025-05-06,EA,123.38,127.39,total postings
2025-05-07,EA,123.56,127.42,total postings
2025-05-08,EA,123.81,127.5,total postings
2025-05-09,EA,124.01,127.62,total postings
2025-05-10,EA,124.22,127.74,total postings
2025-05-11,EA,124.31,127.74,total postings
2025-05-12,EA,124.33,127.67,total postings
2025-05-13,EA,124.28,127.62,total postings
2025-05-14,EA,124.28,127.59,total postings
2025-05-15,EA,124.21,127.48,total postings
2025-05-16,EA,124.21,127.5,total postings
2025-05-17,EA,124.04,127.38,total postings
2025-05-18,EA,124.07,127.48,total postings
2025-05-19,EA,124.16,127.58,total postings
2025-05-20,EA,124.3,127.68,total postings
2025-05-21,EA,124.36,127.79,total postings
2025-05-22,EA,124.4,127.96,total postings
2025-05-23,EA,124.47,128.13,total postings
2025-05-24,EA,124.62,128.43,total postings
2025-05-25,EA,124.61,128.61,total postings
2025-05-26,EA,124.59,128.81,total postings
2025-05-27,EA,124.46,128.98,total postings
2025-05-28,EA,124.38,129.14,total postings
2025-05-29,EA,124.39,129.29,total postings
2025-05-30,EA,124.3,129.25,total postings
2025-05-31,EA,124.15,129.09,total postings
2025-06-01,EA,124.05,128.87,total postings
2025-06-02,EA,123.94,128.64,total postings
2025-06-03,EA,123.9,128.45,total postings
2025-06-04,EA,123.79,128.21,total postings
2025-06-05,EA,123.57,127.9,total postings
2025-06-06,EA,123.36,127.65,total postings
2025-06-07,EA,123.33,127.62,total postings
2025-06-08,EA,123.25,127.66,total postings
2025-06-09,EA,123.25,127.79,total postings
2025-06-10,EA,123.03,127.71,total postings
2025-06-11,EA,122.82,127.65,total postings
2025-06-12,EA,122.65,127.63,total postings
2025-06-13,EA,122.55,127.69,total postings
2025-06-14,EA,122.3,127.58,total postings
2025-06-15,EA,122.18,127.53,total postings
2025-06-16,EA,121.92,127.35,total postings
2025-06-17,EA,121.84,127.34,total postings
2025-06-18,EA,121.79,127.36,total postings
2025-06-19,EA,121.76,127.42,total postings
2025-06-20,EA,121.67,127.38,total postings
2025-06-21,EA,121.61,127.39,total postings
2025-06-22,EA,121.51,127.34,total postings
2025-06-23,EA,121.44,127.34,total postings
2025-06-24,EA,121.37,127.33,total postings
2025-06-25,EA,121.33,127.3,total postings
2025-06-26,EA,121.27,127.27,total postings
2025-06-27,EA,121.24,127.27,total postings
2025-06-28,EA,121.23,127.29,total postings
2025-06-29,EA,121.2,127.28,total postings
2025-06-30,EA,121.19,127.21,total postings
2025-07-01,EA,121.07,126.98,total postings
2025-07-02,EA,120.97,126.78,total postings
2025-07-03,EA,120.89,126.57,total postings
2025-07-04,EA,120.83,126.39,total postings
2025-07-05,EA,120.77,126.22,total postings
2025-07-06,EA,120.68,126.06,total postings
2025-07-07,EA,120.58,125.95,total postings
2025-07-08,EA,120.57,125.96,total postings
2025-07-09,EA,120.5,125.93,total postings
2025-07-10,EA,120.37,125.82,total postings
2025-07-11,EA,120.27,125.75,total postings
2025-07-12,EA,120.18,125.66,total postings
2025-07-13,EA,120.09,125.58,total postings
2025-07-14,EA,119.98,125.5,total postings
2025-07-15,EA,119.82,125.36,total postings
2025-07-16,EA,119.73,125.26,total postings
2025-07-17,EA,119.64,125.2,total postings
2025-07-18,EA,119.5,125.04,total postings
2025-07-19,EA,119.25,124.77,total postings
2025-07-20,EA,119.13,124.6,total postings
2025-07-21,EA,119.03,124.43,total postings
2025-07-22,EA,119.08,124.45,total postings
2025-07-23,EA,119.06,124.39,total postings
2025-07-24,EA,119.08,124.39,total postings
2025-07-25,EA,119.11,124.42,total postings
2025-07-26,EA,119.22,124.51,total postings
2025-07-27,EA,119.18,124.47,total postings
2025-07-28,EA,119.14,124.39,total postings
2025-07-29,EA,118.96,124.2,total postings
2025-07-30,EA,118.8,124.02,total postings
2025-07-31,EA,118.57,123.69,total postings
2025-08-01,EA,118.18,123.16,total postings
2025-08-02,EA,117.94,122.82,total postings
2025-08-03,EA,117.77,122.47,total postings
2025-08-04,EA,117.61,122.16,total postings
2025-08-05,EA,117.52,121.88,total postings
2025-08-06,EA,117.44,121.61,total postings
2025-08-07,EA,117.44,121.44,total postings
2025-08-08,EA,117.58,121.47,total postings
2025-08-09,EA,117.54,121.29,total postings
2025-08-10,EA,117.54,121.21,total postings
2025-08-11,EA,117.58,121.16,total postings
2025-08-12,EA,117.58,121.08,total postings
2025-08-13,EA,117.62,120.98,total postings
2025-08-14,EA,117.58,120.87,total postings
2025-08-15,EA,117.62,120.82,total postings
2025-08-16,EA,117.65,120.73,total postings
2025-08-17,EA,117.63,120.56,total postings
2025-08-18,EA,117.57,120.36,total postings
2025-08-19,EA,117.54,120.2,total postings
2025-08-20,EA,117.56,120.15,total postings
2025-08-21,EA,117.63,120.11,total postings
2025-08-22,EA,117.65,120.06,total postings
2025-08-23,EA,117.73,120.1,total postings
2025-08-24,EA,117.77,120.17,total postings
2025-08-25,EA,117.86,120.27,total postings
2025-08-26,EA,117.87,120.31,total postings
2025-08-27,EA,117.91,120.39,total postings
2025-08-28,EA,117.97,120.52,total postings
2025-08-29,EA,117.95,120.49,total postings
2025-08-30,EA,117.91,120.46,total postings
2025-08-31,EA,117.84,120.35,total postings
2025-09-01,EA,117.73,120.12,total postings
2025-09-02,EA,117.79,120.05,total postings
2025-09-03,EA,117.79,119.95,total postings
2025-09-04,EA,117.76,119.81,total postings
2025-09-05,EA,117.82,119.84,total postings
2025-09-06,EA,117.93,119.94,total postings
2025-09-07,EA,118.04,120.09,total postings
2025-09-08,EA,118.16,120.36,total postings
2025-09-09,EA,118.17,120.54,total postings
2025-09-10,EA,118.12,120.65,total postings
2025-09-11,EA,118.11,120.81,total postings
2025-09-12,EA,118.09,120.97,total postings
2025-09-13,EA,118.02,121.12,total postings
2025-09-14,EA,118,121.3,total postings
2025-09-15,EA,117.96,121.43,total postings
2025-09-16,EA,117.95,121.58,total postings
2025-09-17,EA,117.99,121.78,total postings
2025-09-18,EA,117.99,121.9,total postings
2025-09-19,EA,117.96,121.94,total postings
2025-09-20,EA,118.01,121.99,total postings
2025-09-21,EA,117.97,122,total postings
2025-09-22,EA,117.97,122.06,total postings
2025-09-23,EA,117.89,122.03,total postings
2025-09-24,EA,117.77,121.99,total postings
2025-09-25,EA,117.7,122,total postings
2025-09-26,EA,117.61,121.98,total postings
2025-09-27,EA,117.44,121.89,total postings
2025-09-28,EA,117.36,121.78,total postings
2025-09-29,EA,117.25,121.62,total postings
2025-09-30,EA,117.22,121.48,total postings
2025-10-01,EA,117.26,121.27,total postings
2025-10-02,EA,117.29,121.03,total postings
2025-10-03,EA,117.38,120.83,total postings
2025-10-04,EA,117.47,120.63,total postings
2025-10-05,EA,117.58,120.46,total postings
2025-10-06,EA,117.73,120.34,total postings
2025-10-07,EA,117.8,120.23,total postings
2025-10-08,EA,117.86,120.2,total postings
2025-10-09,EA,117.81,120.12,total postings
2025-10-10,EA,117.79,120.09,total postings
2025-10-11,EA,117.78,120.08,total postings
2025-10-12,EA,117.69,120.07,total postings
2025-10-13,EA,117.59,120.02,total postings
2025-10-14,EA,117.56,120.01,total postings
2025-10-15,EA,117.52,119.99,total postings
2025-10-16,EA,117.52,120.01,total postings
2025-10-17,EA,117.47,119.97,total postings
2025-10-18,EA,117.41,119.91,total postings
2025-10-19,EA,117.45,119.9,total postings
2025-10-20,EA,117.47,119.9,total postings
2025-10-21,EA,117.32,119.7,total postings
2025-10-22,EA,117.32,119.66,total postings
2025-10-23,EA,117.31,119.61,total postings
2025-10-24,EA,117.27,119.57,total postings
2025-10-25,EA,117.28,119.6,total postings
2025-10-26,EA,117.22,119.6,total postings
2025-10-27,EA,117.23,119.63,total postings
2025-10-28,EA,117.36,119.81,total postings
2025-10-29,EA,117.36,119.79,total postings
2025-10-30,EA,117.41,119.79,total postings
2025-10-31,EA,117.44,119.68,total postings
2025-11-01,EA,117.23,119.25,total postings
2025-11-02,EA,117.2,118.97,total postings
2025-11-03,EA,117.15,118.66,total postings
2025-11-04,EA,117.14,118.38,total postings
2025-11-05,EA,117.07,118.1,total postings
2025-11-06,EA,117.05,117.9,total postings
2025-11-07,EA,117.05,117.81,total postings
2025-11-08,EA,117.27,118.02,total postings
2025-11-09,EA,117.32,118.07,total postings
2025-11-10,EA,117.4,118.29,total postings
2025-11-11,EA,117.47,118.5,total postings
2025-11-12,EA,117.55,118.74,total postings
2025-11-13,EA,117.58,118.92,total postings
2025-11-14,EA,117.6,119.08,total postings
2025-11-15,EA,117.64,119.2,total postings
2025-11-16,EA,117.6,119.22,total postings
2025-11-17,EA,117.56,119.23,total postings
2025-11-18,EA,117.59,119.31,total postings
2025-11-19,EA,117.42,119.15,total postings
2025-11-20,EA,117.36,119.1,total postings
2025-11-21,EA,117.33,119.07,total postings
2025-11-22,EA,117.26,119.03,total postings
2025-11-23,EA,117.18,119,total postings
2025-11-24,EA,117.11,118.95,total postings
2025-11-25,EA,116.98,118.84,total postings
2025-11-26,EA,117.06,118.97,total postings
2025-11-27,EA,117.03,118.95,total postings
2025-11-28,EA,117.02,118.93,total postings
2025-11-29,EA,117.03,118.83,total postings
2025-11-30,EA,117.05,118.76,total postings
2025-12-01,EA,117,118.57,total postings
2025-12-02,EA,116.97,118.39,total postings
2025-12-03,EA,116.88,118.18,total postings
2025-12-04,EA,116.74,117.89,total postings
2025-12-05,EA,116.6,117.6,total postings
2025-12-06,EA,116.36,117.29,total postings
2025-12-07,EA,116.12,117,total postings
2025-12-08,EA,115.92,116.83,total postings
2025-12-09,EA,115.74,116.68,total postings
2025-12-10,EA,115.61,116.56,total postings
2025-12-11,EA,115.56,116.56,total postings
2025-12-12,EA,115.48,116.56,total postings
2025-12-13,EA,115.51,116.65,total postings
2025-12-14,EA,115.57,116.73,total postings
2025-12-15,EA,115.64,116.8,total postings
2025-12-16,EA,115.62,116.77,total postings
2025-12-17,EA,115.64,116.78,total postings
2025-12-18,EA,115.6,116.71,total postings
2025-12-19,EA,115.59,116.65,total postings
2025-12-20,EA,115.54,116.54,total postings
2025-12-21,EA,115.51,116.46,total postings
2025-12-22,EA,115.52,116.43,total postings
2025-12-23,EA,115.56,116.43,total postings
2025-12-24,EA,115.56,116.34,total postings
2025-12-25,EA,115.57,116.23,total postings
2025-12-26,EA,115.53,116,total postings
2025-12-27,EA,115.45,115.75,total postings
2025-12-28,EA,115.38,115.48,total postings
2025-12-29,EA,115.4,115.22,total postings
2025-12-30,EA,115.41,114.92,total postings
2025-12-31,EA,115.43,114.56,total postings
2026-01-01,EA,115.33,114.05,total postings
2026-01-02,EA,115.21,113.49,total postings
2026-01-03,EA,115.01,112.93,total postings
2026-01-04,EA,114.68,112.35,total postings
2026-01-05,EA,114.29,111.83,total postings
2026-01-06,EA,114.06,111.44,total postings
2026-01-07,EA,113.92,111.23,total postings
2026-01-08,EA,113.97,111.28,total postings
2026-01-09,EA,114.12,111.52,total postings
2026-01-10,EA,114.31,111.81,total postings
2026-01-11,EA,114.59,112.18,total postings
2026-01-12,EA,114.86,112.56,total postings
2026-01-13,EA,115.1,112.95,total postings
2026-01-14,EA,115.22,113.21,total postings
2026-01-15,EA,115.3,113.43,total postings
2026-01-16,EA,115.47,113.73,total postings
2026-01-17,EA,115.67,114.06,total postings
2026-01-18,EA,115.88,114.39,total postings
2026-01-19,EA,115.98,114.6,total postings
2026-01-20,EA,116.07,114.78,total postings
2026-01-21,EA,116.28,115.06,total postings
2026-01-22,EA,116.64,115.48,total postings
2026-01-23,EA,116.93,115.85,total postings
2026-01-24,EA,117.23,116.27,total postings
2026-01-25,EA,117.42,116.63,total postings
2026-01-26,EA,117.6,117.01,total postings
2026-01-27,EA,117.68,117.34,total postings
2026-01-28,EA,117.66,117.6,total postings
2026-01-29,EA,117.53,117.78,total postings
2026-01-30,EA,117.37,117.91,total postings
2026-01-31,EA,117.2,117.96,total postings
2026-02-01,EA,117.08,117.95,total postings
2026-02-02,EA,116.9,117.87,total postings
2026-02-03,EA,116.8,117.84,total postings
2026-02-04,EA,116.53,117.63,total postings
2026-02-05,EA,116.38,117.5,total postings
2026-02-06,EA,116.22,117.38,total postings
2026-02-07,EA,116.11,117.33,total postings
2026-02-08,EA,115.99,117.37,total postings
2026-02-09,EA,116.03,117.55,total postings
2026-02-10,EA,115.99,117.64,total postings
2026-02-11,EA,116.22,117.97,total postings
2026-02-12,EA,116.31,118.16,total postings
2026-02-13,EA,116.54,118.44,total postings
2026-02-14,EA,116.7,118.67,total postings
2026-02-15,EA,116.89,118.9,total postings
2026-02-16,EA,116.95,119.02,total postings
2026-02-17,EA,117.07,119.2,total postings
2026-02-18,EA,117.16,119.33,total postings
2026-02-19,EA,117.28,119.51,total postings
2026-02-20,EA,117.26,119.56,total postings
2026-02-21,EA,117.26,119.62,total postings
2026-02-22,EA,117.22,119.68,total postings
2026-02-23,EA,117.27,119.79,total postings
2026-02-24,EA,117.31,119.88,total postings
2026-02-25,EA,117.35,119.99,total postings
2026-02-26,EA,117.35,120.02,total postings
2026-02-27,EA,117.39,120.09,total postings
2026-02-28,EA,117.36,120.08,total postings
2026-03-01,EA,117.35,119.95,total postings
2026-03-02,EA,117.33,119.75,total postings
2026-03-03,EA,117.33,119.59,total postings
2026-03-04,EA,117.31,119.41,total postings
2026-03-05,EA,117.32,119.33,total postings
2026-03-06,EA,117.22,119.16,total postings
2026-03-07,EA,117.2,119.06,total postings
2026-03-08,EA,117.13,119.04,total postings
2026-03-09,EA,117.02,119.04,total postings
2026-03-10,EA,116.83,118.97,total postings
2026-03-11,EA,116.44,118.66,total postings
2026-03-12,EA,115.96,118.27,total postings
2026-03-13,EA,115.58,117.99,total postings
2026-03-14,EA,115.16,117.65,total postings
2026-03-15,EA,114.73,117.29,total postings
2026-03-16,EA,114.34,116.95,total postings
2026-03-17,EA,113.89,116.53,total postings
2026-03-18,EA,113.71,116.37,total postings
2026-03-19,EA,113.56,116.18,total postings
2026-03-20,EA,113.33,115.91,total postings
2026-03-21,EA,113.09,115.61,total postings
2026-03-22,EA,112.87,115.3,total postings
2026-03-23,EA,112.61,115,total postings
2026-03-24,EA,112.48,114.84,total postings
2026-03-25,EA,112.22,114.58,total postings
2026-03-26,EA,111.92,114.37,total postings
2026-03-27,EA,111.63,114.19,total postings
2026-03-28,EA,111.41,114.12,total postings
2026-03-29,EA,111.23,114.1,total postings
2026-03-30,EA,111.13,114.09,total postings
2026-03-31,EA,110.98,113.97,total postings
2026-04-01,EA,110.81,113.74,total postings
2026-04-02,EA,110.75,113.47,total postings
2026-04-03,EA,110.67,113.21,total postings
2026-04-04,EA,110.58,112.93,total postings
2026-04-05,EA,110.44,112.63,total postings
2026-04-06,EA,110.22,112.29,total postings
2026-04-07,EA,109.88,111.94,total postings
2026-04-08,EA,109.63,111.76,total postings
2026-04-09,EA,109.34,111.6,total postings
2026-04-10,EA,109.04,111.46,total postings
2026-04-11,EA,108.78,111.33,total postings
2026-04-12,EA,108.59,111.24,total postings
2026-04-13,EA,108.44,111.18,total postings
2026-04-14,EA,108.41,111.2,total postings
2026-04-15,EA,108.38,111.18,total postings
2026-04-16,EA,108.28,111.18,total postings
2026-04-17,EA,108.13,111.05,total postings
2026-04-18,EA,107.95,110.94,total postings
2026-04-19,EA,107.8,110.88,total postings
2026-04-20,EA,107.7,110.82,total postings
2026-04-21,EA,107.69,110.89,total postings
2026-04-22,EA,107.77,111.08,total postings
2026-04-23,EA,107.93,111.27,total postings
2026-04-24,EA,108.12,111.54,total postings
2026-04-25,EA,108.2,111.76,total postings
2026-04-26,EA,108.27,111.94,total postings
2026-04-27,EA,108.29,112.08,total postings
2026-04-28,EA,108.26,112.16,total postings
2026-04-29,EA,108.18,112.15,total postings
2026-04-30,EA,108.09,112.1,total postings
2026-05-01,EA,107.88,111.9,total postings
2026-05-02,EA,107.71,111.58,total postings
2026-05-03,EA,107.53,111.27,total postings
2026-05-04,EA,107.39,110.98,total postings
2026-05-05,EA,107.33,110.79,total postings
2026-05-06,EA,107.36,110.64,total postings
2026-05-07,EA,107.42,110.58,total postings
2026-05-08,EA,107.65,110.69,total postings
2026-05-09,EA,107.96,110.94,total postings
2026-05-10,EA,108.22,111.15,total postings
2026-05-11,EA,108.47,111.34,total postings
2026-05-12,EA,108.69,111.49,total postings
2026-05-13,EA,108.8,111.62,total postings
2026-05-14,EA,108.9,111.71,total postings
2026-05-15,EA,108.88,111.66,total postings
2026-05-16,EA,108.78,111.59,total postings
2026-05-17,EA,108.7,111.56,total postings
2026-05-18,EA,108.62,111.53,total postings
2026-05-19,EA,108.48,111.41,total postings
2026-05-20,EA,108.4,111.3,total postings
2026-05-21,EA,108.24,111.18,total postings
2026-05-22,EA,108.1,111.12,total postings
2026-05-23,EA,108,111.1,total postings
2026-05-24,EA,107.88,111.08,total postings
2026-05-25,EA,107.58,110.9,total postings
2026-05-26,EA,107.07,110.54,total postings
2026-05-27,EA,106.43,110.1,total postings
2026-05-28,EA,105.86,109.71,total postings
2026-05-29,EA,105.35,109.29,total postings
2026-05-30,EA,105.11,109.09,total postings
2026-05-31,EA,104.81,108.78,total postings
2026-06-01,EA,104.59,108.47,total postings
2026-06-02,EA,104.68,108.45,total postings
2026-06-03,EA,104.81,108.47,total postings
2026-06-04,EA,104.94,108.5,total postings
2026-06-05,EA,105.09,108.58,total postings
2026-06-06,EA,105.17,108.64,total postings
2026-06-07,EA,105.34,108.8,total postings
2026-06-08,EA,105.35,108.91,total postings
2026-06-09,EA,105.31,108.97,total postings
2026-06-10,EA,105.24,109.02,total postings
2026-06-11,EA,105.25,109.17,total postings
2026-06-12,EA,105.33,109.36,total postings
2026-06-13,EA,105.43,109.59,total postings
2026-06-14,EA,105.48,109.76,total postings
2026-06-15,EA,105.68,110.04,total postings
2026-06-16,EA,105.86,110.31,total postings
2026-06-17,EA,106.09,110.61,total postings
2026-06-18,EA,106.13,110.72,total postings
2026-06-19,EA,106.22,110.89,total postings
2026-06-20,EA,106.27,110.98,total postings
2026-06-21,EA,106.36,111.14,total postings
2026-06-22,EA,106.35,111.16,total postings
2026-06-23,EA,106.28,111.14,total postings
2026-06-24,EA,106.2,111.09,total postings
2026-06-25,EA,106.22,111.12,total postings
2026-06-26,EA,106.06,110.98,total postings
2026-06-27,EA,105.93,110.86,total postings
2026-06-28,EA,105.75,110.71,total postings
2026-06-29,EA,105.56,110.53,total postings
2026-06-30,EA,105.28,110.2,total postings
2026-07-01,EA,105.01,109.83,total postings
2026-07-02,EA,104.77,109.49,total postings
2026-07-03,EA,104.65,109.27,total postings
2026-07-04,EA,104.58,109.09,total postings
2026-07-05,EA,104.52,108.93,total postings
2026-07-06,EA,104.43,108.77,total postings
2026-07-07,EA,104.54,108.88,total postings
2026-07-08,EA,104.67,109.04,total postings
2026-07-09,EA,104.73,109.15,total postings
2026-07-10,EA,104.8,109.25,total postings
2026-07-11,EA,104.88,109.36,total postings
2026-07-12,EA,105.01,109.5,total postings
2026-07-13,EA,105.13,109.64,total postings
2026-07-14,EA,105.17,109.71,total postings
2026-07-15,EA,105.09,109.65,total postings
2026-07-16,EA,105,109.56,total postings
2026-07-17,EA,104.83,109.42,total postings
2026-07-18,EA,104.66,109.23,total postings
2026-07-19,EA,104.47,109.03,total postings
2026-07-20,EA,104.36,108.89,total postings
2026-07-21,EA,104.32,108.8,total postings
2026-07-22,EA,104.4,108.85,total postings
2026-07-23,EA,104.44,108.85,total postings
2026-07-24,EA,104.5,108.9,total postings
2026-07-25,EA,104.55,108.94,total postings
2026-07-26,EA,104.62,108.99,total postings
2026-07-27,EA,104.63,109,total postings
2026-07-28,EA,104.6,108.94,total postings
2026-07-29,EA,104.5,108.83,total postings
2026-07-30,EA,104.4,108.73,total postings
2026-07-31,EA,104.17,108.43,total postings
2026-08-01,EA,103.99,108.14,total postings
2026-08-02,EA,103.78,107.84,total postings
2026-08-03,EA,103.63,107.55,total postings
2026-08-04,EA,103.64,107.42,total postings
2026-08-05,EA,103.65,107.29,total postings
2026-08-06,EA,103.68,107.17,total postings
2026-08-07,EA,103.86,107.22,total postings
2026-08-08,EA,103.93,107.21,total postings
2026-08-09,EA,104.06,107.25,total postings
2026-08-10,EA,104.16,107.29,total postings
2026-08-11,EA,104.16,107.23,total postings
2026-08-12,EA,104.15,107.16,total postings
2026-08-13,EA,104.22,107.13,total postings
2026-08-14,EA,104.26,107.11,total postings
2026-08-15,EA,104.28,107.07,total postings
2026-08-16,EA,104.28,106.99,total postings
2026-08-17,EA,104.31,106.91,total postings
2026-08-18,EA,104.32,106.83,total postings
2026-08-19,EA,104.37,106.79,total postings
2026-08-20,EA,104.41,106.77,total postings
2026-08-21,EA,104.47,106.74,total postings
2026-08-22,EA,104.57,106.79,total postings
2026-08-23,EA,104.66,106.84,total postings
2026-08-24,EA,104.69,106.89,total postings
2026-08-25,EA,104.71,106.91,total postings
2026-08-26,EA,104.73,106.95,total postings
2026-08-27,EA,104.71,106.96,total postings
2026-08-28,EA,104.64,106.95,total postings
2026-08-29,EA,104.66,106.96,total postings
2026-08-30,EA,104.61,106.92,total postings
2026-08-31,EA,104.44,106.72,total postings
2026-09-01,EA,104.38,106.57,total postings
2026-09-02,EA,104.46,106.53,total postings
2026-09-03,EA,104.55,106.54,total postings
2026-09-04,EA,104.74,106.62,total postings
2026-09-05,EA,104.88,106.73,total postings
2026-09-06,EA,104.99,106.82,total postings
2026-09-07,EA,105.23,107.09,total postings
2026-09-08,EA,105.34,107.32,total postings
2026-09-09,EA,105.29,107.41,total postings
2026-09-10,EA,105.31,107.56,total postings
2026-09-11,EA,105.3,107.68,total postings
2026-09-12,EA,105.29,107.81,total postings
2026-09-13,EA,105.28,107.97,total postings
2026-09-14,EA,105.21,108.06,total postings
2026-09-15,EA,105.2,108.19,total postings
2026-09-16,EA,105.15,108.27,total postings
2026-09-17,EA,105.05,108.29,total postings
2026-09-18,EA,104.94,108.28,total postings
2020-02-01,EA,100,100,new postings
2020-02-02,EA,100.15,100.3,new postings
2020-02-03,EA,100.12,100.68,new postings
2020-02-04,EA,100.47,101.59,new postings
2020-02-05,EA,101.69,102.82,new postings
2020-02-06,EA,102.14,103.52,new postings
2020-02-07,EA,102.63,104.16,new postings
2020-02-08,EA,102.8,104.95,new postings
2020-02-09,EA,103.22,105.68,new postings
2020-02-10,EA,103.99,106.31,new postings
2020-02-11,EA,104.45,106.49,new postings
2020-02-12,EA,104.33,106.16,new postings
2020-02-13,EA,104.34,105.95,new postings
2020-02-14,EA,103.73,105.31,new postings
2020-02-15,EA,103.54,104.67,new postings
2020-02-16,EA,103.16,104.05,new postings
2020-02-17,EA,102.68,103.43,new postings
2020-02-18,EA,102.22,102.95,new postings
2020-02-19,EA,102.27,103.05,new postings
2020-02-20,EA,102.31,103.2,new postings
2020-02-21,EA,102.77,103.63,new postings
2020-02-22,EA,103.15,104.11,new postings
2020-02-23,EA,103.43,104.51,new postings
2020-02-24,EA,103.84,104.93,new postings
2020-02-25,EA,103.8,104.89,new postings
2020-02-26,EA,103.53,104.3,new postings
2020-02-27,EA,103.14,103.35,new postings
2020-02-28,EA,102.53,102.29,new postings
2020-02-29,EA,101.77,101.06,new postings
2020-03-01,EA,101.21,100,new postings
2020-03-02,EA,100.64,98.97,new postings
2020-03-03,EA,100.55,98.47,new postings
2020-03-04,EA,100.67,98.48,new postings
2020-03-05,EA,100.69,98.63,new postings
2020-03-06,EA,100.9,99.12,new postings
2020-03-07,EA,101.32,99.91,new postings
2020-03-08,EA,101.44,100.54,new postings
2020-03-09,EA,101.49,101.14,new postings
2020-03-10,EA,101.62,101.91,new postings
2020-03-11,EA,101.12,102.2,new postings
2020-03-12,EA,101.11,102.67,new postings
2020-03-13,EA,100.9,102.66,new postings
2020-03-14,EA,100.1,101.68,new postings
2020-03-15,EA,99.44,100.65,new postings
2020-03-16,EA,98.51,99.53,new postings
2020-03-17,EA,95.84,96.53,new postings
2020-03-18,EA,92.52,92.77,new postings
2020-03-19,EA,87.17,87.55,new postings
2020-03-20,EA,80.62,81.38,new postings
2020-03-21,EA,73.97,75.33,new postings
2020-03-22,EA,67.14,69.29,new postings
2020-03-23,EA,60.88,63.44,new postings
2020-03-24,EA,55.91,58.85,new postings
2020-03-25,EA,51.77,55.08,new postings
2020-03-26,EA,48.94,52.45,new postings
2020-03-27,EA,47.63,51.11,new postings
2020-03-28,EA,46.77,50.22,new postings
2020-03-29,EA,46.17,49.42,new postings
2020-03-30,EA,45.25,48.45,new postings
2020-03-31,EA,44.78,47.89,new postings
2020-04-01,EA,44.7,47.45,new postings
2020-04-02,EA,44.72,46.75,new postings
2020-04-03,EA,44.85,46.07,new postings
2020-04-04,EA,45.78,46.08,new postings
2020-04-05,EA,45.89,45.51,new postings
2020-04-06,EA,46.28,45.07,new postings
2020-04-07,EA,46.73,44.61,new postings
2020-04-08,EA,47.58,44.31,new postings
2020-04-09,EA,46.64,44.31,new postings
2020-04-10,EA,45.73,44.42,new postings
2020-04-11,EA,44.23,43.93,new postings
2020-04-12,EA,42.47,43.46,new postings
2020-04-13,EA,40.47,43.17,new postings
2020-04-14,EA,39.19,42.01,new postings
2020-04-15,EA,37.67,41.02,new postings
2020-04-16,EA,37.89,40.33,new postings
2020-04-17,EA,37.86,39.41,new postings
2020-04-18,EA,38.33,39.53,new postings
2020-04-19,EA,39.15,39.62,new postings
2020-04-20,EA,40.17,39.53,new postings
2020-04-21,EA,41.25,41,new postings
2020-04-22,EA,41.66,42.35,new postings
2020-04-23,EA,43.24,43.61,new postings
2020-04-24,EA,44.91,44.92,new postings
2020-04-25,EA,46.38,45.7,new postings
2020-04-26,EA,47.57,46.72,new postings
2020-04-27,EA,48.48,47.63,new postings
2020-04-28,EA,48.61,47.67,new postings
2020-04-29,EA,48.77,47.35,new postings
2020-04-30,EA,47.89,47,new postings
2020-05-01,EA,47.3,46.82,new postings
2020-05-02,EA,47.67,45.94,new postings
2020-05-03,EA,48.28,44.75,new postings
2020-05-04,EA,48.93,43.74,new postings
2020-05-05,EA,49.48,43.11,new postings
2020-05-06,EA,50.46,42.81,new postings
2020-05-07,EA,51.52,42.54,new postings
2020-05-08,EA,52.4,42.35,new postings
2020-05-09,EA,51.29,43.3,new postings
2020-05-10,EA,50.25,44.51,new postings
2020-05-11,EA,48.7,45.6,new postings
2020-05-12,EA,47.49,46.62,new postings
2020-05-13,EA,47.23,48.42,new postings
2020-05-14,EA,47.92,50.27,new postings
2020-05-15,EA,49.4,52.07,new postings
2020-05-16,EA,51.82,53.46,new postings
2020-05-17,EA,53.89,55.18,new postings
2020-05-18,EA,55.88,56.96,new postings
2020-05-19,EA,58.58,58.86,new postings
2020-05-20,EA,60.76,59.98,new postings
2020-05-21,EA,61.83,61.26,new postings
2020-05-22,EA,60.41,61.23,new postings
2020-05-23,EA,58.08,60,new postings
2020-05-24,EA,56.7,58.81,new postings
2020-05-25,EA,56.24,57.58,new postings
2020-05-26,EA,54.18,55.95,new postings
2020-05-27,EA,52.11,54.45,new postings
2020-05-28,EA,49.91,52.55,new postings
2020-05-29,EA,50.67,53.21,new postings
2020-05-30,EA,52.54,54.07,new postings
2020-05-31,EA,56.76,56.25,new postings
2020-06-01,EA,61.45,58.52,new postings
2020-06-02,EA,65.37,59.85,new postings
2020-06-03,EA,67.69,61.02,new postings
2020-06-04,EA,69.72,62.37,new postings
2020-06-05,EA,70.8,62.69,new postings
2020-06-06,EA,70.18,63.54,new postings
2020-06-07,EA,67.43,63.12,new postings
2020-06-08,EA,63.6,62.54,new postings
2020-06-09,EA,62.85,64.38,new postings
2020-06-10,EA,63.84,66.38,new postings
2020-06-11,EA,66.5,68.68,new postings
2020-06-12,EA,68.53,70.4,new postings
2020-06-13,EA,71.2,71.89,new postings
2020-06-14,EA,72.27,73.36,new postings
2020-06-15,EA,74.01,74.82,new postings
2020-06-16,EA,73.63,74.94,new postings
2020-06-17,EA,72.99,74.94,new postings
2020-06-18,EA,70.72,74.47,new postings
2020-06-19,EA,69.01,74.52,new postings
2020-06-20,EA,68.28,74.98,new postings
2020-06-21,EA,69.51,75.49,new postings
2020-06-22,EA,70.42,75.95,new postings
2020-06-23,EA,72,76.31,new postings
2020-06-24,EA,73.18,76.5,new postings
2020-06-25,EA,75.07,76.84,new postings
2020-06-26,EA,76.36,76.87,new postings
2020-06-27,EA,77.2,76.8,new postings
2020-06-28,EA,77.23,76.63,new postings
2020-06-29,EA,77.09,76.56,new postings
2020-06-30,EA,76.47,76.6,new postings
2020-07-01,EA,76.13,76.91,new postings
2020-07-02,EA,75.76,77.18,new postings
2020-07-03,EA,75.61,77.54,new postings
2020-07-04,EA,75.49,77.97,new postings
2020-07-05,EA,75.52,78.44,new postings
2020-07-06,EA,76.08,79.16,new postings
2020-07-07,EA,76.83,79.95,new postings
2020-07-08,EA,77.4,80.71,new postings
2020-07-09,EA,77.51,81.3,new postings
2020-07-10,EA,77.81,82.11,new postings
2020-07-11,EA,78.13,82.71,new postings
2020-07-12,EA,78.75,83.25,new postings
2020-07-13,EA,79.03,83.57,new postings
2020-07-14,EA,79.2,83.76,new postings
2020-07-15,EA,79.39,82.91,new postings
2020-07-16,EA,80.27,82.23,new postings
2020-07-17,EA,80.92,81.02,new postings
2020-07-18,EA,81.35,79.71,new postings
2020-07-19,EA,81.85,78.56,new postings
2020-07-20,EA,82.29,77.29,new postings
2020-07-21,EA,82.84,76.07,new postings
2020-07-22,EA,83.56,76.63,new postings
2020-07-23,EA,83.84,77.05,new postings
2020-07-24,EA,84.26,77.62,new postings
2020-07-25,EA,85.16,78.91,new postings
2020-07-26,EA,86.01,80.01,new postings
2020-07-27,EA,86.81,81.11,new postings
2020-07-28,EA,87.87,82.28,new postings
2020-07-29,EA,88.41,82.44,new postings
2020-07-30,EA,89.03,82.63,new postings
2020-07-31,EA,89.46,83.03,new postings
2020-08-01,EA,88.87,82.29,new postings
2020-08-02,EA,88.03,81.76,new postings
2020-08-03,EA,87.16,81.2,new postings
2020-08-04,EA,85.95,80.25,new postings
2020-08-05,EA,84.94,79.5,new postings
2020-08-06,EA,84.29,78.89,new postings
2020-08-07,EA,83.72,77.92,new postings
2020-08-08,EA,84.06,77.52,new postings
2020-08-09,EA,85.03,77,new postings
2020-08-10,EA,86.32,76.65,new postings
2020-08-11,EA,87.77,76.5,new postings
2020-08-12,EA,89.49,76.11,new postings
2020-08-13,EA,90.89,75.51,new postings
2020-08-14,EA,92.29,74.9,new postings
2020-08-15,EA,93.62,74.19,new postings
2020-08-16,EA,95.54,73.46,new postings
2020-08-17,EA,97.05,72.65,new postings
2020-08-18,EA,98.59,72.07,new postings
2020-08-19,EA,99.72,71.65,new postings
2020-08-20,EA,100.71,71.52,new postings
2020-08-21,EA,101.21,71.42,new postings
2020-08-22,EA,101.34,71.54,new postings
2020-08-23,EA,99.54,71.8,new postings
2020-08-24,EA,97.27,72.02,new postings
2020-08-25,EA,94.75,72.24,new postings
2020-08-26,EA,92.42,72.77,new postings
2020-08-27,EA,90.26,73.41,new postings
2020-08-28,EA,88.65,74.45,new postings
2020-08-29,EA,87.16,75.58,new postings
2020-08-30,EA,86.28,76.65,new postings
2020-08-31,EA,85.9,77.79,new postings
2020-09-01,EA,85.6,79.11,new postings
2020-09-02,EA,85.11,80.16,new postings
2020-09-03,EA,84.54,81.11,new postings
2020-09-04,EA,83.83,81.94,new postings
2020-09-05,EA,83.4,82.88,new postings
2020-09-06,EA,82.97,83.87,new postings
2020-09-07,EA,82.39,84.76,new postings
2020-09-08,EA,81.9,85.45,new postings
2020-09-09,EA,81.78,86.36,new postings
2020-09-10,EA,81.86,87.12,new postings
2020-09-11,EA,82.03,87.83,new postings
2020-09-12,EA,82.1,88.28,new postings
2020-09-13,EA,82.33,88.64,new postings
2020-09-14,EA,82.94,89.07,new postings
2020-09-15,EA,83.46,89.25,new postings
2020-09-16,EA,84.2,89.43,new postings
2020-09-17,EA,85.11,89.62,new postings
2020-09-18,EA,86.12,89.83,new postings
2020-09-19,EA,87.04,89.9,new postings
2020-09-20,EA,88.2,90.21,new postings
2020-09-21,EA,88.97,90.38,new postings
2020-09-22,EA,90.15,90.99,new postings
2020-09-23,EA,90.7,91.06,new postings
2020-09-24,EA,90.53,90.93,new postings
2020-09-25,EA,90.13,90.6,new postings
2020-09-26,EA,89.64,90.26,new postings
2020-09-27,EA,89.06,89.76,new postings
2020-09-28,EA,88.64,89.39,new postings
2020-09-29,EA,87.6,88.53,new postings
2020-09-30,EA,86.96,88.13,new postings
2020-10-01,EA,87.11,88.1,new postings
2020-10-02,EA,87.56,88.34,new postings
2020-10-03,EA,88.14,88.67,new postings
2020-10-04,EA,89.11,89.08,new postings
2020-10-05,EA,90.45,89.45,new postings
2020-10-06,EA,92.23,90.28,new postings
2020-10-07,EA,93.94,91.15,new postings
2020-10-08,EA,95.33,91.93,new postings
2020-10-09,EA,96.44,92.54,new postings
2020-10-10,EA,97.52,93.19,new postings
2020-10-11,EA,97.57,93.91,new postings
2020-10-12,EA,97.18,94.64,new postings
2020-10-13,EA,96.14,94.69,new postings
2020-10-14,EA,95.19,94.75,new postings
2020-10-15,EA,94.68,94.84,new postings
2020-10-16,EA,93.76,94.59,new postings
2020-10-17,EA,92.77,94.34,new postings
2020-10-18,EA,92.48,94.05,new postings
2020-10-19,EA,92.18,93.59,new postings
2020-10-20,EA,92.31,93.63,new postings
2020-10-21,EA,92.43,93.51,new postings
2020-10-22,EA,91.82,92.78,new postings
2020-10-23,EA,91.55,92.15,new postings
2020-10-24,EA,91.05,91.24,new postings
2020-10-25,EA,90.5,90.33,new postings
2020-10-26,EA,90.39,89.77,new postings
2020-10-27,EA,90.28,88.85,new postings
2020-10-28,EA,89.85,87.59,new postings
2020-10-29,EA,89.52,86.74,new postings
2020-10-30,EA,89.16,85.7,new postings
2020-10-31,EA,88.8,84.56,new postings
2020-11-01,EA,89.39,83.34,new postings
2020-11-02,EA,90.73,82.04,new postings
2020-11-03,EA,91.75,80.8,new postings
2020-11-04,EA,93.09,79.85,new postings
2020-11-05,EA,94.62,79.1,new postings
2020-11-06,EA,96.19,78.9,new postings
2020-11-07,EA,98.44,79.6,new postings
2020-11-08,EA,99.24,80.32,new postings
2020-11-09,EA,97.35,80.88,new postings
2020-11-10,EA,95.71,81.72,new postings
2020-11-11,EA,94.08,82.53,new postings
2020-11-12,EA,92.69,82.86,new postings
2020-11-13,EA,91.48,83.01,new postings
2020-11-14,EA,89.57,82.38,new postings
2020-11-15,EA,88.47,81.89,new postings
2020-11-16,EA,88.84,81.48,new postings
2020-11-17,EA,89.25,81.04,new postings
2020-11-18,EA,89.88,81.04,new postings
2020-11-19,EA,89.97,81.79,new postings
2020-11-20,EA,89.9,82.64,new postings
2020-11-21,EA,89.95,83.63,new postings
2020-11-22,EA,89.89,84.61,new postings
2020-11-23,EA,89.94,85.45,new postings
2020-11-24,EA,89.98,86.22,new postings
2020-11-25,EA,89.69,86.55,new postings
2020-11-26,EA,89.7,86.55,new postings
2020-11-27,EA,89.79,86.49,new postings
2020-11-28,EA,89.81,86.39,new postings
2020-11-29,EA,89.67,86.14,new postings
2020-11-30,EA,89.59,86.07,new postings
2020-12-01,EA,89.7,86.12,new postings
2020-12-02,EA,89.95,86.29,new postings
2020-12-03,EA,90.22,86.68,new postings
2020-12-04,EA,90.57,87.11,new postings
2020-12-05,EA,91.28,87.77,new postings
2020-12-06,EA,91.93,88.49,new postings
2020-12-07,EA,92.65,89.09,new postings
2020-12-08,EA,93.31,89.56,new postings
2020-12-09,EA,93.56,89.74,new postings
2020-12-10,EA,93.88,89.7,new postings
2020-12-11,EA,94.35,89.71,new postings
2020-12-12,EA,94.35,89.16,new postings
2020-12-13,EA,94.68,88.68,new postings
2020-12-14,EA,94.96,88.27,new postings
2020-12-15,EA,95.38,87.84,new postings
2020-12-16,EA,96.15,87.61,new postings
2020-12-17,EA,96.57,87.38,new postings
2020-12-18,EA,96.67,87.07,new postings
2020-12-19,EA,97.32,87.29,new postings
2020-12-20,EA,97.7,87.58,new postings
2020-12-21,EA,98.05,87.82,new postings
2020-12-22,EA,97.65,87.9,new postings
2020-12-23,EA,97.11,87.99,new postings
2020-12-24,EA,97.06,87.77,new postings
2020-12-25,EA,97.39,86.24,new postings
2020-12-26,EA,96.27,82.1,new postings
2020-12-27,EA,96.77,77.63,new postings
2020-12-28,EA,98.39,73.38,new postings
2020-12-29,EA,100.37,68.38,new postings
2020-12-30,EA,102.52,62.36,new postings
2020-12-31,EA,105.68,55.92,new postings
2021-01-01,EA,108.53,50.68,new postings
2021-01-02,EA,111.05,47.77,new postings
2021-01-03,EA,111.76,45.19,new postings
2021-01-04,EA,109.51,42.55,new postings
2021-01-05,EA,107.23,42.03,new postings
2021-01-06,EA,105.2,43.75,new postings
2021-01-07,EA,101.76,47.15,new postings
2021-01-08,EA,98.47,52.33,new postings
2021-01-09,EA,96.99,59.62,new postings
2021-01-10,EA,94.98,66.81,new postings
2021-01-11,EA,94.48,73.98,new postings
2021-01-12,EA,94.33,80.36,new postings
2021-01-13,EA,93.73,85.45,new postings
2021-01-14,EA,93.45,90.08,new postings
2021-01-15,EA,92.87,92.84,new postings
2021-01-16,EA,92.25,93.62,new postings
2021-01-17,EA,92.71,94.48,new postings
2021-01-18,EA,92.95,95.08,new postings
2021-01-19,EA,92.87,95.28,new postings
2021-01-20,EA,93.02,95.6,new postings
2021-01-21,EA,93,95.39,new postings
2021-01-22,EA,93.22,95.41,new postings
2021-01-23,EA,93.44,95.54,new postings
2021-01-24,EA,93.39,95.64,new postings
2021-01-25,EA,94.06,95.85,new postings
2021-01-26,EA,94.93,96.01,new postings
2021-01-27,EA,95.45,95.91,new postings
2021-01-28,EA,96.11,95.96,new postings
2021-01-29,EA,96.19,95.96,new postings
2021-01-30,EA,96.2,95.8,new postings
2021-01-31,EA,96.01,95.56,new postings
2021-02-01,EA,95.77,95.35,new postings
2021-02-02,EA,95.17,95.03,new postings
2021-02-03,EA,94.67,95.11,new postings
2021-02-04,EA,93.81,95.08,new postings
2021-02-05,EA,93.49,95.07,new postings
2021-02-06,EA,93.1,95.19,new postings
2021-02-07,EA,92.82,95.34,new postings
2021-02-08,EA,92.19,95.55,new postings
2021-02-09,EA,92.28,96,new postings
2021-02-10,EA,92.8,96.44,new postings
2021-02-11,EA,93.88,97.13,new postings
2021-02-12,EA,95.06,97.91,new postings
2021-02-13,EA,96.2,98.62,new postings
2021-02-14,EA,97.71,99.87,new postings
2021-02-15,EA,99.7,101.17,new postings
2021-02-16,EA,100.77,101.85,new postings
2021-02-17,EA,101.6,102.38,new postings
2021-02-18,EA,102.06,102.74,new postings
2021-02-19,EA,102.45,103.14,new postings
2021-02-20,EA,102.78,103.58,new postings
2021-02-21,EA,102.7,103.48,new postings
2021-02-22,EA,102.44,103.31,new postings
2021-02-23,EA,102.74,103.72,new postings
2021-02-24,EA,103.35,104.3,new postings
2021-02-25,EA,103.78,104.69,new postings
2021-02-26,EA,104.16,104.7,new postings
2021-02-27,EA,104.8,104.67,new postings
2021-02-28,EA,105.45,104.71,new postings
2021-03-01,EA,106.01,104.66,new postings
2021-03-02,EA,106.79,104.84,new postings
2021-03-03,EA,106.88,104.6,new postings
2021-03-04,EA,107.48,104.94,new postings
2021-03-05,EA,108.24,105.82,new postings
2021-03-06,EA,108.82,106.93,new postings
2021-03-07,EA,109.32,108.15,new postings
2021-03-08,EA,109.72,109.24,new postings
2021-03-09,EA,109.64,109.8,new postings
2021-03-10,EA,109.82,110.72,new postings
2021-03-11,EA,111.09,112.71,new postings
2021-03-12,EA,110.85,112.94,new postings
2021-03-13,EA,111.38,113.55,new postings
2021-03-14,EA,110.99,112.84,new postings
2021-03-15,EA,110.94,112.33,new postings
2021-03-16,EA,111.27,112.32,new postings
2021-03-17,EA,111.45,111.9,new postings
2021-03-18,EA,110.37,110.12,new postings
2021-03-19,EA,110.29,109.81,new postings
2021-03-20,EA,109.59,109.13,new postings
2021-03-21,EA,110.07,109.81,new postings
2021-03-22,EA,110.15,110.22,new postings
2021-03-23,EA,110.06,110.22,new postings
2021-03-24,EA,110.39,110.66,new postings
2021-03-25,EA,110.37,110.84,new postings
2021-03-26,EA,110.41,110.98,new postings
2021-03-27,EA,110.49,110.98,new postings
2021-03-28,EA,110.43,110.81,new postings
2021-03-29,EA,110.55,110.68,new postings
2021-03-30,EA,110.85,110.85,new postings
2021-03-31,EA,111.05,110.91,new postings
2021-04-01,EA,111.01,110.91,new postings
2021-04-02,EA,111.17,111.09,new postings
2021-04-03,EA,110.42,109.89,new postings
2021-04-04,EA,109.19,108.61,new postings
2021-04-05,EA,107.73,107.46,new postings
2021-04-06,EA,105.8,103.88,new postings
2021-04-07,EA,103.13,99.91,new postings
2021-04-08,EA,100.98,96.25,new postings
2021-04-09,EA,97.18,92.45,new postings
2021-04-10,EA,95.98,91.24,new postings
2021-04-11,EA,94.96,90.03,new postings
2021-04-12,EA,94.42,89.18,new postings
2021-04-13,EA,96.61,93.29,new postings
2021-04-14,EA,99.62,98.01,new postings
2021-04-15,EA,103.14,102.65,new postings
2021-04-16,EA,108.64,107.43,new postings
2021-04-17,EA,112.55,110.94,new postings
2021-04-18,EA,116.27,114.5,new postings
2021-04-19,EA,119.71,117.77,new postings
2021-04-20,EA,120.51,118.13,new postings
2021-04-21,EA,121.37,118.28,new postings
2021-04-22,EA,121.2,118.47,new postings
2021-04-23,EA,121.62,118.52,new postings
2021-04-24,EA,121.91,118.52,new postings
2021-04-25,EA,122.58,118.5,new postings
2021-04-26,EA,122.74,118.53,new postings
2021-04-27,EA,122.98,118.79,new postings
2021-04-28,EA,122.85,118.49,new postings
2021-04-29,EA,123.02,118.08,new postings
2021-04-30,EA,122.47,118.06,new postings
2021-05-01,EA,122.31,118.29,new postings
2021-05-02,EA,123.93,118.62,new postings
2021-05-03,EA,125.97,118.82,new postings
2021-05-04,EA,128.12,119.22,new postings
2021-05-05,EA,130.66,120.51,new postings
2021-05-06,EA,133.71,122.18,new postings
2021-05-07,EA,136.73,123.77,new postings
2021-05-08,EA,139.57,125.34,new postings
2021-05-09,EA,139.02,126.82,new postings
2021-05-10,EA,138.41,128.32,new postings
2021-05-11,EA,137.58,129.98,new postings
2021-05-12,EA,136.74,131.41,new postings
2021-05-13,EA,135.97,132.82,new postings
2021-05-14,EA,133.05,131.31,new postings
2021-05-15,EA,129.13,128.07,new postings
2021-05-16,EA,126.69,124.78,new postings
2021-05-17,EA,123.46,121.5,new postings
2021-05-18,EA,119.78,117.99,new postings
2021-05-19,EA,116.68,114.24,new postings
2021-05-20,EA,113.6,110.24,new postings
2021-05-21,EA,114.71,111.37,new postings
2021-05-22,EA,117.59,115.3,new postings
2021-05-23,EA,120.78,119.34,new postings
2021-05-24,EA,124.97,123.36,new postings
2021-05-25,EA,127.58,124.91,new postings
2021-05-26,EA,128.87,126.44,new postings
2021-05-27,EA,130,127.94,new postings
2021-05-28,EA,128.88,127.13,new postings
2021-05-29,EA,126.93,125.16,new postings
2021-05-30,EA,125.95,123.22,new postings
2021-05-31,EA,125.74,121.28,new postings
2021-06-01,EA,130.78,124.09,new postings
2021-06-02,EA,136.71,127.33,new postings
2021-06-03,EA,141.7,131,new postings
2021-06-04,EA,145.19,133.71,new postings
2021-06-05,EA,148.39,136.19,new postings
2021-06-06,EA,148.99,138.48,new postings
2021-06-07,EA,149.11,140.91,new postings
2021-06-08,EA,146,141.08,new postings
2021-06-09,EA,143.12,141.07,new postings
2021-06-10,EA,140.94,140.26,new postings
2021-06-11,EA,141.85,141.01,new postings
2021-06-12,EA,143.21,142.12,new postings
2021-06-13,EA,145.89,143.35,new postings
2021-06-14,EA,146.74,144.42,new postings
2021-06-15,EA,148.12,145.44,new postings
2021-06-16,EA,148.79,146.48,new postings
2021-06-17,EA,149.72,147.91,new postings
2021-06-18,EA,148.99,148.83,new postings
2021-06-19,EA,147.81,149.32,new postings
2021-06-20,EA,146.92,149.75,new postings
2021-06-21,EA,147.93,150.17,new postings
2021-06-22,EA,148.53,150.36,new postings
2021-06-23,EA,149.48,150.18,new postings
2021-06-24,EA,149.94,149.82,new postings
2021-06-25,EA,150.45,149.11,new postings
2021-06-26,EA,150.81,148.98,new postings
2021-06-27,EA,150,148.01,new postings
2021-06-28,EA,149.47,147.27,new postings
2021-06-29,EA,148.86,146.62,new postings
2021-06-30,EA,147.74,146,new postings
2021-07-01,EA,146.61,145.39,new postings
2021-07-02,EA,145.83,145.06,new postings
2021-07-03,EA,145.38,144.45,new postings
2021-07-04,EA,145.67,144.67,new postings
2021-07-05,EA,145.16,144.75,new postings
2021-07-06,EA,144.9,144.96,new postings
2021-07-07,EA,144.55,145.07,new postings
2021-07-08,EA,144.55,145.47,new postings
2021-07-09,EA,143.88,145.41,new postings
2021-07-10,EA,143.34,145.55,new postings
2021-07-11,EA,141.91,144.42,new postings
2021-07-12,EA,140.91,143.3,new postings
2021-07-13,EA,139.62,141.98,new postings
2021-07-14,EA,138.95,141.2,new postings
2021-07-15,EA,138.03,139.17,new postings
2021-07-16,EA,137.74,137.23,new postings
2021-07-17,EA,138.37,135.76,new postings
2021-07-18,EA,139.41,134.87,new postings
2021-07-19,EA,139.75,133.57,new postings
2021-07-20,EA,140.24,132.36,new postings
2021-07-21,EA,140.3,130.66,new postings
2021-07-22,EA,140.89,131.07,new postings
2021-07-23,EA,141.06,131.43,new postings
2021-07-24,EA,140.95,131.54,new postings
2021-07-25,EA,140.56,131.63,new postings
2021-07-26,EA,140.72,132.05,new postings
2021-07-27,EA,140.75,132.37,new postings
2021-07-28,EA,141.03,132.78,new postings
2021-07-29,EA,140.53,131.9,new postings
2021-07-30,EA,140.38,131.28,new postings
2021-07-31,EA,139.99,130.78,new postings
2021-08-01,EA,139.75,130.38,new postings
2021-08-02,EA,138.99,130.02,new postings
2021-08-03,EA,138.53,129.92,new postings
2021-08-04,EA,137.99,129.76,new postings
2021-08-05,EA,137.35,129.61,new postings
2021-08-06,EA,136.8,129.3,new postings
2021-08-07,EA,136.72,129.03,new postings
2021-08-08,EA,136.81,128.47,new postings
2021-08-09,EA,137.55,127.78,new postings
2021-08-10,EA,138.26,126.86,new postings
2021-08-11,EA,138.96,125.81,new postings
2021-08-12,EA,140.22,124.76,new postings
2021-08-13,EA,141.04,123.37,new postings
2021-08-14,EA,141.34,121.41,new postings
2021-08-15,EA,141.78,119.62,new postings
2021-08-16,EA,142.72,117.97,new postings
2021-08-17,EA,143.58,116.38,new postings
2021-08-18,EA,144.64,115.3,new postings
2021-08-19,EA,145.51,114.59,new postings
2021-08-20,EA,146.37,114.39,new postings
2021-08-21,EA,147.75,115.08,new postings
2021-08-22,EA,148.78,115.97,new postings
2021-08-23,EA,147.78,116.93,new postings
2021-08-24,EA,146.57,118.28,new postings
2021-08-25,EA,145.45,119.87,new postings
2021-08-26,EA,144.27,121.5,new postings
2021-08-27,EA,143.3,123.27,new postings
2021-08-28,EA,142.49,125.23,new postings
2021-08-29,EA,141.5,126.98,new postings
2021-08-30,EA,141.53,128.76,new postings
2021-08-31,EA,141.57,130.21,new postings
2021-09-01,EA,141.27,131.55,new postings
2021-09-02,EA,141.44,133.31,new postings
2021-09-03,EA,141.59,134.99,new postings
2021-09-04,EA,141.58,136.69,new postings
2021-09-05,EA,141.66,138.4,new postings
2021-09-06,EA,141.6,139.86,new postings
2021-09-07,EA,141.69,141.61,new postings
2021-09-08,EA,141.72,142.91,new postings
2021-09-09,EA,141.16,143.41,new postings
2021-09-10,EA,140.64,143.65,new postings
2021-09-11,EA,140.21,143.74,new postings
2021-09-12,EA,140.18,144,new postings
2021-09-13,EA,140.76,144.59,new postings
2021-09-14,EA,141.17,144.72,new postings
2021-09-15,EA,141.73,144.93,new postings
2021-09-16,EA,142.32,144.92,new postings
2021-09-17,EA,143.15,144.95,new postings
2021-09-18,EA,143.62,144.6,new postings
2021-09-19,EA,144.09,144.16,new postings
2021-09-20,EA,144.27,143.56,new postings
2021-09-21,EA,144.62,143.29,new postings
2021-09-22,EA,145.24,143.29,new postings
2021-09-23,EA,146.45,143.99,new postings
2021-09-24,EA,146.85,144.35,new postings
2021-09-25,EA,147.47,144.92,new postings
2021-09-26,EA,148.35,145.82,new postings
2021-09-27,EA,149.25,146.65,new postings
2021-09-28,EA,149.88,147.21,new postings
2021-09-29,EA,150.61,147.93,new postings
2021-09-30,EA,151.04,148.43,new postings
2021-10-01,EA,151.94,149.1,new postings
2021-10-02,EA,152.78,149.79,new postings
2021-10-03,EA,152.95,149.77,new postings
2021-10-04,EA,153.22,149.62,new postings
2021-10-05,EA,154.41,149.98,new postings
2021-10-06,EA,155.14,149.98,new postings
2021-10-07,EA,155.72,149.95,new postings
2021-10-08,EA,156.63,150.31,new postings
2021-10-09,EA,157.64,150.76,new postings
2021-10-10,EA,158.79,151.52,new postings
2021-10-11,EA,159.24,152.51,new postings
2021-10-12,EA,158.5,152.82,new postings
2021-10-13,EA,157.68,153,new postings
2021-10-14,EA,156.87,153.14,new postings
2021-10-15,EA,156.04,152.99,new postings
2021-10-16,EA,154.78,152.47,new postings
2021-10-17,EA,153.5,151.91,new postings
2021-10-18,EA,152.91,151.34,new postings
2021-10-19,EA,153.25,151.45,new postings
2021-10-20,EA,153.62,151.75,new postings
2021-10-21,EA,154.2,152.07,new postings
2021-10-22,EA,153.73,151.34,new postings
2021-10-23,EA,153.73,150.87,new postings
2021-10-24,EA,153.63,150.27,new postings
2021-10-25,EA,153.43,149.62,new postings
2021-10-26,EA,152.79,148.47,new postings
2021-10-27,EA,152.41,147.17,new postings
2021-10-28,EA,152.08,145.91,new postings
2021-10-29,EA,153.21,146.38,new postings
2021-10-30,EA,154.15,146.46,new postings
2021-10-31,EA,155.4,146.7,new postings
2021-11-01,EA,157.95,147.38,new postings
2021-11-02,EA,158.75,145.69,new postings
2021-11-03,EA,159.24,144.01,new postings
2021-11-04,EA,159.54,142.28,new postings
2021-11-05,EA,159.2,140.05,new postings
2021-11-06,EA,158.85,138.2,new postings
2021-11-07,EA,158.19,136.28,new postings
2021-11-08,EA,155.52,133.86,new postings
2021-11-09,EA,155.31,135.99,new postings
2021-11-10,EA,155.28,138.38,new postings
2021-11-11,EA,155.55,140.82,new postings
2021-11-12,EA,155.64,142.37,new postings
2021-11-13,EA,155.15,143.08,new postings
2021-11-14,EA,154.82,143.94,new postings
2021-11-15,EA,155.26,144.88,new postings
2021-11-16,EA,154.97,143.88,new postings
2021-11-17,EA,154.68,142.75,new postings
2021-11-18,EA,153.92,141.48,new postings
2021-11-19,EA,153.35,141.6,new postings
2021-11-20,EA,153.61,142.83,new postings
2021-11-21,EA,154.13,144.27,new postings
2021-11-22,EA,154.7,145.66,new postings
2021-11-23,EA,155.28,146.87,new postings
2021-11-24,EA,155.59,147.81,new postings
2021-11-25,EA,156.01,148.66,new postings
2021-11-26,EA,156.26,148.74,new postings
2021-11-27,EA,156.24,148.45,new postings
2021-11-28,EA,155.85,147.88,new postings
2021-11-29,EA,155.3,147.16,new postings
2021-11-30,EA,154.6,146.45,new postings
2021-12-01,EA,154.32,146.11,new postings
2021-12-02,EA,154.28,146.13,new postings
2021-12-03,EA,154.36,146.46,new postings
2021-12-04,EA,154.58,146.91,new postings
2021-12-05,EA,155.12,147.6,new postings
2021-12-06,EA,155.61,148.36,new postings
2021-12-07,EA,156.55,149.39,new postings
2021-12-08,EA,157.09,149.82,new postings
2021-12-09,EA,156.91,149.59,new postings
2021-12-10,EA,156.67,149.06,new postings
2021-12-11,EA,156.25,148.09,new postings
2021-12-12,EA,155.76,146.88,new postings
2021-12-13,EA,155.64,145.88,new postings
2021-12-14,EA,154.93,144.41,new postings
2021-12-15,EA,154.69,143.34,new postings
2021-12-16,EA,155.19,142.87,new postings
2021-12-17,EA,155.65,142.65,new postings
2021-12-18,EA,156.08,142.7,new postings
2021-12-19,EA,156.49,142.72,new postings
2021-12-20,EA,156.46,142.71,new postings
2021-12-21,EA,156.84,143.01,new postings
2021-12-22,EA,156.74,143.32,new postings
2021-12-23,EA,156.71,143.84,new postings
2021-12-24,EA,157.35,144.2,new postings
2021-12-25,EA,157.38,142.28,new postings
2021-12-26,EA,158.74,140.02,new postings
2021-12-27,EA,161.56,137.69,new postings
2021-12-28,EA,163.22,133.4,new postings
2021-12-29,EA,164.56,127.49,new postings
2021-12-30,EA,164.48,119.12,new postings
2021-12-31,EA,163.83,109.05,new postings
2022-01-01,EA,163.67,100.81,new postings
2022-01-02,EA,161.99,92.98,new postings
2022-01-03,EA,156.46,85.36,new postings
2022-01-04,EA,152.86,81.33,new postings
2022-01-05,EA,150.31,80.68,new postings
2022-01-06,EA,149.57,83.86,new postings
2022-01-07,EA,149.36,90.34,new postings
2022-01-08,EA,150.46,99.7,new postings
2022-01-09,EA,149.92,109.2,new postings
2022-01-10,EA,151.09,118.5,new postings
2022-01-11,EA,151.22,126.4,new postings
2022-01-12,EA,150.7,132.62,new postings
2022-01-13,EA,149.79,137.47,new postings
2022-01-14,EA,148.83,141.52,new postings
2022-01-15,EA,147.41,143.79,new postings
2022-01-16,EA,148.16,146.07,new postings
2022-01-17,EA,150.19,148.43,new postings
2022-01-18,EA,152.17,150.74,new postings
2022-01-19,EA,154.43,153.16,new postings
2022-01-20,EA,156.58,155.39,new postings
2022-01-21,EA,158.65,157.14,new postings
2022-01-22,EA,159.85,158.04,new postings
2022-01-23,EA,160.56,158.57,new postings
2022-01-24,EA,160.93,159.07,new postings
2022-01-25,EA,161.35,159.02,new postings
2022-01-26,EA,161.78,158.73,new postings
2022-01-27,EA,162.6,158.81,new postings
2022-01-28,EA,163.75,159.18,new postings
2022-01-29,EA,164.75,160.02,new postings
2022-01-30,EA,166.16,161.17,new postings
2022-01-31,EA,167.35,162.19,new postings
2022-02-01,EA,168.9,163.74,new postings
2022-02-02,EA,170.74,165.9,new postings
2022-02-03,EA,171.99,167.88,new postings
2022-02-04,EA,172.46,169.43,new postings
2022-02-05,EA,173.01,170.48,new postings
2022-02-06,EA,173.27,171.42,new postings
2022-02-07,EA,173.57,172.32,new postings
2022-02-08,EA,173.75,173.39,new postings
2022-02-09,EA,173.69,173.66,new postings
2022-02-10,EA,173.71,173.64,new postings
2022-02-11,EA,173.8,173.29,new postings
2022-02-12,EA,174.37,173.33,new postings
2022-02-13,EA,174.91,173.33,new postings
2022-02-14,EA,175.27,173.39,new postings
2022-02-15,EA,175.83,173.31,new postings
2022-02-16,EA,176.5,173.66,new postings
2022-02-17,EA,177.5,174.3,new postings
2022-02-18,EA,178.51,175.25,new postings
2022-02-19,EA,179.14,175.92,new postings
2022-02-20,EA,179.71,176.68,new postings
2022-02-21,EA,180.37,177.35,new postings
2022-02-22,EA,180.79,177.85,new postings
2022-02-23,EA,180.87,178.07,new postings
2022-02-24,EA,180.38,177.61,new postings
2022-02-25,EA,179.9,177.04,new postings
2022-02-26,EA,179.75,176.41,new postings
2022-02-27,EA,179.45,175.36,new postings
2022-02-28,EA,178.97,174.23,new postings
2022-03-01,EA,178.27,172.89,new postings
2022-03-02,EA,177.51,171.59,new postings
2022-03-03,EA,177.09,170.89,new postings
2022-03-04,EA,176.59,170.32,new postings
2022-03-05,EA,176.16,170.21,new postings
2022-03-06,EA,175.84,170.69,new postings
2022-03-07,EA,175.55,171.34,new postings
2022-03-08,EA,175.7,172.35,new postings
2022-03-09,EA,175.76,173.11,new postings
2022-03-10,EA,175.3,173.49,new postings
2022-03-11,EA,174.35,173.33,new postings
2022-03-12,EA,173.75,173.27,new postings
2022-03-13,EA,173.25,172.87,new postings
2022-03-14,EA,173.16,172.44,new postings
2022-03-15,EA,173.07,171.93,new postings
2022-03-16,EA,173.54,172.11,new postings
2022-03-17,EA,174.5,172.41,new postings
2022-03-18,EA,176.52,173.69,new postings
2022-03-19,EA,177.34,174.17,new postings
2022-03-20,EA,177.98,174.75,new postings
2022-03-21,EA,178.89,175.76,new postings
2022-03-22,EA,179.72,176.8,new postings
2022-03-23,EA,179.69,176.76,new postings
2022-03-24,EA,179.61,176.75,new postings
2022-03-25,EA,178.77,176.05,new postings
2022-03-26,EA,178.74,176.07,new postings
2022-03-27,EA,178.73,175.98,new postings
2022-03-28,EA,178.29,175.48,new postings
2022-03-29,EA,177.52,174.47,new postings
2022-03-30,EA,177.6,174.36,new postings
2022-03-31,EA,177.8,174.32,new postings
2022-04-01,EA,178.78,174.68,new postings
2022-04-02,EA,179.95,175.03,new postings
2022-04-03,EA,181.54,175.67,new postings
2022-04-04,EA,182.91,176.24,new postings
2022-04-05,EA,184.31,177.33,new postings
2022-04-06,EA,186.21,178.55,new postings
2022-04-07,EA,187.88,179.5,new postings
2022-04-08,EA,190.33,180.86,new postings
2022-04-09,EA,190.49,181.69,new postings
2022-04-10,EA,191.08,182.51,new postings
2022-04-11,EA,191.63,183.35,new postings
2022-04-12,EA,192.48,184.38,new postings
2022-04-13,EA,191.83,184.71,new postings
2022-04-14,EA,190.61,185.25,new postings
2022-04-15,EA,187.53,184.32,new postings
2022-04-16,EA,185.29,182.02,new postings
2022-04-17,EA,181.92,179.33,new postings
2022-04-18,EA,178.38,176.76,new postings
2022-04-19,EA,171.83,169.39,new postings
2022-04-20,EA,165.44,162.15,new postings
2022-04-21,EA,159.12,154.75,new postings
2022-04-22,EA,152.73,148.17,new postings
2022-04-23,EA,150.54,145.24,new postings
2022-04-24,EA,148.92,142.68,new postings
2022-04-25,EA,147.86,140.28,new postings
2022-04-26,EA,152.73,145.84,new postings
2022-04-27,EA,158.41,151.91,new postings
2022-04-28,EA,164.45,157.56,new postings
2022-04-29,EA,170.94,163.15,new postings
2022-04-30,EA,174.14,166.72,new postings
2022-05-01,EA,177.58,170.35,new postings
2022-05-02,EA,182.32,173.76,new postings
2022-05-03,EA,183.85,173.54,new postings
2022-05-04,EA,185.3,173.32,new postings
2022-05-05,EA,187.67,174.54,new postings
2022-05-06,EA,190.32,175.84,new postings
2022-05-07,EA,193.26,177.3,new postings
2022-05-08,EA,195.87,178.53,new postings
2022-05-09,EA,195.26,179.69,new postings
2022-05-10,EA,195.13,181.48,new postings
2022-05-11,EA,193.74,182.34,new postings
2022-05-12,EA,192.21,182.96,new postings
2022-05-13,EA,190.37,183.12,new postings
2022-05-14,EA,189.71,183.76,new postings
2022-05-15,EA,189.72,184.41,new postings
2022-05-16,EA,191,185,new postings
2022-05-17,EA,191.07,185.13,new postings
2022-05-18,EA,191.48,185.76,new postings
2022-05-19,EA,191.96,185.64,new postings
2022-05-20,EA,193.12,185.98,new postings
2022-05-21,EA,192.7,185.73,new postings
2022-05-22,EA,191.42,185.67,new postings
2022-05-23,EA,190.53,185.64,new postings
2022-05-24,EA,190.51,185.49,new postings
2022-05-25,EA,191.74,185.56,new postings
2022-05-26,EA,192.26,186.09,new postings
2022-05-27,EA,188.81,183.01,new postings
2022-05-28,EA,183.7,178.35,new postings
2022-05-29,EA,178.87,173.53,new postings
2022-05-30,EA,174.87,168.65,new postings
2022-05-31,EA,171.2,163.48,new postings
2022-06-01,EA,167.61,158.35,new postings
2022-06-02,EA,164,152.82,new postings
2022-06-03,EA,166.27,154.02,new postings
2022-06-04,EA,171.92,158.75,new postings
2022-06-05,EA,177.51,163.63,new postings
2022-06-06,EA,180.89,168.69,new postings
2022-06-07,EA,180.48,170.74,new postings
2022-06-08,EA,178.99,172.33,new postings
2022-06-09,EA,177.95,173.88,new postings
2022-06-10,EA,175.32,172.73,new postings
2022-06-11,EA,170.49,169.38,new postings
2022-06-12,EA,165.68,165.83,new postings
2022-06-13,EA,163.61,162.6,new postings
2022-06-14,EA,166.79,165.71,new postings
2022-06-15,EA,170.86,169.21,new postings
2022-06-16,EA,174.71,173.32,new postings
2022-06-17,EA,176.15,175.2,new postings
2022-06-18,EA,177.79,177.22,new postings
2022-06-19,EA,179.32,179.16,new postings
2022-06-20,EA,179.54,180.57,new postings
2022-06-21,EA,178.37,179.09,new postings
2022-06-22,EA,177.02,177.55,new postings
2022-06-23,EA,175.34,174.95,new postings
2022-06-24,EA,176.26,174.99,new postings
2022-06-25,EA,177.15,174.37,new postings
2022-06-26,EA,178.26,174.24,new postings
2022-06-27,EA,179.31,174.47,new postings
2022-06-28,EA,179.57,174.42,new postings
2022-06-29,EA,179.57,174.2,new postings
2022-06-30,EA,179.57,174.46,new postings
2022-07-01,EA,178.93,174.22,new postings
2022-07-02,EA,178.77,174.73,new postings
2022-07-03,EA,178.27,174.87,new postings
2022-07-04,EA,177.94,175.21,new postings
2022-07-05,EA,177.83,175.81,new postings
2022-07-06,EA,178.1,176.78,new postings
2022-07-07,EA,178.76,178.1,new postings
2022-07-08,EA,178.82,178.69,new postings
2022-07-09,EA,179.14,179.52,new postings
2022-07-10,EA,181.95,182.75,new postings
2022-07-11,EA,184.37,185.16,new postings
2022-07-12,EA,186.78,187.1,new postings
2022-07-13,EA,188.85,188.71,new postings
2022-07-14,EA,190.69,190.06,new postings
2022-07-15,EA,191.07,189.14,new postings
2022-07-16,EA,190.86,187.3,new postings
2022-07-17,EA,187.72,182.32,new postings
2022-07-18,EA,184.35,177.51,new postings
2022-07-19,EA,181.12,172.98,new postings
2022-07-20,EA,177.83,168.34,new postings
2022-07-21,EA,174.52,163.59,new postings
2022-07-22,EA,173.84,162.88,new postings
2022-07-23,EA,174.17,163.38,new postings
2022-07-24,EA,175.42,164.83,new postings
2022-07-25,EA,176.89,166.47,new postings
2022-07-26,EA,178.35,168.02,new postings
2022-07-27,EA,179.74,169.55,new postings
2022-07-28,EA,180.94,170.75,new postings
2022-07-29,EA,181.28,170.54,new postings
2022-07-30,EA,181.33,170,new postings
2022-07-31,EA,180.92,169.28,new postings
2022-08-01,EA,180.4,168.69,new postings
2022-08-02,EA,179.81,168.61,new postings
2022-08-03,EA,179.47,168.73,new postings
2022-08-04,EA,179.78,169.49,new postings
2022-08-05,EA,179.61,169.99,new postings
2022-08-06,EA,179.12,169.98,new postings
2022-08-07,EA,178.85,169.8,new postings
2022-08-08,EA,178.97,169.42,new postings
2022-08-09,EA,179.22,168.15,new postings
2022-08-10,EA,178.9,166.15,new postings
2022-08-11,EA,177.71,163.12,new postings
2022-08-12,EA,176.71,159.79,new postings
2022-08-13,EA,175.57,156.17,new postings
2022-08-14,EA,174.67,152.83,new postings
2022-08-15,EA,173.83,149.74,new postings
2022-08-16,EA,171.76,145.31,new postings
2022-08-17,EA,170.56,141.71,new postings
2022-08-18,EA,169.75,138.98,new postings
2022-08-19,EA,169.32,137.06,new postings
2022-08-20,EA,169.62,136.31,new postings
2022-08-21,EA,169.34,135.48,new postings
2022-08-22,EA,168.37,134.65,new postings
2022-08-23,EA,169.67,137.8,new postings
2022-08-24,EA,170.85,141.47,new postings
2022-08-25,EA,172.39,145.43,new postings
2022-08-26,EA,173.7,149.34,new postings
2022-08-27,EA,174.73,153.13,new postings
2022-08-28,EA,175.73,156.82,new postings
2022-08-29,EA,176.7,160.15,new postings
2022-08-30,EA,176.99,162.07,new postings
2022-08-31,EA,177.07,163.48,new postings
2022-09-01,EA,176.86,164.93,new postings
2022-09-02,EA,176.72,166.51,new postings
2022-09-03,EA,176.99,168.51,new postings
2022-09-04,EA,177.34,170.69,new postings
2022-09-05,EA,178,173.08,new postings
2022-09-06,EA,177.87,174.67,new postings
2022-09-07,EA,177.7,176.29,new postings
2022-09-08,EA,177.66,177.64,new postings
2022-09-09,EA,177.76,178.6,new postings
2022-09-10,EA,177.07,178.64,new postings
2022-09-11,EA,176.46,178.42,new postings
2022-09-12,EA,176.03,178.08,new postings
2022-09-13,EA,176.05,177.88,new postings
2022-09-14,EA,176.16,177.56,new postings
2022-09-15,EA,176.12,177.04,new postings
2022-09-16,EA,175.63,176.13,new postings
2022-09-17,EA,174.89,174.74,new postings
2022-09-18,EA,174.24,173.52,new postings
2022-09-19,EA,173.78,172.4,new postings
2022-09-20,EA,172.71,170.79,new postings
2022-09-21,EA,171.67,169.3,new postings
2022-09-22,EA,171.03,168.18,new postings
2022-09-23,EA,170.8,167.47,new postings
2022-09-24,EA,172,168.5,new postings
2022-09-25,EA,173.44,169.58,new postings
2022-09-26,EA,174.58,170.54,new postings
2022-09-27,EA,176.55,172.27,new postings
2022-09-28,EA,179.15,174.56,new postings
2022-09-29,EA,181.23,176.39,new postings
2022-09-30,EA,182.85,177.85,new postings
2022-10-01,EA,182.86,177.61,new postings
2022-10-02,EA,182.51,177.28,new postings
2022-10-03,EA,182.3,177.03,new postings
2022-10-04,EA,180.65,175.18,new postings
2022-10-05,EA,178.22,172.27,new postings
2022-10-06,EA,175.73,169.44,new postings
2022-10-07,EA,173.59,167.05,new postings
2022-10-08,EA,172.16,165.29,new postings
2022-10-09,EA,170.78,163.43,new postings
2022-10-10,EA,169.11,161.53,new postings
2022-10-11,EA,169.3,162.19,new postings
2022-10-12,EA,170.47,164.2,new postings
2022-10-13,EA,172.38,166.82,new postings
2022-10-14,EA,174.37,169.49,new postings
2022-10-15,EA,176.56,172.24,new postings
2022-10-16,EA,178.76,175.12,new postings
2022-10-17,EA,180.93,177.83,new postings
2022-10-18,EA,182.45,179.36,new postings
2022-10-19,EA,183.2,179.92,new postings
2022-10-20,EA,183.35,180.04,new postings
2022-10-21,EA,183.01,179.52,new postings
2022-10-22,EA,182.59,178.78,new postings
2022-10-23,EA,182.58,178.19,new postings
2022-10-24,EA,182.57,177.66,new postings
2022-10-25,EA,182.5,176.92,new postings
2022-10-26,EA,182.06,175.78,new postings
2022-10-27,EA,181.68,174.4,new postings
2022-10-28,EA,181.67,173.34,new postings
2022-10-29,EA,181.21,172.11,new postings
2022-10-30,EA,180.98,170.92,new postings
2022-10-31,EA,181.22,170.03,new postings
2022-11-01,EA,180.98,168.08,new postings
2022-11-02,EA,178.99,163.95,new postings
2022-11-03,EA,177.51,160.56,new postings
2022-11-04,EA,176.73,158,new postings
2022-11-05,EA,176.1,155.75,new postings
2022-11-06,EA,175.14,153.62,new postings
2022-11-07,EA,173.51,151.26,new postings
2022-11-08,EA,173.64,151.69,new postings
2022-11-09,EA,177.26,157.3,new postings
2022-11-10,EA,180.14,162.44,new postings
2022-11-11,EA,182.52,166.8,new postings
2022-11-12,EA,183.77,169.47,new postings
2022-11-13,EA,184.62,171.41,new postings
2022-11-14,EA,185.6,173.37,new postings
2022-11-15,EA,185.75,174.02,new postings
2022-11-16,EA,184.06,171.92,new postings
2022-11-17,EA,182.46,169.72,new postings
2022-11-18,EA,180.55,167.56,new postings
2022-11-19,EA,180.86,168.61,new postings
2022-11-20,EA,181.29,170.05,new postings
2022-11-21,EA,182.02,171.6,new postings
2022-11-22,EA,182.06,172.41,new postings
2022-11-23,EA,182.3,173.11,new postings
2022-11-24,EA,182.19,173.5,new postings
2022-11-25,EA,181.73,173.22,new postings
2022-11-26,EA,180.05,171.28,new postings
2022-11-27,EA,178.22,169.18,new postings
2022-11-28,EA,176.44,167.17,new postings
2022-11-29,EA,175.55,165.97,new postings
2022-11-30,EA,174.38,164.68,new postings
2022-12-01,EA,173.45,163.71,new postings
2022-12-02,EA,173.02,163.45,new postings
2022-12-03,EA,173.25,164.05,new postings
2022-12-04,EA,173.84,164.96,new postings
2022-12-05,EA,174.18,165.58,new postings
2022-12-06,EA,173.9,165.8,new postings
2022-12-07,EA,173.72,165.98,new postings
2022-12-08,EA,173.69,165.96,new postings
2022-12-09,EA,174.39,166.49,new postings
2022-12-10,EA,174.56,166.3,new postings
2022-12-11,EA,174.55,165.69,new postings
2022-12-12,EA,174.94,165.31,new postings
2022-12-13,EA,175.39,164.8,new postings
2022-12-14,EA,176.03,164.54,new postings
2022-12-15,EA,176.15,163.8,new postings
2022-12-16,EA,175.49,162.43,new postings
2022-12-17,EA,175.12,161.47,new postings
2022-12-18,EA,174.57,160.69,new postings
2022-12-19,EA,173.89,159.73,new postings
2022-12-20,EA,172.75,158.73,new postings
2022-12-21,EA,171.91,157.94,new postings
2022-12-22,EA,171.53,157.95,new postings
2022-12-23,EA,171.39,158.16,new postings
2022-12-24,EA,171.39,157.76,new postings
2022-12-25,EA,173.26,157.33,new postings
2022-12-26,EA,176.64,156.87,new postings
2022-12-27,EA,178.59,153.67,new postings
2022-12-28,EA,179.3,148.45,new postings
2022-12-29,EA,179.15,141.36,new postings
2022-12-30,EA,178.05,132.25,new postings
2022-12-31,EA,177.38,122.23,new postings
2023-01-01,EA,175.14,112.42,new postings
2023-01-02,EA,170.51,103,new postings
2023-01-03,EA,168.88,99.08,new postings
2023-01-04,EA,169.11,98.81,new postings
2023-01-05,EA,170.83,102.05,new postings
2023-01-06,EA,174.35,109.14,new postings
2023-01-07,EA,178.49,119.59,new postings
2023-01-08,EA,181.15,130.03,new postings
2023-01-09,EA,182.43,139.89,new postings
2023-01-10,EA,182.93,148.42,new postings
2023-01-11,EA,182.57,155.55,new postings
2023-01-12,EA,181.57,161.15,new postings
2023-01-13,EA,179.76,164.92,new postings
2023-01-14,EA,176.96,167.33,new postings
2023-01-15,EA,175.65,169.76,new postings
2023-01-16,EA,176.67,172.43,new postings
2023-01-17,EA,177.63,173.92,new postings
2023-01-18,EA,178.69,175.5,new postings
2023-01-19,EA,179.56,176.61,new postings
2023-01-20,EA,180.29,177.43,new postings
2023-01-21,EA,180.93,177.82,new postings
2023-01-22,EA,181.46,178.06,new postings
2023-01-23,EA,181.9,178.25,new postings
2023-01-24,EA,182.06,178.46,new postings
2023-01-25,EA,182.26,178.08,new postings
2023-01-26,EA,182.77,177.82,new postings
2023-01-27,EA,182.98,177.52,new postings
2023-01-28,EA,183.27,177.28,new postings
2023-01-29,EA,183.4,177.22,new postings
2023-01-30,EA,183.26,176.88,new postings
2023-01-31,EA,183.33,176.78,new postings
2023-02-01,EA,183.44,177.09,new postings
2023-02-02,EA,183.29,177.47,new postings
2023-02-03,EA,183.34,178.27,new postings
2023-02-04,EA,183.35,179.33,new postings
2023-02-05,EA,183.18,179.93,new postings
2023-02-06,EA,183.12,180.73,new postings
2023-02-07,EA,182.61,181.06,new postings
2023-02-08,EA,181.3,180.66,new postings
2023-02-09,EA,180.64,180.32,new postings
2023-02-10,EA,179.7,179.39,new postings
2023-02-11,EA,178.35,177.65,new postings
2023-02-12,EA,177.61,176.43,new postings
2023-02-13,EA,177.03,175.3,new postings
2023-02-14,EA,176.76,174.63,new postings
2023-02-15,EA,176.95,174.24,new postings
2023-02-16,EA,176.82,173.96,new postings
2023-02-17,EA,176.9,173.79,new postings
2023-02-18,EA,176.93,173.91,new postings
2023-02-19,EA,176.76,173.88,new postings
2023-02-20,EA,176.51,173.88,new postings
2023-02-21,EA,176.22,173.69,new postings
2023-02-22,EA,176.72,174.32,new postings
2023-02-23,EA,177.32,174.94,new postings
2023-02-24,EA,177,174.61,new postings
2023-02-25,EA,177.85,175.12,new postings
2023-02-26,EA,178.28,174.92,new postings
2023-02-27,EA,178.8,174.63,new postings
2023-02-28,EA,179.32,174.35,new postings
2023-03-01,EA,179.19,173.47,new postings
2023-03-02,EA,178.98,172.69,new postings
2023-03-03,EA,179.89,173.27,new postings
2023-03-04,EA,180.32,173.66,new postings
2023-03-05,EA,181.11,174.76,new postings
2023-03-06,EA,181.32,175.85,new postings
2023-03-07,EA,181.54,177.19,new postings
2023-03-08,EA,182.02,178.66,new postings
2023-03-09,EA,182.27,179.59,new postings
2023-03-10,EA,183.33,181.42,new postings
2023-03-11,EA,184.25,183.13,new postings
2023-03-12,EA,185.47,184.93,new postings
2023-03-13,EA,187.28,186.76,new postings
2023-03-14,EA,188.99,188.01,new postings
2023-03-15,EA,190.24,188.74,new postings
2023-03-16,EA,191.49,189.81,new postings
2023-03-17,EA,192.01,189.81,new postings
2023-03-18,EA,191.92,189.15,new postings
2023-03-19,EA,191.62,188.55,new postings
2023-03-20,EA,191.15,188.01,new postings
2023-03-21,EA,190.6,187.6,new postings
2023-03-22,EA,190.33,187.5,new postings
2023-03-23,EA,190.59,187.62,new postings
2023-03-24,EA,190.35,187.35,new postings
2023-03-25,EA,190.53,187.48,new postings
2023-03-26,EA,190.48,187.42,new postings
2023-03-27,EA,190.42,187.31,new postings
2023-03-28,EA,190.51,187.28,new postings
2023-03-29,EA,190.54,186.98,new postings
2023-03-30,EA,190.05,186.22,new postings
2023-03-31,EA,189.88,185.75,new postings
2023-04-01,EA,190.16,185.36,new postings
2023-04-02,EA,190.67,185.03,new postings
2023-04-03,EA,191.39,184.88,new postings
2023-04-04,EA,191.96,184.73,new postings
2023-04-05,EA,192.47,185.11,new postings
2023-04-06,EA,192.73,185.39,new postings
2023-04-07,EA,193.19,186.07,new postings
2023-04-08,EA,192.36,184.75,new postings
2023-04-09,EA,189.26,183.26,new postings
2023-04-10,EA,186.93,182,new postings
2023-04-11,EA,181.94,176.48,new postings
2023-04-12,EA,175.94,170.3,new postings
2023-04-13,EA,170.07,165.11,new postings
2023-04-14,EA,163.56,159.34,new postings
2023-04-15,EA,161.13,157.94,new postings
2023-04-16,EA,161.16,156.81,new postings
2023-04-17,EA,160.49,155.3,new postings
2023-04-18,EA,166.59,162.27,new postings
2023-04-19,EA,173.87,169.63,new postings
2023-04-20,EA,181.33,176.16,new postings
2023-04-21,EA,189.71,183.16,new postings
2023-04-22,EA,194.05,187.47,new postings
2023-04-23,EA,199.31,191.74,new postings
2023-04-24,EA,204.13,195.97,new postings
2023-04-25,EA,203.96,194.99,new postings
2023-04-26,EA,203.02,193.96,new postings
2023-04-27,EA,202.03,193.09,new postings
2023-04-28,EA,200.62,191.59,new postings
2023-04-29,EA,199.74,190.15,new postings
2023-04-30,EA,197.61,188.68,new postings
2023-05-01,EA,196.06,187.56,new postings
2023-05-02,EA,192.9,183.54,new postings
2023-05-03,EA,190.39,179.53,new postings
2023-05-04,EA,188.02,175.73,new postings
2023-05-05,EA,186.01,172.84,new postings
2023-05-06,EA,184.37,170.02,new postings
2023-05-07,EA,182.52,167.01,new postings
2023-05-08,EA,180.47,163.79,new postings
2023-05-09,EA,181.61,166.36,new postings
2023-05-10,EA,182.89,169.27,new postings
2023-05-11,EA,183.74,172.06,new postings
2023-05-12,EA,183.99,174.27,new postings
2023-05-13,EA,184.43,176.64,new postings
2023-05-14,EA,185.98,179.32,new postings
2023-05-15,EA,187.81,181.79,new postings
2023-05-16,EA,190.48,184.06,new postings
2023-05-17,EA,192.27,186.06,new postings
2023-05-18,EA,194.03,188.26,new postings
2023-05-19,EA,193.28,187.18,new postings
2023-05-20,EA,190.76,184.17,new postings
2023-05-21,EA,187.33,181.09,new postings
2023-05-22,EA,183.06,178,new postings
2023-05-23,EA,177.11,172.95,new postings
2023-05-24,EA,171.83,167.68,new postings
2023-05-25,EA,166.77,161.56,new postings
2023-05-26,EA,167.29,161.83,new postings
2023-05-27,EA,171.07,165.4,new postings
2023-05-28,EA,174.47,168.77,new postings
2023-05-29,EA,178.73,172.49,new postings
2023-05-30,EA,180.8,173.24,new postings
2023-05-31,EA,183.12,173.79,new postings
2023-06-01,EA,185.85,174.88,new postings
2023-06-02,EA,185.91,173.11,new postings
2023-06-03,EA,183.18,169.65,new postings
2023-06-04,EA,180.35,166.31,new postings
2023-06-05,EA,177.17,162.97,new postings
2023-06-06,EA,179.59,167.15,new postings
2023-06-07,EA,182.02,171.97,new postings
2023-06-08,EA,184.15,176.97,new postings
2023-06-09,EA,185.34,180.51,new postings
2023-06-10,EA,188.01,184.4,new postings
2023-06-11,EA,191.69,188.23,new postings
2023-06-12,EA,195.69,192.21,new postings
2023-06-13,EA,194.77,190.25,new postings
2023-06-14,EA,193.43,188.83,new postings
2023-06-15,EA,192.45,187.44,new postings
2023-06-16,EA,192.74,188.14,new postings
2023-06-17,EA,192.9,188.96,new postings
2023-06-18,EA,192.17,189.75,new postings
2023-06-19,EA,191.21,190.15,new postings
2023-06-20,EA,192.54,192.47,new postings
2023-06-21,EA,194.14,193.77,new postings
2023-06-22,EA,195.16,194.58,new postings
2023-06-23,EA,195.06,193.66,new postings
2023-06-24,EA,194.65,192.46,new postings
2023-06-25,EA,194.71,191.12,new postings
2023-06-26,EA,194.67,190.05,new postings
2023-06-27,EA,193.78,188.58,new postings
2023-06-28,EA,192.51,187.05,new postings
2023-06-29,EA,191.58,185.79,new postings
2023-06-30,EA,191.07,185.3,new postings
2023-07-01,EA,190.49,185,new postings
2023-07-02,EA,189.76,184.94,new postings
2023-07-03,EA,188.64,184.45,new postings
2023-07-04,EA,187.46,183.96,new postings
2023-07-05,EA,186.65,183.93,new postings
2023-07-06,EA,185.82,184.08,new postings
2023-07-07,EA,185.55,184.82,new postings
2023-07-08,EA,185.65,185.68,new postings
2023-07-09,EA,186.02,186.5,new postings
2023-07-10,EA,186.36,187.28,new postings
2023-07-11,EA,187.42,188.37,new postings
2023-07-12,EA,188.16,188.69,new postings
2023-07-13,EA,188.43,188.48,new postings
2023-07-14,EA,188.3,187.7,new postings
2023-07-15,EA,187.01,185.02,new postings
2023-07-16,EA,185.9,182.42,new postings
2023-07-17,EA,185.27,180.02,new postings
2023-07-18,EA,184.07,177.35,new postings
2023-07-19,EA,183.37,175.26,new postings
2023-07-20,EA,183.32,173.74,new postings
2023-07-21,EA,183.1,172.08,new postings
2023-07-22,EA,183.94,172.85,new postings
2023-07-23,EA,184.74,173.81,new postings
2023-07-24,EA,185.38,174.7,new postings
2023-07-25,EA,186.05,175.44,new postings
2023-07-26,EA,186.54,176.03,new postings
2023-07-27,EA,186.43,176.16,new postings
2023-07-28,EA,186.12,175.95,new postings
2023-07-29,EA,185.62,174.9,new postings
2023-07-30,EA,184.8,173.49,new postings
2023-07-31,EA,183.95,172.23,new postings
2023-08-01,EA,183.28,171.52,new postings
2023-08-02,EA,182.46,171.21,new postings
2023-08-03,EA,181.82,171.07,new postings
2023-08-04,EA,181.41,171.17,new postings
2023-08-05,EA,180.79,171.35,new postings
2023-08-06,EA,180.56,171.74,new postings
2023-08-07,EA,180.36,171.78,new postings
2023-08-08,EA,179.99,171.08,new postings
2023-08-09,EA,179.49,169.08,new postings
2023-08-10,EA,178.99,166.95,new postings
2023-08-11,EA,178.25,164.46,new postings
2023-08-12,EA,177.39,161.26,new postings
2023-08-13,EA,176.51,157.92,new postings
2023-08-14,EA,175.75,154.81,new postings
2023-08-15,EA,175.91,152.69,new postings
2023-08-16,EA,173.92,148.52,new postings
2023-08-17,EA,172.12,144.54,new postings
2023-08-18,EA,170.43,141.09,new postings
2023-08-19,EA,169.13,138.38,new postings
2023-08-20,EA,167.37,135.72,new postings
2023-08-21,EA,165.13,133.16,new postings
2023-08-22,EA,162.83,131.1,new postings
2023-08-23,EA,164.05,134.07,new postings
2023-08-24,EA,165.21,137.54,new postings
2023-08-25,EA,166.82,141.36,new postings
2023-08-26,EA,168.7,145.74,new postings
2023-08-27,EA,170.56,150.16,new postings
2023-08-28,EA,172.72,154.62,new postings
2023-08-29,EA,174.37,158.38,new postings
2023-08-30,EA,174.79,160.25,new postings
2023-08-31,EA,175.01,161.71,new postings
2023-09-01,EA,175.22,163.46,new postings
2023-09-02,EA,175.3,165.31,new postings
2023-09-03,EA,175.44,167.16,new postings
2023-09-04,EA,175.34,168.76,new postings
2023-09-05,EA,174.91,170.06,new postings
2023-09-06,EA,175,171.87,new postings
2023-09-07,EA,175.51,174.11,new postings
2023-09-08,EA,176.02,175.98,new postings
2023-09-09,EA,176.05,176.84,new postings
2023-09-10,EA,176.36,177.77,new postings
2023-09-11,EA,177.04,178.8,new postings
2023-09-12,EA,178.14,180.02,new postings
2023-09-13,EA,178.51,180.25,new postings
2023-09-14,EA,178.36,179.68,new postings
2023-09-15,EA,178.32,179.17,new postings
2023-09-16,EA,178.57,178.99,new postings
2023-09-17,EA,178.95,178.68,new postings
2023-09-18,EA,179.6,178.69,new postings
2023-09-19,EA,179.56,177.9,new postings
2023-09-20,EA,179.94,177.55,new postings
2023-09-21,EA,180.63,177.64,new postings
2023-09-22,EA,181.03,177.5,new postings
2023-09-23,EA,181.27,177.19,new postings
2023-09-24,EA,181.13,176.88,new postings
2023-09-25,EA,181.14,176.55,new postings
2023-09-26,EA,181.48,176.73,new postings
2023-09-27,EA,181.09,176.23,new postings
2023-09-28,EA,180.48,175.46,new postings
2023-09-29,EA,179.51,174.3,new postings
2023-09-30,EA,178.79,173.4,new postings
2023-10-01,EA,177.99,172.37,new postings
2023-10-02,EA,176.82,171.3,new postings
2023-10-03,EA,175.85,170.37,new postings
2023-10-04,EA,174.89,169.23,new postings
2023-10-05,EA,173.06,166.97,new postings
2023-10-06,EA,171.54,165.17,new postings
2023-10-07,EA,169.77,163.29,new postings
2023-10-08,EA,168.45,161.7,new postings
2023-10-09,EA,167.02,159.78,new postings
2023-10-10,EA,166.62,159.05,new postings
2023-10-11,EA,167.51,160.37,new postings
2023-10-12,EA,169.4,163.04,new postings
2023-10-13,EA,171.22,165.53,new postings
2023-10-14,EA,173.12,168.06,new postings
2023-10-15,EA,174.87,170.37,new postings
2023-10-16,EA,176.38,172.61,new postings
2023-10-17,EA,176.35,173.23,new postings
2023-10-18,EA,175.84,172.79,new postings
2023-10-19,EA,175.9,172.7,new postings
2023-10-20,EA,176.08,172.76,new postings
2023-10-21,EA,175.92,172.43,new postings
2023-10-22,EA,176.37,172.44,new postings
2023-10-23,EA,176.98,172.46,new postings
2023-10-24,EA,178.3,173.2,new postings
2023-10-25,EA,179.43,173.59,new postings
2023-10-26,EA,179.6,173,new postings
2023-10-27,EA,179.82,172.27,new postings
2023-10-28,EA,180.79,172.07,new postings
2023-10-29,EA,181.08,171.5,new postings
2023-10-30,EA,181.85,171.22,new postings
2023-10-31,EA,181.73,169.92,new postings
2023-11-01,EA,181.53,168.02,new postings
2023-11-02,EA,180.09,164.58,new postings
2023-11-03,EA,178.21,161.02,new postings
2023-11-04,EA,175.05,156.36,new postings
2023-11-05,EA,171.95,151.96,new postings
2023-11-06,EA,168.26,147.57,new postings
2023-11-07,EA,165.48,144.35,new postings
2023-11-08,EA,162.89,142.38,new postings
2023-11-09,EA,163.39,144.83,new postings
2023-11-10,EA,163.75,147.39,new postings
2023-11-11,EA,165.58,151.23,new postings
2023-11-12,EA,167.71,154.75,new postings
2023-11-13,EA,170.44,158.4,new postings
2023-11-14,EA,172.61,161.46,new postings
2023-11-15,EA,174.77,163.98,new postings
2023-11-16,EA,175.19,164.07,new postings
2023-11-17,EA,175.88,164.24,new postings
2023-11-18,EA,176.03,164.1,new postings
2023-11-19,EA,175.17,164.01,new postings
2023-11-20,EA,174.08,163.81,new postings
2023-11-21,EA,172.88,163.44,new postings
2023-11-22,EA,171.55,162.86,new postings
2023-11-23,EA,170.87,162.57,new postings
2023-11-24,EA,170.18,162.28,new postings
2023-11-25,EA,169.56,161.75,new postings
2023-11-26,EA,169.81,161.53,new postings
2023-11-27,EA,169.99,161.34,new postings
2023-11-28,EA,170.3,161.35,new postings
2023-11-29,EA,170.58,161.24,new postings
2023-11-30,EA,170.49,160.91,new postings
2023-12-01,EA,169.99,160.38,new postings
2023-12-02,EA,169.41,160.06,new postings
2023-12-03,EA,168.24,159.38,new postings
2023-12-04,EA,166.83,158.41,new postings
2023-12-05,EA,165.92,157.87,new postings
2023-12-06,EA,165.21,157.71,new postings
2023-12-07,EA,164.68,157.67,new postings
2023-12-08,EA,164.54,157.57,new postings
2023-12-09,EA,164.13,156.9,new postings
2023-12-10,EA,164.13,156.4,new postings
2023-12-11,EA,164.37,156.03,new postings
2023-12-12,EA,163.99,154.9,new postings
2023-12-13,EA,163.8,153.83,new postings
2023-12-14,EA,163.54,152.67,new postings
2023-12-15,EA,163.59,151.84,new postings
2023-12-16,EA,164.15,151.68,new postings
2023-12-17,EA,164.39,151.42,new postings
2023-12-18,EA,164.56,151.34,new postings
2023-12-19,EA,164.87,151.36,new postings
2023-12-20,EA,165.31,151.82,new postings
2023-12-21,EA,165.96,152.51,new postings
2023-12-22,EA,166.74,153.61,new postings
2023-12-23,EA,167.6,154.71,new postings
2023-12-24,EA,169.36,155.84,new postings
2023-12-25,EA,173.22,157.23,new postings
2023-12-26,EA,174.88,155.17,new postings
2023-12-27,EA,173.66,149.1,new postings
2023-12-28,EA,171.24,141.11,new postings
2023-12-29,EA,167.12,130.64,new postings
2023-12-30,EA,161.83,117.68,new postings
2023-12-31,EA,157.33,104.71,new postings
2024-01-01,EA,150.86,91.61,new postings
2024-01-02,EA,145.28,82.2,new postings
2024-01-03,EA,144.07,79.11,new postings
2024-01-04,EA,144.82,79.58,new postings
2024-01-05,EA,148.02,84.13,new postings
2024-01-06,EA,153.35,92.82,new postings
2024-01-07,EA,156.29,101.75,new postings
2024-01-08,EA,157.77,110.7,new postings
2024-01-09,EA,163.19,123.44,new postings
2024-01-10,EA,166.53,134.01,new postings
2024-01-11,EA,168.57,142.95,new postings
2024-01-12,EA,169.64,150.11,new postings
2024-01-13,EA,169.92,155.88,new postings
2024-01-14,EA,170.89,161.51,new postings
2024-01-15,EA,173.11,166.76,new postings
2024-01-16,EA,172.91,168.2,new postings
2024-01-17,EA,173.24,169.16,new postings
2024-01-18,EA,173.37,169.75,new postings
2024-01-19,EA,173.11,169.76,new postings
2024-01-20,EA,172.52,169.26,new postings
2024-01-21,EA,172.21,168.73,new postings
2024-01-22,EA,171.91,168.27,new postings
2024-01-23,EA,171.58,167.81,new postings
2024-01-24,EA,170.78,167.11,new postings
2024-01-25,EA,170.72,166.59,new postings
2024-01-26,EA,170.71,165.99,new postings
2024-01-27,EA,171.11,165.98,new postings
2024-01-28,EA,171.33,165.78,new postings
2024-01-29,EA,171.47,165.77,new postings
2024-01-30,EA,171.43,165.49,new postings
2024-01-31,EA,171.26,165.2,new postings
2024-02-01,EA,170.82,164.99,new postings
2024-02-02,EA,170.87,165.59,new postings
2024-02-03,EA,170.72,166.27,new postings
2024-02-04,EA,170.96,167.54,new postings
2024-02-05,EA,171.37,168.6,new postings
2024-02-06,EA,172.15,170.15,new postings
2024-02-07,EA,172.97,171.73,new postings
2024-02-08,EA,173.63,173.36,new postings
2024-02-09,EA,174.06,173.94,new postings
2024-02-10,EA,174.23,173.89,new postings
2024-02-11,EA,174.02,173.24,new postings
2024-02-12,EA,174.08,172.85,new postings
2024-02-13,EA,172.97,171.28,new postings
2024-02-14,EA,172.47,170.36,new postings
2024-02-15,EA,172.8,169.95,new postings
2024-02-16,EA,173.53,170.55,new postings
2024-02-17,EA,174.58,171.35,new postings
2024-02-18,EA,175.58,172.34,new postings
2024-02-19,EA,176.14,172.97,new postings
2024-02-20,EA,178.16,175.06,new postings
2024-02-21,EA,179.78,176.69,new postings
2024-02-22,EA,180.63,177.66,new postings
2024-02-23,EA,180.25,177.39,new postings
2024-02-24,EA,179.5,176.66,new postings
2024-02-25,EA,178.83,175.77,new postings
2024-02-26,EA,178.77,175.19,new postings
2024-02-27,EA,176.96,172.8,new postings
2024-02-28,EA,175.13,170.34,new postings
2024-02-29,EA,173.07,167.59,new postings
2024-03-01,EA,172.71,166.58,new postings
2024-03-02,EA,172.03,165.57,new postings
2024-03-03,EA,171.16,164.65,new postings
2024-03-04,EA,170,163.81,new postings
2024-03-05,EA,170.61,164.86,new postings
2024-03-06,EA,170.96,166.02,new postings
2024-03-07,EA,172.32,168.42,new postings
2024-03-08,EA,173.34,170.4,new postings
2024-03-09,EA,174.66,172.27,new postings
2024-03-10,EA,175.99,174.23,new postings
2024-03-11,EA,177.07,176.08,new postings
2024-03-12,EA,177.68,177.35,new postings
2024-03-13,EA,178.79,178.59,new postings
2024-03-14,EA,179.1,178.5,new postings
2024-03-15,EA,178.13,177.14,new postings
2024-03-16,EA,176.69,175.68,new postings
2024-03-17,EA,175.73,174.35,new postings
2024-03-18,EA,175.09,173.17,new postings
2024-03-19,EA,174.17,171.99,new postings
2024-03-20,EA,172.88,170.56,new postings
2024-03-21,EA,171.72,169.52,new postings
2024-03-22,EA,171.57,169.53,new postings
2024-03-23,EA,171.65,169.46,new postings
2024-03-24,EA,171.43,169.16,new postings
2024-03-25,EA,170.91,168.66,new postings
2024-03-26,EA,170.35,168.16,new postings
2024-03-27,EA,169.8,167.7,new postings
2024-03-28,EA,169.05,167.45,new postings
2024-03-29,EA,168.48,167.39,new postings
2024-03-30,EA,166.7,165.69,new postings
2024-03-31,EA,164.32,163.84,new postings
2024-04-01,EA,162.7,162.28,new postings
2024-04-02,EA,158.65,156.64,new postings
2024-04-03,EA,154.49,151.25,new postings
2024-04-04,EA,150.39,146.12,new postings
2024-04-05,EA,145.42,140.52,new postings
2024-04-06,EA,143.95,138.33,new postings
2024-04-07,EA,143.31,136.53,new postings
2024-04-08,EA,142.67,134.53,new postings
2024-04-09,EA,147.27,140.49,new postings
2024-04-10,EA,152.98,146.63,new postings
2024-04-11,EA,158.82,152.52,new postings
2024-04-12,EA,164.83,158.44,new postings
2024-04-13,EA,168.15,162.63,new postings
2024-04-14,EA,171.15,166.61,new postings
2024-04-15,EA,174.13,170.5,new postings
2024-04-16,EA,174.64,170.56,new postings
2024-04-17,EA,174.51,170.35,new postings
2024-04-18,EA,173.93,169.86,new postings
2024-04-19,EA,173.62,169.32,new postings
2024-04-20,EA,173.72,168.6,new postings
2024-04-21,EA,174.16,167.96,new postings
2024-04-22,EA,173.42,167.44,new postings
2024-04-23,EA,173.35,166.72,new postings
2024-04-24,EA,172.49,165.54,new postings
2024-04-25,EA,172.48,164.81,new postings
2024-04-26,EA,171.73,164.05,new postings
2024-04-27,EA,170.86,163.4,new postings
2024-04-28,EA,170.23,162.72,new postings
2024-04-29,EA,169.69,161.71,new postings
2024-04-30,EA,167.95,160.58,new postings
2024-05-01,EA,167.3,160.32,new postings
2024-05-02,EA,164.34,156.54,new postings
2024-05-03,EA,162.41,153.17,new postings
2024-05-04,EA,160.76,150.01,new postings
2024-05-05,EA,158.61,146.93,new postings
2024-05-06,EA,157.08,144.22,new postings
2024-05-07,EA,156.07,142.1,new postings
2024-05-08,EA,154.78,139.63,new postings
2024-05-09,EA,155.88,142.02,new postings
2024-05-10,EA,153.84,141.52,new postings
2024-05-11,EA,149.51,139.37,new postings
2024-05-12,EA,144.88,137,new postings
2024-05-13,EA,140.16,134.32,new postings
2024-05-14,EA,136.12,131.56,new postings
2024-05-15,EA,132.33,128.7,new postings
2024-05-16,EA,128.58,124.97,new postings
2024-05-17,EA,130.1,126.87,new postings
2024-05-18,EA,134.7,131.73,new postings
2024-05-19,EA,140.41,136.82,new postings
2024-05-20,EA,146.8,142.34,new postings
2024-05-21,EA,149.16,144.71,new postings
2024-05-22,EA,150.81,147.17,new postings
2024-05-23,EA,152.14,148.94,new postings
2024-05-24,EA,151.27,147.81,new postings
2024-05-25,EA,149.71,145.08,new postings
2024-05-26,EA,146.88,142.21,new postings
2024-05-27,EA,143.69,139.18,new postings
2024-05-28,EA,146.21,141.75,new postings
2024-05-29,EA,149.2,144.29,new postings
2024-05-30,EA,153.03,146.76,new postings
2024-05-31,EA,156.41,148.45,new postings
2024-06-01,EA,159.55,149.94,new postings
2024-06-02,EA,163.05,151.47,new postings
2024-06-03,EA,165.51,153.08,new postings
2024-06-04,EA,164.95,151.96,new postings
2024-06-05,EA,164.26,150.97,new postings
2024-06-06,EA,161.23,149.86,new postings
2024-06-07,EA,159.08,150.19,new postings
2024-06-08,EA,157.13,151.25,new postings
2024-06-09,EA,155.74,152.26,new postings
2024-06-10,EA,155.43,153.05,new postings
2024-06-11,EA,156.03,153.97,new postings
2024-06-12,EA,156.15,154.34,new postings
2024-06-13,EA,157.39,154.6,new postings
2024-06-14,EA,157.11,154.17,new postings
2024-06-15,EA,156.47,153.1,new postings
2024-06-16,EA,155.06,152.18,new postings
2024-06-17,EA,153.6,151.51,new postings
2024-06-18,EA,151.55,150.84,new postings
2024-06-19,EA,149.64,150.22,new postings
2024-06-20,EA,148.38,149.94,new postings
2024-06-21,EA,148.46,149.84,new postings
2024-06-22,EA,148.57,149.84,new postings
2024-06-23,EA,149.28,149.75,new postings
2024-06-24,EA,149.75,149.45,new postings
2024-06-25,EA,150.43,148.93,new postings
2024-06-26,EA,151.53,149.11,new postings
2024-06-27,EA,152.24,149.31,new postings
2024-06-28,EA,152.34,149.17,new postings
2024-06-29,EA,152.09,148.57,new postings
2024-06-30,EA,151.54,148.02,new postings
2024-07-01,EA,150.86,147.58,new postings
2024-07-02,EA,150.61,147.91,new postings
2024-07-03,EA,150.38,148.25,new postings
2024-07-04,EA,149.99,148.44,new postings
2024-07-05,EA,150.05,149.17,new postings
2024-07-06,EA,150.56,150.52,new postings
2024-07-07,EA,150.86,151.83,new postings
2024-07-08,EA,151.26,152.93,new postings
2024-07-09,EA,151.01,153.03,new postings
2024-07-10,EA,150.06,152.38,new postings
2024-07-11,EA,149.45,151.85,new postings
2024-07-12,EA,148.27,150.36,new postings
2024-07-13,EA,147.36,149.06,new postings
2024-07-14,EA,146.73,147.76,new postings
2024-07-15,EA,147.07,146.67,new postings
2024-07-16,EA,147.47,145.62,new postings
2024-07-17,EA,148.41,144.92,new postings
2024-07-18,EA,149.25,144.23,new postings
2024-07-19,EA,150.86,144.43,new postings
2024-07-20,EA,151.9,143.88,new postings
2024-07-21,EA,152.97,143.45,new postings
2024-07-22,EA,152.36,142.92,new postings
2024-07-23,EA,152.14,142.9,new postings
2024-07-24,EA,151.65,142.72,new postings
2024-07-25,EA,150.44,141.73,new postings
2024-07-26,EA,148.33,139.94,new postings
2024-07-27,EA,146.47,138.5,new postings
2024-07-28,EA,144.75,137.03,new postings
2024-07-29,EA,143.78,135.59,new postings
2024-07-30,EA,142.51,133.8,new postings
2024-07-31,EA,141.47,132.39,new postings
2024-08-01,EA,141.23,132.11,new postings
2024-08-02,EA,142.13,133.43,new postings
2024-08-03,EA,142.97,134.78,new postings
2024-08-04,EA,143.75,136.05,new postings
2024-08-05,EA,144.45,137.38,new postings
2024-08-06,EA,145.39,138.74,new postings
2024-08-07,EA,145.36,138.91,new postings
2024-08-08,EA,145.06,138.22,new postings
2024-08-09,EA,143.41,135.04,new postings
2024-08-10,EA,142.02,131.78,new postings
2024-08-11,EA,140.69,128.54,new postings
2024-08-12,EA,139.79,125.38,new postings
2024-08-13,EA,138.92,122.25,new postings
2024-08-14,EA,139.02,119.91,new postings
2024-08-15,EA,139.31,117.82,new postings
2024-08-16,EA,139.78,115.91,new postings
2024-08-17,EA,139.35,113.18,new postings
2024-08-18,EA,138.56,110.4,new postings
2024-08-19,EA,137.27,107.76,new postings
2024-08-20,EA,136.15,105.7,new postings
2024-08-21,EA,135.44,104.53,new postings
2024-08-22,EA,134.58,103.86,new postings
2024-08-23,EA,134.86,105.98,new postings
2024-08-24,EA,136.2,109.77,new postings
2024-08-25,EA,137.66,113.73,new postings
2024-08-26,EA,139.23,117.82,new postings
2024-08-27,EA,141.12,122.23,new postings
2024-08-28,EA,142.15,125.77,new postings
2024-08-29,EA,143.66,129.51,new postings
2024-08-30,EA,144.53,131.86,new postings
2024-08-31,EA,145.74,134.38,new postings
2024-09-01,EA,146.73,136.97,new postings
2024-09-02,EA,147.3,139.2,new postings
2024-09-03,EA,147.13,140.7,new postings
2024-09-04,EA,147.58,142.82,new postings
2024-09-05,EA,147.75,144.65,new postings
2024-09-06,EA,147.98,146.5,new postings
2024-09-07,EA,147.07,147.38,new postings
2024-09-08,EA,147.08,148.82,new postings
2024-09-09,EA,147.61,150.08,new postings
2024-09-10,EA,148.29,151.2,new postings
2024-09-11,EA,148.38,151.65,new postings
2024-09-12,EA,148.46,151.97,new postings
2024-09-13,EA,148.62,152.11,new postings
2024-09-14,EA,149.23,152.3,new postings
2024-09-15,EA,148.59,151.17,new postings
2024-09-16,EA,147.77,149.99,new postings
2024-09-17,EA,147.24,148.92,new postings
2024-09-18,EA,147.12,148.21,new postings
2024-09-19,EA,146.48,146.78,new postings
2024-09-20,EA,145.7,145.2,new postings
2024-09-21,EA,144.98,143.9,new postings
2024-09-22,EA,144.74,143.13,new postings
2024-09-23,EA,144.69,142.55,new postings
2024-09-24,EA,144.19,141.9,new postings
2024-09-25,EA,143.33,140.81,new postings
2024-09-26,EA,142.93,140.37,new postings
2024-09-27,EA,142.58,139.99,new postings
2024-09-28,EA,141.71,139.01,new postings
2024-09-29,EA,140.92,138.05,new postings
2024-09-30,EA,140.07,137.06,new postings
2024-10-01,EA,139.38,136.16,new postings
2024-10-02,EA,138.87,135.68,new postings
2024-10-03,EA,138.95,135.7,new postings
2024-10-04,EA,138.29,134.76,new postings
2024-10-05,EA,138.16,133.99,new postings
2024-10-06,EA,137.92,133.22,new postings
2024-10-07,EA,137.54,132.54,new postings
2024-10-08,EA,137.49,132.09,new postings
2024-10-09,EA,137.3,131.32,new postings
2024-10-10,EA,136.24,129.86,new postings
2024-10-11,EA,136.2,130.3,new postings
2024-10-12,EA,135.8,130.92,new postings
2024-10-13,EA,135.52,131.63,new postings
2024-10-14,EA,135.37,132.28,new postings
2024-10-15,EA,134.95,132.56,new postings
2024-10-16,EA,134.44,132.88,new postings
2024-10-17,EA,135.17,134.31,new postings
2024-10-18,EA,134.65,133.83,new postings
2024-10-19,EA,134.39,133.4,new postings
2024-10-20,EA,134.18,132.97,new postings
2024-10-21,EA,133.93,132.57,new postings
2024-10-22,EA,134.03,132.27,new postings
2024-10-23,EA,134.49,132.16,new postings
2024-10-24,EA,134.14,131.32,new postings
2024-10-25,EA,134.85,131.42,new postings
2024-10-26,EA,135.68,131.51,new postings
2024-10-27,EA,136.64,131.5,new postings
2024-10-28,EA,137.77,131.55,new postings
2024-10-29,EA,138.54,131.51,new postings
2024-10-30,EA,138.97,130.95,new postings
2024-10-31,EA,139.08,129.86,new postings
2024-11-01,EA,139.71,128.71,new postings
2024-11-02,EA,138.53,125.42,new postings
2024-11-03,EA,136.97,122.09,new postings
2024-11-04,EA,135.17,118.77,new postings
2024-11-05,EA,133.62,115.8,new postings
2024-11-06,EA,132.31,113.5,new postings
2024-11-07,EA,131.02,111.58,new postings
2024-11-08,EA,129.07,110.13,new postings
2024-11-09,EA,129.94,112.94,new postings
2024-11-10,EA,130.68,115.84,new postings
2024-11-11,EA,131.66,118.8,new postings
2024-11-12,EA,131.53,120.21,new postings
2024-11-13,EA,131.42,121.42,new postings
2024-11-14,EA,131.48,122.61,new postings
2024-11-15,EA,131.91,123.58,new postings
2024-11-16,EA,131.55,122.94,new postings
2024-11-17,EA,131.22,122.26,new postings
2024-11-18,EA,130.82,121.62,new postings
2024-11-19,EA,132.05,123.46,new postings
2024-11-20,EA,133.21,125.31,new postings
2024-11-21,EA,134.13,126.91,new postings
2024-11-22,EA,134.87,128.27,new postings
2024-11-23,EA,134.77,128.53,new postings
2024-11-24,EA,134.58,128.69,new postings
2024-11-25,EA,134.28,128.54,new postings
2024-11-26,EA,133.72,127.67,new postings
2024-11-27,EA,133.04,126.74,new postings
2024-11-28,EA,132.38,125.88,new postings
2024-11-29,EA,132.18,125.37,new postings
2024-11-30,EA,132.36,125.37,new postings
2024-12-01,EA,132.5,125.45,new postings
2024-12-02,EA,132.63,125.74,new postings
2024-12-03,EA,132.07,125.53,new postings
2024-12-04,EA,131.64,125.39,new postings
2024-12-05,EA,131.51,125.48,new postings
2024-12-06,EA,130.88,125.21,new postings
2024-12-07,EA,130.37,125.03,new postings
2024-12-08,EA,130.31,124.87,new postings
2024-12-09,EA,130.32,124.62,new postings
2024-12-10,EA,130.5,124.25,new postings
2024-12-11,EA,130.51,123.65,new postings
2024-12-12,EA,130.36,122.82,new postings
2024-12-13,EA,130.29,122.04,new postings
2024-12-14,EA,130.13,121.05,new postings
2024-12-15,EA,130.08,120.13,new postings
2024-12-16,EA,130,119.38,new postings
2024-12-17,EA,129.82,118.85,new postings
2024-12-18,EA,129.82,118.58,new postings
2024-12-19,EA,130.16,118.58,new postings
2024-12-20,EA,130.58,118.95,new postings
2024-12-21,EA,131.49,119.82,new postings
2024-12-22,EA,131.97,120.63,new postings
2024-12-23,EA,132.51,121.4,new postings
2024-12-24,EA,132.94,121.25,new postings
2024-12-25,EA,132.9,119.04,new postings
2024-12-26,EA,130.92,113.69,new postings
2024-12-27,EA,127.5,105.7,new postings
2024-12-28,EA,122.1,95.06,new postings
2024-12-29,EA,118.06,84.54,new postings
2024-12-30,EA,114.98,74.24,new postings
2024-12-31,EA,113.6,64.59,new postings
2025-01-01,EA,113.95,57.53,new postings
2025-01-02,EA,114.92,53.6,new postings
2025-01-03,EA,118.02,54.05,new postings
2025-01-04,EA,123.3,57.81,new postings
2025-01-05,EA,126,61.28,new postings
2025-01-06,EA,126.18,64.68,new postings
2025-01-07,EA,124.73,69.23,new postings
2025-01-08,EA,123.64,75.96,new postings
2025-01-09,EA,125.42,85.81,new postings
2025-01-10,EA,126.85,94.84,new postings
2025-01-11,EA,128.19,103.96,new postings
2025-01-12,EA,130.55,113.21,new postings
2025-01-13,EA,134.43,122.23,new postings
2025-01-14,EA,138.9,130.99,new postings
2025-01-15,EA,141.45,136.77,new postings
2025-01-16,EA,142.19,139.18,new postings
2025-01-17,EA,142.28,140.07,new postings
2025-01-18,EA,141.36,139.74,new postings
2025-01-19,EA,140.86,139.5,new postings
2025-01-20,EA,140.54,139.15,new postings
2025-01-21,EA,139.94,138.27,new postings
2025-01-22,EA,139.79,137.87,new postings
2025-01-23,EA,139.61,137.49,new postings
2025-01-24,EA,139.44,137.32,new postings
2025-01-25,EA,139.9,137.37,new postings
2025-01-26,EA,140.41,137.31,new postings
2025-01-27,EA,140.7,137.35,new postings
2025-01-28,EA,143.19,139.44,new postings
2025-01-29,EA,142.89,139.08,new postings
2025-01-30,EA,143.21,139.26,new postings
2025-01-31,EA,143.43,139.38,new postings
2025-02-01,EA,143.47,139.6,new postings
2025-02-02,EA,143.32,139.94,new postings
2025-02-03,EA,142.83,140.2,new postings
2025-02-04,EA,139.82,138.23,new postings
2025-02-05,EA,139.6,138.57,new postings
2025-02-06,EA,138.27,137.92,new postings
2025-02-07,EA,137.29,137.64,new postings
2025-02-08,EA,135.94,137.26,new postings
2025-02-09,EA,135.17,136.74,new postings
2025-02-10,EA,134.85,136.2,new postings
2025-02-11,EA,135.01,135.98,new postings
2025-02-12,EA,134.66,135.31,new postings
2025-02-13,EA,134.74,135.08,new postings
2025-02-14,EA,134.69,134.75,new postings
2025-02-15,EA,134.67,134.05,new postings
2025-02-16,EA,134.28,133.53,new postings
2025-02-17,EA,133.98,133.14,new postings
2025-02-18,EA,133.21,132.41,new postings
2025-02-19,EA,132.81,132.09,new postings
2025-02-20,EA,132.52,131.83,new postings
2025-02-21,EA,132.36,131.72,new postings
2025-02-22,EA,132.24,131.77,new postings
2025-02-23,EA,132.11,131.73,new postings
2025-02-24,EA,132.05,131.66,new postings
2025-02-25,EA,132.18,131.68,new postings
2025-02-26,EA,132.44,131.53,new postings
2025-02-27,EA,132.76,131.27,new postings
2025-02-28,EA,132.81,130.67,new postings
2025-03-01,EA,133.08,130.2,new postings
2025-03-02,EA,133.31,129.84,new postings
2025-03-03,EA,133.2,129.45,new postings
2025-03-04,EA,132.93,129.02,new postings
2025-03-05,EA,131.69,127.9,new postings
2025-03-06,EA,131.01,127.86,new postings
2025-03-07,EA,130.41,128.23,new postings
2025-03-08,EA,129.97,128.77,new postings
2025-03-09,EA,129.65,129.16,new postings
2025-03-10,EA,129.4,129.62,new postings
2025-03-11,EA,129.48,130.56,new postings
2025-03-12,EA,130.7,132.55,new postings
2025-03-13,EA,131.38,133.64,new postings
2025-03-14,EA,132.47,134.49,new postings
2025-03-15,EA,133.54,135.15,new postings
2025-03-16,EA,134.46,135.91,new postings
2025-03-17,EA,135.6,136.69,new postings
2025-03-18,EA,136.63,137.1,new postings
2025-03-19,EA,137.24,137.29,new postings
2025-03-20,EA,137.53,137.23,new postings
2025-03-21,EA,137.2,136.89,new postings
2025-03-22,EA,136.46,136.29,new postings
2025-03-23,EA,135.84,135.55,new postings
2025-03-24,EA,135.11,134.75,new postings
2025-03-25,EA,136.69,136.39,new postings
2025-03-26,EA,138.25,138.06,new postings
2025-03-27,EA,140.18,140.07,new postings
2025-03-28,EA,142.48,142.34,new postings
2025-03-29,EA,145.27,144.8,new postings
2025-03-30,EA,148.2,147.34,new postings
2025-03-31,EA,151.09,149.79,new postings
2025-04-01,EA,149.32,147.33,new postings
2025-04-02,EA,148.03,145.15,new postings
2025-04-03,EA,147.03,143.25,new postings
2025-04-04,EA,146.33,141.76,new postings
2025-04-05,EA,145.26,140.45,new postings
2025-04-06,EA,144.52,139.05,new postings
2025-04-07,EA,143.85,137.75,new postings
2025-04-08,EA,146.08,138.99,new postings
2025-04-09,EA,146,139.56,new postings
2025-04-10,EA,145.6,139.29,new postings
2025-04-11,EA,144.43,138.46,new postings
2025-04-12,EA,143.15,137.57,new postings
2025-04-13,EA,140.99,136.79,new postings
2025-04-14,EA,138.86,136.04,new postings
2025-04-15,EA,136.42,134.91,new postings
2025-04-16,EA,135.84,133.87,new postings
2025-04-17,EA,134.86,133.32,new postings
2025-04-18,EA,133.54,132.82,new postings
2025-04-19,EA,131.22,130.58,new postings
2025-04-20,EA,129.03,128.23,new postings
2025-04-21,EA,127.17,126.01,new postings
2025-04-22,EA,122.69,120.87,new postings
2025-04-23,EA,118.67,115.76,new postings
2025-04-24,EA,113.93,110.39,new postings
2025-04-25,EA,109.71,105.09,new postings
2025-04-26,EA,107.17,102.49,new postings
2025-04-27,EA,104.86,99.93,new postings
2025-04-28,EA,102.87,97.42,new postings
2025-04-29,EA,105.85,100.87,new postings
2025-04-30,EA,108.66,104.77,new postings
2025-05-01,EA,112.99,109.31,new postings
2025-05-02,EA,116.7,111.72,new postings
2025-05-03,EA,119.4,112.48,new postings
2025-05-04,EA,122.08,113.29,new postings
2025-05-05,EA,124.02,113.99,new postings
2025-05-06,EA,123.3,111.83,new postings
2025-05-07,EA,122.4,109.59,new postings
2025-05-08,EA,121.08,106.94,new postings
2025-05-09,EA,120.34,107.59,new postings
2025-05-10,EA,120.78,109.47,new postings
2025-05-11,EA,120.6,111.25,new postings
2025-05-12,EA,120.36,113,new postings
2025-05-13,EA,120.33,114.94,new postings
2025-05-14,EA,120.99,116.79,new postings
2025-05-15,EA,121.93,118.59,new postings
2025-05-16,EA,124.03,120.47,new postings
2025-05-17,EA,125.05,122.03,new postings
2025-05-18,EA,126.38,123.83,new postings
2025-05-19,EA,128.46,125.53,new postings
2025-05-20,EA,130.82,127.2,new postings
2025-05-21,EA,132.36,128.75,new postings
2025-05-22,EA,133.1,130.29,new postings
2025-05-23,EA,132.96,130.65,new postings
2025-05-24,EA,133.15,130.5,new postings
2025-05-25,EA,134,130.21,new postings
2025-05-26,EA,133.85,129.95,new postings
2025-05-27,EA,133.2,129.39,new postings
2025-05-28,EA,132.32,128.8,new postings
2025-05-29,EA,132.16,128.45,new postings
2025-05-30,EA,130.56,125.84,new postings
2025-05-31,EA,128.88,122.71,new postings
2025-06-01,EA,127.09,119.57,new postings
2025-06-02,EA,125.8,116.6,new postings
2025-06-03,EA,123.77,113.84,new postings
2025-06-04,EA,121.57,111,new postings
2025-06-05,EA,118.71,107.76,new postings
2025-06-06,EA,118.15,108.78,new postings
2025-06-07,EA,119.29,112.12,new postings
2025-06-08,EA,120.1,115.56,new postings
2025-06-09,EA,121.14,118.79,new postings
2025-06-10,EA,121.28,120.05,new postings
2025-06-11,EA,121.7,120.92,new postings
2025-06-12,EA,122.47,122.07,new postings
2025-06-13,EA,122.4,121.33,new postings
2025-06-14,EA,119.74,118.8,new postings
2025-06-15,EA,117.27,116.15,new postings
2025-06-16,EA,114.28,113.59,new postings
2025-06-17,EA,115.29,115.29,new postings
2025-06-18,EA,116.63,117.73,new postings
2025-06-19,EA,117.7,119.86,new postings
2025-06-20,EA,118.08,121.04,new postings
2025-06-21,EA,119.34,122.08,new postings
2025-06-22,EA,120.53,123.12,new postings
2025-06-23,EA,122.25,124.14,new postings
2025-06-24,EA,121.44,122.68,new postings
2025-06-25,EA,120.52,120.86,new postings
2025-06-26,EA,119.62,119.29,new postings
2025-06-27,EA,119.9,119.21,new postings
2025-06-28,EA,120.34,119.45,new postings
2025-06-29,EA,121.03,119.79,new postings
2025-06-30,EA,121.19,119.94,new postings
2025-07-01,EA,121.52,120.42,new postings
2025-07-02,EA,122.21,121.45,new postings
2025-07-03,EA,123.1,122.67,new postings
2025-07-04,EA,123.39,123.33,new postings
2025-07-05,EA,123.73,124.16,new postings
2025-07-06,EA,123.79,124.91,new postings
2025-07-07,EA,124,125.87,new postings
2025-07-08,EA,124.07,126.51,new postings
2025-07-09,EA,123.61,126.49,new postings
2025-07-10,EA,122.92,126.15,new postings
2025-07-11,EA,122.26,125.59,new postings
2025-07-12,EA,121.7,124.8,new postings
2025-07-13,EA,121.19,124.04,new postings
2025-07-14,EA,120.89,123.24,new postings
2025-07-15,EA,120.37,121.48,new postings
2025-07-16,EA,120.42,120.08,new postings
2025-07-17,EA,120.88,118.94,new postings
2025-07-18,EA,121.48,118.03,new postings
2025-07-19,EA,121.68,116.81,new postings
2025-07-20,EA,122.08,115.62,new postings
2025-07-21,EA,122.37,114.52,new postings
2025-07-22,EA,123.37,115.49,new postings
2025-07-23,EA,123.86,116.21,new postings
2025-07-24,EA,124.33,116.98,new postings
2025-07-25,EA,124.64,117.58,new postings
2025-07-26,EA,125.05,118.33,new postings
2025-07-27,EA,125.36,119.03,new postings
2025-07-28,EA,125.65,119.51,new postings
2025-07-29,EA,125.5,118.92,new postings
2025-07-30,EA,125.65,118.53,new postings
2025-07-31,EA,125.22,117.69,new postings
2025-08-01,EA,124.75,117.1,new postings
2025-08-02,EA,125.34,118.01,new postings
2025-08-03,EA,125.79,118.83,new postings
2025-08-04,EA,126.37,119.74,new postings
2025-08-05,EA,126.77,120.61,new postings
2025-08-06,EA,127,121.12,new postings
2025-08-07,EA,127.35,121.5,new postings
2025-08-08,EA,127.58,121.2,new postings
2025-08-09,EA,126,118.05,new postings
2025-08-10,EA,124.78,115.01,new postings
2025-08-11,EA,123.64,112.06,new postings
2025-08-12,EA,123.04,109.27,new postings
2025-08-13,EA,122.47,106.52,new postings
2025-08-14,EA,122.02,103.8,new postings
2025-08-15,EA,121.9,101.45,new postings
2025-08-16,EA,122.3,99.32,new postings
2025-08-17,EA,122.45,97.1,new postings
2025-08-18,EA,122.11,94.86,new postings
2025-08-19,EA,121.82,93.11,new postings
2025-08-20,EA,121.71,91.97,new postings
2025-08-21,EA,121.61,91.36,new postings
2025-08-22,EA,121.68,91.56,new postings
2025-08-23,EA,122.51,94.38,new postings
2025-08-24,EA,122.88,97.35,new postings
2025-08-25,EA,123.31,100.34,new postings
2025-08-26,EA,123.2,102.97,new postings
2025-08-27,EA,123.19,105.7,new postings
2025-08-28,EA,123.53,108.62,new postings
2025-08-29,EA,123.41,110.89,new postings
2025-08-30,EA,123.14,112.29,new postings
2025-08-31,EA,123.11,113.63,new postings
2025-09-01,EA,123.11,115.1,new postings
2025-09-02,EA,123.9,117.38,new postings
2025-09-03,EA,124.49,119.47,new postings
2025-09-04,EA,124.79,121.29,new postings
2025-09-05,EA,125.4,123.34,new postings
2025-09-06,EA,125.85,125.27,new postings
2025-09-07,EA,126.08,127.08,new postings
2025-09-08,EA,126.36,128.59,new postings
2025-09-09,EA,125.26,128.35,new postings
2025-09-10,EA,124.2,127.87,new postings
2025-09-11,EA,123.07,127.2,new postings
2025-09-12,EA,121.71,126.25,new postings
2025-09-13,EA,120.27,125.01,new postings
2025-09-14,EA,119.34,123.87,new postings
2025-09-15,EA,118.57,122.76,new postings
2025-09-16,EA,118.91,122.65,new postings
2025-09-17,EA,119.34,122.52,new postings
2025-09-18,EA,119.62,122.16,new postings
2025-09-19,EA,120.09,121.77,new postings
2025-09-20,EA,120.59,121.36,new postings
2025-09-21,EA,120.76,120.89,new postings
2025-09-22,EA,120.91,120.51,new postings
2025-09-23,EA,120.75,119.87,new postings
2025-09-24,EA,120.01,119,new postings
2025-09-25,EA,119.5,118.36,new postings
2025-09-26,EA,118.84,117.76,new postings
2025-09-27,EA,118.27,117.23,new postings
2025-09-28,EA,117.9,116.75,new postings
2025-09-29,EA,117.57,116.27,new postings
2025-09-30,EA,117.56,116.11,new postings
2025-10-01,EA,118.23,116.48,new postings
2025-10-02,EA,119.1,117.16,new postings
2025-10-03,EA,120.33,118.1,new postings
2025-10-04,EA,121.11,118.39,new postings
2025-10-05,EA,122.23,118.66,new postings
2025-10-06,EA,123.28,119,new postings
2025-10-07,EA,123.8,118.98,new postings
2025-10-08,EA,124.05,118.69,new postings
2025-10-09,EA,123.7,117.82,new postings
2025-10-10,EA,123.5,117.23,new postings
2025-10-11,EA,123.74,117.96,new postings
2025-10-12,EA,123.49,118.77,new postings
2025-10-13,EA,123.23,119.55,new postings
2025-10-14,EA,123.24,120.46,new postings
2025-10-15,EA,123.4,121.42,new postings
2025-10-16,EA,123.96,122.75,new postings
2025-10-17,EA,123.43,122.99,new postings
2025-10-18,EA,122.51,122.17,new postings
2025-10-19,EA,121.71,121.24,new postings
2025-10-20,EA,120.85,120.2,new postings
2025-10-21,EA,119.75,118.88,new postings
2025-10-22,EA,118.74,117.53,new postings
2025-10-23,EA,117.72,116.06,new postings
2025-10-24,EA,117.13,115.01,new postings
2025-10-25,EA,116.83,114.24,new postings
2025-10-26,EA,116.74,113.57,new postings
2025-10-27,EA,117,113.03,new postings
2025-10-28,EA,117.39,112.55,new postings
2025-10-29,EA,117.49,111.94,new postings
2025-10-30,EA,117.67,111.19,new postings
2025-10-31,EA,118.01,110.32,new postings
2025-11-01,EA,117.41,107.94,new postings
2025-11-02,EA,118.98,107.19,new postings
2025-11-03,EA,120.11,106.42,new postings
2025-11-04,EA,121.49,106.01,new postings
2025-11-05,EA,122.96,105.81,new postings
2025-11-06,EA,124.33,105.94,new postings
2025-11-07,EA,125.76,106.51,new postings
2025-11-08,EA,127.85,108.77,new postings
2025-11-09,EA,126.28,109.26,new postings
2025-11-10,EA,124.77,109.87,new postings
2025-11-11,EA,122.96,110.19,new postings
2025-11-12,EA,120.65,109.64,new postings
2025-11-13,EA,118.5,109.04,new postings
2025-11-14,EA,116.39,108.34,new postings
2025-11-15,EA,114.69,107.46,new postings
2025-11-16,EA,113.97,106.53,new postings
2025-11-17,EA,113.42,105.75,new postings
2025-11-18,EA,113.26,105.39,new postings
2025-11-19,EA,113.61,106.3,new postings
2025-11-20,EA,114.1,107.4,new postings
2025-11-21,EA,114.55,108.44,new postings
2025-11-22,EA,114.65,109.18,new postings
2025-11-23,EA,115.13,109.98,new postings
2025-11-24,EA,115.52,110.63,new postings
2025-11-25,EA,115.72,111.01,new postings
2025-11-26,EA,115.83,110.87,new postings
2025-11-27,EA,115.25,110.11,new postings
2025-11-28,EA,114.51,109.23,new postings
2025-11-29,EA,113.99,108.46,new postings
2025-11-30,EA,113.36,107.73,new postings
2025-12-01,EA,112.67,107.02,new postings
2025-12-02,EA,112.06,106.48,new postings
2025-12-03,EA,111.6,106.22,new postings
2025-12-04,EA,111.72,106.46,new postings
2025-12-05,EA,112.06,106.86,new postings
2025-12-06,EA,112.51,107.46,new postings
2025-12-07,EA,113.01,108.07,new postings
2025-12-08,EA,113.81,108.68,new postings
2025-12-09,EA,114.07,108.72,new postings
2025-12-10,EA,114.22,108.41,new postings
2025-12-11,EA,114.24,107.92,new postings
2025-12-12,EA,114.31,107.44,new postings
2025-12-13,EA,114.55,107.07,new postings
2025-12-14,EA,114.83,106.64,new postings
2025-12-15,EA,115.06,106.23,new postings
2025-12-16,EA,115.91,106.46,new postings
2025-12-17,EA,116.85,107.04,new postings
2025-12-18,EA,117.7,107.62,new postings
2025-12-19,EA,118.77,108.38,new postings
2025-12-20,EA,119.5,109.02,new postings
2025-12-21,EA,120.11,109.67,new postings
2025-12-22,EA,120.55,110.38,new postings
2025-12-23,EA,120.44,110.5,new postings
2025-12-24,EA,120.03,109.55,new postings
2025-12-25,EA,119.17,106.71,new postings
2025-12-26,EA,116.37,100.8,new postings
2025-12-27,EA,112.28,92.29,new postings
2025-12-28,EA,109.19,83.83,new postings
2025-12-29,EA,106.01,75.38,new postings
2025-12-30,EA,103.27,66.42,new postings
2025-12-31,EA,101.15,57.44,new postings
2026-01-01,EA,97.44,50.38,new postings
2026-01-02,EA,94.83,46.39,new postings
2026-01-03,EA,92.61,45.75,new postings
2026-01-04,EA,88.79,45.18,new postings
2026-01-05,EA,85.45,44.75,new postings
2026-01-06,EA,83.41,46.83,new postings
2026-01-07,EA,81.91,51.03,new postings
2026-01-08,EA,84.12,57.43,new postings
2026-01-09,EA,88.71,66.55,new postings
2026-01-10,EA,94.64,76.47,new postings
2026-01-11,EA,100.97,86.25,new postings
2026-01-12,EA,107.71,95.92,new postings
2026-01-13,EA,112.85,103.91,new postings
2026-01-14,EA,117.6,111.32,new postings
2026-01-15,EA,120.62,116.5,new postings
2026-01-16,EA,121.5,118.59,new postings
2026-01-17,EA,121.37,118.98,new postings
2026-01-18,EA,121.42,119.42,new postings
2026-01-19,EA,121.48,119.66,new postings
2026-01-20,EA,121.59,119.8,new postings
2026-01-21,EA,121.16,119.2,new postings
2026-01-22,EA,120.92,118.79,new postings
2026-01-23,EA,121.05,118.77,new postings
2026-01-24,EA,121.1,118.85,new postings
2026-01-25,EA,121.58,118.96,new postings
2026-01-26,EA,122.24,119.13,new postings
2026-01-27,EA,122.77,119.37,new postings
2026-01-28,EA,123.21,119.49,new postings
2026-01-29,EA,123.21,119.39,new postings
2026-01-30,EA,122.65,118.71,new postings
2026-01-31,EA,122.28,118.25,new postings
2026-02-01,EA,121.68,117.81,new postings
2026-02-02,EA,120.87,117.42,new postings
2026-02-03,EA,119.94,117.09,new postings
2026-02-04,EA,119.25,117.16,new postings
2026-02-05,EA,119.15,117.54,new postings
2026-02-06,EA,119.58,118.53,new postings
2026-02-07,EA,119.84,119.37,new postings
2026-02-08,EA,119.88,120.13,new postings
2026-02-09,EA,120.39,120.79,new postings
2026-02-10,EA,121.4,121.69,new postings
2026-02-11,EA,122.25,122.21,new postings
2026-02-12,EA,122.76,122.41,new postings
2026-02-13,EA,122.96,122.28,new postings
2026-02-14,EA,122.76,121.81,new postings
2026-02-15,EA,122.87,121.4,new postings
2026-02-16,EA,122.61,121.04,new postings
2026-02-17,EA,121.76,120.07,new postings
2026-02-18,EA,120.72,119.09,new postings
2026-02-19,EA,119.76,118.22,new postings
2026-02-20,EA,118.79,117.33,new postings
2026-02-21,EA,117.98,116.57,new postings
2026-02-22,EA,116.98,115.69,new postings
2026-02-23,EA,116.02,114.8,new postings
2026-02-24,EA,115.57,114.35,new postings
2026-02-25,EA,115.39,114.02,new postings
2026-02-26,EA,115.27,113.54,new postings
2026-02-27,EA,115.35,113.14,new postings
2026-02-28,EA,115.66,112.93,new postings
2026-03-01,EA,116.2,112.93,new postings
2026-03-02,EA,116.84,113.01,new postings
2026-03-03,EA,117.53,113.48,new postings
2026-03-04,EA,118.24,114.29,new postings
2026-03-05,EA,119.62,115.82,new postings
2026-03-06,EA,120.76,117.49,new postings
2026-03-07,EA,121.8,119.32,new postings
2026-03-08,EA,122.71,120.97,new postings
2026-03-09,EA,123.72,122.44,new postings
2026-03-10,EA,124.19,123.46,new postings
2026-03-11,EA,123.61,123.49,new postings
2026-03-12,EA,122.04,122.45,new postings
2026-03-13,EA,120.8,121.35,new postings
2026-03-14,EA,119.65,119.92,new postings
2026-03-15,EA,118.56,118.53,new postings
2026-03-16,EA,117.39,117.29,new postings
2026-03-17,EA,116.37,115.96,new postings
2026-03-18,EA,116.14,115.31,new postings
2026-03-19,EA,116.06,115,new postings
2026-03-20,EA,115.78,114.56,new postings
2026-03-21,EA,115.1,113.94,new postings
2026-03-22,EA,114.35,113.3,new postings
2026-03-23,EA,113.78,112.65,new postings
2026-03-24,EA,113.18,112.01,new postings
2026-03-25,EA,112.51,111.36,new postings
2026-03-26,EA,111.92,110.8,new postings
2026-03-27,EA,111.37,110.27,new postings
2026-03-28,EA,111.22,110.2,new postings
2026-03-29,EA,111.27,110.24,new postings
2026-03-30,EA,111.48,110.32,new postings
2026-03-31,EA,111.41,110.18,new postings
2026-04-01,EA,111.32,109.8,new postings
2026-04-02,EA,112.6,110.21,new postings
2026-04-03,EA,114.22,111.04,new postings
2026-04-04,EA,114.66,110.86,new postings
2026-04-05,EA,114.58,110.53,new postings
2026-04-06,EA,114.36,109.96,new postings
2026-04-07,EA,111.82,107.14,new postings
2026-04-08,EA,110.09,104.88,new postings
2026-04-09,EA,105.91,101.61,new postings
2026-04-10,EA,101.47,97.68,new postings
2026-04-11,EA,99.25,95.5,new postings
2026-04-12,EA,97.17,93.49,new postings
2026-04-13,EA,94.69,91.75,new postings
2026-04-14,EA,97.01,94.72,new postings
2026-04-15,EA,98.85,97.16,new postings
2026-04-16,EA,101.92,99.76,new postings
2026-04-17,EA,104.72,102.43,new postings
2026-04-18,EA,105.88,104.01,new postings
2026-04-19,EA,107.45,105.55,new postings
2026-04-20,EA,109.27,106.95,new postings
2026-04-21,EA,109.53,106.63,new postings
2026-04-22,EA,109.69,106.6,new postings
2026-04-23,EA,110.47,106.65,new postings
2026-04-24,EA,111.21,106.96,new postings
2026-04-25,EA,112.25,107.3,new postings
2026-04-26,EA,112.62,107.59,new postings
2026-04-27,EA,112.88,107.78,new postings
2026-04-28,EA,112.49,107.18,new postings
2026-04-29,EA,111.63,106.33,new postings
2026-04-30,EA,110.25,105.64,new postings
2026-05-01,EA,109.5,105.2,new postings
2026-05-02,EA,108.15,103.16,new postings
2026-05-03,EA,107.26,101.13,new postings
2026-05-04,EA,106.4,99.18,new postings
2026-05-05,EA,106.49,98.45,new postings
2026-05-06,EA,107.38,98.3,new postings
2026-05-07,EA,108.37,98.28,new postings
2026-05-08,EA,109.16,98.05,new postings
2026-05-09,EA,111.07,100.87,new postings
2026-05-10,EA,112.85,103.67,new postings
2026-05-11,EA,114.27,106.43,new postings
2026-05-12,EA,114.83,108.49,new postings
2026-05-13,EA,114.8,109.99,new postings
2026-05-14,EA,115.17,111.27,new postings
2026-05-15,EA,113.48,110.29,new postings
2026-05-16,EA,110.85,107.62,new postings
2026-05-17,EA,107.75,104.91,new postings
2026-05-18,EA,104.65,102.18,new postings
2026-05-19,EA,101.73,99.03,new postings
2026-05-20,EA,99.31,96.17,new postings
2026-05-21,EA,95.93,92.97,new postings
2026-05-22,EA,96.04,93.73,new postings
2026-05-23,EA,97.63,95.67,new postings
2026-05-24,EA,99.85,97.67,new postings
2026-05-25,EA,102.65,99.59,new postings
2026-05-26,EA,102.85,99.69,new postings
2026-05-27,EA,102.46,99.34,new postings
2026-05-28,EA,102.18,99.18,new postings
2026-05-29,EA,100.45,97.26,new postings
2026-05-30,EA,98.8,94.86,new postings
2026-05-31,EA,97.47,92.47,new postings
2026-06-01,EA,96.21,90.31,new postings
2026-06-02,EA,100.08,92.65,new postings
2026-06-03,EA,103.78,95.57,new postings
2026-06-04,EA,107.7,98.87,new postings
2026-06-05,EA,111.05,101.85,new postings
2026-06-06,EA,112.99,104.96,new postings
2026-06-07,EA,114.48,108.04,new postings
2026-06-08,EA,115.26,110.69,new postings
2026-06-09,EA,113.45,110.71,new postings
2026-06-10,EA,112.35,110.58,new postings
2026-06-11,EA,111.59,110.17,new postings
2026-06-12,EA,111.51,110.32,new postings
2026-06-13,EA,112.16,110.29,new postings
2026-06-14,EA,112.11,110.22,new postings
2026-06-15,EA,113.01,110.87,new postings
2026-06-16,EA,113.45,111.66,new postings
2026-06-17,EA,113.51,112.24,new postings
2026-06-18,EA,112.81,112.5,new postings
2026-06-19,EA,111.87,112.45,new postings
2026-06-20,EA,110.81,112.09,new postings
2026-06-21,EA,110.63,111.74,new postings
2026-06-22,EA,109.75,110.77,new postings
2026-06-23,EA,109.15,109.6,new postings
2026-06-24,EA,108.45,108.37,new postings
2026-06-25,EA,108.34,107.46,new postings
2026-06-26,EA,107.93,106.43,new postings
2026-06-27,EA,107.41,105.57,new postings
2026-06-28,EA,106.81,104.81,new postings
2026-06-29,EA,106.28,104.06,new postings
2026-06-30,EA,105.9,103.68,new postings
2026-07-01,EA,105.84,103.77,new postings
2026-07-02,EA,106.22,104.51,new postings
2026-07-03,EA,106.94,105.57,new postings
2026-07-04,EA,108.27,107.29,new postings
2026-07-05,EA,109.35,108.84,new postings
2026-07-06,EA,110.31,110.36,new postings
2026-07-07,EA,111.44,112.15,new postings
2026-07-08,EA,112.33,113.53,new postings
2026-07-09,EA,112.37,113.88,new postings
2026-07-10,EA,112.3,114.09,new postings
2026-07-11,EA,112.09,113.94,new postings
2026-07-12,EA,112.27,113.89,new postings
2026-07-13,EA,112.42,113.76,new postings
2026-07-14,EA,112.08,112.97,new postings
2026-07-15,EA,111.39,111.28,new postings
2026-07-16,EA,111.01,109.82,new postings
2026-07-17,EA,110.48,108.08,new postings
2026-07-18,EA,109.49,105.98,new postings
2026-07-19,EA,108.43,103.9,new postings
2026-07-20,EA,107.7,102.09,new postings
2026-07-21,EA,107.41,100.76,new postings
2026-07-22,EA,107.76,101.11,new postings
2026-07-23,EA,107.86,101.37,new postings
2026-07-24,EA,107.92,101.64,new postings
2026-07-25,EA,108.17,102.03,new postings
2026-07-26,EA,108.32,102.35,new postings
2026-07-27,EA,108.13,102.4,new postings
2026-07-28,EA,107.68,102.08,new postings
2026-07-29,EA,106.82,100.9,new postings
2026-07-30,EA,106.21,99.9,new postings
2026-07-31,EA,105.84,99.24,new postings
2026-08-01,EA,105.8,99.14,new postings
2026-08-02,EA,105.56,99.22,new postings
2026-08-03,EA,105.48,99.47,new postings
2026-08-04,EA,106.29,100.58,new postings
2026-08-05,EA,107.14,101.83,new postings
2026-08-06,EA,107.88,102.84,new postings
2026-08-07,EA,108.49,103.53,new postings
2026-08-08,EA,108.7,103.4,new postings
2026-08-09,EA,109.67,103.03,new postings
2026-08-10,EA,110.79,102.63,new postings
2026-08-11,EA,110.02,100.5,new postings
2026-08-12,EA,109.49,98.29,new postings
2026-08-13,EA,108.99,96.1,new postings
2026-08-14,EA,108.58,93.96,new postings
2026-08-15,EA,107.98,91.73,new postings
2026-08-16,EA,107.62,89.49,new postings
2026-08-17,EA,107.27,87.3,new postings
2026-08-18,EA,108.37,86.58,new postings
2026-08-19,EA,109.29,86.09,new postings
2026-08-20,EA,110.43,86.12,new postings
2026-08-21,EA,111.56,86.59,new postings
2026-08-22,EA,112.81,87.64,new postings
2026-08-23,EA,112.34,88.82,new postings
2026-08-24,EA,111.24,89.93,new postings
2026-08-25,EA,109.91,90.89,new postings
2026-08-26,EA,108.76,92.06,new postings
2026-08-27,EA,107.59,93.23,new postings
2026-08-28,EA,106.22,94.05,new postings
2026-08-29,EA,105.37,95.16,new postings
2026-08-30,EA,105.36,96.31,new postings
2026-08-31,EA,105.42,97.34,new postings
2026-09-01,EA,105.69,98.72,new postings
2026-09-02,EA,106.23,100.44,new postings
2026-09-03,EA,107.03,102.42,new postings
2026-09-04,EA,108.3,104.87,new postings
2026-09-05,EA,109.56,107.34,new postings
2026-09-06,EA,110.73,109.7,new postings
2026-09-07,EA,111.93,112.1,new postings
2026-09-08,EA,112.66,113.8,new postings
2026-09-09,EA,112.58,114.33,new postings
2026-09-10,EA,111.89,114.05,new postings
2026-09-11,EA,110.8,113.25,new postings
2026-09-12,EA,109.41,112.04,new postings
2026-09-13,EA,108.2,110.84,new postings
2026-09-14,EA,107.27,109.65,new postings
2026-09-15,EA,106.53,108.6,new postings
2026-09-16,EA,106.19,107.95,new postings
2026-09-17,EA,106.2,107.53,new postings
2026-09-18,EA,106.18,107.05,new postings
